0,1,2,3,4,5,6,7,8,9,10,11,12,13,14,15,16,17,18,19,20,21,22,23,24
120.0,120.0,120.0,120.0,120.0,120.0,120.0,120.0,120.0,120.0,105.33447276163923,105.33452688419888,105.33457314245611,105.33461052707959,105.33464389305045,105.33467833940753,105.33470342625314,105.33472046819381,105.3347483560819,105.33474588092048,105.33468853950102,105.33441314880416,105.33429129143138,105.33395768583381,105.3331165344518
120.0,120.0,120.0,120.0,120.0,120.0,120.0,120.0,120.0,120.0,105.33444007728933,105.33449947561645,105.33454997326092,105.33459407978805,105.33462965151217,105.33466188999122,105.33469628851496,105.33471956053495,105.33473533226585,105.33476232345119,92.78413924578189,105.3345882591044,105.33426047368073,105.33401648434378,105.33297500739339
120.0,120.0,120.0,120.0,120.0,120.0,120.0,120.0,120.0,120.0,105.33436652906938,105.33447291223285,105.33452751985193,105.3345747303102,105.33461726507375,105.33465192039024,105.33468307804452,105.33471711978356,105.33473958675202,105.33476277852365,87.503615664932,96.82726116834147,105.33443272249166,105.33395581852588,106.53350247597776
120.0,120.0,120.0,120.0,120.0,120.0,120.0,120.0,120.0,120.0,105.33431572572313,105.33438985303988,105.3345058508056,105.3345565730861,105.33460115214297,105.33464285109893,105.33467741195483,105.33470779287894,105.33474143487184,104.57592649902038,86.85617355241195,90.74392506379476,99.33701865988209,105.33414601612716,106.46553588826465
120.0,120.0,120.0,120.0,120.0,120.0,120.0,120.0,120.0,120.0,105.33425861455336,105.33434167565986,105.33442380165194,105.33453916074612,105.33458712193675,105.33462990873528,105.33467148159755,105.33470673700305,105.33473720012172,104.18796611217098,83.69424920709673,90.00246561441996,93.78528625989775,101.10913289098542,106.4846630405387
120.0,120.0,120.0,120.0,120.0,120.0,120.0,120.0,120.0,120.0,105.3343547937323,105.33441139170914,105.33446964677172,105.33452775824439,105.3346201813131,105.3346538768377,105.33468610558663,105.33472077886358,105.28720490706074,104.11338583272031,81.68935807943564,85.90537561164254,93.23789193718336,96.45256586552999,103.47415581135829
120.0,120.0,120.0,120.0,120.0,120.0,120.0,120.0,120.0,120.0,105.3343110673501,105.33436549049473,105.33444008122318,105.33450484481656,105.33456228514761,105.33464978435751,105.33468477275157,105.33471802038056,105.2633673786096,103.83984650924882,81.15068177913425,83.11221841274828,88.80938517230963,96.13860875035351,99.87220095455241
120.0,120.0,120.0,120.0,120.0,120.0,120.0,120.0,120.0,120.0,105.33427288405848,105.33432099207151,105.33439079806374,105.33447625046344,105.33454426945877,105.33459996064842,105.3346826162026,105.33172983783382,105.25791380361608,103.64400934755359,79.91492120092299,82.25461525544338,85.74688939675974,91.76004856856541,99.88445484622375
120.0,120.0,120.0,120.0,120.0,120.0,120.0,120.0,120.0,120.0,105.33421549793171,105.33429103125093,105.33434876901894,105.33442598366305,105.33451788314595,105.33458770797256,105.33464174877594,105.33028221134725,105.23607057859348,103.57580871852015,78.89958685108289,80.37719998293676,84.78330273941312,88.82382724171894,95.97885711316202
120.0,120.0,120.0,120.0,120.0,120.0,120.0,120.0,120.0,120.0,105.33415156322692,105.33423639190356,105.3343242312964,105.33438847477291,105.33446874152088,105.33456442398835,105.33444748461619,105.32985908393754,105.221849943051,103.45438287903302,78.45173596877893,78.79036605112448,82.45526480677975,87.93883461947473,93.92206332363811
120.0,120.0,120.0,120.0,120.0,120.0,120.0,120.0,120.0,120.0,105.33426312025054,105.33431222439957,105.33436968551634,105.33443801708681,105.33448803575094,105.33455480595204,105.33436614366947,105.32819983020337,105.21662366937686,103.34849319806908,77.85125102547146,77.99882723146804,80.51317535519223,85.38561811034951,93.25213525911882
120.0,120.0,120.0,120.0,120.0,120.0,120.0,120.0,120.0,120.0,105.33421274077894,105.33427337066085,105.33433704147514,105.33440261646304,105.334478726603,105.33452395876635,105.33430069130145,105.32718477807705,105.20642629270695,103.29476209877166,77.27961461375224,76.99022964722104,79.49640420827895,83.40156308067506,91.07923459181255
120.0,120.0,120.0,120.0,120.0,120.0,120.0,120.0,120.0,120.0,105.38150252328371,105.33422185889117,105.33430066870663,105.3343722861056,105.33444320622255,105.33450907060119,105.33416229319423,105.32675823531976,105.1983494027919,103.23158242029973,76.93371798249277,76.01689530754214,78.15377749624514,82.3437466019426,89.64410944003961
120.0,120.0,120.0,120.0,120.0,120.0,120.0,120.0,120.0,120.0,105.50972648536627,105.36881426120117,105.3342511349929,105.33434006156689,105.33441592091302,105.33447269292867,105.33408377313006,105.32591452283064,105.19422191975237,103.17102578701281,76.58563148749185,75.3689404553118,76.87085738062966,80.85158729183067,88.84541633919171
120.0,120.0,120.0,120.0,120.0,120.0,120.0,120.0,120.0,120.0,105.64366456088779,105.4663007357762,105.35955426016208,105.33429415046947,105.33438824618719,105.33444191257112,105.33402201419781,105.32530516147087,105.18896265188408,103.13152253318931,76.24101062345085,74.73030139384223,75.97927658381805,79.48287982552023,87.65244963465474
120.0,120.0,120.0,120.0,120.0,120.0,120.0,120.0,120.0,120.0,105.90296900115969,105.57060617007684,105.4332642338398,105.35287300281318,105.33439753508033,105.33445071645087,105.33396383971437,105.3249822016845,105.18428596043964,103.09374021180223,75.9860853565372,74.09848319416152,75.08569958042457,78.5197140802536,86.6426803501954
120.0,120.0,120.0,120.0,120.0,120.0,120.0,120.0,120.0,120.0,106.21404845321368,105.79274497292104,105.51347182353743,105.40812222016272,105.34794304059231,105.33441782014059,105.3339061282304,105.32454106851642,105.18126340351692,103.05696846140204,75.75709922448243,73.59852736611681,74.2063333800271,77.52955544451602,85.93314457253999
120.0,120.0,120.0,120.0,120.0,120.0,120.0,120.0,120.0,120.0,106.49643364303203,106.06671926496912,105.7016115664377,105.46929983017729,105.38916114329741,105.3443211271347,105.33385476652143,105.32417374514701,105.1782129452381,103.02872897939288,75.53480781521743,73.14747489557554,73.48885466044304,76.57166429888547,85.18310701957674
120.0,120.0,120.0,120.0,120.0,120.0,120.0,120.0,120.0,120.0,106.83352076874685,106.32527876858406,105.93877875125597,105.6269988869056,105.43543363622578,105.37490218670784,105.34106827944883,105.32392274476506,105.17536148234349,103.00370013735916,75.34974387240369,72.71206518168077,72.83266128975528,75.78641632492531,84.48100295444124
120.0,120.0,120.0,120.0,120.0,120.0,120.0,120.0,120.0,120.0,107.14437223844439,106.6530029681093,106.1713869562118,105.82917929226728,105.56642838867221,105.40962944708113,105.36361814717225,105.32898197999538,105.173205257156,102.97985811515404,75.18745419128513,72.33406304735796,72.20081933108011,75.06110385546101,83.91313244836049
120.0,120.0,120.0,120.0,120.0,120.0,120.0,120.0,120.0,120.0,107.4011241934949,106.96274817139437,106.48388981161791,106.03529333271027,105.73647952821626,105.5176179502882,105.38950341894567,105.34536586024562,105.1751464437464,102.95970892452311,75.03458058446034,71.99722074217584,71.64200196312025,74.36749255091019,83.38442621760603
120.0,120.0,120.0,120.0,120.0,120.0,120.0,120.0,120.0,120.0,107.6496507967196,107.22766747001944,106.78555702045185,106.32789475629973,105.91651647460793,105.65878972004921,105.47783729376435,105.36436721342798,105.1854778080252,102.94493159773333,74.89934967182465,71.68063779936989,71.13778508361132,73.75363504984878,82.88496950247523
120.0,120.0,120.0,120.0,120.0,120.0,120.0,120.0,120.0,120.0,107.84978954459339,107.4948876957157,107.05336186477774,106.61596868032152,106.18625595636166,105.8142081535686,105.59372178286435,105.43608845398693,105.19814100020596,102.93769543066932,74.78331387349706,71.39398228931394,70.6637368141168,73.19769022196394,82.4483308878909
120.0,120.0,120.0,120.0,120.0,120.0,120.0,120.0,120.0,120.0,108.00613789353635,107.7141012002924,107.3343926280309,106.88151239592582,106.45636465349932,106.05935865786066,105.7264607924421,105.53014199693861,105.25509544701394,102.93435814869737,74.6849313908652,71.13773835309071,70.2301774815874,72.67664820369207,82.05347910136928
120.0,120.0,120.0,120.0,120.0,120.0,120.0,120.0,120.0,120.0,108.14130435666223,107.89040159800356,107.56919020270236,107.17106302589553,106.71504933792788,106.30842328298849,105.94642094971185,105.64241059548763,105.33013130161034,102.97013441010267,74.60041015153504,70.90520536340912,69.83664358923834,72.20063850476795,81.68552908099682
120.0,120.0,120.0,120.0,120.0,120.0,120.0,120.0,120.0,120.0,108.24251157796564,108.0472059071184,107.76398771304409,107.41743240044966,107.0078091708328,106.55642003245102,106.17261874415892,105.83750646711881,105.4240360984769,103.02476588700297,74.5818485184866,70.69383106925409,69.47340118548671,71.76754235966,81.35226089584599
120.0,120.0,120.0,120.0,120.0,120.0,120.0,120.0,120.0,120.0,108.3193060940247,108.16587168166126,107.94177643279704,107.62827886297399,107.26117140282871,106.84713737211874,106.40681096669029,106.04008480678225,105.59539765062786,103.10068567978999,74.6050829123179,70.53721549882121,69.13808696367664,71.36689318803187,81.05031803874724
120.0,120.0,120.0,120.0,120.0,120.0,120.0,120.0,120.0,120.0,108.38125434583044,108.2581406435223,108.07825324387534,107.8259576488738,107.48529957615143,107.10303898547858,106.69086703804238,106.25839406682933,105.77553075363186,103.254104739332,74.67333673350132,70.42042119267437,68.85055724364764,70.99657445766826,80.77183842716316
120.0,120.0,120.0,120.0,120.0,120.0,120.0,120.0,120.0,120.0,108.42574814889511,108.333989513376,108.18699880471831,107.97988063351005,107.70091852762762,107.33715853539898,106.94495876402316,106.53189519889581,105.97779812784138,103.42626464737167,74.88394126976033,70.34474970407653,68.5993823033113,70.66749326825911,80.51545245621915
120.0,120.0,120.0,120.0,120.0,120.0,120.0,120.0,120.0,120.0,108.45908592916412,108.38895193229833,108.2780496852578,108.10570495953085,107.87132501248789,107.56810767785866,107.18553229261623,106.7803926682214,106.23944865642714,103.62939433664164,75.15933649665163,70.38220972178513,68.3835386145202,70.36942406197699,80.28726741452148
120.0,120.0,120.0,120.0,120.0,120.0,120.0,120.0,120.0,120.0,108.48487608612055,108.4310321392902,108.34477971505326,108.21303666853657,108.0144250926608,107.75350684197132,107.42871959883297,107.0240266940973,106.48188240365889,103.90522411404739,75.51205495033196,70.48865045170744,68.2508845836024,70.09978432950764,80.07807241766588
120.0,120.0,120.0,120.0,120.0,120.0,120.0,120.0,120.0,120.0,108.23034888180014,108.4637630346262,108.3966975455307,108.29241031473457,108.13852012021103,107.91339908619634,107.62699085129692,107.27613904589013,106.72805608518765,104.17787572291823,76.03052364042894,70.67092081994626,68.17581511245038,69.88829703114824,79.88605852403325
120.0,120.0,120.0,120.0,120.0,120.0,120.0,120.0,120.0,120.0,107.66832598651752,108.28166492924139,108.4376842430381,108.3555345780256,108.23145565240706,108.05451161317586,107.80285875203671,107.48516675620054,106.98928156294244,104.46567793503392,76.59850651871606,71.00633065334034,68.1619001923459,69.7169751743252,79.72948803512625
120.0,120.0,120.0,120.0,120.0,120.0,120.0,120.0,120.0,120.0,107.52396345416021,107.83586891995093,108.31235260544867,108.40597625493285,108.30695620246694,108.16157030885641,107.96071279671716,107.67591521330176,107.21082913243355,104.7847191143903,77.22969115291816,71.42381934938425,68.26863640346961,69.58691482469345,79.59237481106572
120.0,120.0,120.0,120.0,120.0,120.0,120.0,120.0,120.0,120.0,106.57570929674223,107.71866395951243,107.96418843074812,108.32590165976781,108.36800587146068,108.25045710847748,108.08215290249834,107.8500500954304,107.4189578557249,105.07412789087792,77.9695412028056,71.92737357602851,68.4571161327038,69.53976844988607,79.47646810064845
120.0,120.0,120.0,120.0,120.0,120.0,120.0,120.0,120.0,120.0,105.97140345324284,106.86049301257066,107.87160870573103,108.05951344119708,108.3248425202699,108.32321908777745,108.18527189830982,107.98613419416732,107.61297809800224,105.35514170366979,78.70514003667616,72.56604118809719,68.73035640735016,69.55194793420647,79.40847164989762
120.0,120.0,120.0,120.0,120.0,120.0,120.0,120.0,120.0,120.0,105.61906831718349,106.32709064558811,107.10538009205204,107.98930137676308,108.12677409705185,108.31074936042135,108.27057730419448,108.10424629962336,107.76815316927303,105.62931506199196,79.45118322895124,73.26010933599714,69.13457172916964,69.62677091351385,79.36909291018692
120.0,120.0,120.0,120.0,120.0,120.0,120.0,120.0,120.0,120.0,104.71343813055121,105.98641828635702,106.64187918276784,107.31393128915289,108.07732816272295,108.17013003028944,108.28446603051995,108.20318347597555,107.90607487405688,105.86396099121082,80.2187714819814,74.00763272137074,69.62381693006662,69.80244866520826,79.36347275748425
120.0,120.0,120.0,120.0,120.0,120.0,120.0,120.0,120.0,120.0,104.23504346379222,105.08681322827861,106.31412931882974,106.91714016432424,107.48941553977984,108.1401225149488,108.19246322029896,108.24057305631393,108.02381470089395,106.07857747938942,80.93158035280157,74.82387406648215,70.19508389129989,70.05359998690304,79.41788854811257
120.0,120.0,120.0,120.0,120.0,120.0,120.0,120.0,120.0,120.0,103.8409134344358,104.63747064465691,105.43555203563945,106.60377788920748,107.1549076615093,107.63482910469365,108.18086960694019,108.19038319053811,108.08678769717507,106.27123192009022,81.60803662705999,75.64190632563258,70.86835958260869,70.38163940273851,79.51435505140644
120.0,120.0,120.0,120.0,120.0,120.0,120.0,120.0,120.0,120.0,103.20569085411398,104.23042428437904,105.02108928627987,105.75875279205489,106.8576243865433,107.35762441301122,107.7525878526652,108.19669587594592,108.0765596478617,106.40899780536343,82.24746157569321,76.4593177629814,71.5975075782473,70.80904151541873,79.65863532847973
120.0,120.0,120.0,120.0,120.0,120.0,120.0,120.0,120.0,120.0,102.84394592884298,103.56199739717428,104.60322049804822,105.3823010919994,106.05589531956437,107.0780106128732,107.52740992184677,107.83954487010902,108.10349351420119,106.47776069923057,82.78278694991599,77.27389101679292,72.3732865046263,71.30910473398107,79.86858421195753
120.0,120.0,120.0,120.0,120.0,120.0,120.0,120.0,120.0,120.0,102.51794874441491,103.20086088936901,103.91299673345503,104.95613987176843,105.71882453992966,106.3270829962097,107.26721381528878,107.66150641005301,107.81432848554273,106.56238901589305,83.1842375119794,78.02521779515708,73.19422682071458,71.87727356258142,80.12782874302128
120.0,120.0,120.0,120.0,120.0,120.0,120.0,120.0,120.0,120.0,102.11598560757642,102.84879421572519,103.55955217791976,104.25533515419183,105.28706587801457,106.02915389580376,106.57230769113319,107.42245041043836,107.67990383557206,106.36492249197654,83.57507498140512,78.68208151940708,74.01165898805361,72.51717848269617,80.43862391926979
120.0,120.0,120.0,120.0,120.0,120.0,120.0,120.0,120.0,120.0,101.85823300818963,102.4077749207847,103.18299412105912,103.91531038908354,104.58636798413632,105.5947969949615,106.31218941137209,106.78689222777899,107.46503738802902,106.27739477293188,83.46974969165245,79.31551326947682,74.7958729912023,73.195919320967,80.80654865205621
120.0,120.0,120.0,120.0,120.0,120.0,120.0,120.0,120.0,120.0,101.62689113716064,102.13525228688056,102.7086506187052,103.51604084055316,104.26410693653709,104.90407476839901,105.87856902207534,106.5624883050475,106.8907234890269,106.10154446293862,83.46271254611374,79.58168862464439,75.58137019510706,73.89297781621099,81.21188054277627
120.0,120.0,120.0,120.0,120.0,120.0,120.0,120.0,120.0,120.0,101.3834214122715,101.87566751452152,102.42597637629297,103.01466488492927,103.84381732167498,104.60228791975071,105.20640027864812,106.13305814084444,106.69737757191322,105.57184437704079,83.28042817193459,79.85911015641594,76.13344944290357,74.62596048776673,81.6463686615233
120.0,120.0,120.0,120.0,120.0,120.0,120.0,120.0,120.0,120.0,101.21194497822323,101.59888036578475,102.13883083531168,102.72685706306488,103.32265605456242,104.16322534065999,104.92671067800339,105.48678952035408,106.27587084755174,105.37294132511923,82.39617519633008,79.97842632618628,76.6750581751121,75.23920223512442,82.12334027057233
120.0,120.0,120.0,120.0,120.0,120.0,120.0,120.0,120.0,120.0,101.06173258987025,101.40810498527307,101.8304597891105,102.41279437248872,103.03414111695302,103.62968506408247,104.47139450909665,105.22937729863867,105.65800258609441,104.94543022770894,82.00183298262307,79.49903481606367,77.09465851939352,75.86498500669782,82.53947983448776
120.0,120.0,120.0,120.0,120.0,120.0,120.0,120.0,120.0,120.0,100.91522836765805,101.23395787606795,101.62248341908382,102.07558100457967,102.69402333458069,103.34422879565612,103.93282911122128,104.76066105140195,105.41742365119342,104.29076295759653,81.2139436101141,79.30776486816798,77.04859372354994,76.42167419000488,82.99545522848751
120.0,120.0,120.0,120.0,120.0,120.0,120.0,120.0,120.0,120.0,65.00169889409752,101.06612610988353,101.42399033530894,101.85314229895397,102.331701705049,102.97922337491866,103.65342690184421,104.22375291696653,104.93645273872544,104.00037636058944,79.88741165374655,78.79451994855923,77.15131945907036,76.65386919363068,83.41728228028506
120.0,120.0,120.0,120.0,120.0,120.0,120.0,120.0,120.0,120.0,65.00159856056828,87.7859237215635,101.23042649176305,101.6295009215864,102.09729021651222,102.59587470792574,103.26478524145504,103.95195276686695,104.39987455737635,103.4582689356563,79.1774201057528,77.74600861246188,76.99236740792425,76.97565129898925,83.63573902263705
120.0,120.0,120.0,120.0,120.0,120.0,120.0,120.0,120.0,120.0,65.00301089554753,65.00199259492983,101.0871396494422,101.41090763505828,101.84866154184871,102.35249437383524,102.86525380659174,103.54119538392231,104.12966480380015,102.82000162863548,78.04050189668675,77.12776753309194,76.35374618138135,77.09602369809306,83.94977586628136
120.0,120.0,120.0,120.0,120.0,120.0,120.0,120.0,120.0,120.0,65.00050138358147,65.06612309694403,84.56743444037235,101.2522390591506,101.6061625894429,102.0791064161474,102.61553981371212,103.12983007276931,103.69368120603716,102.46243783888157,76.59569849775943,76.16217684068162,75.98165766656513,76.82869311831693,84.11085346262043
120.0,120.0,120.0,120.0,120.0,120.0,120.0,120.0,120.0,120.0,65.00030877811088,65.00101757348496,104.8441428521445,106.78738959866132,101.43223319375271,101.81452437708091,102.31786578787761,102.87543417491158,103.2646092191076,101.92104696655849,75.66026386423306,74.83596702175777,75.32236539498913,76.72725223429907,84.01612314268004
120.0,120.0,120.0,120.0,120.0,120.0,120.0,120.0,120.0,120.0,112.0441479855457,65.0000526380905,65.00019169499573,65.00022770892171,106.57804699128117,101.62690514055676,114.05561741891891,102.55382130987581,102.9980789338765,113.8319708683226,74.42093127598342,73.89336258582006,105.14331246931161,105.7982677191272,84.0613942649816
120.0,120.0,120.0,120.0,120.0,120.0,120.0,120.0,120.0,120.0,111.79798355068348,65.00003757679424,113.29033628439296,65.0002083937823,82.12989973137356,106.12659744507341,101.83296557046657,114.12711935401646,102.64526589232563,100.96550647851089,104.74136573152008,72.70445948782445,73.54302951725155,105.5909041374934,83.90648832293067
120.0,120.0,120.0,120.0,120.0,120.0,120.0,120.0,120.0,120.0,65.0000491691854,109.99653571769075,65.0000370296347,65.00021337688436,72.40188043799792,107.74744877083724,105.61980029441506,102.03876050880915,114.14797966243454,100.4786254334272,71.96596419732421,104.20137956873059,72.57708418132727,75.240278150058,108.07578376463302
120.0,120.0,120.0,120.0,120.0,120.0,120.0,120.0,120.0,120.0,65.00006251949353,110.92604217190356,111.28419640560897,111.8268099283655,75.36809193002117,109.39456180130982,107.0636646170254,105.13445247449934,102.0807018912275,113.38564043482351,70.75484733646715,70.15097550023161,104.22666742253924,74.5741884262407,83.31766446235677
120.0,120.0,120.0,120.0,120.0,120.0,120.0,120.0,120.0,120.0,65.00025366670093,65.00004889166631,109.41143482509366,111.82193809879155,113.01197167985696,108.79042912603568,109.99910550124882,106.30729059434064,104.54160701448107,99.61101851252882,69.46488063171735,68.8841145699442,70.35954630398054,104.95429929747779,82.93708115038001
120.0,120.0,120.0,120.0,120.0,120.0,120.0,120.0,120.0,120.0,65.0026596077448,67.53142798981035,65.00040990122483,65.0001988069823,94.56171104836694,110.84392910486775,109.7565442360739,109.70120730510563,105.42147552038519,101.42121433669864,68.37811556613246,67.49265827471058,69.24113189024801,79.61937916397376,89.8663729265658
120.0,120.0,120.0,120.0,120.0,120.0,120.0,120.0,120.0,120.0,65.00048406956275,110.8574944755456,101.9773338317133,65.00031440506417,110.58759347965027,110.5906013681205,104.24761699238914,109.77502058823703,108.8644059993193,113.69646128876295,70.23981630191783,66.2509566211621,67.98646173746124,72.10522613286439,89.4439319165579
120.0,120.0,120.0,120.0,120.0,120.0,120.0,120.0,120.0,120.0,65.00130326400827,65.00034619080724,111.52063670186386,102.56940633145138,114.21694115581903,112.01396411524159,110.60405020687405,107.45328418657235,109.22315494633564,105.3362129013868,103.29288695901639,66.80544749731654,66.83282956946573,71.14320631985096,81.5148256960248
120.0,120.0,120.0,120.0,120.0,120.0,120.0,120.0,120.0,120.0,65.00094653544343,65.00194161882199,112.52484135541992,109.50770843948189,113.08797499024661,114.6131982827999,112.81460148898734,110.50726606283727,107.62151579788686,106.26162229570961,104.16000010139577,102.1495647505493,66.70409645787687,70.25459254666175,80.9487370726924
120.0,120.0,120.0,120.0,120.0,120.0,120.0,120.0,120.0,120.0,65.0028039945476,65.00069622655599,82.3190510609866,112.30257889282124,110.14109150844024,113.05779982686995,114.88678797414563,113.40941433656623,110.10683054031516,105.34662219627315,78.39149608787365,102.51560321662554,102.13360508671177,69.9391245419047,87.85145455421092
120.0,120.0,120.0,120.0,120.0,120.0,120.0,120.0,120.0,120.0,65.00081538272794,72.57750111992192,112.9466552927789,113.77713956693594,110.01411766475705,109.9265135180001,112.29536480985968,115.0038061955186,108.79551222320893,101.3311655908426,102.9392599004735,71.06008520450634,101.3669705877769,69.16080334874239,80.2745109991933
120.0,120.0,120.0,120.0,120.0,120.0,120.0,120.0,120.0,120.0,65.00065715448956,65.00108505353228,110.65779633184573,109.37324116713737,114.22656329369723,110.98899307160072,96.66280241541826,111.95042201575308,111.12886942131865,100.60892049587905,73.00989531684498,101.22388136977887,67.67037484988899,69.27711057325317,79.70319186346777
120.0,120.0,120.0,120.0,120.0,120.0,120.0,120.0,120.0,120.0,65.00077393652055,65.00057839740181,111.03717630392536,111.61980542848953,114.70322383413408,114.6992283625538,111.72233971635721,97.4836521411546,111.50403446811589,102.6267801236474,72.27398838429592,68.76905541681411,67.44284840628177,69.31099788944152,79.69812243110881
120.0,120.0,120.0,120.0,120.0,120.0,120.0,120.0,120.0,120.0,65.00067492204182,65.00082456227885,112.75938084641326,111.77116640415073,112.10814434486754,114.69035742737208,114.66653789586609,112.86175413069971,109.63172708853963,109.23125304647382,75.45600850068487,69.04260545750272,66.24571633470592,68.73283061756872,79.49372078491453
120.0,120.0,120.0,120.0,120.0,120.0,120.0,120.0,120.0,120.0,65.00072122558143,65.000669224786,112.25303360902717,113.45883647812883,112.4235177336358,112.35588564239946,114.59744391263919,109.3895736232251,114.10845099595875,107.36298172759761,80.820674029092,71.18578809566776,66.98991878369475,67.9301605184196,78.89801034822389
120.0,120.0,120.0,120.0,120.0,120.0,120.0,120.0,120.0,120.0,65.00053981495721,65.00045520511165,112.06833204823083,112.81411074077167,113.49858791831826,113.4043187328047,112.4743744371806,113.61664888344323,114.19364524626057,111.20854510607238,84.91296111942462,64.99999935938037,68.5349576581827,68.63261489095025,78.34533386831072
120.0,120.0,120.0,120.0,120.0,120.0,120.0,120.0,120.0,120.0,65.00042526717625,65.00060140824813,112.16099854723255,112.73358495058513,113.0308730788123,113.63179656768828,113.69982463629168,112.60265840135825,113.4758297832162,112.91976423335127,87.76099416505916,71.90950705764045,66.58834499118346,69.67203233312792,78.95438106315285
120.0,120.0,120.0,120.0,120.0,120.0,120.0,120.0,120.0,120.0,65.00056741284122,65.0003992581496,112.18052938399913,112.8526210030965,113.0861066672174,113.10159382965927,113.62233686461454,113.91368479652385,112.69260223854263,112.41888367282701,68.78071301279407,75.87164266360809,64.99999935123306,68.36346343225891,79.62041215960144
120.0,120.0,120.0,120.0,120.0,120.0,120.0,120.0,120.0,120.0,65.0006846017004,65.00046429365665,112.14164962293988,112.83241522719577,113.21930163291456,113.30407061073862,113.10986375110231,113.65433424105373,113.98493605080938,111.71426553878072,92.46786130019855,65.25954110167848,73.24112615936862,66.77122336719815,78.6927082828767
120.0,120.0,120.0,120.0,120.0,120.0,120.0,120.0,120.0,120.0,65.00052872415071,65.00072391777724,65.00045807361353,112.81000494937886,113.14838498975305,113.4219574550416,113.46144207107113,113.09347240741025,113.55818010425503,112.92963791394395,85.62051483334652,80.32359488652368,64.99999935120596,67.45763890530485,77.96987662127087
120.0,120.0,120.0,120.0,120.0,120.0,120.0,120.0,120.0,120.0,65.00040307288523,65.00034952124683,65.00055550664824,112.76560604431972,113.11358833487614,113.28174328759688,113.52492265370468,113.5775020654295,112.95340006810535,112.29293856107704,101.77753162508024,99.55338224748297,64.99999935128504,67.78438692647516,78.70530568838052
120.0,120.0,120.0,120.0,120.0,120.0,120.0,120.0,120.0,120.0,65.0004730714271,65.0003433066233,65.00037513529998,65.00080937968987,113.12399880156349,113.30656775151682,113.34676693804565,113.56536823905772,113.57779493020224,111.53705854188111,100.94099650683427,100.5433205213246,100.12750957412626,65.32395416418208,78.91649662678276
120.0,120.0,120.0,120.0,120.0,120.0,120.0,120.0,120.0,120.0,65.00046462869999,65.0004467652573,65.00030777186029,113.04574118389175,103.14034493323145,113.32653648071793,113.4241641266589,113.35503732027355,113.47605823180878,112.242459681215,99.40344005110202,100.01091152786876,64.99999935130305,101.79991174496503,77.343879206213
120.0,120.0,120.0,120.0,120.0,120.0,120.0,120.0,120.0,120.0,65.00052665712299,65.00039107137425,65.00049346241168,111.2257772468989,114.96449181723929,114.5257864810955,113.44397395613943,113.49507635038556,113.22007900390513,112.13215807857726,100.08482045149327,98.61412523402183,100.25039203384972,65.01123316405238,76.6105976760432
120.0,120.0,120.0,120.0,120.0,120.0,120.0,120.0,120.0,120.0,65.00048340304961,65.00046685397749,65.00036234677168,65.00068644135233,112.43479430866718,115.25846455044874,114.46922709389594,113.50284424012528,113.42412907239941,111.66945083107315,100.04178181400715,98.81181009313673,99.26954477600566,64.99999935122143,77.66702435685988
120.0,120.0,120.0,120.0,120.0,120.0,120.0,120.0,120.0,120.0,65.00035764053389,65.00031270290295,65.00030625928167,114.14262154249779,114.8844882699367,114.790065064928,101.34743395741205,113.13139030132493,115.15715477781238,113.71114040318481,101.46130947337565,100.97104393924769,76.39008095186028,78.27090929886187,76.9325971843877
120.0,120.0,120.0,120.0,120.0,120.0,120.0,120.0,120.0,120.0,65.00056647926353,65.00027602521338,65.0003803286343,112.80125481516076,116.00266303659039,115.43298264466043,115.04813910092473,114.64400050244463,115.68718982488704,113.7363722727654,101.24663078669744,75.16292326857446,76.30393815639508,78.27471882322376,75.54261934777863
120.0,120.0,120.0,120.0,120.0,120.0,120.0,120.0,120.0,120.0,65.00044116840107,65.0004939712777,65.00023241902531,113.57741035383954,113.81451206981005,116.54163410061193,115.64003576498295,115.27256791407315,116.25519108500316,114.07354543555802,101.23360647684633,99.67805332929966,100.32548773677104,78.23154720608053,75.81742902177821
120.0,120.0,120.0,120.0,120.0,120.0,120.0,120.0,120.0,120.0,65.00039013966371,65.00044663218287,65.00041879589394,113.91850557968189,114.38727590766405,114.41466407395306,116.71202679193384,115.76088042344753,115.21861113585788,114.5834013536712,101.39066950636357,99.53720003738513,99.91659555626539,77.86096490767893,75.75157015181878
120.0,120.0,120.0,120.0,120.0,120.0,120.0,120.0,120.0,120.0,65.00060733905674,65.00031404798234,65.00057339312198,65.00039108070608,114.76904565002103,114.89563700796813,114.7617982916658,116.72032240870871,115.67817299752281,113.79816680516568,101.83896508765822,99.37923882183237,99.76419400584415,102.02908360727234,89.32445060155462
120.0,120.0,120.0,120.0,120.0,120.0,120.0,120.0,120.0,120.0,65.00045121618334,65.00032104377001,65.00020125861535,111.7804871324845,112.55655541720454,113.48310166802524,113.42332823189106,113.22821876483631,115.07128444168039,112.37837771319832,79.26582039741376,97.28800574796242,97.80711081171259,80.65802044556219,92.74097225319741
120.0,120.0,120.0,120.0,120.0,120.0,120.0,120.0,120.0,120.0,65.00038382553275,65.00043027076012,65.00026715583932,110.68261437156832,65.00049033246367,112.94674187006994,113.85434824817655,113.71127060658023,113.2774270693501,113.3733480408129,99.07611920064959,96.76429980122751,97.61179983807357,80.45591208659987,92.81824829107988
120.0,120.0,120.0,120.0,120.0,120.0,120.0,120.0,120.0,120.0,65.00042351773814,65.00034331881834,65.0004505861349,65.00027510431627,111.68402429110638,114.32496804950635,113.17454056935442,114.10131268819146,113.77853401293976,111.88519887393326,100.273372756771,96.64356566564034,97.19759288655156,99.9928135043737,92.7297636472332
120.0,120.0,120.0,120.0,120.0,120.0,120.0,120.0,120.0,120.0,65.00050863701232,65.00034178467575,65.00036201557283,65.00043432599543,110.84343702084288,113.77962580717757,114.51457482618262,113.31253370714418,114.14452733473962,112.1580084199619,98.86933016572593,97.16295680594041,96.98314708777825,99.70958449203779,105.0250689504784
120.0,120.0,120.0,120.0,120.0,120.0,120.0,120.0,120.0,120.0,65.00052241488522,65.00044866815821,65.00028909943411,65.00043311356283,65.0004848923873,111.41407900027339,114.45253768131369,114.55206294060638,113.28882177623198,112.67408231154452,98.6851952992912,96.47217939795179,97.13524618349048,99.54141257955987,104.8636426360424
120.0,120.0,120.0,120.0,120.0,120.0,120.0,120.0,120.0,120.0,65.00038975874794,65.00029536973919,65.00029144708391,65.00018278154184,112.78007529878703,114.12682486334182,111.95338093381528,114.63763427256359,114.38831216076566,111.79045627806862,99.42901694331114,96.08462833094444,96.72381670373038,99.57863361332625,104.7862672065102
120.0,120.0,120.0,120.0,120.0,120.0,120.0,120.0,120.0,120.0,65.00043667286727,65.00032070425104,65.00028151769042,65.00030678274287,110.74912301844749,65.00051995551492,114.4970388805308,112.35352288166101,114.55116898994282,112.5421481560958,98.52273934955343,96.42245080917837,96.36337108501588,99.31234660582719,104.827575473669
120.0,120.0,120.0,120.0,120.0,120.0,120.0,120.0,120.0,120.0,65.00041199034466,65.00038465460422,65.0002754066861,65.00030214956958,111.7767223807371,111.86205204542766,115.17276464214248,114.70889499314714,112.53211033295446,112.88797866184768,98.82173452643501,95.99464128105087,96.46341803137729,99.05925107837687,104.66293500007437
120.0,120.0,120.0,120.0,120.0,120.0,120.0,120.0,120.0,120.0,65.00046475210078,65.00036418821513,65.00035441732902,65.00025244407458,112.18690269141932,111.22458779554758,113.98237758105952,115.19356223248944,114.66390373054548,111.14575645909966,99.34732924032662,95.86101391614444,96.24120659952793,99.0983790077178,104.53258799082604
120.0,120.0,120.0,120.0,120.0,120.0,120.0,120.0,120.0,120.0,65.00066225463696,65.00036941675899,65.0003588252203,65.0003373914114,111.83922466152721,112.85097988947793,111.86680379283028,114.58361788271337,114.97130914089884,112.79302218893243,97.63821401958202,96.02927258211798,96.05063216432812,98.97352999893384,104.58570142972737
120.0,120.0,120.0,120.0,120.0,120.0,120.0,120.0,120.0,120.0,65.00044413436851,65.00034901682339,65.00021472488433,65.00028925313346,111.6513843092933,112.66845942053133,113.4122207832076,112.45818912212746,114.58415358796898,113.23158597506294,98.80047172975813,95.20577803072614,96.05235444164897,98.83597392413476,104.52108291019455
120.0,120.0,120.0,120.0,120.0,120.0,120.0,120.0,120.0,120.0,65.00041209138622,65.00040750174291,65.00028889023736,65.0002114221907,111.80458306043754,112.39843732091222,113.14156388668718,113.86956744850531,112.7879672781478,112.85055918353179,99.60850503481811,95.48200780922922,95.63045956327085,98.81907010011857,104.45950693901916
120.0,120.0,120.0,120.0,120.0,120.0,120.0,120.0,120.0,120.0,65.00049971870503,65.00034991633534,65.00040988537069,65.0002445177374,111.81386308981146,112.65576901826331,112.76308455085278,113.44727716723547,114.0744966150774,111.41150547150562,99.17373633614015,95.89838416633961,95.64922886588032,98.59299393250294,104.46626735371821
120.0,120.0,120.0,120.0,120.0,120.0,120.0,120.0,120.0,120.0,65.00062247367897,65.00039900371573,65.00032821787825,65.00043380071475,65.00025887233141,112.65084106418712,113.11973448809043,112.97148187841634,113.53331414790932,112.5229828991908,97.60350399226527,95.63168393819133,95.83183949814264,98.5852705650119,104.34232947165114
120.0,120.0,120.0,120.0,120.0,120.0,120.0,120.0,120.0,120.0,65.0006446580767,65.00052811973892,65.00032841162968,65.00036675541625,65.00038155915158,112.57273917587884,113.07132411472531,113.41632266503467,112.97349890374394,112.06745154753591,98.56739516103285,94.73989095572713,95.65440485944866,98.68626574574775,104.3712354682108
120.0,120.0,120.0,120.0,120.0,120.0,120.0,120.0,120.0,120.0,65.00043892585906,65.00036298703625,65.00031446790891,65.0002008568473,110.5749255458013,65.0003557882329,112.96581590973263,113.29811355770501,113.48378717902445,111.22885541634496,98.39259972598902,95.04323576554569,95.12978006634408,98.57088261713355,104.44335770569732
120.0,120.0,120.0,120.0,120.0,120.0,120.0,120.0,120.0,120.0,65.00052168619726,65.00036434674456,65.00034615957,65.00028632366781,65.00022588860949,65.0003038513977,114.32668072242228,113.16303104622769,113.30508666586788,111.67035971369333,97.1128606085532,95.10959190457159,95.19028332934747,98.26423203554852,104.36946359314292
120.0,120.0,120.0,120.0,120.0,120.0,120.0,120.0,120.0,120.0,65.00060131190418,65.00043236615909,65.00031996858291,65.00035819247877,65.0002690791407,109.92932171372601,114.90081894470633,114.4679277264937,113.1100330624712,111.55000780215083,97.13091372943771,94.39297659719723,95.27845894159888,98.29013182315995,104.19278392907363
120.0,120.0,120.0,120.0,120.0,120.0,120.0,120.0,120.0,120.0,65.00065743777762,65.00050540411891,65.00037477333295,65.00030325892469,65.00036615211059,111.31860046140264,112.52332899121778,115.2789041040127,114.28704766247601,111.1508353481581,97.06860131188694,94.13055174046039,94.93895389196292,98.36680008477074,104.24248221133419
120.0,120.0,120.0,120.0,120.0,120.0,120.0,120.0,120.0,120.0,65.0007146964564,65.0005535130303,65.000448208974,65.00033878683236,65.00030509677013,65.00046228360459,112.22018942328974,113.4816328290625,115.09268298075567,112.0436813765161,96.43205390832289,94.06037826060953,94.73641544466516,98.20068026811944,104.30549535269013
120.0,120.0,120.0,120.0,120.0,120.0,120.0,120.0,120.0,120.0,65.00051465866656,65.00039088867712,65.00033291939657,65.00028976093424,65.00023860124665,115.24709818315158,116.18895437465606,115.96195526046145,116.40348599528278,115.59177315403858,100.77269149275321,97.54241730891445,98.5605750082549,102.05646022422611,108.43793894058562
120.0,120.0,120.0,120.0,120.0,120.0,120.0,120.0,120.0,120.0,65.00062780482236,65.00042553948678,65.0003506979986,65.00031050501843,65.00030030844644,114.31060642981882,116.57764470361266,116.47343816359556,115.97285047373637,114.84389198258641,101.58526698459312,97.49389812793179,98.41513971970691,102.08498790717017,108.41973473409428
120.0,120.0,120.0,120.0,120.0,120.0,120.0,120.0,120.0,120.0,65.0007597806508,65.00051090223697,65.00037118769932,65.00033022019105,65.0003071905227,115.13975149666311,115.03369408415622,116.88692379226697,116.47802483974709,114.3230471247694,100.7380093372275,97.72618606340443,98.35876899649053,102.0823822403661,108.54251996283593
120.0,120.0,120.0,120.0,120.0,120.0,120.0,120.0,120.0,120.0,65.00082764208035,65.00063262174119,65.00043365587712,65.00034294300885,65.00033237756553,115.34134980006692,115.70257842228551,115.40649440100181,116.82023859511551,114.94795854518294,99.71515416090557,97.30900449543353,98.43537178568711,102.09350530129402,108.56557573451578
120.0,120.0,120.0,120.0,120.0,120.0,120.0,120.0,120.0,120.0,65.0009094504859,65.0007031580059,65.0005442462384,65.00038637011505,65.00035232303844,115.15741945611293,115.88873288399188,116.0187382882956,115.43126227500585,115.31130082138718,100.37594665743893,96.59803993816709,98.22695908142302,102.17253204265583,108.59985673129728
120.0,120.0,120.0,120.0,120.0,120.0,120.0,120.0,120.0,120.0,65.00067869067475,65.0004844847787,65.00043161817668,65.00032919657711,65.00027678298457,113.32310453052513,114.0926099890525,114.94165426410844,114.83750313680767,112.18269889983216,98.48484012570417,94.34003063078133,95.37545040055524,99.3964174088086,105.8020086536922
120.0,120.0,120.0,120.0,120.0,120.0,120.0,120.0,120.0,120.0,65.00079267333945,65.00055864561483,65.00042392242914,65.00042368336244,65.00030212611642,65.00037966236474,114.13005546026338,114.41868015602515,114.98549891141789,112.52804506279868,96.88240617935001,94.62075040354198,95.37675621922446,99.2444181595998,105.7779028326315
120.0,120.0,120.0,120.0,120.0,120.0,120.0,120.0,120.0,120.0,65.0009195425996,65.00065672431911,65.00047716520741,65.00039381572036,65.00045550949825,65.00028224633662,114.26321816909253,114.52463284580934,114.35957705989082,112.79535778363284,96.52014210483364,93.99747110968188,95.53630213999962,99.27175313974556,105.72889224235901
120.0,120.0,120.0,120.0,120.0,120.0,120.0,120.0,120.0,120.0,65.0010655281604,65.00075625716653,65.0005712865225,65.00041791708236,65.00041059861778,65.00049550085228,115.46054969057778,114.62001090136586,114.50495397109789,112.01504499692562,96.77342108981756,93.56034762599502,95.29939593050896,99.38919161614312,105.77202285494465
120.0,120.0,120.0,120.0,120.0,120.0,120.0,120.0,120.0,120.0,65.00122281597677,65.00088027816196,65.0006497287834,65.00051971593903,65.00037698934875,65.00052392435573,65.00069991432622,115.9162607623458,114.59377600253853,111.89050623531492,96.03416278650015,93.5813786587643,95.03986744588518,99.29948625026336,105.85689987394166
120.0,120.0,120.0,120.0,120.0,120.0,120.0,120.0,120.0,120.0,65.00090774283505,65.00064984611215,65.00051036925136,65.00040804846861,65.00035480181725,65.00027651613722,112.33337058402621,113.63025847317176,114.11256098426125,110.58624944607264,94.2329888236755,92.15721299615602,93.83977740434686,97.87067380573146,104.2944117874181
120.0,120.0,120.0,120.0,120.0,120.0,120.0,120.0,120.0,120.0,65.00109437088634,65.00074055804295,65.00057012086482,65.0004587170486,65.00039674323494,65.00037766973874,111.1347804714323,70.98337906259579,113.66589212429116,111.33657140491255,93.99765319051808,91.77135878189429,93.80166370050074,97.91731682643092,104.25062114551355
120.0,120.0,120.0,120.0,120.0,120.0,120.0,120.0,120.0,120.0,65.0012687077206,65.00089662144894,65.00063078136672,65.00052311799243,65.00042929535788,65.00043919913186,111.94876582321353,112.23904795068685,114.7581664751624,110.97071441979662,94.3523570785947,91.53966919336281,93.65567497836527,97.94684337424337,104.30385037733629
120.0,120.0,120.0,120.0,120.0,120.0,120.0,120.0,120.0,120.0,65.00146497772458,65.00105123595452,65.0007597568131,65.00056056635917,65.0005081331158,65.0004452915769,112.0874117727987,111.63535051244757,113.9142447853762,111.90797563494522,94.04103226866059,91.59919600292335,93.5660864730523,97.9128236250472,104.34044015411907
120.0,120.0,120.0,120.0,120.0,120.0,120.0,120.0,120.0,120.0,65.00176889439052,65.00119488861631,65.00091375252374,65.00065598526892,65.00053386656153,65.0005577879264,111.80430965802299,112.83196991627557,111.92616747587516,111.8063946432799,94.46480494290712,91.48773608614492,93.63095728221765,97.91051668542787,104.34190707535483
120.0,120.0,120.0,120.0,120.0,120.0,120.0,120.0,120.0,120.0,66.40933181283611,65.95514177342375,65.71046129081792,65.59991402799442,65.4244230750849,65.44726736047984,111.69591486288058,112.6893906384514,113.07746543336744,109.62823247854307,94.71150927628307,91.55041649992343,93.64772335073529,97.99237230461122,104.36498147389902
120.0,120.0,120.0,120.0,120.0,120.0,120.0,120.0,120.0,120.0,66.63789341491395,66.16247533725506,65.80925225190988,65.63960542301959,65.57559171139839,65.41332770395078,111.79457119424268,112.47874658960009,112.94507956047265,110.1156311394129,93.1304466778737,91.69647463360711,93.70584695271744,98.05054287372295,104.43410591620848
120.0,120.0,120.0,120.0,120.0,120.0,120.0,120.0,120.0,120.0,66.9013526382361,66.36940495028568,65.98552039728752,65.70725284270796,65.60845480748263,65.61947379645285,111.74612249967907,112.65026401993227,112.58628968135984,110.20202270456086,92.6952632536883,91.19676572404146,93.82127015191267,98.1164830771482,104.48112541557977
120.0,120.0,120.0,120.0,120.0,120.0,120.0,120.0,120.0,120.0,67.30525304062603,66.57481481512357,66.18253240078644,65.85307373302724,65.64994699967936,65.65248303012821,65.98484558447728,112.60260881858886,112.770140966593,109.58993333642908,92.71050130383692,90.82984942690997,93.67064698889439,98.21003843509804,104.52932690222036
120.0,120.0,120.0,120.0,120.0,120.0,120.0,120.0,120.0,120.0,67.77047359930955,66.90148926029953,66.34639410632543,66.04896667948927,65.76519268283272,65.67145586154084,65.83567426465744,112.52206466731332,112.7354275990044,109.40184565231479,92.21562252828724,90.79127001366957,93.49790435290576,98.17254490834512,104.58706451786966
120.0,120.0,120.0,120.0,120.0,120.0,120.0,120.0,120.0,120.0,65.00200788202243,65.00142456445415,65.00102498267626,65.00079231810241,65.00065966021687,65.0005722613239,65.00061224510773,113.62888946091506,112.61339784497352,109.26516096774958,91.6752354768566,90.67479963670074,93.50597034023005,98.11305188980486,104.56614275280454
120.0,120.0,120.0,120.0,120.0,120.0,120.0,120.0,120.0,120.0,65.0023654544872,65.00166168676976,65.00121553761169,65.00090451981555,65.00074744006247,65.00067412086067,65.00074416638542,112.81259988761462,113.83936985265726,108.98477321952241,91.26396166663496,90.45319247557944,93.53518078261988,98.15550961005134,104.5449132932262
120.0,120.0,120.0,120.0,120.0,120.0,120.0,120.0,120.0,120.0,65.002800927893,65.00194109271979,65.00142563529316,65.00107129635464,65.00083610515568,65.00077449172099,65.00089148791136,112.28357672081442,113.23844173852196,109.83212120506634,90.86306287513702,90.25223720717962,93.5066899423192,98.21767908204309,104.5880575959073
120.0,120.0,120.0,120.0,120.0,120.0,120.0,120.0,120.0,120.0,65.00328988789964,65.00229284699745,65.00166066547746,65.00126181217196,65.00098846144307,65.00084430394426,65.00107665891133,112.28890477294894,112.78586323284418,109.41243475663946,91.0538339098682,90.09103352757194,93.47321195963336,98.24799438827696,104.63859172851201
120.0,120.0,120.0,120.0,120.0,120.0,120.0,120.0,120.0,120.0,65.0038719896043,65.00270441726518,65.0019533527557,65.00146998607354,65.00116906583686,65.00100513449794,65.0011098988249,92.79649684867587,112.84026165077074,108.7556820089185,90.86387612370733,90.16359471453362,93.46515996365835,98.27660655928804,104.66973815185133
120.0,120.0,120.0,120.0,120.0,120.0,120.0,120.0,120.0,120.0,65.00280241225433,65.00200198264955,65.00151507786723,65.00118243329534,65.00096959519352,65.00087490063898,65.00101026304185,111.9728217136296,112.67892414911972,108.60986896278283,90.31103205544392,90.20390042447208,93.56925543452485,98.32179761755316,104.70063130769437
120.0,120.0,120.0,120.0,120.0,120.0,120.0,120.0,120.0,120.0,65.00325819373705,65.00231602928494,65.00173583946723,65.00135740620897,65.00111131474223,65.00100809527133,65.0012418695359,111.75705315532275,112.57809061758812,108.38885705826685,89.93746693064497,90.07000450373343,93.6874484443684,98.42160217847358,104.74086149076088
120.0,120.0,120.0,120.0,120.0,120.0,120.0,120.0,120.0,120.0,65.00376378408394,65.00269286542482,65.00200104265475,65.00155805782794,65.00127762165688,65.00116397415061,65.00146670715942,111.83013324099832,112.20989568035581,108.08525527223935,89.69983698458034,89.92491787416037,93.72033382872988,98.52894387472026,104.8101252622685
120.0,120.0,120.0,120.0,120.0,120.0,120.0,120.0,120.0,120.0,65.0043746273237,65.00311286449376,65.00232336945176,65.00179386617789,65.00147115197298,65.00134876944442,65.00175243248061,111.82154732790929,112.22793249148565,107.44215469930124,89.47538907420171,89.86052205716429,93.72039463545957,98.59058285920328,104.87689575583086
120.0,120.0,120.0,120.0,120.0,120.0,120.0,120.0,120.0,120.0,65.0051891685281,65.00359895554432,65.00268953294778,65.00207920692787,65.00169818126203,65.00156671792183,65.00211888931389,111.77516502331552,112.17956189524686,107.05335373121942,89.07693261441557,89.85077528406798,93.75568293211066,98.63256854777516,104.91464709826111
120.0,120.0,120.0,120.0,120.0,120.0,120.0,120.0,120.0,120.0,65.0037715843577,65.0027366167615,65.00205425751408,65.00163610468312,65.00138572429687,65.00131649321348,65.00184095624726,94.97160984858046,117.99616015356558,117.48406486238225,99.8356025138942,100.68257993765089,105.17583219425323,110.56524100272027,116.81013568732257
120.0,120.0,120.0,120.0,120.0,120.0,120.0,120.0,120.0,120.0,65.00430647393074,65.0031321038604,65.00236820589843,65.00185439640319,65.00156855605177,65.0015078848644,65.00220982906299,94.9006616068827,117.98559394636347,117.10536482293875,99.46569339643996,100.48751045759913,105.25020131356258,110.68450621107593,116.84966326860065
120.0,120.0,120.0,120.0,120.0,120.0,120.0,120.0,120.0,120.0,65.0051356722074,65.00355268840298,65.00271980287735,65.00212894055832,65.00177677335199,65.00172169428332,65.00266452273405,94.78526868321836,116.95972346543758,116.74223952459472,98.83069856018584,100.36083093808446,105.26481484425874,110.87327082570563,117.02763170700858
120.0,120.0,120.0,120.0,120.0,120.0,120.0,120.0,120.0,120.0,65.00635572163043,65.00417265038868,65.00307167157167,65.00245323799417,65.00203320910282,65.00196485032181,65.0032014421134,94.7150560953608,117.58382340423304,115.43904652038177,98.04882817615383,100.09204763560425,105.27528403063586,110.98409545283384,117.09177572048031
120.0,120.0,120.0,120.0,120.0,120.0,120.0,120.0,120.0,120.0,65.00761907852961,65.00515483173501,65.00354043137794,65.00277281506037,65.0023496128826,65.00225761532253,65.0038593005077,94.67213530578448,118.00385840752945,115.24115258084694,97.35469190220755,99.65354285848129,105.21951795419568,111.09688310498977,117.13118609937483
120.0,120.0,120.0,120.0,120.0,120.0,120.0,120.0,120.0,120.0,65.00519607337289,65.00367759315084,65.00277402232066,65.00216853907821,65.00184157346588,65.00182855331163,65.0031547021225,94.60350040955568,112.29691572618769,108.10347140853189,90.70571951719656,89.92114995159142,93.27024486867961,98.33603585238694,105.09880625246224
120.0,120.0,120.0,120.0,120.0,120.0,120.0,120.0,120.0,120.0,65.00634640641813,65.00425015351155,65.00317901030343,65.0024924325096,65.00208279497222,65.00206442607299,65.00370315862853,94.51959122925028,112.18474880942374,107.74441719694508,90.08237872157962,90.04777290755503,93.40537558935118,98.39186357696568,105.1610436857303
120.0,120.0,120.0,120.0,120.0,120.0,120.0,120.0,120.0,120.0,65.00786415742458,65.00513154471595,65.003636942502,65.00286061049388,65.00238533586298,65.00234067091237,65.0043682740012,94.45251111686784,110.31089206297439,107.51657001109314,89.59067466147552,89.91264135516869,93.57159776282042,98.50669414686695,105.21430441539808
120.0,120.0,120.0,120.0,120.0,120.0,120.0,120.0,120.0,120.0,65.00936323973067,65.00638923363059,65.0043199199067,65.00325106571692,65.00274458946396,65.00268198699673,65.00518587917733,94.39551412619221,111.12526505830627,105.04283049087242,89.34634695551468,89.72032682739678,93.6131999876198,98.63857757928966,105.28633918234777
120.0,120.0,120.0,120.0,120.0,120.0,120.0,120.0,120.0,120.0,65.01107412432685,65.00768417061113,65.00538670991045,65.00378846185862,65.00311673616665,65.0031029848099,65.0062136454263,94.33097809544262,112.05814487758732,104.346138116635,88.49657791683087,89.64270444201301,93.593774165456,98.70843119008636,105.35927983079006
120.0,120.0,120.0,120.0,120.0,120.0,120.0,120.0,120.0,120.0,65.01016069778838,65.00596155921718,65.00444119005732,65.00353189974106,65.00256285680803,65.0024963890827,65.00508459984773,94.26181962721083,114.74113758859734,109.13167350606248,91.36160307204895,93.18930772214127,97.68546749584958,102.89558109645716,109.62122677792212
120.0,120.0,120.0,120.0,120.0,120.0,120.0,120.0,120.0,120.0,65.01326174901233,65.00804226910375,65.0049726068725,65.00410005951673,65.00332790546186,65.00279259922624,65.00572829990222,94.1950153354409,114.53988796330655,108.49690116115728,91.04775379664116,93.15889952899553,97.77156058881341,102.96993849697127,109.65729164150078
120.0,120.0,120.0,120.0,120.0,120.0,120.0,120.0,120.0,120.0,65.01566598750118,65.01095845384182,65.00654731525377,65.0043941437635,65.00414985641146,65.00367608434412,65.0061375609913,94.13036653574626,92.23913361683687,107.9257393506906,90.69355567615429,93.10033291390224,97.85059485861872,103.09840863495701,109.78891850687762
120.0,120.0,120.0,120.0,120.0,120.0,120.0,120.0,120.0,120.0,65.01980656402664,65.01303844462774,65.0094374819855,65.00553445704712,65.00431634266585,65.00535685250166,65.00919029333767,94.06152517762017,91.77044068120722,106.13844293434101,90.35147113996845,92.99171930204002,97.90294059405957,103.2013503147263,109.86236653498152
120.0,120.0,120.0,120.0,120.0,120.0,120.0,120.0,120.0,120.0,65.02682211426611,65.01591442891193,65.01165298792358,65.00849225927675,65.00511684363333,65.00559622668071,65.11136112839316,93.9890845185428,91.26111317909948,105.09391337928332,89.88089664108648,92.86246851928318,97.92587043822844,103.2902726168874,109.92060783538358
120.0,120.0,120.0,120.0,120.0,120.0,120.0,120.0,120.0,120.0,93.84677040272439,89.90428952401349,87.87360397397029,86.98376090339146,86.6648294731672,86.75967590412635,87.88346091817485,65.0000264688183,110.36958219277845,97.40655379514132,86.00235503545521,89.72315368602445,94.85664834114849,99.7224232659049,105.56383247738509
120.0,120.0,120.0,120.0,120.0,120.0,120.0,120.0,120.0,120.0,93.84781491305868,89.90423068597089,87.87304086397909,86.98160589020749,86.66006943086192,86.75194931154323,87.88083563711149,65.0000075283006,110.17648272501907,96.66264432257285,85.96441047987157,89.79334073609873,94.94796238040429,99.79105390315853,105.60138193423828
120.0,120.0,120.0,120.0,120.0,120.0,120.0,120.0,120.0,120.0,97.42402347206288,89.79280058893364,87.76757662372414,86.92470306316669,86.63549132661218,86.75131014740977,87.92601850414339,86.77184893877119,111.13130277058816,95.927810069485,85.9387195706134,89.87185572520642,95.0421726103001,99.85982358134474,105.63845665449108
120.0,120.0,120.0,120.0,120.0,120.0,120.0,120.0,120.0,120.0,98.29207944031081,94.55697924923972,87.32667555204078,86.6650633662234,86.51230156101799,86.69094738290505,87.84239458733794,83.3485531592044,65.00000138639756,95.91038562958674,85.92370679582143,89.95797276927249,95.13908657824587,99.92874147528909,105.6750756982646
120.0,120.0,120.0,120.0,120.0,120.0,120.0,120.0,120.0,120.0,98.46205939589974,96.17814474425974,91.83770530393889,86.03116713984765,86.18728034014114,86.53980112279834,87.01875891880132,65.0000042440189,106.17555108843942,95.0764823468587,86.08046964868554,90.05074657880562,95.23841775260799,99.99780037294629,105.71125843576222
120.0,120.0,120.0,120.0,120.0,120.0,120.0,120.0,120.0,120.0,99.24731025032479,96.62699539409766,93.72240073370403,89.68662938029789,85.51999676316139,86.21048977398281,86.3295499012402,109.17694614873442,105.03311492277915,93.74127433026011,86.21512834549485,90.23089515323404,95.33975019093924,100.066949156174,105.74702580593772
120.0,120.0,120.0,120.0,120.0,120.0,120.0,120.0,120.0,120.0,99.55726486607392,98.04130214984869,94.3882976222046,91.37770144538106,88.22788363904442,85.52921254099283,65.00000570968986,107.60014205862996,106.36110770738135,91.89831481303852,86.25300121745981,90.45592436367413,95.47813371887106,100.1360753742964,105.78238298439885
120.0,120.0,120.0,120.0,120.0,120.0,120.0,120.0,120.0,120.0,99.66182423363634,98.69907482757259,96.35982209965314,92.07517870096635,89.48072696071675,87.35221038507841,65.00000289669808,108.0264164206859,104.43300274061595,91.24935896375358,85.99588518669172,90.65919767385704,95.6454483877622,100.22111684999616,105.81731016182465
120.0,120.0,120.0,120.0,120.0,120.0,120.0,120.0,120.0,120.0,99.898534643776,98.9569754780486,97.41373773296175,94.37185349945257,90.02097530722496,88.1357745361709,65.00000441524234,109.35230073177621,103.58956371214917,90.2874444644288,85.7910189635873,90.69655092613299,95.80980803649494,100.31889451036821,105.86032954253633
120.0,120.0,120.0,120.0,120.0,120.0,120.0,120.0,120.0,120.0,100.01143868326662,99.42582138657833,97.88590181673531,95.75431326101763,92.33755618719661,88.42980772417981,82.30097179384782,108.54054911233204,104.40540702857089,89.35036041603708,85.64377444268648,90.64107469508626,95.90275598091684,100.4145084784962,105.90792270188228
120.0,120.0,120.0,120.0,120.0,120.0,120.0,120.0,120.0,120.0,100.0612732677893,99.67323694324212,98.65847804604861,96.45254331632424,93.87705120603756,90.14205781331133,65.00000007977238,115.18309651939232,112.57498029440066,88.87108792067484,85.56375598529961,90.5751311496499,95.9366597343961,100.49729262254708,114.93319375654163
120.0,120.0,120.0,120.0,120.0,120.0,120.0,120.0,120.0,120.0,100.14052575826211,99.79216990616129,99.10637353330256,97.55717804086973,94.7418728381675,91.44544437827307,87.00380530323599,114.82217501605794,102.7933840278231,88.32727280059216,85.63507287029664,90.54575382570783,95.95221706881463,100.5355178831594,114.9483573655426
120.0,120.0,120.0,120.0,120.0,120.0,120.0,120.0,120.0,120.0,100.18266452412068,99.95641375689817,99.33917890333657,98.25736213957983,96.10883327120786,65.00000149090236,86.01576450877037,113.80481722719198,100.62300315318649,87.64642318449884,85.79177977252107,90.61462113063065,95.97715943987849,100.56900478650675,114.93790581532984
120.0,120.0,120.0,120.0,120.0,120.0,120.0,120.0,120.0,120.0,100.2045909599765,100.0496799167215,99.63429380023715,98.64964486500931,97.05571705476437,65.00000324759262,65.0000002175409,107.49872504769117,100.7798290914859,86.90388562855259,85.90442906937874,90.78236284736967,96.04199461557795,100.60546732543918,114.91859513271025
120.0,120.0,120.0,120.0,120.0,120.0,120.0,120.0,120.0,120.0,100.23263047692797,100.10090135380219,99.81288643123432,99.12089891600897,97.63730178547512,91.79988570918367,65.00000003226023,107.61114636566283,99.3588305675733,86.52610152472117,85.85935475096593,90.97622257372508,96.15572097359366,100.65825107379541,114.89918553942955
120.0,120.0,120.0,120.0,120.0,120.0,120.0,120.0,120.0,120.0,100.24869468370181,100.16050602487314,99.91600631391366,99.42437627469079,98.3404390243439,91.23680538731153,65.00000081524917,64.99999954577679,97.96377658299795,86.24543408520267,85.73259395731333,91.09563287178341,96.28948280417502,100.69852319492891,106.0636841733158
120.0,120.0,120.0,120.0,120.0,120.0,120.0,120.0,120.0,120.0,100.2579956537499,100.19612047528187,100.02848639685574,81.22877271338994,98.54067447046481,96.2472912533967,107.9631373289604,64.9999995688638,98.68849343473603,86.00399992907772,85.61161044124859,91.11552913914664,96.39608954259593,100.77518867162837,106.10140077645134
120.0,120.0,120.0,120.0,120.0,120.0,120.0,120.0,120.0,120.0,100.26829845328216,100.21762209203958,90.61427356943373,99.8033845306891,65.0000016888694,97.06369752819455,87.83736561739893,106.49738322295617,99.27718531768558,86.01078670220642,85.54636536006632,91.07750106502303,96.45405955818451,100.83876959901625,106.13962210064034
120.0,120.0,120.0,120.0,120.0,120.0,120.0,120.0,120.0,120.0,100.27452224811273,100.23980051417543,100.14258896511652,87.91191942979215,101.13968781204356,65.00000008450212,93.66067244610876,104.4350494841278,97.63169907661954,86.20511284722195,85.61271736227143,91.03877900669298,96.47627470912245,100.8810188039706,106.16874609303743
120.0,120.0,120.0,120.0,120.0,120.0,120.0,120.0,120.0,120.0,65.00000212551812,100.25362366944057,99.25573300184358,100.67648798331754,85.34191372919395,103.46690863834026,64.99999970311235,79.73019906194659,94.10341854926502,86.31619151758468,85.84440750506639,91.0707965573072,96.48830473887217,100.90822332878314,106.1873001404147
120.0,120.0,120.0,120.0,120.0,120.0,120.0,120.0,120.0,120.0,65.0000015564692,65.00000146805206,99.9919315464654,97.97107759125855,65.00000288439847,90.86770001838376,65.00000001030068,107.84437732125969,92.55608231946398,86.11643499399858,86.13715197217405,91.23028206305659,96.52409685031121,100.9307209444691,106.20055232193786
120.0,120.0,120.0,120.0,120.0,120.0,120.0,120.0,120.0,120.0,65.00001011279231,65.00000215060506,65.00000034299251,99.26028569770185,96.86094669130277,65.00000051533596,109.55355412933659,64.99999945777179,91.96341792591126,85.83038076936094,86.28014441483091,91.4881184216899,96.6156890852617,100.96203850241915,106.2138065591979
120.0,120.0,120.0,120.0,120.0,120.0,120.0,120.0,120.0,120.0,95.75019779217034,77.79012027946342,65.00000298682082,64.99999987750469,94.0818016733983,100.53733341697594,64.99999975089491,109.16537429692605,92.91365565339517,85.66471702293168,86.16715730966348,91.72166879905546,96.75884775805238,101.01588876300781,106.23271645536902
120.0,120.0,120.0,120.0,120.0,120.0,120.0,120.0,120.0,120.0,65.00000076015552,93.59043749628374,84.4602941387135,65.00000285227489,64.99999966196205,89.27417949257726,101.50694048429288,104.4397501703486,93.5155615574927,85.82811348978034,85.91556440046523,91.80867077972202,96.90244822060124,101.09049784981184,106.26224664286414
120.0,120.0,120.0,120.0,120.0,120.0,120.0,120.0,120.0,120.0,99.0212700482163,65.00000015678836,92.50590885199664,91.66107205654949,65.00000124866939,64.99999955496774,86.92120484157428,107.5492133919605,91.67773924913125,86.21962201663692,85.79347961374128,91.73213184533425,96.9869164285657,101.16374199152543,106.29914883528939
120.0,120.0,120.0,120.0,120.0,120.0,120.0,120.0,120.0,120.0,80.45266852552794,101.19317629517886,65.00000056990254,92.34267661658508,96.26122484539033,64.99999971276861,109.85943853915552,105.2100019614885,90.8923976749211,86.41980655825785,85.94928462274318,91.62712090289247,96.9931876534983,101.21091285419668,106.33145375021924
120.0,120.0,120.0,120.0,120.0,120.0,120.0,120.0,120.0,120.0,98.3641013176399,82.20250601776591,104.26678271118246,65.00000002473489,92.50355790158991,96.59773806405472,64.99999949473472,104.19681318553975,89.74843245841261,86.4102749037868,86.26176430653724,91.66588163413682,96.97060697923888,101.22551189166101,106.34894039547429
120.0,120.0,120.0,120.0,120.0,120.0,120.0,120.0,120.0,120.0,98.3089868150187,96.88794820703723,77.60037591305627,65.0000198076166,64.99999986752857,92.80672139236064,64.99999997452086,109.26713797452612,88.76605218625348,86.21732643720391,86.51300529234229,91.86793874459886,96.99990635158497,101.22942819401948,106.35231845489318
120.0,120.0,120.0,120.0,120.0,120.0,120.0,120.0,120.0,120.0,65.00000638246297,96.5290616115073,94.52641439785349,81.3813146383862,65.00000004954386,108.18863023978567,93.5123118436705,111.27624021827972,89.44320797644605,85.96340254441017,86.53092909313935,92.1146521242459,97.10461150009998,101.25639056721288,106.3552189383799
120.0,120.0,120.0,120.0,120.0,120.0,120.0,120.0,120.0,120.0,65.00000452103725,65.00000170644086,94.60411651426712,86.59830443689007,65.000018495793,64.99999957624703,105.28881834562766,109.37024244715552,90.36604579984298,85.98442436916417,86.31968445974877,92.26334239752842,97.23860870012504,101.31399718840221,106.3730304405467
120.0,120.0,120.0,120.0,120.0,120.0,120.0,120.0,120.0,120.0,66.51066696355694,65.00000618404468,65.00000016460761,91.11454795468683,83.20873063259762,64.99999974606524,64.99999944339079,114.46498591833127,98.97582192223896,92.95593866367174,92.66876314291261,100.63178189361003,107.00031905078414,112.29428556652245,119.43916355447467
120.0,120.0,120.0,120.0,120.0,120.0,120.0,120.0,120.0,120.0,95.18042842908305,85.23886812290483,65.00000467606382,64.99999978006576,83.08395985453193,119.56651045892387,64.99999943978942,117.72729958041322,96.96546233762729,93.31558001736255,92.67486013040119,100.49535897707548,107.04473109079885,112.34864096795363,119.45266009029666
120.0,120.0,120.0,120.0,120.0,120.0,120.0,120.0,120.0,120.0,65.00000103817948,92.26647944858313,93.12537047960208,65.00000155479688,64.99999959949379,118.14447512101005,119.56799883243046,119.56592093795558,96.4242357548315,93.29906839298476,92.87555176183133,100.41265008398369,107.04939962026559,112.48621047265645,119.56507600321522
120.0,120.0,120.0,120.0,120.0,120.0,120.0,120.0,120.0,120.0,98.82279636758955,65.00000021471028,89.52879294876831,100.9439167699109,65.00000008153933,64.99999951382902,115.34711062201794,119.56591241646547,97.2942106711875,93.0604931524847,93.06103759032749,100.46494667833781,107.04556099658569,112.58811865357801,119.56507768868863
120.0,120.0,120.0,120.0,120.0,120.0,120.0,120.0,120.0,120.0,77.23025683653499,100.86339149662535,64.99999983256501,87.16926708441282,101.98149972447519,64.99999957208748,118.18472551145648,111.50515408816105,98.23129679421825,92.98540817177552,93.05004489195619,100.57751561142375,107.10788130930558,112.65176078665819,119.56501049208397
120.0,120.0,120.0,120.0,120.0,120.0,120.0,120.0,120.0,120.0,98.30111543325555,84.72549384241394,65.00000435594173,64.9999999803376,108.42690445817259,65.00000985239961,64.99999943972614,100.02986486266708,89.14299397045485,86.52016058706214,86.54100154029314,92.45721136381992,97.45781243627228,101.48522543393851,78.49238748773425
120.0,120.0,120.0,120.0,120.0,120.0,120.0,120.0,120.0,120.0,65.00000646795988,97.06404114453512,84.38315608199277,65.00000037536448,109.35049822661037,107.61174416052104,64.99999951692202,103.66113686814184,88.10858976309223,86.57264163375085,86.46910399708172,92.49564714600459,97.53489020044783,101.53075119743703,78.55430398376866
120.0,120.0,120.0,120.0,120.0,120.0,120.0,120.0,120.0,120.0,65.00006045160383,65.00000140572456,88.8331646799509,94.88605749577935,64.99999970199039,106.59909109226821,108.79386262946218,106.14529181539118,88.16104868207651,86.45886592720424,86.44160183332302,92.48016240820645,97.57279431732215,64.99999935124639,78.62911780081612
120.0,120.0,120.0,120.0,120.0,120.0,120.0,120.0,120.0,120.0,70.91874413614664,65.00001868691236,65.0000003598756,82.8169426623912,101.99574287353569,64.99999949987418,103.25505607126787,104.99047271971456,88.73995518087779,86.3547253570019,86.42181553918941,92.46549370139721,97.58372543882548,64.9999993512449,78.68124039914979
120.0,120.0,120.0,120.0,120.0,120.0,120.0,120.0,120.0,120.0,95.09909954577924,86.56863036653623,65.00000432800297,64.99999996991565,81.00050590084999,65.00000083594954,64.99999942259906,98.76090906827746,89.07554201492866,86.383481459059,86.39222870470923,92.4584437550539,97.59131604867827,64.99999935124411,78.7037355123856
120.0,120.0,120.0,120.0,120.0,120.0,120.0,120.0,120.0,120.0,96.21750550625448,91.31506076960632,94.40560739168333,65.00000003002575,116.84230146885949,115.23147479950606,119.34532639173081,106.22361681855266,93.66781211216485,91.60459723458827,91.466172815778,97.98629844992445,103.45704086694539,64.99999935124333,78.71651421627718
120.0,120.0,120.0,120.0,120.0,120.0,120.0,120.0,120.0,120.0,65.00000199338633,92.81698661768154,87.40601089438037,94.52554552990637,64.99999961289643,113.15069640377351,116.57070918787676,109.30477809228502,93.0306190826336,91.58458492036499,91.52187559327457,97.98819966545896,103.4704851368276,64.99999935124255,78.73572767595782
120.0,120.0,120.0,120.0,120.0,120.0,120.0,120.0,120.0,120.0,77.10707716888348,65.0000011580243,90.3289675424473,84.18777922697942,65.00000266584308,64.99999948814747,111.23209586873834,108.05899441323062,93.27747315091744,91.45876581165845,91.53345132150358,98.0086033211545,103.4968230226043,64.999999351242,78.7573247586797
120.0,120.0,120.0,120.0,120.0,120.0,120.0,120.0,120.0,120.0,95.57239087744229,100.13104965848088,65.00000045055108,87.50612679232701,114.54471448003319,64.99999956868348,118.18377740456404,103.1104628233162,93.29606553070315,91.41424207239211,91.46763537923474,98.02089664385004,103.52330866095468,64.9999993512415,78.77369645441239
120.0,120.0,120.0,120.0,120.0,120.0,120.0,120.0,120.0,120.0,65.00000446025555,93.48439260533023,102.64104824835387,64.9999999266599,112.89049904763506,117.26065424692038,64.99999941976958,105.1288237783584,92.40540581009554,91.41430538062727,91.37698513583938,97.99040563567566,103.55392637540507,64.9999993512407,78.7891113967472
120.0,120.0,120.0,120.0,120.0,120.0,120.0,120.0,120.0,120.0,65.00000188837143,93.81498252022622,91.02191605175027,68.21883768833932,111.35290798988616,104.5839396674143,64.99999945284463,100.82344659641016,87.0860475196994,86.32875755452577,86.4265964819136,92.52814445405508,97.66789882140812,64.9999993512397,78.81124622376817
120.0,120.0,120.0,120.0,120.0,120.0,120.0,120.0,120.0,120.0,68.94800034814,65.00000095790995,91.07027549792778,109.78597352946423,64.9999998222313,110.15604617527026,103.34349247848682,102.17371025280474,87.20762403562976,86.24614291975362,86.41143968795721,92.51455164907269,97.6732759312131,64.99999935123893,78.8361176945682
120.0,120.0,120.0,120.0,120.0,120.0,120.0,120.0,120.0,120.0,94.48077346257544,88.92947680725585,65.00000025511748,107.73374581957958,111.80522031770333,64.99999949734448,104.00157484688312,99.0713848346918,87.57644194375276,86.20827807439619,86.38987754944786,92.50356036125623,97.67256785861981,64.99999935123857,78.85250948156857
120.0,120.0,120.0,120.0,120.0,120.0,120.0,120.0,120.0,120.0,65.00000296893162,92.16347283318176,102.78173251470064,64.99999984487549,106.16835552340949,113.12179891774588,108.75658525417177,95.79938226728046,87.593198949421,86.26679365941618,86.36904576510929,92.49064361362113,97.67196133458468,64.99999935123839,78.8592133389461
120.0,120.0,120.0,120.0,120.0,120.0,120.0,120.0,120.0,120.0,65.00001518859642,65.00000116039679,90.55103631312602,105.44652009424607,64.99999961137921,105.40789794189502,111.43117904200955,95.89488828315473,87.09889963714575,86.35206716368445,86.38062883580601,92.47493891492994,97.6697846663615,64.99999935123817,78.86444389921404
120.0,120.0,120.0,120.0,120.0,120.0,120.0,120.0,120.0,120.0,65.3791042947735,68.4874626198366,90.34504965562938,111.08617806981049,106.13423484642446,111.39288676401792,108.27596861247348,102.24147779039728,89.97994735696935,89.52218365102013,89.55351234509429,96.6944965049874,102.16360954667607,64.99999935123806,78.87146054480812
120.0,120.0,120.0,120.0,120.0,120.0,120.0,120.0,120.0,120.0,66.0099882536817,65.87053508953024,82.03729973148809,110.6742045247969,111.05024801519554,104.53914400404614,108.91814850278651,100.13309742072315,89.91287276878971,89.41737777723162,89.6184600898495,96.72804437738284,102.16878027784436,64.99999935123806,78.87668311579229
120.0,120.0,120.0,120.0,120.0,120.0,120.0,120.0,120.0,120.0,69.97962985558573,67.81401383966097,74.77456863681218,104.73304186630989,112.36428350358909,109.23718679103642,111.70998882505486,98.69232714872628,89.66024635713298,89.3262158083246,89.56465591557266,96.7619507696211,102.18987584149446,64.99999935123795,78.8792720174127
120.0,120.0,120.0,120.0,120.0,120.0,120.0,120.0,120.0,120.0,72.26314312167196,74.4469905303328,79.00000442833655,94.01827567497826,104.06595523188801,112.69225344499638,106.7388443127731,99.82169996682742,89.28815817653297,89.24745508791409,89.43573532054947,96.74725223806783,102.21101353084887,64.99999935123748,78.88486743816513
120.0,120.0,120.0,120.0,120.0,120.0,120.0,120.0,120.0,120.0,74.00119579941357,76.04089180277698,86.94945472064397,97.70168689736188,102.15949576835173,101.53349949295509,107.9079420905522,97.71380918084601,89.23793050566634,89.14815988538064,89.30848382697732,96.67393194591777,102.22364680569288,64.99999935123681,78.89764099224529
120.0,120.0,120.0,120.0,120.0,120.0,120.0,120.0,120.0,120.0,80.0139746392037,65.00000019310282,93.94721101211219,96.2836700644209,64.99999980225628,64.99999956971136,109.94268418512891,92.86732653651718,86.9167549619232,86.74113777817854,86.96796159552942,93.16647560597622,98.37948002098236,64.99999935123633,78.9128059247502
120.0,120.0,120.0,120.0,120.0,120.0,120.0,120.0,120.0,120.0,95.8519019570559,89.4937913694331,64.9999999066261,96.36533845287312,113.53087146580388,113.01399501328663,110.20696940756089,93.1557195171145,86.68226938384777,86.73747910938964,86.95410164909391,93.12800772523443,98.3679588607255,64.99999935123628,78.92110209070336
120.0,120.0,120.0,120.0,120.0,120.0,120.0,120.0,120.0,120.0,65.00000155848443,91.72110632222545,94.06531194035001,64.99999972987264,112.23859599225581,113.19341919334492,110.15168182772813,93.21742986930415,86.58684034311389,86.70805596267151,86.96231269862677,93.10198780567963,98.35409404004677,64.99999935123658,78.91945900335139
120.0,120.0,120.0,120.0,120.0,120.0,120.0,120.0,120.0,120.0,65.00000557476608,65.00000060050719,88.88109205808696,101.20075668832236,64.99999961389994,111.8119278719118,109.4901848370016,93.12504385467027,86.58695483653267,86.66866604710084,86.97279798105298,93.09334740274892,98.34316668753671,64.99999935123695,78.91275940039543
120.0,120.0,120.0,120.0,120.0,120.0,120.0,120.0,120.0,120.0,79.00017719528527,65.00000427842285,65.00000016198724,87.7678295824269,80.90309303912639,64.99999953007277,107.86714185789059,92.57497935491101,86.64467856065065,86.646098835209,86.96887626485629,93.09454471943006,98.3395057069436,64.99999935123722,78.90685869931836
120.0,120.0,120.0,120.0,120.0,120.0,120.0,120.0,120.0,120.0,94.41219103697335,85.71296432243432,65.00000121436048,65.00000024034101,109.48837041651369,64.99999969314568,107.27198441302113,90.86925612354278,86.05087292072443,86.03167768923696,86.33632925466638,92.45663079698774,97.66688267905627,64.99999935123729,78.90484485154293
120.0,120.0,120.0,120.0,120.0,120.0,120.0,120.0,120.0,120.0,65.00000157590682,89.28799239306241,91.81728167186208,65.00000009908992,107.97566203368923,110.75064627084188,111.43386229476128,90.18006531293851,85.97387489193483,86.0681692645934,86.32703921877138,92.44968602239088,97.66745078714634,64.99999935123724,78.90699217614083
120.0,120.0,120.0,120.0,120.0,120.0,120.0,120.0,120.0,120.0,75.13859453640228,65.00000071683179,85.6366057903059,91.84008491576651,64.99999970880327,105.41174327532968,110.0483528132297,91.0343143694428,85.84904789505308,86.09426686765917,86.33731242816928,92.44018581591351,97.66391265596135,64.99999935123724,78.91027407916813
120.0,120.0,120.0,120.0,120.0,120.0,120.0,120.0,120.0,120.0,95.94761170935945,97.65497850950118,65.00000021922769,83.53780102732037,65.00000175967575,64.99999956345624,102.78735390859535,91.38551022397577,85.93744746763616,86.08960429565892,86.36176328182609,92.44013125720468,97.65883625648445,64.99999935123736,78.91070534289558
120.0,120.0,120.0,120.0,120.0,120.0,120.0,120.0,120.0,120.0,96.86990446779998,93.99691443215393,65.00006569695773,64.99999993827382,108.497380206406,64.99999964390072,105.97559664777371,89.8025409065895,86.14608205581203,86.09191204289851,86.380379307978,92.4529578633315,97.65755845530687,64.99999935123753,78.90764527512184
120.0,120.0,120.0,120.0,120.0,120.0,120.0,120.0,120.0,120.0,65.00000146712806,92.72130644166347,89.00459558727447,65.00000025053858,106.14594053126945,110.76081799745404,109.30708943722803,89.25903043912014,86.22437421003433,86.13546866982993,86.38561345865897,92.4695443921925,97.6622988487165,64.99999935123756,78.90433228876898
120.0,120.0,120.0,120.0,120.0,120.0,120.0,120.0,120.0,120.0,65.00000722783359,65.00000063279863,83.53363349479237,65.0000145619018,114.6165347286962,103.94963394377069,108.65543774923044,89.65390293839316,86.21382982174113,86.20205539720264,86.39231158804748,92.48037245083997,97.6696665891937,64.99999935123743,78.90433970854296
120.0,120.0,120.0,120.0,120.0,120.0,120.0,120.0,120.0,120.0,81.50171771354815,65.00000525594429,65.00000017066888,106.1685723984393,114.12608387751811,111.99387499081183,101.32068319048354,89.96299438169058,86.26239039659654,86.25974400621854,86.4154367017869,92.48836458075384,97.67521752714646,64.99999935123724,78.90791456981938
120.0,120.0,120.0,120.0,120.0,120.0,120.0,120.0,120.0,120.0,100.1127919003402,95.4755559085709,65.00000210523336,64.99999994283145,108.99246751034198,112.85114326603161,103.19012016528416,88.89448534438952,86.36836221276596,86.30304131014572,86.45157591518836,92.5039206602553,97.6795541824023,64.9999993512371,78.91181386386108
120.0,120.0,120.0,120.0,120.0,120.0,120.0,120.0,120.0,120.0,65.00000099512036,94.252070010491,98.8635585492999,65.0000003010488,108.62948204154071,109.15011867284716,104.43065354420807,88.40954704127559,86.36404926370483,86.34312738417806,86.48661237507568,92.53084153470685,97.68720429952023,64.99999935123697,78.91354688309407
120.0,120.0,120.0,120.0,120.0,120.0,120.0,120.0,120.0,120.0,65.00000482866065,65.00000097944343,87.50164451043129,65.00001344773537,64.99999971820003,107.79069060518783,102.47315056794456,88.25824860074282,86.29352739288005,86.37369349008345,86.51163444144552,92.56299206125841,97.70041941094928,64.99999935123672,78.91494101719358
120.0,120.0,120.0,120.0,120.0,120.0,120.0,120.0,120.0,120.0,75.79390420276138,65.0000036194886,65.00000054653165,108.10905379954244,65.00000014159804,113.1912673505202,100.44631563397458,87.87119514974432,86.21733582458474,86.38629029134877,86.5248821479954,92.59227794497387,97.71690668916746,64.99999935123631,78.91955651017278
120.0,120.0,120.0,120.0,120.0,120.0,120.0,120.0,120.0,120.0,102.60354650795841,91.66522688519643,65.00000147431207,108.8745273223618,109.87696329800015,114.53493341869722,103.09087767191451,87.29463181820057,86.12461493874645,86.38040696309382,86.52708209406137,92.61429753385895,97.7330193149805,64.9999993512358,78.92793361154011
120.0,120.0,120.0,120.0,120.0,120.0,120.0,120.0,120.0,120.0,65.00000071732975,97.76522701500966,102.6995433420209,65.00000030766428,106.42609481412593,112.14478883473365,104.77144628811175,87.37168404106411,86.00047555862919,86.35786965422054,86.51976905795928,92.62764696316546,97.74653818747058,64.99999935123529,78.93755726880812
120.0,120.0,120.0,120.0,120.0,120.0,120.0,120.0,120.0,120.0,85.19423998597345,65.000000454367,92.6058741001993,106.10012943694876,64.99999978436293,106.26362221697597,103.92168733975717,87.67193032202181,85.96030869608829,86.31919175394624,86.50494119393473,92.63228243054496,97.75651889902134,64.99999935123485,78.94624036777755
120.0,120.0,120.0,120.0,120.0,120.0,120.0,120.0,120.0,120.0,73.06656751966875,65.00000337108614,65.00000026514968,112.6775261321277,65.00000106951799,115.07131150296604,101.49065097382616,89.82534448422803,88.08758098312732,88.33952859029488,88.53248241165242,94.68251280343594,99.85730858461257,64.9999993512345,78.95348917351481
120.0,120.0,120.0,120.0,120.0,120.0,120.0,120.0,120.0,120.0,105.40767355442465,86.83237525027991,65.00000168310049,113.69891070686381,112.4475555046018,117.1944950043792,103.11178724767497,89.18790022005146,88.19620486855943,88.32121445746566,88.51136205785596,94.67445382746284,99.86226644792437,64.99999935123424,78.95935854595956
120.0,120.0,120.0,120.0,120.0,120.0,120.0,120.0,120.0,120.0,65.00000051505442,100.81682157252338,98.01105721288499,65.00000039897446,110.11229458971312,114.56790720224137,105.3379058443239,88.94438089611447,88.209982015898,88.33776058642177,88.4825865847953,94.65777825738789,99.86861006092785,64.99999935123408,78.96376376431145
120.0,120.0,120.0,120.0,120.0,120.0,120.0,120.0,120.0,120.0,81.50858235800212,65.00000035116288,96.08534294975706,108.24807816342167,64.99999978893125,108.85464699496286,104.82141581800404,89.11768358419963,88.15397911266844,88.36447263235787,88.46888266394394,94.63315870754302,99.86809671781927,64.99999935123404,78.96663934454253
120.0,120.0,120.0,120.0,120.0,120.0,120.0,120.0,120.0,120.0,105.10617251624191,109.20464820218207,65.00000018014576,113.61240707828982,109.66633194851318,64.99999954609898,100.2753314724842,89.25841613833732,88.12464092668571,88.37371280102278,88.47808764396252,94.61243757345326,99.86476469772153,64.9999993512341,78.96793272991746
120.0,120.0,120.0,120.0,120.0,120.0,120.0,120.0,120.0,120.0,65.0000012094218,103.17400032636452,111.44245370946555,111.89297637663441,111.2102717076136,115.45109394743336,99.94029925246986,86.79814013305419,86.11772242973375,86.32185452495739,86.49323011941499,92.59309366738445,97.75092219533045,64.99999935123417,78.9679268126421
120.0,120.0,120.0,120.0,120.0,120.0,120.0,120.0,120.0,120.0,65.0000027734498,65.00000066362642,101.49096382885953,111.92600623204493,110.45178609084985,110.21824904207533,102.73085453563849,86.72008227083874,86.09891795908486,86.32235625240253,86.50457969867308,92.60873073390628,97.75425326343385,64.99999935123417,78.9680068927222
120.0,120.0,120.0,120.0,120.0,120.0,120.0,120.0,120.0,120.0,68.77502543313955,65.00000311346889,65.00000038034644,102.99579819342239,65.00000068725349,106.89828646168765,100.84348703055626,87.12145623200756,86.07404075008894,86.32528492099597,86.503448333264,92.6223376252263,97.76139467176151,64.99999935123402,78.97017446866096
120.0,120.0,120.0,120.0,120.0,120.0,120.0,120.0,120.0,120.0,104.44021351308191,86.45257185821558,65.00000283758716,65.00000022693541,103.92981327946113,64.99999960010435,96.60487255786566,87.27501317525815,86.13729833502072,86.32798067134125,86.4967839565961,92.62835758354838,97.76835989573618,64.99999935123378,78.97505425317574
120.0,120.0,120.0,120.0,120.0,120.0,120.0,120.0,120.0,120.0,65.00000021688741,101.28059590442523,95.66343804561151,65.00000097543496,109.33474154808628,114.49664160525596,98.69051154549372,86.80024645304809,86.23602100473543,86.33989251488852,86.49147252916089,92.62800307970404,97.7723909855095,64.99999935123355,78.98085333429668
120.0,120.0,120.0,120.0,120.0,120.0,120.0,120.0,120.0,120.0,65.00000376219862,65.00000021950011,99.01496989642897,111.71271775401914,64.99999999578866,107.00858199907834,101.04587827946345,86.68269741435088,86.25314186751233,86.36531435167211,86.49282415048935,92.62557292748178,97.77360494357647,64.99999935123343,78.98507804739813
120.0,120.0,120.0,120.0,120.0,120.0,120.0,120.0,120.0,120.0,69.15938423039543,65.00000406953343,65.00000002069999,98.46032209739002,86.67922171415195,112.74890572773569,98.14342757673793,87.00571288223145,86.2195248595327,86.389983161541,86.5038621635822,92.62553028802309,97.77365898667173,64.99999935123337,78.98695087529181
120.0,120.0,120.0,120.0,120.0,120.0,120.0,120.0,120.0,120.0,104.3909834778292,86.26442745410621,65.00000358863869,64.99999990078548,113.07905112011915,115.28720943718982,98.57776524642657,87.03883739430057,86.23863692048343,86.40087553420396,86.5210463916774,92.63140488832093,97.77442439994155,64.99999935123333,78.98758279636078
120.0,120.0,120.0,120.0,120.0,120.0,120.0,120.0,120.0,120.0,65.00000063140486,101.09285464929214,93.67661504560476,65.0000012621704,109.43972770544353,113.28482840911212,100.00056103480729,87.05415486933636,86.2770469518399,86.40579921830505,86.53510274354073,92.64333965727289,97.77755960528897,64.99999935123327,78.98830550697382
120.0,120.0,120.0,120.0,120.0,120.0,120.0,120.0,120.0,120.0,65.00000374228306,65.00000029020991,98.49076880864581,107.96495744160745,65.0000000646173,107.51217708642501,100.00179165177452,87.17114757563445,86.314658471138,86.41456595691565,86.54050315718233,92.65675974179705,97.78348269329855,64.99999935123314,78.98996888323342
120.0,120.0,120.0,120.0,120.0,120.0,120.0,120.0,120.0,120.0,70.88922292660311,65.00000670982786,65.00000111102746,97.50484615313249,65.00000315257945,115.0632428497664,96.70732521617396,87.19870889120139,86.35305790594732,86.42979549471103,86.54003254949475,92.66637984216057,97.79050204255607,64.99999935123294,78.9931749610279
120.0,120.0,120.0,120.0,120.0,120.0,120.0,120.0,120.0,120.0,104.37129354182548,87.82013441718715,65.00000458048444,65.00000083890744,112.83581318547117,64.99999972523935,99.44619838624544,86.76314918051871,86.37145173308787,86.44886194606332,86.54033179691442,92.67104311020667,97.79623393393864,64.99999935123272,78.99775252759878
120.0,120.0,120.0,120.0,120.0,120.0,120.0,120.0,120.0,120.0,65.00000168100337,100.89804844744738,95.46410467061742,65.00000130374058,108.743422089257,114.14652813600756,101.41072371167391,86.86265322625528,86.30292057823594,86.46490586499903,86.54567785692835,92.67379141652711,97.79987326381668,64.99999935123253,79.00232155869479
120.0,120.0,120.0,120.0,120.0,120.0,120.0,120.0,120.0,120.0,65.00000549968124,65.00000105692385,98.0460188536805,108.20718108219967,65.00000011202125,106.23671315936335,102.62984227337424,87.19272547025632,86.2518288773292,86.46403075079448,86.55482747833415,92.67835047569596,97.80252469666019,64.99999935123239,79.0055730471694
120.0,120.0,120.0,120.0,120.0,120.0,120.0,120.0,120.0,120.0,69.14121000899277,65.00000634075018,65.00000065749784,96.65858968311065,65.00000462330753,113.07428446872909,98.3931223739199,87.63687611707574,86.27615324613296,86.44895778191429,86.56073020509082,92.68582986841753,97.80579405910383,64.99999935123229,79.00765238671235
120.0,120.0,120.0,120.0,120.0,120.0,120.0,120.0,120.0,120.0,104.3895640096427,87.42880535793589,65.00000182858906,111.68251688837533,112.4744999593179,64.99999964341926,99.21556307194471,87.49456714148472,86.38628042781419,86.43750688128851,86.5573484796914,92.69324423985734,97.810338025099,64.99999935123215,79.00972087116622
120.0,120.0,120.0,120.0,120.0,120.0,120.0,120.0,120.0,120.0,65.00000065753888,101.05346863375836,94.73821729561934,65.00000054569534,108.41732708954116,113.7974624071243,101.0050231906959,87.3687229315108,86.46549436009802,86.44833483123428,86.54733991923726,92.6958112414538,97.81496671208593,64.99999935123198,79.01268074848596
120.0,120.0,120.0,120.0,120.0,120.0,120.0,120.0,120.0,120.0,65.00000304330564,65.0000003023867,98.21967781185069,109.28804818175624,64.99999990933414,106.0491012415115,102.60858732467923,87.44426417415494,86.48219355398209,86.47563824362692,86.54194477806561,92.6923872554859,97.81761228966616,64.9999993512318,79.01647270103926
120.0,120.0,120.0,120.0,120.0,120.0,120.0,120.0,120.0,120.0,68.2839338129472,65.00000340804866,65.00000008150874,98.01082260426006,75.65417439529777,112.2245727962391,98.67935975356251,87.77741343307727,86.46943358096715,86.50079653962526,86.54949122975792,92.68809535114819,97.81744750633325,64.9999993512317,79.02001223303608
120.0,120.0,120.0,120.0,120.0,120.0,120.0,120.0,120.0,120.0,104.37598105745388,86.504692267939,65.00000314970501,64.99999994293401,112.75671019453532,115.26363999624718,99.20476421080569,87.58341522276747,86.49519341125689,86.51221192390713,86.56675456218844,92.69001892038234,97.81639982482696,64.99999935123166,79.02199051895009
120.0,120.0,120.0,120.0,120.0,120.0,120.0,120.0,120.0,120.0,65.00000357472179,101.11215289068234,93.0304614830714,65.00000098503956,109.02522477947636,113.45947117011517,101.3589048337281,87.40196661305649,86.48902409886641,86.51693881987576,86.58258955196797,92.70007488810184,97.81762617311767,64.99999935123166,79.02235740410819
120.0,120.0,120.0,120.0,120.0,120.0,120.0,120.0,120.0,120.0,65.00000456093136,65.00000202015298,98.45545635383414,93.82760529275761,65.00000000445336,107.45282102807575,101.78549506452131,87.52501438674429,86.44317712932724,86.51811161351317,86.58954937817943,92.71339590577301,97.82247737462862,64.9999993512316,79.02281241880999
120.0,120.0,120.0,120.0,120.0,120.0,120.0,120.0,120.0,120.0,71.00693808926664,65.00000416217084,65.00000136092137,112.51482424742703,65.00000119171514,114.98318272716787,98.22615074605987,87.63069991289493,86.41459997698853,86.51325345416622,86.58763442577452,92.72354432108729,97.82915210631737,64.99999935123141,79.02523313804615
120.0,120.0,120.0,120.0,120.0,120.0,120.0,120.0,120.0,120.0,104.3610714758839,87.447637077106,65.00000224465451,111.06639514902456,113.20022761981717,64.99999968115209,101.18398152202717,87.1745448543099,86.40485151140064,86.50470901907394,86.58035494205598,92.72763699598063,97.8348482366151,64.9999993512312,79.0296489287775
120.0,120.0,120.0,120.0,120.0,120.0,120.0,120.0,120.0,120.0,65.00000101206197,100.8712629899749,95.84719568542995,65.00000070291203,108.40009439348536,114.5302159660177,103.28731043155909,87.29482630082943,86.32831033591881,86.49563472208051,86.57166156053732,92.72633678078247,97.83807284488958,64.99999935123101,79.03428025609767
120.0,120.0,120.0,120.0,120.0,120.0,120.0,120.0,120.0,120.0,65.00000279006689,65.00000018035365,97.93917523719011,107.41692369816965,64.99999990101372,106.4420668183894,104.63713279771439,87.6394845399193,86.28758104134053,86.4773677249017,86.56450178086817,92.72189107102973,97.83887268435419,64.9999993512309,79.03751103761975
120.0,120.0,120.0,120.0,120.0,120.0,120.0,120.0,120.0,120.0,68.13447144502399,65.00000303153533,64.99999999339808,97.71197206318836,78.9576106739496,113.12013117640647,99.85274396506567,88.10103096733586,86.32396521843515,86.45444959226009,86.5576769557072,92.71669216296627,97.8380263333207,64.99999935123084,79.03914331931155
120.0,120.0,120.0,120.0,120.0,120.0,120.0,120.0,120.0,120.0,104.38610972513939,85.6893549691598,65.00000277025684,64.99999987727833,112.80363455744954,115.80702641264593,100.63381661242144,87.84123907177201,86.44036024559651,86.44170696382336,86.54906897850253,92.7113375309625,97.83648000614713,64.99999935123084,79.03977585342253
120.0,120.0,120.0,120.0,120.0,120.0,120.0,120.0,120.0,120.0,65.00000042477377,101.11872381991468,92.83526848295247,65.00000104170904,109.20127497549346,113.73147919548484,102.97165261071851,87.59840349614608,86.50140430152241,86.45336948888122,86.54114965849652,92.70483133547629,97.83457329237635,64.99999935123085,79.0399863893155
120.0,120.0,120.0,120.0,120.0,120.0,120.0,120.0,120.0,120.0,65.00000378751915,65.00000015465226,98.51438863794428,106.61917621758808,65.00000003758089,107.79623094053079,103.26833482309493,87.70632489293811,86.47720920524337,86.47830675289617,86.54139737962475,92.69770821655729,97.83191763569715,64.99999935123087,79.04016864426995
120.0,120.0,120.0,120.0,120.0,120.0,120.0,120.0,120.0,120.0,70.49768580128989,65.00001122312715,65.00000069491985,97.44754492191926,81.10140768380361,115.57945736833726,99.33905647917337,87.81104312831151,86.43641787487832,86.49526218023856,86.55332436132753,92.69441516402327,97.82892529124487,64.99999935123093,79.040223456152
120.0,120.0,120.0,120.0,120.0,120.0,120.0,120.0,120.0,120.0,104.35661731878051,88.6507162330895,65.0000073683823,65.00000044069525,112.8225805238973,64.99999996092255,102.77824646940873,87.31155068560763,86.40061856060403,86.49575988751748,86.56954811847197,92.69826598197915,97.82680190116443,64.99999935123101,79.03965927805815
120.0,120.0,120.0,120.0,120.0,120.0,120.0,120.0,120.0,120.0,65.00000246188836,100.90541657763836,97.05804897000739,65.0000017948586,109.2899129848871,113.95795496067535,104.88032804286294,87.52030407668308,86.29395499426087,86.48446700678538,86.57918961053073,92.70830519886674,97.82785332352178,64.99999935123107,79.03861415250952
120.0,120.0,120.0,120.0,120.0,120.0,120.0,120.0,120.0,120.0,84.28012854608863,65.00000301470833,97.96401248561708,110.16598646840873,65.0000000968871,106.72739400491508,105.6375745782546,87.93393681616598,86.25227241818732,86.45910523155983,86.5763946136616,92.71807349547723,97.83194567811296,64.99999935123103,79.03834550199078
120.0,120.0,120.0,120.0,120.0,120.0,120.0,120.0,120.0,120.0,105.1843248971295,109.73472510717936,65.00000295256231,96.46717309863207,106.33405871550886,64.99999966131759,100.28649204119365,88.36726360915515,86.30699418983257,86.43305665741889,86.56145945059521,92.7213550570815,97.83647727189215,64.9999993512309,79.0399700135845
120.0,120.0,120.0,120.0,120.0,120.0,120.0,120.0,120.0,120.0,105.83230973288929,66.16322848458512,65.00000283522503,118.83559992498654,118.84051390309813,64.99999981442421,105.28877084802991,88.04445341804386,86.42787439788367,86.41585083814488,86.53667402991283,93.27585636479631,99.1671489339335,64.99999935123077,79.04285963584944
120.0,120.0,120.0,120.0,120.0,120.0,120.0,120.0,120.0,120.0,65.00000113173797,103.07493325219419,89.04207554138524,65.00000071879006,117.66785897905731,118.83674803527373,108.91305871150895,87.95811968943481,86.47467083252863,86.43432596339291,86.52176297932694,93.26325862034673,99.16976408451573,64.99999935123073,79.0451005935513
120.0,120.0,120.0,120.0,120.0,120.0,120.0,120.0,120.0,120.0,77.63134487773218,65.0000009558943,97.82311066424083,103.9368029132307,64.99999986976216,109.97673294097814,109.52269460973247,88.43658999392852,86.46015696446922,86.46213743896348,86.52043595686088,93.2461653996754,99.17731947872217,64.99999935123078,79.04533145842453
120.0,120.0,120.0,120.0,120.0,120.0,120.0,120.0,120.0,120.0,105.3146390488499,109.72899204202336,65.00000074344807,95.71635139363704,118.9599038562101,118.85785303396457,101.61170214290543,88.90232733609069,86.49988717554953,86.4786923504061,86.53477272570116,93.22949436381754,99.17679575301732,64.99999935123093,79.04340780401918
120.0,120.0,120.0,120.0,120.0,120.0,120.0,120.0,120.0,120.0,65.00000062860181,103.76276863328162,112.02210183213928,65.0000002087868,117.6009855510192,118.90143121601507,104.30279055003116,88.32778350105107,86.59266826595034,86.48855712660614,86.55391094339458,93.22122164000763,99.17659509200305,64.9999993512311,79.04013085937596
120.0,120.0,120.0,120.0,120.0,120.0,120.0,120.0,120.0,120.0,65.00000461376733,65.00000010454602,102.18841457998518,113.73372860676285,119.20504262186519,119.20629292285565,119.19483449229662,95.46851418910096,93.28006177109366,93.15386771808852,93.12633158759941,101.896453859825,109.54329361788182,64.99999935123118,79.03718638087717
120.0,120.0,120.0,120.0,120.0,120.0,120.0,120.0,120.0,120.0,66.61066044804087,65.00000486382804,64.99999998936406,102.40908195446391,101.36733257680142,119.20095483071748,118.87201210109043,95.65356994368787,93.15362605006455,93.14679619601024,93.1436203751944,101.92636121689452,109.56579641591773,64.99999935123112,79.036533850437
120.0,120.0,120.0,120.0,120.0,120.0,120.0,120.0,120.0,120.0,104.55587977945085,82.74456805476251,65.00000419996029,64.99999991577013,105.14356922453355,119.23183443521553,113.85840678872545,95.44057469495961,93.0400174393297,93.14288277556794,93.03164555022204,101.91506365278872,109.61735259431437,64.99999935123098,79.03873026190219
120.0,120.0,120.0,120.0,120.0,120.0,120.0,120.0,120.0,120.0,65.00000092705379,101.66924997322381,89.89835966417695,65.00000155189606,118.60863691394788,117.54560499950513,119.195318044186,94.16331351415938,92.8729114548032,93.12602689084542,92.88611223868304,101.83173155001204,109.63942070007205,64.99999935123084,79.04211063820921
120.0,120.0,120.0,120.0,120.0,120.0,120.0,120.0,120.0,120.0,65.00000947481273,65.00000063732516,99.71716858009424,88.17768070374225,65.00000011204197,114.21450597349777,118.02423820293322,94.84058491574449,92.493532100778,93.06305584893047,92.78075077323952,101.70609790229683,109.6466409023537,64.99999935111249,79.04460023407738
120.0,120.0,120.0,120.0,120.0,120.0,120.0,120.0,120.0,120.0,68.57962661585881,65.00000214957753,65.00000028481557,99.98427385352646,82.43806312377463,116.66458392802141,101.01304965916714,88.19255383654108,86.22883732608769,86.45748998895729,86.57007395487113,92.73020660071269,97.84360761088729,64.99999935123064,79.04585701889404
120.0,120.0,120.0,120.0,120.0,120.0,120.0,120.0,120.0,120.0,104.37983232226405,85.91042068266633,65.00000160963907,110.95419409221931,114.5328020786322,117.3401099906465,104.93345860462256,87.70171714626,86.27695602275155,86.41829692641089,86.55155335659698,92.72434703878474,97.84401356116369,64.99999935123057,79.04675359403741
120.0,120.0,120.0,120.0,120.0,120.0,120.0,120.0,120.0,120.0,65.00000027830583,101.11834421138514,93.90906320593152,65.00000074186097,109.31942088020314,115.53678929135407,107.00981869618377,87.97005848422415,86.26360342514077,86.39921161773366,86.52931282928736,92.71276796440246,97.84219146599466,64.99999935123054,79.04753010553235
120.0,120.0,120.0,120.0,120.0,120.0,120.0,120.0,120.0,120.0,65.00000227946586,65.00000004816151,98.50853548342351,104.20896068955304,65.00000007210083,108.72591454674185,106.93802845237478,88.38914581146936,86.29434528525053,86.39132439170803,86.51278540018589,92.69624833656863,97.83757944814828,64.99999935123058,79.04762944618903
120.0,120.0,120.0,120.0,120.0,120.0,120.0,120.0,120.0,120.0,68.37353622885036,65.00000249475603,64.99999990436417,98.8647318747261,87.11225693244226,116.48250341386667,101.74471359110808,88.59351893040109,86.37708206519221,86.39311818370491,86.50751028488152,92.6797487604014,97.83028100659972,64.9999993512307,79.04662605172913
120.0,120.0,120.0,120.0,120.0,120.0,120.0,120.0,120.0,120.0,104.36194279107201,86.68039241284225,65.00000187087373,64.99999981415421,117.54835283976568,64.99999999742144,108.69275716816075,90.32566091684359,88.7927387271879,88.74518613251362,88.83911674312152,95.16245835643656,100.47499511706097,64.9999993512309,79.04422423431753
120.0,120.0,120.0,120.0,120.0,120.0,120.0,120.0,120.0,120.0,65.00000013845582,101.08079907312957,88.60754146130537,65.00000033903655,113.65309031118872,118.51677215201475,111.07429938678463,90.44919772355153,88.71309238202412,88.76344628287426,88.85345431162341,95.16215926090345,100.47259824473406,64.99999935123112,79.0405350308872
120.0,120.0,120.0,120.0,120.0,120.0,120.0,120.0,120.0,120.0,80.7970909392166,65.00000007898952,98.43620869850099,118.6678133251464,118.85706469502838,110.97636771607704,111.91960478729308,90.94271307093443,88.6305080008679,88.77126726340694,88.85060259380288,95.16359093018445,100.48121775635259,64.99999935123131,79.03685692439903
120.0,120.0,120.0,120.0,120.0,120.0,120.0,120.0,120.0,120.0,105.1974999583404,109.68464081203462,65.00000000585766,115.99715374808227,118.77113738304163,118.62458737528306,105.1886771370191,91.54953189299705,88.63173925291542,88.76132303756921,88.83830975689483,95.15811020053762,100.48753991753792,64.9999993512314,79.03459557774927
120.0,120.0,120.0,120.0,120.0,120.0,120.0,120.0,120.0,120.0,64.99999998998676,103.60222025986805,112.05325280113104,64.99999982445003,117.08828704397402,118.64404495147878,108.88066460673184,90.93337649996434,88.73632285741118,88.74547819553247,88.821780363458,95.14588868408465,100.49413102529549,64.9999993512314,79.03396702928852
120.0,120.0,120.0,120.0,120.0,120.0,120.0,120.0,120.0,120.0,65.00000149945862,64.99999986034011,102.37671153440108,118.00648159182794,111.44391186057999,113.22730111255562,107.20679318425817,88.62941080214844,86.45768862391262,86.42990815487984,86.54136044516333,92.69353335842783,97.82050956948778,64.99999935123134,79.03453491745735
120.0,120.0,120.0,120.0,120.0,120.0,120.0,120.0,120.0,120.0,66.44623095451611,65.00000171578836,64.9999997866412,114.4554873002337,118.330290183701,110.4957884422761,105.63313440949183,88.81795153821069,86.46403670290897,86.44990487702343,86.53414268752373,92.69033973236367,97.82256280351567,64.99999935123125,79.03587156406032
120.0,120.0,120.0,120.0,120.0,120.0,120.0,120.0,120.0,120.0,104.45781597389323,83.87252999857633,65.0000017651452,64.99999973851688,115.48657510272521,117.39341152328713,102.89695318718157,88.60805302402754,86.46054950763961,86.46580191323123,86.53774898521597,92.68473411356678,97.82147523146543,64.99999935123122,79.03705078624753
120.0,120.0,120.0,120.0,120.0,120.0,120.0,120.0,120.0,120.0,64.99999995823251,101.5211258017729,91.53749416006039,65.00000096800089,110.3660309886273,115.43725115452929,108.14047331801856,87.8931809624782,86.39019154645139,86.47070701294477,86.54943005387575,92.68376004035062,97.81901113655537,64.99999935123128,79.03671802918224
120.0,120.0,120.0,120.0,120.0,120.0,120.0,120.0,120.0,120.0,78.65961427214836,64.99999985244084,99.51297748926628,89.44115905702242,118.70398733421223,109.11457244590993,108.3284704487367,88.54919842768439,86.19386661403672,86.45666421993998,86.56004338181107,92.68940623586812,97.81827353973303,64.99999935123135,79.03466113680395
120.0,120.0,120.0,120.0,120.0,120.0,120.0,120.0,120.0,120.0,105.23826428156372,105.00629034633971,64.99999977245511,113.3158832182175,118.27502576099079,117.4790841685735,102.79198052436486,89.05504986279264,86.17081670391201,86.41054610766146,86.56008748085155,92.6976887833405,97.82047855957246,64.99999935123137,79.0326374337046
120.0,120.0,120.0,120.0,120.0,120.0,120.0,120.0,120.0,120.0,65.0000011453859,103.89804044777144,112.40895637389164,111.03767562561708,115.0960054220399,117.32559307746473,107.41685247230296,88.38994164952676,86.26883178066151,86.36682916046783,86.54195128550454,92.7018714687195,97.82416148012305,64.99999935123131,79.03252866016238
120.0,120.0,120.0,120.0,120.0,120.0,120.0,120.0,120.0,120.0,65.00000543550694,65.00000084667678,114.46239363784497,118.1026929069487,110.99214450738808,114.83063083039072,108.92584975801229,88.7574609988413,86.2826142282603,86.35564592729263,86.51183119067562,92.69511419041898,97.82644639418196,64.99999935123121,79.03428367672504
120.0,120.0,120.0,120.0,120.0,120.0,120.0,120.0,120.0,120.0,65.78759546186,65.00000439942913,112.77573392474923,115.17001018883697,118.26065609293822,110.40322292689106,107.68088146488485,89.13755437587109,86.34409306501264,86.36280053818453,86.48893873653536,92.67663298404548,97.82418505165818,64.99999935123115,79.03631820228814
120.0,120.0,120.0,120.0,120.0,120.0,120.0,120.0,120.0,120.0,104.4236293776307,85.37675426575541,65.0000030882428,111.76545839697079,115.78045700924837,117.50994567645468,103.65422349181411,89.07566802440519,86.42667697446781,86.38128268033427,86.48556159363936,92.6556319886436,97.81640689426783,64.99999935123122,79.03686443515547
120.0,120.0,120.0,120.0,120.0,120.0,120.0,120.0,120.0,120.0,65.00000156837103,101.5571840682012,92.9529868129725,65.0000013882746,115.3346069318354,119.23992257738871,112.77880520427136,91.80948515114162,89.88847189472158,89.8496962865819,89.92817756768731,96.21045916997022,101.51255251437665,64.99999935123145,79.03446171472027
120.0,120.0,120.0,120.0,120.0,120.0,120.0,120.0,120.0,120.0,65.0000072279483,65.00000106546533,100.8165957854615,100.87991082691686,65.00000036954172,114.19915162425725,113.15032967328736,92.28442942696716,89.71463782332256,89.85618223832849,89.95546059109047,96.21671478243015,101.511566070268,64.99999935123174,79.02924798330731
120.0,120.0,120.0,120.0,120.0,120.0,120.0,120.0,120.0,120.0,67.52268903979332,65.00000840861665,65.00000073978542,102.07795674946618,91.92195245716321,64.99999982569484,107.8393322253279,92.74298552763013,89.63727237877136,89.83894759832741,89.94687852969975,96.22754673807722,101.5246753883962,64.99999935123192,79.02400397099952
120.0,120.0,120.0,120.0,120.0,120.0,120.0,120.0,120.0,120.0,104.3684049052581,84.85562144098267,65.00000925223402,65.00000052306758,118.0708400468006,119.29503852773173,112.41262655176129,91.99088862928033,89.65323274780987,89.80930475372138,89.9140896394396,96.22284443202032,101.5368487843929,64.99999935123196,79.02162286330409
120.0,120.0,120.0,120.0,120.0,120.0,120.0,120.0,120.0,120.0,65.00000161184853,101.2582576764685,90.84331568562216,65.000006211641,115.08111791050251,118.72406288570967,115.6481034529511,92.35058847215718,89.56812022443175,89.78486874825053,89.87426260162653,96.19911026248823,101.54677305294743,64.99999935123186,79.0225447300428
120.0,120.0,120.0,120.0,120.0,120.0,120.0,120.0,120.0,120.0,81.2546622840909,65.00000140200919,99.01967691371777,92.70388436919735,118.69244936170948,109.3239454681297,109.86192244157124,89.67291478454977,86.21043950130039,86.34810628337584,86.50492669407598,92.67660833618467,97.812894759752,64.99999935123171,79.0253372886567
120.0,120.0,120.0,120.0,120.0,120.0,120.0,120.0,120.0,120.0,105.21084601881692,109.70682016695761,65.00000114545188,112.99890058216114,118.15325198706738,117.86722796854995,103.54158143934946,90.04098662641549,86.36582373307718,86.34335432541752,86.48815317089915,92.66193348271011,97.81149303341923,64.99999935123162,79.02803799060705
120.0,120.0,120.0,120.0,120.0,120.0,120.0,120.0,120.0,120.0,65.00000173290188,103.61880202646108,112.1940751429344,111.20279877911877,114.64383945647583,117.49644256109414,108.66362094607658,88.98697837499014,86.53757412592475,86.36362632142769,86.48346570001237,92.64627495735765,97.80535443542172,64.9999993512317,79.02850258782681
120.0,120.0,120.0,120.0,120.0,120.0,120.0,120.0,120.0,120.0,65.00005937431175,65.0000012993354,102.45701218597853,114.12549066114454,111.17774974605103,114.51876496135002,110.18604584311339,89.36696191250704,86.5076222054127,86.4074191175221,86.4936737643307,92.6364548886944,97.79806433675068,64.99999935123188,79.02563159612588
120.0,120.0,120.0,120.0,120.0,120.0,120.0,120.0,120.0,120.0,65.00008310522405,65.00003885678424,65.00000100449729,104.61024113101799,92.24194965423105,110.66703665575693,108.48064820293517,89.85714770336173,86.49374722198934,86.43897591359881,86.51845928886237,92.63658699810192,97.79275675624673,64.99999935123209,79.02093454519334
120.0,120.0,120.0,120.0,120.0,120.0,120.0,120.0,120.0,120.0,65.0000940084891,65.00009105695875,65.0000306633747,65.0000010053159,115.54950338518138,117.5870706126704,104.60970259570963,89.81642409377878,86.51687831666204,86.45306030718444,86.54637018282023,92.64856298949039,97.79146457647494,64.99999935123223,79.01696746152665
120.0,120.0,120.0,120.0,120.0,120.0,120.0,120.0,120.0,120.0,65.00016617207154,65.00007453731949,65.00005936682128,65.0000102538627,110.53419294424832,116.03606563661934,109.93053372592189,88.89057782146486,86.48825516873949,86.4594424608934,86.56376708591448,92.66819922675752,97.79548856052592,64.99999935123228,79.01492170413846
120.0,120.0,120.0,120.0,120.0,120.0,120.0,120.0,120.0,120.0,65.00129906667519,65.00010268765185,65.0000573424622,65.00002734300074,65.00000324561373,109.71041459478228,110.43073948129963,89.58512919574923,86.29139183099915,86.4571723298687,86.56626832067337,92.68636234953678,97.8036224055326,64.99999935123218,79.01517581491537
120.0,120.0,120.0,120.0,120.0,120.0,120.0,120.0,120.0,120.0,76.5807348507186,65.00067727723015,65.00006267363717,65.00003827562522,65.00000957088935,65.0000008975498,104.83176053982322,90.19906430431635,86.24535639085236,86.42383728292513,86.55745976032284,92.69623282400433,97.81210081597519,64.99999935123196,79.01804929758795
120.0,120.0,120.0,120.0,120.0,120.0,120.0,120.0,120.0,120.0,65.0366371417624,74.9359405060719,65.00033528634104,65.00003796178483,65.00002002440033,65.00000217107146,109.9034853971416,89.4180688162073,86.31911840189936,86.38368429720445,86.53788651350466,92.69661550450756,97.81760333277752,64.99999935123174,79.02242914713261
120.0,120.0,120.0,120.0,120.0,120.0,120.0,120.0,120.0,120.0,87.59570980946499,113.63252494840538,72.41581508766384,65.00011036971686,114.38801522588963,65.00000483868031,112.31158410786867,90.0312345928937,86.29535016855677,86.36462228979417,86.5118790668563,92.68765428289284,97.81913681943253,64.9999993512316,79.02591460495587
120.0,120.0,120.0,120.0,120.0,120.0,120.0,120.0,120.0,120.0,83.01406488634193,95.72424689800991,112.91144906362938,93.95034541804033,114.46327011456758,114.73549158699518,112.89879026123437,90.96881786770665,86.37168263763357,86.3542097141645,86.49149463260625,92.67082516455017,97.81648185285194,64.99999935123155,79.02718253548863
120.0,120.0,120.0,120.0,120.0,120.0,120.0,120.0,120.0,120.0,115.5991636711866,114.43704535182161,98.7212333395137,112.91329992162065,115.57452227253779,112.90136619457317,112.09854838455043,91.72167893840104,86.56976920468352,86.36043454702758,86.48349548576932,92.65245075787563,97.80984421079604,64.99999935123162,79.02662362038208
120.0,120.0,120.0,120.0,120.0,120.0,120.0,120.0,120.0,120.0,77.19567099083999,115.70222734683217,113.63298315107035,113.04561158188939,112.95046208722513,115.16800407669723,108.82729195448965,92.11887150015733,86.79354042230467,86.39755565935663,86.48915396809974,92.63957211548069,97.80157597942369,101.77888945474017,79.02447579894995
120.0,120.0,120.0,120.0,120.0,120.0,120.0,120.0,120.0,120.0,74.88640843879566,115.25202929607754,115.92754153174869,113.01523376599665,112.83039736314318,113.00957620535142,109.55855647053984,91.54588389547679,86.94358401142165,86.46150124463422,86.50972829854996,92.63606375625835,97.79493099836985,101.77566262740581,79.02076761538989
120.0,120.0,120.0,120.0,120.0,120.0,120.0,120.0,120.0,120.0,76.60031080638569,75.66219416874733,90.74711806751561,114.4504536249289,114.29088661480401,111.82069199610582,109.44640220247331,91.30381967997221,86.87406414530368,86.52645740930383,86.54272681499596,92.6488037128377,97.79954862732114,101.7767365137279,79.01695464551885
120.0,120.0,120.0,120.0,120.0,120.0,120.0,120.0,120.0,120.0,115.27673755528855,76.46460210317244,80.28265856083365,114.02245845420957,114.19908473162563,113.87875942395311,107.74719141764301,91.24044650472493,86.6543887377254,86.55898014158944,86.58312196316726,92.66918427590345,97.80166040351322,101.77555988151687,106.63030666466213
120.0,120.0,120.0,120.0,120.0,120.0,120.0,120.0,120.0,120.0,76.08208162719876,114.93575076423457,83.35770055460918,116.2787968771673,113.62515516753851,113.66454681453835,109.06964758316933,90.9183104593156,86.39918703150322,86.53173834024355,86.61124123410737,92.69865557609906,97.80969421245881,101.77638377830655,106.63026719675656
120.0,120.0,120.0,120.0,120.0,120.0,120.0,120.0,120.0,120.0,76.60176237521017,77.08849103245656,73.87926326901199,97.26559780949748,116.03509963847384,112.93205902114163,109.16246383188054,91.16786015551135,86.15064793497775,86.45029404669167,86.60742017075843,92.7268978520367,97.82264748812443,101.77958984760227,106.63095172216252
120.0,120.0,120.0,120.0,120.0,120.0,120.0,120.0,120.0,120.0,115.36719872544712,77.47054365110898,113.43206733886949,83.5290232932801,110.25372250732376,115.31830578668931,108.32569144839174,91.30958202938615,86.02880279250267,86.3366222974279,86.5641984028624,92.73918013607674,97.83643540871687,64.99999935123164,106.63250882289705
120.0,120.0,120.0,120.0,120.0,120.0,120.0,120.0,120.0,120.0,65.16853148762684,65.14294153287729,116.27316597781163,114.27186244013075,116.2978994713832,108.4497851471457,112.77472419707448,93.84404344726404,83.57589949072316,83.63056556611264,84.01982748195603,90.84049779978955,96.6690857650724,64.99999935123125,79.0283426750127
120.0,120.0,120.0,120.0,120.0,120.0,120.0,120.0,120.0,120.0,65.18625747855188,67.77306931309344,82.82073408066805,115.97863247656005,115.1250742710794,116.00947102333842,113.28319267090912,94.31360573896643,83.51155251219369,83.58900963546265,83.98783078460878,90.82509949763855,96.66668736641964,64.99999935123103,79.03464622801432
120.0,120.0,120.0,120.0,120.0,120.0,120.0,120.0,120.0,120.0,65.17085175869525,67.70596206528614,82.42898396317328,108.1054627302748,115.95514747464426,115.52900090536711,113.26003074403727,94.67213628582363,83.52245519057895,83.55442702289452,83.95663198370528,90.80026746584616,96.65971982298483,101.09463988708916,79.03659343187934
120.0,120.0,120.0,120.0,120.0,120.0,120.0,120.0,120.0,120.0,65.17050851702396,65.2547641900577,82.25370859794835,106.8108061682253,108.17345260057891,110.86839202713686,113.52208650752652,94.50768824587277,83.57030286297558,83.53662695051636,83.93349973271637,90.77075513024185,96.64802636242295,101.09185520840592,106.36355387890487
120.0,120.0,120.0,120.0,120.0,120.0,120.0,120.0,120.0,120.0,65.21248687694508,65.22706616409225,78.92243153159839,108.58786265512789,115.85335230716115,115.89245551146662,113.78485605652074,94.78916800715321,83.55688216942427,83.53872488180303,83.9230412941848,90.74294974852762,96.6334750725929,101.09020457310719,106.3673200087142
120.0,120.0,120.0,120.0,120.0,120.0,120.0,120.0,120.0,120.0,65.13492640519156,65.11447022820863,78.77089418463886,109.03980031130642,112.45969614104472,116.08754111659172,113.76332509625087,94.9153754190754,83.6622987732114,83.61845363268145,83.99247744410812,90.77578818100886,96.65142664361896,101.09710948032432,106.32665135468235
120.0,120.0,120.0,120.0,120.0,120.0,120.0,120.0,120.0,120.0,65.14881233754666,65.16594647388396,74.98039449226393,107.8960190154486,109.84364728566833,112.2380981813583,114.08970642090294,95.10375850991036,83.65378499904499,83.63039870072744,84.00700931203218,90.76662980025371,96.63905508124725,101.09050999535751,106.32405080778074
120.0,120.0,120.0,120.0,120.0,120.0,120.0,120.0,120.0,120.0,65.16480110903206,65.29954454629959,71.49259385114277,106.17988971004227,109.17855312347645,112.7379908406309,114.53140275133559,95.48051000049568,83.64204639651734,83.63652033776367,84.02343328034195,90.76838268923466,96.63121037892091,101.0848023480449,106.3216164307603
120.0,120.0,120.0,120.0,120.0,120.0,120.0,120.0,120.0,120.0,65.99744638529148,65.21430914561766,70.90780958165557,98.60623805926211,111.94391193089885,109.14183066282762,114.16087378450125,96.02640523652525,83.65300900819172,83.63639754615437,84.03368848773655,90.77676622681797,96.62842971428913,101.0807362452486,106.31966603531835
120.0,120.0,120.0,120.0,120.0,120.0,120.0,120.0,120.0,120.0,69.27032671849011,66.33344580025734,66.53434780335888,97.2201038852162,108.8461487523043,112.18665078813115,106.29365884454651,95.69426182787161,83.69856830825599,83.63580137622075,84.03425205003104,90.78536185904197,96.6293353052026,101.07857326874377,106.31836343518378
120.0,120.0,120.0,120.0,120.0,120.0,120.0,120.0,120.0,120.0,69.89281694987332,68.70524157359151,72.6620108330404,96.31215758675964,109.10865805114868,117.19620787492556,114.41672638103815,93.67002054400177,86.7095043775037,86.80912451787201,87.09498030665752,93.23019901394203,98.45285353148043,102.52021120819994,107.50668715932301
120.0,120.0,120.0,120.0,120.0,120.0,120.0,120.0,120.0,120.0,65.07880274608465,72.70841999639318,74.79282689038763,93.3014359145705,116.8855581138071,109.52235534382132,114.63518380472024,93.8965025829848,86.74170107234984,86.81029493006265,87.08826832079707,93.22311613967463,98.4501936480847,102.51854659705266,107.50590011247596
120.0,120.0,120.0,120.0,120.0,120.0,120.0,120.0,120.0,120.0,72.20049877661137,65.0728471781112,79.09976004181247,92.9529863219125,108.0403657532866,116.6375103134944,114.90833840171089,94.21673534636406,86.75977363233577,86.81624963774588,87.08180672822527,93.21461158452014,98.44839291988107,102.52550862471729,107.51651744808892
120.0,120.0,120.0,120.0,120.0,120.0,120.0,120.0,120.0,120.0,71.4109746382417,74.75420562499555,115.10437188630729,94.72941512607782,107.19048846576722,117.04174085055512,113.95356281569426,94.65226708663234,86.7705409573275,86.82083667214563,87.07968575996601,93.20576122662573,98.44500272372427,102.52887898827883,107.51953639520356
120.0,120.0,120.0,120.0,120.0,120.0,120.0,120.0,120.0,120.0,71.86409989476888,72.29782749690973,81.98558974932669,116.33381885195554,106.11849290332736,107.99865706841992,114.7946061668534,94.25950442305145,86.78807406704288,86.81995305409963,87.08166673885019,93.1991662214132,98.44175973316501,102.53082560235244,107.52130164947263
120.0,120.0,120.0,120.0,120.0,120.0,120.0,120.0,120.0,120.0,65.00024047458736,102.3845116162387,103.47954948731025,103.24593741497578,65.00009227239023,65.00006083964212,113.88293751474586,94.58797471514347,86.09237629472457,86.09283549589604,86.37116905672652,92.48227606782211,97.69081413892926,101.71946787169927,106.60874978355656
120.0,120.0,120.0,120.0,120.0,120.0,120.0,120.0,120.0,120.0,77.70006708158277,65.00024654286963,102.65717850234307,106.05537830825646,103.82199373689677,65.00004118647327,113.60526271408446,94.89798267053129,86.10659735569602,86.09242465796912,86.37088638160469,92.48417447760244,97.68982557542815,101.71751499730132,106.60741982800883
120.0,120.0,120.0,120.0,120.0,120.0,120.0,120.0,120.0,120.0,104.64386936529141,98.33079285036881,65.00020933756242,65.0001806246521,103.92564740027942,82.94434927607666,114.31191264534199,95.1103563847796,86.11370037024754,86.09087414863325,86.36786661625193,92.48435467223518,97.68939953820099,101.7162668517733,106.60650108931004
120.0,120.0,120.0,120.0,120.0,120.0,120.0,120.0,120.0,120.0,65.00038387598863,102.29442956164156,107.43636679203406,65.00012004223628,65.00003686711783,99.70520880067097,114.13144810334362,95.95606968446722,86.10767364935496,86.08638374368329,86.36386347061034,92.48232481554766,97.68851206451758,101.7152812661818,106.60584726803178
120.0,120.0,120.0,120.0,120.0,120.0,120.0,120.0,120.0,120.0,81.62078633122896,65.00088190538344,100.6810504313259,101.41013213977445,65.00005150357133,65.0000188858558,111.87382629060279,96.61776653602905,86.20002238274456,86.07657756622092,86.35959675254122,92.47881298469026,97.68680431591089,101.71416422800645,106.60522336799957
120.0,120.0,120.0,120.0,120.0,120.0,120.0,120.0,120.0,120.0,74.59705820172154,110.05923444632874,65.00002073058161,99.00176400380701,87.2647107865205,116.39597199386384,110.56378593884374,95.97486147971584,86.35954292248076,86.08130598432618,86.35415569205676,92.47454665774589,97.68447858822012,101.7128027964995,106.6044857965818
120.0,120.0,120.0,120.0,120.0,120.0,120.0,120.0,120.0,120.0,105.67094169811314,87.08281624792929,112.55701301698234,65.0000085548995,112.51693608332309,115.92767732525212,114.7747341398482,94.69668355705682,86.41078165023819,86.1145686307144,86.35184612031748,92.46936527258623,97.68180020791137,101.71128629593949,106.6036524308983
120.0,120.0,120.0,120.0,120.0,120.0,120.0,120.0,120.0,120.0,106.26806328852368,105.33143403284132,83.32945837215247,65.00044357783453,111.04750665353335,113.26100288096055,114.12857985068273,96.27930861343164,86.25352083521256,86.1533033672201,86.36180421595049,92.4650357999438,97.67868703566475,101.70969223690135,106.60280889163717
120.0,120.0,120.0,120.0,120.0,120.0,120.0,120.0,120.0,120.0,65.00001022673656,104.23279394787846,103.92916303788901,97.11202370825814,65.00001551713683,110.8150688823929,111.31693966200272,96.91700025346223,86.33397768955557,86.15345487148143,86.38428630700345,92.46718585998305,97.67578090515755,101.70794244081243,106.60199203599689
120.0,120.0,120.0,120.0,120.0,120.0,120.0,120.0,120.0,120.0,74.60960978624139,65.0000119452077,102.15364172874844,97.499761361155,110.00193780101816,65.00000406789137,108.2923783736568,95.921039477137,86.47343133651839,86.15340466303083,86.40165395977205,92.47938624487561,97.67552666726034,101.70629595365008,106.60114162641996
120.0,120.0,120.0,120.0,120.0,120.0,120.0,120.0,120.0,120.0,105.47092809037443,110.21388853773523,65.00018428259706,113.09955094268258,112.12992063916954,108.17147852006318,65.00000087771092,93.88891490200685,86.45556258513953,86.17455797417445,86.40564991390649,92.49474603796608,97.67994754620406,101.70582713958885,106.6003878092743
120.0,120.0,120.0,120.0,120.0,120.0,120.0,120.0,120.0,120.0,105.69927164058444,104.4475258725327,112.29546172943427,65.00001037947202,112.2365833654324,112.25268705194586,65.00000322192697,95.91598816994382,86.16738602417517,86.19274844544503,86.40492790773382,92.50435770821952,97.68667992372193,101.70739928813988,106.60024966994125
120.0,120.0,120.0,120.0,120.0,120.0,120.0,120.0,120.0,120.0,65.00002387796806,103.76649382971802,102.9551427547709,113.37379889603764,65.00000346302079,110.87558777204414,110.82140073160875,98.23842383408558,86.24792907437057,86.1579729233686,86.40657027412755,92.50818629405124,97.69159350465807,101.70992542672577,106.60102643075253
120.0,120.0,120.0,120.0,120.0,120.0,120.0,120.0,120.0,120.0,73.64338307748675,65.00004268660304,101.29064349916456,102.33372111880223,113.6790965621804,65.00000133306624,104.40809043406944,98.7647313332426,86.71326655014502,86.13275059500998,86.39900653942767,92.51091552051332,97.69405689465756,101.71163844532374,106.60200299738659
120.0,120.0,120.0,120.0,120.0,120.0,120.0,120.0,120.0,120.0,105.36494701524641,97.58349177473437,65.0001168649732,98.18229834999515,102.4033407423122,65.0000118168344,107.83854341241542,95.26869536358518,87.20730066125869,86.20449927739143,86.38264972160553,92.50956405040432,97.69599377244987,101.71246534794547,106.60236446980099
120.0,120.0,120.0,120.0,120.0,120.0,120.0,120.0,120.0,120.0,65.00000020225195,104.29681623430254,107.39466570052473,70.54970329761451,119.58733132683076,119.5898419085814,65.00000048285405,103.33991378833662,94.27508011536008,93.00084891384901,92.96682799803453,101.25538780033483,108.1645711261001,113.82531396298367,119.58527206470659
120.0,120.0,120.0,120.0,120.0,120.0,120.0,120.0,120.0,120.0,81.31604557868815,65.00000044753209,103.77845505996957,113.98097986562513,76.4769012568742,119.58544876143472,65.00000376251153,105.19870861375843,93.74154335982094,93.16453698697788,93.0586677659936,101.26319971080059,108.17490667630646,113.8317419823601,119.58540019852025
120.0,120.0,120.0,120.0,120.0,120.0,120.0,120.0,120.0,120.0,105.51846363886168,110.2135182702452,65.00000082722805,118.95540306811657,114.4901489372514,65.00000187754748,119.22504843956655,108.07124989639533,93.5654145006486,93.18673816197614,93.11823306416723,101.2903191297773,108.2176375382156,113.97611427821565,119.58531766320279
120.0,120.0,120.0,120.0,120.0,120.0,120.0,120.0,120.0,120.0,64.99999962214699,104.44344584406942,113.97081132322941,119.61822210445749,104.10417835843549,112.98640080989448,118.63723660935507,107.68262478056623,93.9848119279545,93.11537898737652,93.11548299190008,101.31467892609119,108.25543681819234,114.07683231240236,119.58524422958924
120.0,120.0,120.0,120.0,120.0,120.0,120.0,120.0,120.0,120.0,76.9861894450269,64.99999962762998,104.08912013063589,116.063538876092,119.62544690376225,102.71876685871737,119.42000184032068,104.01062396328781,94.4179667984016,93.10459626185094,93.04708181357866,101.31238745464617,108.30211380214314,114.18291127103097,119.58522720865246
120.0,120.0,120.0,120.0,120.0,120.0,120.0,120.0,120.0,120.0,65.00007214701094,65.00000510774937,113.20914306569549,115.63172978333496,116.3441851154354,110.02899000688147,110.51427894688064,94.99060161595266,87.3029834200847,86.56689613840304,86.57531909916112,92.69115766973358,97.76558558553778,101.73053738709814,106.6051263979796
120.0,120.0,120.0,120.0,120.0,120.0,120.0,120.0,120.0,120.0,105.40408121241354,83.62323108023747,65.00000608584148,112.21364036566277,116.37012522681498,65.00000156727317,106.18774449516998,95.01860640776971,87.20258541900652,86.62484918448604,86.55784969117568,92.68906601900783,97.78615741218421,101.7444663552395,106.61099350626613
120.0,120.0,120.0,120.0,120.0,120.0,120.0,120.0,120.0,120.0,65.00000237357547,114.14032747209895,94.52044417195556,65.0000040770139,111.35593610662342,108.84666916164544,113.0627090646388,93.1932227248037,87.0385686749456,86.63184142233594,86.57388787627747,92.6797403311771,97.79118844744872,101.75322225209825,106.6165046461363
120.0,120.0,120.0,120.0,120.0,120.0,120.0,120.0,120.0,120.0,89.6483701494795,65.00000173204702,113.7841080925266,110.48518569071369,65.00000165330069,109.40426152130468,114.08364667373719,95.17976815067563,86.60235207876381,86.57657889918687,86.59924499052623,92.68580265959623,97.79142041933981,101.75596082389232,106.6188449102136
120.0,120.0,120.0,120.0,120.0,120.0,120.0,120.0,120.0,120.0,105.34874178425734,109.95067195179256,65.00000106740802,114.09941480919206,115.37690508434373,64.99999997594652,107.60707729875607,96.79266301560611,86.61635122291845,86.43981392017265,86.59920683353704,92.70450035872892,97.79728102031287,101.75762916632779,106.61869314054637
120.0,120.0,120.0,120.0,120.0,120.0,120.0,120.0,120.0,120.0,64.99999990935356,103.24425973429477,112.81804904858876,112.56141543661224,114.4380459585258,114.43468494311067,112.15634326291143,95.0826268111361,86.86894703836495,86.33390826549599,86.54785894517431,92.71578711914974,97.80860762513916,101.76218057960709,106.61912450762085
120.0,120.0,120.0,120.0,120.0,120.0,120.0,120.0,120.0,120.0,79.55032742242395,65.0000000058049,102.23416616477317,115.16381636514433,111.86840279827439,114.47352431637422,64.99999984594318,95.50556764248667,86.84961728157053,86.32133205892715,86.46862369517403,92.69729905262743,97.8171091024294,101.76874716411864,106.62166937425802
120.0,120.0,120.0,120.0,120.0,120.0,120.0,120.0,120.0,120.0,105.44258903001901,111.0835180743065,65.0000001349388,114.97004445591115,115.72143409094339,110.65340139437468,113.00484936552675,97.3400061651418,86.77930735648867,86.33835102018206,86.41682486490011,92.64846202421377,97.81275867522601,101.77355338392289,106.6251061791668
120.0,120.0,120.0,120.0,120.0,120.0,120.0,120.0,120.0,120.0,64.99999958691711,104.45051238267112,114.03650580532343,112.28258490214834,107.246339933338,65.0000005293319,106.36561878579754,98.51710106915306,86.90944670038665,86.33930753914957,86.41591299979072,92.59755031108341,97.79360950454428,101.77262318956865,106.62726705637247
120.0,120.0,120.0,120.0,120.0,120.0,120.0,120.0,120.0,120.0,80.07853257606995,64.99999955921625,104.18484833913408,116.11366515090246,111.41827478250364,108.41258245871522,64.99999945543945,95.6068929885935,87.1756276843745,86.34449191736782,86.44600342440272,92.57271165817481,97.77060169518896,101.76547885262693,106.62650201141417
120.0,120.0,120.0,120.0,120.0,120.0,120.0,120.0,120.0,120.0,105.54405405064664,111.25567300368347,113.1099885002285,115.71192115840435,116.55261851428604,109.38709038590024,114.29898199741363,96.49731330672611,87.02106702843655,86.38552658437726,86.47949779871983,92.57694450936047,97.75691620333033,101.75694387711908,106.62324200481531
120.0,120.0,120.0,120.0,120.0,120.0,120.0,120.0,120.0,120.0,64.99999997467313,104.6730124192383,114.32291206059458,112.0843037088554,116.52971383882702,64.99999994733969,107.10478657739118,98.54996098521441,86.92873119273324,86.40221918727042,86.50824824110946,92.59576030413872,97.75574807360978,101.75233670338237,106.62026781224705
120.0,120.0,120.0,120.0,120.0,120.0,120.0,120.0,120.0,120.0,80.55836963010958,65.00000009767653,105.85872270353205,115.49648211324765,111.23918569312019,116.31698649639897,111.78926615083633,96.55682433883818,87.1641538544863,86.39486926312297,86.52300544070357,92.61783484265477,97.7618272384242,101.752411341866,106.61974605493998
120.0,120.0,120.0,120.0,120.0,120.0,120.0,120.0,120.0,120.0,105.56655729057833,111.31069396782941,65.00000022670513,107.4766250175765,115.54626200764685,109.52875937083607,113.88051090708603,96.75394379085742,87.12874441565857,86.42593716738767,86.5185831414973,92.63508783277443,97.77035123684587,101.75473814022662,106.62113484002218
120.0,120.0,120.0,120.0,120.0,120.0,120.0,120.0,120.0,120.0,64.99999963209905,104.74685286347326,114.48504090074401,112.87332965457351,108.76608790324153,64.99999995100812,108.08480346093098,97.89071536939129,87.03488516249683,86.45265343033752,86.51343020255928,92.64099558235803,97.7779907730654,101.75771833476207,106.62276423940409
120.0,120.0,120.0,120.0,120.0,120.0,120.0,120.0,120.0,120.0,65.00000067734047,64.99999984797711,104.67305045238872,116.6604746237202,112.11865388320254,115.95771614305842,113.1006779165382,96.0523635279041,87.04166047213032,86.44930196308903,86.51705504265695,92.64061007937609,97.78154607496066,101.76041941231223,106.62402749083904
120.0,120.0,120.0,120.0,120.0,120.0,120.0,120.0,120.0,120.0,65.00001643574385,65.00000097757523,64.9999997616786,107.71479112646882,116.84413223409237,110.32073698731625,114.37191311083266,97.22553292114681,86.79068888281978,86.42846410491244,86.52129408292336,92.64237645913195,97.78220568843224,101.76158925210783,106.62479610712674
120.0,120.0,120.0,120.0,120.0,120.0,120.0,120.0,120.0,120.0,104.51633468738665,82.44479353613457,65.0000014235575,64.99999970910655,110.10114005624459,65.00000182392729,108.62495236325387,98.73075167895317,86.71894307971928,86.3608723928086,86.5163449365443,92.64624658493548,97.78357134985602,101.76177516107427,106.62473105598158
120.0,120.0,120.0,120.0,120.0,120.0,120.0,120.0,120.0,120.0,64.99999991626153,101.82479155182644,91.68346473600039,65.00000113137115,111.49435771506761,110.03207381522924,114.47671141744608,96.71691217390794,86.84778371253942,86.28611820932915,86.4897198314001,92.64621752818992,97.78599171583646,101.76254244505235,106.62441197960405
120.0,120.0,120.0,120.0,120.0,120.0,120.0,120.0,120.0,120.0,65.0000077700775,64.99999977461694,100.351661146992,106.56951296389113,65.00000017438883,109.90354829856254,115.39201875505039,98.45001085198098,86.6975051508924,86.25378654383229,86.44466360478332,92.63335981317377,97.7868091564343,64.99999935123283,106.62466400372129
120.0,120.0,120.0,120.0,120.0,120.0,120.0,120.0,120.0,120.0,65.00001575624047,65.00000094062123,64.99999967191617,101.12224610889488,116.14364181634217,64.99999964768891,108.87347067721673,99.97040585831245,86.77005083564676,86.21913880041498,86.40566828982689,92.60423160592066,97.78202308633615,64.9999993512328,78.9995616216378
120.0,120.0,120.0,120.0,120.0,120.0,120.0,120.0,120.0,120.0,104.37320414425668,82.95547202520125,65.00000141973112,64.99999961696857,114.65609024370019,98.20424942442612,114.97467132193195,97.53229273862743,86.96840488239663,86.20678382346452,86.3832086212372,92.56924772910064,97.76946686782195,64.99999935123293,78.99990723530303
120.0,120.0,120.0,120.0,120.0,120.0,120.0,120.0,120.0,120.0,64.99999983606791,101.44206263253885,91.18516533393415,65.0000013916757,110.95587244416569,115.06745609078538,116.57754633483432,99.41922566587563,86.81697151641228,86.23063583331432,86.38026053619986,92.54033935019856,97.7528282134192,64.9999993512333,78.99648962688218
120.0,120.0,120.0,120.0,120.0,120.0,120.0,120.0,120.0,120.0,65.00000102863295,64.99999972960865,99.35794101512798,104.13049378302065,65.00000052443885,109.64440514639395,114.75861394138337,101.30569877278221,86.90710047632653,86.22993713518362,86.39774524087352,92.52416796706687,97.737590721102,64.99999935123378,78.98871566599142
120.0,120.0,120.0,120.0,120.0,120.0,120.0,120.0,120.0,120.0,65.0000243969936,65.0000013194726,64.9999996531438,99.13091171928782,114.63235679656037,64.99999973904262,107.99030103746458,101.45115174221252,87.16145238224482,86.23724124700809,86.41811512480568,92.52402529253395,97.72718347621053,64.99999935123422,78.9798229130332
120.0,120.0,120.0,120.0,120.0,120.0,120.0,120.0,120.0,120.0,104.31844110259959,83.70416330215362,65.00000173100157,64.99999985124313,113.75736303989176,89.75455750345088,116.09393015650163,97.47431550559439,87.29668010111975,86.28219352473134,86.43113781984101,92.53365059575746,97.72360268376505,64.99999935123454,78.97293120581062
120.0,120.0,120.0,120.0,120.0,120.0,120.0,120.0,120.0,120.0,65.00000006325241,101.33162582592959,90.97355989364242,65.00000123383515,110.82726242732583,114.31632462531961,64.99999963435562,100.64479435312923,86.84914163986963,86.33581294653513,86.44490002836491,92.5439030002576,97.72511344008373,64.99999935123468,78.96880316805523
120.0,120.0,120.0,120.0,120.0,120.0,120.0,120.0,120.0,120.0,65.00001132806995,64.99999989331734,99.05296970332557,101.5403425107387,65.00000024396078,109.17749332665146,114.7809412725882,102.74071309374628,86.9930109266057,86.30183259065898,86.4648575214888,92.5542603907254,97.72787623328836,64.99999935123469,78.96777890630602
120.0,120.0,120.0,120.0,120.0,120.0,120.0,120.0,120.0,120.0,65.0000022863427,65.00000870020023,64.99999977530032,98.56180147808821,112.15655952703753,64.9999996675156,106.54839512830563,103.7966230517355,87.3551140464614,86.28098334541946,86.46647151658966,92.56839945847949,97.7312205164216,64.99999935123469,78.96823502328591
120.0,120.0,120.0,120.0,120.0,120.0,120.0,120.0,120.0,120.0,72.93500756989968,65.00000219218654,65.00000592223479,64.99999969751825,100.35813102043664,113.94989202434269,64.9999994803364,98.93634366550805,87.79399658831183,86.32424124577891,86.44970847389338,92.57691097152026,97.73677077256164,64.99999935123465,78.96787094148473
120.0,120.0,120.0,120.0,120.0,120.0,120.0,120.0,120.0,120.0,105.06991095565716,84.76889841203398,65.00000199898695,65.0000014542735,110.62134040553461,113.99640046686142,116.26400213704183,100.45867441374881,87.56512609586288,86.43479303069772,86.44316233704252,92.57242790109005,97.74098973596286,64.99999935123454,78.96745579617571
120.0,120.0,120.0,120.0,120.0,120.0,120.0,120.0,120.0,120.0,65.00000085018438,101.84224765500475,82.64287652911092,65.00000148213901,65.00000028269702,109.47813497734063,112.8659850835426,103.2186659030813,87.495295975246,86.4893388475208,86.47601439623288,92.56569653038305,97.73976812185651,64.99999935123445,78.9688236141703
120.0,120.0,120.0,120.0,120.0,120.0,120.0,120.0,120.0,120.0,99.95494272291847,65.00000046053944,98.34176665617468,83.02336948985268,65.00000058393135,64.99999975615881,106.721058862175,102.55515695444909,87.86830533057821,86.48705038057277,86.52631199442092,92.57820591694068,97.73675298014277,64.99999935123452,78.96914632083768
120.0,120.0,120.0,120.0,120.0,120.0,120.0,120.0,120.0,120.0,105.26119927642203,108.96680318843515,65.00000016651862,96.01385972643479,76.2767220748099,64.99999980942259,115.57425622789916,97.72430564953822,88.03164908234017,86.52243587719293,86.55552901213733,92.61082169350212,97.74147776432031,64.99999935123462,78.96597099539743
120.0,120.0,120.0,120.0,120.0,120.0,120.0,120.0,120.0,120.0,73.07140777209325,101.96771355998645,110.73496364023762,64.99999996274484,95.94589025829589,65.00000058943671,116.69288732981641,101.15972185907825,87.38133329221647,86.56506949829406,86.56447344285547,92.64257738923875,97.75595013980258,64.99999935123446,78.96314705193915
120.0,120.0,120.0,120.0,120.0,120.0,120.0,120.0,120.0,120.0,103.96829911815097,104.52982726818402,99.74183039164448,65.00002654880528,64.99999984688385,112.73897991364996,116.51919696585098,103.53053417095835,87.47250916146633,86.49068045866227,86.56531701708955,92.66197014151005,97.77168743729304,64.99999935123404,78.9670588592908
120.0,120.0,120.0,120.0,120.0,120.0,120.0,120.0,120.0,120.0,105.831074912317,110.40727481468682,100.36345295726252,99.68455860099644,65.0000011916426,108.57491983936038,114.24516954741742,104.73959476869928,87.84794738510003,86.42853824413751,86.53754460795028,92.67141595770585,97.78268820025748,64.99999935123358,78.97666030421338
120.0,120.0,120.0,120.0,120.0,120.0,120.0,120.0,120.0,120.0,65.00000182048213,104.85799301105656,111.11493502299271,90.14562296153099,65.00050028311311,64.99999994926466,107.94240032427757,104.34240269739712,88.18823740278302,86.44140302798463,86.49105944655572,92.66388352540112,97.78944809916,64.99999935123327,78.9845716491348
120.0,120.0,120.0,120.0,120.0,120.0,120.0,120.0,120.0,120.0,74.57913419286326,65.000002549923,104.28354660111786,108.98597196645558,68.23472701496316,65.00000104724806,64.99999963270828,99.92904523435038,88.27264378062607,86.49827697555747,86.46358937305406,92.63758294854324,97.78919076003153,64.99999935123306,78.98843465834281
120.0,120.0,120.0,120.0,120.0,120.0,120.0,120.0,120.0,120.0,105.52817244525032,105.81816742843603,65.00000382947347,103.73046943128858,97.73414629318836,65.00002190015374,64.99999973999505,103.76769463751134,87.58927787392798,86.5267676778652,86.47632283160557,92.61039302086746,97.77984735985056,64.99999935123303,78.99085257299745
120.0,120.0,120.0,120.0,120.0,120.0,120.0,120.0,120.0,120.0,65.0000002018779,104.90780574590151,113.87720133178937,65.00000197954053,115.12832092312301,112.33965575535913,65.00000089032224,108.47838717067658,89.40155991591179,87.98881164512473,88.08084407700377,94.18719067318855,99.38594056771451,64.99999935123326,78.98999683258252
120.0,120.0,120.0,120.0,120.0,120.0,120.0,120.0,120.0,120.0,65.00000350600666,65.00000006737454,104.68187046010014,114.92054701454892,65.0000001922711,112.85415795767756,110.92313179914743,64.99999948944532,90.08846287314641,87.90381555606344,88.07346531003941,94.20326008702537,99.384093304872,64.99999935123355,78.9844913183687
120.0,120.0,120.0,120.0,120.0,120.0,120.0,120.0,120.0,120.0,65.00001873578317,65.00000447907381,64.99999996967536,105.13579532368972,114.40758632390187,64.99999972261176,108.42633329692597,106.48343730140486,90.68495891013981,87.98145745625929,88.0106719417691,94.20651232375714,99.39474354924813,64.99999935123361,78.97966036123206
120.0,120.0,120.0,120.0,120.0,120.0,120.0,120.0,120.0,120.0,104.53154364394842,79.94741807904363,65.00000638367881,64.99999988633385,116.70364353983933,118.95721567336678,64.99999955899189,100.66757169349657,91.21041294570462,88.15893958517255,87.974358860086,94.17299812373808,99.39987271443874,64.99999935123343,78.98113378017379
120.0,120.0,120.0,120.0,120.0,120.0,120.0,120.0,120.0,120.0,65.00000059054756,101.89178330569558,92.38413479945903,65.00000867022405,64.99999980976551,116.61423591389094,117.81548677891907,99.5074090979024,90.37938133066405,88.38116378028707,88.01939996944026,94.13281610422978,99.38981698503827,64.99999935123338,78.98724900824413
120.0,120.0,120.0,120.0,120.0,120.0,120.0,120.0,120.0,120.0,65.00003255104266,65.00000033021026,100.494054998932,110.72223092164333,65.00000880070934,109.21297307005206,113.67126056691404,103.06875072287094,87.64263467109426,86.83586824620694,86.61888616050135,92.58941142324105,97.74835795290616,64.99999935123371,78.98812374214246
120.0,120.0,120.0,120.0,120.0,120.0,120.0,120.0,120.0,120.0,65.00003000598377,65.00002524858604,65.00000014922006,100.80503761118001,114.87185129101852,118.5953372011166,106.51764262668863,103.67235691193657,88.07318522039837,86.62031927258798,86.71737768360852,92.6617567189415,97.75272835378759,64.9999993512341,78.9795689119511
120.0,120.0,120.0,120.0,120.0,120.0,120.0,120.0,120.0,120.0,65.00003069477238,65.00002391292891,65.0000193417882,65.00000002123193,101.72164548638037,118.4612169865288,115.42787382430564,98.82593504468576,88.49172385853544,86.52329828179909,86.68076033221865,92.74750740721814,97.78283548149068,64.99999935123392,78.97237662937042
120.0,120.0,120.0,120.0,120.0,120.0,120.0,120.0,120.0,120.0,65.00006447158167,65.00002338795215,65.00001814113224,65.00001339163022,64.99999993116073,115.09545112068865,116.04039336642496,102.3683986740573,87.97403571729873,86.5590766532432,86.5637454663665,92.77325731426342,97.82278709444296,64.99999935123301,78.9788690694798
120.0,120.0,120.0,120.0,120.0,120.0,120.0,120.0,120.0,120.0,65.0004473195213,65.00004078891256,65.00001735002118,65.00001239401485,65.00000715307716,64.99999985841878,113.85972156991434,104.05393836245396,88.17315720131687,86.54229846963428,86.47901455013817,92.72552516055468,97.84052699045151,64.99999935123188,79.00030534770701
120.0,120.0,120.0,120.0,120.0,120.0,120.0,120.0,120.0,120.0,65.04482626742731,65.00023462069692,65.00002573613658,65.0000116140896,65.00000721081449,65.00000135112845,108.82036159830432,103.47812373732938,88.41817293081341,86.5497286688171,86.45250006290594,92.65793736853432,97.8254253493247,101.78419702997789,79.02192854438634
120.0,120.0,120.0,120.0,120.0,120.0,120.0,120.0,120.0,120.0,65.04875173181297,65.03937440531818,65.00011661804724,65.00001642734658,65.00000632061733,65.0000028889073,64.99999987156883,99.86508824800617,88.31768560835445,86.5612459092564,86.47667248138227,92.61458174770816,97.79771770423002,101.77737805318395,79.02387099176612
120.0,120.0,120.0,120.0,120.0,120.0,120.0,120.0,120.0,120.0,65.05845368875327,65.04388080394149,65.03860640846365,65.00005749981138,65.00001027729229,65.00000237450668,117.53063149253785,105.57656287560579,87.50838094422446,86.51107670392364,86.51968448075799,92.60847675044946,97.77782591198154,101.76679288928511,106.62770088507585
120.0,120.0,120.0,120.0,120.0,120.0,120.0,120.0,120.0,120.0,65.07931347150071,65.05396031114846,65.04627944639527,65.04659933889461,65.00002858525629,65.00000579124091,65.00000065269882,107.91436127870627,88.21824201490729,86.31270368513199,86.53393799808549,92.62799418654568,97.77277970470237,101.76032031447136,106.62281007733279
120.0,120.0,120.0,120.0,120.0,120.0,120.0,120.0,120.0,120.0,65.29152815207192,65.07981163894718,65.06056363456116,65.07654138188877,65.6276142671466,65.0000139969798,115.14952337711091,107.7960598068441,89.11121123797466,86.3153745805393,86.46700939837079,92.64443197863015,97.77910100245818,101.75943462519616,78.98741416454503
120.0,120.0,120.0,120.0,120.0,120.0,120.0,120.0,120.0,120.0,65.04661144003691,65.0423979286607,65.0450875159935,65.07311223104766,80.5235019288696,103.66950407220276,108.88779982927265,111.67227472416221,93.1749654139581,84.33547173735543,84.13078382817055,90.81767763621733,96.69845180100371,64.99999935123293,78.9916345161289
120.0,120.0,120.0,120.0,120.0,120.0,120.0,120.0,120.0,120.0,65.05179322497865,65.043213627425,65.05157191086842,65.1533394958176,90.1753193012424,102.65416974547794,104.72026871919175,111.49276020463745,93.3907990374434,84.40075775412257,84.1628742200772,90.79193895544587,96.67483163046623,64.99999935123277,78.9990318517573
120.0,120.0,120.0,120.0,120.0,120.0,120.0,120.0,120.0,120.0,65.06141408964265,65.0470381690872,65.05175643996577,65.23945016177856,91.80780200393313,103.11568684758727,102.12488393682945,97.51001416419649,93.55658017875825,84.42683053295781,84.2127307345479,90.79198637786156,96.65460267238136,64.99999935123314,79.0022930828974
120.0,120.0,120.0,120.0,120.0,120.0,120.0,120.0,120.0,120.0,65.06959206907983,65.05769328467477,65.05375012195104,65.24899718655224,92.02959220308603,103.78491484006223,102.12762104815945,81.10420032317,93.22035766163928,84.41765719401926,84.24436460134385,90.81582931665284,96.64608060120872,101.11470295793896,78.99221073889781
120.0,120.0,120.0,120.0,120.0,120.0,120.0,120.0,120.0,120.0,65.07632018228861,65.06614523442119,65.07429420041974,65.19022424849074,94.59624171545532,104.85479469753527,102.81807185661631,81.84463873941174,93.03878601529782,84.33566151683497,84.23498198221024,90.8415878780051,96.65092754317243,101.11069427596988,106.3512248506815
120.0,120.0,120.0,120.0,120.0,120.0,120.0,120.0,120.0,120.0,65.04417280147419,65.03579625797948,65.03931646874607,65.13881711827092,101.32839796972335,105.24762445896043,103.80735336646438,102.52321706735263,99.27665753550905,89.30958552372253,89.09590138466125,96.02422141543155,101.68660306441132,105.95134783914104,78.97426747321973
120.0,120.0,120.0,120.0,120.0,120.0,120.0,120.0,120.0,120.0,65.04649908303765,65.04045617696332,65.04144332393984,65.20531440715402,103.38676043518758,105.16750751068852,104.35080139454959,100.3994020805021,99.85839418538329,89.53872559191456,89.02790260528045,96.00074588267206,101.70121903146246,64.99999935123226,78.99289981741548
120.0,120.0,120.0,120.0,120.0,120.0,120.0,120.0,120.0,120.0,65.0474067366336,65.04390857033287,65.0467366696027,65.15194323691763,117.34103267666184,105.0559457478702,104.44640107505509,86.62738214231439,98.65461239803562,89.82122981397633,89.04519766757868,95.95437780594618,101.70739260561264,64.99999935123138,79.01774225242481
120.0,120.0,120.0,120.0,120.0,120.0,120.0,120.0,120.0,120.0,65.05632114998787,65.0426403616181,65.0555897557721,67.72341731484609,117.90021101016463,116.55756624643242,104.35721579017496,101.30581548370654,97.1942026483779,89.84278208883649,89.16085790251933,95.94040936210286,101.70066230450435,64.99999935123141,79.02994002637914
120.0,120.0,120.0,120.0,120.0,120.0,120.0,120.0,120.0,120.0,65.0702242707408,65.04899884018513,65.04873766376818,68.35631584747621,100.54974439899102,105.93862757237314,115.85483026052913,101.74790522468659,96.43230522163763,89.49750945433887,89.24024791850135,95.99349251026312,101.70098918661586,106.16176437561303,79.02045215858692
120.0,120.0,120.0,120.0,120.0,120.0,120.0,120.0,120.0,120.0,65.03669115827587,65.03169403421973,65.03479493306088,74.51969221483157,103.9505560356258,106.04305804014407,105.38899759924655,110.00201930371642,90.19937115084456,86.1029445363899,86.19887433417045,92.35541103584481,97.69135802231189,101.74637349512386,106.6234045343154
120.0,120.0,120.0,120.0,120.0,120.0,120.0,120.0,120.0,120.0,65.55390162473051,65.03569130028309,64.99999935029311,67.5322259418011,100.28520465786653,106.22432375295362,105.57585058558553,90.72027445860068,90.27774724645414,86.0390747575045,86.21511058280291,92.32258044290006,97.64728380479498,101.72245404916083,106.6130629553121
120.0,120.0,120.0,120.0,120.0,120.0,120.0,120.0,120.0,120.0,66.23385707761693,65.04126254468251,65.41234657696683,76.02740875077676,115.32279209044675,115.04926149354982,105.97185357358649,110.50189780067258,90.37059666004346,85.99533281099806,86.20880349203965,92.31217989160906,97.62120322462734,101.70371761683118,106.60439232431366
120.0,120.0,120.0,120.0,120.0,120.0,120.0,120.0,120.0,120.0,67.13480367142748,65.14153075591166,65.64292922513357,73.7107176405743,99.13149615865738,115.66454790404572,114.82521521915268,110.51311483994851,90.23112318325771,85.98074427822556,86.18072474367247,92.29966979820577,97.60612567805573,101.69118561049493,106.59884096397676
120.0,120.0,120.0,120.0,120.0,120.0,120.0,120.0,120.0,120.0,68.04458188411994,65.8468382758548,65.92751614279463,72.63038976397975,92.47888793277974,106.34019275144342,115.55682124410242,110.36060459906612,90.04014778607808,85.94592144984597,86.15129399440262,92.27380076450108,97.59187904586395,101.68204446985861,106.59562484307136
120.0,120.0,120.0,120.0,120.0,120.0,120.0,120.0,120.0,120.0,104.49229889676973,101.08538510859732,99.48432152117581,100.73360201898645,104.19907228597977,65.00015624621807,106.14650080896853,111.10191957860863,90.56065521339234,86.00070155411339,86.13898237222053,92.24054580573262,97.57276636033531,101.67254023464066,106.59275530699219
120.0,120.0,120.0,120.0,120.0,120.0,120.0,120.0,120.0,120.0,104.59199542010019,101.19115373214322,99.45106005535139,100.51306057721808,103.97218663726078,106.56858006747697,65.00007520717583,111.30847012645565,90.60340297535544,86.00555347741513,86.14752751642764,92.21360257203493,97.55047332774139,101.66088981436602,106.58858828013182
120.0,120.0,120.0,120.0,120.0,120.0,120.0,120.0,120.0,120.0,107.40933873878565,101.71688342592026,99.59026849562262,99.71254118028713,102.00493919360876,102.51666164512712,65.00016583732932,65.0000277354299,90.6855251960366,86.00103370570453,86.16468895440947,92.20189018461296,97.53071491499196,101.64816692257389,106.58289504104691
120.0,120.0,120.0,120.0,120.0,120.0,120.0,120.0,120.0,120.0,107.74592495904282,106.1334942048668,99.93022214077416,99.32507265215742,100.61360330002643,90.69989840091769,65.00012498208896,113.66587247241165,90.77697722302169,85.99675604385837,86.17527622474674,92.20302377556588,97.51794110635684,101.63682916439676,106.57678334389173
120.0,120.0,120.0,120.0,120.0,120.0,120.0,120.0,120.0,120.0,107.84073071939004,106.81520868447073,104.79601099948404,65.00018162613,99.56708590191072,101.72313942662608,65.0002733020619,65.0000175312967,92.15116593133838,85.99902491729351,86.17338844816872,92.2071578137817,97.51189001990434,101.62857582318472,106.57160828167983
120.0,120.0,120.0,120.0,120.0,120.0,120.0,120.0,120.0,120.0,95.46578001252053,107.08580272557775,105.66075185314045,103.66630752108293,65.00001624053296,98.7350555960613,113.89535963824348,65.00000247127646,93.24184679403812,87.10615947082204,86.98886184180527,93.05135942348825,98.38276244480778,102.55953159425472,107.65021346896688
120.0,120.0,120.0,120.0,120.0,120.0,120.0,120.0,120.0,120.0,108.35944442804806,106.82470421344202,106.12715976871274,101.65470800618694,105.66632672072483,65.00000704853868,112.53596041312822,107.73275309212765,93.0630514104723,87.39640857344156,87.07818006108592,93.04432766315207,98.37933341627341,102.55597948317164,107.64787479371137
120.0,120.0,120.0,120.0,120.0,120.0,120.0,120.0,120.0,120.0,107.62551220980833,108.88766494308624,106.40342679280872,104.51116236154361,97.52918349685967,97.44718809712882,113.32017076694277,104.99802650908504,92.62397244076621,87.61486903534671,87.25260859956377,93.08168828861925,98.37570246120794,102.5632236472306,107.66277940203992
120.0,120.0,120.0,120.0,120.0,120.0,120.0,120.0,120.0,120.0,97.0985243274417,107.00383244947766,108.79642194893762,95.24189913327615,101.85883298756937,95.0030419604023,65.00001074797932,105.70091172484497,91.09665216634158,87.71080362814969,87.43648066375327,93.1889709177566,98.38946614070906,102.56574917546853,107.6666362875117
120.0,120.0,120.0,120.0,120.0,120.0,120.0,120.0,120.0,120.0,108.52326474243388,108.49321472145728,106.4476437689445,108.11863320850428,65.00003476434979,96.58723473975941,96.38099452548201,110.58253033955783,90.09791333991203,87.54096945222503,87.53946014167374,93.33543989641885,98.43747604060889,102.57584081771847,107.6680464227569
120.0,120.0,120.0,120.0,120.0,120.0,120.0,120.0,120.0,120.0,86.34658485304091,65.00003738774026,108.45827117067506,105.11563788686642,107.62346966120296,65.00000735433129,86.23050707856703,110.00518381625301,90.58875974637736,86.95046552085412,87.22292411707997,93.18999372113228,98.19578061713025,102.23372180277599,107.24013921413459
120.0,120.0,120.0,120.0,120.0,120.0,120.0,120.0,120.0,120.0,108.56798489657405,94.53937839628348,65.00002543208596,108.35555435778653,101.13595341285178,109.04033657081608,65.00000270311061,104.95879262984474,91.35629807991336,86.86193448576643,86.99918407168397,93.230451665752,98.26502836779464,102.26418654477843,107.24942994147254
120.0,120.0,120.0,120.0,120.0,120.0,120.0,120.0,120.0,120.0,65.00012396802869,107.04155865411786,100.05097054096196,65.00001585467051,107.48954519694978,96.85587545640486,65.00016579799399,105.93463088471856,90.6057416507752,86.98535821475679,86.78460980892523,93.14009040162233,98.2991639093713,102.29972387643902,107.271818521625
120.0,120.0,120.0,120.0,120.0,120.0,120.0,120.0,120.0,120.0,81.08798772694814,88.35005564902879,105.07229413321193,112.52658000127494,65.00000924325904,104.40902499939212,93.74381751228546,110.63900381343093,89.9242387763456,87.00155040498105,86.73494688862365,92.98223212610021,98.27494037387984,102.31770888917636,107.28528049788773
120.0,120.0,120.0,120.0,120.0,120.0,120.0,120.0,120.0,120.0,105.88668959874114,102.06827749717245,103.86204558054202,104.07141238242467,114.34943801451682,65.00000430616515,90.879106446246,109.56001549888481,90.74669273712838,86.83938495652875,86.80908720913321,92.87877273713381,98.21319965317576,102.31164095259146,107.28955493956222
120.0,120.0,120.0,120.0,120.0,120.0,120.0,120.0,120.0,120.0,106.11505032861656,105.90960343920958,112.85294379073993,102.1361035322472,103.65329239581766,115.01627498163968,65.00000136862509,113.4148506200654,90.67305192638098,86.24682915591443,86.31441779361414,92.3748742330457,97.89988084719938,103.47178604087968,113.60338373694678
120.0,120.0,120.0,120.0,120.0,120.0,120.0,120.0,120.0,120.0,65.00000614947903,104.03312315734456,106.83126259199202,113.75359622795341,99.84656589448248,103.72152027299948,113.58750421433209,113.4034231615841,89.89278247780341,86.3356431480371,86.3439311051712,92.41812158891852,97.89614739824628,103.44465455873615,113.6020892059119
120.0,120.0,120.0,120.0,120.0,120.0,120.0,120.0,120.0,120.0,71.05480972864649,65.0000089282431,102.81376784179719,107.29028216787225,102.0543160773843,114.82434631061668,103.23408534383182,114.48666047159702,89.18989161083269,86.34633727610205,86.36708427859053,92.45304710732107,97.91954350791198,103.60526072131056,113.6171351704395
120.0,120.0,120.0,120.0,120.0,120.0,120.0,120.0,120.0,120.0,105.42721991016596,95.17990959425603,65.00001677765901,101.77683989989055,107.58082891291868,65.00001194124933,111.1591397832745,110.45713064919015,90.18512161224162,86.23689422960386,86.37685546755883,92.47639686984556,97.93839647232305,103.73859249384493,113.62249472649542
120.0,120.0,120.0,120.0,120.0,120.0,120.0,120.0,120.0,120.0,65.00000350309854,104.7010751861105,105.7263048046638,65.00006475020759,99.71108064314097,108.55558210408545,65.00000179768875,104.38802805680355,90.65058986943599,86.32863685153364,86.33888798870501,92.4899991361794,97.95084988468712,103.85223373080375,113.62808070399738
120.0,120.0,120.0,120.0,120.0,120.0,120.0,120.0,120.0,120.0,65.00000160719065,65.00000074235922,104.73153786148133,114.80748343699094,65.00005306256483,111.6249261550122,92.53260871847948,108.3784627628089,89.54989668833865,86.51615335728599,86.35464477638713,92.442648753667,97.64003569168105,101.67157898924252,106.58131278552338
120.0,120.0,120.0,120.0,120.0,120.0,120.0,120.0,120.0,120.0,65.00000884817184,65.00000217674321,65.00000059716336,105.32021298468808,115.77000612356127,65.00000222254239,110.2363136265958,111.37053005421038,89.53729107977597,86.48740276725069,86.4092380356731,92.42987570001665,97.63842227534197,101.67543905244425,106.58252992311498
120.0,120.0,120.0,120.0,120.0,120.0,120.0,120.0,120.0,120.0,104.51935103928193,79.94543491301688,65.00000341346575,65.00000044892688,105.95806594750543,116.03151096856061,113.921801691083,107.46410413372217,90.3781008245827,86.39487567402108,86.45945713788845,92.45135897314424,97.63361424462676,101.67498734262874,106.58370525888802
120.0,120.0,120.0,120.0,120.0,120.0,120.0,120.0,120.0,120.0,65.00000015948203,101.90590946971088,90.95924393448777,65.00000570794978,65.0000003125104,106.76818446238462,113.85456191540563,106.73482409293705,90.37228222227033,86.4401805202356,86.44962949475688,92.49131607833118,97.64265365829141,101.67331515333018,106.58275034754853
120.0,120.0,120.0,120.0,120.0,120.0,120.0,120.0,120.0,120.0,65.00000956893778,64.9999999893905,100.58143924313269,107.02533552665058,76.84002802845306,65.00000014390564,107.5002167164755,110.90943019241124,89.86617228800237,86.50106861385446,86.4255404293831,92.5079694005575,97.66196375158374,101.67813333910722,106.58186097875326
120.0,120.0,120.0,120.0,120.0,120.0,120.0,120.0,120.0,120.0,65.00005238244448,65.0000072844481,64.99999991566098,100.99108637562762,110.76484197311146,91.21536025847443,109.79869789625698,110.77321071255356,90.48891798377267,86.4562684416513,86.4220757376287,92.50180697229047,97.67292612826745,101.68718635607752,106.58474627660658
120.0,120.0,120.0,120.0,120.0,120.0,120.0,120.0,120.0,120.0,104.35406517197241,81.42464892267327,65.00000842268972,64.99999982678968,114.33755308108125,116.44117271229987,65.00000102473356,105.04434512854148,90.86529630432379,86.47817050471903,86.4131864088519,92.49642879412171,97.67292478769937,101.69189670301378,106.5891307133461
120.0,120.0,120.0,120.0,120.0,120.0,120.0,120.0,120.0,120.0,65.00000148533326,101.43251978055842,90.74071864027822,65.00000633305511,110.95248332660569,105.32297238050221,115.14246241705298,111.73716934110801,89.74349595007997,86.51031705672422,86.41166975774972,92.4914193460994,97.67216315880444,101.69197165953828,106.59048410334786
120.0,120.0,120.0,120.0,120.0,120.0,120.0,120.0,120.0,120.0,65.00004879749062,65.00000102688804,99.50535376077487,102.86217414453098,65.00000252112548,110.30244029765613,104.8422983829546,113.16954883506804,91.13795446744912,86.35466070301315,86.4193230300936,92.48830908917229,97.67168483739566,101.69253729225154,106.58974931102722
120.0,120.0,120.0,120.0,120.0,120.0,120.0,120.0,120.0,120.0,65.00004744574456,65.00003749167712,65.00000070251986,99.23851402960125,112.27194136613544,65.00000031613332,108.58019162858346,111.30734911329772,92.27151850309154,86.49998129488432,86.37791469103828,92.49026489621366,97.67119537992306,101.69340862805363,106.58999150499038
120.0,120.0,120.0,120.0,120.0,120.0,120.0,120.0,120.0,120.0,65.00004728370946,65.00003452964643,65.00001902218258,65.00000096778766,115.8354848488093,65.0000100812134,64.99999962731283,106.00131267540743,94.27919682116881,88.46585326989556,88.04943497062129,94.1729452592359,99.42497487022742,103.55730149151906,108.69674264806343
120.0,120.0,120.0,120.0,120.0,120.0,120.0,120.0,120.0,120.0,65.00018128498097,65.00003372875803,65.00002602409495,65.0000083741844,113.01059512178415,116.41818268877724,64.99999982756766,112.24598107302843,92.32771467690281,88.66246559910742,88.17004995113136,94.1688643245716,99.42067938058597,103.55903797437811,108.69668947500264
120.0,120.0,120.0,120.0,120.0,120.0,120.0,120.0,120.0,120.0,65.02644528629838,65.00010087673816,65.00002374696923,65.00001708022187,65.0000030495684,110.77834840562723,117.79264418556738,114.87620684471628,92.99898974746307,88.4823532446432,88.31160174608439,94.22435694509899,99.42394081178908,103.5779583793047,108.72695849733654
120.0,120.0,120.0,120.0,120.0,120.0,120.0,120.0,120.0,120.0,65.02908705158904,65.0225734518505,65.00005435294655,65.00001625325206,65.00000847338472,65.00000086702923,109.15576520400988,115.30346647739756,94.31900269855618,88.38771213442675,88.31588719178995,94.32182603987727,99.45070552478204,103.59026358526287,108.73588460057346
120.0,120.0,120.0,120.0,120.0,120.0,120.0,120.0,120.0,120.0,65.0348597991423,65.02543001578373,65.0213356496602,65.00002916471627,65.00001008500011,65.00000281713113,65.00000015419492,107.49221313512493,95.3994535146424,88.51708644787823,88.20617084264616,94.37289374866279,99.50020042285543,103.61174667608016,108.74163340043381
120.0,120.0,120.0,120.0,120.0,120.0,120.0,120.0,120.0,120.0,67.4697615242911,65.01960488826191,65.0196405802618,65.01917042672257,115.59059442611967,65.0000041146946,65.00000049834978,110.66354406478779,93.52283640258425,88.23646208434873,87.67794887425192,93.84419869384797,98.95619021143722,102.9783575333719,108.01435319761376
120.0,120.0,120.0,120.0,120.0,120.0,120.0,120.0,120.0,120.0,68.24897631647826,66.97873703954052,65.02072810931192,73.64164695074402,115.88612424232525,116.30653245329846,65.00000108657677,113.96607761184816,93.57037263600029,88.19858603704417,87.70744069779235,93.80299586402819,98.96158903985122,102.99182432920996,108.02404711766707
120.0,120.0,120.0,120.0,120.0,120.0,120.0,120.0,120.0,120.0,68.92997131133689,67.66188662616531,68.89131502201064,68.4957613582103,117.14423580888358,114.89024473688193,116.53006889330321,115.06565125378151,94.77961865948718,88.06820621567915,87.73295767185671,93.79650315507573,98.9536313775576,103.00474456838313,108.04356571624392
120.0,120.0,120.0,120.0,120.0,120.0,120.0,120.0,120.0,120.0,69.82335802082707,68.29802402730814,68.85641845474815,77.61136467764847,116.73463824716738,117.33675086419441,113.16411661840424,114.77577041126864,96.02136031019101,88.08985587978408,87.69290804420885,93.80924616155019,98.95559653170753,103.00608367952083,108.0520743009309
120.0,120.0,120.0,120.0,120.0,120.0,120.0,120.0,120.0,120.0,70.6553258022637,69.16315876448013,69.25401939507172,74.64712215136221,96.09003538796728,117.05490794501196,116.55704510875002,110.45820073020273,96.84469641052324,88.2241409065584,87.6417257735843,93.7942602624647,98.96861349522817,64.99999935123476,78.93665128882395
120.0,120.0,120.0,120.0,120.0,120.0,120.0,120.0,120.0,120.0,65.02947019164321,65.02615512490499,65.02477999740566,65.09956451329712,117.48211656551028,117.88303190789024,117.77109917768739,113.64197456780983,97.28706375020442,89.86242617195875,89.16778253542165,95.28327276896997,100.48853833157287,64.99999935123431,78.94292769683624
120.0,120.0,120.0,120.0,120.0,120.0,120.0,120.0,120.0,120.0,65.03101229276547,65.02848388181833,65.03144401937926,65.06250381429557,117.48785873382496,117.91591898300594,117.59229215970802,114.81122714280231,96.94351776813049,89.69034917103146,89.20685602784903,95.2763923777297,100.4760874715556,64.99999935123422,78.95531688403642
120.0,120.0,120.0,120.0,120.0,120.0,120.0,120.0,120.0,120.0,65.03522211479697,65.02933536190086,65.03767520893554,65.14711621602305,118.06078602321284,117.72377317873008,117.81595534212883,114.98262231718695,97.53263746819358,89.3698878065032,89.1435473926296,95.28867377277237,100.48753581595057,64.9999993512345,78.95615752780147
120.0,120.0,120.0,120.0,120.0,120.0,120.0,120.0,120.0,120.0,65.0423636629205,65.03301758538927,65.0384735446476,75.35834539201997,105.20030545786932,118.29737459913628,117.61787453791922,115.45515745791184,98.21392530476638,89.1283202990261,88.93947643803217,95.2566811016555,100.50129944541835,104.6647464294383,78.94984059162762
120.0,120.0,120.0,120.0,120.0,120.0,120.0,120.0,120.0,120.0,65.04903387911823,65.04126528148919,65.04322119977776,88.04021612908475,105.03242299924284,118.22354067330923,118.2007006604167,115.44352918499162,98.95267689713833,88.99058934334825,88.68677390040511,95.12875009850563,100.49079109820144,104.69679591307602,109.97206117963067
120.0,120.0,120.0,120.0,120.0,120.0,120.0,120.0,120.0,120.0,65.03585536375611,65.03079555335734,65.0378975890509,81.29580183931769,104.35051841659593,116.48567792258267,116.5545035386106,113.34520100996549,78.89303793271668,87.06080282452187,86.42522060705676,92.85281170984871,98.84917181774374,64.99999935123464,78.95481538951937
120.0,120.0,120.0,120.0,120.0,120.0,120.0,120.0,120.0,120.0,65.03983179125076,65.03377829714059,65.03922662386893,71.3355992567069,104.01438348910993,116.18688924663799,116.5836199601316,113.5990160005083,80.491847596492,87.056398308913,86.41100597013083,92.80656452749562,98.82680181629802,103.53033842363232,78.94982609481771
120.0,120.0,120.0,120.0,120.0,120.0,120.0,120.0,120.0,120.0,65.04510443453805,65.03769890113851,65.04416559380094,65.63858195761968,105.77808244240889,105.34709472269566,116.395201465732,113.96837773758999,81.61364034269057,87.07735212078232,86.39999449726584,92.77354894699745,98.80748193565849,103.55583536761876,109.14657669848027
120.0,120.0,120.0,120.0,120.0,120.0,120.0,120.0,120.0,120.0,65.05196652514358,65.04322739401647,65.05049521945163,67.39643543934923,106.3579491306964,107.04813580730664,115.45156742031254,114.04885856941948,83.09691287498016,87.09404926584456,86.39125221395201,92.74568481347376,98.79043077835978,103.55368751862167,109.17660807477719
120.0,120.0,120.0,120.0,120.0,120.0,120.0,120.0,120.0,120.0,65.06112699300019,65.05050344418753,65.06087652191997,72.02794770662729,106.06749075175517,107.70228727202658,107.24603183581996,112.93900464231686,84.4698548218057,87.11034073997581,86.37826504264768,92.71773578922674,98.77945660564646,103.5638165083311,109.09972411995557
120.0,120.0,120.0,120.0,120.0,120.0,120.0,120.0,120.0,120.0,68.92501039684612,67.41242685177556,68.01526339598993,75.44448606160456,101.10621368213147,107.64452908587522,107.83523926881222,114.1324448302986,97.9955595604486,86.05699334588813,85.94733909274167,91.92516797950714,97.3636748273241,101.57372750416009,106.55208050932325
120.0,120.0,120.0,120.0,120.0,120.0,120.0,120.0,120.0,120.0,69.85582205058653,68.47330764093668,69.13039199186875,75.6724961142348,96.52460673351052,107.22938376972405,107.89157679678445,114.42249682784367,98.3808944929096,86.045752064883,85.90044397768493,91.90390525890139,97.3469753235467,101.5577041510733,106.54450080750684
120.0,120.0,120.0,120.0,120.0,120.0,120.0,120.0,120.0,120.0,70.7940789755972,69.4292967943084,70.0270511235726,76.54905715819605,95.63417990488067,107.0328090740275,107.71648570210145,114.48882895635089,98.78574195527783,86.06673122105857,85.85717145151162,91.85976839498656,97.32498005960348,101.54409887771172,106.5392391921047
120.0,120.0,120.0,120.0,120.0,120.0,120.0,120.0,120.0,120.0,71.80808862826467,70.40156298542115,70.88409349399393,76.9354084833108,95.0918333361462,106.78719661963751,115.75574971615035,114.41304632308551,99.14509957846649,86.10173603026037,85.84306262856202,91.80635306131987,97.29371642916419,101.52813016906869,106.53323959395928
120.0,120.0,120.0,120.0,120.0,120.0,120.0,120.0,120.0,120.0,72.74392825994205,71.46816911089587,71.82654353829311,77.2350167310548,94.19298714136085,106.36400907042864,107.55202960701439,114.41781353595027,99.02930364898361,86.09600710997583,85.86233977567191,91.76527841987065,97.25783068018968,101.50870760406889,106.52497131896317
120.0,120.0,120.0,120.0,120.0,120.0,120.0,120.0,120.0,120.0,65.04679812264925,65.04085835244013,65.0420307574996,87.20345641610191,103.42973983124985,106.01272568311542,118.69961152770087,118.59996880836732,106.11049160646061,91.21349315084323,90.90913021882632,97.27554608389998,103.09565632439872,107.78536914044336,113.5532635578688
120.0,120.0,120.0,120.0,120.0,120.0,120.0,120.0,120.0,120.0,65.05353462548162,65.04992343039376,65.07292317714229,98.03313150538551,103.22087591686177,105.73983285668264,118.67262204513784,118.5566563155389,106.17726726832706,91.19978362232906,90.93491843864778,97.29286439491017,103.08656720475284,107.77127461619565,113.54278633093391
120.0,120.0,120.0,120.0,120.0,120.0,120.0,120.0,120.0,120.0,65.0642786997524,65.05644659377926,65.11771153407821,102.43219705383252,103.10068162990883,104.67934144764799,118.66963518738088,118.52698694624057,106.29271758287655,91.19821259620262,90.89077212288898,97.3111576945706,103.10596048738573,107.83729952970394,113.63882529101225
120.0,120.0,120.0,120.0,120.0,120.0,120.0,120.0,120.0,120.0,65.07763258913327,65.06981725433523,65.14223341313746,103.99652668627165,103.91771998343503,104.42244169973392,105.3146469005753,118.52412809617948,106.4989348737097,91.18981173876082,90.80335942508259,97.28709011584107,103.12212331389601,107.88309605557278,113.67240727631957
120.0,120.0,120.0,120.0,120.0,120.0,120.0,120.0,120.0,120.0,65.09023044674626,65.09146247387045,65.23555605170618,104.82130634830742,105.23777649972462,104.77356035089922,105.01800602243382,118.3639290705117,106.60394619397664,91.1646165305751,90.71350050595538,97.21063906925079,103.1266899357177,107.92371411254055,113.69468580869142
120.0,120.0,120.0,120.0,120.0,120.0,120.0,120.0,120.0,120.0,65.05427604140355,65.05317362537657,65.11514258459124,105.01660146106674,106.10052847502601,105.7670878492971,115.06576655603814,113.9127102370178,100.5512257218656,86.24649201304388,85.8865452543306,91.75559367651631,97.19184039023799,101.44046876834045,106.48396725007647
120.0,120.0,120.0,120.0,120.0,120.0,120.0,120.0,120.0,120.0,65.0613984713316,65.06130816917695,66.61869658783522,104.94890969610684,106.45003974275603,106.52554527239174,105.77406422820245,113.90059426856708,100.49176657776832,86.23276207531296,85.88730950557094,91.73763329705102,97.17739299952525,101.4318985545445,106.47968528522449
120.0,120.0,120.0,120.0,120.0,120.0,120.0,120.0,120.0,120.0,65.07041880059029,65.07184872061715,69.00853004205273,104.96680357586516,106.56024762747845,106.9371481842532,106.39670086289331,114.04059835386093,100.52304175390344,86.20042847086582,85.88212382827633,91.72622181744386,97.16368843223358,101.42255958059889,106.4745708844273
120.0,120.0,120.0,120.0,120.0,120.0,120.0,120.0,120.0,120.0,65.08386978677639,65.08577686573787,71.7454317186386,104.87214147444779,106.66431063083444,107.17876791832751,106.82016493955558,114.19787698702758,100.64613206034673,86.17205990650355,85.86188171763366,91.71552726184564,97.15295683217354,101.41394578802893,106.46947061975652
120.0,120.0,120.0,120.0,120.0,120.0,120.0,120.0,120.0,120.0,65.10542367653392,65.1181285889394,74.26816821715605,104.72360644797335,106.5907360127129,107.36241521883109,107.15130943284287,102.99692996746528,100.71723099080295,86.15995004756317,85.83231758977888,91.69659514972335,97.14315002163553,101.4067843075881,106.46509321727113
120.0,120.0,120.0,120.0,120.0,120.0,120.0,120.0,120.0,120.0,65.04595446795173,65.04565287316693,65.06951910936148,79.44835610252814,106.37586955995653,107.34102246519352,107.40640719378663,112.25895536731703,94.96543080708575,86.76520237288848,84.48131397087938,90.598327353339,95.9468653841872,100.75343851808526,106.2497000986786
120.0,120.0,120.0,120.0,120.0,120.0,120.0,120.0,120.0,120.0,65.04856502085939,65.044464946932,65.07036282200136,69.76715872453883,106.3056714601279,107.2130492178288,107.44292352892629,112.00898117898228,95.23178734592915,87.07841122376372,84.49138944092674,90.60351222562326,95.96002149073077,100.75830397881367,106.25011440902311
120.0,120.0,120.0,120.0,120.0,120.0,120.0,120.0,120.0,120.0,65.05242804076256,65.04613184231403,65.06024410019091,66.96383606948729,104.05448990239374,107.10415307354496,107.38360883407265,104.08489380586407,94.89847458254494,87.33800525093393,84.54747944051962,90.60354883473084,95.96332762049278,100.76283442404328,106.25081743377527
120.0,120.0,120.0,120.0,120.0,120.0,120.0,120.0,120.0,120.0,65.0566140191356,65.04941229849577,65.05925616832847,65.82307386332157,94.05565253058528,109.3060788835922,107.31166944734147,104.15920186717045,92.93881080276147,87.41090049625176,84.61216407136158,90.6276418227119,95.96250163058454,100.76353607748742,106.250631412433
120.0,120.0,120.0,120.0,120.0,120.0,120.0,120.0,120.0,120.0,65.06187017024024,65.05288875238736,65.06283992888727,65.47962662139251,89.01378470248265,109.55182627027496,109.52179606321751,104.19705416137666,91.5162458719873,87.20339338918734,84.59683458901368,90.66780371599015,95.97161093114829,100.76196187530584,106.2488335431852
120.0,120.0,120.0,120.0,120.0,120.0,120.0,120.0,120.0,120.0,65.045379949738,65.04156509369702,65.05349421667866,74.47545927188247,104.20175428114408,109.40466522602858,109.8176122337527,106.40195518419617,101.91433267911164,86.19013894613356,85.8234938457093,91.60115186660167,97.05764231950275,101.35453672820697,106.4398885881685
120.0,120.0,120.0,120.0,120.0,120.0,120.0,120.0,120.0,120.0,65.05048138188381,65.04638546810669,65.0585640401313,76.80868260088805,104.7188460651783,108.64917038079756,110.0801622960643,106.97559501763385,102.559722834693,86.20812247002503,85.81809917435034,91.60002250555195,97.0540546269964,101.34973621356058,106.43695884134777
120.0,120.0,120.0,120.0,120.0,120.0,120.0,120.0,120.0,120.0,65.25423036468518,65.05153695949723,65.40384659122275,77.05218054917427,104.68551036378975,106.71680870867631,109.69352870367291,107.54852909017241,103.03862508686802,86.27470903376695,85.81226051848633,91.5942200808945,97.05008814712461,101.34597613557673,106.43483808532571
120.0,120.0,120.0,120.0,120.0,120.0,120.0,120.0,120.0,120.0,66.32384341160251,65.06509916079015,66.34071748308398,77.30368192007812,104.9173707496469,106.63408377400866,107.63339522252382,107.57898719414096,103.40914436244063,86.34684820744768,85.82467093248559,91.58576091464042,97.04445747198915,101.34217256389792,106.43290152440684
120.0,120.0,120.0,120.0,120.0,120.0,120.0,120.0,120.0,120.0,67.45663118600099,65.69956461474789,67.16314544529838,77.39720157758838,104.5526836359653,106.67240442815061,107.61272051340791,105.69749193335393,103.63879539300835,86.38883272488961,85.85302876301539,91.58567164750755,97.03768451732422,101.33786898594836,106.43073249419025
120.0,120.0,120.0,120.0,120.0,120.0,120.0,120.0,120.0,120.0,65.05264674342143,65.05760356393135,65.05704337291762,93.04496062248037,105.14145679405277,106.65826452448178,107.49926870265082,105.65814000292252,104.47601340397512,87.37660241547643,86.7257803012873,92.45138633147236,97.80847068988194,101.99584956433932,106.8840191466027
120.0,120.0,120.0,120.0,120.0,120.0,120.0,120.0,120.0,120.0,65.06555634642984,65.05488036561668,65.40897262942951,101.16820069847171,105.02869237007835,106.72058477650975,107.2979311648537,105.56647153316658,104.57996349758608,87.40757368189952,86.76524181761253,92.48600321909612,97.81461847495622,101.99371817223088,106.88183839138729
120.0,120.0,120.0,120.0,120.0,120.0,120.0,120.0,120.0,120.0,65.07734627602994,65.07353712998,65.12336709017934,102.93377751508957,103.65076914164439,106.57502168345461,107.36181268686505,105.23943330461603,104.1991265097782,87.43250840728827,86.76170953414625,92.52323067786239,97.83030853972912,102.00168532888335,106.88601348367328
120.0,120.0,120.0,120.0,120.0,120.0,120.0,120.0,120.0,120.0,65.08829773817297,65.09228913559078,65.36116055998464,103.79458405309022,104.52440687999416,104.93924034925679,107.20027853814742,105.28120724684302,104.06760752311628,87.3142013822907,86.71880583923692,92.53808747237728,97.84836309706988,102.0106165158259,106.88801376142612
120.0,120.0,120.0,120.0,120.0,120.0,120.0,120.0,120.0,120.0,65.10325718227418,65.10867566336302,67.12726261002241,104.13377867405525,105.45198532297624,105.47994394652267,105.58660167020318,105.17211097756176,104.41322125840712,87.09875923891217,86.59424595082093,92.5172340138248,97.85914043589683,102.0201465263331,106.89087902246072
120.0,120.0,120.0,120.0,120.0,120.0,120.0,120.0,120.0,120.0,65.02827446352292,65.0252696276322,65.04304842565503,87.35713918425111,105.6544120187256,106.24703872698251,105.97550001380037,103.68713103212934,104.81937011007948,86.7523493715223,85.85502164432471,91.65600518056556,97.08012756166669,101.34651632150803,106.42890671073
120.0,120.0,120.0,120.0,120.0,120.0,120.0,120.0,120.0,120.0,65.02960141105164,65.02637108076942,65.03131631482366,69.2464159034664,106.00597572010949,106.31583023505357,106.53962080538969,103.91551753509206,104.63065135803328,86.78732778724626,85.85398392308686,91.62370452161369,97.06710083525861,101.34509767743437,106.4295618625671
120.0,120.0,120.0,120.0,120.0,120.0,120.0,120.0,120.0,120.0,65.03148682128158,65.02750054113177,65.03218000132931,65.1196352040053,107.345004916928,106.6906233550029,106.45349250119637,104.39221220156274,104.63650900595269,86.77026624241824,85.86675812387027,91.60397935221776,97.05058613971777,101.33908867870959,106.42766101492359
120.0,120.0,120.0,120.0,120.0,120.0,120.0,120.0,120.0,120.0,65.03428144383992,65.02858963432985,65.03338762105273,65.11658902996807,107.80349051519711,108.37352412814755,106.84717771254024,104.2118330354206,104.70908209593252,86.72878905222522,85.86760991240632,91.59921821393031,97.03812980947967,101.3318028210093,106.4241681856432
120.0,120.0,120.0,120.0,120.0,120.0,120.0,120.0,120.0,120.0,65.03669146374062,65.03134793778815,65.03204823948211,65.13401209753282,106.85984267116113,109.0904608303858,108.57216191608177,104.59048552855552,104.26082588082656,86.67571070163969,85.8408117897256,91.59607741115325,97.03215080259308,101.32616589731379,106.42084668638317
120.0,120.0,120.0,120.0,120.0,120.0,120.0,120.0,120.0,120.0,65.01524527291944,65.0132268176536,65.01369687085774,65.02352394616308,95.21728836804319,108.51227241262518,109.30488940478303,106.3457517105399,105.1385145377362,86.76997796748567,85.82255025687645,91.57805838174295,97.0258108005796,101.32241488517744,106.41874965220028
120.0,120.0,120.0,120.0,120.0,120.0,120.0,120.0,120.0,120.0,65.01581238790955,65.0134065589123,65.0134505785757,65.01942675301719,80.50424149839027,108.05999473305448,108.9798015797828,107.20440925946582,105.69102288773581,86.78697143855487,85.80715765200195,91.55406816746876,97.01673853316925,101.31945909701936,106.4178254031003
120.0,120.0,120.0,120.0,120.0,120.0,120.0,120.0,120.0,120.0,65.01685509376551,65.0137382833046,65.01345427000848,65.01781082743712,71.73601139922937,108.57032927139092,108.80590122650928,107.13838950761016,106.19874456323394,86.84727438061745,85.80571072882907,91.53010556134946,97.00266281772193,101.3142333859442,106.4166303255821
120.0,120.0,120.0,120.0,120.0,120.0,120.0,120.0,120.0,120.0,65.01814404007322,65.01450867946222,65.01349820809946,65.01720727253443,67.63304781577958,108.55345830017225,109.57301903661774,107.25305665372976,106.38740622161382,86.92806300566562,85.82781287573059,91.51472096287785,96.98767867224684,101.30685723835812,106.41403401652431
120.0,120.0,120.0,120.0,120.0,120.0,120.0,120.0,120.0,120.0,65.01934843904071,65.0156131010397,65.01397247489352,65.01645053359387,65.11408250543597,107.92057489205533,109.76799303925922,108.22950684322343,106.29112988819094,86.97295133328,85.86836742542664,91.51698427812956,96.97606596265238,101.29921860897873,106.41048778902814
120.0,120.0,120.0,120.0,120.0,120.0,120.0,120.0,120.0,120.0,65.0095341499037,65.00795496811891,65.00749748176334,65.00825574854181,65.01285320343897,107.27499265999033,109.42511162750161,108.60195369328711,107.31889124024566,87.06119881872486,85.91193553370319,91.54372226663767,96.97450425330779,101.29362311418515,106.40713943394205
120.0,120.0,120.0,120.0,120.0,120.0,120.0,120.0,120.0,120.0,65.01001787885583,65.0081452059691,65.00755428690358,65.00820457339694,65.01364805997474,103.85352526279324,109.03573630946963,108.46156244884014,107.82094729794737,87.17638245277229,85.93271710318403,91.57649001025705,96.98124949119932,101.29078433097152,106.40461914819018
120.0,120.0,120.0,120.0,120.0,120.0,120.0,120.0,120.0,120.0,65.01071293669787,65.00849218566874,65.00762352854137,65.00807425851161,65.01246012378559,91.2568246811087,108.67808587071414,108.2890583644021,108.00363044139706,87.33444857792773,85.94580802915954,91.6030471238196,96.99451855775239,101.29238093396148,106.40368936791026
120.0,120.0,120.0,120.0,120.0,120.0,120.0,120.0,120.0,120.0,65.01157904690622,65.00903810977535,65.0078344240319,65.00795563101094,65.01141835320882,78.70182869594916,108.37437569640629,108.07890531193053,107.8381785355467,87.45197123621048,85.9692093166592,91.62056769820218,97.00684321094059,101.29677334384218,106.4046075336573
120.0,120.0,120.0,120.0,120.0,120.0,120.0,120.0,120.0,120.0,65.01260006432915,65.0097316465506,65.00827158835423,65.00798075539721,65.01061977131494,69.51702916101236,108.61248512210679,107.91989053288664,107.56572291228018,87.45079909356113,85.98309664051092,91.63869629275155,97.01559791069096,101.30079012896506,106.4063036209762
120.0,120.0,120.0,120.0,120.0,120.0,120.0,120.0,120.0,120.0,65.00751010943607,65.00602916881316,65.0053296349704,65.00523423245271,65.00643726880426,65.02229798015213,108.35843190870928,108.42047937902858,108.78799407664768,87.80589746548941,86.03997129362617,91.66233447978509,97.02336608553716,101.30328988604388,106.40727196252818
120.0,120.0,120.0,120.0,120.0,120.0,120.0,120.0,120.0,120.0,65.00799790298458,65.00634953535307,65.00555369838776,65.00540468003409,65.00637821288863,65.01600819323866,107.88543673655295,108.43961757545006,109.2324006055536,87.95604932702251,86.06430316990462,91.69232791986208,97.0357161369667,101.30649083880597,106.40751578897691
120.0,120.0,120.0,120.0,120.0,120.0,120.0,120.0,120.0,120.0,65.00858615389454,65.00673626100011,65.00581489145847,65.0055942425279,65.00650143087147,65.01503412999861,107.26516998679436,108.23033110848405,109.5471588409402,88.15666533827925,86.07477398048191,91.71733818115798,97.05064401305015,101.3115397027184,106.40820566728917
120.0,120.0,120.0,120.0,120.0,120.0,120.0,120.0,120.0,120.0,65.00930933297614,65.00720431111826,65.00613099258156,65.0058082523718,65.00665417310599,65.01533388661136,106.47892283857203,107.85303599319334,109.63111606240153,88.35099314977397,86.09143407774282,91.73112239970008,97.06388467483912,101.3177381512819,106.40993044180448
120.0,120.0,120.0,120.0,120.0,120.0,120.0,120.0,120.0,120.0,65.01022426535074,65.0077780429488,65.00651773697788,65.00606827979246,65.00683015361327,65.01543450008575,105.98411905938572,107.22351994525495,109.92038729920593,88.47077232280239,86.11119764248323,91.741474120169,97.07199040885791,101.32313470939954,106.41210191045019
120.0,120.0,120.0,120.0,120.0,120.0,120.0,120.0,120.0,120.0,65.00621541777006,65.00485572414831,65.00421728620856,65.00404449176676,65.00454400748143,65.0083116238581,105.64996127411105,106.78522018253541,110.8230991003323,93.3322876623675,90.08043028042663,96.34277914837105,101.24252000957611,104.6550196963861,108.27749242561484
120.0,120.0,120.0,120.0,120.0,120.0,120.0,120.0,120.0,120.0,65.00674199740305,65.00520422429494,65.00439621459489,65.00415437941062,65.00460461413208,65.00856039147152,103.49213866387855,106.46108005025857,110.84839929605779,93.47448120227422,90.1388122783918,96.38104138845294,101.25521964418087,104.65834566504373,108.2778372740529
120.0,120.0,120.0,120.0,120.0,120.0,120.0,120.0,120.0,120.0,65.00725003289831,65.00564482025383,65.00467485538711,65.00427847757548,65.00466990289895,65.00835784828347,101.04219962328419,106.16877734308544,110.26898310321278,93.63520684073411,90.11289298625493,96.41586230506289,101.27784612960671,104.68729720764752,108.2783396953716
120.0,120.0,120.0,120.0,120.0,120.0,120.0,120.0,120.0,120.0,65.00774069088219,65.00607519450375,65.00506571027005,65.00448864375751,65.00472378771279,65.00814313403241,99.86795320010481,106.07961045946962,110.20232368122149,93.53034028946455,90.01887296103023,96.39760353977563,101.2969940531635,104.70806981971236,108.27821447159488
120.0,120.0,120.0,120.0,120.0,120.0,120.0,120.0,120.0,120.0,65.00836846613089,65.00646422553012,65.00546037259689,65.00484591060795,65.00483319793031,65.00783174029388,99.1459419791014,105.9316840274277,111.25601169699854,93.39901122664779,89.79371953920406,96.3095202625426,101.29977428759392,104.72685574594118,108.27886539573983
120.0,120.0,120.0,120.0,120.0,120.0,120.0,120.0,120.0,120.0,65.00522173082199,65.00407847481965,65.00341534079631,65.00307319338106,65.00321420343553,65.00481614915475,86.72706661579289,105.67238758384077,110.41065797159054,89.77185256528948,86.18849847246035,91.82049509880515,97.12782307649687,101.34937353292486,106.42051449065879
120.0,120.0,120.0,120.0,120.0,120.0,120.0,120.0,120.0,120.0,65.0055896042682,65.00436566381636,65.00364964050675,65.00323624313594,65.0031787792978,65.00434152513323,71.2138937921289,105.51130509774579,110.483237044489,89.96695834029165,86.18633103758407,91.78836391257919,97.11541179599074,101.34789229316908,106.42100469854716
120.0,120.0,120.0,120.0,120.0,120.0,120.0,120.0,120.0,120.0,65.0060353665017,65.00466290870764,65.00390035870306,65.00345397383603,65.00331690081471,65.00403933126657,65.01879310248961,106.33415139400076,110.51719292943143,90.13711141240046,86.20057504848134,91.76180614795956,97.09708112082387,101.34161789260035,106.4190119726638
120.0,120.0,120.0,120.0,120.0,120.0,120.0,120.0,120.0,120.0,65.0066517214536,65.00500837534776,65.00415323894565,65.00368584240987,65.00354270834326,65.00411454414582,65.01136741379185,106.6427164515033,110.9346127388351,90.23025888256151,86.21824555559374,91.74755450338732,97.07921428068364,101.33266948227279,106.41516189781795
120.0,120.0,120.0,120.0,120.0,120.0,120.0,120.0,120.0,120.0,65.00743299596064,65.00548976090366,65.00442826621898,65.00391358680481,65.00377997905615,65.00438535045197,65.01140475998433,105.90432769973,111.5781495786505,90.4079271417809,86.20749920270865,91.74145622714069,97.0658748428505,101.3236208063654,106.41064032870861
120.0,120.0,120.0,120.0,120.0,120.0,120.0,120.0,120.0,120.0,65.00484336805306,65.00361055315567,65.00302991844967,65.00277356873067,65.00271112215441,65.00319956000259,65.00815508542348,105.00422188926522,113.34028328462547,104.57291947179866,91.14396211205761,96.76841766560409,102.83676299667846,107.44423524055142,111.47752881118087
120.0,120.0,120.0,120.0,120.0,120.0,120.0,120.0,120.0,120.0,65.0052771886538,65.0040145423032,65.00319150465894,65.00287613968628,65.00284212540934,65.0033263914147,65.00912927102183,104.59303309699843,113.26392661885922,104.51455306645492,91.39637009234067,96.9220657049278,102.84864934153916,107.44888804441713,111.462028378313
120.0,120.0,120.0,120.0,120.0,120.0,120.0,120.0,120.0,120.0,65.00552002046894,65.0044276657253,65.00353040088015,65.00297826365312,65.0029425349602,65.00346087117381,65.00969180067342,104.3288011957699,112.34280375926366,104.65569279549521,91.37657471443515,97.08392230684086,102.92134727466704,107.50662085621572,111.5015645839264
120.0,120.0,120.0,120.0,120.0,120.0,120.0,120.0,120.0,120.0,65.00590089766914,65.00462757806899,65.0039678998416,65.00324803958229,65.0029961881355,65.0035671966119,65.00980813609073,104.04606933384208,112.81207946890858,104.57869706210438,91.18357512708,97.06850415066268,102.99289538844756,107.57175776446019,78.27650956547103
120.0,120.0,120.0,120.0,120.0,120.0,120.0,120.0,120.0,120.0,65.00664390236265,65.00486102467211,65.00417171347898,65.00373544233393,65.00318483113101,65.00357068883095,65.00960684080049,103.82427386754787,113.50698938685547,104.77809656846114,90.82032022877195,96.85971392823166,102.99035640289019,107.63016185239779,78.26777676741125
120.0,120.0,120.0,120.0,120.0,120.0,120.0,120.0,120.0,120.0,65.00447190489052,65.00328150918878,65.00278896182418,65.00274274769282,65.00249295810453,65.0025488962103,65.00590300899647,114.26181376551055,111.80098208645016,102.57144211032248,87.86016157274088,90.1920612096516,94.97782716871299,99.87174775363464,78.26899659843126
120.0,120.0,120.0,120.0,120.0,120.0,120.0,120.0,120.0,120.0,65.00509982217258,65.00368554642007,65.0028829607315,65.00268795921045,65.00291753727417,65.0028519445595,65.00540358791639,114.33213708590903,111.78021734747075,102.71491921216122,88.04860520656887,90.23356322578579,94.9619886270085,99.85207783646433,78.27625893220741
120.0,120.0,120.0,120.0,120.0,120.0,120.0,120.0,120.0,120.0,65.00562787088131,65.00423079207638,65.00322465332566,65.00266939996959,65.00288235557386,65.00377290057678,65.00603657457258,114.44098004833509,111.76584670858611,102.83396325608106,88.22084357651337,90.2783191041816,94.94080605918273,99.82664481801447,78.27701172816916
120.0,120.0,120.0,120.0,120.0,120.0,120.0,120.0,120.0,120.0,65.00596561052161,65.00472359067462,65.00372906772013,65.00298103246318,65.00266536058874,65.00408174683211,65.01578117855796,114.45705704904587,112.07722125788878,102.26290425449005,88.37258686643695,90.31643306297927,94.91847459849106,99.79785332986222,78.26410642817739
120.0,120.0,120.0,120.0,120.0,120.0,120.0,120.0,120.0,120.0,65.00623514286596,65.00500489914252,65.0042648980525,65.00344200040948,65.00303005097092,65.00320204429646,71.92445333596491,114.47060309631415,112.23103026577958,102.69379094644457,87.84711282360935,90.34057292006457,94.89052042000323,99.77200104095532,78.24081057101964
120.0,120.0,120.0,120.0,120.0,120.0,120.0,120.0,120.0,120.0,65.00399972284096,65.00336928778515,65.00302636553052,65.00245732211148,65.00249045082332,65.00317406225213,112.97086651776891,103.40691651740339,111.62360358740585,93.18066100321205,86.40671712813504,91.69729477027579,96.98824697555251,101.26486839462194,78.21466689129961
120.0,120.0,120.0,120.0,120.0,120.0,120.0,120.0,120.0,120.0,65.00452783275105,65.0033350539355,65.00312573460644,65.00291999827229,65.00252245378049,65.0037092237791,113.19890782710347,114.27631400125861,111.70864411354991,93.38203903631006,86.4049467535591,91.67213540759575,96.96471053139895,101.24995073059144,78.19047101314327
120.0,120.0,120.0,120.0,120.0,120.0,120.0,120.0,120.0,120.0,65.00561600726898,65.00368514192563,65.00298288205393,65.00316916595358,65.00307619730721,65.00345637142796,114.19804979740755,113.56277481530273,111.5121909214237,93.58783953699977,86.40144235167061,91.64395828590867,96.94116123602988,101.23549699057136,78.1686047795559
120.0,120.0,120.0,120.0,120.0,120.0,120.0,120.0,120.0,120.0,65.00639299411515,65.0045713896548,65.00320191019789,65.00285892518447,65.00376269039643,65.00442118400869,102.9372901103281,114.45002736868949,110.67904152150494,93.6407169855634,86.39947647050286,91.61310376186994,96.91591383087436,101.2205142493211,78.14700205708168
120.0,120.0,120.0,120.0,120.0,120.0,120.0,120.0,120.0,120.0,65.00633171625125,65.005515464158,65.00387815572653,65.00303268955112,65.0030526684572,65.00763112969372,103.1627325088207,114.68834683896645,111.2942857896944,93.42590439191889,86.35890772111303,91.58178645985599,96.88898413729622,101.20558784586238,78.12375000576257
120.0,120.0,120.0,120.0,120.0,120.0,120.0,120.0,120.0,120.0,65.00400667725499,65.00332957955881,65.00328259930298,65.00225788034724,65.00238564255436,111.81585306839044,113.83718622476101,112.77859143969943,112.37058083157895,100.11801530781119,78.07756939099009,77.91323574222108,81.84045938103327,88.27282650380238,78.0983434562977
120.0,120.0,120.0,120.0,120.0,120.0,120.0,120.0,120.0,120.0,65.00428363050675,65.00334528543608,65.00313252644023,65.0034375286195,65.00211478224472,112.08291237516795,113.75058285972975,112.51096439061216,112.51840929965755,100.4915871831699,78.35701664755527,77.84448521896584,81.80216801049366,88.1932343578245,78.07141009866851
120.0,120.0,120.0,120.0,120.0,120.0,120.0,120.0,120.0,120.0,65.00451487969586,65.00358280779388,65.00300085424362,65.00328143161752,65.0043061669383,113.66346064315452,112.95295107092615,114.47025234944817,112.47901832475301,101.27535134702367,78.65444805349202,77.76049267194769,81.71998464226114,88.11745961899817,78.04391345066665
120.0,120.0,120.0,120.0,120.0,120.0,120.0,120.0,120.0,120.0,65.0051235941264,65.00384207455306,65.00317320599616,65.00289747359639,65.00438953151495,65.0134925447433,114.35991408612712,113.42891050870034,112.36532802695113,101.30992131047222,78.63545116731981,77.68924764244592,81.61437247560626,87.98105395466692,78.01199317932715
120.0,120.0,120.0,120.0,120.0,120.0,120.0,120.0,120.0,120.0,65.00693087928892,65.00408355456065,65.00364321568773,65.00294553018207,65.0031435499129,65.01915983283163,114.73697620229865,114.53042500056412,111.59147149618964,100.34282084641666,78.56245768917967,77.67046156364728,81.52735708798167,87.84867356378783,77.95798214721118
120.0,120.0,120.0,120.0,120.0,120.0,120.0,120.0,120.0,120.0,65.00476116572689,65.00352659513642,65.00226540302263,65.00277514610552,115.79678157948527,116.29079283718305,107.7141803873864,117.35815892421773,114.55995127429871,96.18586347739188,88.5080022782866,93.49846865019039,98.97304927679679,103.57414212471782,77.89366206902073
120.0,120.0,120.0,120.0,120.0,120.0,120.0,120.0,120.0,120.0,65.0046051566591,65.00413355119336,65.00310030298512,65.00213192873416,115.86377874996023,115.99259119678186,105.89192899374119,108.03386288405686,114.72998963447867,96.09740348659467,88.42100466467434,93.50310655569712,98.95385957545335,103.55220991471663,77.84466132731501
120.0,120.0,120.0,120.0,120.0,120.0,120.0,120.0,120.0,120.0,65.00425741841543,65.00395701619988,65.00401945405882,65.00282938307211,116.81770160142928,116.07025353337818,116.60642839890942,117.81359914196011,115.74224036301932,96.2235774378023,88.29576684704355,93.4484316793147,98.94691566906845,103.56304275053436,77.81531146387866
120.0,120.0,120.0,120.0,120.0,120.0,120.0,120.0,120.0,120.0,65.00439227586602,65.00368279373599,65.00370010362401,65.00467402053299,65.00337779838236,117.08543500497913,116.54604149645247,116.64497093345992,115.64265460308522,96.78705228518218,88.22336070089624,93.32677026212016,98.91409404842601,103.56791096218109,77.79533406962292
120.0,120.0,120.0,120.0,120.0,120.0,120.0,120.0,120.0,120.0,65.00689659064419,65.00349982170283,65.00343052257502,65.00410559580382,65.00657927598539,117.4222711964493,117.26574427836456,116.69425152725029,114.22297411099134,96.9484811978689,88.30460694322556,93.19775830392818,98.84828301150323,103.56898222796717,77.77602611310724
120.0,120.0,120.0,120.0,120.0,120.0,120.0,120.0,120.0,120.0,65.00553548621146,65.00319347648633,65.00209855677771,65.00217972062559,113.53123484907321,69.88881019114287,114.80025880899997,114.7727251425167,111.4030386991454,94.14506211364304,86.20914706181917,90.93860199798564,96.38183286338169,100.92646914025437,77.73772458094014
120.0,120.0,120.0,120.0,120.0,120.0,120.0,120.0,120.0,120.0,65.00440542222705,65.00488165749458,65.00257796938718,113.06920545839718,113.20589337753215,65.00798413957155,108.37830924026966,114.63544940731467,112.12664193375693,93.72782694220889,86.16705576389066,91.02674503033482,96.3746655419774,100.89826690171428,77.68702821366197
120.0,120.0,120.0,120.0,120.0,120.0,120.0,120.0,120.0,120.0,65.00371424856495,65.00415088758562,65.00462071206822,65.00276091393819,114.45547184193437,112.84303233122395,109.93614245377381,107.70588700580383,111.99260863609595,93.87341137955683,85.97996235736665,91.04744395510717,96.40597453987428,100.89091059253838,77.6473513492852
120.0,120.0,120.0,120.0,120.0,120.0,120.0,120.0,120.0,120.0,65.00512272117533,65.00303147876697,65.00460312666004,65.00465694559044,113.50595629616392,113.27275135482404,114.95596015749909,116.78727134286486,113.0312518355796,93.97028420806733,85.86466777662885,90.94126256334702,96.41510116998847,100.9004846661998,77.64318786836584
120.0,120.0,120.0,120.0,120.0,120.0,120.0,120.0,120.0,120.0,65.00651177725582,65.00400541909347,65.00277750380158,65.00495468258502,65.0088848218335,113.67637130294804,113.72821814660907,115.3939266546813,114.17771409786971,94.33619186760848,85.84547835754275,90.80435810417048,96.36326237209454,100.90014518739832,77.66011492432483
120.0,120.0,120.0,120.0,120.0,120.0,120.0,120.0,120.0,120.0,65.00342235070504,65.00373837113824,65.00214443094585,118.4757597148509,65.00407405587113,94.534419890243,118.49686624967663,118.49147489711333,118.4800832767281,100.11240269577146,85.89092754845164,90.83850903710142,96.81435435059541,102.26193211031233,77.65019563026581
120.0,120.0,120.0,120.0,120.0,120.0,120.0,120.0,120.0,120.0,65.00381596606977,65.00310901290001,65.00383945005134,118.47679540854425,118.48993268475756,65.0272303272586,107.01134623242865,118.5034287737952,117.71451873025936,99.87283095157163,86.11282033233853,90.86328015536498,96.75385380458971,102.21217345183526,77.59608373777523
120.0,120.0,120.0,120.0,120.0,120.0,120.0,120.0,120.0,120.0,65.00649078092216,65.00287355440662,65.00352597635407,118.50552585776538,118.40573776154255,118.85702606685749,110.14281046624718,106.5382649833888,117.80990154798424,98.26618635697207,86.23223872709416,91.00321779903989,96.75667950346254,102.2210190355663,77.5362766620739
120.0,120.0,120.0,120.0,120.0,120.0,120.0,120.0,120.0,120.0,65.00557369524914,65.00575591606959,65.00229403854806,118.51001042565937,118.51051322868946,117.68535016075764,118.7816284686076,109.42820062049442,118.47452561630709,98.13504815941478,86.06051825470034,91.13568348266092,96.82321444321157,102.24789205416249,77.50129613040009
120.0,120.0,120.0,120.0,120.0,120.0,120.0,120.0,120.0,120.0,65.00486185044589,65.00535571742193,65.0056504923104,118.50847521159872,118.54526468509427,118.49215927202117,118.402973461737,118.7360105339548,117.14156503827174,99.30392046362174,85.81917127123687,91.09132634718105,96.89306873431896,102.31729015176926,77.50215054617446
120.0,120.0,120.0,120.0,120.0,120.0,120.0,120.0,120.0,120.0,65.00347609722891,65.0029699541086,116.51505531265428,116.83861368994228,116.8457205879635,68.8660335721427,116.86431572803771,116.42222033270201,116.80792679015741,113.45828848594388,94.0726657083762,98.35129956120086,104.66941776005844,109.80698615781158,77.53719436835114
120.0,120.0,120.0,120.0,120.0,120.0,120.0,120.0,120.0,120.0,65.00432411065071,65.00285002254854,116.51727557837218,116.86680699934313,65.00534451703025,116.83542370187895,116.95907316189013,116.90536082094073,116.14605584066543,113.65307991260723,94.61012639045188,98.27426461587267,104.545826715302,109.80054454837963,77.56899511472707
120.0,120.0,120.0,120.0,120.0,120.0,120.0,120.0,120.0,120.0,65.00501234626313,65.00356587676305,116.8244354573005,116.59674856088353,65.00729309531314,116.92434097677128,116.9208970819944,116.94306485962883,116.3317020897692,111.70426764386522,94.95185666942665,98.48182838812048,104.49543444986082,109.84540953122878,77.5469077967043
120.0,120.0,120.0,120.0,120.0,120.0,120.0,120.0,120.0,120.0,65.00508648645398,65.00486562236024,116.91031007968742,116.92241216817949,116.41024912313506,73.62557337890829,116.88516926466606,116.89775555272647,116.41055464495591,112.506282054558,94.02993274547043,98.6653768698933,104.5669182015862,109.88316615427559,77.47897258207594
120.0,120.0,120.0,120.0,120.0,120.0,120.0,120.0,120.0,120.0,65.00843924102921,65.00396337285919,116.89636599024759,117.01619004967732,116.50695362184906,116.84337534054688,109.598188760812,116.81768270307884,116.27527729921846,112.99766066915859,93.57099889626097,98.22230231320363,104.64251619221716,110.00627150301628,77.42862995777644
120.0,120.0,120.0,120.0,120.0,120.0,120.0,120.0,120.0,120.0,65.00594949620373,115.0863497210833,116.11889801205994,65.00510192031416,116.23881832925352,113.35524370013006,89.01902201772604,109.21088031137407,113.73406358311871,104.74567464560893,86.29335499251115,89.87720127753552,95.69556626108813,100.9904300811446,77.4354696031211
120.0,120.0,120.0,120.0,120.0,120.0,120.0,120.0,120.0,120.0,65.0039065120965,115.1339885089427,116.19080024054439,65.00249102986855,65.0159754276969,116.03930389792035,113.6437622095906,117.29559839731974,115.3614063779047,103.62978233907099,86.5019962118501,89.74937238840174,95.5786456644875,100.98427372960644,77.48179829218152
120.0,120.0,120.0,120.0,120.0,120.0,120.0,120.0,120.0,120.0,115.89764070327607,116.22050716875397,115.18408170501246,65.00522927488998,117.1281556602518,116.28733817724822,115.78905726660278,114.24766573405763,115.76761431085107,104.65641663068233,86.34972214043704,89.79776236083976,95.4839934284383,100.94422007963054,77.48996738435756
120.0,120.0,120.0,120.0,120.0,120.0,120.0,120.0,120.0,120.0,115.98656441362901,116.33151169246612,116.32998774298125,113.93241563638614,65.009175364126,117.73448728978003,116.23336735115745,115.70632973837112,113.12125249389526,105.61941092701586,86.4401945007122,89.76389415277747,95.48353889821843,100.90387923733252,107.25685899168646
120.0,120.0,120.0,120.0,120.0,120.0,120.0,120.0,120.0,120.0,116.94984427356802,115.42989483465178,116.42783644173178,114.97481840850081,115.10339325687896,105.2418616814383,117.71344831074752,116.10775321017948,113.90465396396989,104.05979586045548,86.73500425885891,89.75916663439814,95.46954986781563,100.91747291736644,77.39248295969385
120.0,120.0,120.0,120.0,120.0,120.0,120.0,120.0,120.0,120.0,116.00647850508649,115.6849300808207,113.88349018821603,115.12187603221328,112.46553946815254,72.50188560411644,115.2483188631153,109.44101473343162,112.45633807248842,95.38225122084769,86.2135735353553,90.73234067923767,96.10036839218593,100.74904180665317,77.3736129068984
120.0,120.0,120.0,120.0,120.0,120.0,120.0,120.0,120.0,120.0,115.97569322634966,115.8654848672395,115.44873862998726,113.68762127661394,114.7612909334448,112.6108789579053,116.15441738840072,115.09443106686625,114.01689021004049,95.51306253173139,86.00226709491498,90.78222818087292,96.14220764230453,100.74736769255182,106.12489817389971
120.0,120.0,120.0,120.0,120.0,120.0,120.0,120.0,120.0,120.0,116.14437938273224,115.7738274481302,115.6968316240282,115.11567829450208,113.66225617397629,113.48691504428521,114.20498041985506,116.39011982867649,112.66145937507477,96.28652335306725,85.86763784653215,90.68465126977118,96.17199515086494,100.76396731797121,106.14337666602013
120.0,120.0,120.0,120.0,120.0,120.0,120.0,120.0,120.0,120.0,116.15433112109223,116.0886178161902,115.53555348736246,115.49610556381488,114.7684763223048,113.67820863506824,113.29044385205576,114.86243899677169,114.02382837439184,95.9597291430448,85.98065304362486,90.53974687694169,96.13258217481074,100.77504095718226,77.39083910924569
120.0,120.0,120.0,120.0,120.0,120.0,120.0,120.0,120.0,120.0,116.15276249761263,116.10668478621463,116.00287912966992,115.28204501340548,115.21398434673257,114.52503360665504,113.91081280988492,113.2317963583971,113.23299580682647,96.41654375038017,86.01346867281703,90.52355521241164,96.05506644362079,100.75872068658322,77.39971819791516
120.0,120.0,120.0,120.0,120.0,120.0,120.0,120.0,120.0,120.0,118.43858327010322,118.46226765031439,118.4417969715704,118.36243350010938,117.78508496858684,117.65639075117751,117.18357925609237,116.8143260198406,114.5597707536501,106.60454898987798,89.65792215404137,92.94165513298672,98.46612841146606,103.73258231128747,109.66097272992259
120.0,120.0,120.0,120.0,120.0,120.0,120.0,120.0,120.0,120.0,118.49314433100639,118.43590544244161,118.4070280799377,118.36195753537116,118.23618595933088,117.53894672409032,117.32486279329534,116.92211609320722,114.97514088213036,105.02846917371312,89.65942112752137,93.05117246422394,98.52899419040628,103.74221549298014,109.62737898455016
120.0,120.0,120.0,120.0,120.0,120.0,120.0,120.0,120.0,120.0,118.53060820158717,118.46961704686129,118.43874591044626,118.34812175871275,118.26669240635165,118.0944251727321,117.31117245559793,116.88647875108184,114.99929582385646,105.09834971663516,89.12845360998325,93.07728062752811,98.59767503249351,103.80279203488276,109.72019177050458
120.0,120.0,120.0,120.0,120.0,120.0,120.0,120.0,120.0,120.0,118.54862552467667,118.50549361194075,118.45635847683978,118.43426085729678,118.2729108410947,118.14261749106774,117.91972118648697,116.94654359780169,114.74011001792434,105.15743309629934,88.82803420875837,92.80544993715122,98.61657420722538,103.86545915527051,77.31872982605309
120.0,120.0,120.0,120.0,120.0,120.0,120.0,120.0,120.0,120.0,118.52089148891054,118.51765424306858,118.48715309929895,118.44102096081988,118.41501398309214,118.17125785870029,117.97172287890336,117.57422012561346,114.77590872794546,104.66336925099226,88.76561673084043,92.46622627825575,98.49654443149599,103.8886182147978,109.78130462142849
120.0,120.0,120.0,120.0,120.0,120.0,120.0,120.0,120.0,120.0,119.45176861177099,119.45173906399374,119.45186745615591,119.45153704910621,119.4511359925901,119.45072045473209,119.44858626048453,119.44671334745648,119.4370030778085,101.47412167503165,91.23566407850107,96.4834049066096,102.6795743557561,107.95746268848346,114.5190808249235
120.0,120.0,120.0,120.0,120.0,120.0,120.0,120.0,120.0,120.0,65.01104460444454,119.45173028600951,119.45169364825749,119.45174661815773,119.45122015985037,119.45064141436193,119.45012022053149,119.44707826740525,119.44069971456639,101.11862951655573,91.25516940525205,96.46733369404637,102.6250098495518,107.93046534622844,114.51260318810705
120.0,120.0,120.0,120.0,120.0,120.0,120.0,120.0,120.0,120.0,119.45173011526212,119.45211364522724,119.4517067055183,119.45163589403418,119.45163360150593,119.45087224819017,119.45011711563653,119.44890414663975,119.44077800281042,100.84760234912025,91.20668874049497,96.49234534008214,102.62350244384017,107.99102694108568,114.64258634554099
120.0,120.0,120.0,120.0,120.0,120.0,120.0,120.0,120.0,120.0,119.44777385587939,119.45796349926306,119.45204500920005,119.45167621725435,119.45154270381796,119.45147476639984,119.45043457472909,119.4489898429552,119.43926297869385,100.62221287161111,91.09443855050469,96.46819145099502,102.64314650334134,108.0403261894216,114.68316954816842
120.0,120.0,120.0,120.0,120.0,120.0,120.0,120.0,120.0,120.0,65.010196139635,119.44690706024458,119.46150841088453,119.45198111781983,119.45162224314038,119.45138796076277,119.45118919990577,119.44942309356033,119.43927579768899,100.77464414743956,90.94662678201148,96.36342144095552,102.6504616625021,108.09783149192177,114.71604799051248
120.0,120.0,120.0,120.0,120.0,120.0,120.0,120.0,120.0,120.0,116.2275720058703,116.11432670078823,115.02572704678663,117.39876841427505,116.19096176613473,116.15438525651481,116.08528829565986,115.88833882196913,113.03235177398507,93.40728588887136,85.78910814520991,90.49905776405159,95.96388975729357,100.61656135146994,106.06272412282857
120.0,120.0,120.0,120.0,120.0,120.0,120.0,120.0,120.0,120.0,115.21221377719061,117.09006811958722,116.15224866841467,115.06054917684592,117.36061187718357,116.18316776859031,116.12171009656451,115.88630473168828,113.25103201752452,93.41980360807572,85.80516038628856,90.52620769667851,95.98756553979906,100.62812035117369,106.06763083792225
120.0,120.0,120.0,120.0,120.0,120.0,120.0,120.0,120.0,120.0,116.10230448255588,114.90111164500388,117.41272192208453,116.22574781671062,115.12969649462559,97.69995786652224,116.16256704682787,115.9364875994087,113.31577263306646,93.50175285067009,85.82043419509188,90.55370273645649,96.00803999922523,100.63946679942366,106.07341183776064
120.0,120.0,120.0,120.0,120.0,120.0,120.0,120.0,120.0,120.0,116.23021908597055,116.05145161245667,114.82042269021377,117.49824443022777,116.31381948602748,115.21223981955903,117.13635994886235,115.994525106432,113.39357224317637,93.58950075840485,85.83958438755172,90.58007808810086,96.02834507657649,100.64995270832328,106.07824900324155
120.0,120.0,120.0,120.0,120.0,120.0,120.0,120.0,120.0,120.0,116.04502667822234,116.28256327109355,116.0684870140006,114.82422418027251,117.47053345451563,116.15234729192566,115.54136183708891,116.86178313273845,113.4981437189783,93.69473639655367,85.85603198106881,90.60565403432808,96.04815915384887,100.66089842176379,106.08251900462238
120.0,120.0,120.0,120.0,120.0,120.0,120.0,120.0,120.0,120.0,117.38694066178536,117.10707567225086,117.6099840336363,117.38962415761637,116.15564495603175,97.71729289995837,117.20053745760171,117.004850145034,115.55066011474865,94.90862108693884,86.8554936923197,91.62376872994996,97.08721925706054,101.75620209004462,107.32479810657873
120.0,120.0,120.0,120.0,120.0,120.0,120.0,120.0,120.0,120.0,65.01197118879848,117.35975587242251,116.97381806092253,80.93236978038806,117.46589259432798,116.20049544097213,118.39136746780031,116.99102661360023,114.84863257087909,95.32759025740518,86.86404648812321,91.64010714941092,97.1057017640884,101.76830608509788,107.33071708163129
120.0,120.0,120.0,120.0,120.0,120.0,120.0,120.0,120.0,120.0,117.33372133484677,65.0153386040497,117.35881148771765,116.8359923356505,117.6617535619534,117.36461967359298,116.42656946935257,118.18201403694802,114.58195052582387,95.4521204202412,86.90804176081004,91.64803464929484,97.12135895607747,101.79083523983746,107.35648753632519
120.0,120.0,120.0,120.0,120.0,120.0,120.0,120.0,120.0,120.0,116.45070195115508,118.12261081170193,96.80289864980205,116.88298526064936,117.25646199666363,117.67947655484971,117.31411986197301,116.45784737856808,115.89040263549354,95.46059660728349,86.92538800423003,91.66451168263421,97.13049548270908,101.80659847715167,107.36788229790658
120.0,120.0,120.0,120.0,120.0,120.0,120.0,120.0,120.0,120.0,117.4066052524223,115.26866383245022,118.79886680229855,117.5414845180653,116.69991003073663,117.41961768639548,117.67746740557284,117.13845974852576,114.48623437714166,96.11661726657876,86.87720808011366,91.6720939218023,97.14164758577604,101.8188514445166,107.3757152582563
120.0,120.0,120.0,120.0,120.0,120.0,120.0,120.0,120.0,120.0,119.24199884569742,119.23809660650728,119.22730959282192,119.28951639573528,119.24209797100005,119.23383884324376,119.2439690326982,119.24432986966978,119.22437702732087,102.94353562939122,92.70713193152196,97.88586606721874,103.67819469991963,108.6921759509163,114.91659717215917
120.0,120.0,120.0,120.0,120.0,120.0,120.0,120.0,120.0,120.0,119.24010196735716,119.24287707610263,119.2354025704878,119.22875034984762,119.28807657277142,119.24276851361381,119.23370477070627,119.24248832367901,119.22778309411082,102.69258966266023,92.73135629232182,97.89249897360274,103.6894450298449,108.71036081324428,114.92629203786056
120.0,120.0,120.0,120.0,120.0,120.0,120.0,120.0,120.0,120.0,119.24166458583832,119.23828892629459,119.24435605529608,119.23439246911764,119.2305050083152,119.28091012732196,119.2436028416792,119.23287898712573,119.2279049715218,103.10577890873716,92.58665275330047,97.89162401563289,103.70979813185374,108.80732495590631,115.08215350257649
120.0,120.0,120.0,120.0,120.0,120.0,120.0,120.0,120.0,120.0,119.24185635421993,119.24131891728356,119.23661253622048,119.24618840931174,119.23444274527692,119.23182615359245,119.27290514924825,119.24292455102615,119.22365132505465,103.5953668009649,92.43984311813442,97.76680971659293,103.7177081197587,108.86860215514923,115.1346349236649
120.0,120.0,120.0,120.0,120.0,120.0,120.0,120.0,120.0,120.0,119.24144194600102,119.24192596320273,119.24084248859464,119.23545053644035,119.24802071015341,119.23528977345433,119.23256555468458,119.26353820271281,119.22761451880208,103.38520492345106,92.3321372871306,97.5502249611526,103.67157897278064,108.92298659063108,115.16808801926068
120.0,120.0,120.0,120.0,120.0,120.0,120.0,120.0,120.0,120.0,116.19953720624108,116.12247642626299,116.21997295189013,116.0572205539394,115.3940227457186,116.8016494884328,115.65810869778373,115.10912429616457,115.49787068326725,96.19021240095468,85.92346020014986,90.58200603686454,96.06342360231667,100.69817713144856,106.1058187544435
120.0,120.0,120.0,120.0,120.0,120.0,120.0,120.0,120.0,120.0,116.19950160696445,116.19704853028017,116.06428334074339,116.23950945721656,116.02341999504043,115.30508991316235,116.85342968595417,115.69821401992407,113.5496394071143,97.15150905633251,85.92057010311534,90.53540487607152,96.04245524374936,100.68211520470206,106.09911248108463
120.0,120.0,120.0,120.0,120.0,120.0,120.0,120.0,120.0,120.0,116.19206350659742,116.19831288104679,116.19327794331097,115.99195823734881,116.26386997304222,116.01304381356314,115.24175728184647,116.77171185906289,113.79788994942582,96.87422593797096,86.06207494651484,90.49005812345695,96.0106518709668,100.67026378851155,106.09127232730073
120.0,120.0,120.0,120.0,120.0,120.0,120.0,120.0,120.0,120.0,65.00451110289488,116.1821773423677,116.19655831597042,116.18940051180992,115.91034390007863,116.28850964244732,116.02230528106759,115.12190099514055,115.02206224067011,96.84649156784663,86.0724884169174,90.52530938907955,95.97484212871507,100.65274150422604,106.08614860758871
120.0,120.0,120.0,120.0,120.0,120.0,120.0,120.0,120.0,120.0,116.19994019195134,116.20149721584959,116.16637446299377,116.1940516525122,116.18755236398479,115.8247977295928,116.30380338210928,115.92008633809348,113.58609641988397,97.64997597399544,85.9850500649528,90.54197465447666,95.97417252458561,100.63238323744213,106.07755354483501
120.0,120.0,120.0,120.0,120.0,120.0,120.0,120.0,120.0,120.0,115.48814741056243,117.05087181982616,116.27868479548005,116.22523303565575,116.26765765708744,116.26726261459044,115.85444025368386,116.29677640438031,114.4318223663924,105.63217703198175,87.7557366251711,90.44542896331662,95.89868865718888,101.12233629363368,107.0846207892963
120.0,120.0,120.0,120.0,120.0,120.0,120.0,120.0,120.0,120.0,116.21285737516332,115.25347961320236,117.34200686756483,116.28085076169872,116.19647960063192,116.2617345907591,116.26576127177351,115.70211940483857,114.88917337215972,105.37609306970809,87.85532794614132,90.4763574237108,95.82902322548904,101.12527494039018,107.08874222534763
120.0,120.0,120.0,120.0,120.0,120.0,120.0,120.0,120.0,120.0,65.01063648976731,116.19399834826508,115.20983673036235,117.41220257396313,116.28344668213967,116.16240256310894,116.24849212662623,116.16526421228431,114.38390687951525,106.18999062076865,87.71323439928172,90.51829443217751,95.80158954717048,101.09612680315476,107.1113560004898
120.0,120.0,120.0,120.0,120.0,120.0,120.0,120.0,120.0,120.0,116.15620934869843,65.01153265171416,116.22799295323419,115.23825299688609,117.3750603619315,116.28643775245062,116.11886542844093,116.1528285022659,114.74634731941265,106.04592221551492,87.89253273071922,90.42703821709996,95.7966639138666,101.07765234247961,107.09551355339097
120.0,120.0,120.0,120.0,120.0,120.0,120.0,120.0,120.0,120.0,115.41834638236433,116.87519367514342,65.01713963350089,116.2967066391832,115.29596624736249,117.28422012081039,116.28447961959968,115.99559233781895,114.86551080569285,106.26230628922751,87.94616902368357,90.3872155129198,95.73046918722493,101.07224497369872,107.08710815180974
120.0,120.0,120.0,120.0,120.0,120.0,120.0,120.0,120.0,120.0,116.13868814238,114.25406979444227,117.72732526075005,116.3778559485851,116.31892415207817,115.19529773972818,117.14199017317723,116.11911629209662,114.42012401095164,98.91120608279378,86.00248768319553,90.25385785879371,95.77052717295882,100.52693990956962,106.02821409178836
120.0,120.0,120.0,120.0,120.0,120.0,120.0,120.0,120.0,120.0,65.00268758849593,115.85801718753001,113.67345798346334,118.38494116428778,116.41282031075755,116.40983543486676,115.27069062234038,116.93081091856726,114.66924374185422,99.08802776262347,86.02895389857278,90.21981455208483,95.7355798781341,100.50282699335473,106.01462924950874
120.0,120.0,120.0,120.0,120.0,120.0,120.0,120.0,120.0,120.0,116.02670995276637,65.00252490811604,115.24363681301327,114.28725370991386,118.4051591550456,116.43185261665565,116.48453534002837,115.27431699159894,115.47574555688094,99.41564067978774,86.03620423441964,90.19664854306288,95.70058302298659,100.48065038655051,106.00358642665705
120.0,120.0,120.0,120.0,120.0,120.0,120.0,120.0,120.0,120.0,115.27402772343127,116.70860388974813,65.00246519847515,114.93695231609482,114.83414037345095,118.25942800672206,116.43158531696464,116.45250568113275,114.12814999009895,100.16925058365352,86.0528049738703,90.16989009142243,95.67030474323568,100.45787652794412,105.9931636831858
120.0,120.0,120.0,120.0,120.0,120.0,120.0,120.0,120.0,120.0,116.12743124932582,114.11370214268617,117.54818310312554,65.00275696203119,114.87984859858386,115.20419843677801,118.0511748949885,116.35315396798934,115.08868823977406,99.91989690390017,86.14857709136412,90.14304182072985,95.63975744505979,100.43717030183538,105.98213212501867
120.0,120.0,120.0,120.0,120.0,120.0,120.0,120.0,120.0,120.0,116.5664689342636,116.31648276068677,115.01561501872351,65.00201705787424,65.00529738317917,115.7711818020831,116.05613778462393,117.83543149605887,115.86129245350202,112.38229221930892,95.69560488930296,96.7144622023076,101.15571916742256,106.19831940256509,111.72617321781564
120.0,120.0,120.0,120.0,120.0,120.0,120.0,120.0,120.0,120.0,116.42852092269274,65.00755832545637,115.91971390177073,114.99381024707566,65.00144655276388,110.67178633896182,115.86323258741834,116.11883901663393,116.73131906502998,112.43934713680613,95.95414829249022,96.74338260390921,101.20836596687727,106.19060305272536,111.72321202011076
120.0,120.0,120.0,120.0,120.0,120.0,120.0,120.0,120.0,120.0,116.5533715919445,116.27682999227505,65.0123378320758,114.6709860355988,116.09906527786865,65.00277472261631,117.08272514765697,115.94418760739104,115.59828518032252,112.73400355070162,96.25687289108524,96.77328425801807,101.22686225747971,106.26313527622315,111.80535045044428
120.0,120.0,120.0,120.0,120.0,120.0,120.0,120.0,120.0,120.0,116.56674564822437,115.83795263011037,116.80652389248702,67.71242028730394,113.95652284732287,117.73510015593392,118.5746382145199,117.19307458296875,115.37865254725287,112.59213068895231,96.99389317337405,96.79230586530332,101.2129522253351,106.28964050238046,111.82931610801333
120.0,120.0,120.0,120.0,120.0,120.0,120.0,120.0,120.0,120.0,116.54327277909609,116.50206608532909,115.06399779970388,117.55586971060045,107.5954568406896,114.04486094246415,118.57008865085193,118.28525846017249,116.39950645707921,112.4690636619761,96.81219416310307,96.9274303192011,101.18327349504415,106.30189468850152,111.83457742684318
120.0,120.0,120.0,120.0,120.0,120.0,120.0,120.0,120.0,120.0,116.1484849021951,116.14085429614369,115.7418953411714,113.05693166652888,117.81056551301589,115.61538229998091,112.0360633285487,118.48364968100834,117.23870836567693,106.44153795014196,86.26326313927825,90.18156192841823,95.53205495527183,100.35139471967474,105.93681335107664
120.0,120.0,120.0,120.0,120.0,120.0,120.0,120.0,120.0,120.0,116.1966340414691,115.99918138680569,116.15061007782415,114.88527359923138,113.58931735989162,113.46728386352557,115.87759751357487,112.83327612937747,117.70216252914906,108.36836699403003,86.38320888131165,90.07401140002153,95.53226243719628,100.3495331489585,105.92731313706018
120.0,120.0,120.0,120.0,120.0,120.0,120.0,120.0,120.0,120.0,116.19161855813358,116.17571978556262,115.75423606953319,65.0098956530595,114.34748462037044,114.05616320074066,112.93191542654489,116.231684007615,112.82187193228206,109.70698803241014,86.86148446825166,90.04283904928486,95.46594615449278,100.34203735279904,105.92638381000354
120.0,120.0,120.0,120.0,120.0,120.0,120.0,120.0,120.0,120.0,116.18612053381658,116.18228530842858,116.09942115554152,115.48363475389031,65.0337194057139,114.28918159242367,114.2002666843936,117.43159207672241,115.4262178583749,105.57358110672561,87.46309095579808,90.2250923908592,95.41419539503136,100.3042731431139,105.92039483760722
120.0,120.0,120.0,120.0,120.0,120.0,120.0,120.0,120.0,120.0,116.19945670065687,116.15627318111761,116.17058713500148,114.94052447170957,116.25169724734904,109.18999304890062,114.43709545348197,114.23878922927246,116.5878197769303,107.00580468088344,87.11146460894615,90.52375149231322,95.4694451886915,100.2707637167504,105.89844201532472
120.0,120.0,120.0,120.0,120.0,120.0,120.0,120.0,120.0,120.0,116.198123311115,116.19507661071727,116.10194760237566,116.07043066283333,113.63592669236422,65.0040678859888,116.52299841284177,114.29758344150022,113.88053706082609,106.08506073699719,86.97510372872398,90.51780546824548,95.5915339840599,100.25452988582823,105.86248096993937
120.0,120.0,120.0,120.0,120.0,120.0,120.0,120.0,120.0,120.0,116.19699828503983,116.19484083604168,116.12976332824013,116.05222813890755,115.73238141765212,113.58748793632489,117.24146130230076,116.54450061354416,113.51733012773339,105.01438828042508,87.27413719113913,90.33573285044167,95.59937394392308,100.30516360931254,105.87277716343128
120.0,120.0,120.0,120.0,120.0,120.0,120.0,120.0,120.0,120.0,116.20038055238795,116.19043976815877,116.18729031970847,115.9609069763581,116.03262291587875,114.18756327378041,115.15635246539915,117.02471886660875,115.76775580388157,104.2279413214682,87.23433338807547,90.31383518325075,95.48792376018955,100.29597079050187,105.89511545144
120.0,120.0,120.0,120.0,120.0,120.0,120.0,120.0,120.0,120.0,116.19990684675152,116.19677095795099,116.17801465760225,116.16223736562554,115.73382717936133,115.9485536311281,113.8813462085717,115.6737207523442,116.16360672908681,105.95716233547745,86.91403556936069,90.2544934123502,95.42521961289414,100.2292254051174,105.87967661356974
120.0,120.0,120.0,120.0,120.0,120.0,120.0,120.0,120.0,120.0,116.19976207895748,116.19891062063547,116.18259301155666,116.15867673892909,116.04378583438437,115.5366175890096,116.0041424452398,113.88577025150354,115.20701954783537,107.06888540890137,87.14422578880746,90.01699215735609,95.36236118444378,100.18809019267589,105.83759959550876
120.0,120.0,120.0,120.0,120.0,120.0,120.0,120.0,120.0,120.0,117.82333883562278,117.84083063518165,117.85827728377657,117.8589880730747,117.86071660712865,117.79218543903553,117.6540477670351,117.81296661474205,116.6313796737331,111.24554865260063,91.80155875436934,94.19796111129651,99.53632616569752,104.64741396225465,110.71877000024894
120.0,120.0,120.0,120.0,120.0,120.0,120.0,120.0,120.0,120.0,117.8572954129104,117.81379371236959,117.83219311323914,117.85009334654589,117.83590878301285,117.83719539372449,117.69344446583271,117.54768902232131,117.51066271610017,109.58146875677348,91.96253800495606,94.36815370580253,99.45160634042455,104.56562614880401,110.70376343016314
120.0,120.0,120.0,120.0,120.0,120.0,120.0,120.0,120.0,120.0,117.8723441187375,117.83700964831598,117.81150734141195,117.83003069708734,117.84320106869082,117.80759784313487,117.81482035128467,117.5614792759655,117.18706691693932,110.7993558803408,91.41693215077798,94.4884620986588,99.49759332441631,104.55730708993369,110.75444452216624
120.0,120.0,120.0,120.0,120.0,120.0,120.0,120.0,120.0,120.0,65.0009171757654,117.84438599301865,117.82336862063855,117.81328881102108,117.82935312709382,117.8300795034426,117.76478989789649,117.77089928455598,117.11610596677639,110.91267402719026,91.36354467525828,94.21468957080695,99.54048407458828,104.59323635368692,110.76245371809263
120.0,120.0,120.0,120.0,120.0,120.0,120.0,120.0,120.0,120.0,65.00240348773123,117.97205001031003,117.82449187460242,117.81739551147518,117.81495644802942,117.82677054405413,117.80314727435031,117.68757145249725,117.46814450754889,110.71018005557825,91.41666038790963,93.93259421891405,99.39371279643542,104.62705510237276,110.78985837640822
120.0,120.0,120.0,120.0,120.0,120.0,120.0,120.0,120.0,120.0,118.57294897372142,65.00137668458393,118.67335731460037,118.66533611806122,118.67812377911808,118.67688405153778,118.67273367894508,118.6463469595157,118.5549304071813,118.03794499505938,97.93036493667041,101.0091939310412,107.35294236605847,113.21540959821745,118.1181461231744
120.0,120.0,120.0,120.0,120.0,120.0,120.0,120.0,120.0,120.0,118.57186322171242,118.63367719359348,65.00137741382665,118.65762310106923,118.66006551841762,118.66979844680185,118.66379024446076,118.6482182296786,118.54131486508822,117.98839525118674,98.04836071582437,100.96066664477341,107.28404345096911,113.15528584101433,118.11475123036786
120.0,120.0,120.0,120.0,120.0,120.0,120.0,120.0,120.0,120.0,118.69321494327092,118.4553249515672,65.00084508312072,118.79123010872449,118.66150138165925,118.65881652498746,118.66006152082812,118.63869459320394,118.5504028697057,117.96676828638309,97.93112883533074,100.91562240459308,107.24230453294572,113.24475724360373,118.17463801907928
120.0,120.0,120.0,120.0,120.0,120.0,120.0,120.0,120.0,120.0,118.62965177998957,71.97672701445421,118.32167688236318,118.88738535797728,118.78479018649436,118.6644428974067,118.65605269734567,118.64006117775354,118.54230087947762,118.02787281149676,97.63687549426967,100.69034393736516,107.17843895507261,113.29069023192672,118.14602344405755
120.0,120.0,120.0,120.0,120.0,120.0,120.0,120.0,120.0,120.0,118.65567216638766,118.61592293135908,79.0997570217925,118.50188720446953,118.91607663241514,118.77274877314194,118.66145958684395,118.64270059256353,118.55144798030386,118.05836456608975,97.48622166832163,100.24777407819677,107.02174403554434,113.33329222239676,118.15063633405809
120.0,120.0,120.0,120.0,120.0,120.0,120.0,120.0,120.0,120.0,116.19863265021704,115.00854001894496,116.70568947714756,113.92062426731152,115.85742060536415,65.00139972974878,117.1702690520413,116.1356808555866,115.63572520259483,108.41134570435631,88.7983171852276,90.09106482641697,94.68544300343683,99.66443791147363,105.59477322948439
120.0,120.0,120.0,120.0,120.0,120.0,120.0,120.0,120.0,120.0,116.17397512154116,115.97776797094305,114.19159814529789,117.49489260900526,114.04980170761274,116.23560754651564,114.19907924792467,117.01960462160214,115.6525535538697,108.69564913274137,88.95932095174483,90.12608557598936,94.65525764283227,99.63374312120646,105.58133360326806
120.0,120.0,120.0,120.0,120.0,120.0,120.0,120.0,120.0,120.0,116.11748334316832,116.17329325309007,115.51653884376682,114.19933715452174,117.87551117687232,113.26780676707516,65.00070307213069,113.54112060448992,116.4572329833179,108.94169304894798,89.14285883050047,90.16585496866746,94.63486102440211,99.60382430661917,105.56614600555703
120.0,120.0,120.0,120.0,120.0,120.0,120.0,120.0,120.0,120.0,116.19265675039661,115.97341154754443,116.21500621476459,115.07936319665575,114.49435504564495,118.05038015485279,113.49241573596538,106.17537209280692,117.28121411297606,109.84876182726991,89.32237537642494,90.21466556726295,94.61724330053312,99.57754323946705,105.55102485067614
120.0,120.0,120.0,120.0,120.0,120.0,120.0,120.0,120.0,120.0,116.19331128949379,116.15730329276425,115.78546405265382,116.3164314700263,114.66713042856505,114.89433736070099,110.71410496988447,115.16942221229122,117.33460164189036,111.08778433152578,89.78994513431508,90.26506007085925,94.60222416819042,99.5517668584225,105.53699008428043
120.0,120.0,120.0,120.0,120.0,120.0,120.0,120.0,120.0,120.0,117.32096151215032,117.3634930088352,117.32871432067897,116.94560059429996,117.58817325640364,115.85371242623192,116.55888769821054,109.53711437289896,116.91330909402302,113.44916437468748,90.82109813137394,91.27988907634541,95.8182820180687,100.87795030990492,107.03123087651656
120.0,120.0,120.0,120.0,120.0,120.0,120.0,120.0,120.0,120.0,117.3848394038369,117.30296088145556,117.35426204024243,117.24014009396083,116.79257810973972,117.66226226881048,115.67290867940942,116.61827763209133,117.22905059180736,112.71439169137575,91.62364796061948,91.49559393125148,95.83353788185036,100.8545775343792,107.01930020576711
120.0,120.0,120.0,120.0,120.0,120.0,120.0,120.0,120.0,120.0,117.37399875977718,117.36192007544176,117.27769534783579,117.35762640683218,117.1267154889334,116.66238263164315,117.70836998348928,115.66117552230261,116.41097173616404,112.58335896953987,92.00284364920938,91.80911917883006,95.89977969948103,100.85660440962447,107.03410888736104
120.0,120.0,120.0,120.0,120.0,120.0,120.0,120.0,120.0,120.0,117.38906467017885,117.36471704277996,117.35028980883014,117.23791036907096,117.37150034322971,116.98722856292834,116.5515606527575,117.70048460225489,115.45085573746721,111.89911458944535,92.0931719530576,92.03850191572668,96.01261962555174,100.87549669815887,107.03456125335089
120.0,120.0,120.0,120.0,120.0,120.0,120.0,120.0,120.0,120.0,65.00221030489222,117.35514562748568,117.35769813484535,117.33788284055511,117.17927816598481,117.39235372044719,116.82761340651881,116.4393003664961,117.41705373158952,111.14325369387916,91.78545298350589,92.0549853493192,96.09627659990349,100.91384498988657,107.04184021840422
120.0,120.0,120.0,120.0,120.0,120.0,120.0,120.0,120.0,120.0,116.19989164624381,116.1997369001356,116.17640318230472,116.18903862556908,116.13071270691404,115.84517310318545,116.27224909791455,115.3378232567689,114.82453904947823,111.71962757562318,90.17916413995033,90.51295008833735,94.54373177391322,99.26511709347912,105.4226382660291
120.0,120.0,120.0,120.0,120.0,120.0,120.0,120.0,120.0,120.0,115.33809904159743,117.02547890246032,116.19809049478317,116.1563591027216,116.18568369098162,116.0878937340757,115.73621846841385,116.28343853545515,114.87747909900436,110.86630558738023,91.07553774666836,90.21902414420833,94.37823537939646,99.21803282639537,105.4182020202933
120.0,120.0,120.0,120.0,120.0,120.0,120.0,120.0,120.0,120.0,116.13181563001409,115.0731039735653,117.32724688234981,116.19489554139471,116.12710871178292,116.18298994490264,116.03366558755144,115.61180058839851,115.99752640490641,110.39282428954155,91.24492082982498,90.40143029055018,94.13350724442991,99.09556715659674,105.37534693914176
120.0,120.0,120.0,120.0,120.0,120.0,120.0,120.0,120.0,120.0,116.22759069176175,116.11411394938978,115.02312530031342,117.4000986765038,116.1894917901728,116.08752206574373,116.17991902806664,115.9505373669619,115.27001306010025,111.62262495228688,90.89398667824676,90.55183948422255,94.11720233812086,98.9308823078192,105.29505837858775
120.0,120.0,120.0,120.0,120.0,120.0,120.0,120.0,120.0,120.0,116.06884308295423,116.27564247395128,116.15182584932994,115.05577869094527,117.36318702668665,116.18121401145703,116.03657695760297,116.15994375317642,115.57540619457937,111.42854530418694,91.30274706883434,90.39906805884816,94.15697075168022,98.8886188219494,105.20039341191675
120.0,120.0,120.0,120.0,120.0,120.0,120.0,120.0,120.0,120.0,116.20022983848624,115.96210158675251,116.33010076141666,116.22515662745062,115.12123913073047,117.27178036534333,116.16841687197237,115.9629281628792,115.88435675558553,111.60548044186527,91.35688136842094,90.3142615945779,94.30935883758417,99.24673821592806,105.2660454492557
120.0,120.0,120.0,120.0,120.0,120.0,120.0,120.0,120.0,120.0,65.00033400560476,108.57287501557705,115.85240500915309,116.37869862445925,116.31330647662413,115.19838215287189,117.15365967576675,116.13430878913572,115.6694546148326,112.10827730780949,91.53764579238334,90.34860924102301,94.20983938883579,99.15732930426701,105.26210039004367
120.0,120.0,120.0,120.0,120.0,120.0,120.0,120.0,120.0,120.0,116.17270082338445,65.00032765549305,108.6304394266547,115.75214443103759,116.41445662482947,116.40020326208678,115.27613728200915,117.01167701018676,115.86514311599392,112.13512733721191,91.93300988749684,90.35646703829465,94.15778726647484,99.07454499220293,105.20754523341361
120.0,120.0,120.0,120.0,120.0,120.0,120.0,120.0,120.0,120.0,65.47108963785583,116.98164140749341,116.19872398298142,77.78426804592242,115.66820948386356,116.43487311190324,116.47436655978983,115.33819845571016,116.66567794101418,112.41605173494018,92.19580228316326,90.4171444231319,94.09924388645703,99.02232504511936,105.16201489284987
120.0,120.0,120.0,120.0,120.0,120.0,120.0,120.0,120.0,120.0,116.1321421724491,102.80506097990403,117.90654374266516,116.18766465721882,116.30967306648158,115.6034003562208,116.43962053668575,116.51557875121544,115.2167642387449,113.34574046074522,92.53007259451951,90.45980812725011,94.05665924357328,98.96520179614195,105.13321169754357
120.0,120.0,120.0,120.0,120.0,120.0,120.0,120.0,120.0,120.0,115.4120704829477,65.00290869586026,114.40792211785003,65.00117423342527,116.7816098752154,116.36905500705845,115.5573669070071,116.4204438332584,116.32364973541057,112.39274679354786,93.3261872931132,90.4725034996911,93.98233079821988,98.90473202417165,105.0997695298474
120.0,120.0,120.0,120.0,120.0,120.0,120.0,120.0,120.0,120.0,115.95848836483235,115.18519938141321,90.68397189761133,114.60163590932454,117.34479696919227,116.99986248781222,116.43409651754693,115.51934173817445,116.23075444152285,113.27912887178445,93.24318752703769,90.67901990215404,93.92942495003008,98.84946569872375,105.06899674898622
120.0,120.0,120.0,120.0,120.0,120.0,120.0,120.0,120.0,120.0,65.01034331549856,114.67402837078752,116.24134618731982,107.17266826984181,116.03550050692512,117.15884525498714,117.04090531915685,116.48619507956465,115.3383481956305,113.57846235794602,93.87628844566414,90.67355817157872,93.94019052307752,98.78907333470897,105.03504216918357
120.0,120.0,120.0,120.0,120.0,120.0,120.0,120.0,120.0,120.0,116.07494378361235,65.84815459755937,114.1309568429872,116.70414611002867,115.53528854808374,116.6430794143107,116.97696318186694,116.98460624885826,116.34798977831022,112.82227060929989,94.61688565236031,90.78261697197823,93.86898162354179,98.75636596317082,104.9974533724789
120.0,120.0,120.0,120.0,120.0,120.0,120.0,120.0,120.0,120.0,115.19910215445145,116.86685318263528,107.96841115501726,113.98040295145859,116.95864205054372,115.53969428624679,116.93582937074368,116.79238799383877,116.75653517464065,113.76773007421725,94.47960791444655,91.01307215095271,93.81500961963468,98.68185565831546,104.97428091544727
120.0,120.0,120.0,120.0,120.0,120.0,120.0,120.0,120.0,120.0,116.1092826859456,114.06868233957081,113.27013859369698,115.93542319650723,113.90561520434333,103.64293819392603,115.61548396416978,117.0717946993949,116.49401066798124,114.46893447597164,95.42595511835502,91.17575042108592,93.83087302484157,98.48914660125723,104.89112173286063
120.0,120.0,120.0,120.0,120.0,120.0,120.0,120.0,120.0,120.0,108.54991420603105,115.69731685258253,114.10909928511579,113.70477449546503,115.92427694490458,114.15686893173164,117.44213338422094,115.70623515861715,117.00075251010334,114.3163269193252,96.61031275522771,91.36020249252839,93.74646705617229,98.44939763741448,104.84264580411183
120.0,120.0,120.0,120.0,120.0,120.0,120.0,120.0,120.0,120.0,116.00732705828818,108.72080660095683,115.4205286788666,114.31447484680005,113.46524548926169,115.68628522707974,114.73145488031604,117.4570711515431,115.70312274044069,115.03979428052922,97.05923742642831,91.78885746117417,93.71491666532293,98.35720013188454,104.81068759759084
120.0,120.0,120.0,120.0,120.0,120.0,120.0,120.0,120.0,120.0,116.19899118683207,115.79390183839318,109.00723948049848,115.31515721501576,114.47766911529743,113.01326881611757,115.6251332026789,115.13007289069824,117.3226640242107,114.14397794115916,98.19825092333491,92.01630084870592,93.81256010567593,98.28293138192701,104.74466965049567
120.0,120.0,120.0,120.0,120.0,120.0,120.0,120.0,120.0,120.0,116.19564465457519,116.19392225702985,115.55280531473902,109.329739020276,115.32799468163016,114.58501302118307,112.62844575805272,115.64346545529652,115.33625521888789,115.59757322712993,98.20410687951971,92.38414506209328,93.82481896993086,98.27529282093344,104.69230757602791
120.0,120.0,120.0,120.0,120.0,120.0,120.0,120.0,120.0,120.0,117.694557076978,117.80841575634236,117.71875060650525,117.12536511037875,100.35255111045306,117.0409657097027,116.58879774629608,118.76034461880445,117.21667501976916,115.74999941446166,101.57955639829257,93.76543492512681,95.20426355437831,99.75507435250123,106.33429732418678
120.0,120.0,120.0,120.0,120.0,120.0,120.0,120.0,120.0,120.0,117.7778731315608,117.65737493059872,104.0663161858624,117.66233804660496,116.98224042450029,109.86020304413725,117.10253813929658,116.61100837176201,118.59124890948063,115.66448503149067,101.15986324405114,94.51110411276309,95.124357417588,99.67484317279913,106.27879578571836
120.0,120.0,120.0,120.0,120.0,120.0,120.0,120.0,120.0,120.0,117.81972071115594,117.77292994161058,117.61342764365955,108.48943526802337,117.35738497842765,117.16249391012063,110.00988602143329,117.1670092009662,116.530286934223,117.29283076711265,100.99828615359688,94.75735592006666,95.28060487086775,99.54973873967249,106.23704754666821
120.0,120.0,120.0,120.0,120.0,120.0,120.0,120.0,120.0,120.0,117.84527774431128,117.81071206939185,117.63153933568375,117.71011293132969,108.61692043453009,117.23447573525912,117.15543050875569,118.1736024969755,117.10837855043019,115.38889894379345,103.54770722605338,94.76194223069088,95.29862420269745,99.52485880166662,106.13666145801608
120.0,120.0,120.0,120.0,120.0,120.0,120.0,120.0,120.0,120.0,108.54680738611324,117.80951922972709,117.80988311762422,117.58028878977488,117.69130718885086,108.72436896426316,117.18811597918481,117.06135260576255,118.09505607343603,115.68584790451814,102.13092466990841,95.86594352540766,95.14572310785444,99.43555227832782,106.09728243917233
120.0,120.0,120.0,120.0,120.0,120.0,120.0,120.0,120.0,120.0,116.19961458456315,116.19568489501124,116.16473798699826,108.54461024089018,115.96264222413629,115.95156026960241,108.83985031382514,115.52098782158927,115.29239687813697,115.47030823255163,100.63920708546341,94.53960869219954,94.11055423558977,97.7987602646564,104.3449374791479
120.0,120.0,120.0,120.0,120.0,120.0,120.0,120.0,120.0,120.0,116.19831395319967,116.19892979254725,116.18467163253001,116.14361915503432,108.57190316681383,115.91304708356888,115.86788741471172,108.92918060952853,115.45651041441718,114.25268185065099,102.87538620216145,94.47568570639717,94.1351100928524,97.84913727149592,104.2056969200827
120.0,120.0,120.0,120.0,120.0,120.0,120.0,120.0,120.0,120.0,108.54951714100626,116.19561722675638,116.19848338915544,116.18315463227009,116.09993605115383,108.60658068780617,115.88114404376954,115.76847809864904,116.28050539527437,114.22896118783565,102.02119362185418,95.61689577486045,93.97941024961098,97.76902296836501,104.20907268975016
120.0,120.0,120.0,120.0,120.0,120.0,120.0,120.0,120.0,120.0,116.20031773202864,116.19977643318913,116.19094246489331,116.19776078856734,116.18317780726638,116.0426452184393,108.64149560921258,115.85624169281499,115.61700828893481,115.24647884965837,101.61675282250624,95.79877662748171,94.37304410933406,97.56400432607734,104.11682581292261
120.0,120.0,120.0,120.0,120.0,120.0,120.0,120.0,120.0,120.0,116.20569733943871,116.19441237700502,116.19876989973207,116.18307160839753,116.19627616613076,116.18024015080492,115.97837603368615,108.65923330375803,115.76284890392604,114.60942817874587,103.41850407317135,95.64493571462893,94.50896205012914,97.65671210326148,103.95865666681489
120.0,120.0,120.0,120.0,120.0,120.0,120.0,120.0,120.0,120.0,108.55056421539079,112.08801841166651,112.08825985027052,112.24069683258551,112.44753646000756,108.5506979395312,112.40519151757405,112.22927573103289,114.52138107256748,113.0663128335944,95.46668281240167,96.78963497804419,95.32347742649364,95.70069683899351,100.74529494861903
120.0,120.0,120.0,120.0,120.0,120.0,120.0,120.0,120.0,120.0,108.55034686592629,108.55017693758994,112.0875388128611,112.08547561207543,112.35200953271469,112.45457072835566,108.55464779702523,112.36977560976541,114.28270127118591,113.37344908102936,95.4445053370564,96.8408483861163,95.43460384431137,95.72568505796536,100.80822865745854
120.0,120.0,120.0,120.0,120.0,120.0,120.0,120.0,120.0,120.0,108.55026431618545,112.0733409934509,112.09609140900662,112.18785965935882,112.0836008460912,112.4153991162022,112.43200119925461,112.0903642937806,114.37198307842647,113.19208048498099,95.65842989559562,96.84486054815844,95.51616191319681,95.83288813786406,100.83237835257212
120.0,120.0,120.0,120.0,120.0,120.0,120.0,120.0,120.0,120.0,108.5507403330998,112.08975652989295,112.071625970233,112.09172593781902,112.31755482362566,112.082168024046,112.4574923826018,112.38354177909841,114.4893951252599,113.21675322995168,95.66432994486532,92.9533174621501,95.54625168641542,95.90307877337375,100.89458354837556
120.0,120.0,120.0,120.0,120.0,120.0,120.0,120.0,120.0,120.0,108.55067143788277,108.550721651992,112.09059564814473,112.07270805125269,112.08869180507848,112.39123511597487,112.10975342307013,112.47812785205272,114.33198589347745,113.35106426741405,95.66568738313089,93.04311502283878,95.57679989207082,95.94552006328803,96.96810885796793
120.0,120.0,120.0,120.0,120.0,120.0,120.0,120.0,120.0,120.0,108.55083310167727,108.5507171648277,108.55072671101864,111.65613154495541,111.66054127615244,111.66111420283828,112.03299130223995,111.87882370689748,114.95217204612318,113.89112691063251,97.17803657221644,94.75039286123008,107.80311969718693,107.90753537302854,98.51535917984921
120.0,120.0,120.0,120.0,120.0,120.0,120.0,120.0,120.0,120.0,108.55096530529853,108.55066147305287,108.55060123228257,108.55050020551099,111.65653917994972,111.65815209168704,111.75152587650102,112.05279083638932,114.951731149994,113.92200215648909,97.1854770836893,94.81498255258579,93.37529241551862,107.92462698256111,98.57894614577175
120.0,120.0,120.0,120.0,120.0,120.0,120.0,120.0,120.0,120.0,108.55095765068481,108.5509316936331,111.6474963945147,111.64520975629385,111.66710147913192,111.70359781020173,111.65644785427293,111.89440973877808,114.91959118248026,113.96052609602232,97.2139513344642,94.86370399180215,93.4371377954072,93.57550731012722,98.63950783799079
120.0,120.0,120.0,120.0,120.0,120.0,120.0,120.0,120.0,120.0,108.55097675330607,108.55090202228146,108.55091159750157,111.64734800213611,111.64000640958756,111.66287444645144,111.84774644046489,111.80024922226025,114.93619559102707,113.94168539609154,97.27899979650516,94.90047563479038,93.49230984222297,93.63602460108898,98.6798291322796
120.0,120.0,120.0,120.0,120.0,120.0,120.0,120.0,120.0,120.0,108.55100814885398,108.55091881666246,108.55088108557511,108.55089895196805,111.65015090560715,111.63946120259251,111.65978757205127,111.95173223969893,114.9358054465328,113.96963322554579,97.26723173463583,94.95145727939656,93.53343536444582,93.69063250237201,98.72029775254967
120.0,120.0,120.0,120.0,120.0,120.0,120.0,120.0,120.0,120.0,108.55109086728349,108.5510606583136,108.55089740828258,108.55089565586178,108.55092477203901,116.1998288523478,116.19964388229256,116.1971106540602,116.14536145245582,115.53522366971659,106.65955675208076,101.72959790016834,97.47322019907632,98.02231840246286,103.60111464475534
120.0,120.0,120.0,120.0,120.0,120.0,120.0,120.0,120.0,120.0,108.5511011557051,108.55105770835216,108.55104765339797,108.55076272195132,108.5507864427656,108.55087361748808,116.1989902980078,116.19655565078764,116.15876708855508,115.54928829578846,106.94419289703579,102.2780709698491,97.96406759921659,98.21496394597196,103.6020888379354
120.0,120.0,120.0,120.0,120.0,120.0,120.0,120.0,120.0,120.0,108.55111478177977,108.55106888672908,108.5510314614368,108.55104882500846,116.2007128649376,116.19994144086931,116.20067519814927,116.19575088360477,116.15998040617153,115.58437065537282,107.14438883546184,102.84752536109534,98.47635321298186,98.43690179619294,103.64071413601415
120.0,120.0,120.0,120.0,120.0,120.0,120.0,120.0,120.0,120.0,108.55111222741314,108.55109606943613,108.55104012672956,108.55100306556703,108.55106462676132,116.20062204107225,116.19846150642739,116.19844061849483,116.16014922765747,115.60759094870508,107.35884022445106,103.3548093664107,99.04103995057383,98.68574890427836,103.69256636243125
120.0,120.0,120.0,120.0,120.0,120.0,120.0,120.0,120.0,120.0,108.55110879820573,108.55109255181489,108.55108843297774,108.55100622084751,108.55099380013864,108.55107437633893,116.20042769850373,116.19554746891168,116.16514976089991,115.62332160989891,107.55145080045348,103.84704196045,99.61281263278023,98.98793525617087,103.7597685085683
120.0,120.0,120.0,120.0,120.0,120.0,120.0,120.0,120.0,120.0,108.55117272282075,108.55114696464196,108.5511224221563,108.55112345946728,108.55098016395291,108.55096172869135,108.55075746393979,114.05373747079324,114.30879836537254,115.19653079145232,101.92763024599945,98.68718982125532,95.66787210311189,95.33874980262065,100.5470018473142
120.0,120.0,120.0,120.0,120.0,120.0,120.0,120.0,120.0,120.0,108.55117007624018,108.55115459379628,108.55113308815923,108.55111072280378,108.55113217371603,108.5508767618068,114.05294812795455,114.05804816771776,114.28997676255524,115.20923209365071,102.02962576838333,98.95269482205171,95.98310548559868,95.52208847053124,100.6110687871155
120.0,120.0,120.0,120.0,120.0,120.0,120.0,120.0,120.0,120.0,108.55116981678457,108.55115146463746,108.5511464620377,108.55112300427102,108.55110019305289,108.55113556337173,114.05116074493134,114.04240866495914,114.2409402951027,115.22010565008158,102.12327092697987,99.20719557552202,96.30367507651755,95.72989093553508,100.69018923094333
120.0,120.0,120.0,120.0,120.0,120.0,120.0,120.0,120.0,120.0,108.55116405053336,108.55115561787717,108.5511424297044,108.5511463491229,108.55111326382732,108.55106823745753,108.55087408944887,114.05228709421118,114.20126505734262,115.23109644793512,102.20853795371401,99.44670031170108,96.63114748859006,95.95687039960526,100.78876751825284
120.0,120.0,120.0,120.0,120.0,120.0,120.0,120.0,120.0,120.0,108.55115353816889,108.55115166599518,108.5511501655125,108.55113976987884,108.55115351672674,108.55108490708213,108.55075420693727,114.04180525939312,114.18786714034448,115.21550050048788,102.28933490351105,99.6665622944975,96.96200315138424,96.20449600094784,100.90397357662393
120.0,120.0,120.0,120.0,120.0,120.0,120.0,120.0,120.0,120.0,108.55120477253955,108.55119086126439,108.55118448069749,108.55117817202076,108.55116149218998,108.55116981608607,108.55077498599054,112.80548184931217,112.9258522470088,113.91113291759494,97.50928561766518,95.09053856093848,92.82930688144522,92.43365994762613,97.5549265509166
120.0,120.0,120.0,120.0,120.0,120.0,120.0,120.0,120.0,120.0,108.55119900297939,108.55119010460741,108.55118383245261,108.55118392181586,108.55117933521957,108.55114800911616,108.55090227411068,112.80979945859958,112.87051777524414,113.92038651920313,97.56907926635006,95.19129919391173,93.02588363750559,92.59003493561985,97.64811630012754
120.0,120.0,120.0,120.0,120.0,120.0,120.0,120.0,120.0,120.0,108.55119445468624,108.55118440617784,108.55118458072961,108.55118293647082,108.55118895386471,108.55116940035222,108.55086731776842,112.80393480781306,112.81142503998718,113.92556030311535,97.64150027239846,95.27827879114909,93.21818420895914,92.75894094784044,97.75317097760828
120.0,120.0,120.0,120.0,120.0,120.0,120.0,120.0,120.0,120.0,108.55118555286349,108.5511830533934,108.55117963605403,108.55118570987364,108.55118672538654,108.55118613475953,108.5509015373265,112.80257141685507,112.74151499084594,113.93018837736327,97.69526306222436,95.35771567467815,93.40364533646598,92.93690013441235,97.86936707816733
120.0,120.0,120.0,120.0,120.0,120.0,120.0,120.0,120.0,120.0,108.5511728753402,108.55117527887855,108.55118044042786,108.55118196840067,108.55119199564545,108.5511812102472,108.55093533892504,112.80194391597554,112.74104802015786,113.91729969616885,97.73792269141627,95.41127076629192,93.58263594251753,93.12063483863038,97.99452535906158
120.0,120.0,120.0,120.0,120.0,120.0,120.0,120.0,120.0,120.0,108.55121875337477,108.55120939018069,108.55120731891257,108.55120920037716,108.55120835174453,108.55120335857595,108.5509397356165,116.06499956753821,116.02911261714921,115.57995552387578,101.3436445847956,98.87481094355299,96.9280432176301,96.27681851548887,100.79294972523752
120.0,120.0,120.0,120.0,120.0,120.0,120.0,120.0,120.0,120.0,108.55121121132183,108.55120576344788,108.55120458040787,108.5512082805035,108.55121431455336,108.5512060506338,108.55095958854994,116.06502755709431,116.02953176268721,115.58486959318564,101.38772018705174,98.96721411643564,97.12119009300379,96.51917676918843,100.98881820335296
120.0,120.0,120.0,120.0,120.0,120.0,120.0,120.0,120.0,120.0,108.55120506488292,108.55119802943668,108.55120179254493,108.55120608233652,108.55121412615873,108.55121128177784,108.55096891455007,116.06641804389044,116.02996591669987,115.4181369332761,101.44040062811602,99.10405811650261,97.29426446693532,96.75385694425381,101.18777666713078
120.0,120.0,120.0,120.0,120.0,120.0,120.0,120.0,120.0,120.0,108.55119483786666,108.5511948261905,108.55119449249234,108.55120437295166,108.5512127038955,108.551212564815,108.5509763278345,108.5466554332712,116.03246585900268,115.42084098832187,101.49037664860435,99.23562977313698,97.44808074206335,96.9766438896734,101.38306603107358
120.0,120.0,120.0,120.0,120.0,120.0,120.0,120.0,120.0,120.0,108.55118113953066,108.55118549792421,108.55119333544134,108.55119784715527,108.55121207434208,108.55121223685362,108.55098290362417,108.54670718536117,116.0329426941912,115.42563787874742,101.52369910867179,99.35674651711297,97.58388194049095,97.18757300381807,101.56973173271855
