0,1,2,3,4,5,6,7,8,9,10,11,12,13,14,15,16,17,18,19,20,21,22,23,24
120.0,120.0,120.0,120.0,120.0,120.0,120.0,120.0,120.0,120.0,105.3344727796205,105.33452689561075,105.33457315145864,105.3346105332021,105.33464389693084,105.33467834176675,105.33470342772073,105.3347204689587,105.33474835634459,105.33474588097434,105.33468853905731,105.33441314652866,105.33429128804683,105.3339576782471,105.33311651000623
120.0,120.0,120.0,120.0,120.0,120.0,120.0,120.0,120.0,120.0,105.33444010511579,105.33449949142899,105.33454998313375,105.33459408712538,105.33462965650271,105.33466189309291,105.33469629030634,105.33471956160902,105.33473533276549,105.3347623235636,92.78413924550364,105.33458825802914,105.33426046984704,105.33401647765662,105.33297497904661
120.0,120.0,120.0,120.0,120.0,120.0,120.0,120.0,120.0,120.0,105.33436654788859,105.33447293411021,105.33452753347038,105.3345747386334,105.33461727086687,105.33465192428498,105.3346830804083,105.3347171210582,105.33473958746778,105.33476277880084,87.50361566460695,96.82726116759453,105.33443272017772,105.33395581085915,106.5335024498682
120.0,120.0,120.0,120.0,120.0,120.0,120.0,120.0,120.0,120.0,105.33431575799862,105.33438987038174,105.33450586760817,105.33455658442779,105.33460115893801,105.33464285550266,105.33467741483031,105.33470779456728,105.33474143569832,104.57592649940713,86.85617355220923,90.74392506303747,99.33701865816448,105.33414601084944,106.46553585990672
120.0,120.0,120.0,120.0,120.0,120.0,120.0,120.0,120.0,120.0,105.33425868593098,105.3343417081528,105.33442381700876,105.33453917332639,105.33458713099141,105.33462991404419,105.3346714847695,105.33470673896727,105.3347372012199,104.1879661125904,83.69424920679016,90.0024656138736,93.78528625825224,101.10913288695583,106.48466301955085
120.0,120.0,120.0,120.0,120.0,120.0,120.0,120.0,120.0,120.0,105.33435475421172,105.33441133635705,105.33446960466867,105.33452772463927,105.33462015331352,105.33465385582709,105.33468608949724,105.33472076693648,105.28720489827968,104.11338582677632,81.6893580745367,85.90537560703483,93.23789193225006,96.45256585809587,103.47415579326749
120.0,120.0,120.0,120.0,120.0,120.0,120.0,120.0,120.0,120.0,105.33431096575663,105.33436544491806,105.3344400316774,105.33450480828374,105.3345622540656,105.33464975919007,105.33468475439237,105.3347180065934,105.26336736861737,103.83984650251766,81.1506817737245,83.11221840774786,88.80938516722138,96.1386087439689,99.872200935787
120.0,120.0,120.0,120.0,120.0,120.0,120.0,120.0,120.0,120.0,105.33427276984962,105.33432090607991,105.33439075116748,105.33447620700981,105.33454423844888,105.33459993330013,105.33468259458333,105.33172982255905,105.25791379247339,103.64400934013157,79.91492119487373,82.254615250216,85.74688939146415,91.76004856214117,99.88445483134831
120.0,120.0,120.0,120.0,120.0,120.0,120.0,120.0,120.0,120.0,105.33421550588977,105.33429094224522,105.33434869690193,105.33442593868419,105.33451784566314,105.33458768230422,105.33464172578724,105.330282193585,105.2360705665451,103.57580871049463,78.89958684470402,80.37719997745363,84.78330273415297,88.82382723520055,95.9788570988429
120.0,120.0,120.0,120.0,120.0,120.0,120.0,120.0,120.0,120.0,105.33415130070229,105.33423636289166,105.33432416298383,105.3343884154302,105.33446870073583,105.33456439231986,105.33444746405607,105.32985906552562,105.22184992919912,103.45438287056399,78.45173596236022,78.79036604563672,82.45526480150498,87.93883461327698,93.92206330946621
120.0,120.0,120.0,120.0,120.0,120.0,120.0,120.0,120.0,120.0,105.3342630579642,105.33431215849019,105.33436963938684,105.33443799792254,105.33448802177415,105.3345547913169,105.33436613184116,105.32819982453739,105.2166236623481,103.34849319253806,77.8512510218515,77.99882722821832,80.51317535176763,85.3856181057769,93.25213524782444
120.0,120.0,120.0,120.0,120.0,120.0,120.0,120.0,120.0,120.0,105.33421264468473,105.33427333372553,105.334336973411,105.33440257619853,105.33447871459519,105.33452394839351,105.33430068019143,105.32718476912875,105.20642628913849,103.29476209419369,77.27961460959503,76.99022964457907,79.49640420533166,83.40156307641318,91.0792345809287
120.0,120.0,120.0,120.0,120.0,120.0,120.0,120.0,120.0,120.0,105.38150243015116,105.33422176266475,105.33430064845537,105.33437222250511,105.33444317215721,105.33450906347599,105.33416228605506,105.32675822737312,105.19834939636746,103.23158241882122,76.93371798020249,76.01689530472999,78.15377749386589,82.34374659811904,89.64410942955072
120.0,120.0,120.0,120.0,120.0,120.0,120.0,120.0,120.0,120.0,105.50972637545925,105.36881417660227,105.33425104371567,105.33434005270043,105.33441586537687,105.33447266511098,105.33408376958948,105.32591451865736,105.19422191468726,103.17102578337303,76.5856314905693,75.36894045390947,76.87085737828478,80.85158728846702,88.84541632920599
120.0,120.0,120.0,120.0,120.0,120.0,120.0,120.0,120.0,120.0,105.6436644177141,105.46630063879932,105.35955418567634,105.33429406685185,105.3343882454313,105.33444186674147,105.33402199247499,105.32530516074911,105.18896265044522,103.13152253125708,76.24101062417611,74.73030139623525,75.97927658253941,79.48287982225808,87.6524496250771
120.0,120.0,120.0,120.0,120.0,120.0,120.0,120.0,120.0,120.0,105.90296829279082,105.57060563788973,105.43326384642599,105.352872710785,105.33439729263351,105.3344506007392,105.33396371873285,105.32498212717347,105.18428592322645,103.09374019100564,75.98608534716291,74.09848318502794,75.08569957343248,78.51971407001213,86.64268033039728
120.0,120.0,120.0,120.0,120.0,120.0,120.0,120.0,120.0,120.0,106.21404765359836,105.79274434809244,105.5134713536203,105.4081218900357,105.3479427949533,105.33441761643978,105.33390604090458,105.32454097620018,105.1812633493161,103.05696844113679,75.75709922225806,73.59852735884472,74.20633337143985,77.52955543538495,85.93314455250301
120.0,120.0,120.0,120.0,120.0,120.0,120.0,120.0,120.0,120.0,106.49643267492115,106.06671856068645,105.70161103116085,105.46929942844167,105.38916087400519,105.34432093044266,105.33385460335765,105.3241736855972,105.17821288034563,103.02872894803228,75.53480781918573,73.14747489489403,73.48885465352889,76.57166428854245,85.18310699948886
120.0,120.0,120.0,120.0,120.0,120.0,120.0,120.0,120.0,120.0,106.8335195761009,106.32527788037503,105.93877814786715,105.62699844240595,105.43543330450629,105.37490197818019,105.34106813107283,105.32392262067725,105.17536144806604,103.00370010081231,75.34974386701974,72.71206518689803,72.83266128817583,75.78641631586233,84.48100293297031
120.0,120.0,120.0,120.0,120.0,120.0,120.0,120.0,120.0,120.0,107.14437100305132,106.65300190209383,106.1713861724207,105.82917879146596,105.56642803351409,105.40962918440553,105.36361799646151,105.32898187653448,105.1732051687439,102.97985810752608,75.18745418626067,72.33406304936813,72.20081933408899,75.06110385017767,83.91313242735582
120.0,120.0,120.0,120.0,120.0,120.0,120.0,120.0,120.0,120.0,107.4011200625727,106.9627448336262,106.48388713616413,106.03529131501685,105.73647812527695,105.51761696654499,105.38950272615875,105.34536542975,105.17514616632721,102.95970875229739,75.034580562005,71.99722070061189,71.64200192832132,74.36749251398764,83.38442615038211
120.0,120.0,120.0,120.0,120.0,120.0,120.0,120.0,120.0,120.0,107.64964600960883,107.22766364003105,106.78555404261836,106.32789245748367,105.91651478575436,105.65878859524537,105.47783653870553,105.36436669828382,105.18547751310001,102.94493143532048,74.89934958894699,71.68063779195734,71.13778505207657,73.75363501062738,82.88496943222972
120.0,120.0,120.0,120.0,120.0,120.0,120.0,120.0,120.0,120.0,107.84978456989009,107.4948833391235,107.05335842544478,106.61596611726405,106.1862540658546,105.8142068145752,105.59372093994769,105.43608791858406,105.19814064852075,102.93769527697947,74.78331382981801,71.39398224977191,70.66373680884291,73.19769018651398,82.44833081173417
120.0,120.0,120.0,120.0,120.0,120.0,120.0,120.0,120.0,120.0,108.0061322616198,107.71409648900386,107.33438877296092,106.8815094130817,106.45636253884696,106.05935718433756,105.72645979803828,105.53014141623629,105.25509510606729,102.93435795995177,74.68493141358395,71.13773834762992,70.2301774612786,72.67664818681202,82.05347902618048
120.0,120.0,120.0,120.0,120.0,120.0,120.0,120.0,120.0,120.0,108.14129777624844,107.89039616049627,107.56918589326222,107.17105972340828,106.71504685906848,106.3084216315287,105.946419879192,105.64240991601781,105.33013094836764,102.97013425640961,74.60041016166934,70.90520542610058,69.83664359726959,72.20063847994379,81.68552901502515
120.0,120.0,120.0,120.0,120.0,120.0,120.0,120.0,120.0,120.0,108.24249980524515,108.04719451992064,107.76397808418533,107.41742476036704,107.00780341588894,106.55641579856047,106.17261592543403,105.83750468487216,105.42403500746856,103.02476537919627,74.58184842791171,70.69383100279818,69.47340115130572,71.76754226690227,81.3522606940568
120.0,120.0,120.0,120.0,120.0,120.0,120.0,120.0,120.0,120.0,108.31929305902314,108.16586036068205,107.94176594655261,107.62827016575618,107.2611648106762,106.84713270965177,106.40680772079159,106.04008279887938,105.59539648323529,103.10068510625666,74.60508291802824,70.5372155093055,69.13808693537275,71.36689313068308,81.05031783889585
120.0,120.0,120.0,120.0,120.0,120.0,120.0,120.0,120.0,120.0,108.38123956966824,108.25812785629356,108.07824263107358,107.82594829516528,107.4852920431331,107.10303359035713,106.69086351433337,106.25839178121525,105.77552947725208,103.25410418614673,74.6733367920581,70.4204213189456,68.8505572828864,70.99657440711115,80.77183823592001
120.0,120.0,120.0,120.0,120.0,120.0,120.0,120.0,120.0,120.0,108.42573471646216,108.33397516646103,108.18698657884028,107.97987094767015,107.7009104941983,107.3371523400075,106.9449546350993,106.531892764218,105.97779669696841,103.42626409752656,74.88394155411237,70.34474992560416,68.59938244928668,70.667493268265,80.51545225844187
120.0,120.0,120.0,120.0,120.0,120.0,120.0,120.0,120.0,120.0,108.45907063575525,108.38893863182199,108.27803617940683,108.10569360331114,107.87131646488064,107.56810110992261,107.18552752564443,106.78038977334992,106.23944718703986,103.62939375097969,75.15933703505631,70.38221017703749,68.38353885865104,70.36942414196821,80.28726723976969
120.0,120.0,120.0,120.0,120.0,120.0,120.0,120.0,120.0,120.0,108.48485204188366,108.43100909645707,108.34475943741131,108.21301782489833,108.01440918609907,107.75349484473435,107.42871090608253,107.02402073469291,106.4818789227216,103.90522266329957,75.51205518884892,70.48865086886595,68.25088480410265,70.0997842936595,80.07807201709511
120.0,120.0,120.0,120.0,120.0,120.0,120.0,120.0,120.0,120.0,108.29858946514229,108.4637392520065,108.39667487010428,108.29239126742075,108.13850321919459,107.9133853054762,107.6269811355626,107.27613265433756,106.72805209800285,104.17787401701727,76.03052426165522,70.67092146718971,68.17581556161495,69.88829712116998,79.88605812877043
120.0,120.0,120.0,120.0,120.0,120.0,120.0,120.0,120.0,120.0,107.86658577569871,108.33302929403442,108.43766125260153,108.35551283788082,108.23143826017616,108.05449710466893,107.80284750707541,107.48515948216551,106.9892773632576,104.46567600537726,76.59850732915207,71.00633174264149,68.16190088503886,69.71697543589764,79.72948768143884
120.0,120.0,120.0,120.0,120.0,120.0,120.0,120.0,120.0,120.0,107.73957211796463,107.99134069590116,108.35101691158104,108.40595454907348,108.30693597699738,108.16155500443473,107.9607010328456,107.67590670302695,107.21082424167474,104.78471721652097,77.22969223025453,71.42382083119757,68.26863750519583,69.58691527548314,79.59237453382079
120.0,120.0,120.0,120.0,120.0,120.0,120.0,120.0,120.0,120.0,107.01883720885445,107.88931465601378,108.08573762199092,108.35500523376483,108.36798595080792,108.25043900457774,108.08214009829398,107.85004124905647,107.41895203962095,105.0741255828862,77.96954303375334,71.92737553672274,68.45711766693361,69.53976920730851,79.47646790167751
120.0,120.0,120.0,120.0,120.0,120.0,120.0,120.0,120.0,120.0,106.53837290540942,107.23597499175784,108.00653612189615,108.15426493201467,108.34673963423856,108.32319477430514,108.18525072391233,107.98611954233601,107.61296878706752,105.3551367910126,78.70514084137382,72.56604328758002,68.73035798530402,69.55194864620312,79.40847108438139
120.0,120.0,120.0,120.0,120.0,120.0,120.0,120.0,120.0,120.0,106.25168174763365,106.80833944964918,107.42278708070215,108.09587074894552,108.20043994298247,108.32722565507191,108.27055648048848,108.10422915418253,107.76814245359918,105.62931003668936,79.45118371916287,73.26011181371426,69.13457407361449,69.62677200793846,79.36909245309336
120.0,120.0,120.0,120.0,120.0,120.0,120.0,120.0,120.0,120.0,105.56773199173595,106.53035363944667,107.04857925707459,107.58155731093541,108.16139374327417,108.22725289207956,108.29686062802438,108.2031667752787,107.9060621409429,105.86395493887713,80.21877296502879,74.00763540942042,69.62381986936559,69.80245037354585,79.36347244250888
120.0,120.0,120.0,120.0,120.0,120.0,120.0,120.0,120.0,120.0,105.1998551438461,105.84648587565859,106.78119659213894,107.25941359435224,107.71445247652034,108.20634251158181,108.23664587641211,108.24989544064552,108.02380247388687,106.07856989762622,80.93158138992824,74.82387798191607,70.19508736823063,70.05360224110936,79.41788854284269
120.0,120.0,120.0,120.0,120.0,120.0,120.0,120.0,120.0,120.0,104.89818751385475,105.4950281463327,106.10961373755313,107.00446041471673,107.44181129435819,107.82351252342166,108.23295172234864,108.22447733366457,108.09380575582249,106.27122500052604,81.60803622046639,75.64191049262962,70.86836435861164,70.3816422129176,79.51435528141467
120.0,120.0,120.0,120.0,120.0,120.0,120.0,120.0,120.0,120.0,104.43319792307044,105.17956512361987,105.78005973815287,106.3555616372514,107.20109404949697,107.59717379503505,107.91031391790055,108.23759447792702,108.10286106139752,106.41435716395847,82.24746064063643,76.45931936783943,71.59751173229584,70.80904436891134,79.65863446001472
120.0,120.0,120.0,120.0,120.0,120.0,120.0,120.0,120.0,120.0,104.17446657329955,104.68451230457102,105.45310553188648,106.05142384636471,106.58314550520879,107.37224800296575,107.72666794119804,107.97101992256867,108.13571453966914,106.49866081143591,82.79062744588185,77.27389448337267,72.37329059675581,71.30910823716545,79.8685837856107
120.0,120.0,120.0,120.0,120.0,120.0,120.0,120.0,120.0,120.0,103.94111877521796,104.42091807866558,104.93659657634957,105.71571464340045,106.30663961249643,106.79179303776593,107.51910762315494,107.82667840703424,107.9238533683411,106.58944926454431,83.21654740393407,78.02997290138619,73.1942327602329,71.87727737746434,80.12782845023831
120.0,120.0,120.0,120.0,120.0,120.0,120.0,120.0,120.0,120.0,103.66283605962103,104.16379392633826,104.67335577124723,105.18645322495446,105.96501091219018,106.54384318803994,106.98087865830662,107.63799466359639,107.81699300296299,106.45924518771481,83.62045003564549,78.70252564360464,74.01430421578824,72.51718393474816,80.43862361936357
120.0,120.0,120.0,120.0,120.0,120.0,120.0,120.0,120.0,120.0,103.4934613410386,103.8533081592681,104.39348911844789,104.9280803172543,105.43150148906534,106.19930594405345,106.76147798312351,107.14524249198014,107.65017677476108,106.39975353442395,83.62889212804079,79.3457355722801,74.8074584972614,73.19732840147513,80.80654918910675
120.0,120.0,120.0,120.0,120.0,120.0,120.0,120.0,120.0,120.0,103.3404042600796,103.67021428561712,104.05440071917536,104.62690451651747,105.18171959682563,105.66957552461984,106.41722076877204,106.9537078288327,107.20543242624296,106.27192543454586,83.68382713463454,79.6922742043141,75.59854006224568,73.8990153929132,81.21265683716004
120.0,120.0,120.0,120.0,120.0,120.0,120.0,120.0,120.0,120.0,103.18431281779147,103.49406802088232,103.86024389092691,104.26346374959857,104.86079567372396,105.43105896592542,105.89841260943001,106.61295423791705,107.03937292201194,105.86794625502733,83.59540127526074,80.02155965416311,76.20210605164337,74.63413257522016,81.64943033931543
120.0,120.0,120.0,120.0,120.0,120.0,120.0,120.0,120.0,120.0,103.08144235246581,103.31280926693556,103.66072181168916,104.06138576949039,104.47819482815802,105.09250059021767,105.67313308122819,106.11135138098096,106.70570349786689,105.70334546413143,82.95091092268723,80.21644672724074,76.77973263364376,75.27784462370442,82.12633890559839
120.0,120.0,120.0,120.0,120.0,120.0,120.0,120.0,120.0,120.0,102.99056948955929,103.19549475981049,103.45473347267757,103.83840023072061,104.27114021325599,104.696259053816,105.31934600393234,105.90027379085926,106.2241822296494,105.36842090463307,82.65100923091948,79.93119796516223,77.25247672443808,75.92385709314009,82.56033499687561
120.0,120.0,120.0,120.0,120.0,120.0,120.0,120.0,120.0,120.0,102.90667932804787,103.08706834357518,103.32368267373067,103.60895058235685,104.0249642056679,104.48691387779996,104.91512387123583,105.53396986790973,106.02421314923991,104.8599536084408,82.04769184797557,79.83479471933023,77.34884383734868,76.51234158812066,83.02359106292963
120.0,120.0,120.0,120.0,120.0,120.0,120.0,120.0,120.0,120.0,102.84846657092528,102.98635605793677,103.196601570263,103.46534397807321,103.77416162028956,104.21824480021333,104.70581799831513,105.1270938186907,105.64688154642063,104.62188895577629,81.02282721583379,79.4810183844776,77.53002030851253,76.83955223105177,83.46138983666239
120.0,120.0,120.0,120.0,120.0,120.0,120.0,120.0,120.0,120.0,102.79823089717235,102.91659887339647,103.07776754831706,103.3183405078506,103.61915502116865,103.94865264684039,104.41557678658957,104.91925789482143,105.2369335960919,104.19662232577917,80.45331264674506,78.70036570319613,77.49548896292993,77.21394053520443,83.73723741183234
120.0,120.0,120.0,120.0,120.0,120.0,120.0,120.0,120.0,120.0,102.75470055148293,102.85463593917397,102.99622593287452,103.18115853869166,103.4516335340007,103.78381890431372,104.13045662691486,104.60873934574045,105.02664501460188,103.70759177177479,79.5552374716518,78.22810441557415,77.07140998312619,77.42080512318303,84.07404808911029
120.0,120.0,120.0,120.0,120.0,120.0,120.0,120.0,120.0,120.0,102.72310651401612,102.80057848238404,102.92113820174607,103.08760577837907,103.29624423777027,103.59537465648968,103.95728998618632,104.31116904022146,104.69384184794961,103.42892028183057,78.43306496699662,77.47910836442375,76.82668984964862,77.30945072449255,84.28685998310621
120.0,120.0,120.0,120.0,120.0,120.0,120.0,120.0,120.0,120.0,102.69654914260546,102.7614926361701,102.85536551379555,102.99809771239002,103.19071435802617,103.42246038227066,103.74782942593474,104.13064068235961,104.37970693853431,103.01361419977782,77.69812513426311,76.45415335322375,76.34417680857754,77.30124786529204,84.2886724055182
120.0,120.0,120.0,120.0,120.0,120.0,120.0,120.0,120.0,120.0,102.67505723412259,102.72829107516024,102.8081733265336,102.91978370610985,103.08574191655329,103.30528577413287,103.55859807428392,103.90012097128586,104.1865369194663,102.59280790735365,76.72621438846147,75.7177493682,75.57488359866807,77.08901587802715,84.38126078377482
120.0,120.0,120.0,120.0,120.0,120.0,120.0,120.0,120.0,120.0,102.65862257508027,102.70020187518924,102.76637507221348,102.86326459326135,102.99387791610818,103.18369228820153,103.43005532260793,103.69545847153671,103.92976462093205,102.31026027841632,75.6605324101441,74.7805767033584,74.99221473095744,76.61698978868809,84.30632823121807
120.0,120.0,120.0,120.0,120.0,120.0,120.0,120.0,120.0,120.0,102.64508527984125,102.67927485543908,102.73121010675023,102.8119849916504,102.92759699209714,103.0780037083902,103.29115857713239,103.55560170983293,103.70281964003514,101.95304803059065,74.86321814030798,73.69216987993315,74.2331899755027,76.26118290867916,84.05736534067688
120.0,120.0,120.0,120.0,120.0,120.0,120.0,120.0,120.0,120.0,102.63376968982807,102.66179861783478,102.70502091144665,102.76877260406641,102.86567704815937,103.00148387899597,103.1715421269634,103.39841543352676,103.54485633494517,101.61059988718519,73.94288305638969,72.81196723152168,73.29748012210233,75.7455847092378,83.90036764525547
120.0,120.0,120.0,120.0,120.0,120.0,120.0,120.0,120.0,120.0,102.6248210923454,102.64730722886092,102.68274220090615,102.73653816679885,102.81351933830742,102.92782901236868,103.08441325748474,103.26440978980081,103.3622139380288,101.35269089291957,72.99483310739373,71.82845654513355,72.50212230150251,75.05996452850927,83.60684276352993
120.0,120.0,120.0,120.0,120.0,120.0,120.0,120.0,120.0,120.0,102.6191251434095,102.6371612668946,102.66484653968081,102.70880739627376,102.7746369864679,102.86604765615947,102.99805754283865,103.16588649276453,103.205478344781,101.06500921034227,72.21526651291354,70.77219376323306,71.61364214030435,74.46633119480892,83.2019208780132
120.0,120.0,120.0,120.0,120.0,120.0,120.0,120.0,120.0,120.0,102.6130103973681,102.6280483466473,102.65101146333409,102.68581042390853,102.73999017888379,102.81947923410442,102.92578744199479,103.06525675858288,103.08765750735044,100.7957017352025,71.3952757928123,69.84698059563807,70.62925362935633,73.78428493832743,82.86794828117266
120.0,120.0,120.0,120.0,120.0,120.0,120.0,120.0,120.0,120.0,102.60821006003523,102.6204280042103,102.63934180919296,102.66833730001328,102.71146817647256,102.77716109989302,102.87095180862507,102.98139120024958,102.96473629727622,100.57696832352683,70.57878752047895,68.88997618776399,69.73321863182017,73.00692133077322,82.45679470181223
120.0,120.0,120.0,120.0,120.0,120.0,120.0,120.0,120.0,120.0,102.60126395350034,102.61466488021287,102.629734052043,102.65347728921606,102.68970230778325,102.7423506124797,102.81996443730208,102.91703455466713,102.86056651115072,100.35297238580677,69.8643693506252,67.90681098688462,68.80660769123524,72.2892902246248,81.98544567546747
120.0,120.0,120.0,120.0,120.0,120.0,120.0,120.0,120.0,120.0,102.59334387234878,102.60835536347446,102.62254776794542,102.64134229645424,102.67095649123596,102.71561187850756,102.7780832137795,102.85583289806945,102.77857710226081,100.14552976353707,69.15343961102039,67.00182054025824,67.83736470685209,71.54019526850684,81.5607583623349
120.0,120.0,120.0,120.0,120.0,120.0,120.0,120.0,120.0,120.0,102.59468097728139,102.60659401398857,102.61725073463917,102.63275222212285,102.65598893833696,102.69238965888898,102.74572170060597,102.80554654433574,102.69911255729882,99.96853440797868,68.46002955729591,66.10276908972583,66.92014169312951,70.74773624083268,81.10752799276989
120.0,120.0,120.0,120.0,120.0,120.0,120.0,120.0,120.0,120.0,102.58965889839496,102.60187103020458,102.61248715625658,102.6250578454456,102.64451225916373,102.67343581227254,102.71689844021954,102.76606719792844,102.63204715235187,99.79656358681952,67.82921318962497,65.20400404540696,66.00602048004598,69.99195110024276,80.62870838827976
120.0,120.0,120.0,120.0,120.0,120.0,120.0,120.0,120.0,120.0,102.56734106503183,102.59757297573351,102.60795627186596,102.6192094750641,102.6346814669119,102.65893979849268,102.69350175093913,102.73035615904102,102.57777643522061,99.63794119813961,67.21876411201752,64.35306904608282,65.08188304643052,69.23686736197357,80.17944316436979
120.0,120.0,120.0,120.0,120.0,120.0,120.0,120.0,120.0,120.0,96.47304553865033,102.59038755268803,102.6036278921754,102.61411954547374,102.6272203099023,102.64645604359724,102.675372342798,102.70122784206652,102.52765619642084,99.49801257467425,66.63034503088868,63.522229721504004,64.19033361941084,68.47099045293643,79.72922284609973
120.0,120.0,120.0,120.0,120.0,120.0,120.0,120.0,120.0,120.0,79.3205800377699,102.57669120729112,102.59976999588775,102.60932552822128,102.62103019614713,102.63687850181269,102.65962748759438,102.67827103779759,102.4853508442802,99.36568592458717,66.08207847498272,62.704585738515995,63.315369699496195,67.73029062449086,79.27477969871343
120.0,120.0,120.0,120.0,120.0,120.0,120.0,120.0,120.0,120.0,71.56003442953897,103.12112395024083,102.59985675470526,102.60746359435903,102.61597108483943,102.62934945227768,102.6475044437281,102.65815580346597,102.45059839498376,99.24350190523829,65.55680330038201,61.91887019644473,62.4479543745774,67.00424808593598,78.84099112036735
120.0,120.0,120.0,120.0,120.0,120.0,120.0,120.0,120.0,120.0,68.08139446952727,103.90561856873823,103.34174855027364,102.60702024020418,102.61249874051386,102.62253342155655,102.63767764148506,102.64216709817134,102.41927927405791,99.1331264859455,65.05269448050517,61.155387603430135,61.6045514978893,66.28539055464893,78.41812192755104
120.0,120.0,120.0,120.0,120.0,120.0,120.0,120.0,120.0,120.0,67.74254368008303,102.81757989231541,104.61907893669097,103.39161793415134,102.6120484412215,102.61803929629988,102.62908792293561,102.62922872816465,102.39302132332178,99.02954106982979,64.57572865584144,60.40931044509872,60.7811083803706,65.5875861522043,78.00261280814222
120.0,120.0,120.0,120.0,120.0,120.0,120.0,120.0,120.0,120.0,56.167945294211556,102.05051689122315,103.80216328874425,104.77396875127504,103.35337340820499,102.6166718010048,102.62312132496496,102.61793052132765,102.37081123699761,98.93352549026243,64.11846764491565,59.68662506455064,59.972834116203245,64.90896057256428,77.60404035527783
120.0,120.0,120.0,120.0,120.0,120.0,120.0,120.0,120.0,120.0,45.0349419847525,101.59076658468287,103.28891605443643,104.1523441771588,104.66273354196505,103.27464122290235,102.62028085528469,102.6095959161723,102.35092518082575,98.84483834379188,63.67920877260545,58.9835835064377,59.18498026476498,64.24580536676338,77.22008557492983
120.0,120.0,120.0,120.0,120.0,120.0,120.0,120.0,120.0,120.0,55.60501345790303,102.3626377902374,102.96944321709884,103.89452448028086,104.19130427017974,104.43269117221878,103.18129741180444,102.60450996022705,102.33460324087743,98.7612298793882,63.25853858722758,58.29752746946267,58.41653107528769,63.60255715763909,76.84857697750822
120.0,120.0,120.0,120.0,120.0,120.0,120.0,120.0,120.0,120.0,62.99543587222055,102.34532607588406,103.91767036622394,103.73986804112589,104.16066581840123,104.07377718080873,104.16034681139222,103.06857737856333,102.32174996536804,98.68326473300394,62.8527767341306,57.62928989581179,57.66534324406173,62.9791077756349,76.49247717803088
120.0,120.0,120.0,120.0,120.0,120.0,120.0,120.0,120.0,120.0,64.87192415402633,99.6882971212801,104.20584782402914,104.63375798756991,104.16857057350973,104.23420029828699,103.88604075407827,103.86961903574186,102.69259702437967,98.61094140527373,62.46122127342945,56.97686380796976,56.93242639191869,62.373907770674116,76.15128068018846
120.0,120.0,120.0,120.0,120.0,120.0,120.0,120.0,120.0,120.0,47.846035206801275,98.71732323476664,101.73040680573143,104.96990729973844,104.93721533108574,104.37979939016398,104.19287518138204,103.65751589720558,103.33029083166865,98.85221151253558,62.08366871847217,56.33904698085302,56.217164150504466,61.78788236976024,75.82390212487662
120.0,120.0,120.0,120.0,120.0,120.0,120.0,120.0,120.0,120.0,32.39009986317942,99.56149519684243,100.56617275137681,102.83535376464253,105.25915314888653,105.01214072441859,104.44304089008502,104.06522454017069,103.16434782903163,99.33369530593565,62.09247774276636,55.71556390920632,55.51873278477992,61.22087183505507,75.51086830105687
120.0,120.0,120.0,120.0,120.0,120.0,120.0,120.0,120.0,120.0,43.37537031417487,101.61886354765169,101.13091647366694,101.83206398773036,103.48380868463656,105.31447440896345,104.95102037245296,104.38554211643942,103.62723369406683,99.20353334002337,62.45749016001945,55.30384867678762,54.83706781691466,60.672266529727246,75.21186093100539
120.0,120.0,120.0,120.0,120.0,120.0,120.0,120.0,120.0,120.0,49.28914498684602,102.08445168089858,103.1947344255983,102.20710733370088,102.73484652099063,103.87850489113713,105.2441386214979,104.78862687192725,103.9917395472795,99.66166737438122,62.15110430219043,55.09540377103634,54.26913798637854,60.14198593112038,74.92632267187281
120.0,120.0,120.0,120.0,120.0,120.0,120.0,120.0,120.0,120.0,50.45123247776966,99.21215676435291,104.01852803346036,103.87733273409823,102.98027281581953,103.38910012979015,104.11834722593898,105.08661297781937,104.31427948729055,100.12461379916479,62.605427815864395,54.53805826781958,53.800278333555845,59.67840136680506,74.65407237707154
120.0,120.0,120.0,120.0,120.0,120.0,120.0,120.0,120.0,120.0,34.98162974621005,97.78422512092301,101.70376799049245,104.65000581407507,104.19327712046464,103.54007593208034,103.85489156740255,104.23580750101112,104.62896495294075,100.42042032901868,63.364426945198026,54.41190869907763,53.13931852249766,59.26169019667074,74.4217966727282
120.0,120.0,120.0,120.0,120.0,120.0,120.0,120.0,120.0,120.0,20.150615305115096,98.39763212385718,100.33242586284125,102.8470031756183,104.8177755231877,104.34342179750148,103.93869550669655,104.15279759282623,104.0237332885578,100.79445760765392,63.80564655498023,54.62801440412697,52.7000998472657,58.72889672235978,74.20644904962509
120.0,120.0,120.0,120.0,120.0,120.0,120.0,120.0,120.0,120.0,37.04556897344964,100.5110422604173,100.68121199399171,101.81536573778784,103.42656414493423,104.81343829579504,104.41364997416878,104.19380583606402,104.07452528587834,100.48658160326637,64.39395200070985,54.66264060631659,52.50621540832694,58.31546112691081,73.90961800838139
120.0,120.0,120.0,120.0,120.0,120.0,120.0,120.0,120.0,120.0,36.38175733743201,101.48897229090637,102.63885088654925,102.04610492615289,102.74783222209766,103.74301767684567,104.75353876137929,104.42535471040864,104.09918169691258,100.65307761994633,64.33503391986453,54.779927205501565,52.21304370703839,58.04937326049972,73.69145360741577
120.0,120.0,120.0,120.0,120.0,120.0,120.0,120.0,120.0,120.0,33.914831791856656,98.0060536246207,103.84109693959601,103.56986241588314,102.91858835186956,103.36191515584935,103.93250771509585,104.67005120815844,104.1688463207832,100.74622915079154,64.7809216805844,54.71679600153881,51.94472720034564,57.70899754618591,73.54853852976198
120.0,120.0,120.0,120.0,120.0,120.0,120.0,120.0,120.0,120.0,15.093949195873353,97.06347340806259,101.1045030397039,104.61304788215739,104.01120227305856,103.49079526124399,103.772869437724,104.0411045539021,104.3530584608047,100.726515667831,65.15821242266617,54.97832429382,51.66253412388852,57.36528752888423,73.33901077353413
120.0,120.0,120.0,120.0,120.0,120.0,120.0,120.0,120.0,120.0,15.014337840768393,97.95769063055552,100.29086234090454,102.49356888888663,104.84137322126983,104.2220782135828,103.86680655605886,104.03022567275465,103.87733446222647,100.8902609337986,65.14168878917067,55.27396076712474,51.607138716908075,57.038463520852154,73.12073855900431
120.0,120.0,120.0,120.0,120.0,120.0,120.0,120.0,120.0,120.0,31.191701356853326,100.3897468356,100.96870261170903,102.00274577711092,103.1949739666535,104.85961173017077,104.3171167307598,104.09427075928042,103.95322797321752,100.58454802191099,65.37080988265738,55.254807609938084,51.633875075896775,56.8576623564597,72.91067569608425
120.0,120.0,120.0,120.0,120.0,120.0,120.0,120.0,120.0,120.0,29.673173720761692,99.92367320915099,103.12002081722902,102.52809061553845,103.0069500288427,103.57681521377012,104.79944224890397,104.33695379146191,103.99543208514878,100.6928393694627,65.16030967646618,55.32938544005625,51.48870670674965,56.74431503966504,72.79522178605683
120.0,120.0,120.0,120.0,120.0,120.0,120.0,120.0,120.0,120.0,22.28536800593219,96.14922727565789,103.03989011353363,104.15404764418537,103.41902192771418,103.6278346138322,103.80094286232823,104.70342068001833,104.09463645334579,100.75015709394192,65.38421164888254,55.27111971012205,51.37852874066756,56.53852295652096,72.71303694202649
120.0,120.0,120.0,120.0,120.0,120.0,120.0,120.0,120.0,120.0,15.009285193868525,95.50231567206076,100.12293092979058,104.15449107792755,104.57029003334277,103.94623804534656,104.01708122887412,103.92710690829142,104.37807464653606,100.74697837618778,65.57348110427269,55.43937197425148,51.262417182601624,56.35703984938469,72.5676821998006
120.0,120.0,120.0,120.0,120.0,120.0,120.0,120.0,120.0,120.0,15.008512763261791,97.23734380080754,99.45285987964463,101.96620459568544,104.58436959061812,104.71535942619155,104.25604672666407,104.24153279646166,103.77858755932809,100.97415792150878,65.5082737091962,55.615613183048495,51.2860880205534,56.20353208542258,72.44197835281841
120.0,120.0,120.0,120.0,120.0,120.0,120.0,120.0,120.0,120.0,23.650462893476423,98.381293965042,100.77170398923165,101.5452990801146,102.95596189392059,104.73476421079957,104.73286884285639,104.41424885797606,104.13371878438852,100.54956091280022,65.7689802553371,55.56397644870735,51.34308647982064,56.142807845240036,72.3375086399608
120.0,120.0,120.0,120.0,120.0,120.0,120.0,120.0,120.0,120.0,15.398128151128653,97.91650668070663,101.63872158464783,102.46833984421123,102.78317349875752,103.5350294614841,104.76451954695368,104.67600000779275,104.25707551551498,100.87865326382746,65.35077417020509,55.65544590467747,51.26208524931203,56.11566924521482,72.29674349863704
120.0,120.0,120.0,120.0,120.0,120.0,120.0,120.0,120.0,120.0,15.012777967532188,95.71285900373638,101.51992184543772,102.96757021001294,103.40460411369845,103.55597557900313,103.89406490738064,104.72997176846505,104.36898248951537,101.01801665479633,65.79772213683904,55.47169089222633,51.23052830755707,56.01270798100517,72.27266246690685
120.0,120.0,120.0,120.0,120.0,120.0,120.0,120.0,120.0,120.0,15.007687601663791,96.37506383027412,99.89403850329496,102.95797870806493,103.60091882852566,103.95072808320965,104.04483204564244,104.10855166116455,104.45016405687853,101.01567882519052,66.13052574706826,55.72999031870108,51.104161892598334,55.93429932014929,72.1981402439785
120.0,120.0,120.0,120.0,120.0,120.0,120.0,120.0,120.0,120.0,15.00837673716811,96.57739791386415,100.47411794758801,101.79826879815379,103.63871205498863,103.92835990351524,104.27356654186335,104.33313400853619,104.01782163581224,101.13221170931163,66.04652402886258,56.00155949787978,51.20369306584958,55.82541082213595,72.1411504818878
120.0,120.0,120.0,120.0,120.0,120.0,120.0,120.0,120.0,120.0,15.014516798270282,96.32307737043922,100.66797946908841,102.33329022444268,102.81551964391272,103.99813391213522,104.10780147829716,104.44563448934396,104.27012067046687,100.8847975433055,66.22214640299796,55.92716874746598,51.34710324834855,55.84398147984795,72.06797739710706
120.0,120.0,120.0,120.0,120.0,120.0,120.0,120.0,120.0,120.0,15.008170990312363,95.88637935835375,100.40365958424756,102.3989349681208,103.30246626395528,103.41186680971336,104.20631154523782,104.19694550705064,104.30914195352096,101.12557355844982,66.10896691838995,55.99186776405849,51.270533273499225,55.897027387660316,72.0808620684956
120.0,120.0,120.0,120.0,120.0,120.0,120.0,120.0,120.0,120.0,15.007417784525794,95.55277014496542,100.15393758169559,102.14656675703135,103.27642722704617,103.84119101791688,103.78431547397992,104.32369792073494,104.02490764397078,101.15260663225095,66.50977701860279,56.03725516265479,51.24233941582423,55.814188846549484,72.10423529450594
120.0,120.0,120.0,120.0,120.0,120.0,120.0,120.0,120.0,120.0,15.006923565765623,95.30985125331551,99.91875125516445,102.02475117039599,103.02536309423884,103.75584724994982,104.14623258112883,104.01159498404989,104.17444437228241,100.85157304056442,66.6351493623143,56.34764168616873,51.27224596598783,55.75088837649512,72.03608725583025
120.0,120.0,120.0,120.0,120.0,120.0,120.0,120.0,120.0,120.0,15.008349821522229,92.84814930266528,99.6987390308059,101.84243938804873,102.99762406787728,103.51123227608385,104.0286749376399,104.30189367711414,103.93733952637267,101.008912027584,66.18254320282475,56.50710962329483,51.45175989650908,55.7448697159617,71.98495085216152
120.0,120.0,120.0,120.0,120.0,120.0,120.0,120.0,120.0,120.0,15.0058364165336,94.9467977638343,99.53146679507206,101.63719557080668,102.84423902438812,103.55396218850933,103.79783699412961,104.17355415782055,104.15510868542326,100.8609885410578,66.39150461981161,56.26593913723064,51.56074147566708,55.82516588351143,71.97214771054409
120.0,120.0,120.0,120.0,120.0,120.0,120.0,120.0,120.0,120.0,15.006816217962038,94.36590565847271,99.64495444781254,101.48348854476511,102.64740960355974,103.41130796856386,103.8902379456608,103.9613615440732,104.03222319346584,100.97886361789075,66.34195575245883,56.39539156328532,51.43868888554118,55.86747398154736,72.013212643646
120.0,120.0,120.0,120.0,120.0,120.0,120.0,120.0,120.0,120.0,15.008468221969347,88.53940235741372,99.00221353508985,101.63326525146903,102.51595872969635,103.22378353636094,103.74890482722053,104.0858161578195,103.84204237575588,100.87969793306661,66.42179533305016,56.489632002226756,51.50561759826409,55.78067581389764,72.02218401823008
120.0,120.0,120.0,120.0,120.0,120.0,120.0,120.0,120.0,120.0,15.009858440492408,73.63748104867595,99.09872323759743,100.9996196204941,102.64657169542654,103.11870748221097,103.57159060691717,103.94093217565707,103.97990555926208,100.70170584547022,66.29519517192988,56.54738176746843,51.6159068653095,55.805075490063565,71.9529154055804
120.0,120.0,120.0,120.0,120.0,120.0,120.0,120.0,120.0,120.0,15.010550087515833,60.34378780391418,99.74426332235608,101.08600376824039,102.06271100695963,103.21521875442801,103.49502694629902,103.77538865600665,103.8323871589094,100.83062653566213,66.03222527277475,56.48970132617279,51.67268531472828,55.87819353919291,71.96422500020947
120.0,120.0,120.0,120.0,120.0,120.0,120.0,120.0,120.0,120.0,15.006138845174284,70.12221590062745,100.83864778382224,101.79464955239716,102.1435249958723,102.688440859952,103.55430013598094,103.72704754213919,103.67734977172749,100.69141621505693,66.19797374481507,56.35302396420483,51.65788910680698,55.91111268981367,72.0040182387934
120.0,120.0,120.0,120.0,120.0,120.0,120.0,120.0,120.0,120.0,15.007142509272933,78.2052834580694,101.05064407155713,103.0502242310901,102.77662136384765,102.76551040203276,103.08280947171858,103.74977001561548,103.6528476415487,100.51129441165074,66.02640585355695,56.46421255300011,51.60832739213152,55.903157100486006,72.01751385175761
120.0,120.0,120.0,120.0,120.0,120.0,120.0,120.0,120.0,120.0,15.009118910434832,82.2270657632764,98.13539276292188,103.62849944041325,103.89331090993973,103.29328118262478,103.15904726833637,103.33088926179285,103.64285941982217,100.49297054855063,65.6812942573721,56.40305797485875,51.69322016428721,55.885361233688414,72.00643375055667
120.0,120.0,120.0,120.0,120.0,120.0,120.0,120.0,120.0,120.0,15.011077822417596,69.44019504177308,96.82553561416574,101.32293507682279,104.52576284628782,104.20572252510598,103.57890536680182,103.40669167109134,103.26940532775669,100.45048933155483,65.60869290004601,56.170869819384585,51.701044210907654,55.94732755817502,71.99468691536988
120.0,120.0,120.0,120.0,120.0,120.0,120.0,120.0,120.0,120.0,15.012131960089258,53.699598280138105,97.44975714525683,100.04106730708413,102.76445369649825,104.8054603488546,104.28538359787733,103.72619490071301,103.34039486446062,100.08377120046266,65.50753814904877,56.10478012827032,51.590671016700625,55.9720296811404,72.03706584714945
120.0,120.0,120.0,120.0,120.0,120.0,120.0,120.0,120.0,120.0,15.006965995249594,62.170212047498644,99.60876179453669,100.29768454135736,101.78827536616872,103.47897328050018,104.8228431040622,104.24672112793256,103.57177990339827,100.10122809107469,64.90901896235287,56.04072734746794,51.56853237399091,55.92594333999228,72.05307098564337
120.0,120.0,120.0,120.0,120.0,120.0,120.0,120.0,120.0,120.0,15.008160144763771,68.06144343766957,100.60435138012521,102.12703706118613,101.90092044639272,102.82683044086228,103.83840406763589,104.712968421221,103.93261947066914,100.25774596244332,64.76660984974653,55.650249985796975,51.563586276703774,55.9355167048572,72.02989367544617
120.0,120.0,120.0,120.0,120.0,120.0,120.0,120.0,120.0,120.0,15.01041836784763,70.83648618266916,97.70567196647839,103.25838598837747,103.24668311700279,102.88448976725907,103.46780258333078,103.99562677364135,104.32830383894306,100.46348301812912,64.88935425665119,55.467704703927346,51.37277614146936,55.9636982284239,72.0488133361063
120.0,120.0,120.0,120.0,120.0,120.0,120.0,120.0,120.0,120.0,15.012502029003286,58.185330516266276,96.12993040216584,101.14195543806662,104.1877165560225,103.80642519964825,103.50678642162809,103.84592781119122,103.81801092063405,100.78712413313038,64.98446284083305,55.473648832944185,51.26516005428067,55.88817941583878,72.07874117556167
120.0,120.0,120.0,120.0,120.0,120.0,120.0,120.0,120.0,120.0,15.013492107370274,44.63734905349236,96.6165132064942,99.81934894218587,102.61521771562873,104.5285215320474,104.0963960998159,103.88211980926812,103.82356547607752,100.46395724750974,65.29761285044707,55.39647483198791,51.270734944696436,55.85722627568478,72.04784239101505
120.0,120.0,120.0,120.0,120.0,120.0,120.0,120.0,120.0,120.0,15.00766095314781,55.489870034114695,98.89955460928232,100.00923752947008,101.69515806791078,103.33706239478181,104.63241680463946,104.22625918936343,103.86530303010358,100.55480679645663,64.97994280027453,55.40628378107401,51.19405589782173,55.89571063605725,72.05530072709517
120.0,120.0,120.0,120.0,120.0,120.0,120.0,120.0,120.0,120.0,15.009115197868342,60.64018351549788,100.02406212872181,101.85003908187512,101.79522452859366,102.76880407035348,103.71851280399785,104.6207778975941,104.03832187965263,100.6411540862265,65.1641892299204,55.178222890220326,51.109068366958944,55.86919058144005,72.10315709851537
120.0,120.0,120.0,120.0,120.0,120.0,120.0,120.0,120.0,120.0,15.011780603411125,62.51137807061543,96.90500259444377,103.00698799170434,103.11937541312643,102.84192165356318,103.42318192389722,103.91683935570589,104.33327738132411,100.68989245896512,65.41455296623862,55.25923092847263,50.92658392405422,55.808744096842005,72.10124579866573
120.0,120.0,120.0,120.0,120.0,120.0,120.0,120.0,120.0,120.0,15.014079378979377,49.25226722373388,95.2487859337031,100.7875971776559,104.04721971058983,103.74040945487675,103.48544054119078,103.81637232036935,103.79541418161708,100.91591262446099,65.40248821074064,55.45780769035127,50.921328108233716,55.69479526438101,72.07208267651448
120.0,120.0,120.0,120.0,120.0,120.0,120.0,120.0,120.0,120.0,15.014975665433608,36.87123099811296,95.82949386598243,99.43395454484782,102.42343917597775,104.44067611326821,104.05720417588655,103.87056624616223,103.81927217669603,100.54555387393302,65.62991023032208,55.42134603537221,51.022620282857226,55.67923587889986,72.00768766740889
120.0,120.0,120.0,120.0,120.0,120.0,120.0,120.0,120.0,120.0,15.008398636459203,49.55803021907743,98.3476310100477,99.68136305067225,101.50020724857427,103.22311560295847,104.57388792280491,104.2010778066534,103.86716930745489,100.62033543298914,65.26708966348635,55.4639542171067,50.977956087889716,55.731608983630196,72.01008031016961
120.0,120.0,120.0,120.0,120.0,120.0,120.0,120.0,120.0,120.0,15.010117358679242,53.86385605733035,99.6251445221893,101.63055576025,101.63698169631587,102.66258567264434,103.64770011465292,104.58104720421609,104.02736442867375,100.69177314169578,65.41105779499873,55.285711107175295,50.93289664195656,55.691196129868956,72.04775180309639
120.0,120.0,120.0,120.0,120.0,120.0,120.0,120.0,120.0,120.0,15.013187737446845,55.067522354109684,96.23734916011537,102.86028500256461,103.00505547342141,102.75794613228504,103.3626982599352,103.87245584684418,104.31055558700118,100.72135946321914,65.61451543215028,55.38871655365685,50.814660132437524,55.6338561340758,72.01923274583466
120.0,120.0,120.0,120.0,120.0,120.0,120.0,120.0,120.0,120.0,15.015641093615178,41.5211292186102,94.43713081947874,100.53585313146633,103.96596857351275,103.67060216960478,103.43694396789823,103.78114830967712,103.77090367186166,100.93224466767317,65.56158327004654,55.58062186041511,50.85585633270318,55.550262231547016,71.97914026160187
120.0,120.0,120.0,120.0,120.0,120.0,120.0,120.0,120.0,120.0,15.01636305484022,30.36914651290344,95.0803231030858,99.11574260049275,102.30352354055117,104.38536262326357,104.00957216028044,103.84020461939676,103.80081005249882,100.55559692853633,65.76043534898196,55.535255193197514,50.97838765017641,55.56068246297165,71.92448250897907
120.0,120.0,120.0,120.0,120.0,120.0,120.0,120.0,120.0,120.0,15.009144888604267,44.6865985850177,97.83470988927621,99.38946704756277,101.35819181980132,103.15788652942133,104.5319744933792,104.16605645953389,103.84837290458152,100.62908021260913,65.3785470721743,55.57590518157038,50.95050168964537,55.626808130613135,71.93588782693115
120.0,120.0,120.0,120.0,120.0,120.0,120.0,120.0,120.0,120.0,15.011131477346549,47.95396578319111,99.27295805089159,101.43237920025126,101.50864850946691,102.59648479582573,103.60865606793378,104.54762542433318,104.00163340446893,100.69328772120286,65.50842777287959,55.396939657148884,50.925497737404434,55.600987038049766,71.97709668967104
120.0,120.0,120.0,120.0,120.0,120.0,120.0,120.0,120.0,120.0,15.014497498948453,48.35599373393368,95.60675803296935,102.73150792735723,102.9071002324525,102.69940845271584,103.33188259478341,103.84709508336523,104.2841947817922,100.71228382400894,65.6886910080862,55.496711893703,50.8258717254102,55.562740783752034,71.95466657181566
120.0,120.0,120.0,120.0,120.0,120.0,120.0,120.0,120.0,120.0,15.016847926281221,34.47964749241819,93.68996964608645,100.29563463890285,103.89580263203409,103.6164028988806,103.41022721814127,103.76686416053796,103.75372528060768,100.91910717483796,65.60933259564474,55.67619988390382,50.8805448396899,55.49820905754023,71.92481614750226
120.0,120.0,120.0,120.0,120.0,120.0,120.0,120.0,120.0,120.0,15.017387828062795,24.87908077389233,94.42634626893671,98.83267241310831,102.18622762980995,104.34030664223093,103.97748811301147,103.82795540361444,103.79433041655855,100.54905448552555,65.79270325860412,55.614207021390165,51.0085669169926,55.524442419139035,71.88120248756181
120.0,120.0,120.0,120.0,120.0,120.0,120.0,120.0,120.0,120.0,15.00968376012144,40.2720324328098,97.42412930637848,99.15985381569519,101.23563870796839,103.09321426528604,104.50095713292531,104.1459514911352,103.84257844307682,100.63030837731782,65.41236373531063,55.64427732872988,50.98152386411938,55.60155162252636,71.9020219398217
120.0,120.0,120.0,120.0,120.0,120.0,120.0,120.0,120.0,120.0,15.011746072343831,42.541124728647816,98.9542774765949,101.29981507122423,101.42015272896671,102.54255710062893,103.5707473019201,104.5256067440088,103.98841231190404,100.69322267418691,65.54737420195734,55.46432059463749,50.95911261633242,55.5837913370285,71.94995401344094
120.0,120.0,120.0,120.0,120.0,120.0,120.0,120.0,120.0,120.0,15.015376877459945,42.572184866169906,95.04703394382724,102.61898427079706,102.85297192274234,102.6675739414458,103.31018977962076,103.82421006729759,104.26838867541291,100.70547284001778,65.72040023333858,55.56492454212101,50.86596811310828,55.554206179967295,71.93293785674905
120.0,120.0,120.0,120.0,120.0,120.0,120.0,120.0,120.0,120.0,15.018941240503182,30.09622525597593,93.01924952280413,100.10672062290556,103.83636954258772,103.5928144209217,103.40252322773935,103.76065458413322,103.73972249879455,100.90972820687688,65.62802613904569,55.73705081639297,50.92638651769451,55.49986217928127,71.90933469934916
120.0,120.0,120.0,120.0,120.0,120.0,120.0,120.0,120.0,120.0,15.022307230601575,23.526091632501878,93.76842381565031,98.60727187555722,102.10956614826297,104.30357609997343,103.96749299960031,103.83013842367473,103.7952492309913,100.5421102199756,65.80538698786889,55.66458194412628,51.05386352502579,55.53469196335435,71.87299224822043
120.0,120.0,120.0,120.0,120.0,120.0,120.0,120.0,120.0,120.0,15.01079027299785,36.04854435778727,96.72490416602797,98.91577321879575,101.15629829404392,103.0631022422224,104.47699158315478,104.14225096566402,103.8481468739237,100.63539039865263,65.42741819128449,55.689827234606376,51.0235333384084,55.61566634214787,71.89975175704213
120.0,120.0,120.0,120.0,120.0,120.0,120.0,120.0,120.0,120.0,15.013776961411049,37.56919918905592,98.00310792793664,100.92478795048558,101.31436226849061,102.52250231836813,103.5632935518409,104.5099430888492,103.98758456844546,100.70075589610059,65.57661579915782,55.51082539039307,51.00108334734835,55.59954151877296,71.95040652061697
120.0,120.0,120.0,120.0,120.0,120.0,120.0,120.0,120.0,120.0,15.019604526516583,36.82894903507569,94.5947734830171,102.00487243339833,102.60829546062166,102.61966699399733,103.31594056221661,103.82851390660134,104.25848956266819,100.70715666690545,65.75113721440299,55.61836493883903,50.9111836837875,55.57323472020487,71.93485012913258
120.0,120.0,120.0,120.0,120.0,120.0,120.0,120.0,120.0,120.0,15.026062326924116,25.96677837159074,92.7615326786259,99.87890596406362,103.38762313424958,103.42106513175514,103.38153045251799,103.77713243738746,103.75003985264162,100.9055426558814,65.64897840619508,55.78963715701692,50.977035802012104,55.52373745232236,71.91393643486413
120.0,120.0,120.0,120.0,120.0,120.0,120.0,120.0,120.0,120.0,15.027136387007776,18.458685504733047,93.41500549193977,98.58284362583854,101.95831314177448,103.96262269175115,103.84343736819109,103.82226120574637,103.81532809721283,100.5572406165425,65.81968605344534,55.70927131782064,51.104772394352544,55.563779639745015,71.88123299771819
120.0,120.0,120.0,120.0,120.0,120.0,120.0,120.0,120.0,120.0,15.01282799291463,33.42980286760877,96.1258196940421,98.84497141955256,101.15718947169084,102.9538933768983,104.21543033892654,104.05206029565745,103.84692103530136,100.6592444593454,65.47005697639305,55.7306604290428,51.06997415755572,55.646237476750635,71.91152775582239
120.0,120.0,120.0,120.0,120.0,120.0,120.0,120.0,120.0,120.0,15.01356148706124,31.44695783818381,97.82445903723125,100.64534792907561,101.28334394227657,102.5093990287831,103.48294189888135,104.30997299480917,103.92248680126325,100.70604863181562,65.63541136943266,55.569037989454735,51.04592849307898,55.62836289639229,71.96295900311024
120.0,120.0,120.0,120.0,120.0,120.0,120.0,120.0,120.0,120.0,15.012705248183407,28.274509202576013,94.03813484329687,101.99483230613691,102.43594594239005,102.57919211734207,103.28301998023413,103.7697116821402,104.1067074132033,100.66320703177959,65.78520909346949,55.688441838597775,50.96619746466566,55.60207343988198,71.94619761627311
120.0,120.0,120.0,120.0,120.0,120.0,120.0,120.0,120.0,120.0,15.010988815970649,15.074685355987576,92.65826905016688,99.64597517974725,103.41582826781186,103.29756165564812,103.32316484517136,103.72746915777468,103.70675641910297,100.79064104482661,65.62124751248246,55.84585844846324,51.03960860686946,55.55903341562998,71.92550227397875
120.0,120.0,120.0,120.0,120.0,120.0,120.0,120.0,120.0,120.0,15.009338848310273,15.016449161138201,93.82035698822168,98.73861684932614,101.82488126368466,104.00032696761487,103.74648879491491,103.74866068841419,103.75399095768567,100.5184131304804,65.69871504786761,55.733582566327016,51.16003955249608,55.603534953835194,71.89692424478532
120.0,120.0,120.0,120.0,120.0,120.0,120.0,120.0,120.0,120.0,15.0097619643989,31.996576083770325,97.08563476660302,99.41572976795523,101.34243188297982,102.85993878203676,104.25089751495013,103.97158504665566,103.76251937304285,100.58652314240972,65.42488750751865,55.7101470667789,51.11039417201734,55.68151914075321,71.92934242132308
120.0,120.0,120.0,120.0,120.0,120.0,120.0,120.0,120.0,120.0,15.006976543793181,28.048582365881163,97.63357268887285,101.57073530801853,101.78975248366166,102.6788051312955,103.40496923796505,104.3369752679117,103.8520464928917,100.59876798401082,65.52616060554088,55.58588218946802,51.07063089561587,55.65640143900136,71.97724118958189
120.0,120.0,120.0,120.0,120.0,120.0,120.0,120.0,120.0,120.0,15.005401348569167,20.282312927185934,92.58410535927933,102.16906536886793,103.19574990683742,102.99862276207037,103.42600348410566,103.69679588856467,104.12113077713389,100.58298757153199,65.58446414601008,55.66176911221388,51.01548238743502,55.62622964377034,71.95642751828788
120.0,120.0,120.0,120.0,120.0,120.0,120.0,120.0,120.0,120.0,15.005014829266123,15.007486672164736,91.65822434208438,98.99623389422806,103.67145286841648,103.9087824076687,103.66219068619563,103.84281152021141,103.6323765620372,100.77812508020271,65.45617951559782,55.73664756735898,51.070016250442244,55.602004018691254,71.93577987416897
120.0,120.0,120.0,120.0,120.0,120.0,120.0,120.0,120.0,120.0,15.004382339152176,15.006071355642083,94.30597168289636,98.30921254389438,101.54239089968773,104.26983607711,104.23278905081186,104.01808961111423,103.8416148659154,100.42443053430554,65.62472654256344,55.63092059975144,51.138284760504995,55.64098760800065,71.92191111728233
120.0,120.0,120.0,120.0,120.0,120.0,120.0,120.0,120.0,120.0,15.007068388660592,30.34977156646692,96.30306125258285,99.91244898521792,101.20229936222971,102.78450516642692,104.50990782277566,104.35321849378062,103.9727481815863,100.62525906297309,65.2323510952991,55.655556610759504,51.08615042244782,55.6915180379902,71.95204620028738
120.0,120.0,120.0,120.0,120.0,120.0,120.0,120.0,120.0,120.0,15.004697869477408,21.049455953805175,96.26207481682613,101.09585187154056,102.21577975048001,102.71236290058457,103.45617211055001,104.57523254874033,104.14664656077663,100.75631793147411,65.47778651176911,55.451582351019255,51.07116888920593,55.6680689597688,71.98564533049093
120.0,120.0,120.0,120.0,120.0,120.0,120.0,120.0,120.0,120.0,15.003858006022364,15.014194911666547,91.38839479412407,101.36525935199745,102.83877125476252,103.36942236398022,103.5680099840816,103.82558142652279,104.3351771969707,100.80826519350704,65.7336670451788,55.57563183952913,50.968571535442095,55.655172747703325,71.97039611599297
120.0,120.0,120.0,120.0,120.0,120.0,120.0,120.0,120.0,120.0,15.003580572504044,15.00454858410165,92.09940240544348,98.25001855001878,103.14695248168722,103.6278391020176,103.99257786641763,104.05016681233079,103.80742744291369,100.97990551394422,65.70615501418179,55.7660107894789,51.02825486214972,55.60483592435887,71.96283438365734
120.0,120.0,120.0,120.0,120.0,120.0,120.0,120.0,120.0,120.0,15.00324908143111,15.004372222494167,94.60055551525619,98.69124262894012,101.0482784895792,103.92712412831378,104.01590919317745,104.31789048941388,104.08633484294162,100.65138884497446,65.89980794175277,55.70959459667493,51.147709720549784,55.641210338718366,71.93353632612879
120.0,120.0,120.0,120.0,120.0,120.0,120.0,120.0,120.0,120.0,15.005027282222114,23.735577078514048,95.26621152795283,100.15755211190947,101.46278879133013,102.45870633433921,104.30381172857102,104.19612642396234,104.25164368570418,100.9309703640792,65.64018141579479,55.753495250160526,51.10389794810521,55.714957653600166,71.96403070283846
120.0,120.0,120.0,120.0,120.0,120.0,120.0,120.0,120.0,120.0,15.003601087749951,15.022705016940677,94.71286465937236,100.53614212686162,102.33224254569795,102.87655884041509,103.25263987327773,104.47845921170398,104.05000343219345,101.07086557110742,66.0769707115932,55.672960626557725,51.077856264786135,55.683003839640094,72.00973981764625
120.0,120.0,120.0,120.0,120.0,120.0,120.0,120.0,120.0,120.0,15.00312042558436,15.00640120367645,91.59496320979649,100.46682723772153,102.45168920692264,103.39164632579977,103.66182877571384,103.7140914816079,104.32964367187404,100.8218056862626,66.37015803337773,55.97270992833195,51.03831093096624,55.645746462550925,71.98219176330637
120.0,120.0,120.0,120.0,120.0,120.0,120.0,120.0,120.0,120.0,15.002960966879423,15.00385921966682,92.80430868128329,98.48167986645316,102.56706802477507,103.32775978211568,103.95631567801077,104.09575458689741,103.77059558555072,101.09187274663587,65.9743151959986,56.225239466409136,51.20617793261741,55.61679134547073,71.95223126548312
120.0,120.0,120.0,120.0,120.0,120.0,120.0,120.0,120.0,120.0,15.002911606399175,15.00361176670808,93.71801971934305,99.23896665578405,101.24153403917602,103.53547700466623,103.77226321224727,104.2524528943814,104.10587318302206,100.73843738768167,66.3190628455437,55.99997460433736,51.368764636858806,55.70343087830348,71.92970029633658
120.0,120.0,120.0,120.0,120.0,120.0,120.0,120.0,120.0,120.0,15.003384135842653,15.01826831970639,93.78009704563848,99.68649916505707,101.8085743397489,102.61272178480809,104.03421051808249,103.9971349932296,104.18223300155921,100.97850905857915,66.09259921867563,56.17005043069444,51.25012938378288,55.78800179205855,71.98161652240847
120.0,120.0,120.0,120.0,120.0,120.0,120.0,120.0,120.0,120.0,15.002858956265161,15.005582625390804,93.34899017739973,99.71316396082294,101.99271946566559,103.0707606312357,103.3695418412106,104.29145054904792,103.89437552083298,101.04319291742156,66.37040030558047,56.194929568379074,51.312153779872624,55.70641871051141,72.02064440292128
120.0,120.0,120.0,120.0,120.0,120.0,120.0,120.0,120.0,120.0,15.002682878648214,15.004034713980321,92.83466404935125,99.58274105039429,101.94769628768319,103.1119961216367,103.74719056838829,103.79684305642702,104.20123793780327,100.73941881473363,66.51621272575487,56.393414503833846,51.38367794188465,55.71888379965215,71.95325102499399
120.0,120.0,120.0,120.0,120.0,120.0,120.0,120.0,120.0,120.0,15.002743331441525,15.003345424238114,92.54027799399482,99.29588249955397,101.95125793990178,103.00983672004212,103.71373050807871,104.10514587416924,103.82506774707512,101.02907399337683,66.06063245112267,56.53654411961762,51.51995859298027,55.76661958712512,71.95340211336064
120.0,120.0,120.0,120.0,120.0,120.0,120.0,120.0,120.0,120.0,15.003013317949232,15.003132938021633,92.43950255820282,99.07216210015852,101.77602373047172,103.08761637334396,103.57368130455437,104.03927480622731,104.0669276435879,100.78474224474466,66.42664634026883,56.293219708063674,51.62773512917068,55.84174028183402,71.97439326986965
120.0,120.0,120.0,120.0,120.0,120.0,120.0,120.0,120.0,120.0,15.002379137887576,15.003390029070747,92.3902506410863,98.9673705982666,101.60221607055026,102.96810429726551,103.69696200566494,103.87774529448603,103.99621612870993,100.92323565635724,66.27970225254046,56.4947953304979,51.522399771841535,55.900156400928154,72.0136893466597
120.0,120.0,120.0,120.0,120.0,120.0,120.0,120.0,120.0,120.0,15.002453774714505,15.002911097623702,92.26490335853967,98.88541557894223,101.50761347199737,102.82552853313086,103.60205311451425,104.02801462857568,103.82700383967385,100.88295322918736,66.37534002229239,56.53871640474847,51.63142742323679,55.84192834737952,72.03676283656873
120.0,120.0,120.0,120.0,120.0,120.0,120.0,120.0,120.0,120.0,15.002725536036646,15.002769316105415,92.08201902836366,98.77994922012519,101.41520771110106,102.75204685655409,103.48040661681381,103.941453219498,103.98736364870544,100.70765436866806,66.36068559070208,56.59742953835612,51.721116900637064,55.899843800024804,71.98830136292018
120.0,120.0,120.0,120.0,120.0,120.0,120.0,120.0,120.0,120.0,15.003217586863881,15.002732973567351,91.8882864255161,98.65244122156268,101.3132564763793,102.65543975863166,103.43192690267566,103.83381179179085,103.90404192021123,100.85495838323594,66.10156725262294,56.62266721780134,51.77815230939484,55.96843902577829,72.02139635385097
120.0,120.0,120.0,120.0,120.0,120.0,120.0,120.0,120.0,120.0,15.003800050736107,15.003104479413814,91.62296171011276,98.51296558476776,101.20742161510623,102.55483816142132,103.3339839299796,103.81097634544659,103.80426477469231,100.79184742198498,66.28203901271787,56.49784870570138,51.81801086831226,56.00540911648651,72.05686374786245
120.0,120.0,120.0,120.0,120.0,120.0,120.0,120.0,120.0,120.0,15.002671359092984,15.00234667294004,91.61355215688582,98.38661355831307,101.09096208718765,102.46234784974556,103.23554645156106,103.71287674383278,103.80405824967634,100.67330484816546,66.24665670969901,56.609407530482216,51.78401235281647,56.03410500009076,72.07323508185469
120.0,120.0,120.0,120.0,120.0,120.0,120.0,120.0,120.0,120.0,15.003110994157549,15.002583208959646,91.45141132105057,98.29226185606561,100.97801843523956,102.35631017827,103.15327606117229,103.6173583795271,103.70719631107428,100.68463600714068,66.03027736362323,56.63941903273304,51.86570524529574,56.02836127278601,72.08422298312819
120.0,120.0,120.0,120.0,120.0,120.0,120.0,120.0,120.0,120.0,15.003484197030351,15.00306192771958,87.44390923588591,98.1728888908859,100.8919381257404,102.25189695122424,103.05318678580106,103.54540950057802,103.6130321416002,100.59461844952283,66.02918752757331,56.510564636161035,51.923091733046604,56.08599929277122,72.07628359412911
120.0,120.0,120.0,120.0,120.0,120.0,120.0,120.0,120.0,120.0,15.003773361789536,15.00358170678042,78.15166388480671,98.10297350850645,100.77775139886391,102.16934420682448,102.95417122051838,103.44842531432056,103.55041256327603,100.47799812766823,65.91674324798959,56.50759453711889,51.876055820081504,56.1358859453073,72.11254570303629
120.0,120.0,120.0,120.0,120.0,120.0,120.0,120.0,120.0,120.0,15.00408706160968,15.003976670610518,66.97542878871788,98.53958523128918,100.70981692744024,102.05923526549618,102.87394189064229,103.35315978574582,103.45462120565118,100.40752419733548,65.69067565940018,56.471366228182376,51.89086603424425,56.12207703443706,72.14044654885906
120.0,120.0,120.0,120.0,120.0,120.0,120.0,120.0,120.0,120.0,15.003067163734153,15.002506651729071,72.19507743858264,99.31741187801659,101.16420132570548,101.99061306635792,102.7671728988544,103.27520901447905,103.3596349155637,100.29991590469336,65.53175391106548,56.327527275980046,51.908114840953495,56.14432565327237,72.13030823473409
120.0,120.0,120.0,120.0,120.0,120.0,120.0,120.0,120.0,120.0,15.00360486624353,15.002821357254952,77.18537138400956,99.848450898366,102.02381382661625,102.3840849158791,102.69630649461021,103.17061295522427,103.28193711005616,100.17713774834588,65.32920671416383,56.207346851519354,51.85507504578717,56.177451278246714,72.14778577090604
120.0,120.0,120.0,120.0,120.0,120.0,120.0,120.0,120.0,120.0,15.003974539289294,15.003386466104159,79.486985139429,97.8226793833445,102.75996263434959,103.14349251970638,103.01838123084781,103.09766784028419,103.17736718797872,100.0725993397128,65.06486680028567,56.06873337433465,51.804956042673176,56.16933428381727,72.17202567864528
120.0,120.0,120.0,120.0,120.0,120.0,120.0,120.0,120.0,120.0,15.00421280409264,15.003974575840438,70.42133374010305,96.77179969820928,101.25253343825001,103.84419322152175,103.64599550059003,103.35157560013265,103.09924539160934,99.94146203450053,64.81223287020585,55.86868246986687,51.75144518878891,56.16348566562222,72.17290629703234
120.0,120.0,120.0,120.0,120.0,120.0,120.0,120.0,120.0,120.0,15.004516477656006,15.004389464921282,59.12905220011651,97.0457079599943,100.35574753893606,102.72900206649393,104.25787879912312,103.85036604456786,103.28980114112441,99.82369597759413,64.52026006070906,55.654556000525496,51.65714232123054,56.16228658542303,72.18009357210643
120.0,120.0,120.0,120.0,120.0,120.0,120.0,120.0,120.0,120.0,15.003427857942302,15.002745618285491,65.43103540980361,98.58285093082883,100.43148879011495,102.10234266541222,103.4329442616453,104.36248235014601,103.67270918333861,99.9272842252738,64.21988333137978,55.40981796639167,51.5443456197827,56.13924524420822,72.19288976868692
120.0,120.0,120.0,120.0,120.0,120.0,120.0,120.0,120.0,120.0,15.00404729733438,15.003108502118609,70.31707633839231,99.41374774338897,101.67113993242286,102.13051536704268,103.05436633165874,103.75606436653405,104.08831645090407,100.19834045154062,64.19123255318247,55.13910084921702,51.41175517091528,56.10598630681469,72.19522018530742
120.0,120.0,120.0,120.0,120.0,120.0,120.0,120.0,120.0,120.0,15.0044487335806,15.003751203744569,72.32116803596243,97.13630542008447,102.55283099914338,103.0222174612601,103.08350575520235,103.57971419162662,103.64846330660211,100.52612601821133,64.40752890416867,54.99496587550751,51.25626014461498,56.06457950716192,72.19546157729432
120.0,120.0,120.0,120.0,120.0,120.0,120.0,120.0,120.0,120.0,15.004684086251038,15.004399551611469,62.92412964776164,95.92795382140017,100.91374385319963,103.7416116609184,103.69083951619238,103.62336700878168,103.62139713904342,100.22677526977189,64.7408941739656,54.97657558114162,51.14914769902211,56.010901263282285,72.19421589950964
120.0,120.0,120.0,120.0,120.0,120.0,120.0,120.0,120.0,120.0,15.0049966565011,15.004835669205864,52.18756799908679,96.32115872659593,99.9303946490605,102.52874899179864,104.24454370980823,104.01473971087904,103.68224460869702,100.28934247070866,64.39024960069527,55.011081458121986,51.08715170216286,55.978693035056935,72.18896708396225
120.0,120.0,120.0,120.0,120.0,120.0,120.0,120.0,120.0,120.0,15.003835189396513,15.003001851670373,59.53946477476303,98.09464232321669,100.07248121223444,101.85702596674834,103.32593840413487,104.43496814135065,103.91731219951811,100.40459834620079,64.50701538534537,54.72087483635967,51.02057314519754,55.95901712788462,72.19814483663298
120.0,120.0,120.0,120.0,120.0,120.0,120.0,120.0,120.0,120.0,15.004520521493419,15.003417560834956,63.86966489997918,99.05249163640676,101.43683827267374,101.92244768216545,102.91662985340344,103.7315774717091,104.23976813200872,100.52437072901184,64.7963135654345,54.71846849523357,50.7855407639629,55.91384933074772,72.20865235733586
120.0,120.0,120.0,120.0,120.0,120.0,120.0,120.0,120.0,120.0,15.004934680296245,15.004140263821494,65.33060231788191,96.62141726505881,102.39289316851126,102.87282569422487,102.95891718165252,103.52217652094689,103.7054821549437,100.77931181693886,64.90357176944522,54.91569560716858,50.70754850649734,55.7656112143873,72.19273412852286
120.0,120.0,120.0,120.0,120.0,120.0,120.0,120.0,120.0,120.0,15.00516668587513,15.00484015966159,55.7729154840272,95.32798111557551,100.70578456233409,103.63286142713511,103.5848053966151,103.55752389445773,103.63439901381733,100.41700885524405,65.1825995528492,54.94293537755769,50.787754497267535,55.70225472927725,72.10914060184093
120.0,120.0,120.0,120.0,120.0,120.0,120.0,120.0,120.0,120.0,15.005504872857395,15.00528168546469,45.90654480811908,95.74946564960504,99.69805637998047,102.41355779821785,104.15810260653404,103.94113140292313,103.66884014106759,100.42075135616122,64.83785613538357,55.00775636370116,50.7639664777244,55.73877432842441,72.08534873333183
120.0,120.0,120.0,120.0,120.0,120.0,120.0,120.0,120.0,120.0,15.004268846213524,15.003257577156274,54.32907049202103,97.64117848355994,99.8572536486555,101.7477200899501,103.2483720846757,104.36606237589332,103.87901999535681,100.48499139518329,64.90526635227053,54.825768359953265,50.715774236712335,55.705658364913916,72.11786404919499
120.0,120.0,120.0,120.0,120.0,120.0,120.0,120.0,120.0,120.0,15.005030119059855,15.003728353091972,58.22273844785102,98.67385419755325,101.26394711625676,101.82731612294629,102.85683843398051,103.67457867774839,104.19376461266098,100.56350172144153,65.10420229661038,54.883812385011645,50.57442592078109,55.63852751507805,72.09673930207092
120.0,120.0,120.0,120.0,120.0,120.0,120.0,120.0,120.0,120.0,15.005457555949507,15.00453525227873,59.22619458856075,96.09923181314973,102.24406626840793,102.78881311666808,102.91128278694258,103.48484141688161,103.66724798266068,100.79464476875718,65.13402746669097,55.07336574611253,50.57750920450321,55.5304773876999,72.05046335618361
120.0,120.0,120.0,120.0,120.0,120.0,120.0,120.0,120.0,120.0,15.005676240327075,15.00529281635862,49.535279105701555,94.74361080342956,100.49866605841265,103.55233640125996,103.53714294468429,103.5298612076392,103.61194378392989,100.42514449041863,65.36227207234028,55.08475218324456,50.68960397087615,55.51088896603581,71.97936763838895
120.0,120.0,120.0,120.0,120.0,120.0,120.0,120.0,120.0,120.0,15.006018627619895,15.005749964347492,40.401743179701676,95.21223366991808,99.46785496461743,102.30936877333967,104.10704812709604,103.91025341619923,103.65247068664951,100.43198431761984,64.98297444989183,55.14535725805755,50.68905645749976,55.565177392209925,71.97157363745889
120.0,120.0,120.0,120.0,120.0,120.0,120.0,120.0,120.0,120.0,15.004725622280422,15.003524330276415,49.64876332001808,97.2274166659795,99.65100006444247,101.64006472213082,103.18918661540299,104.33048483300352,103.858473416817,100.49378764040908,65.03112169003748,54.957732493112935,50.671493593641216,55.55053374294214,72.0068195331136
120.0,120.0,120.0,120.0,120.0,120.0,120.0,120.0,120.0,120.0,15.005562784659102,15.004052288948587,53.03403844935371,98.33966770178701,101.10393412563508,101.73315355587266,102.80224508138257,103.63837220646569,104.16872968239991,100.56394665514969,65.20849801839282,55.00893773780979,50.55598547344314,55.511690628231165,71.9923843328182
120.0,120.0,120.0,120.0,120.0,120.0,120.0,120.0,120.0,120.0,15.005999511013904,15.004943853174634,53.62133649955615,95.63291670138292,102.11503773623868,102.70802989730102,102.86410405714999,103.45579756527323,103.64481457542483,100.78836726025878,65.21281447738156,55.186757585215936,50.57691111087295,55.43065675101835,71.9610977475869
120.0,120.0,120.0,120.0,120.0,120.0,120.0,120.0,120.0,120.0,15.00620455509063,15.00575580783823,43.92611684385184,94.2163206156528,100.32494822215317,103.48162717910344,103.49015734783659,103.50436489408419,103.59649514463854,100.42028346829898,65.42142194291584,55.182528642570794,50.69970611811163,55.432659258737196,71.90550735108918
120.0,120.0,120.0,120.0,120.0,120.0,120.0,120.0,120.0,120.0,15.006557373242183,15.006225980401911,35.58072302327732,94.72279783613786,99.27571561127202,102.22613172001725,104.06153048182298,103.88017983338113,103.63791045369787,100.43115992845905,65.03627281202185,55.23094278494923,50.704747248438835,55.50398749616512,71.91058456282947
120.0,120.0,120.0,120.0,120.0,120.0,120.0,120.0,120.0,120.0,15.00521866342416,15.003798694046012,45.573534282491714,96.84571635641755,99.47634612754379,101.55759418462291,103.14388404443241,104.29862396614287,103.83806838418523,100.49032182332357,65.08336449221578,55.03939034788411,50.692342805218004,55.50296606583428,71.95629407740323
120.0,120.0,120.0,120.0,120.0,120.0,120.0,120.0,120.0,120.0,15.006115456843059,15.004399836664364,48.40396389150431,98.02310622315291,100.96211325302201,101.66007327338771,102.76481752463943,103.61174386876517,104.14552059036151,100.55333276072388,65.24917354086995,55.089369622524174,50.58504746516407,55.47664849948863,71.9506156715291
120.0,120.0,120.0,120.0,120.0,120.0,120.0,120.0,120.0,120.0,15.006537257270967,15.005391175134474,48.51381217914297,95.17888088605936,101.99249956426598,102.63965976749026,102.83177444958622,103.43869608030984,103.6283002020468,100.77396294960722,65.2365920670084,55.258148030408876,50.61405843134792,55.40903388965879,71.92781586994373
120.0,120.0,120.0,120.0,120.0,120.0,120.0,120.0,120.0,120.0,15.006734433792554,15.006244938901885,38.74554617212764,93.71822417072785,100.15103276225774,103.41532413793254,103.45289224449134,103.4897718524937,103.58875213521388,100.4115783853472,65.43468477737018,55.24088107338233,50.738633042680505,55.423268976824325,71.88145032734299
120.0,120.0,120.0,120.0,120.0,120.0,120.0,120.0,120.0,120.0,15.007144776503639,15.006684470285105,31.20277066952793,94.28447745040312,99.09333563832558,102.14015621690902,104.02038006491146,103.85827270221435,103.63103704383981,100.42910008505451,65.0535118857137,55.281037604817065,50.74156405756948,55.50204295684827,71.8948142728422
120.0,120.0,120.0,120.0,120.0,120.0,120.0,120.0,120.0,120.0,15.00575687823956,15.00405645096716,41.94667771200694,96.52594080428253,99.32783708316734,101.47766191394416,103.0961806352344,104.2714359457066,103.82429176932075,100.48745821965564,65.10653606558323,55.09010149951678,50.72917968724216,55.50537072727499,71.94563822668317
120.0,120.0,120.0,120.0,120.0,120.0,120.0,120.0,120.0,120.0,15.006722099491984,15.004709363518298,44.310909966771945,97.7501642932287,100.85629664383701,101.60078420121984,102.72755939937922,103.5838097809053,104.1268462234219,100.54450039824764,65.26738352405344,55.14182281754386,50.6262772102667,55.48416574581003,71.94329451553698
120.0,120.0,120.0,120.0,120.0,120.0,120.0,120.0,120.0,120.0,15.00710007373176,15.005760488204603,44.04569733400396,94.73818201958895,101.89643763756422,102.59358475835785,102.80711900011595,103.42135086571521,103.61135682521123,100.76110166591393,65.24432636563408,55.30500033196744,50.65933934780168,55.42357336361213,71.92453046755804
120.0,120.0,120.0,120.0,120.0,120.0,120.0,120.0,120.0,120.0,15.007196291764702,15.006604859226004,34.20819039253935,93.21834087271203,99.98430324555694,103.36694152011212,103.43004210678407,103.47975747520134,103.58089076090168,100.40102726654803,65.43578691454712,55.279280811864545,50.78261491899891,55.443700717396226,71.88336221909516
120.0,120.0,120.0,120.0,120.0,120.0,120.0,120.0,120.0,120.0,15.007506119462711,15.006963217949144,27.289102905312348,93.85014593552559,98.90210274984406,102.05921187636282,103.99194504503131,103.84590984116699,103.62703411767541,100.42539193476924,65.05727488171394,55.31479512697823,50.782020794505634,55.52438012882184,71.90087370711998
120.0,120.0,120.0,120.0,120.0,120.0,120.0,120.0,120.0,120.0,15.006025159257133,15.004162130285609,38.58931903904633,96.23342769057219,99.16753916367767,101.38920084290595,103.0526272664513,104.25344334717182,103.81683375668446,100.48514002818666,65.11780867043775,55.125176310664784,50.76865237262194,55.52786406560196,71.95310422026456
120.0,120.0,120.0,120.0,120.0,120.0,120.0,120.0,120.0,120.0,15.006845538559869,15.004748884503439,40.654115986601404,97.54736787157351,100.75135123771915,101.5276443105294,102.68378734156968,103.55954959934176,104.11482312815787,100.53867470338105,65.277646860249,55.18038240262772,50.668231307384296,55.50825764435557,71.95118084056705
120.0,120.0,120.0,120.0,120.0,120.0,120.0,120.0,120.0,120.0,15.007010829099299,15.00564756861461,40.54849856140299,94.43948399040137,101.83110789250804,102.5409788917944,102.7702471649203,103.39963803898733,103.59771458927264,100.75220272647145,65.24773472010207,55.34092507557722,50.704393528895245,55.45109660865731,71.933935358049
120.0,120.0,120.0,120.0,120.0,120.0,120.0,120.0,120.0,120.0,15.006931625536225,15.006280864099008,31.56760513002951,92.91232293914082,99.90078307837875,103.33339170709483,103.39889909505504,103.4600414045526,103.57044968045535,100.39302714316582,65.43499995553613,55.30892389809794,50.8264791953975,55.47449275603035,71.89544066232547
120.0,120.0,120.0,120.0,120.0,120.0,120.0,120.0,120.0,120.0,15.00704183061707,15.00648360009826,26.157858988936372,93.64419137381468,98.82586596508544,102.03148268713855,103.97036609500027,103.82554257667594,103.61575180673069,100.42026478038568,65.05981248999521,55.341189099897186,50.82201492854845,55.55541849346613,71.91527500579008
120.0,120.0,120.0,120.0,120.0,120.0,120.0,120.0,120.0,120.0,15.005433452675309,15.003798247384786,38.56921516755826,96.1626632333421,99.12924000503763,101.3754886460616,103.04431278862393,104.23793512808773,103.80236982080184,100.47726357672362,65.12494923113601,55.154161309370444,50.80685538047679,55.557266951859624,71.9676805321835
120.0,120.0,120.0,120.0,120.0,120.0,120.0,120.0,120.0,120.0,15.005977645080096,15.004211056998537,41.89502659179029,97.55369988132053,100.74659077946524,101.53142753890897,102.6905756824823,103.5587112001698,104.10280755304444,100.52638334380654,65.27885713117904,55.21272801080035,50.708484912081744,55.53729067898011,71.9648123959558
120.0,120.0,120.0,120.0,120.0,120.0,120.0,120.0,120.0,120.0,15.00598586689666,15.00487109224214,43.3576999727231,94.55522878613174,101.83966262563177,102.54923864235947,102.78598765255506,103.41250511677563,103.59937322011136,100.74106283204638,65.23969202944437,55.36900634770041,50.74726137214639,55.482040495073974,71.94760757441398
120.0,120.0,120.0,120.0,120.0,120.0,120.0,120.0,120.0,120.0,15.005805076423007,15.005347004205126,35.90024039464012,93.15518958196876,99.96282696517439,103.33937041519171,103.41062417665889,103.47786382205359,103.58358971476902,100.39386634139818,65.42606708763574,55.32964744453571,50.86726615883752,55.507525647194264,71.91062637755698
120.0,120.0,120.0,120.0,120.0,120.0,120.0,120.0,120.0,120.0,15.005787698287907,15.005498155513203,31.11913747063008,94.0005909533432,98.92133847760884,102.07048238226483,103.97587981041005,103.83788544409012,103.63196802350316,100.43094868159478,65.06622833543034,55.359754504708285,50.858389364373984,55.587642365089806,71.93191199289849
120.0,120.0,120.0,120.0,120.0,120.0,120.0,120.0,120.0,120.0,15.004344743327682,15.003187172718832,43.95696264932901,96.54245518876577,99.24893113307112,101.4188717053628,103.07216135475078,104.24401587515014,103.81418278694282,100.49065428989775,65.1451636098008,55.18006427767551,50.84173488550723,55.587264331543906,71.98382027135753
120.0,120.0,120.0,120.0,120.0,120.0,120.0,120.0,120.0,120.0,15.004737708958546,15.003457139831557,49.158679502909635,97.98124684539586,100.86590622202615,101.57514799009117,102.71100556465093,103.58067720482359,104.10971672708023,100.53817667060277,65.30308125942028,55.2452818910981,50.746723470488895,55.56686301978569,71.9797347106778
120.0,120.0,120.0,120.0,120.0,120.0,120.0,120.0,120.0,120.0,15.004754452043324,15.003935584949497,52.545256922812904,95.28860492677997,101.9871085642117,102.59153113276844,102.79927134979992,103.4219484228192,103.61802317941371,100.75084049938344,65.26474307120279,55.402011404723446,50.78793533345609,55.51367759886998,71.96262579069976
120.0,120.0,120.0,120.0,120.0,120.0,120.0,120.0,120.0,120.0,15.004607074250112,15.004321321546023,46.27475311768142,94.04275401533519,100.23859311355594,103.40322729218511,103.42304253191718,103.4783063137659,103.58803316857767,100.41332208668514,65.45289763056536,55.36269379921312,50.90610306994519,55.540080366485206,71.9271532237961
120.0,120.0,120.0,120.0,120.0,120.0,120.0,120.0,120.0,120.0,15.00455758773805,15.00447348087086,40.83111881429529,94.87147995319945,99.23674814632216,102.19691391090767,104.00411793628938,103.83799865512825,103.62771610148745,100.43732468976225,65.10745256696032,55.395631666019284,50.895263324835355,55.61802219099863,71.94879366107709
120.0,120.0,120.0,120.0,120.0,120.0,120.0,120.0,120.0,120.0,15.003313643238506,15.00258565116905,52.98042357394665,97.27976124360295,99.53346161939807,101.54425240599477,103.1320963198296,104.25469491375995,103.81004396125833,100.48824803984263,65.17043804949144,55.22534531986932,50.87935713066557,55.615236872819,71.9988629983023
120.0,120.0,120.0,120.0,120.0,120.0,120.0,120.0,120.0,120.0,15.00359940213968,15.002752038161667,60.15368929176083,98.70553553947316,101.1077847897397,101.6746308986243,102.75489007904217,103.6063859307861,104.1116672345505,100.53672645051988,65.31291440109078,55.28289385104751,50.78872399371977,55.59427010010186,71.99284648360418
120.0,120.0,120.0,120.0,120.0,120.0,120.0,120.0,120.0,120.0,15.003628259704858,15.003091068194072,65.60372040256865,96.40967614168422,102.25299181312076,102.68526302364114,102.82464450600746,103.42694743161125,103.62532293999999,100.75177268143698,65.27611426228974,55.42928725069197,50.8257259091588,55.54247262657189,71.97506400960475
120.0,120.0,120.0,120.0,120.0,120.0,120.0,120.0,120.0,120.0,15.003517383942604,15.003398756796683,60.60741446579165,95.32114278316001,100.67822434262737,103.52992643640877,103.45614584843445,103.47134335120644,103.57450160826662,100.41271552990892,65.46503708963742,55.39111531390413,50.937396506665834,55.56563044969567,71.94005145685547
120.0,120.0,120.0,120.0,120.0,120.0,120.0,120.0,120.0,120.0,15.003461654976418,15.003539880476826,54.13803534644161,96.07930236885176,99.72601893840398,102.40827023240422,104.06799821938095,103.84264054009482,103.60706793042587,100.41689601021699,65.10823510861412,55.424292593684164,50.92714002555998,55.63916178736304,71.95919998177166
120.0,120.0,120.0,120.0,120.0,120.0,120.0,120.0,120.0,120.0,15.002489024714677,15.00210599567101,65.3745859322334,98.30132692955625,99.97372829744077,101.75824794785801,103.23864567711873,104.28422858315545,103.80075250019307,100.46263999030641,65.13774961122836,55.242350611437985,50.91177998947601,55.63665513596479,72.0065898985905
120.0,120.0,120.0,120.0,120.0,120.0,120.0,120.0,120.0,120.0,15.00267322627731,15.002245744108336,74.23129923436213,99.6783898527668,101.49213196854052,101.85485732319148,102.84616598954345,103.656475981201,104.12067175104183,100.52034792561693,65.26850813588545,55.27485281353838,50.813238452320626,55.61623696108459,72.00116166248537
120.0,120.0,120.0,120.0,120.0,120.0,120.0,120.0,120.0,120.0,15.002741684671793,15.002522635591518,81.26626872167944,97.7130826706395,102.65573927615934,102.86271890185223,102.89496878078836,103.45673853207477,103.64262372575241,100.74646228083283,65.24123397733234,55.40974360305036,50.834443878627155,55.55970151136505,71.98401611531966
120.0,120.0,120.0,120.0,120.0,120.0,120.0,120.0,120.0,120.0,15.002784109445845,15.002779453664353,77.14613961391963,96.8784020298083,101.20408390586002,103.74730845161592,103.54339773677536,103.4903383108105,103.57211508988884,100.4078619986316,65.43708784362211,55.373921721378004,50.93807937532528,55.57388658875117,71.94632099784718
120.0,120.0,120.0,120.0,120.0,120.0,120.0,120.0,120.0,120.0,15.002932245205201,15.0029321683336,70.99703259205774,97.70054096050463,100.38051813590047,102.66632142964576,104.1974450734159,103.88420134722924,103.60114934803741,100.39481574774491,65.06893773334555,55.4045820572346,50.92816296722317,55.64350119981619,71.96069585578908
120.0,120.0,120.0,120.0,120.0,120.0,120.0,120.0,120.0,120.0,15.01150850199832,15.03916605112682,86.82652669095853,99.76163111988498,100.7088233925536,102.07751879404967,103.3732160353538,104.36302724016674,103.81704346374615,100.44147146750018,65.06877603230035,55.2051087910949,50.908854981816546,55.64218819494009,72.0072198362661
120.0,120.0,120.0,120.0,120.0,120.0,120.0,120.0,120.0,120.0,15.012643447650516,17.494305343599642,91.1789011060455,100.82670888108659,102.21450803465895,102.24428330942024,103.01092879610638,103.72466377250078,104.1671881022988,100.51937931314292,65.19967942677644,55.21079177413746,50.79532094164791,55.61970970845649,72.00405203878121
120.0,120.0,120.0,120.0,120.0,120.0,120.0,120.0,120.0,120.0,15.01720338514221,15.014387895165939,93.33232225679086,98.43348291440577,103.19573617917516,103.29392619687144,103.11954665915299,103.54184877865383,103.67241956122209,100.76881665140434,65.20002832917785,55.33964856899084,50.796135451949084,55.553771773813445,71.98660015674739
120.0,120.0,120.0,120.0,120.0,120.0,120.0,120.0,120.0,120.0,15.017898521161476,15.10137215966365,94.53480703021921,99.27704776220835,101.12087895282409,104.07436796092688,103.82416202319932,103.62689510165202,103.61387328282107,100.41272863622162,65.42350138571186,55.31603118237332,50.89185573090453,55.55553878990593,71.943784579634
120.0,120.0,120.0,120.0,120.0,120.0,120.0,120.0,120.0,120.0,15.017456567731502,17.316149814333524,95.58646550618404,100.14855178685883,101.71554398402256,102.38585295481121,104.41828620085698,104.07514197182262,103.68757738388251,100.40983916074255,65.02751594470024,55.35567735303671,50.88500614340586,55.62028478753302,71.95166025162962
120.0,120.0,120.0,120.0,120.0,120.0,120.0,120.0,120.0,120.0,15.009819902315654,31.966211659719093,96.27544839974544,100.76894566407047,102.33253096120399,102.96094150323599,103.05883921850487,104.51993324123649,103.95048935439516,100.49975118387259,65.03502903331571,55.131973227802206,50.86499042421993,55.620248084899536,71.99699995020454
120.0,120.0,120.0,120.0,120.0,120.0,120.0,120.0,120.0,120.0,15.012277108130437,37.407621462953024,96.16351265979534,101.37651820602711,102.63996083256187,103.39175229557708,103.66064133309152,103.43143259450558,104.2826752558449,100.6199871399928,65.23219835087247,55.13204099091038,50.73134110166312,55.59543156228405,71.99603832042345
120.0,120.0,120.0,120.0,120.0,120.0,120.0,120.0,120.0,120.0,15.015834097110895,38.62163415527582,92.9711847027594,101.4515404752351,103.19117923953459,103.4717834266152,103.9505858802763,104.05235861161235,103.42010700318212,100.86517863190998,65.29822161663715,55.29660724987571,50.72042641538035,55.51533505040712,71.97751342461319
120.0,120.0,120.0,120.0,120.0,120.0,120.0,120.0,120.0,120.0,15.017668062833673,27.034208569541057,91.96709833314648,99.15524741932725,103.35597683308231,103.99053969707185,103.86624129269912,104.23271092785826,104.03076944652624,100.21558563624184,65.53300064958862,55.309442784669265,50.82884333532184,55.50721721631367,71.9258933059349
120.0,120.0,120.0,120.0,120.0,120.0,120.0,120.0,120.0,120.0,15.017046177500445,20.754660020692768,93.50775596052733,98.04921389565068,101.68409425173462,104.19106709033169,104.37109901120847,104.03587699092515,104.13305553174926,100.75295862894944,64.77888735079333,55.355850019741254,50.83462833126424,55.575858730677744,71.92826792785544
120.0,120.0,120.0,120.0,120.0,120.0,120.0,120.0,120.0,120.0,15.008904693744102,39.50147960110901,97.12901256043003,98.69892973336502,100.82799892317175,102.9355093358282,104.57364883118778,104.53833086961588,103.86642133680836,100.87696933174902,65.44338258291836,54.95075356307115,50.80963646730148,55.577832656390314,71.9761729565675
120.0,120.0,120.0,120.0,120.0,120.0,120.0,120.0,120.0,120.0,15.010234492709694,44.16999952396986,99.14492684252588,101.09168789212107,101.10835006862266,102.34169194947955,103.60728265436697,104.72020612297041,104.3666179020704,100.53295530392047,65.78683695388028,55.29302558888002,50.58651255969922,55.543059878007305,71.97481024400464
120.0,120.0,120.0,120.0,120.0,120.0,120.0,120.0,120.0,120.0,15.012294294471209,48.29281262069588,95.37781554019635,102.68935093976724,102.65600265110692,102.44475950163982,103.24448761364607,103.96228153724877,104.5250384725654,101.01416001002438,65.19175611959079,55.585966848342075,50.74003057490571,55.413451663568786,71.94747419317265
120.0,120.0,120.0,120.0,120.0,120.0,120.0,120.0,120.0,120.0,15.013394520347335,38.90498819650714,93.58845055583542,100.31239695025063,103.82320553852223,103.42012504810268,103.25387925539799,103.79218401789976,103.91756300225633,101.2412323929027,65.78412180410737,55.19825446415367,50.92482078692528,55.49014619448503,71.86598545008243
120.0,120.0,120.0,120.0,120.0,120.0,120.0,120.0,120.0,120.0,15.013122852562896,32.44121533706825,94.73337501823391,98.85677883504428,102.21392879822488,104.24975733794159,103.83260593939863,103.74960847514943,103.89817801638256,100.73271604078971,66.3458416282478,55.44183324773177,50.69943659029943,55.59514337862143,71.92334538798862
120.0,120.0,120.0,120.0,120.0,120.0,120.0,120.0,120.0,120.0,15.006981144193828,50.757298931016,98.12012561767344,99.27914444205948,101.25968742432295,103.09891320089642,104.41103565900767,104.0518295026052,103.8339177214472,100.79869472442515,65.7376303386016,55.875255603763684,50.75498533991793,55.452144097501204,71.98156663451276
120.0,120.0,120.0,120.0,120.0,120.0,120.0,120.0,120.0,120.0,15.00775950861688,58.69785352369932,99.9886555694408,101.54256849706536,101.46014769215574,102.54518107062097,103.55600343012473,104.45088107602878,103.94285354899289,100.79098954519242,65.85765153664902,55.59911715184841,50.99559319388831,55.44962246134599,71.88145437627298
120.0,120.0,120.0,120.0,120.0,120.0,120.0,120.0,120.0,120.0,15.009120679542255,65.66503511108074,96.85436005257425,103.03972333398126,102.94199776370354,102.6662697416225,103.29203631958919,103.79840552219481,104.21922545678918,100.73864560852492,66.04658044305867,55.67859630164469,50.86220667926521,55.57090487160162,71.8796273647031
120.0,120.0,120.0,120.0,120.0,120.0,120.0,120.0,120.0,120.0,15.010031657639507,58.10475008432079,95.49790561172354,100.85755310857789,104.0430975223488,103.61496328926384,103.37787410625778,103.72851170610761,103.71589365721297,100.91489686148012,65.86317884000088,55.95146727354143,50.88187439442097,55.47660937070994,71.94119265426004
120.0,120.0,120.0,120.0,120.0,120.0,120.0,120.0,120.0,120.0,15.010072579693857,50.13924134944884,96.64738725321372,99.57531121900034,102.4770763536418,104.40786914512377,103.95670867980073,103.79301334135222,103.75931511550897,100.55345428206897,65.95876910911798,55.88552824716012,51.093796717365315,55.45989154993233,71.8630187663379
120.0,120.0,120.0,120.0,120.0,120.0,120.0,120.0,120.0,120.0,15.005559867376963,64.76158057567727,99.61482875174613,100.01555955264337,101.56963417174369,103.24713810310337,104.52411484192254,104.11479773721035,103.80763968114682,100.62424395305243,65.56522694728362,55.868154074644565,51.10847519660005,55.58715531204987,71.8488589920726
120.0,120.0,120.0,120.0,120.0,120.0,120.0,120.0,120.0,120.0,15.005861975705633,74.72718335945989,101.17364962893404,102.1478702366121,101.77551340304635,102.68432711350435,103.6466388957161,104.52272157795532,103.95402231683158,100.67559121585967,65.6685199609478,55.68423748412926,51.07919266779718,55.60223696324122,71.92216537912465
120.0,120.0,120.0,120.0,120.0,120.0,120.0,120.0,120.0,120.0,15.006527728398092,83.98327625020316,98.89649669677362,103.52311862857975,103.23813023083099,102.80280433107139,103.35233193023682,103.85302980159746,104.25145958653627,100.68370377960252,65.79580953931381,55.774141360468256,51.00086728647767,55.57220723551452,71.91964221500226
120.0,120.0,120.0,120.0,120.0,120.0,120.0,120.0,120.0,120.0,15.007188500970145,82.05694175394322,98.14871691271031,101.78110189847527,104.30254243946463,103.77037337368196,103.43276656431021,103.74934694861336,103.74053037253901,100.89579133677543,65.67743546440158,55.91156813260991,51.0763148752818,55.53354354680055,71.8932014908659
120.0,120.0,120.0,120.0,120.0,120.0,120.0,120.0,120.0,120.0,15.008001802727673,81.05561199258621,99.20933565263992,100.93128697821798,102.98882125873953,104.56134430978639,104.03979502231763,103.80928676724977,103.75642752586472,100.53388507934599,65.84909622365795,55.812385272709115,51.19664816810256,55.58814144620116,71.86644168501108
120.0,120.0,120.0,120.0,120.0,120.0,120.0,120.0,120.0,120.0,29.225001006126487,97.00853226982251,101.29683116356551,101.39902539124967,102.36663494157467,103.55858132768856,104.61717356207183,104.15800896511934,103.80366175058445,100.5885655226107,65.45781653782583,55.825542933403014,51.15733247696754,55.674049593822964,71.90559166542096
120.0,120.0,120.0,120.0,120.0,120.0,120.0,120.0,120.0,120.0,25.361444978739467,97.22057151808501,101.95303054840946,102.93833213497105,102.61691864990406,103.18780780349161,103.8443564981118,104.5777934008272,103.97270512784505,100.64786371983128,65.53722362530014,55.62524288362582,51.13333441535027,55.66032768057338,71.96011419556123
120.0,120.0,120.0,120.0,120.0,120.0,120.0,120.0,120.0,120.0,15.0857694945385,97.36771405496486,100.44683484314976,103.51143804394356,103.68796851325374,103.35037451843169,103.68312566589132,103.98008284159035,104.28036408242716,100.6770078517558,65.68601209031051,55.6772873339702,51.03351995256898,55.640667223186874,71.94789909972067
120.0,120.0,120.0,120.0,120.0,120.0,120.0,120.0,120.0,120.0,18.039281822791406,98.86613277360988,100.47178757626078,101.92619388109684,104.11783535250238,104.05590624449576,103.80439316735374,103.97118357394825,103.82081166786034,100.8970501256101,65.60425436674744,55.817431778189615,51.06805426305452,55.59157424626133,71.93320595253344
120.0,120.0,120.0,120.0,120.0,120.0,120.0,120.0,120.0,120.0,24.59568321258651,101.47674378104963,101.52414959506758,102.03141318320819,102.70835676298105,104.35742919879996,104.23502636505894,104.06833836781558,103.90654845932148,100.57454396557596,65.78536368500212,55.73697406880504,51.17560805883449,55.618673660616075,71.90259773678356
120.0,120.0,120.0,120.0,120.0,120.0,120.0,120.0,120.0,120.0,49.23278767134424,101.97246423750074,103.61755867647814,102.80515883833884,102.93649429478543,103.16892050227786,104.44089596365129,104.29909843803276,103.98799347697192,100.68872635265015,65.4398833643199,55.74708465519604,51.138341634081755,55.69408697238674,71.9273129328422
120.0,120.0,120.0,120.0,120.0,120.0,120.0,120.0,120.0,120.0,61.13653379486612,101.176595492359,104.19881185901531,104.35912651040013,103.49793537051771,103.50067076586107,103.46583114053723,104.44171483527003,104.08022539406697,100.78659525384839,65.60382709832679,55.55855167453748,51.102314825173245,55.67915466476406,71.97820675803156
120.0,120.0,120.0,120.0,120.0,120.0,120.0,120.0,120.0,120.0,69.88554415579426,98.35773783772872,103.72057652475027,104.90984043930617,104.60316481998689,103.89291978058328,103.86482261048916,103.65758964628114,104.18513383670263,100.77490563400966,65.82345671453696,55.64930827574117,50.99375316630052,55.64814230779349,71.96690508771195
120.0,120.0,120.0,120.0,120.0,120.0,120.0,120.0,120.0,120.0,57.518987040648916,99.03659864856489,100.79555865583427,104.69302479309574,105.0997416793593,104.63937516581129,104.11912055597138,104.08463253456524,103.56647163835672,100.85201755030336,65.72455195837665,55.82707471305063,51.03388141467924,55.587081319386286,71.94571562336762
120.0,120.0,120.0,120.0,120.0,120.0,120.0,120.0,120.0,120.0,45.56530710365022,101.58336202357918,100.38852966299385,102.17812358600122,105.06775810185415,105.08518383287961,104.5884056807478,104.22902450273325,103.98443835385082,100.39318687522733,65.76089529124862,55.746455749404944,51.14677660393944,55.60891747037226,71.90762349454607
120.0,120.0,120.0,120.0,120.0,120.0,120.0,120.0,120.0,120.0,72.85694267441512,104.64124084348074,102.02298534448414,101.49645273711994,103.02741408253473,105.17474315343125,104.99424315693751,104.49199958111728,104.04864423509763,100.747054519501,65.24243684067515,55.701438999874505,51.098885106605714,55.67676144796898,71.9276256541329
120.0,120.0,120.0,120.0,120.0,120.0,120.0,120.0,120.0,120.0,87.55369744234709,105.64636696507159,104.91065080129123,102.5112610203783,102.37039017077387,103.5683767148275,105.15334423832924,104.8681152062341,104.16426639432386,100.79335884451224,65.67128245133539,55.442642718471554,51.03579043120906,55.64508605020226,71.9706706663056
120.0,120.0,120.0,120.0,120.0,120.0,120.0,120.0,120.0,120.0,104.19171727640148,102.8489654726085,106.27191220440255,104.8529488131655,102.97576348799998,103.04659174749239,103.91574718454011,105.05710252594065,104.51732756943626,100.77403476305292,65.79681200648908,55.676888815453694,50.90572586733062,55.59369326297379,71.94558683906928
120.0,120.0,120.0,120.0,120.0,120.0,120.0,120.0,120.0,120.0,106.38557451256003,103.62729645385127,103.36614859712945,106.17157463352382,104.71666408595392,103.3824018229305,103.55697543218473,104.11831369185283,104.71363668173619,101.11600626611528,65.60041238366209,55.792740018044285,51.02883625188288,55.52472854215678,71.91094678419995
120.0,120.0,120.0,120.0,120.0,120.0,120.0,120.0,120.0,120.0,107.52858028358453,105.35090918397816,103.53576148901955,103.57667155365985,105.85024122039617,104.58617772017861,103.71776395901024,103.91514970866506,104.0078300676433,101.36295748541473,66.03443518953065,55.591769200204666,51.11352869758596,55.59694947001602,71.87164040923028
120.0,120.0,120.0,120.0,120.0,120.0,120.0,120.0,120.0,120.0,107.87282842476417,106.87565647224076,104.83288931960023,103.63585656016323,103.65302665248122,105.4952840399244,104.48597571509765,103.96571769044762,103.93430513920339,100.84619249552865,66.5376203312193,55.755068310888404,50.97362847713505,55.65173035178642,71.92654137801806
120.0,120.0,120.0,120.0,120.0,120.0,120.0,120.0,120.0,120.0,108.16197410523993,107.34925931678417,106.24496607919374,104.60750006002144,103.80480768673499,103.68165758241236,105.18059385882293,104.40263544859883,103.92338269486326,100.84815221656592,66.0046490857204,56.08506003853428,50.99567136298216,55.56101300719307,71.95909682117608
120.0,120.0,120.0,120.0,120.0,120.0,120.0,120.0,120.0,120.0,108.33664050400637,107.82795923877931,106.79277948822111,105.69775389559219,104.5346527274133,103.9836764445768,103.70640451233604,104.91726056112842,104.12110784693158,100.85183492423123,66.05994273073009,55.86294631016792,51.148107659235045,55.54792958947372,71.89769329597803
120.0,120.0,120.0,120.0,120.0,120.0,120.0,120.0,120.0,120.0,108.4029909591975,108.14311840705355,107.43692065383493,106.26457300093806,105.24730731878486,104.52506335550157,104.14116018720416,103.72913055202466,104.49628244876482,100.85789668899469,66.20208271066765,55.93500113869215,51.032426545436586,55.611488310289594,71.88778292637144
120.0,120.0,120.0,120.0,120.0,120.0,120.0,120.0,120.0,120.0,108.46496767441712,108.26167287239163,107.8828276311951,107.02518442968163,105.80365707445794,104.89023660277763,104.53039266441927,104.24925542258981,103.54735138509467,101.11582643342928,66.05735558356866,56.15468378757257,51.062629194386275,55.5252569674266,71.91529751302049
120.0,120.0,120.0,120.0,120.0,120.0,120.0,120.0,120.0,120.0,108.50076020542726,108.3814741240115,108.0649501465068,107.56678020791675,106.62250540432747,105.42782677617107,104.61510335280224,104.51472558285737,104.09375197045647,100.39240782111258,66.25127396468561,56.074934036246155,51.24068886299032,55.521151373904594,71.84648914020191
120.0,120.0,120.0,120.0,120.0,120.0,120.0,120.0,120.0,120.0,108.51601628562062,108.4501248093037,108.25861598256185,107.81634686176538,107.20980737599737,106.24783089244603,105.1370525647595,104.39413242080174,104.26511225935108,100.86621594876004,65.39278472881647,56.08785548019314,51.23145761400857,55.62981382694542,71.84246351438162
120.0,120.0,120.0,120.0,120.0,120.0,120.0,120.0,120.0,120.0,108.53070655281081,108.47979873536946,108.37128368063328,108.0955692575964,107.52704147752956,106.83165781515942,105.91139729602742,104.90709608566625,104.00863693804399,101.03111671701858,65.94860356989977,55.63966210380338,51.201113514900236,55.629197518674516,71.90686465671567
120.0,120.0,120.0,120.0,120.0,120.0,120.0,120.0,120.0,120.0,108.5383917901519,108.5097423660706,108.42252573258409,108.25907954930932,107.89423195194433,107.21100346606475,106.45012565782675,105.60208815989138,104.51131566779789,100.64959493366219,66.3021322364262,55.92813074479348,50.980482541882395,55.59474181203284,71.89750203894103
120.0,120.0,120.0,120.0,120.0,120.0,120.0,120.0,120.0,120.0,108.5421755796975,108.52522509661,108.47571064120802,108.33983059497959,108.11050799200235,107.65935445215767,106.88248004259702,106.06718835261094,105.11778804412567,101.1111233101435,65.58446738325372,56.21436267481434,51.13081355385968,55.47882267682983,71.86936508686986
120.0,120.0,120.0,120.0,120.0,120.0,120.0,120.0,120.0,120.0,108.54601314472929,108.53312854558732,108.50318123122663,108.42502491454681,108.2288582298924,107.92523498569436,107.39703243756303,106.54147069991691,105.49603121854852,101.72280579455297,66.0805375778776,55.72173290573614,51.32739767932108,55.56920567763857,71.7980643392919
120.0,120.0,120.0,120.0,120.0,120.0,120.0,120.0,120.0,120.0,108.54777588107339,108.54071720815851,108.51742573761612,108.46852771657692,108.35391219569911,108.08802891957433,107.70452356446827,107.10216258779155,106.00199903414354,102.03996252109263,67.13339480129238,55.859304914419525,51.05113460505156,55.6952178950361,71.86831517767973
120.0,120.0,120.0,120.0,120.0,120.0,120.0,120.0,120.0,120.0,108.54877955420065,108.54430687688941,108.53158353844763,108.4928178817987,108.41799361470963,108.25969173658365,107.9172741349055,107.44070345403262,106.59876107178385,102.60532285545784,67.65715950674578,56.52419389383075,51.04042347547999,55.536802293851224,71.94475487169348
120.0,120.0,120.0,120.0,120.0,120.0,120.0,120.0,120.0,120.0,108.54969759586406,108.5463971154678,108.53817252039,108.51690639371094,108.45670431113487,108.34827761565329,108.139668114354,107.70668292022778,106.96373232070364,103.35569762642177,68.6207486100527,56.84017638362452,51.38067274855907,55.5058655585675,71.83900313494513
120.0,120.0,120.0,120.0,120.0,120.0,120.0,120.0,120.0,120.0,108.55011421957113,108.54833339121693,108.54218574115951,108.52803451124511,108.49469166880372,108.4064833359598,108.25590071786485,107.9817244206536,107.28935339474961,103.86215761933657,70.21014733370906,57.380987453015635,51.50577906149318,55.68292889018978,71.82611394404563
120.0,120.0,120.0,120.0,120.0,120.0,120.0,120.0,120.0,120.0,108.55049618313056,108.5492832342137,108.54598028920724,108.53528906417164,108.51231300481844,108.46273831856243,108.33913742133227,108.12828919289612,107.6276613306604,104.34982879384056,71.54268121905457,58.51616984873693,51.677661968420665,55.704013247949256,71.92645286954082
120.0,120.0,120.0,120.0,120.0,120.0,120.0,120.0,120.0,120.0,108.55073507574059,108.54986371547153,108.54759655008274,108.54186719145967,108.52441829193175,108.48896452085549,108.41798505231284,108.24245322119519,107.81637397150634,104.89567891700943,72.86237164355624,59.6619105166277,52.226861787166385,55.69969057928176,71.90335398856845
120.0,120.0,120.0,120.0,120.0,120.0,120.0,120.0,120.0,120.0,108.55084625893936,108.55036250602717,108.54873629140602,108.54470213798241,108.53528750621035,108.50826809704002,108.4553872274066,108.34881387813127,107.97452978387277,105.27057915482578,74.45116845794504,60.86064187741672,52.851637065674396,55.896561105935795,71.85282453140142
120.0,120.0,120.0,120.0,120.0,120.0,120.0,120.0,120.0,120.0,108.55092229247602,108.55058509167381,108.54970460393376,108.54681127228416,108.53998608556387,108.52520974140872,108.48473866789512,108.4007415089911,108.12257974604246,105.59073987382844,75.82956985937324,62.41173126710117,53.52313283175365,56.120721731127105,71.9060571729138
120.0,120.0,120.0,120.0,120.0,120.0,120.0,120.0,120.0,120.0,108.55097936867733,108.55074685321198,108.5501211421124,108.54856726971032,108.54367790120745,108.5326299575492,108.50989023440263,108.4439309791766,108.20155528899039,105.90528903533124,77.06224511549965,64.01347393254576,54.47891781779001,56.33892632588662,71.94221282535742
120.0,120.0,120.0,120.0,120.0,120.0,120.0,120.0,120.0,120.0,108.5510803641784,108.55093608828649,108.55049546493305,108.54935043543834,108.54670697009713,108.5387970599589,108.52118447172462,108.48030549432379,108.26947669016177,106.12606460331124,78.30925645067832,65.59083534279019,55.60149578355578,56.71779008625088,71.94901896144525
120.0,120.0,120.0,120.0,120.0,120.0,120.0,120.0,120.0,120.0,108.55110194378686,108.55099547872375,108.55075173068127,108.5499683878933,108.54797885613004,108.54365101915147,108.53096987263102,108.49737550588326,108.32747414333252,106.31192166457946,79.37431935836021,67.27378699797718,56.81298594676394,57.215178542575735,72.03314271106824
120.0,120.0,120.0,120.0,120.0,120.0,120.0,120.0,120.0,120.0,108.55111978992966,108.55104102845218,108.55086202296123,108.55043572662898,108.54908696942363,108.54574015929461,108.53850214205167,108.51271194568878,108.3589925436739,106.479572513372,80.30280207978647,68.9155467335226,58.21037986435263,57.78543264822407,72.16433030720721
120.0,120.0,120.0,120.0,120.0,120.0,120.0,120.0,120.0,120.0,108.55112286106132,108.55107988344949,108.55095433620892,108.55063487282811,108.54989865066423,108.54764040419215,108.54184739250941,108.52437488445139,108.38711811002088,106.60223438554931,81.16266627267773,70.47003096311447,59.72989071536056,58.50850126080804,72.32142721718009
120.0,120.0,120.0,120.0,120.0,120.0,120.0,120.0,120.0,120.0,108.55112083213176,108.55109135287515,108.55102727620698,108.55081266363005,108.55024720164441,108.54898880410263,108.54499102470365,108.52994182620762,108.40939974892274,106.70638085615515,81.89044113669581,71.98045040020264,61.31013973056254,59.37371529242308,72.56287563606045
120.0,120.0,120.0,120.0,120.0,120.0,120.0,120.0,120.0,120.0,108.55118177519354,108.55114951904929,108.55109250369337,108.55097291113364,108.55059664088317,108.54959905875832,108.547178067943,108.53523733878757,108.42249765831993,106.79598856049668,82.52077734327979,73.38380804488546,62.9667850158633,60.350783906270266,72.88615725292291
120.0,120.0,120.0,120.0,120.0,120.0,120.0,120.0,120.0,120.0,108.55117968953094,108.55115904514356,108.55112095269916,108.55102840086836,108.55082335366431,108.55017540800976,108.54818034620408,108.53890800717045,108.43436919631442,106.86488439349695,83.0801032252779,74.67066850407952,64.64869024731661,61.46232562315134,73.28162054923888
120.0,120.0,120.0,120.0,120.0,120.0,120.0,120.0,120.0,120.0,108.55117876151508,108.55115892351799,108.55113973555693,108.55108197765178,108.55092132055391,108.55055173952746,108.54916742347038,108.54079223568208,108.44338326054772,106.92381223521494,83.55377589353809,75.85836137670583,66.31439463493541,62.68858175332081,73.77390352748041
120.0,120.0,120.0,120.0,120.0,120.0,120.0,120.0,120.0,120.0,108.55117229011309,108.55116337627537,108.55114384713623,108.55111647236149,108.55101918882954,108.55072300762656,108.54979295628804,108.54261662331528,108.44931114013035,106.9735793885094,83.96312834479792,76.92777939335154,67.95269615536388,64.00078462813417,74.35806646828
120.0,120.0,120.0,120.0,120.0,120.0,120.0,120.0,120.0,120.0,108.55116151406317,108.55115919788507,108.55115442364024,108.55112816758258,108.5510795162201,108.55089659738633,108.55009971331532,108.54381073012789,108.45464302703644,107.01354532499427,84.31937345778576,77.88590313945647,69.52879724340302,65.38815129260179,75.02456275123588
120.0,120.0,120.0,120.0,120.0,120.0,120.0,120.0,120.0,120.0,108.55121038765645,108.55119712465934,108.55118819230627,108.5511736187659,108.55112384539734,108.55101358602566,108.55041882400799,108.54450324594521,108.4586927218405,107.04782985416288,84.6224033555584,78.74417631916626,71.02120703463899,66.8198390395621,75.77397816807878
120.0,120.0,120.0,120.0,120.0,120.0,120.0,120.0,120.0,120.0,108.55120411294656,108.55119580496756,108.55118898177284,108.55118181863784,108.55115999330066,108.55106392496258,108.5506013899698,108.54516107384646,108.46165583476345,107.07673051524571,84.88387593779035,79.50228952481888,72.4210956289905,68.26542507821804,76.5906935304803
120.0,120.0,120.0,120.0,120.0,120.0,120.0,120.0,120.0,120.0,108.55119902897584,108.55118969321651,108.55118968088502,108.55118509412547,108.55117491001239,108.55112247877555,108.55069930583772,108.54558517648101,108.46427547073597,107.10065422675903,85.10956211782016,80.17057293907864,73.7138185940507,69.70229143729745,77.45771425682423
120.0,120.0,120.0,120.0,120.0,120.0,120.0,120.0,120.0,120.0,108.55118961624079,108.55118783106978,108.55118455881444,108.55118898497575,108.55118249699801,108.55114924789439,108.55080314511095,108.54586263836153,108.46631662788795,107.12118983151667,85.302312124367,80.75838072766567,74.89474533572772,71.10202407086595,78.3603054085441
120.0,120.0,120.0,120.0,120.0,120.0,120.0,120.0,120.0,120.0,108.55117671239738,108.55117956704893,108.55118512783673,108.55118555512011,108.55119123461675,108.55116455186348,108.55085629001857,108.54612525463418,108.46793162194022,107.13857749299038,85.46834870757539,81.27121040965913,75.9645588038696,72.44216669445588,79.27684771188916
120.0,120.0,120.0,120.0,120.0,120.0,120.0,120.0,120.0,120.0,108.55122135517138,108.55121261402202,108.55121099688654,108.55121270350419,108.55120833774383,108.55119414192517,108.55089962369216,108.54630191143049,108.46934634734892,107.15323375354846,85.61113705909383,81.71807431432138,76.92325971267434,73.70668981087685,80.187996277313
120.0,120.0,120.0,120.0,120.0,120.0,120.0,120.0,120.0,120.0,108.55121357171633,108.55120859151164,108.55120789573621,108.55121164131234,108.5512162990393,108.55119978327332,108.55093537258138,108.54643145296916,108.47047839385245,107.16581417993753,85.73333964367268,82.10647171818651,77.7759746783404,74.88111262217713,81.07706959215788
120.0,120.0,120.0,120.0,120.0,120.0,120.0,120.0,120.0,120.0,108.55120714860269,108.5512006021698,108.55120475002525,108.55120920863783,108.55121648832203,108.55121000929731,108.55095120667472,108.54654868250455,108.4714182106596,107.17651125991978,85.83839646654394,82.44239919719253,78.52950281188775,75.9575017374323,81.92749998689007
120.0,120.0,120.0,120.0,120.0,120.0,120.0,120.0,120.0,120.0,108.55119667462311,108.55119705618613,108.55119719413268,108.55120729812856,108.5512151199955,108.5512126879038,108.55096921007595,108.54662800281231,108.47223021112615,107.18561207350986,85.92852608393981,82.73262374282945,79.19049246693457,76.93274687559834,82.72733573430509
120.0,120.0,120.0,120.0,120.0,120.0,120.0,120.0,120.0,120.0,108.55118293548901,108.5511874817108,108.55119566172623,108.5512005500497,108.55121467368981,108.5512130182198,108.55097916648361,108.54669884810039,108.47289718389837,107.19341812556232,86.00567844259237,82.98277857599365,79.7673215136773,77.80630363755807,83.4683058690785
120.0,120.0,120.0,120.0,120.0,120.0,120.0,120.0,120.0,120.0,108.55122590247447,108.55121864764548,108.55121905601155,108.55122425763774,108.55122636474063,108.5512268985911,108.55099344780211,108.54676060908459,108.473471909793,107.20007432237057,86.07184779147342,83.19773070239405,80.26833156063466,78.58152263134593,84.14471482604617
120.0,120.0,120.0,120.0,120.0,120.0,120.0,120.0,120.0,120.0,108.55121751828888,108.55121374192026,108.55121472788906,108.55122092684688,108.5512305686013,108.55122513595806,108.55100132761557,108.54680468958249,108.4739572050654,107.20576098529234,86.12848522030957,83.38222761965369,80.7013736827627,79.26393005818785,84.75470407526097
120.0,120.0,120.0,120.0,120.0,120.0,120.0,120.0,120.0,120.0,108.55121054485936,108.55120504771999,108.55121052407189,108.55121698863724,108.55122750884875,108.55122963606797,108.55100299922744,108.5468443815566,108.47436585224052,107.21062660223546,86.17691695532375,83.54027310667244,81.0743705632681,79.86010695205167,85.29891899876871
120.0,120.0,120.0,120.0,120.0,120.0,120.0,120.0,120.0,120.0,108.55119964966097,108.55120083884215,108.55120212849887,108.55121378061362,108.55122420887737,108.5512272638373,108.55100982545328,108.54687313223612,108.47471716884063,107.21478025065896,86.21833527706751,83.67539090609144,81.3946057066143,80.37782582608817,85.77970074958574
120.0,120.0,120.0,120.0,120.0,120.0,120.0,120.0,120.0,120.0,108.55118556557059,108.55119077759225,108.55119982918004,108.55120600200358,108.55122209736614,108.55122485217227,108.55100999328151,108.5469022900725,108.4750126176805,107.2183310717938,86.25370842453327,83.79077695573048,81.66869654074931,80.82508442710176,86.20108513909756
120.0,120.0,120.0,120.0,120.0,120.0,120.0,120.0,120.0,120.0,108.55122782017023,108.55122116060497,108.55122232170336,108.55122852469462,108.55123219032323,108.55123612705478,108.55101850072273,108.54692801441185,108.47527272023885,107.22136330633369,86.28389914362506,83.88916847192743,81.90275948449512,81.20968680822074,86.5678808872262
120.0,120.0,120.0,120.0,120.0,120.0,120.0,120.0,120.0,120.0,108.5512191877492,108.55121589494131,108.55121751396769,108.551224537092,108.55123537212812,108.55123246013359,108.55102152784008,108.54694595177068,108.47548795017978,107.22395355000563,86.3096425634159,83.97295622846396,82.10222291860663,81.5392127883302,86.88524575069296
120.0,120.0,120.0,120.0,120.0,120.0,120.0,120.0,120.0,120.0,108.55121197898303,108.55120691854378,108.55121289812013,108.55122004424337,108.55123152453638,108.55123565212283,108.55101925670836,108.54696319808299,108.47567188776668,107.22616007664274,86.33158480621029,84.04423274746122,82.27188499861089,81.82067989883747,87.15853473897305
120.0,120.0,120.0,120.0,120.0,120.0,120.0,120.0,120.0,120.0,108.55120090695006,108.55120242956238,108.55120418401431,108.55121636870348,108.55122756690591,108.55123221833847,108.55102336272013,108.54697305396556,108.47583089717628,107.22804159508465,86.35026179148136,84.10481123554165,82.41598845489912,82.0604604346183,87.39291608422039
120.0,120.0,120.0,120.0,120.0,120.0,120.0,120.0,120.0,120.0,108.55118667789615,108.55119216667285,108.55120156614569,108.5512082308857,108.55122492306474,108.55122893867805,108.5510212141965,108.54698717849904,108.47596179717483,107.22964717776873,86.36615203291919,84.15624172290144,82.53823500370757,82.2643045540903,87.59324013500093
120.0,120.0,120.0,120.0,120.0,120.0,120.0,120.0,120.0,120.0,108.55122864004399,108.55122222974717,108.55122369431038,108.55123027411636,108.55123449397921,108.5512394532888,108.5510277506227,108.54699992916072,108.47608258467606,107.23101204440866,86.37966852416936,84.19987497169879,82.6418218227262,82.43730447268133,87.76399203453396
120.0,120.0,120.0,120.0,120.0,120.0,120.0,120.0,120.0,120.0,108.55121990258544,108.55121681186736,108.55121869247188,108.55122603338391,108.55123727991034,108.55123525697154,108.55102931162831,108.54700695580352,108.47617845861609,107.23217674632551,86.39114279458485,84.23687120938501,82.729522050215,82.58391216525183,87.90921212924421
120.0,120.0,120.0,120.0,120.0,120.0,120.0,120.0,120.0,120.0,108.55121259855771,108.5512077172779,108.55121390348368,108.55122132425193,108.55123315102544,108.55123796434223,108.55102581643241,108.54701513356983,108.47626032615916,107.23316382125188,86.40089269980244,84.26820945429674,82.80372365177615,82.70801594399408,88.03248545681066
120.0,120.0,120.0,120.0,120.0,120.0,120.0,120.0,120.0,120.0,108.55120145007801,108.5512031138347,108.55120505798179,108.55121745457615,108.55122895161357,108.55123418227193,108.55102886234113,108.54701723484142,108.47633237100584,107.23400241577797,86.40916155688898,84.2947510773438,82.86645726300387,82.81297917658162,88.1369767974527
120.0,120.0,120.0,120.0,120.0,120.0,120.0,120.0,120.0,120.0,108.55118715896216,108.55119276395965,108.55120230976485,108.55120917233289,108.55122609107389,108.55123060173817,108.55102588862543,108.54702473367904,108.47638885778287,107.23471739569841,86.41617208112211,84.31721294908651,82.91947673177548,82.90168196701191,88.22544547598248
120.0,120.0,120.0,120.0,120.0,120.0,120.0,120.0,120.0,120.0,108.55122898501492,108.55122268104971,108.55122427370915,108.55123101117805,108.55123545131043,108.5512408068516,108.55103167791013,108.54703189358692,108.47644601405352,107.23532194631187,86.422121561496,84.33621405832649,82.96426540942609,82.97660623302662,88.30027154653428
120.0,120.0,120.0,120.0,120.0,120.0,120.0,120.0,120.0,120.0,108.55122020289494,108.55121719886371,108.55121919028583,108.55122666262233,108.55123807844252,108.55123641429026,108.55103262423188,108.54703414739373,108.47648765959447,107.23583795992376,86.42715295608647,84.35228750488918,83.0020859458536,83.03986173004105,88.36351528632837
120.0,120.0,120.0,120.0,120.0,120.0,120.0,120.0,120.0,120.0,108.5512128523121,108.5512080533491,108.5512143283719,108.55122186439563,108.55123383113083,108.55123893136096,108.55102864215682,108.54703824560127,108.47652320106592,107.23627223478422,86.43142087282882,84.36586993277051,83.03402028866671,83.09324502587852,88.41693625590972
120.0,120.0,120.0,120.0,120.0,120.0,120.0,120.0,120.0,120.0,108.55120167388978,108.55120339656662,108.55120542595047,108.55121791333433,108.55122953447854,108.55123500379058,108.55103124780761,108.54703690653103,108.47655571617828,107.23663998416194,86.43502952384097,84.37735375479485,83.06097106278028,83.138289749681,88.46203751944469
120.0,120.0,120.0,120.0,120.0,120.0,120.0,120.0,120.0,120.0,108.55118735748763,108.5511930123496,108.5512026190949,108.55120956859669,108.55122658379614,108.55123130424332,108.55102791530837,108.54704144117458,108.47657854926494,107.2369542060303,86.43808124970154,84.38705495639823,83.08371837379238,83.176285079706,88.50010483510441
120.0,120.0,120.0,120.0,120.0,120.0,120.0,120.0,120.0,120.0,108.55122913660601,108.55122287724929,108.55122452394038,108.55123132670813,108.55123585912331,108.55124138402725,108.55103339296345,108.54704608012004,108.4766069967604,107.23721798264071,86.44066985517244,84.39524870854866,83.10291267881814,83.20833383839114,88.5322221064202
120.0,120.0,120.0,120.0,120.0,120.0,120.0,120.0,120.0,120.0,108.5512203351053,108.55121736736889,108.55121940531559,108.55122693403749,108.55123841973379,108.55123690836582,108.55103407328033,108.54704620087493,108.47662422166476,107.23744436627811,86.44284999018248,84.40217356682489,83.11910495801528,83.23536182245083,88.55931665899092
120.0,120.0,120.0,120.0,120.0,120.0,120.0,120.0,120.0,120.0,108.55121297164811,108.55120820079973,108.55121451226255,108.55122209654398,108.5512341239,108.55123934625058,108.55102987701785,108.5470484689535,108.47663899759787,107.23763266732038,86.44470030432316,84.40801527647537,83.13276954990422,83.25815231233483,88.58216924235282
120.0,120.0,120.0,120.0,120.0,120.0,120.0,120.0,120.0,120.0,108.55120177702679,108.55120352655726,108.55120558688809,108.55121811108623,108.55122978407692,108.55123535825513,108.55103229224568,108.54704558535175,108.47665384387953,107.23779166040407,86.44626013549319,84.41295222049399,83.1442926818238,83.27737322654693,88.60144067651521
120.0,120.0,120.0,120.0,120.0,120.0,120.0,120.0,120.0,120.0,108.55118744776044,108.5511931242137,108.55120275869349,108.55120974135362,108.55122679569406,108.55123160577305,108.55102880321276,108.54704879827167,108.47666167976618,107.2379287879562,86.44757646243794,84.4171181280666,83.15401585926821,83.29357757452082,88.61769431132878
120.0,120.0,120.0,120.0,120.0,120.0,120.0,120.0,120.0,120.0,108.55122919953091,108.55122296004558,108.55122462871977,108.55123146018602,108.5512360318618,108.551241630095,108.5510341394975,108.54705231184546,108.47667738325892,107.23804243485873,86.44869574166508,84.42063334300518,83.16221730756263,83.30724314849036,88.63139785830352
120.0,120.0,120.0,120.0,120.0,120.0,120.0,120.0,120.0,120.0,108.5512203893696,108.55121743802464,108.55121949665765,108.55122704748928,108.55123856402672,108.55123711915553,108.55103470409352,108.54705148096403,108.47668379948958,107.23814160084099,86.4496323624941,84.42360483650981,83.1691328006779,83.31876559062046,88.6429541295627
120.0,120.0,120.0,120.0,120.0,120.0,120.0,120.0,120.0,120.0,108.55121301848473,108.5512082618197,108.5512145897758,108.55122219552275,108.55123424642855,108.55123952269906,108.55103041388939,108.54705293878749,108.47668940998645,107.23822215119888,86.4504306395294,84.4261067350819,83.17496983329383,83.32847953467855,88.65269813115259
120.0,120.0,120.0,120.0,120.0,120.0,120.0,120.0,120.0,120.0,108.55120181753063,108.55120357859865,108.55120565384361,108.55121819464061,108.55122989075925,108.55123550793344,108.55103274493379,108.54704937181576,108.47669648467684,107.23828992273705,86.45110071376368,84.42822276946904,83.17988891380371,83.33667347730695,88.66091291557841
120.0,120.0,120.0,120.0,120.0,120.0,120.0,120.0,120.0,120.0,108.55118748236778,108.55119316899628,108.55120281551591,108.5512098135001,108.55122688534601,108.55123173531997,108.55102918673757,108.54705200079981,108.47669774025721,107.2383498473726,86.4516647625502,84.4300064578099,83.18404076760172,83.34357976345613,88.66784196439696
120.0,120.0,120.0,120.0,120.0,120.0,120.0,120.0,120.0,120.0,108.55122922721739,108.55122299579543,108.55122467425338,108.55123151797264,108.5512361061985,108.55124173611163,108.55103446463588,108.5470550197676,108.47670786607986,107.23839818354742,86.45214815905898,84.43151023776812,83.1875424139674,83.34940544311138,88.67368241032017
120.0,120.0,120.0,120.0,120.0,120.0,120.0,120.0,120.0,120.0,108.55122041385245,108.55121746891118,108.5512195359701,108.55122709679917,108.5512386266051,108.55123720997489,108.55103497762222,108.54705377349569,108.47670956356767,107.23844211173612,86.45254741866636,84.43278358922056,83.19049349071678,83.35431762335853,88.67860845842978
120.0,120.0,120.0,120.0,120.0,120.0,120.0,120.0,120.0,120.0,108.5512130396262,108.55120828881387,108.55121462352682,108.55122223804388,108.55123429962462,108.551239599375,108.55103064650908,108.54705487544523,108.47671118319357,107.23847596060199,86.45289168005736,84.43385201020477,83.1929865445937,83.35845812504321,88.68276203896288
120.0,120.0,120.0,120.0,120.0,120.0,120.0,120.0,120.0,120.0,108.55120183656473,108.55120360183894,108.55120568310373,108.55121823093992,108.55122993655884,108.55123557286304,108.55103294166317,108.54705101023465,108.476714877931,107.23850425905692,86.45317823403273,84.43475810142232,83.19508505871603,83.36195280918183,88.68626324426873
120.0,120.0,120.0,120.0,120.0,120.0,120.0,120.0,120.0,120.0,108.55118750026774,108.55119318984188,108.55120284067256,108.55120984478799,108.55122692425434,108.55123179103403,108.55102935297045,108.54705338559076,108.47671327841618,107.23853082220378,86.45341837024293,84.43552061387282,83.19685787843203,83.36489686315794,88.68921806131964
120.0,120.0,120.0,120.0,120.0,120.0,120.0,120.0,120.0,120.0,108.55122923899924,108.55122301090579,108.55122469370403,108.5512315425145,108.55123613753227,108.55124178154405,108.55103460466276,108.54705618860024,108.47672098863407,107.23855097409083,86.45362822757757,84.43616260405649,83.19835293122942,83.3673816936202,88.69170764149042
120.0,120.0,120.0,120.0,120.0,120.0,120.0,120.0,120.0,120.0,108.5512204244647,108.55121748206314,108.55121955253432,108.55122711784472,108.55123865316573,108.55123724848173,108.55103509560772,108.54705476158435,108.47672064427186,107.23857109350902,86.4537965294977,84.43670871477705,83.19961156586652,83.36947690292777,88.69380838846676
120.0,120.0,120.0,120.0,120.0,120.0,120.0,120.0,120.0,120.0,108.55121304827983,108.55120830055924,108.55121463791069,108.55122225593333,108.55123432232482,108.55123963201963,108.5510307463035,108.54705570966703,108.47672053981584,107.23858483237726,86.45394580508788,84.43716348004925,83.20067714767829,83.37124211307221,88.69557976185698
120.0,120.0,120.0,120.0,120.0,120.0,120.0,120.0,120.0,120.0,108.55120184446602,108.55120361141476,108.55120569583025,108.55121824641957,108.55122995582474,108.55123560063075,108.5510330261024,108.54705171483768,108.47672277681117,107.23859615013309,86.45406775624878,84.4375517846643,83.20157168303042,83.37273388500208,88.69707232528086
120.0,120.0,120.0,120.0,120.0,120.0,120.0,120.0,120.0,120.0,108.55118750808083,108.551193198636,108.55120285109128,108.55120985836678,108.55122694085654,108.55123181456095,108.55102942440232,108.5470539807282,108.47671994634358,107.23860837441639,86.45416895759021,84.43787741668544,83.2023290264806,83.37398899063295,88.69833344679482
120.0,120.0,120.0,120.0,120.0,120.0,120.0,120.0,120.0,120.0,108.55122924382803,108.55122301731609,108.55122470196797,108.55123155278878,108.55123615114564,108.55124180097931,108.55103466449576,108.54705669070718,108.47672661682131,107.2386164205932,86.45426155068711,84.43815081056981,83.2029675865439,83.37504959014151,88.69939486417415
120.0,120.0,120.0,120.0,120.0,120.0,120.0,120.0,120.0,120.0,108.55122042845979,108.55121748741811,108.55121955956646,108.551227126865,108.5512386642939,108.55123726515095,108.55103514625192,108.54705518542835,108.47672539443182,107.23862632123932,86.45433088688374,84.43838594362111,83.20350382465541,83.37594376424684,88.7002913243891
120.0,120.0,120.0,120.0,120.0,120.0,120.0,120.0,120.0,120.0,108.5512130520864,108.55120830521285,108.55121464376607,108.55122226353693,108.55123433210917,108.55123964575789,108.55103078927677,108.5470560675662,108.47672454868703,107.23863143418234,86.45439664699131,84.43857834972822,83.20396010795143,83.37669613939731,88.70104716572993
120.0,120.0,120.0,120.0,120.0,120.0,120.0,120.0,120.0,120.0,108.55120184750649,108.55120361558255,108.55120570105096,108.55121825274266,108.55122996402393,108.55123561263285,108.55103306207917,108.54705201709072,108.47672616000487,107.23863547153553,86.4544481230253,84.43874532063882,83.20434073268639,83.3773337677056,88.70168335101769
120.0,120.0,120.0,120.0,120.0,120.0,120.0,120.0,120.0,120.0,108.55118750999495,108.55119320189645,108.55120285557837,108.55120986407243,108.55122694767743,108.55123182459667,108.55102945517041,108.54705423556015,108.4767228013661,107.23864155166481,86.45448985702347,84.43888423135617,83.2046646212753,83.37786854127687,88.70222228922799
120.0,120.0,120.0,120.0,120.0,120.0,120.0,120.0,120.0,120.0,108.55122924565997,108.55122301996765,108.55122470523854,108.55123155711182,108.55123615703276,108.55124180914241,108.55103469015422,108.54705690599906,108.47672902557673,107.2386444126571,86.45453227409297,84.43900010682974,83.20493758328098,83.37832164914228,88.70267467543091
120.0,120.0,120.0,120.0,120.0,120.0,120.0,120.0,120.0,120.0,108.55122042975226,108.55121748953336,108.55121956254835,108.55122713044179,108.5512386689962,108.55123727238882,108.55103516780167,108.54705536695941,108.47672742720503,107.23864993751333,86.45455927484808,84.43910236021208,83.20516545588966,83.37870348552958,88.703057520308
120.0,120.0,120.0,120.0,120.0,120.0,120.0,120.0,120.0,120.0,108.55121305351038,108.55120830679591,108.55121464613103,108.55122226681249,108.55123433601813,108.55123965158761,108.55103080781825,108.54705622064756,108.47672626366085,107.23865135866677,86.45458931583552,84.43918267216021,83.20536164695108,83.3790237655894,88.70338020423898
120.0,120.0,120.0,120.0,120.0,120.0,120.0,120.0,120.0,120.0,108.55120184842849,108.55120361719092,108.55120570290137,108.55121825532923,108.55122996759403,108.55123561751124,108.55103307743873,108.54705214661301,108.47672760684686,107.23865228053559,86.45461065740247,84.43925508412534,83.20552289395148,83.37929696998812,88.70365108001322
120.0,120.0,120.0,120.0,120.0,120.0,120.0,120.0,120.0,120.0,108.55118751011769,108.55119320290048,108.55120285735867,108.55120986616289,108.55122695049018,108.55123182898704,108.55102946811071,108.5470543445524,108.47672402238526,107.23865573202619,86.45462696750225,84.43931423001828,83.20566174525631,83.37952438776412,88.70388192549488
120.0,120.0,120.0,120.0,120.0,120.0,120.0,120.0,120.0,120.0,108.5512292464763,108.55122302108911,108.5512247066221,108.55123155905522,108.55123615939837,108.5512418126667,108.55103470134651,108.54705699795089,108.47673005540143,107.23865637567212,86.45464793595156,84.43936281957627,83.20577863529886,83.37971826828147,88.7040744694771
120.0,120.0,120.0,120.0,120.0,120.0,120.0,120.0,120.0,120.0,108.55122043040085,108.55121749048692,108.55121956381339,108.55122713193853,108.55123867112741,108.55123727534303,108.55103517703567,108.54705544481804,108.4767282960287,107.23866002916712,86.45465684319728,84.43940831445384,83.20587486568031,83.37988146779398,88.70423816351106
120.0,120.0,120.0,120.0,120.0,120.0,120.0,120.0,120.0,120.0,108.5512130541092,108.55120830750565,108.55121464720133,108.55122226820082,108.55123433764199,108.55123965422224,108.55103081562042,108.54705628609814,108.47672699688586,107.23865987181124,86.45467161930333,84.43944074949276,83.20596002021226,83.38001734311469,88.70437601399458
120.0,120.0,120.0,120.0,120.0,120.0,120.0,120.0,120.0,120.0,108.55120184891352,108.55120361787388,108.55120570367914,108.55121825650048,108.55122996910465,108.55123561953685,108.55103308416606,108.54705220187239,108.476728225143,107.238659462258,86.45468008395962,84.43947277504869,83.20602761151112,83.380135014047,88.70449099751619
120.0,120.0,120.0,120.0,120.0,120.0,120.0,120.0,120.0,120.0,108.55118751051292,108.55119320345217,108.55120285812256,108.55120986700983,108.5512269517622,108.55123183084542,108.55102947357173,108.54705439131362,108.47672454404336,107.23866178998105,86.45468553204056,84.4394978542409,83.20608746591343,83.38023124894978,88.70459035934032
120.0,120.0,120.0,120.0,120.0,120.0,120.0,120.0,120.0,120.0,108.5512292472598,108.55122302176864,108.55122470750277,108.55123156008099,108.55123616042805,108.55124181429869,108.55103470615822,108.54705703720252,108.4767304956193,107.2386614859579,86.45469733654474,84.43951770849417,83.20613772397238,83.38031448317533,88.70467200589498
120.0,120.0,120.0,120.0,120.0,120.0,120.0,120.0,120.0,120.0,108.55122043156688,108.55121749132427,108.55121956452778,108.55122713282042,108.55123867220505,108.55123727660319,108.55103518110447,108.5470554781075,108.47672866715685,107.23866434009611,86.45469851403709,84.43953896372317,83.2061777522264,83.38038435785084,88.70474216416912
120.0,120.0,120.0,120.0,120.0,120.0,120.0,120.0,120.0,120.0,108.55121305454769,108.55120830849776,108.5512146480661,108.5512222689423,108.55123433853382,108.55123965548587,108.55103081893088,108.5470563141834,108.47672731013225,107.23866350800506,86.45470677003975,84.43955095269285,83.20621550061772,83.38044151811907,88.70480112233837
120.0,120.0,120.0,120.0,120.0,120.0,120.0,120.0,120.0,120.0,108.55120184989312,108.55120361835202,108.55120570452722,108.55121825737075,108.5512299698725,108.55123562056136,108.55103308715104,108.54705222543639,108.47672848938025,107.23866252967193,86.4547097338024,84.43956573215408,83.20624310596119,83.38049279536963,88.70484956430849
120.0,120.0,120.0,120.0,120.0,120.0,120.0,120.0,120.0,120.0,108.5511875127192,108.55119320459437,108.55120285864216,108.55120986774455,108.55122695262683,108.55123183173374,108.55102947603092,108.54705441137726,108.47672476680431,107.23866437745194,86.45471054241408,84.43957626329085,83.20626923327502,83.38053302970852,88.70489280076958
120.0,120.0,120.0,120.0,120.0,120.0,120.0,120.0,120.0,120.0,108.46036551972267,108.43142252688324,108.41094165884596,108.40563675603879,108.41042868976359,108.42920903092346,108.47251326631861,108.54013614207646,108.47677055559339,107.23869046845097,86.45472973376219,84.43959383863844,83.20627031710845,83.38055781505881,88.23845739297403
120.0,120.0,120.0,120.0,120.0,120.0,120.0,120.0,120.0,120.0,108.4092301456759,108.45109034387545,108.43124875685065,108.41710251763145,108.41826450530635,108.43670390100208,108.4786358840082,108.54270756998676,108.47678825392765,107.23869523486852,86.45469959136764,84.43957085669958,83.20628836342746,83.38058727162385,88.23020131744698
120.0,120.0,120.0,120.0,120.0,120.0,120.0,120.0,120.0,120.0,108.3758241358609,108.41429176138676,108.43998208614629,108.43109254692759,108.42679260015669,108.44098666808368,108.48113090190247,108.54531691468506,108.47702989432351,107.23868788334714,86.45470394831774,84.43955282723104,83.20629300608257,83.38061252705737,88.18744843207162
120.0,120.0,120.0,120.0,120.0,120.0,120.0,120.0,120.0,120.0,108.360009580617,108.38760021755647,108.4147239743527,108.43228524875306,108.43588123515633,108.44725166994914,108.48363752651535,108.54577407974897,108.48346666817449,107.23933099278199,86.45470982715885,84.43956855515724,83.20629448685358,83.3806101303175,88.1855168037785
120.0,120.0,120.0,120.0,120.0,120.0,120.0,120.0,120.0,120.0,108.33656353130063,108.37110287563476,108.39506003787126,108.41581618163333,108.43272527484805,108.4520948793013,108.48746669041493,108.54639997941977,108.48713423037375,107.24640453671725,86.45621656252035,84.4395786822145,83.20627246070435,83.37347809815144,88.18217772539114
120.0,120.0,120.0,120.0,120.0,120.0,120.0,120.0,120.0,120.0,108.5401173340004,108.53797085991314,108.54191651895552,108.5498923041915,108.54603536334747,108.54825734164875,108.55421419644549,108.55669080907063,108.4885666037114,107.25006389676238,86.4708890399796,84.4408963504918,83.20633698227562,83.3718019185515,88.62772020084881
120.0,120.0,120.0,120.0,120.0,120.0,120.0,120.0,120.0,120.0,108.53842157640952,108.53663271119974,108.53760046544376,108.54380193139166,108.55223156655259,108.5474346609585,108.5507996976354,108.5554040150618,108.48970210203915,107.25206834181947,86.47935416085998,84.45315142518946,83.20660642240867,83.37105914935702,88.6258707488731
120.0,120.0,120.0,120.0,120.0,120.0,120.0,120.0,120.0,120.0,108.5502165797784,108.53173644752974,108.53551469637051,108.53797488319515,108.54490837271709,108.55360578780508,108.54874711870413,108.54890386969468,108.48806785357789,107.25443606328575,86.48428084904312,84.46064876221511,83.21553278812385,83.36991288450031,88.69045563034429
120.0,120.0,120.0,120.0,120.0,120.0,120.0,120.0,120.0,120.0,108.54920971466983,108.54954286788809,108.528722491355,108.53594507083487,108.53889808825157,108.54569661896159,108.55446276345461,108.54656639668907,108.48038286432377,107.25334641725256,86.49193141113912,84.46531001044902,83.2211074247238,83.37558129376308,88.68841619484537
120.0,120.0,120.0,120.0,120.0,120.0,120.0,120.0,120.0,120.0,108.54916032075543,108.5472271311593,108.54871207380519,108.52797346740802,108.53729198478582,108.54018479317435,108.54619748490566,108.55147569342644,108.4782884671428,107.24564234873051,86.49215151690767,84.4740661320431,83.2246784752274,83.38580394367712,88.69718698201169
120.0,120.0,120.0,120.0,120.0,120.0,120.0,120.0,120.0,120.0,108.55109825585002,108.54746810989785,108.54503786252812,108.54784614595158,108.52857634335372,108.53911836805322,108.54151919275772,108.54297297816625,108.48222406246565,107.24394892294565,86.47811377136253,84.47667066284671,83.23301693808493,83.38950490310773,88.70562837518763
120.0,120.0,120.0,120.0,120.0,120.0,120.0,120.0,120.0,120.0,108.55071520187593,108.55096766061463,108.54560526180374,108.5428870429467,108.54701285279882,108.52989020854206,108.54091307640205,108.53923775277983,108.47359387586094,107.24703531105051,86.47536300299531,84.4669807353346,83.23759346337792,83.39747337920474,88.7082774906361
120.0,120.0,120.0,120.0,120.0,120.0,120.0,120.0,120.0,120.0,108.5508121620262,108.55012002378854,108.55075751915344,108.54383429198322,108.5410380101967,108.54632852518756,108.53136760279087,108.53895653281496,108.47077836902514,107.23803647798795,86.48050444653492,84.46635868349539,83.23229199893463,83.40310211389287,88.71459996605816
120.0,120.0,120.0,120.0,120.0,120.0,120.0,120.0,120.0,120.0,108.55118211557122,108.55042609252061,108.54926908639952,108.55044535223867,108.54229796304877,108.5396148416515,108.54566157653169,108.52923409854182,108.47065064198884,107.23534302735187,86.46221539559781,84.47085631274155,83.23416698894071,83.40108037979412,88.7187617471966
120.0,120.0,120.0,120.0,120.0,120.0,120.0,120.0,120.0,120.0,108.55105107842539,108.55114681523989,108.54992160519437,108.54818889148571,108.55003047922332,108.54106311618517,108.53846984115977,108.54148522845021,108.46084393791102,107.23535445271767,86.45570997427504,84.45547402296773,83.23892378170005,83.4048888028907,88.71778840670443
120.0,120.0,120.0,120.0,120.0,120.0,120.0,120.0,120.0,120.0,108.55114656291953,108.55092218785882,108.55112013360434,108.54934484071411,108.54695738592035,108.54953506918137,108.53996458471752,108.53404094900644,108.4712141704203,107.22485486335373,86.45597040622211,84.44972072780033,83.22730977312213,83.40992863125636,88.72185992635676
120.0,120.0,120.0,120.0,120.0,120.0,120.0,120.0,120.0,120.0,108.5512161089396,108.55105528973924,108.55065041784064,108.55101470121168,108.54867986570012,108.5456086037249,108.54876774198382,108.53541401326821,108.46371557168688,107.23271466271783,86.43369856594711,84.45041366938302,83.22342130447517,83.4018833781374,88.7258249101259
120.0,120.0,120.0,120.0,120.0,120.0,120.0,120.0,120.0,120.0,108.5511757129249,108.55119568787369,108.55093513680855,108.55026211799697,108.5508476861831,108.5479803800818,108.54404647015402,108.54421904677221,108.46477088026504,107.22570403566402,86.44315797451584,84.43070521939887,83.22489500975291,83.40027560845368,88.72011579205817
120.0,120.0,120.0,120.0,120.0,120.0,120.0,120.0,120.0,120.0,108.55118483727043,108.55112091309483,108.55117316847168,108.55078095965061,108.54974816178563,108.55059663908794,108.54708125613998,108.53878721698852,108.47327660983265,107.2251118542956,86.43066730537119,84.43436032524787,83.20881152520484,83.40255859749941,88.72041425885959
120.0,120.0,120.0,120.0,120.0,120.0,120.0,120.0,120.0,120.0,108.5511859455326,108.55116002122156,108.55104146239702,108.55113710499482,108.55059199154313,108.549102118317,108.5500557024417,108.5424446816785,108.46729073928678,107.2334169821138,86.42464362168924,84.42414327066447,83.20932809876426,83.39023037975859,88.72260613231323
120.0,120.0,120.0,120.0,120.0,120.0,120.0,120.0,120.0,120.0,108.55121905140054,108.55121837559271,108.55116645421752,108.55094655090866,108.55109223735292,108.55037278132853,108.54814711455403,108.54566537148195,108.47139620983333,107.22707355413615,86.43967726324094,84.4151181874051,83.20120020917317,83.38993302550618,88.71368651996801
120.0,120.0,120.0,120.0,120.0,120.0,120.0,120.0,120.0,120.0,108.55121700852052,108.55119503591561,108.55120745738114,108.55113289558983,108.55077440521099,108.55097981416067,108.54990098116,108.54332436061867,108.47476724657625,107.23073525915956,86.42710821976598,84.42546252642968,83.19114148387966,83.38385906611674,88.71452778370542
120.0,120.0,120.0,120.0,120.0,120.0,120.0,120.0,120.0,120.0,108.55121237506613,108.5512017690858,108.55117016752061,108.5511947281953,108.55109154552943,108.5505322181188,108.55060649768069,108.54562467286915,108.47202937082075,107.23497926149396,86.43150498222577,84.4140268392948,83.19711690912223,83.37442965031111,88.70988829735062
120.0,120.0,120.0,120.0,120.0,120.0,120.0,120.0,120.0,120.0,108.55119907385358,108.55120174503338,108.55119420983084,108.55113752558161,108.5511740022053,108.55103034336008,108.55001381043097,108.54639469163808,108.47484747174151,107.23172141906151,86.44182706009988,84.41473885838927,83.18665251749236,83.37761103350456,88.70313114352648
120.0,120.0,120.0,120.0,120.0,120.0,120.0,120.0,120.0,120.0,108.55118682642552,108.55118718753349,108.55119819194472,108.55119097684832,108.55109075320362,108.5511281291488,108.55074626668512,108.54565033707132,108.47570121484674,107.23484438827931,86.4347694630974,84.42388618190235,83.18443085193812,83.36821261319756,88.70560900785384
120.0,120.0,120.0,120.0,120.0,120.0,120.0,120.0,120.0,120.0,108.55122895206854,108.55122179085538,108.55121276009604,108.55122112000807,108.55120674786018,108.55102583689731,108.55085650326335,108.54667183588568,108.47479996467698,107.23641618697314,86.4404412905108,84.41700889974845,83.1911634354412,83.36449560343279,88.69768082521828
120.0,120.0,120.0,120.0,120.0,120.0,120.0,120.0,120.0,120.0,108.55121967748488,108.55121675195555,108.55121744291681,108.55120511618883,108.55121738741589,108.55119335904747,108.55071017704728,108.54676507013204,108.47612785349254,107.23521058844584,86.44567853089454,84.4207899166344,83.18428408995382,83.36888450842127,88.69516301540067
120.0,120.0,120.0,120.0,120.0,120.0,120.0,120.0,120.0,120.0,108.55121291135833,108.5512067168385,108.55121289985495,108.55121877750031,108.55119635249174,108.55119961339666,108.55096696411985,108.54658487854864,108.47623779923808,107.23692341798932,86.4428997961171,84.4265591279308,83.18594913663632,83.36197251733871,88.69799767771009
120.0,120.0,120.0,120.0,120.0,120.0,120.0,120.0,120.0,120.0,108.55120172029385,108.55120338659049,108.55120256397255,108.55121443402402,108.55122442211392,108.55117370909592,108.55096258713625,108.5469563297633,108.47601637541005,107.23741556704671,86.4467017892188,84.42379875448992,83.19105780764346,83.3620897619251,88.69185594020048
120.0,120.0,120.0,120.0,120.0,120.0,120.0,120.0,120.0,120.0,108.55118729846066,108.55119291731855,108.55120248556771,108.55120405473222,108.55121920485546,108.55122320949823,108.55093322517452,108.54693513816504,108.47653096608873,107.23708606604364,86.44906039728637,84.42711969805441,83.18814709360127,83.3659591223038,88.69215720353529
120.0,120.0,120.0,120.0,120.0,120.0,120.0,120.0,120.0,120.0,108.5512292094501,108.55122260167953,108.55122407660174,108.55123096438375,108.55122601079766,108.55122715308848,108.55102121628984,108.546910490457,108.47651237762614,107.23785733452894,86.44832435540913,84.43030365850029,83.19057892881345,83.36273419813485,88.69459529124534
120.0,120.0,120.0,120.0,120.0,120.0,120.0,120.0,120.0,120.0,108.55122037717109,108.5512174408506,108.5512187534283,108.55122579066723,108.55123770364011,108.55122042928937,108.55100894366707,108.54703146748972,108.47648002588728,107.23801078979338,86.45034652183739,84.429690765711,83.19390768518002,83.36430571717568,88.69155298111022
120.0,120.0,120.0,120.0,120.0,120.0,120.0,120.0,120.0,120.0,108.55121299106631,108.55120820015041,108.55121457795698,108.5512207776393,108.55123164632978,108.55123804323507,108.55100392122668,108.54701032119966,108.47665791467021,107.23796078673088,86.45139815372718,84.43182737789968,83.19331866589272,83.36719756541834,88.69289293045637
120.0,120.0,120.0,120.0,120.0,120.0,120.0,120.0,120.0,120.0,108.5512018325609,108.55120350255872,108.55120548045922,108.55121815213352,108.55122735770722,108.55123051721569,108.55103018612043,108.54700891392487,108.47663542330261,107.23827282874632,86.4513670480555,84.43352197783969,83.19530874733253,83.36643631042504,88.69479063539947
120.0,120.0,120.0,120.0,120.0,120.0,120.0,120.0,120.0,120.0,108.55118748688133,108.55119318524213,108.55120264733338,108.55120941022669,108.55122677673472,108.5512274496455,108.55102022192244,108.5470475447609,108.4766385559718,107.2383288154368,86.45233736823658,84.43368660046181,83.19736322288549,83.36813714834773,88.69392834754949
120.0,120.0,120.0,120.0,120.0,120.0,120.0,120.0,120.0,120.0,108.55122922601637,108.55122298042869,108.5512246875519,108.55123118483327,108.55123526141327,108.55124148393772,108.55102753140015,108.54704012432221,108.47670173121503,107.23834432756527,86.45283043409538,84.43490658485034,83.19769531706355,83.3701552340182,88.69532548896318
120.0,120.0,120.0,120.0,120.0,120.0,120.0,120.0,120.0,120.0,108.55122042277245,108.55121745708037,108.551219485936,108.55122710588581,108.55123802131921,108.55123557704908,108.55103443180118,108.54704298116329,108.47668966179447,107.23846808633307,86.45295832159871,84.43581811505447,83.19906038712477,83.37049047885155,88.69673583360675
120.0,120.0,120.0,120.0,120.0,120.0,120.0,120.0,120.0,120.0,108.55121304296031,108.55120829883491,108.55121459101989,108.55122211643923,108.55123429300752,108.55123855978961,108.55102769542795,108.54705384530102,108.47669628203717,107.23849244063071,86.453412688247,84.43613858685443,83.2003117564876,83.37185648221286,88.69689462112319
120.0,120.0,120.0,120.0,120.0,120.0,120.0,120.0,120.0,120.0,108.55120184044883,108.55120360083293,108.55120569369097,108.55121816138902,108.55122967746938,108.55123552354422,108.55103123403808,108.54704616373934,108.47671489100621,107.23851197225818,86.45365493851986,84.43680973289882,83.20083985676008,83.37321650900577,88.6980100468417
120.0,120.0,120.0,120.0,120.0,120.0,120.0,120.0,120.0,120.0,108.55118750679752,108.55119319187166,108.5512028294509,108.55120985422698,108.55122679213352,108.55123128416798,108.5510292100283,108.54705074342955,108.47670808686209,107.23856073010174,86.453777788015,84.43731008781421,83.2017133261438,83.37383773166589,88.69901831390358
120.0,120.0,120.0,120.0,120.0,120.0,120.0,120.0,120.0,120.0,108.55122924182353,108.55122301619393,108.55122469060251,108.551231509279,108.5512361405283,108.55124154778234,108.55103368525661,108.54705596372227,108.47671847120162,107.2385741471803,86.45399434210627,84.43758546082451,83.20247367100173,83.37481096918746,88.69948037001534
120.0,120.0,120.0,120.0,120.0,120.0,120.0,120.0,120.0,120.0,108.55122042740236,108.55121748380964,108.55121955813048,108.55122710710515,108.55123857874676,108.55123723539111,108.55103470715437,108.54705331912953,108.47672188167068,107.23859063175874,86.45411850341927,84.43795529434749,83.20293164518533,83.37570418895217,88.70027703855047
120.0,120.0,120.0,120.0,120.0,120.0,120.0,120.0,120.0,120.0,108.55121305124248,108.55120830340515,108.55121463686366,108.55122226106708,108.55123429836766,108.5512394832533,108.55103070202098,108.54705516457273,108.47671997910825,107.23860861566256,86.45420869381934,84.43823538441184,83.20347464482793,83.37627269943602,88.70096963075834
120.0,120.0,120.0,120.0,120.0,120.0,120.0,120.0,120.0,120.0,108.5512018467098,108.55120361465961,108.55120569810076,108.55121823934459,108.55122995855764,108.5512355550899,108.55103275730123,108.54705170078866,108.47672322317399,107.23861573446631,86.45431108499173,84.43843082263702,83.20393536305968,83.37692442731597,88.70142028093598
120.0,120.0,120.0,120.0,120.0,120.0,120.0,120.0,120.0,120.0,108.5511875102548,108.55119320071134,108.55120285447569,108.55120985932234,108.55122692197637,108.55123181096523,108.55102934874775,108.54705361335222,108.47672115999137,107.23862555090528,86.45437933902453,84.43863511077323,83.20426814229542,83.3774982560778,88.70195677823665
120.0,120.0,120.0,120.0,120.0,120.0,120.0,120.0,120.0,120.0,108.55122924371817,108.55122301746421,108.55122470210257,108.5512315550085,108.55123614883843,108.55124176024286,108.55103465156895,108.5470566368586,108.47672720508325,107.23863311672608,86.45443828075811,84.43879711604534,83.20459973498166,83.37792512150237,88.70241607214372
120.0,120.0,120.0,120.0,120.0,120.0,120.0,120.0,120.0,120.0,108.55122042873296,108.55121748783633,108.55121956007275,108.55122712549642,108.55123866563073,108.55123725899284,108.55103507435521,108.5470552237784,108.47672625850507,107.23864040054556,86.45448712904118,84.43892457890995,83.2048798690252,83.37834465983454,88.70276313565446
120.0,120.0,120.0,120.0,120.0,120.0,120.0,120.0,120.0,120.0,108.55121304857776,108.55120830525637,108.55121464457568,108.55122226425082,108.55123432765375,108.55123964487186,108.55103078057029,108.54705600932473,108.4767254716649,107.23864373085317,86.45453057738122,84.43903805801034,83.20510224833082,83.3787075401279,88.70311048258687
120.0,120.0,120.0,120.0,120.0,120.0,120.0,120.0,120.0,120.0,108.55120184585142,108.55120361289265,108.55120570084705,108.55121825372636,108.5512299647116,108.5512356026459,108.5510330602132,108.54705205545595,108.47672683841695,107.23864650243694,86.45456164291157,84.43913567823496,83.20530167353417,83.37899905421018,88.7034068381362
120.0,120.0,120.0,120.0,120.0,120.0,120.0,120.0,120.0,120.0,108.55118751057604,108.55119320125172,108.5512028536958,108.55120986347937,108.55122694847843,108.5512318250982,108.5510294391742,108.54705427857647,108.47672350568143,107.23865092938874,86.45458796217615,84.43921208598725,83.20547411667486,83.37926197055963,88.70364723060815
120.0,120.0,120.0,120.0,120.0,120.0,120.0,120.0,120.0,120.0,108.55122924649498,108.55122302048709,108.55122470691165,108.5512315584992,108.55123615714722,108.55124181013473,108.55103469362456,108.54705692274877,108.47672966178015,107.23865252374614,86.45461593954101,84.4392783651423,83.20561422442967,83.37949027641983,88.7038663921939
120.0,120.0,120.0,120.0,120.0,120.0,120.0,120.0,120.0,120.0,108.55122043096362,108.55121749028092,108.55121956290073,108.55122713231815,108.55123867048891,108.55123727117063,108.55103516998388,108.54705540881118,108.47672794742742,107.23865697739315,86.45463030738448,84.43933802727959,83.20573481625448,83.37967777485788,88.70405503247484
120.0,120.0,120.0,120.0,120.0,120.0,120.0,120.0,120.0,120.0,108.55121305409833,108.55120830794965,108.55121464688479,108.55122226702134,108.55123433787341,108.5512396532691,108.55103080669547,108.54705625557894,108.47672674692173,107.23865735158418,86.45465000666076,84.4393812733844,83.20584121689542,83.37984058533888,88.70421090384481
120.0,120.0,120.0,120.0,120.0,120.0,120.0,120.0,120.0,120.0,108.55120184938816,108.5512036177678,108.55120570401775,108.55121825614535,108.55122996760885,108.55123561922065,108.55103308135992,108.54705217261416,108.47672802316663,107.23865742092154,86.45466223869364,84.43942314150523,83.20592537888086,83.37998286265933,88.70434713292445
120.0,120.0,120.0,120.0,120.0,120.0,120.0,120.0,120.0,120.0,108.55118751193912,108.55119320397893,108.55120285789556,108.55120986724562,108.55122695140032,108.55123182879001,108.55102947122803,108.54705437476933,108.47672437359427,107.238660129674,86.45467072549849,84.43945634435232,83.20600055059514,83.38009877169318,88.70446567647923
120.0,120.0,120.0,120.0,120.0,120.0,120.0,120.0,120.0,120.0,108.55122924715995,108.55122302166039,108.55122470738253,108.5512315594827,108.55123616029482,108.55124181364891,108.5510347022679,108.54705702300411,108.47673036600797,107.23866011449215,86.4546851071335,84.43948273367994,83.20606405882536,83.38020060323821,88.70456290513914
120.0,120.0,120.0,120.0,120.0,120.0,120.0,120.0,120.0,120.0,108.55122043145545,108.55121749115523,108.55121956437203,108.55122713270787,108.5512386714253,108.55123727627107,108.55103517967447,108.54705546463582,108.47672856038136,107.23866321715667,86.45468835938152,84.43950963173718,83.20611494855319,83.3802869524299,88.70464812212718
120.0,120.0,120.0,120.0,120.0,120.0,120.0,120.0,120.0,120.0,108.55121305452697,108.55120830846934,108.55121464783964,108.55122226874992,108.5512343384227,108.55123965444689,108.55103081771045,108.5470563057057,108.47672722062642,107.23866258161866,86.45469831917102,84.43952634549304,83.20616221319727,83.38035784633814,88.70472037911917
120.0,120.0,120.0,120.0,120.0,120.0,120.0,120.0,120.0,120.0,108.55120184976991,108.55120361830481,108.55120570455041,108.55121825708946,108.55122996963824,108.55123562041126,108.5510330853359,108.54705221813838,108.47672841897874,107.23866176088282,86.45470269735173,84.4395450239028,83.20619799094302,83.38042131887413,88.70478000068258
120.0,120.0,120.0,120.0,120.0,120.0,120.0,120.0,120.0,120.0,108.5511875123403,108.5511932044253,108.55120285856286,108.55120986779784,108.55122695228438,108.55123183140724,108.55102947545677,108.54705440458387,108.4767247081679,107.23866374274407,86.4547046714626,84.43955885212065,83.2062309553385,83.38047216230456,88.70483326543895
120.0,120.0,120.0,120.0,120.0,120.0,120.0,120.0,120.0,120.0,108.55122924641998,108.55122302089002,108.55122470727952,108.55123155988949,108.55123616054995,108.55124181431282,108.55103470718335,108.54705704943075,108.47673063435236,107.23866314028511,86.45471353142639,84.4395692100376,83.20625862028638,83.38051713105227,88.70487629753244
120.0,120.0,120.0,120.0,120.0,120.0,120.0,120.0,120.0,120.0,108.55122043120844,108.55121749066912,108.55121956380653,108.55122713266049,108.55123867204561,108.55123727683898,108.55103518182827,108.54705548802927,108.47672878621033,107.23866574072576,86.45471220798723,84.43958243381228,83.20627965099199,83.38055491606211,88.70491393466261
120.0,120.0,120.0,120.0,120.0,120.0,120.0,120.0,120.0,120.0,108.55121305189564,108.5512083080339,108.55121464757163,108.55122226838667,108.5512343384374,108.55123965539951,108.551030819853,108.54705632249954,108.47672741050104,107.23866469518264,86.45471834608645,84.43958763917283,83.20630137477924,83.38058513805639,88.7049456495771
120.0,120.0,120.0,120.0,120.0,120.0,120.0,120.0,120.0,120.0,108.55120184842754,108.5512036161068,108.55120570400564,108.55121825700338,108.55122996947749,108.55123562056234,108.55103308761474,108.54705223289189,108.4767285743636,107.23866353351104,86.45471951996176,84.43959669504933,83.2063154839173,83.38061372840355,88.70497122540046
120.0,120.0,120.0,120.0,120.0,120.0,120.0,120.0,120.0,120.0,108.55118751273622,108.55119320368435,108.5512028568059,108.55120986721525,108.55122695235663,108.55123183151548,108.55102947653722,108.54705441734036,108.47672483926424,107.23866522636906,86.45471880941083,84.43960239454898,83.20633024978324,83.38063488450257,88.70499521433081
120.0,120.0,120.0,120.0,120.0,120.0,120.0,120.0,120.0,120.0,108.55122924742707,108.55122302175256,108.55122470825205,108.551231560374,108.55123616110606,108.55124181523759,108.55103470874096,108.54705705943358,108.47673074473073,107.23866438684469,86.45472541635613,84.43960589543452,83.20634248259286,83.38065484181344,88.70501334629797
120.0,120.0,120.0,120.0,120.0,120.0,120.0,120.0,120.0,120.0,108.55122043192559,108.55121749136752,108.55121956438403,108.55122713376296,108.55123867255222,108.5512372773882,108.55103518342321,108.54705549682221,108.47672887759926,107.23866678801296,86.45472220833187,84.43961335597331,83.20635044143572,83.3806713658136,88.70502997783976
120.0,120.0,120.0,120.0,120.0,120.0,120.0,120.0,120.0,120.0,108.55121305462795,108.55120830895454,108.55121464807692,108.55122226874575,108.55123433957638,108.55123965596509,108.55103082085823,108.54705633009625,108.47672748774978,107.23866557387518,86.45472676116542,84.43961370851096,83.2063611479911,83.38068354470434,88.70504380949704
120.0,120.0,120.0,120.0,120.0,120.0,120.0,120.0,120.0,120.0,108.55120185002741,108.55120361840468,108.55120570505566,108.55121825740655,108.55122996967418,108.55123562171009,108.55103308863144,108.54705223883369,108.47672863936768,107.23866427300513,86.45472660052539,84.43961866930893,83.20636594836131,83.38069690001099,88.70505420811526
120.0,120.0,120.0,120.0,120.0,120.0,120.0,120.0,120.0,120.0,108.5511875129804,108.55119320475673,108.55120285865033,108.55120986832517,108.55122695272286,108.55123183162007,108.55102947798353,108.5470544225721,108.47672489335143,107.23866584848331,86.4547247729025,84.43962091822488,83.2063728407803,83.380705159012,88.70506537389964
120.0,120.0,120.0,120.0,120.0,120.0,120.0,120.0,120.0,120.0,108.5512292475713,108.55122302211635,108.55122470808617,108.55123156036011,108.55123616139335,108.55124181516764,108.55103470869086,108.54705706403634,108.47673079033787,107.23866490950168,86.4547304387988,84.43962151543457,83.20637842847471,83.38071419462236,88.70507264072629
120.0,120.0,120.0,120.0,120.0,120.0,120.0,120.0,120.0,120.0,108.55122043198085,108.55121749160224,108.55121956486673,108.5512271334722,108.55123867244103,108.55123727772063,108.55103518367382,108.54705549974271,108.47672891625929,107.23866722829077,86.45472643717609,84.4396265261489,83.20638078042913,83.38072149111039,88.70508006893199
120.0,120.0,120.0,120.0,120.0,120.0,120.0,120.0,120.0,120.0,108.55121305473158,108.55120830899752,108.55121464832754,108.55122226929146,108.55123433923998,108.5512396557879,108.55103082141835,108.54705633290845,108.47672751936524,107.2386659448314,86.4547303248469,84.43962481200317,83.20638674978107,83.38072587333409,88.70508612249496
120.0,120.0,120.0,120.0,120.0,120.0,120.0,120.0,120.0,120.0,108.55120185010568,108.5512036185448,108.55120570507925,108.55121825762195,108.55122997024404,108.55123562139322,108.55103308856526,108.54705224148441,108.476728666386,107.23866458447229,86.4547296039736,84.43962803337625,83.20638755034092,83.38073263595128,88.70508994566693
120.0,120.0,120.0,120.0,120.0,120.0,120.0,120.0,120.0,120.0,108.55118751304153,108.55119320484296,108.5512028588377,108.55120986832826,108.551226952872,108.55123183219693,108.55102947785548,108.5470544242086,108.47672491630944,107.23866611126921,86.45472730211486,84.43962881529772,83.20639106947628,83.3807353251792,88.70509554980293
120.0,120.0,120.0,120.0,120.0,120.0,120.0,120.0,120.0,120.0,108.55122924754137,108.55122302211942,108.55122470810353,108.55123156053916,108.5512361613431,108.55124181521698,108.5510347093484,108.54705706542974,108.47673080902926,107.23866513108896,86.45473257132721,84.43962817340011,83.20639380931392,83.38073965882855,88.70509811717449
120.0,120.0,120.0,120.0,120.0,120.0,120.0,120.0,120.0,120.0,108.55122043183441,108.55121749157706,108.55121956486843,108.5512271334996,108.55123867267747,108.55123727767344,108.55103518374412,108.54705550160685,108.47672893212504,107.23866741428107,86.45472823525265,84.43963214176827,83.20639375601279,83.38074298338572,88.70510157693946
120.0,120.0,120.0,120.0,120.0,120.0,120.0,120.0,120.0,120.0,108.55121305477083,108.55120830890226,108.55121464831757,108.55122226929268,108.55123433926583,108.55123965608021,108.55103082146438,108.5470563339423,108.47672753331854,107.23866610175573,86.45473183902517,84.439629548502,83.20639769781859,83.3807440103735,88.7051042773484
120.0,120.0,120.0,120.0,120.0,120.0,120.0,120.0,120.0,120.0,108.55120185001789,108.55120361857743,108.55120570502545,108.55121825763649,108.55122997024753,108.55123562141037,108.55103308896848,108.54705224242412,108.4767286775669,107.23866471726392,86.45473088089163,84.43963202652655,83.20639678730318,83.38074794222652,88.70510526780248
120.0,120.0,120.0,120.0,120.0,120.0,120.0,120.0,120.0,120.0,108.55118751262839,108.5511932047137,108.55120285886198,108.55120986830515,108.55122695291806,108.55123183221127,108.55102947790958,108.54705442537404,108.4767249258793,107.23866622256408,86.45472837976223,84.43963218340551,83.20639886085277,83.38074824157503,88.70510848158504
120.0,120.0,120.0,120.0,120.0,120.0,120.0,120.0,120.0,120.0,108.5512292468172,108.55122302167743,108.55122470762593,108.55123156022705,108.55123616115472,108.55124181518151,108.55103470932987,108.54705706600485,108.47673081741686,107.23866522506843,86.45473347859004,84.43963101496801,83.20640038259212,83.38075055646183,88.70510903043116
120.0,120.0,120.0,120.0,120.0,120.0,120.0,120.0,120.0,120.0,108.55122043049022,108.55121749088184,108.5512195644798,108.55122713309825,108.55123867241672,108.551237277514,108.55103518380476,108.54705550215043,108.47672893879367,107.23866749390764,86.45472900057014,84.4396345371237,83.20639930201932,83.38075217860882,88.70511078514335
120.0,120.0,120.0,120.0,120.0,120.0,120.0,120.0,120.0,120.0,108.55121305411365,108.55120830781759,108.55121464767323,108.55122226895352,108.55123433894225,108.55123965587781,108.55103082136513,108.54705633449403,108.47672753905374,107.23866616843276,86.45473248532416,84.4396315690153,83.2064023752545,83.3807517691552,88.70511204755014
120.0,120.0,120.0,120.0,120.0,120.0,120.0,120.0,120.0,120.0,108.5512018487843,108.55120361798579,108.55120570417289,108.55121825706122,108.55122996995522,108.5512356211636,108.5510330888547,108.54705224271727,108.47672868250864,107.23866477362434,86.45473142493182,84.43963373160155,83.20640073323455,83.38075448725667,88.70511182434525
120.0,120.0,120.0,120.0,120.0,120.0,120.0,120.0,120.0,120.0,108.55118750967911,108.55119320334397,108.55120285832639,108.55120986765189,108.55122695242554,108.55123183196692,108.55102947775862,108.54705442563132,108.4767249298516,107.23866627025649,86.45472883879846,84.43963362063681,83.20640219030965,83.3807537635209,88.70511401270305
120.0,120.0,120.0,120.0,120.0,120.0,120.0,120.0,120.0,120.0,108.55122924750141,108.55122302215176,108.55122470792672,108.551231560638,108.55123616144478,108.55124181539253,108.55103470955771,108.54705706644683,108.47673082099499,107.23866526515756,86.45473386630293,84.43963222739639,83.20640319039708,83.38075521567824,88.7051136972094
120.0,120.0,120.0,120.0,120.0,120.0,120.0,120.0,120.0,120.0,108.55122043168635,108.55121749161127,108.55121956497361,108.55122713329578,108.55123867280963,108.55123727780408,108.55103518401704,108.54705550257768,108.47672894184427,107.23866752782463,86.45472932705721,84.43963556035273,83.20640167064457,83.38075610851538,88.70511472280215
120.0,120.0,120.0,120.0,120.0,120.0,120.0,120.0,120.0,120.0,108.55121305482527,108.55120830862894,108.55121464838642,108.55122226944545,108.55123433906593,108.55123965623386,108.55103082165239,108.54705633487369,108.47672754164738,107.23866619709719,86.45473276085146,84.43963243158682,83.2064043738715,83.38075508452754,88.70511536893315
120.0,120.0,120.0,120.0,120.0,120.0,120.0,120.0,120.0,120.0,108.55120185005653,108.55120361864762,108.55120570468475,108.55121825771643,108.55122997043155,108.55123562123757,108.55103308917658,108.5470522431357,108.47672868471932,107.23866479777443,86.45473165752757,84.43963445926906,83.20640241869295,83.38075728458763,88.7051146264779
120.0,120.0,120.0,120.0,120.0,120.0,120.0,120.0,120.0,120.0,108.55118751271007,108.55119320474441,108.55120285895568,108.55120986793646,108.55122695299607,108.55123183241714,108.55102947780978,108.54705442603695,108.47672493180202,107.23866629065242,86.45472903483804,84.43963423468759,83.20640361211635,83.38075612287584,88.70511637696585
120.0,120.0,120.0,120.0,120.0,120.0,120.0,120.0,120.0,120.0,108.55122924606154,108.55122302062904,108.5512247072097,108.5512315600612,108.5512361605017,108.55124181504391,108.55103470944499,108.54705706623531,108.47673082242832,107.2386652822978,86.45473403159804,84.43963274511792,83.20640439000816,83.38075720598546,88.70511569130619
120.0,120.0,120.0,120.0,120.0,120.0,120.0,120.0,120.0,120.0,108.55122043062006,108.55121749037265,108.55121956358758,108.55122713265307,108.5512386723089,108.55123727693667,108.55103518371936,108.5470555026075,108.47672894280232,107.23866754224215,86.4547294666141,84.43963599704453,83.20640268236423,83.38075778774613,88.70511640505963
120.0,120.0,120.0,120.0,120.0,120.0,120.0,120.0,120.0,120.0,108.55121305118276,108.55120830755975,108.55121464734817,108.55122226821035,108.55123433849658,108.55123965582568,108.55103082089032,108.54705633470678,108.47672754266384,107.23866620904994,86.45473287850447,84.43963280009547,83.20640522727741,83.38075650086643,88.70511678824256
120.0,120.0,120.0,120.0,120.0,120.0,120.0,120.0,120.0,120.0,108.55120184767812,108.55120361550716,108.55120570363704,108.55121825685977,108.55122996934773,108.55123562074216,108.55103308887229,108.54705224254914,108.4767286853952,107.23866480806048,86.45473175643714,84.43963477004911,83.2064031387354,83.38075847933528,88.70511582358824
120.0,120.0,120.0,120.0,120.0,120.0,120.0,120.0,120.0,120.0,108.55118751141369,108.55119320297939,108.55120285631168,108.55120986694197,108.55122695229994,108.55123183147852,108.5510294773931,108.54705442588835,108.47672493199032,107.23866629917075,86.45472911867684,84.43963449659412,83.206404219436,83.38075713086418,88.70511738681424
120.0,120.0,120.0,120.0,120.0,120.0,120.0,120.0,120.0,120.0,108.55122924746577,108.55122302179817,108.55122470833793,108.55123156049578,108.55123616132771,108.55124181559806,108.55103470946102,108.54705706652334,108.47673082331232,107.23866528936044,86.45473410222834,84.43963296645781,83.20640490218267,83.38075805624011,88.70511654331544
120.0,120.0,120.0,120.0,120.0,120.0,120.0,120.0,120.0,120.0,108.55122043193772,108.55121749142157,108.55121956444398,108.55122713387438,108.55123867269405,108.55123727765303,108.55103518425678,108.5470555026291,108.47672894350177,107.23866754863288,86.45472952562824,84.43963618362187,83.20640311469342,83.38075850487088,88.7051171237187
120.0,120.0,120.0,120.0,120.0,120.0,120.0,120.0,120.0,120.0,108.55121305470048,108.5512083089215,108.55121464814178,108.55122226881971,108.55123433971308,108.55123965614398,108.55103082148572,108.54705633523774,108.47672754304539,107.23866621435587,86.45473292904548,84.43963295701839,83.20640559186805,83.38075710602801,88.70511739440721
120.0,120.0,120.0,120.0,120.0,120.0,120.0,120.0,120.0,120.0,108.55120185010344,108.55120361848091,108.55120570500269,108.55121825747975,108.55122996976233,108.55123562189371,108.55103308911882,108.54705224304779,108.47672868621268,107.23866481230722,86.45473179887937,84.43963490302184,83.20640344592836,83.38075898973894,88.7051163351005
120.0,120.0,120.0,120.0,120.0,120.0,120.0,120.0,120.0,120.0,108.5511875130868,108.5511932048307,108.55120285873029,108.55120986826907,108.55122695280377,108.5512318317386,108.55102947844604,108.54705442608363,108.47672493265448,107.2386663032404,86.45472915392065,84.43963460859685,83.20640447903621,83.38075756115485,88.70511781822046
120.0,120.0,120.0,120.0,120.0,120.0,120.0,120.0,120.0,120.0,108.55122924749584,108.55122302209239,108.55122470803322,108.55123156036157,108.55123616129208,108.55124181523034,108.55103470900163,108.54705706704513,108.47673082339696,107.2386652925662,86.45473413276426,84.43963306035543,83.2064051209883,83.38075841955678,88.70511690703906
120.0,120.0,120.0,120.0,120.0,120.0,120.0,120.0,120.0,120.0,108.55122043169841,108.55121749151512,108.55121956482867,108.5512271334326,108.55123867245581,108.55123727765448,108.55103518392907,108.54705550220554,108.47672894420187,107.23866755106016,86.45472955119395,84.43963626355294,83.20640329880061,83.38075881120932,88.70511743082582
120.0,120.0,120.0,120.0,120.0,120.0,120.0,120.0,120.0,120.0,108.55121305479786,108.55120830880557,108.55121464824067,108.55122226924135,108.55123433921092,108.5512396558276,108.55103082153059,108.54705633497889,108.47672754282425,107.23866621703091,86.45473295002478,84.4396330242918,83.20640574774887,83.3807573640649,88.70511765332256
120.0,120.0,120.0,120.0,120.0,120.0,120.0,120.0,120.0,120.0,108.55120184993491,108.5512036185954,108.55120570495926,108.55121825754509,108.55122997018597,108.55123562138131,108.55103308874536,108.54705224314519,108.47672868615331,107.23866481383517,86.45473181779903,84.43963495923249,83.2064035772924,83.38075920786456,88.70511655325183
120.0,120.0,120.0,120.0,120.0,120.0,120.0,120.0,120.0,120.0,108.55118751226527,108.55119320459,108.55120285886746,108.55120986826188,108.55122695281247,108.55123183214366,108.55102947795726,108.54705442567945,108.47672493290841,107.23866630461109,86.45472916867604,84.43963465702723,83.20640458937731,83.38075774502926,88.70511800260758
120.0,120.0,120.0,120.0,120.0,120.0,120.0,120.0,120.0,120.0,108.55122924754043,108.55122302216337,108.55122470805564,108.55123156056686,108.5512361613903,108.55124181526412,108.55103470943031,108.54705706663964,108.4767308230936,107.23866529407981,86.4547341451939,84.43963310035973,83.20640521487327,83.38075857427381,88.70511706242979
120.0,120.0,120.0,120.0,120.0,120.0,120.0,120.0,120.0,120.0,108.55122043176853,108.55121749159932,108.55121956493666,108.55122713343923,108.55123867270585,108.55123727772647,108.55103518387169,108.54705550260012,108.47672894393013,107.23866755174349,86.45472956247862,84.43963629716684,83.206403377405,83.38075894234963,88.70511756163395
120.0,120.0,120.0,120.0,120.0,120.0,120.0,120.0,120.0,120.0,108.55121305481808,108.55120830881974,108.55121464834917,108.55122226937489,108.55123433920463,108.55123965611055,108.5510308215771,108.54705633483903,108.47672754324756,107.23866621760826,86.45473295832684,84.43963305340061,83.2064058138885,83.38075747425812,88.70511776415275
120.0,120.0,120.0,120.0,120.0,120.0,120.0,120.0,120.0,120.0,108.55120185001925,108.55120361862741,108.5512057049369,108.55121825766909,108.55122997033672,108.55123562135888,108.55103308904881,108.5470522431757,108.47672868599561,107.2386648149332,86.45473182470629,84.43963498275338,83.20640363374707,83.38075930066414,88.70511664637259
120.0,120.0,120.0,120.0,120.0,120.0,120.0,120.0,120.0,120.0,108.55118751254447,108.55119320469943,108.55120285891657,108.55120986821716,108.55122695294708,108.55123183230549,108.5510294779129,108.54705442599449,108.4767249329722,107.23866630498034,86.45472917568623,84.43963467671426,83.20640463617542,83.38075782387024,88.70511808110042
120.0,120.0,120.0,120.0,120.0,120.0,120.0,120.0,120.0,120.0,108.55122924688794,108.55122302186395,108.55122470759423,108.55123156025417,108.55123616108716,108.55124181522339,108.5510347094629,108.54705706647813,108.47673082338926,107.23866529454764,86.45473414995209,84.43963311793871,83.20640525417778,83.38075864012718,88.7051171290626
120.0,120.0,120.0,120.0,120.0,120.0,120.0,120.0,120.0,120.0,108.55122042998106,108.55121749086709,108.5512195646144,108.55122713309152,108.5512386724591,108.55123727744534,108.55103518386875,108.54705550266667,108.47672894379191,107.23866755248933,86.45472956672523,84.43963631098536,83.20640341134951,83.38075899777195,88.70511761731542
120.0,120.0,120.0,120.0,120.0,120.0,120.0,120.0,120.0,120.0,108.55121305488704,108.55120830752807,108.55121464760735,108.55122226903704,108.55123433894894,108.55123965593825,108.55103082132564,108.54705633487315,108.47672754336985,107.23866621781522,86.45473296278409,84.43963306513747,83.20640584165865,83.38075752163522,88.7051178111061
120.0,120.0,120.0,120.0,120.0,120.0,120.0,120.0,120.0,120.0,108.55120184888888,108.55120361864643,108.55120570405464,108.55121825697593,108.55122996999349,108.55123562117464,108.55103308895208,108.54705224295908,108.4767286860878,107.23866481535416,86.45473182760962,84.4396349934953,83.2064036571533,83.3807593398994,88.70511668643387
120.0,120.0,120.0,120.0,120.0,120.0,120.0,120.0,120.0,120.0,108.55118750799956,108.55119320310524,108.55120285885718,108.5512098676565,108.55122695234576,108.55123183197105,108.55102947778339,108.5470544259703,108.4767249328097,107.23866630539084,86.4547291785538,84.43963468501327,83.20640465665214,83.3807578569202,88.70511811428486
120.0,120.0,120.0,120.0,120.0,120.0,120.0,120.0,120.0,120.0,108.55122924710969,108.5512230220384,108.55122470748644,108.55123156052575,108.5512361613648,108.55124181529943,108.55103470948488,108.54705706659247,108.4767308235886,107.23866529472372,86.45473415274078,84.43963312524703,83.20640527080695,83.38075866861739,88.70511715709877
120.0,120.0,120.0,120.0,120.0,120.0,120.0,120.0,120.0,120.0,108.55122043080816,108.55121749131271,108.55121956494536,108.55122713283359,108.55123867271962,108.55123727774824,108.5510351839568,108.54705550267953,108.476728943921,107.23866755287783,86.45472956856055,84.43963631757347,83.20640342554225,83.38075902122642,88.70511764139414
120.0,120.0,120.0,120.0,120.0,120.0,120.0,120.0,120.0,120.0,108.55121305460663,108.55120830786208,108.55121464814702,108.55122226947397,108.55123433862049,108.55123965616335,108.55103082162445,108.54705633497382,108.47672754338544,107.23866621812033,86.4547329647762,84.4396330702199,83.206405854064,83.38075754151791,88.70511783092215
120.0,120.0,120.0,120.0,120.0,120.0,120.0,120.0,120.0,120.0,108.55120184934864,108.55120361845916,108.55120570402872,108.55121825751735,108.55122997049826,108.55123562083084,108.551033089132,108.54705224323672,108.47672868621038,107.23866481549028,86.45473182934097,84.43963499813042,83.20640366720085,83.38075935706031,88.70511670327386
120.0,120.0,120.0,120.0,120.0,120.0,120.0,120.0,120.0,120.0,108.55118751091973,108.5511932039364,108.55120285880133,108.55120986738162,108.55122695282778,108.55123183251119,108.55102947745998,108.54705442610546,108.47672493306695,107.23866630563785,86.45472917970746,84.43963468905778,83.20640466538336,83.38075787102692,88.70511812876033
120.0,120.0,120.0,120.0,120.0,120.0,120.0,120.0,120.0,120.0,108.55122924478871,108.55122301917893,108.55122470643485,108.55123155974442,108.55123615990588,108.55124181484574,108.55103470952203,108.54705706598446,108.47673082345901,107.23866529492008,86.45473415390919,84.43963312831151,83.20640527832059,83.38075868068944,88.7051171689806
120.0,120.0,120.0,120.0,120.0,120.0,120.0,120.0,120.0,120.0,108.55122043021277,108.55121748945766,108.55121956242357,108.55122713186645,108.55123867209124,108.55123727643388,108.55103518355195,108.54705550277951,108.4767289434358,107.23866755287261,86.45472956976386,84.43963632038992,83.2064034316056,83.38075903158439,88.70511765159004
120.0,120.0,120.0,120.0,120.0,120.0,120.0,120.0,120.0,120.0,108.55121304719754,108.55120830669009,108.55121464669982,108.55122226730403,108.55123433774783,108.55123965569466,108.55103082047779,108.54705633462486,108.47672754354844,107.23866621782946,86.45473296548687,84.43963307280488,83.20640585938065,83.38075755001896,88.7051178396317
120.0,120.0,120.0,120.0,120.0,120.0,120.0,120.0,120.0,120.0,108.55120184582779,108.55120361214418,108.55120570246913,108.5512182563955,108.55122996866675,108.55123562006568,108.55103308882254,108.54705224226412,108.47672868592441,107.23866481577875,86.45473182953705,84.43963500004507,83.20640367188011,83.38075936440761,88.70511671043225
120.0,120.0,120.0,120.0,120.0,120.0,120.0,120.0,120.0,120.0,108.55118751258438,108.5511932020151,108.55120285358474,108.55120986561992,108.55122695195682,108.55123183098819,108.55102947681249,108.54705442595134,108.47672493226823,107.23866630549423,86.45472918089533,84.43963469042848,83.20640466910669,83.38075787739052,88.70511813495628
120.0,120.0,120.0,120.0,120.0,120.0,120.0,120.0,120.0,120.0,108.55122924509813,108.55122301972419,108.55122470738945,108.55123155937842,108.55123616031653,108.55124181535075,108.55103470922074,108.54705706618675,108.47673082390935,107.23866529457288,86.45473415445895,84.43963313037912,83.20640528139727,83.38075868590843,88.70511717434212
120.0,120.0,120.0,120.0,120.0,120.0,120.0,120.0,120.0,120.0,108.55122042863418,108.55121748901652,108.55121956230825,108.55122713332959,108.55123867178126,108.55123727672631,108.55103518411838,108.54705550250932,108.4767289435823,107.23866755338157,86.45472956942953,84.43963632169793,83.20640343485792,83.38075903596068,88.70511765597163
120.0,120.0,120.0,120.0,120.0,120.0,120.0,120.0,120.0,120.0,108.55121305184169,108.55120830626564,108.55121464587535,108.55122226672586,108.55123433944266,108.5512396554374,108.551030820667,108.54705633521445,108.47672754329814,107.23866621797582,86.45473296673518,84.43963307327667,83.20640586178217,83.38075755421224,88.70511784334764
120.0,120.0,120.0,120.0,120.0,120.0,120.0,120.0,120.0,120.0,108.55120184620785,108.55120361583684,108.55120570292563,108.55121825546725,108.55122996777904,108.5512356218098,108.551033088613,108.54705224236747,108.4767286865172,107.23866481553057,86.45473183005286,84.43963500171803,83.20640367344453,83.38075936766701,88.70511671393155
120.0,120.0,120.0,120.0,120.0,120.0,120.0,120.0,120.0,120.0,108.551187506161,108.5511932009049,108.55120285626936,108.55120986669226,108.55122695111409,108.55123182991396,108.55102947849191,108.54705442578039,108.47672493230573,107.23866630610894,86.45472918049327,84.4396346913961,83.20640467145762,83.38075787982862,88.70511813765596
120.0,120.0,120.0,120.0,120.0,120.0,120.0,120.0,120.0,120.0,108.55122924722099,108.55122302198093,108.55122470763504,108.55123156002773,108.55123616178682,108.55124181515984,108.55103470821012,108.54705706775289,108.47673082381043,107.23866529465732,86.45473415578999,84.4396331304438,83.20640528302351,83.38075868879126,88.70511717644882
120.0,120.0,120.0,120.0,120.0,120.0,120.0,120.0,120.0,120.0,108.55122043118807,108.5512174912826,108.55121956484714,108.55122713305397,108.55123867209257,108.55123727821126,108.55103518399731,108.54705550149076,108.47672894501171,107.23866755325629,86.45472956972384,84.43963632318686,83.2064034355904,83.3807590380795,88.7051176583809
120.0,120.0,120.0,120.0,120.0,120.0,120.0,120.0,120.0,120.0,108.55121305481809,108.55120830809147,108.55121464801216,108.55122226935711,108.55123433888492,108.55123965541173,108.55103082209922,108.54705633517423,108.47672754230109,107.23866621930284,86.45473296642119,84.43963307390035,83.20640586358947,83.380757555501,88.70511784506223
120.0,120.0,120.0,120.0,120.0,120.0,120.0,120.0,120.0,120.0,108.55120184983812,108.55120361863622,108.55120570416015,108.55121825729762,108.55122997037485,108.55123562113461,108.55103308827664,108.54705224370203,108.47672868654887,107.23866481463762,86.45473183248518,84.4396350016674,83.20640367449138,83.38075936972352,88.70511671506183
120.0,120.0,120.0,120.0,120.0,120.0,120.0,120.0,120.0,120.0,108.55118751197026,108.55119320442486,108.55120285893662,108.55120986745638,108.55122695253256,108.55123183238423,108.55102947780833,108.54705442517586,108.47672493351955,107.23866630611008,86.45472917904269,84.43963469355879,83.20640467181008,83.38075788117531,88.70511813936575
120.0,120.0,120.0,120.0,120.0,120.0,120.0,120.0,120.0,120.0,108.55122924757175,108.55122302204938,108.551224707918,108.55123156069062,108.55123616066095,108.55124181497439,108.55103470972034,108.5470570666139,108.476730822649,107.23866529561685,86.45473415541338,84.43963312960567,83.20640528500807,83.38075868945637,88.70511717748109
120.0,120.0,120.0,120.0,120.0,120.0,120.0,120.0,120.0,120.0,108.55122043184397,108.55121749165306,108.55121956477224,108.55122713323048,108.55123867286369,108.55123727706946,108.55103518353641,108.54705550290545,108.47672894407032,107.23866755203062,86.45472957178742,84.43963632300343,83.20640343539132,83.3807590399711,88.70511765897498
120.0,120.0,120.0,120.0,120.0,120.0,120.0,120.0,120.0,120.0,108.55121305476882,108.55120830883949,108.55121464842045,108.55122226916315,108.55123433892766,108.55123965629548,108.5510308210156,108.54705633446642,108.47672754360522,107.23866621845372,86.45473296409457,84.43963307587998,83.20640586371921,83.38075755573317,88.7051178465528
120.0,120.0,120.0,120.0,120.0,120.0,120.0,120.0,120.0,120.0,108.55120185007473,108.55120361857662,108.5512057049022,108.55121825775403,108.55122997008823,108.551235621019,108.55103308925193,108.54705224272669,108.47672868563454,107.23866481588081,86.45473183077443,84.43963499990952,83.20640367639443,83.38075937012778,88.70511671522331
120.0,120.0,120.0,120.0,120.0,120.0,120.0,120.0,120.0,120.0,108.55118751281114,108.55119320478995,108.55120285886298,108.55120986812807,108.55122695304215,108.55123183203501,108.55102947751759,108.54705442620862,108.47672493267324,107.23866630502775,86.45472918142991,84.43963469222366,83.20640467067436,83.38075788295917,88.70511813981734
120.0,120.0,120.0,120.0,120.0,120.0,120.0,120.0,120.0,120.0,108.5512292474726,108.55122302205856,108.55122470806248,108.55123156052308,108.55123616110696,108.551241815432,108.55103470927887,108.54705706610397,108.47673082367601,107.23866529472959,86.45473415313707,84.43963313169115,83.20640528416139,83.38075868880323,88.70511717887292
120.0,120.0,120.0,120.0,120.0,120.0,120.0,120.0,120.0,120.0,108.551220431705,108.55121749152251,108.55121956480525,108.55122713346735,108.55123867266882,108.55123727740207,108.55103518406382,108.54705550247508,108.47672894339293,107.23866755310905,86.45472956973255,84.43963632103831,83.20640343727199,83.38075903959317,88.70511765844746
120.0,120.0,120.0,120.0,120.0,120.0,120.0,120.0,120.0,120.0,108.55121305467763,108.55120830878619,108.55121464827539,108.55122226922006,108.55123433924666,108.5512396560854,108.55103082121212,108.54705633505283,108.47672754320402,107.23866621762339,86.45473296626629,84.43963307396041,83.20640586218182,83.38075755744438,88.70511784649949
120.0,120.0,120.0,120.0,120.0,120.0,120.0,120.0,120.0,120.0,108.55120184989737,108.55120361849654,108.55120570492417,108.55121825760622,108.55122997015968,108.55123562140957,108.55103308904062,108.54705224277316,108.47672868626663,107.23866481536834,86.45473182899954,84.43963500179663,83.20640367481755,83.38075936898305,88.70511671659716
120.0,120.0,120.0,120.0,120.0,120.0,120.0,120.0,120.0,120.0,108.55118751237143,108.5511932045894,108.5512028587914,108.55120986821852,108.55122695290041,108.55123183210644,108.55102947796834,108.54705442601067,108.47672493256617,107.23866630574459,86.45472917995312,84.43963469059763,83.2064046723106,83.38075788182981,88.70511813886479
120.0,120.0,120.0,120.0,120.0,120.0,120.0,120.0,120.0,120.0,108.55122924681797,108.55122302159037,108.55122470765559,108.55123156025918,108.55123616114257,108.55124181522594,108.551034709273,108.54705706655928,108.47673082346856,107.23866529445692,86.45473415464903,84.43963313005169,83.206405282762,83.38075869024975,88.70511717824073
120.0,120.0,120.0,120.0,120.0,120.0,120.0,120.0,120.0,120.0,108.55122043081714,108.55121749093547,108.55121956441964,108.55122713310827,108.55123867244261,108.5512372775086,108.55103518388943,108.54705550244844,108.47672894389518,107.23866755283915,86.45472956903313,84.4396363223564,83.20640343569777,83.38075903842547,88.70511765964311
120.0,120.0,120.0,120.0,120.0,120.0,120.0,120.0,120.0,120.0,108.55121305371904,108.5512083079997,108.55121464775713,108.5512222689177,108.55123433894136,108.55123965589385,108.5510308213878,108.54705633491646,108.47672754314327,107.23866621820683,86.45473296543999,84.43963307317566,83.20640586328798,83.38075755611969,88.70511784548746
120.0,120.0,120.0,120.0,120.0,120.0,120.0,120.0,120.0,120.0,108.55120184880663,108.55120361765508,108.55120570424347,108.5512182571556,108.55122996993963,108.55123562116123,108.55103308887846,108.54705224301375,108.47672868616773,107.23866481529062,86.45473183028012,84.43963500075004,83.20640367400945,83.38075936993575,88.70511671574575
120.0,120.0,120.0,120.0,120.0,120.0,120.0,120.0,120.0,120.0,108.5511875107311,108.55119320355506,108.55120285806822,108.55120986764256,108.55122695251518,108.55123183196714,108.55102947777883,108.54705442587097,108.47672493286767,107.23866630563974,86.45472917985487,84.43963469168558,83.20640467116074,83.38075788103762,88.70511813966849
120.0,120.0,120.0,120.0,120.0,120.0,120.0,120.0,120.0,120.0,108.55122924751353,108.55122302207812,108.55122470805115,108.55123156061086,108.55123616138492,108.55124181542185,108.5510347095731,108.54705706667472,108.47673082350826,107.23866529495618,86.45473415441322,84.43963312993651,83.2064052836318,83.38075868916975,88.70511717751266
120.0,120.0,120.0,120.0,120.0,120.0,120.0,120.0,120.0,120.0,108.55122043181747,108.55121749157918,108.55121956485647,108.55122713345388,108.55123867278287,108.55123727773928,108.55103518405747,108.54705550275663,108.47672894401394,107.23866755287918,86.45472957011415,84.43963632195442,83.20640343548108,83.38075903910045,88.70511765888483
120.0,120.0,120.0,120.0,120.0,120.0,120.0,120.0,120.0,120.0,108.55121305475402,108.55120830877739,108.55121464833717,108.55122226930271,108.55123433923383,108.55123965621142,108.55103082159967,108.54705633504885,108.47672754345649,107.23866621830656,86.45473296557368,84.43963307414577,83.20640586273844,83.38075755579963,88.705117846037
120.0,120.0,120.0,120.0,120.0,120.0,120.0,120.0,120.0,120.0,108.55120185007954,108.55120361857297,108.55120570483868,108.55121825766639,108.55122997027527,108.5512356214014,108.55103308916858,108.54705224320524,108.47672868626387,107.238664815646,86.45473183037917,84.43963500090624,83.20640367478555,83.38075936932162,88.7051167153753
120.0,120.0,120.0,120.0,120.0,120.0,120.0,120.0,120.0,120.0,108.55118751290466,108.55119320479616,108.55120285887331,108.5512098680889,108.55122695295448,108.55123183225611,108.55102947796887,108.54705442613289,108.47672493303946,107.23866630572513,86.45472918063936,84.43963469169726,83.20640467126188,83.38075788162405,88.70511813920038
120.0,120.0,120.0,120.0,120.0,120.0,120.0,120.0,120.0,120.0,108.55122924653794,108.55122302107081,108.55122470751434,108.55123156018865,108.55123616079942,108.55124181511708,108.55103470936466,108.54705706651254,108.47673082354137,107.23866529498439,86.45473415453013,84.43963313065659,83.20640528350906,83.38075868915112,88.70511717794629
120.0,120.0,120.0,120.0,120.0,120.0,120.0,120.0,120.0,120.0,108.55122043113765,108.55121749077314,108.55121956396977,108.55122713293912,108.55123867238903,108.5512372772058,108.55103518379762,108.54705550258785,108.47672894387475,107.23866755298235,86.45472957024609,84.43963632214081,83.20640343611376,83.38075903889705,88.70511765876684
120.0,120.0,120.0,120.0,120.0,120.0,120.0,120.0,120.0,120.0,108.55121305217136,108.55120830807029,108.55121464767913,108.55122226853742,108.55123433875767,108.55123965586031,108.55103082113129,108.54705633484258,108.47672754333422,107.23866621821642,86.45473296598239,84.43963307427587,83.20640586293437,83.38075755631014,88.70511784585922
120.0,120.0,120.0,120.0,120.0,120.0,120.0,120.0,120.0,120.0,108.55120184844024,108.55120361635656,108.55120570412421,108.55121825712824,108.55122996962409,108.55123562097583,108.55103308886873,108.54705224280534,108.47672868611467,107.23866481557938,86.4547318303836,84.43963500138007,83.20640367488757,83.38075936946498,88.70511671575136
120.0,120.0,120.0,120.0,120.0,120.0,120.0,120.0,120.0,120.0,108.55118751218582,108.55119320361673,108.55120285702317,108.55120986739358,108.55122695251168,108.55123183170825,108.55102947760214,108.54705442588953,108.47672493270711,107.23866630565479,86.45472918066434,84.43963469181485,83.20640467173997,83.38075788167978,88.70511813924135
120.0,120.0,120.0,120.0,120.0,120.0,120.0,120.0,120.0,120.0,108.55122924733821,108.55122302181194,108.55122470819525,108.55123156042335,108.55123616129856,108.55124181547214,108.55103470944046,108.54705706659253,108.47673082360384,107.23866529486942,86.45473415470907,84.43963313080809,83.20640528372847,83.3807586896019,88.70511717799067
120.0,120.0,120.0,120.0,120.0,120.0,120.0,120.0,120.0,120.0,108.55122043154834,108.55121749129557,108.55121956447961,108.5512271337225,108.55123867261395,108.55123727763022,108.55103518412496,108.54705550263876,108.47672894393104,107.2386675530309,86.45472957006417,84.43963632241665,83.2064034362985,83.38075903911279,88.70511765910727
120.0,120.0,120.0,120.0,120.0,120.0,120.0,120.0,120.0,120.0,108.55121305469319,108.55120830866575,108.5512146480184,108.55122226886617,108.55123433956321,108.55123965606411,108.55103082147637,108.54705633512823,108.47672754335457,107.2386662182523,86.45473296603426,84.4396330742326,83.20640586327018,83.38075755649282,88.70511784599586
120.0,120.0,120.0,120.0,120.0,120.0,120.0,120.0,120.0,120.0,108.55120184981045,108.5512036184733,108.5512057048479,108.55121825736151,108.551229969813,108.55123562175075,108.55103308904431,108.54705224307399,108.4767286863538,107.23866481555655,86.45473183041963,84.43963500147214,83.2064036749614,83.38075936980931,88.70511671589533
120.0,120.0,120.0,120.0,120.0,120.0,120.0,120.0,120.0,120.0,108.5511875120257,108.5511932044464,108.55120285871942,108.55120986818739,108.55122695269367,108.55123183179097,108.55102947831318,108.54705442603176,108.47672493290641,107.23866630583993,86.45472918051688,84.43963469190423,83.20640467188333,83.38075788181477,88.70511813951283
120.0,120.0,120.0,120.0,120.0,120.0,120.0,120.0,120.0,120.0,108.5512292452573,108.55122302001588,108.55122470672185,108.55123155953284,108.55123616067814,108.55124181473424,108.55103470877549,108.54705706674012,108.47673082339894,107.23866529482994,86.45473415482162,84.43963313063013,83.20640528383925,83.38075868975072,88.70511717807422
120.0,120.0,120.0,120.0,120.0,120.0,120.0,120.0,120.0,120.0,108.5512204298131,108.55121748968345,108.55121956311196,108.55122713220887,108.55123867175301,108.55123727715704,108.55103518350595,108.54705550204913,108.47672894409946,107.23866755286703,86.45472957008249,84.4396363225004,83.20640343620724,83.38075903927304,88.70511765923625
120.0,120.0,120.0,120.0,120.0,120.0,120.0,120.0,120.0,120.0,108.55121304966997,108.55120830675581,108.5512146467482,108.5512222678639,108.55123433811866,108.55123965524794,108.55103082114212,108.54705633464205,108.47672754285249,107.2386662184535,86.45473296583808,84.43963307425287,83.20640586336059,83.38075755647597,88.70511784612519
120.0,120.0,120.0,120.0,120.0,120.0,120.0,120.0,120.0,120.0,108.55120184637727,108.55120361419944,108.551205702871,108.55121825632398,108.55122996911652,108.5512356204469,108.55103308828632,108.5470522428636,108.47672868599703,107.23866481517196,86.45473183093894,84.43963500131031,83.20640367500371,83.38075936991774,88.70511671588956
120.0,120.0,120.0,120.0,120.0,120.0,120.0,120.0,120.0,120.0,108.55118751029241,108.55119320189891,108.55120285521588,108.5512098662416,108.55122695180823,108.55123183134567,108.55102947719388,108.54705442534441,108.47672493280315,107.23866630559057,86.4547291800913,84.43963469231949,83.20640467176914,83.38075788187957,88.70511813960735
120.0,120.0,120.0,120.0,120.0,120.0,120.0,120.0,120.0,120.0,108.55122924734899,108.55122302164534,108.55122470831935,108.55123156047529,108.55123616128976,108.55124181551358,108.55103470968722,108.54705706665152,108.47673082332571,107.23866529516094,86.45473415477451,84.4396331304919,83.20640528423418,83.38075868972687,88.70511717815585
120.0,120.0,120.0,120.0,120.0,120.0,120.0,120.0,120.0,120.0,108.55122043174119,108.55121749126216,108.55121956426258,108.55122713390566,108.55123867271733,108.55123727764669,108.55103518414349,108.5470555028926,108.4767289440292,107.23866755274261,86.45472957069978,84.43963632249327,83.20640343615433,83.38075903958196,88.70511765922973
120.0,120.0,120.0,120.0,120.0,120.0,120.0,120.0,120.0,120.0,108.55121305471991,108.55120830873386,108.55121464797183,108.55122226862743,108.55123433976374,108.55123965620064,108.55103082151477,108.54705633511244,108.47672754360124,107.23866621835806,86.45473296549012,84.43963307483575,83.20640586338456,83.38075755646484,88.70511784636452
120.0,120.0,120.0,120.0,120.0,120.0,120.0,120.0,120.0,120.0,108.5512018500136,108.55120361847928,108.55120570483689,108.55121825732226,108.5512299695739,108.55123562194406,108.55103308920114,108.54705224313435,108.47672868630121,107.23866481582122,86.45473183058883,84.4396350010611,83.20640367551869,83.38075936996009,88.70511671587003
120.0,120.0,120.0,120.0,120.0,120.0,120.0,120.0,120.0,120.0,108.55118751273109,108.55119320468961,108.55120285870274,108.55120986812939,108.55122695267323,108.55123183156624,108.55102947848478,108.54705442619894,108.47672493298793,107.23866630574834,86.45472918111258,84.43963469204536,83.20640467160955,83.38075788231278,88.70511813966644
120.0,120.0,120.0,120.0,120.0,120.0,120.0,120.0,120.0,120.0,108.55122924756422,108.55122302211662,108.5512247080195,108.55123156035191,108.55123616123142,108.55124181518407,108.55103470888697,108.5470570670974,108.47673082371342,107.23866529500823,86.45473415465055,84.43963313124016,83.20640528399849,83.38075868959152,88.7051171784612
120.0,120.0,120.0,120.0,120.0,120.0,120.0,120.0,120.0,120.0,108.55122043187374,108.55121749159984,108.55121956485652,108.55122713338872,108.55123867242672,108.55123727760243,108.55103518390894,108.54705550213193,108.47672894437649,107.23866755316894,86.45472957031154,84.4396363223417,83.20640343676757,83.38075903944033,88.70511765910247
120.0,120.0,120.0,120.0,120.0,120.0,120.0,120.0,120.0,120.0,108.55121305479118,108.5512083089111,108.55121464832641,108.55122226926805,108.55123433914822,108.5512396557806,108.55103082148455,108.5470563349923,108.47672754290883,107.23866621864957,86.45473296638556,84.43963307444133,83.20640586323336,83.38075755696896,88.70511784629836
120.0,120.0,120.0,120.0,120.0,120.0,120.0,120.0,120.0,120.0,108.55120185006605,108.55120361859632,108.55120570500853,108.55121825762028,108.55122997020848,108.55123562130973,108.5510330886854,108.54705224310989,108.47672868629408,107.2386648151995,86.45473183113515,84.43963500184745,83.20640367516256,83.38075936981588,88.7051167162571
120.0,120.0,120.0,120.0,120.0,120.0,120.0,120.0,120.0,120.0,108.55118751276139,108.55119320476864,108.55120285887892,108.55120986826734,108.55122695286916,108.55123183215944,108.55102947788514,108.54705442561942,108.47672493296159,107.23866630583842,86.45472917999945,84.43963469246545,83.20640467226582,83.38075788202418,88.70511813950317
120.0,120.0,120.0,120.0,120.0,120.0,120.0,120.0,120.0,120.0,108.55122924746179,108.55122302209728,108.55122470803154,108.55123156051802,108.55123616127972,108.5512418152238,108.5510347093922,108.54705706655027,108.47673082308815,107.23866529500557,86.4547341549438,84.43963313036278,83.20640528428761,83.3807586901277,88.70511717826633
120.0,120.0,120.0,120.0,120.0,120.0,120.0,120.0,120.0,120.0,108.55122043160212,108.55121749150193,108.5512195648526,108.55122713343277,108.55123867266191,108.55123727761122,108.55103518382278,108.54705550256408,108.47672894391901,107.23866755248979,86.45472957044416,84.439636322714,83.20640343608557,83.38075903960784,88.70511765951831
120.0,120.0,120.0,120.0,120.0,120.0,120.0,120.0,120.0,120.0,108.55121305477704,108.5512083087187,108.55121464824805,108.55122226927841,108.55123433920592,108.55123965607338,108.55103082146293,108.54705633478704,108.47672754326213,107.2386662182475,86.45473296496503,84.43963307467948,83.20640586364118,83.38075755643918,88.70511784634375
120.0,120.0,120.0,120.0,120.0,120.0,120.0,120.0,120.0,120.0,108.55120184987183,108.5512036185819,108.5512057048851,108.55121825757476,108.55122997023221,108.55123562136079,108.55103308901856,108.54705224306998,108.47672868598318,107.23866481547273,86.45473183036512,84.4396350006292,83.20640367545136,83.38075937022265,88.70511671586267
120.0,120.0,120.0,120.0,120.0,120.0,120.0,120.0,120.0,120.0,108.5511875120774,108.55119320451595,108.55120285886242,108.55120986820063,108.55122695286627,108.55123183219688,108.55102947791087,108.54705442597277,108.47672493291208,107.23866630540462,86.45472918041528,84.43963469188375,83.20640467129905,83.38075788229807,88.70511813987815
120.0,120.0,120.0,120.0,120.0,120.0,120.0,120.0,120.0,120.0,108.55122924759542,108.5512230221712,108.55122470809287,108.55123156062908,108.55123616138616,108.55124181537983,108.55103470951555,108.54705706658049,108.47673082347274,107.23866529490992,86.45473415388452,84.43963313067387,83.20640528392858,83.38075868939305,88.70511717844414
120.0,120.0,120.0,120.0,120.0,120.0,120.0,120.0,120.0,120.0,108.55122043195055,108.5512174916723,108.5512195649512,108.55122713346678,108.55123867277452,108.5512372777215,108.55103518400446,108.54705550269266,108.47672894388963,107.23866755286502,86.4547295699968,84.43963632164042,83.20640343635688,83.38075903945239,88.70511765898421
120.0,120.0,120.0,120.0,120.0,120.0,120.0,120.0,120.0,120.0,108.55121305475522,108.5512083089365,108.55121464843077,108.5512222693942,108.55123433922819,108.55123965618492,108.55103082156677,108.54705633498979,108.4767275433923,107.23866621814095,86.45473296564134,84.4396330741004,83.20640586266347,83.38075755669995,88.70511784635167
120.0,120.0,120.0,120.0,120.0,120.0,120.0,120.0,120.0,120.0,108.5512018501247,108.55120361858009,108.55120570500239,108.55121825775204,108.551229970359,108.55123562138326,108.55103308912938,108.54705224315845,108.47672868620177,107.23866481556827,86.45473182999856,84.43963500111303,83.2064036748658,83.38075936940068,88.70511671608145
120.0,120.0,120.0,120.0,120.0,120.0,120.0,120.0,120.0,120.0,108.55118751305332,108.55119320486548,108.5512028588877,108.55120986824467,108.5512269530266,108.55123183232851,108.5510294779417,108.54705442608494,108.47672493297783,107.23866630566177,86.45472918043347,84.43963469139572,83.20640467161839,83.38075788181578,88.7051181392465
120.0,120.0,120.0,120.0,120.0,120.0,120.0,120.0,120.0,120.0,108.55122924333305,108.55122301871458,108.55122470567149,108.55123155881957,108.55123615993887,108.55124181444828,108.5510347089101,108.54705706612837,108.4767308232569,107.23866529475443,86.45473415432929,84.43963313042634,83.20640528331856,83.38075868958686,88.70511717813993
120.0,120.0,120.0,120.0,120.0,120.0,120.0,120.0,120.0,120.0,108.55122042674232,108.55121748783353,108.55121956189042,108.55122713136541,108.55123867120658,108.55123727647165,108.55103518323203,108.54705550221524,108.47672894356062,107.2386675527452,86.45472956989667,84.43963632202231,83.20640343598177,83.38075903883893,88.70511765913
120.0,120.0,120.0,120.0,120.0,120.0,120.0,120.0,120.0,120.0,108.55121304764579,108.55120830432939,108.5512146450534,108.5512222667393,108.55123433744895,108.55123965487569,108.55103082053049,108.54705633438334,108.47672754304212,107.23866621797347,86.4547329656627,84.43963307396488,83.20640586293082,83.38075755628904,88.70511784581959
120.0,120.0,120.0,120.0,120.0,120.0,120.0,120.0,120.0,120.0,108.55120184298652,108.55120361233575,108.55120570100031,108.55121825484184,108.55122996810117,108.55123561991748,108.55103308808096,108.5470522423375,108.47672868575785,107.23866481536132,86.45473183012328,84.43963500109021,83.20640367466427,83.38075936956467,88.70511671578124
120.0,120.0,120.0,120.0,120.0,120.0,120.0,120.0,120.0,120.0,108.55118750362165,108.55119319837144,108.55120285350061,108.55120986483423,108.55122695057594,108.55123183045244,108.5510294767758,108.54705442528883,108.47672493236549,107.23866630539789,86.45472918047166,84.43963469160421,83.20640467151853,83.38075788154998,88.70511813934527
120.0,120.0,120.0,120.0,120.0,120.0,120.0,120.0,120.0,120.0,108.55122924703637,108.55122302158577,108.55122470788011,108.55123156040229,108.55123616162219,108.55124181564182,108.5510347096371,108.54705706678061,108.47673082371027,107.23866529497477,86.45473415470087,84.43963313074396,83.20640528366083,83.38075868951061,88.70511717794187
120.0,120.0,120.0,120.0,120.0,120.0,120.0,120.0,120.0,120.0,108.55122043098812,108.55121749101343,108.55121956434927,108.55122713348008,108.551238672697,108.55123727802456,108.55103518433931,108.54705550286614,108.47672894413707,107.2386675531513,86.45472957025486,84.43963632237991,83.20640343623599,83.38075903910284,88.70511765907605
120.0,120.0,120.0,120.0,120.0,120.0,120.0,120.0,120.0,120.0,108.55121305482473,108.5512083078618,108.55121464775277,108.55122226881521,108.55123433938805,108.55123965620561,108.55103082189592,108.54705633535953,108.47672754358959,107.23866621846034,86.45473296628732,84.43963307436495,83.20640586321684,83.38075755644962,88.7051178460177
120.0,120.0,120.0,120.0,120.0,120.0,120.0,120.0,120.0,120.0,108.55120184978186,108.55120361859504,108.55120570394477,108.55121825711716,108.551229969833,108.55123562164053,108.55103308921888,108.54705224349412,108.47672868658802,107.23866481580272,86.45473183083321,84.43963500167337,83.20640367504235,83.3807593697601,88.70511671587398
120.0,120.0,120.0,120.0,120.0,120.0,120.0,120.0,120.0,120.0,108.55118751175658,108.55119320431761,108.55120285883666,108.55120986727701,108.5512269524764,108.55123183187503,108.55102947826445,108.54705442622482,108.47672493331494,107.23866630609136,86.45472918104008,84.43963469223286,83.20640467202024,83.38075788186502,88.70511813948401
120.0,120.0,120.0,120.0,120.0,120.0,120.0,120.0,120.0,120.0,108.55122924518143,108.5512230197466,108.55122470645651,108.55123155954837,108.55123615975985,108.55124181451795,108.55103470889091,108.54705706672847,108.47673082359192,107.23866529524402,86.45473415537504,84.43963313107453,83.20640528406764,83.38075868983306,88.70511717811107
120.0,120.0,120.0,120.0,120.0,120.0,120.0,120.0,120.0,120.0,108.55122042973721,108.55121748964349,108.55121956280809,108.55122713187245,108.55123867179549,108.55123727632517,108.55103518332605,108.54705550221802,108.47672894414373,107.23866755311369,86.4547295709685,84.43963632299699,83.20640343654563,83.38075903941613,88.7051176592826
120.0,120.0,120.0,120.0,120.0,120.0,120.0,120.0,120.0,120.0,108.55121304925665,108.55120830661316,108.55121464673437,108.55122226752403,108.5512343377266,108.55123965531781,108.55103082041569,108.54705633449971,108.4767275430673,107.23866621858105,86.45473296648927,84.43963307503108,83.20640586375764,83.38075755670944,88.70511784620878
120.0,120.0,120.0,120.0,120.0,120.0,120.0,120.0,120.0,120.0,108.55120184631605,108.55120361385565,108.5512057026705,108.55121825632828,108.55122996874704,108.5512356200155,108.55103308838339,108.54705224225039,108.47672868589505,107.23866481546798,86.45473183139697,84.43963500196347,83.20640367562751,83.3807593702025,88.70511671603238
120.0,120.0,120.0,120.0,120.0,120.0,120.0,120.0,120.0,120.0,108.55118751031839,108.55119320189043,108.55120285493244,108.55120986599069,108.55122695182497,108.55123183095773,108.55102947673919,108.54705442546805,108.47672493230459,107.23866630557299,86.45472918089175,84.43963469286206,83.20640467234178,83.38075788233736,88.70511813978085
120.0,120.0,120.0,120.0,120.0,120.0,120.0,120.0,120.0,120.0,108.55122924711215,108.55122302149586,108.55122470819117,108.55123156029047,108.55123616102995,108.55124181553518,108.55103470929238,108.54705706619326,108.47673082347845,107.23866529478536,86.45473415499887,84.4396331313489,83.20640528476727,83.3807586901706,88.7051171784507
120.0,120.0,120.0,120.0,120.0,120.0,120.0,120.0,120.0,120.0,108.55122043107903,108.55121749098845,108.55121956406649,108.55122713383714,108.55123867253985,108.55123727734382,108.55103518417944,108.54705550250652,108.47672894357672,107.23866755293437,86.45472957023765,84.43963632291353,83.20640343697158,83.38075904003064,88.70511765950621
120.0,120.0,120.0,120.0,120.0,120.0,120.0,120.0,120.0,120.0,108.5512130548012,108.55120830826166,108.55121464769073,108.55122226839609,108.55123433973587,108.55123965603119,108.55103082117245,108.54705633515998,108.47672754323594,107.23866621794689,86.45473296599884,84.43963307472129,83.20640586389929,83.38075755716113,88.70511784666377
120.0,120.0,120.0,120.0,120.0,120.0,120.0,120.0,120.0,120.0,108.55120184960468,108.55120361852288,108.55120570452128,108.55121825705753,108.55122996931497,108.55123562194157,108.55103308904074,108.54705224275791,108.47672868635829,107.23866481544361,86.45473182996956,84.43963500168142,83.20640367566149,83.38075937045464,88.7051167163614
120.0,120.0,120.0,120.0,120.0,120.0,120.0,120.0,120.0,120.0,108.55118751103066,108.5511932040997,108.55120285869624,108.55120986793597,108.55122695244177,108.55123183128602,108.55102947849615,108.54705442604855,108.47672493258537,107.23866630581503,86.45472918035131,84.43963469174713,83.20640467231551,83.38075788257727,88.70511814000281
120.0,120.0,120.0,120.0,120.0,120.0,120.0,120.0,120.0,120.0,108.5512292427272,108.55122301873138,108.55122470500186,108.55123155823428,108.55123615981749,108.55124181410639,108.55103470792339,108.5470570666467,108.4767308232708,107.23866529439933,86.45473415471119,84.43963313061552,83.2064052839491,83.38075869027568,88.70511717865682
120.0,120.0,120.0,120.0,120.0,120.0,120.0,120.0,120.0,120.0,108.55122042466473,108.55121748714711,108.5512195618887,108.55122713075183,108.55123867058055,108.55123727640348,108.55103518301547,108.54705550129141,108.47672894403009,107.23866755276406,86.45472956934098,84.43963632249312,83.20640343642778,83.38075903957402,88.70511765964346
120.0,120.0,120.0,120.0,120.0,120.0,120.0,120.0,120.0,120.0,108.55121304863965,108.55120830281352,108.55121464432452,108.55122226670497,108.55123433690785,108.55123965421745,108.55103082050525,108.5470563342853,108.47672754218935,107.23866621841623,86.45473296571683,84.43963307368931,83.20640586351875,83.38075755686454,88.70511784639831
120.0,120.0,120.0,120.0,120.0,120.0,120.0,120.0,120.0,120.0,108.55120184185498,108.55120361311165,108.55120569995148,108.55121825411089,108.551229968033,108.55123561945727,108.55103308740163,108.5470522423453,108.47672868576184,107.23866481458404,86.45473183101673,84.4396350012187,83.20640367468367,83.38075937020793,88.70511671624222
120.0,120.0,120.0,120.0,120.0,120.0,120.0,120.0,120.0,120.0,108.55118749835123,108.55119319657992,108.55120285404547,108.55120986414848,108.55122694987551,108.55123183035903,108.55102947640137,108.54705442459961,108.47672493239881,107.23866630544497,86.45472917914798,84.43963469239343,83.20640467178613,83.38075788177703,88.70511813985928
120.0,120.0,120.0,120.0,120.0,120.0,120.0,120.0,120.0,120.0,108.55122924695972,108.55122302170005,108.55122470735391,108.55123156059958,108.5512361615236,108.55124181543638,108.55103470975418,108.54705706660333,108.47673082311128,107.23866529513566,86.45473415484135,84.43963312980979,83.20640528440761,83.38075868989968,88.70511717815255
120.0,120.0,120.0,120.0,120.0,120.0,120.0,120.0,120.0,120.0,108.55122043083216,108.55121749114949,108.55121956467494,108.55122713278381,108.5512386729164,108.55123727797913,108.55103518407657,108.54705550296005,108.47672894403135,107.23866755249558,86.45472957071797,84.43963632253327,83.20640343565248,83.38075903979795,88.70511765942993
120.0,120.0,120.0,120.0,120.0,120.0,120.0,120.0,120.0,120.0,108.55121305457205,108.55120830742342,108.55121464798337,108.55122226926592,108.55123433861823,108.55123965642275,108.55103082188485,108.54705633504251,108.47672754365666,107.23866621837509,86.45473296492558,84.43963307489885,83.20640586344089,83.38075755613525,88.70511784654761
120.0,120.0,120.0,120.0,120.0,120.0,120.0,120.0,120.0,120.0,108.55120184977133,108.55120361844867,108.55120570332672,108.55121825736498,108.55122997035218,108.55123562085664,108.55103308941776,108.54705224350845,108.47672868622105,107.2386648158635,86.45473183059887,84.43963500052851,83.20640367561955,83.38075937006175,88.70511671564766
120.0,120.0,120.0,120.0,120.0,120.0,120.0,120.0,120.0,120.0,108.55118751228783,108.55119320440909,108.55120285881912,108.5512098665543,108.55122695269412,108.5512318324248,108.5510294775006,108.54705442639485,108.47672493334746,107.23866630563494,86.45472918119468,84.43963469202644,83.20640467115653,83.38075788244124,88.70511813980535
120.0,120.0,120.0,120.0,120.0,120.0,120.0,120.0,120.0,120.0,108.5512292471807,108.55122302167557,108.55122470760769,108.55123156056148,108.55123615965935,108.55124181514093,108.55103470976658,108.5470570662247,108.47673082387618,107.23866529533407,86.4547341543504,84.43963313130256,83.20640528397588,83.38075868923507,88.70511717856297
120.0,120.0,120.0,120.0,120.0,120.0,120.0,120.0,120.0,120.0,108.55122043103194,108.55121749123906,108.55121956431067,108.55122713295468,108.55123867280115,108.55123727611293,108.55103518381107,108.54705550302228,108.47672894363167,107.23866755333029,86.45472957087449,84.43963632201061,83.20640343682396,83.3807590394447,88.7051176588419
120.0,120.0,120.0,120.0,120.0,120.0,120.0,120.0,120.0,120.0,108.55121305460526,108.5512083082345,108.55121464802502,108.55122226862875,108.55123433867652,108.5512396563071,108.55103082011796,108.54705633484042,108.4767275437844,107.23866621801476,86.45473296674507,84.43963307481795,83.20640586290799,83.38075755702685,88.70511784634748
120.0,120.0,120.0,120.0,120.0,120.0,120.0,120.0,120.0,120.0,108.55120184937107,108.55120361838061,108.55120570445855,108.55121825740915,108.55122996949937,108.55123562078936,108.55103308934207,108.54705224189026,108.47672868610003,107.23866481603895,86.45473183006867,84.43963500213017,83.20640367538844,83.3807593695248,88.70511671629701
120.0,120.0,120.0,120.0,120.0,120.0,120.0,120.0,120.0,120.0,108.55118751085436,108.55119320394965,108.55120285862208,108.551209867801,108.55122695277039,108.55123183141245,108.55102947731096,108.54705442637852,108.47672493189731,107.23866630568287,86.45472918155146,84.43963469165821,83.20640467245569,83.380757882159,88.70511813927678
120.0,120.0,120.0,120.0,120.0,120.0,120.0,120.0,120.0,120.0,108.55122924484681,108.5512230201996,108.55122470640295,108.55123155933012,108.55123616033765,108.55124181492712,108.55103470838714,108.54705706573804,108.47673082380126,107.23866529396687,86.45473415481825,84.43963313155051,83.20640528365938,83.38075869022751,88.70511717836612
120.0,120.0,120.0,120.0,120.0,120.0,120.0,120.0,120.0,120.0,108.5512204279765,108.55121748914496,108.5512195632114,108.55122713199711,108.55123867159925,108.5512372767246,108.55103518369532,108.54705550164348,108.47672894310988,107.23866755328969,86.45472956861023,84.43963632272015,83.20640343697407,83.38075903912261,88.70511765954726
120.0,120.0,120.0,120.0,120.0,120.0,120.0,120.0,120.0,120.0,108.55121305114417,108.55120830553763,108.55121464615753,108.55122226786935,108.55123433798975,108.55123965514187,108.5510308206205,108.54705633482334,108.47672754244296,107.23866621752448,86.45473296669739,84.43963307322485,83.20640586369169,83.38075755709144,88.7051178459757
120.0,120.0,120.0,120.0,120.0,120.0,120.0,120.0,120.0,120.0,108.55120184549229,108.55120361536441,108.55120570215351,108.55121825575175,108.55122996902959,108.55123562037316,108.55103308822268,108.5470522422621,108.47672868616877,107.23866481465934,86.45473182936637,84.43963500212637,83.20640367435017,83.38075937025359,88.70511671636419
120.0,120.0,120.0,120.0,120.0,120.0,120.0,120.0,120.0,120.0,108.55118750526196,108.55119320030754,108.5512028560593,108.55120986590086,108.55122695130886,108.5512318311776,108.55102947715005,108.5470544253149,108.47672493213618,107.23866630575903,86.45472917880646,84.4396346912468,83.20640467255221,83.38075788147871,88.70511813981281
120.0,120.0,120.0,120.0,120.0,120.0,120.0,120.0,120.0,120.0,108.55122924723165,108.55122302187392,108.55122470774418,108.55123156059562,108.55123616135373,108.55124181545901,108.5510347095948,108.54705706666597,108.47673082336429,107.23866529444447,86.45473415510573,84.43963312930718,83.20640528361395,83.38075869046247,88.7051171778946
120.0,120.0,120.0,120.0,120.0,120.0,120.0,120.0,120.0,120.0,108.55122043129234,108.55121749132867,108.55121956471476,108.5512271331771,108.55123867284087,108.551237277761,108.5510351841058,108.5470555027457,108.47672894404269,107.23866755266957,86.45472956913378,84.43963632277455,83.2064034352223,83.38075903926524,88.7051176598634
120.0,120.0,120.0,120.0,120.0,120.0,120.0,120.0,120.0,120.0,108.55121305475082,108.55120830812626,108.55121464811275,108.55122226920751,108.55123433898939,108.55123965630884,108.55103082164996,108.54705633509498,108.47672754339483,107.23866621837196,86.45473296495774,84.43963307343925,83.20640586368454,83.38075755582015,88.70511784612775
120.0,120.0,120.0,120.0,120.0,120.0,120.0,120.0,120.0,120.0,108.55120184988219,108.5512036185692,108.55120570414675,108.55121825746913,108.55122997021913,108.55123562119095,108.55103308928271,108.54705224327039,108.47672868629884,107.23866481550218,86.45473183057786,84.43963500030627,83.20640367440095,83.38075937031779,88.70511671549774
120.0,120.0,120.0,120.0,120.0,120.0,120.0,120.0,120.0,120.0,108.55118751237566,108.55119320452825,108.5512028588727,108.55120986740768,108.55122695278654,108.55123183223483,108.55102947779235,108.54705442624707,108.47672493311212,107.23866630570659,86.45472918022791,84.4396346919629,83.20640467082303,83.38075788148434,88.7051181400351
120.0,120.0,120.0,120.0,120.0,120.0,120.0,120.0,120.0,120.0,108.55122924754487,108.55122302200742,108.55122470794235,108.55123156063006,108.55123616054475,108.55124181527655,108.55103470956936,108.54705706649689,108.4767308237297,107.23866529511842,86.45473415435536,84.43963313026353,83.20640528388796,83.38075868892678,88.70511717784234
120.0,120.0,120.0,120.0,120.0,120.0,120.0,120.0,120.0,120.0,108.55122043180344,108.55121749160551,108.55121956470906,108.55122713328255,108.55123867280058,108.55123727693633,108.55103518393351,108.54705550278675,108.47672894385994,107.23866755311494,86.4547295704491,84.43963632184439,83.20640343580851,83.38075903936908,88.70511765870123
120.0,120.0,120.0,120.0,120.0,120.0,120.0,120.0,120.0,120.0,108.55121305475689,108.55120830883145,108.55121464836418,108.55122226908176,108.55123433900762,108.55123965623868,108.55103082085891,108.5470563349501,108.47672754352054,107.23866621818618,86.45473296610133,84.43963307443143,83.2064058626177,83.3807575561157,88.7051178462937
120.0,120.0,120.0,120.0,120.0,120.0,120.0,120.0,120.0,120.0,108.55120185002636,108.55120361855779,108.55120570491799,108.55121825769757,108.55122996998995,108.55123562112925,108.55103308921107,108.54705224253863,108.47672868619208,107.2386648157456,86.454731830224,84.43963500139611,83.20640367502536,83.38075936921156,88.70511671559848
120.0,120.0,120.0,120.0,120.0,120.0,120.0,120.0,120.0,120.0,108.55118751265367,108.55119320472791,108.55120285883402,108.55120986816144,108.55122695299191,108.55123183191999,108.55102947766098,108.54705442619318,108.47672493245067,107.23866630570704,86.45472918089618,84.43963469161709,83.20640467169228,83.38075788183369,88.70511813909808
120.0,120.0,120.0,120.0,120.0,120.0,120.0,120.0,120.0,120.0,108.55122924759414,108.55122302213945,108.55122470813647,108.55123156055852,108.55123616121419,108.55124181544099,108.55103470917888,108.54705706630374,108.47673082370275,107.2386652945122,86.45473415467193,84.43963313094733,83.20640528348176,83.38075868951582,88.70511717812701
120.0,120.0,120.0,120.0,120.0,120.0,120.0,120.0,120.0,120.0,108.5512204319711,108.55121749165089,108.55121956489137,108.5512271335239,108.55123867268468,108.55123727751041,108.55103518408062,108.5470555023504,108.47672894362734,107.23866755311501,86.45472956938684,84.43963632238773,83.20640343639222,83.38075903887822,88.70511765901708
120.0,120.0,120.0,120.0,120.0,120.0,120.0,120.0,120.0,120.0,108.55121305474444,108.55120830898169,108.55121464839912,108.55122226930919,108.5512343392911,108.55123965607903,108.55103082132023,108.54705633508209,108.47672754305546,107.23866621794822,86.45473296613879,84.43963307368298,83.20640586323357,83.3807575565597,88.70511784582135
120.0,120.0,120.0,120.0,120.0,120.0,120.0,120.0,120.0,120.0,108.55120185011201,108.55120361856248,108.55120570506196,108.55121825771623,108.55122997024961,108.5512356214471,108.55103308901093,108.54705224288097,108.47672868630958,107.23866481521112,86.4547318298383,84.43963500153883,83.20640367452361,83.38075936976051,88.70511671595578
120.0,120.0,120.0,120.0,120.0,120.0,120.0,120.0,120.0,120.0,108.55118751302294,108.55119320485178,108.5512028588601,108.55120986831123,108.55122695299005,108.55123183219455,108.55102947800371,108.54705442595775,108.47672493267784,107.23866630577983,86.45472917969681,84.4396346914452,83.20640467193233,83.38075788147057,88.7051181394577
120.0,120.0,120.0,120.0,120.0,120.0,120.0,120.0,120.0,120.0,108.55122924719096,108.55122302194236,108.55122470789959,108.5512315603984,108.55123616122295,108.55124181529273,108.55103470936345,108.54705706660414,108.47673082339813,107.23866529461073,86.45473415465239,84.4396331298905,83.20640528351042,83.38075868980698,88.70511717783765
120.0,120.0,120.0,120.0,120.0,120.0,120.0,120.0,120.0,120.0,108.55122043110154,108.55121749122344,108.55121956469581,108.55122713334585,108.55123867256381,108.55123727756795,108.55103518393219,108.54705550252942,108.47672894394165,107.23866755275088,86.45472956944488,84.43963632230482,83.20640343557824,83.38075903903417,88.70511765931558
120.0,120.0,120.0,120.0,120.0,120.0,120.0,120.0,120.0,120.0,108.55121305463103,108.5512083083517,108.55121464798165,108.55122226912601,108.55123433915814,108.55123965599941,108.55103082143181,108.54705633493462,108.47672754321627,107.23866621824492,86.4547329652652,84.43963307363354,83.20640586318112,83.38075755598149,88.70511784595222
120.0,120.0,120.0,120.0,120.0,120.0,120.0,120.0,120.0,120.0,108.5512018493758,108.55120361842982,108.5512057046289,108.55121825733522,108.5512299700891,108.55123562134766,108.55103308896905,108.5470522430472,108.47672868616229,107.2386648153737,86.45473183030481,84.43963500063818,83.20640367445752,83.38075936979108,88.7051167155631
120.0,120.0,120.0,120.0,120.0,120.0,120.0,120.0,120.0,120.0,108.5511875108904,108.55119320395488,108.5512028587017,108.5512098680331,108.5512269526637,108.55123183206734,108.55102947792936,108.54705442594633,108.47672493289392,107.23866630560994,86.45472918005183,84.43963469168895,83.20640467109813,83.38075788143735,88.70511813957029
120.0,120.0,120.0,120.0,120.0,120.0,120.0,120.0,120.0,120.0,108.55122924743344,108.5512230221417,108.5512247079181,108.55123156055902,108.55123616143293,108.55124181535629,108.55103470948255,108.54705706667585,108.4767308234992,107.23866529492996,86.45473415428869,84.43963313015273,83.20640528361034,83.3807586891135,88.70511717781666
120.0,120.0,120.0,120.0,120.0,120.0,120.0,120.0,120.0,120.0,108.55122043152329,108.55121749151813,108.5512195649566,108.55122713330147,108.55123867271686,108.55123727778464,108.55103518399696,108.54705550266696,108.47672894400387,107.23866755288105,86.45472957005887,84.43963632186353,83.20640343571529,83.38075903907283,88.70511765880472
120.0,120.0,120.0,120.0,120.0,120.0,120.0,120.0,120.0,120.0,108.55121305479723,108.55120830856696,108.55121464828294,108.5512222694226,108.55123433908162,108.55123965613666,108.55103082164098,108.54705633499718,108.4767275433727,107.23866621828577,86.45473296561345,84.43963307409759,83.20640586268594,83.38075755602827,88.70511784602903
120.0,120.0,120.0,120.0,120.0,120.0,120.0,120.0,120.0,120.0,108.55120184988215,108.5512036186151,108.55120570469417,108.55121825761256,108.55122997040336,108.55123562126009,108.55103308908879,108.54705224324125,108.4767286862224,107.23866481556692,86.45473183032988,84.43963500097647,83.20640367475168,83.38075936929076,88.70511671555423
120.0,120.0,120.0,120.0,120.0,120.0,120.0,120.0,120.0,120.0,108.55118751214738,108.55119320452799,108.55120285891495,108.55120986799427,108.55122695289842,108.55123183238508,108.5510294778438,108.54705442605088,108.47672493306911,107.23866630569228,86.4547291804896,84.43963469165332,83.20640467135841,83.38075788160661,88.7051181391619
120.0,120.0,120.0,120.0,120.0,120.0,120.0,120.0,120.0,120.0,108.55122924749718,108.55122302209897,108.55122470800089,108.55123156063976,108.55123616113647,108.55124181536966,108.55103470968889,108.54705706653571,108.47673082354915,107.23866529506093,86.45473415451393,84.43963313055059,83.206405283494,83.38075868926926,88.70511717795324
120.0,120.0,120.0,120.0,120.0,120.0,120.0,120.0,120.0,120.0,108.55122043166475,108.55121749156257,108.55121956485773,108.55122713338214,108.55123867281593,108.55123727749177,108.55103518399085,108.54705550287296,108.47672894388964,107.23866755296093,86.45472957032128,84.43963632213814,83.20640343603344,83.3807590388932,88.70511765886711
120.0,120.0,120.0,120.0,120.0,120.0,120.0,120.0,120.0,120.0,108.55121305478613,108.55120830873126,108.55121464832406,108.55122226928235,108.55123433914572,108.55123965625677,108.5510308213664,108.54705633497501,108.47672754357521,107.238666218212,86.45473296585847,84.4396330743219,83.20640586295073,83.38075755625734,88.70511784585378
120.0,120.0,120.0,120.0,120.0,120.0,120.0,120.0,120.0,120.0,108.55120184994371,108.55120361859436,108.5512057048603,108.5512182576604,108.55122997023409,108.55123562129901,108.55103308922877,108.54705224299366,108.47672868619034,107.23866481577197,86.45473183029162,84.43963500125462,83.2064036749181,83.38075936949947,88.70511671572415
120.0,120.0,120.0,120.0,120.0,120.0,120.0,120.0,120.0,120.0,108.55118751231929,108.55119320460943,108.55120285888057,108.55120986814819,108.55122695295881,108.55123183219784,108.55102947785353,108.5470544262073,108.47672493285346,107.23866630567755,86.45472918091264,84.43963469172613,83.2064046716258,83.3807578817036,88.70511813928258
120.0,120.0,120.0,120.0,120.0,120.0,120.0,120.0,120.0,120.0,108.55122924760852,108.55122302216058,108.55122470811644,108.55123156063752,108.55123616128478,108.55124181545132,108.55103470950192,108.54705706652275,108.47673082372133,107.23866529487596,86.45473415456887,84.43963313094477,83.20640528363404,83.3807586894953,88.70511717799839
120.0,120.0,120.0,120.0,120.0,120.0,120.0,120.0,120.0,120.0,108.55122043197821,108.55121749167861,108.55121956492532,108.551227133494,108.55123867278583,108.55123727761378,108.55103518408843,108.54705550268424,108.47672894384924,107.23866755314663,86.45472957001661,84.43963632226661,83.2064034363851,83.38075903904561,88.70511765902772
120.0,120.0,120.0,120.0,120.0,120.0,120.0,120.0,120.0,120.0,108.55121305476528,108.55120830897074,108.5512146484349,108.55122226935508,108.55123433925651,108.55123965620064,108.55103082145618,108.5470563350875,108.47672754339189,107.23866621816485,86.4547329662497,84.43963307414789,83.2064058631218,83.3807575565491,88.70511784595827
120.0,120.0,120.0,120.0,120.0,120.0,120.0,120.0,120.0,120.0,108.55120185013926,108.55120361858495,108.55120570503877,108.55121825775717,108.5512299703084,108.55123562141145,108.55103308915061,108.54705224304786,108.47672868631521,107.23866481558088,86.45473183023738,84.43963500163949,83.20640367486011,83.38075936967336,88.70511671593668
120.0,120.0,120.0,120.0,120.0,120.0,120.0,120.0,120.0,120.0,108.55118751308076,108.55119320488099,108.55120285888617,108.55120986828008,108.55122695303484,108.55123183226816,108.55102947796966,108.54705442611267,108.47672493287254,107.23866630581412,86.45472918051227,84.43963469174165,83.20640467199998,83.38075788171825,88.70511813939967
120.0,120.0,120.0,120.0,120.0,120.0,120.0,120.0,120.0,120.0,108.55122924736143,108.55122302204998,108.55122470798871,108.55123156048221,108.55123616122185,108.55124181536459,108.55103470947142,108.54705706658598,108.476730823576,107.23866529484823,86.45473415483025,84.43963313061779,83.20640528370596,83.38075868983847,88.70511717801874
120.0,120.0,120.0,120.0,120.0,120.0,120.0,120.0,120.0,120.0,108.55122043129512,108.55121749137507,108.5512195647873,108.55122713342408,108.55123867264615,108.55123727756033,108.55103518400377,108.54705550265281,108.47672894392802,107.23866755298647,86.45472956998374,84.4396363225259,83.20640343616523,83.38075903914817,88.70511765930281
120.0,120.0,120.0,120.0,120.0,120.0,120.0,120.0,120.0,120.0,108.55121305484259,108.55120830851878,108.55121464811481,108.5512222692009,108.55123433922503,108.55123965608163,108.55103082141929,108.54705633500605,108.47672754335719,107.23866621825944,86.45473296589972,84.43963307414514,83.20640586338708,83.38075755642207,88.70511784602105
120.0,120.0,120.0,120.0,120.0,120.0,120.0,120.0,120.0,120.0,108.55120184968462,108.55120361862585,108.55120570477041,108.55121825745117,108.55122997014777,108.55123562140342,108.5510330890528,108.54705224303174,108.47672868623714,107.23866481555129,86.4547318304448,84.43963500131765,83.2064036748961,83.38075936994025,88.70511671586101
120.0,120.0,120.0,120.0,120.0,120.0,120.0,120.0,120.0,120.0,108.55118751123122,108.55119320423421,108.55120285887887,108.55120986815079,108.55122695276422,108.55123183211074,108.55102947797442,108.54705442603343,108.47672493287881,107.23866630572641,86.45472918049656,84.43963469192681,83.20640467173975,83.3807578817785,88.7051181396308
120.0,120.0,120.0,120.0,120.0,120.0,120.0,120.0,120.0,120.0,108.55122924758797,108.5512230222028,108.55122470802695,108.5512315606354,108.55123616146257,108.55124181539091,108.55103470947758,108.5470570666889,108.47673082357728,107.23866529492076,86.45473415465956,84.43963313063809,83.2064052838894,83.38075868965382,88.7051171780553
120.0,120.0,120.0,120.0,120.0,120.0,120.0,120.0,120.0,120.0,108.55122043191214,108.55121749169362,108.55121956501422,108.55122713338416,108.55123867277806,108.55123727780581,108.5510351840298,108.54705550265598,108.47672894401526,107.23866755298629,86.4547295701258,84.43963632234248,83.20640343620238,83.38075903932821,88.70511765917837
120.0,120.0,120.0,120.0,120.0,120.0,120.0,120.0,120.0,120.0,108.55121305475694,108.55120830886283,108.55121464846302,108.55122226947798,108.55123433914366,108.5512396561827,108.55103082165412,108.54705633503086,108.47672754335913,107.23866621832056,86.45473296590278,84.43963307427279,83.20640586321497,83.38075755646722,88.70511784618475
120.0,120.0,120.0,120.0,120.0,120.0,120.0,120.0,120.0,120.0,108.55120185013092,108.551203618592,108.55120570490875,108.5512182577838,108.55122997045594,108.55123562130663,108.55103308912071,108.5470522432465,108.47672868625948,107.23866481555817,86.4547318304985,84.43963500133623,83.20640367500961,83.38075936979465,88.70511671588251
120.0,120.0,120.0,120.0,120.0,120.0,120.0,120.0,120.0,120.0,108.55118751308288,108.55119320487407,108.55120285891299,108.55120986814202,108.55122695305099,108.55123183243288,108.55102947787913,108.54705442607053,108.47672493306816,107.23866630574362,86.45472918051173,84.43963469193145,83.20640467176837,83.38075788188488,88.70511813952535
120.0,120.0,120.0,120.0,120.0,120.0,120.0,120.0,120.0,120.0,108.55122924748318,108.55122302207407,108.55122470806779,108.55123156060341,108.55123616112658,108.55124181539314,108.5510347096695,108.54705706652837,108.47673082353344,107.2386652950493,86.45473415465302,84.43963313065152,83.20640528385452,83.38075868967941,88.70511717814881
120.0,120.0,120.0,120.0,120.0,120.0,120.0,120.0,120.0,120.0,108.55122043162872,108.55121749151397,108.55121956480286,108.55122713347747,108.5512386727781,108.55123727747142,108.55103518401035,108.54705550285205,108.47672894388383,107.23866755294628,86.45472957036048,84.43963632234635,83.20640343622152,83.38075903928016,88.7051176591871
120.0,120.0,120.0,120.0,120.0,120.0,120.0,120.0,120.0,120.0,108.55121305481012,108.55120830875909,108.55121464826144,108.55122226920886,108.55123433925387,108.55123965622167,108.55103082134058,108.54705633499076,108.47672754355396,107.23866621821479,86.45473296585213,84.43963307444615,83.20640586322702,83.38075755649015,88.7051178461441
120.0,120.0,120.0,120.0,120.0,120.0,120.0,120.0,120.0,120.0,108.55120184989416,108.55120361860322,108.55120570493169,108.55121825759761,108.55122997014956,108.55123562140945,108.55103308919821,108.5470522429658,108.47672868620275,107.23866481575455,86.45473183033175,84.43963500130356,83.20640367512783,83.38075936980924,88.70511671590388
120.0,120.0,120.0,120.0,120.0,120.0,120.0,120.0,120.0,120.0,108.55118751207777,108.55119320453258,108.55120285887008,108.55120986824765,108.55122695290449,108.55123183210775,108.55102947795943,108.54705442618172,108.4767249328261,107.2386663056869,86.45472918090552,84.43963469181769,83.20640467174479,83.3807578819602,88.7051181395334
120.0,120.0,120.0,120.0,120.0,120.0,120.0,120.0,120.0,120.0,108.55122924760153,108.5512230221824,108.55122470810181,108.55123156060661,108.55123616142016,108.55124181543283,108.55103470942223,108.54705706662651,108.47673082370542,107.23866529485642,86.45473415459392,84.43963313098972,83.20640528378762,83.38075868966199,88.7051171782
120.0,120.0,120.0,120.0,120.0,120.0,120.0,120.0,120.0,120.0,108.5512204319705,108.55121749167952,108.55121956496657,108.55122713347785,108.55123867274311,108.5512372777493,108.55103518407957,108.54705550260498,108.47672894394158,107.23866755313244,86.454729569995,84.43963632231277,83.20640343649252,83.3807590392407,88.70511765916507
120.0,120.0,120.0,120.0,120.0,120.0,120.0,120.0,120.0,120.0,108.55121305475141,108.55120830895119,108.5512146484366,108.55122226941198,108.55123433924449,108.55123965614621,108.55103082158682,108.54705633508814,108.47672754331512,107.23866621824679,86.45473296622966,84.43963307416185,83.20640586320678,83.38075755670009,88.70511784612222
120.0,120.0,120.0,120.0,120.0,120.0,120.0,120.0,120.0,120.0,108.5512018501358,108.55120361857847,108.55120570501349,108.55121825775463,108.5512299703772,108.55123562140734,108.55103308908586,108.5470522431703,108.47672868632405,107.23866481551117,86.45473183038516,84.43963500164668,83.20640367492032,83.38075936978974,88.70511671606101
120.0,120.0,120.0,120.0,120.0,120.0,120.0,120.0,120.0,120.0,108.55118751310458,108.55119320488224,108.5512028588887,108.55120986825399,108.55122695302478,108.55123183234501,108.55102947797563,108.54705442603978,108.47672493298498,107.23866630582455,86.45472918039903,84.43963469186762,83.20640467204665,83.38075788181499,88.70511813949788
120.0,120.0,120.0,120.0,120.0,120.0,120.0,120.0,120.0,120.0,108.55122924712697,108.55122302190053,108.55122470782878,108.55123156038565,108.5512361611262,108.55124181529123,108.55103470951313,108.54705706657619,108.47673082348064,107.23866529494725,86.45473415483971,84.4396331305435,83.20640528382431,83.38075868991587,88.7051171781016
120.0,120.0,120.0,120.0,120.0,120.0,120.0,120.0,120.0,120.0,108.55122043080688,108.55121749113644,108.55121956464477,108.55122713329156,108.55123867257186,108.55123727748035,108.55103518392995,108.54705550270319,108.47672894393429,107.2386675528955,86.45472957019575,84.4396363225416,83.20640343613621,83.38075903926595,88.70511765937088
120.0,120.0,120.0,120.0,120.0,120.0,120.0,120.0,120.0,120.0,108.55121305467016,108.55120830814009,108.5512146478865,108.55122226906724,108.55123433911511,108.5512396560307,108.55103082135847,108.54705633493217,108.47672754341389,107.23866621827595,86.45473296575025,84.43963307433188,83.20640586341985,83.38075755642836,88.70511784611364
120.0,120.0,120.0,120.0,120.0,120.0,120.0,120.0,120.0,120.0,108.55120184929073,108.55120361846845,108.55120570448547,108.55121825724466,108.55122997002529,108.55123562131118,108.55103308902419,108.5470522429922,108.47672868616421,107.23866481562463,86.45473183049073,84.43963500120704,83.20640367506067,83.38075936998976,88.70511671586756
120.0,120.0,120.0,120.0,120.0,120.0,120.0,120.0,120.0,120.0,108.55118751009437,108.55119320376349,108.55120285873032,108.55120986794263,108.55122695258765,108.55123183200251,108.55102947789577,108.54705442602463,108.47672493286072,107.23866630565729,86.4547291806941,84.4396346919683,83.20640467166754,83.38075788192232,88.7051181396785
120.0,120.0,120.0,120.0,120.0,120.0,120.0,120.0,120.0,120.0,108.55122924734773,108.55122302214131,108.55122470778832,108.55123156052959,108.55123616143007,108.55124181535486,108.55103470944289,108.54705706665372,108.47673082361133,107.23866529493749,86.454734154565,84.4396331308372,83.20640528393639,83.3807586896124,88.70511717816379
120.0,120.0,120.0,120.0,120.0,120.0,120.0,120.0,120.0,120.0,108.55122043118038,108.55121749144762,108.55121956496826,108.55122713317326,108.5512386726965,108.55123727778509,108.55103518400807,108.54705550263573,108.47672894398279,107.23866755303848,86.45472957017726,84.43963632227265,83.2064034363854,83.38075903937862,88.70511765914112
120.0,120.0,120.0,120.0,120.0,120.0,120.0,120.0,120.0,120.0,108.5512130548979,108.55120830828264,108.55121464822085,108.55122226944108,108.55123433896382,108.55123965612279,108.5510308216415,108.54705633502124,108.47672754335248,107.23866621829173,86.45473296606022,84.43963307432523,83.20640586316863,83.38075755662668,88.70511784623375
120.0,120.0,120.0,120.0,120.0,120.0,120.0,120.0,120.0,120.0,108.55120184973894,108.55120361870352,108.55120570446509,108.55121825755738,108.55122997042567,108.55123562115718,108.5510330890803,108.54705224324023,108.47672868626097,107.23866481556462,86.45473183046826,84.43963500150551,83.20640367506283,83.38075936976266,88.70511671599876
120.0,120.0,120.0,120.0,120.0,120.0,120.0,120.0,120.0,120.0,108.55118751135907,108.55119320428749,108.55120285898866,108.55120986781294,108.55122695285083,108.55123183240993,108.55102947775768,108.54705442604741,108.47672493306735,107.23866630576434,86.45472918055526,84.43963469191884,83.20640467193509,83.38075788193794,88.70511813949061
120.0,120.0,120.0,120.0,120.0,120.0,120.0,120.0,120.0,120.0,108.55122924720743,108.55122302200056,108.5512247077196,108.55123156053867,108.55123616096637,108.55124181533701,108.55103470970136,108.5470570664514,108.47673082354491,107.23866529507008,86.45473415476106,84.43963313070644,83.20640528385923,83.38075868983206,88.70511717819882
120.0,120.0,120.0,120.0,120.0,120.0,120.0,120.0,120.0,120.0,108.55122043080803,108.55121749126745,108.55121956477001,108.5512271331282,108.55123867274935,108.55123727733853,108.55103518396149,108.54705550289447,108.47672894382835,107.23866755296814,86.45472957042372,84.43963632247421,83.20640343627998,83.38075903928885,88.70511765929918
120.0,120.0,120.0,120.0,120.0,120.0,120.0,120.0,120.0,120.0,108.55121305487562,108.55120830806827,108.55121464803757,108.5512222691977,108.55123433892246,108.55123965622333,108.55103082123235,108.54705633494873,108.47672754360376,107.23866621818537,86.45473296592786,84.43963307451276,83.2064058633625,83.38075755654808,88.70511784614058
120.0,120.0,120.0,120.0,120.0,120.0,120.0,120.0,120.0,120.0,108.55120184944916,108.55120361865993,108.55120570436463,108.5512182573981,108.55122997015049,108.55123562110484,108.55103308922523,108.54705224288094,108.47672868616824,107.23866481581308,86.45473183034089,84.43963500138364,83.20640367519538,83.38075936993808,88.70511671595264
120.0,120.0,120.0,120.0,120.0,120.0,120.0,120.0,120.0,120.0,108.5511875102563,108.55119320389672,108.55120285891284,108.55120986778827,108.55122695273391,108.55123183211788,108.55102947768518,108.54705442622894,108.47672493276376,107.23866630566927,86.45472918105536,84.43963469186913,83.20640467182446,83.38075788202052,88.70511813962895
120.0,120.0,120.0,120.0,120.0,120.0,120.0,120.0,120.0,120.0,108.55122924758507,108.55122302219905,108.5512247079449,108.55123156071532,108.55123616124168,108.55124181548629,108.55103470954873,108.54705706644486,108.47673082381435,107.23866529484613,86.45473415463661,84.43963313114523,83.20640528387229,83.38075868973921,88.70511717824024
120.0,120.0,120.0,120.0,120.0,120.0,120.0,120.0,120.0,120.0,108.55122043185266,108.55121749172413,108.55121956501824,108.55122713327876,108.55123867288103,108.55123727758536,108.55103518412534,108.54705550272996,108.47672894378009,107.2386675532458,86.45472957000048,84.43963632237946,83.20640343663726,83.3807590393322,88.70511765922299
120.0,120.0,120.0,120.0,120.0,120.0,120.0,120.0,120.0,120.0,108.55121305478647,108.55120830876885,108.55121464851217,108.55122226947913,108.55123433902747,108.55123965630332,108.55103082143393,108.54705633512532,108.47672754343571,107.2386662181114,86.45473296646999,84.43963307419709,83.2064058632863,83.38075755682632,88.70511784619191
120.0,120.0,120.0,120.0,120.0,120.0,120.0,120.0,120.0,120.0,108.55120185014152,108.55120361862225,108.5512057047936,108.55121825784332,108.5512299704487,108.55123562118723,108.55103308925489,108.54705224302708,108.4767286863541,107.2386648156192,86.45473183018585,84.43963500187108,83.20640367497909,83.38075936986839,88.70511671615267
120.0,120.0,120.0,120.0,120.0,120.0,120.0,120.0,120.0,120.0,108.55118751306402,108.55119320487756,108.55120285894567,108.55120986801384,108.55122695311668,108.55123183241489,108.5510294777609,108.54705442621518,108.47672493285137,107.2386663058646,86.45472918058373,84.4396346917592,83.20640467225039,83.38075788188353,88.70511813955228
120.0,120.0,120.0,120.0,120.0,120.0,120.0,120.0,120.0,120.0,108.55122924175596,108.55122301774965,108.55122470472828,108.5512315581833,108.55123615922,108.55124181418826,108.55103470873749,108.54705706579631,108.47673082327853,107.23866529459198,86.45473415482938,84.43963313061447,83.20640528373477,83.38075869005999,88.70511717812663
120.0,120.0,120.0,120.0,120.0,120.0,120.0,120.0,120.0,120.0,108.5512204241534,108.55121748633242,108.5512195609642,108.55122713056714,108.55123867068481,108.55123727581372,108.55103518302026,108.54705550208074,108.47672894329295,107.23866755280199,86.45472956979638,84.43963632258759,83.20640343621416,83.38075903922726,88.70511765946779
120.0,120.0,120.0,120.0,120.0,120.0,120.0,120.0,120.0,120.0,108.55121304649222,108.55120830229019,108.55121464367961,108.55122226586678,108.5512343367817,108.55123965447315,108.55103081994771,108.54705633422135,108.47672754294481,107.2386662178045,86.45473296590005,84.4396330740449,83.2064058635058,83.38075755650969,88.70511784607056
120.0,120.0,120.0,120.0,120.0,120.0,120.0,120.0,120.0,120.0,108.55120184005298,108.55120361115608,108.55120569942504,108.5512182536334,108.55122996729507,108.55123561936526,108.55103308779373,108.54705224183745,108.47672868564595,107.23866481530213,86.45473183007688,84.43963500136726,83.20640367487985,83.38075937009016,88.70511671592736
120.0,120.0,120.0,120.0,120.0,120.0,120.0,120.0,120.0,120.0,108.55118749812068,108.55119319533519,108.55120285232938,108.55120986363735,108.55122694955769,108.55123182972626,108.55102947632436,108.5470544251071,108.47672493195165,107.23866630535458,86.45472918051647,84.43963469174435,83.2064046718352,83.38075788181578,88.70511813973798
120.0,120.0,120.0,120.0,120.0,120.0,120.0,120.0,120.0,120.0,108.5512291893688,108.55122297449114,108.55122467396349,108.55123153582602,108.55123614341457,108.551241802428,108.55103470028014,108.5470570604289,108.47673081966123,107.23866529230241,86.454734153448,84.43963313000597,83.20640528341336,83.38075868949149,88.70511717781855
120.0,120.0,120.0,120.0,120.0,120.0,120.0,120.0,120.0,120.0,108.55122036378215,108.55121743974172,108.55121952326175,108.55122710332996,108.55123865130118,108.55123726259275,108.55103517334592,108.54705549524785,108.4767289391708,107.23866755034727,86.4547295682745,84.43963632157119,83.20640343582957,83.3807590390375,88.70511765896111
120.0,120.0,120.0,120.0,120.0,120.0,120.0,120.0,120.0,120.0,108.55121295789688,108.55120824657078,108.55121460300977,108.55122223374741,108.5512343133672,108.55123963814553,108.55103080930306,108.54705632665681,108.47672753773402,107.23866621506215,86.45473296467551,84.43963307308411,83.20640586281104,83.38075755626362,88.7051178458611
120.0,120.0,120.0,120.0,120.0,120.0,120.0,120.0,120.0,120.0,108.55120175515115,108.55120353256486,108.55120564911681,108.5512182186844,108.55122994056136,108.55123559987474,108.55103307450482,108.54705223365967,108.47672868009593,107.23866481183667,86.45473182897604,84.43963500077211,83.20640367436611,83.3807593696104,88.70511671562333
120.0,120.0,120.0,120.0,120.0,120.0,120.0,120.0,120.0,120.0,108.5511873983184,108.55119311949517,108.5512027842411,108.55120981921212,108.55122692003958,108.55123180808322,108.55102946073262,108.54705441476284,108.47672492606455,107.23866630191135,86.45472917899906,84.43963469133382,83.20640467169913,83.38075788157306,88.70511813926099
120.0,120.0,120.0,120.0,120.0,120.0,120.0,120.0,120.0,120.0,108.55122921084224,108.55122296409846,108.55122467977762,108.55123154076551,108.55123614651572,108.55124180664271,108.55103470433453,108.5470570630461,108.47673082144776,107.23866529439529,86.45473415631602,84.43963313152855,83.20640528470794,83.3807586903819,88.70511717825464
120.0,120.0,120.0,120.0,120.0,120.0,120.0,120.0,120.0,120.0,108.55122039394283,108.55121745770101,108.5512195147218,108.55122710897048,108.55123865659074,108.55123726665494,108.5510351779957,108.5470554995693,108.47672894210143,107.23866755240554,86.45472957293984,84.43963632458873,83.20640343744655,83.38075904023646,88.70511765973674
120.0,120.0,120.0,120.0,120.0,120.0,120.0,120.0,120.0,120.0,108.55121293282964,108.55120825993902,108.55121461805624,108.55122222714748,108.55123431845071,108.55123964322529,108.55103081369222,108.54705633130871,108.47672754198916,107.23866621814018,86.45473296929308,84.43963307758473,83.20640586562911,83.38075755774281,88.70511784682743
120.0,120.0,120.0,120.0,120.0,120.0,120.0,120.0,120.0,120.0,108.55120182818139,108.55120351591023,108.55120565000814,108.55121823105873,108.55122993583849,108.55123560444177,108.55103307916399,108.54705223801137,108.47672868454929,107.23866481615504,86.45473183546316,84.43963500530428,83.20640367832765,83.38075937201377,88.70511671676903
120.0,120.0,120.0,120.0,120.0,120.0,120.0,120.0,120.0,120.0,108.551187474834,108.55119318913631,108.55120277477653,108.55120981150728,108.55122692985654,108.55123180498317,108.55102946495857,108.54705441899334,108.4767249302032,107.23866630641577,86.45472918802191,84.43963469748368,83.20640467573004,83.38075788479497,88.70511814104701
120.0,120.0,120.0,120.0,120.0,120.0,120.0,120.0,120.0,120.0,108.55122918837053,108.55122295929765,108.55122467824013,108.55123153273635,108.55123612593977,108.5512418020621,108.55103469717977,108.54705706454922,108.47673082328636,107.23866529737572,86.45473416504171,84.43963313948748,83.20640528985867,83.38075869351131,88.70511718039006
120.0,120.0,120.0,120.0,120.0,120.0,120.0,120.0,120.0,120.0,108.55122035708447,108.55121743880002,108.55121949737341,108.55122711189148,108.55123865017772,108.55123724572172,108.55103517472264,108.54705549400731,108.47672894398073,107.23866755525448,86.45472958115592,84.4396363328414,83.2064034443724,83.38075904443423,88.70511766180725
120.0,120.0,120.0,120.0,120.0,120.0,120.0,120.0,120.0,120.0,108.5512129703074,108.55120824167052,108.55121460298452,108.5512222018338,108.55123432326607,108.55123963838858,108.55103079388135,108.54705632923074,108.47672753793232,107.23866622105034,86.454732978013,84.43963308589815,83.20640587284802,83.38075756331502,88.70511784967654
120.0,120.0,120.0,120.0,120.0,120.0,120.0,120.0,120.0,120.0,108.55120175238648,108.55120353943468,108.55120564541116,108.55121822023392,108.55122990586777,108.55123560946281,108.55103307577818,108.54705222018595,108.4767286835776,107.23866481400965,86.45473184456877,84.43963501465579,83.20640368595821,83.3807593777946,88.70511672049491
120.0,120.0,120.0,120.0,120.0,120.0,120.0,120.0,120.0,120.0,108.55118738407891,108.55119311436707,108.55120278544833,108.55120981602826,108.55122692351924,108.55123177286865,108.55102946920475,108.54705441686308,108.47672491481359,107.23866630681937,86.45472918868224,84.43963470737694,83.20640468469239,83.38075789112312,88.70511814478708
120.0,120.0,120.0,120.0,120.0,120.0,120.0,120.0,120.0,120.0,108.55122907577278,108.55122289200646,108.55122460448214,108.55123147577389,108.55123610519594,108.5512417858221,108.55103465046696,108.5470570564882,108.47673081549328,107.23866528103183,86.4547341673442,84.43963314196981,83.20640529857859,83.3807587005856,88.70511718404241
120.0,120.0,120.0,120.0,120.0,120.0,120.0,120.0,120.0,120.0,108.5512202012175,108.55121733221098,108.55121944775318,108.55122704479145,108.55123859647178,108.55123722922814,108.55103516317217,108.54705545174886,108.47672893729309,107.23866754967712,86.45472956110413,84.4396363381316,83.20640344914054,83.38075905208126,88.7051176663961
120.0,120.0,120.0,120.0,120.0,120.0,120.0,120.0,120.0,120.0,108.55121283710051,108.55120810643741,108.551214504046,108.55122216570163,108.55123426548015,108.55123958878907,108.55103078064033,108.54705632231132,108.47672750078868,107.23866621663588,86.4547329746748,84.4396330749266,83.20640588011136,83.38075756861204,88.70511785461895
120.0,120.0,120.0,120.0,120.0,120.0,120.0,120.0,120.0,120.0,108.55120156752373,108.55120341742548,108.55120553052224,108.55121812989618,108.55122988014139,108.55123556219097,108.5510330308995,108.54705220957192,108.47672868086566,107.23866478191505,86.45473184549385,84.43963501429097,83.20640368218744,83.38075938542056,88.70511672393506
120.0,120.0,120.0,120.0,120.0,120.0,120.0,120.0,120.0,120.0,108.55118709289258,108.55119293345729,108.55120267714,108.55120972049322,108.55122684236825,108.55123175534682,108.55102943273624,108.54705437711287,108.47672490651111,107.2386663070812,86.45472913985674,84.43963471027357,83.20640468771654,83.38075789158398,88.70511815029573
120.0,120.0,120.0,120.0,120.0,120.0,120.0,120.0,120.0,120.0,108.55122922440607,108.55122300231331,108.55122468246954,108.55123155254219,108.55123615856886,108.5512418105999,108.55103470704532,108.54705707626013,108.47673081141471,107.23866529471452,86.45473418744594,84.43963311230604,83.20640530775532,83.38075870837802,88.70511718689954
120.0,120.0,120.0,120.0,120.0,120.0,120.0,120.0,120.0,120.0,108.5512204010422,108.55121746937418,108.55121955001684,108.55122710982484,108.55123866950967,108.55123727985196,108.5510351816022,108.54705550140496,108.47672895688157,107.23866754123058,86.45472958090421,84.43963635356138,83.20640342955159,83.38075906157307,88.70511767372588
120.0,120.0,120.0,120.0,120.0,120.0,120.0,120.0,120.0,120.0,108.55121304537671,108.55120826452561,108.5512146270634,108.55122225826666,108.55123431775648,108.55123965542056,108.55103082687265,108.54705633379062,108.47672754233227,107.23866623386434,86.45473294569923,84.43963309124823,83.20640589313439,83.38075755685432,88.70511786234208
120.0,120.0,120.0,120.0,120.0,120.0,120.0,120.0,120.0,120.0,108.55120183745576,108.55120361007015,108.55120565438416,108.55121823755348,108.55122996252423,108.55123560238489,108.5510330895602,108.54705225071706,108.47672868565544,107.23866481617458,86.45473186712827,84.4396349869344,83.20640369545474,83.38075939743565,88.70511671642754
120.0,120.0,120.0,120.0,120.0,120.0,120.0,120.0,120.0,120.0,108.55118750245758,108.55119319078032,108.55120285165866,108.55120981613335,108.55122693420726,108.55123182748252,108.5510294616427,108.54705442697261,108.47672494234733,107.2386663050095,86.45472919111883,84.43963472671447,83.2064046640198,83.38075790234619,88.70511816165596
120.0,120.0,120.0,120.0,120.0,120.0,120.0,120.0,120.0,120.0,108.55122914555258,108.5512229474344,108.55122464317388,108.55123151785966,108.55123608402145,108.55124177887524,108.55103469373367,108.54705704361821,108.47673081839687,107.23866530363648,86.45473415299752,84.43963314440906,83.20640531544322,83.38075868615647,88.70511719123976
120.0,120.0,120.0,120.0,120.0,120.0,120.0,120.0,120.0,120.0,108.55122030794374,108.5512173989967,108.5512194919705,108.55122707246133,108.55123863645802,108.55123720732061,108.55103515217527,108.54705549201894,108.47672892577968,107.23866755140526,86.45472960052004,84.43963632146526,83.20640345287794,83.38075906790624,88.70511765544197
120.0,120.0,120.0,120.0,120.0,120.0,120.0,120.0,120.0,120.0,108.55121294517133,108.55120820305963,108.5512145663459,108.55122219926835,108.55123428225808,108.55123962661585,108.55103075949837,108.54705630798409,108.4767275376982,107.23866620535583,86.45473297751525,84.43963310515608,83.20640586391994,83.38075757257046,88.70511786773152
120.0,120.0,120.0,120.0,120.0,120.0,120.0,120.0,120.0,120.0,108.55120166519056,108.55120351159695,108.55120561519223,108.55121818685497,108.5512299041492,108.55123556859229,108.55103306628723,108.54705219004379,108.47672866406892,107.23866481602222,86.4547318200297,84.43963501742984,83.20640370441677,83.38075937078749,88.70511672238209
120.0,120.0,120.0,120.0,120.0,120.0,120.0,120.0,120.0,120.0,108.55118729484182,108.5511930329701,108.55120275733255,108.5512097920986,108.55122689349088,108.55123177114989,108.55102942957922,108.54705440973922,108.47672488887272,107.23866629005394,86.4547291992263,84.43963468864884,83.20640468986186,83.3807579074669,88.70511813460878
