0,1,2,3,4,5,6,7,8,9,10,11,12,13,14,15,16,17,18,19,20,21,22,23,24
120.0,120.0,120.0,120.0,120.0,120.0,120.0,120.0,120.0,120.0,114.98455922276685,114.96829609491823,114.9620250810368,114.95967379306865,114.95926460370526,114.9592617796179,114.95919223678506,114.95771127941265,105.33481896923182,103.70901522035057,79.58087550820126,80.16360315181875,82.97403222217537,86.82811670413929,92.82108341565944
120.0,120.0,120.0,120.0,120.0,120.0,120.0,120.0,120.0,120.0,114.98455922276685,114.96829609491823,114.9620250810368,114.95967379306865,114.95926460370526,114.9592617796179,114.95919223678506,114.95771127941265,105.33481896923182,103.70901522035057,79.58087550820126,80.16360315181875,82.97403222217537,86.82811670413929,92.82108341565944
120.0,120.0,120.0,120.0,120.0,120.0,120.0,120.0,120.0,120.0,114.98455922276685,114.96829609491823,114.9620250810368,114.95967379306865,114.95926460370526,114.9592617796179,114.95919223678506,114.95771127941265,105.33481896923182,103.70901522035057,79.58087550820126,80.16360315181875,82.97403222217537,86.82811670413929,92.82108341565944
120.0,120.0,120.0,120.0,120.0,120.0,120.0,120.0,120.0,120.0,114.98455922276685,114.96829609491823,114.9620250810368,114.95967379306865,114.95926460370526,114.9592617796179,114.95919223678506,114.95771127941265,105.33481896923182,103.70901522035057,79.58087550820126,80.16360315181875,82.97403222217537,86.82811670413929,92.82108341565944
120.0,120.0,120.0,120.0,120.0,120.0,120.0,120.0,120.0,120.0,114.98455922276685,114.96829609491823,114.9620250810368,114.95967379306865,114.95926460370526,114.9592617796179,114.95919223678506,114.95771127941265,105.33481896923182,103.70901522035057,79.58087550820126,80.16360315181875,82.97403222217537,86.82811670413929,92.82108341565944
120.0,120.0,120.0,120.0,120.0,120.0,120.0,120.0,120.0,120.0,114.98455922276685,114.96829609491823,114.9620250810368,114.95967379306865,114.95926460370526,114.9592617796179,114.95919223678506,114.95771127941265,105.33481896923182,103.70901522035057,79.58087550820126,80.16360315181875,82.97403222217537,86.82811670413929,92.82108341565944
120.0,120.0,120.0,120.0,120.0,120.0,120.0,120.0,120.0,120.0,114.98455922276685,114.96829609491823,114.9620250810368,114.95967379306865,114.95926460370526,114.9592617796179,114.95919223678506,114.95771127941265,105.33481896923182,103.70901522035057,79.58087550820126,80.16360315181875,82.97403222217537,86.82811670413929,92.82108341565944
120.0,120.0,120.0,120.0,120.0,120.0,120.0,120.0,120.0,120.0,114.98455922276685,114.96829609491823,114.9620250810368,114.95967379306865,114.95926460370526,114.9592617796179,114.95919223678506,114.95771127941265,105.33481896923182,103.70901522035057,79.58087550820126,80.16360315181875,82.97403222217537,86.82811670413929,92.82108341565944
120.0,120.0,120.0,120.0,120.0,120.0,120.0,120.0,120.0,120.0,114.98455922276685,114.96829609491823,114.9620250810368,114.95967379306865,114.95926460370526,114.9592617796179,114.95919223678506,114.95771127941265,105.33481896923182,103.70901522035057,79.58087550820126,80.16360315181875,82.97403222217537,86.82811670413929,92.82108341565944
120.0,120.0,120.0,120.0,120.0,120.0,120.0,120.0,120.0,120.0,114.98455922276685,114.96829609491823,114.9620250810368,114.95967379306865,114.95926460370526,114.9592617796179,114.95919223678506,114.95771127941265,105.33481896923182,103.70901522035057,79.58087550820126,80.16360315181875,82.97403222217537,86.82811670413929,92.82108341565944
120.0,120.0,120.0,120.0,120.0,120.0,120.0,120.0,120.0,120.0,114.98455922276685,114.96829609491823,114.9620250810368,114.95967379306865,114.95926460370526,114.9592617796179,114.95919223678506,114.95771127941265,105.33481896923182,103.70901522035057,79.58087550820126,80.16360315181875,82.97403222217537,86.82811670413929,92.82108341565944
120.0,120.0,120.0,120.0,120.0,120.0,120.0,120.0,120.0,120.0,114.98455922276685,114.96829609491823,114.9620250810368,114.95967379306865,114.95926460370526,114.9592617796179,114.95919223678506,114.95771127941265,105.33481896923182,103.70901522035057,79.58087550820126,80.16360315181875,82.97403222217537,86.82811670413929,92.82108341565944
120.0,120.0,120.0,120.0,120.0,120.0,120.0,120.0,120.0,120.0,114.98455922276685,114.96829609491823,114.9620250810368,114.95967379306865,114.95926460370526,114.9592617796179,114.95919223678506,114.95771127941265,105.33481896923182,103.70901522035057,79.58087550820126,80.16360315181875,82.97403222217537,86.82811670413929,92.82108341565944
120.0,120.0,120.0,120.0,120.0,120.0,120.0,120.0,120.0,120.0,114.98455922276685,114.96829609491823,114.9620250810368,114.95967379306865,114.95926460370526,114.9592617796179,114.95919223678506,114.95771127941265,105.33481896923182,103.70901522035057,79.58087550820126,80.16360315181875,82.97403222217537,86.82811670413929,92.82108341565944
120.0,120.0,120.0,120.0,120.0,120.0,120.0,120.0,120.0,120.0,114.98455922276685,114.96829609491823,114.9620250810368,114.95967379306865,114.95926460370526,114.9592617796179,114.95919223678506,114.95771127941265,105.33481896923182,103.70901522035057,79.58087550820126,80.16360315181875,82.97403222217537,86.82811670413929,92.82108341565944
120.0,120.0,120.0,120.0,120.0,120.0,120.0,120.0,120.0,120.0,114.98455922276685,114.96829609491823,114.9620250810368,114.95967379306865,114.95926460370526,114.9592617796179,114.95919223678506,114.95771127941265,105.33481896923182,103.70901522035057,79.58087550820126,80.16360315181875,82.97403222217537,86.82811670413929,92.82108341565944
120.0,120.0,120.0,120.0,120.0,120.0,120.0,120.0,120.0,120.0,106.4972235184422,106.3260570264128,106.17213257020767,106.03591603232934,105.91708753753284,105.81471325438794,105.726873022945,105.53030018221078,105.42260419677159,103.91470694166621,103.09112362269148,101.32939302717763,100.77213494571194,101.82216382232534,105.90393922346104
120.0,120.0,120.0,120.0,120.0,120.0,120.0,120.0,120.0,120.0,106.4972235184422,106.3260570264128,106.17213257020767,106.03591603232934,105.91708753753284,105.81471325438794,105.726873022945,105.53030018221078,105.42260419677159,103.91470694166621,103.09112362269148,101.32939302717763,100.77213494571194,101.82216382232534,105.90393922346104
120.0,120.0,120.0,120.0,120.0,120.0,120.0,120.0,120.0,120.0,106.4972235184422,106.3260570264128,106.17213257020767,106.03591603232934,105.91708753753284,105.81471325438794,105.726873022945,105.53030018221078,105.42260419677159,103.91470694166621,103.09112362269148,101.32939302717763,100.77213494571194,101.82216382232534,105.90393922346104
120.0,120.0,120.0,120.0,120.0,120.0,120.0,120.0,120.0,120.0,106.4972235184422,106.3260570264128,106.17213257020767,106.03591603232934,105.91708753753284,105.81471325438794,105.726873022945,105.53030018221078,105.42260419677159,103.91470694166621,103.09112362269148,101.32939302717763,100.77213494571194,101.82216382232534,105.90393922346104
120.0,120.0,120.0,120.0,120.0,120.0,120.0,120.0,120.0,120.0,106.4972235184422,106.3260570264128,106.17213257020767,106.03591603232934,105.91708753753284,105.81471325438794,105.726873022945,105.53030018221078,105.42260419677159,103.91470694166621,103.09112362269148,101.32939302717763,100.77213494571194,101.82216382232534,105.90393922346104
120.0,120.0,120.0,120.0,120.0,120.0,120.0,120.0,120.0,120.0,106.4972235184422,106.3260570264128,106.17213257020767,106.03591603232934,105.91708753753284,105.81471325438794,105.726873022945,105.53030018221078,105.42260419677159,103.91470694166621,103.09112362269148,101.32939302717763,100.77213494571194,101.82216382232534,105.90393922346104
120.0,120.0,120.0,120.0,120.0,120.0,120.0,120.0,120.0,120.0,106.4972235184422,106.3260570264128,106.17213257020767,106.03591603232934,105.91708753753284,105.81471325438794,105.726873022945,105.53030018221078,105.42260419677159,103.91470694166621,103.09112362269148,101.32939302717763,100.77213494571194,101.82216382232534,105.90393922346104
120.0,120.0,120.0,120.0,120.0,120.0,120.0,120.0,120.0,120.0,106.4972235184422,106.3260570264128,106.17213257020767,106.03591603232934,105.91708753753284,105.81471325438794,105.726873022945,105.53030018221078,105.42260419677159,103.91470694166621,103.09112362269148,101.32939302717763,100.77213494571194,101.82216382232534,105.90393922346104
120.0,120.0,120.0,120.0,120.0,120.0,120.0,120.0,120.0,120.0,106.4972235184422,106.3260570264128,106.17213257020767,106.03591603232934,105.91708753753284,105.81471325438794,105.726873022945,105.53030018221078,105.42260419677159,103.91470694166621,103.09112362269148,101.32939302717763,100.77213494571194,101.82216382232534,105.90393922346104
120.0,120.0,120.0,120.0,120.0,120.0,120.0,120.0,120.0,120.0,106.4972235184422,106.3260570264128,106.17213257020767,106.03591603232934,105.91708753753284,105.81471325438794,105.726873022945,105.53030018221078,105.42260419677159,103.91470694166621,103.09112362269148,101.32939302717763,100.77213494571194,101.82216382232534,105.90393922346104
120.0,120.0,120.0,120.0,120.0,120.0,120.0,120.0,120.0,120.0,106.4972235184422,106.3260570264128,106.17213257020767,106.03591603232934,105.91708753753284,105.81471325438794,105.726873022945,105.53030018221078,105.42260419677159,103.91470694166621,103.09112362269148,101.32939302717763,100.77213494571194,101.82216382232534,105.90393922346104
120.0,120.0,120.0,120.0,120.0,120.0,120.0,120.0,120.0,120.0,106.4972235184422,106.3260570264128,106.17213257020767,106.03591603232934,105.91708753753284,105.81471325438794,105.726873022945,105.53030018221078,105.42260419677159,103.91470694166621,103.09112362269148,101.32939302717763,100.77213494571194,101.82216382232534,105.90393922346104
120.0,120.0,120.0,120.0,120.0,120.0,120.0,120.0,120.0,120.0,106.4972235184422,106.3260570264128,106.17213257020767,106.03591603232934,105.91708753753284,105.81471325438794,105.726873022945,105.53030018221078,105.42260419677159,103.91470694166621,103.09112362269148,101.32939302717763,100.77213494571194,101.82216382232534,105.90393922346104
120.0,120.0,120.0,120.0,120.0,120.0,120.0,120.0,120.0,120.0,106.4972235184422,106.3260570264128,106.17213257020767,106.03591603232934,105.91708753753284,105.81471325438794,105.726873022945,105.53030018221078,105.42260419677159,103.91470694166621,103.09112362269148,101.32939302717763,100.77213494571194,101.82216382232534,105.90393922346104
120.0,120.0,120.0,120.0,120.0,120.0,120.0,120.0,120.0,120.0,106.4972235184422,106.3260570264128,106.17213257020767,106.03591603232934,105.91708753753284,105.81471325438794,105.726873022945,105.53030018221078,105.42260419677159,103.91470694166621,103.09112362269148,101.32939302717763,100.77213494571194,101.82216382232534,105.90393922346104
120.0,120.0,120.0,120.0,120.0,120.0,120.0,120.0,120.0,120.0,106.4972235184422,106.3260570264128,106.17213257020767,106.03591603232934,105.91708753753284,105.81471325438794,105.726873022945,105.53030018221078,105.42260419677159,103.91470694166621,103.09112362269148,101.32939302717763,100.77213494571194,101.82216382232534,105.90393922346104
120.0,120.0,120.0,120.0,120.0,120.0,120.0,120.0,120.0,120.0,103.03777130822476,104.22724614730316,104.50124067148168,104.75094661719781,105.85821437040546,106.15581866425525,106.42072080755872,106.6481728990265,105.8229288334706,104.82470060043254,80.85546039131441,76.66975841968913,74.87743364589434,75.02255257559136,82.5306078002515
120.0,120.0,120.0,120.0,120.0,120.0,120.0,120.0,120.0,120.0,103.03777130822476,104.22724614730316,104.50124067148168,104.75094661719781,105.85821437040546,106.15581866425525,106.42072080755872,106.6481728990265,105.8229288334706,104.82470060043254,80.85546039131441,76.66975841968913,74.87743364589434,75.02255257559136,82.5306078002515
120.0,120.0,120.0,120.0,120.0,120.0,120.0,120.0,120.0,120.0,103.03777130822476,104.22724614730316,104.50124067148168,104.75094661719781,105.85821437040546,106.15581866425525,106.42072080755872,106.6481728990265,105.8229288334706,104.82470060043254,80.85546039131441,76.66975841968913,74.87743364589434,75.02255257559136,82.5306078002515
120.0,120.0,120.0,120.0,120.0,120.0,120.0,120.0,120.0,120.0,103.03777130822476,104.22724614730316,104.50124067148168,104.75094661719781,105.85821437040546,106.15581866425525,106.42072080755872,106.6481728990265,105.8229288334706,104.82470060043254,80.85546039131441,76.66975841968913,74.87743364589434,75.02255257559136,82.5306078002515
120.0,120.0,120.0,120.0,120.0,120.0,120.0,120.0,120.0,120.0,103.03777130822476,104.22724614730316,104.50124067148168,104.75094661719781,105.85821437040546,106.15581866425525,106.42072080755872,106.6481728990265,105.8229288334706,104.82470060043254,80.85546039131441,76.66975841968913,74.87743364589434,75.02255257559136,82.5306078002515
120.0,120.0,120.0,120.0,120.0,120.0,120.0,120.0,120.0,120.0,103.03777130822476,104.22724614730316,104.50124067148168,104.75094661719781,105.85821437040546,106.15581866425525,106.42072080755872,106.6481728990265,105.8229288334706,104.82470060043254,80.85546039131441,76.66975841968913,74.87743364589434,75.02255257559136,82.5306078002515
120.0,120.0,120.0,120.0,120.0,120.0,120.0,120.0,120.0,120.0,103.03777130822476,104.22724614730316,104.50124067148168,104.75094661719781,105.85821437040546,106.15581866425525,106.42072080755872,106.6481728990265,105.8229288334706,104.82470060043254,80.85546039131441,76.66975841968913,74.87743364589434,75.02255257559136,82.5306078002515
120.0,120.0,120.0,120.0,120.0,120.0,120.0,120.0,120.0,120.0,103.03777130822476,104.22724614730316,104.50124067148168,104.75094661719781,105.85821437040546,106.15581866425525,106.42072080755872,106.6481728990265,105.8229288334706,104.82470060043254,80.85546039131441,76.66975841968913,74.87743364589434,75.02255257559136,82.5306078002515
120.0,120.0,120.0,120.0,120.0,120.0,120.0,120.0,120.0,120.0,103.03777130822476,104.22724614730316,104.50124067148168,104.75094661719781,105.85821437040546,106.15581866425525,106.42072080755872,106.6481728990265,105.8229288334706,104.82470060043254,80.85546039131441,76.66975841968913,74.87743364589434,75.02255257559136,82.5306078002515
120.0,120.0,120.0,120.0,120.0,120.0,120.0,120.0,120.0,120.0,103.03777130822476,104.22724614730316,104.50124067148168,104.75094661719781,105.85821437040546,106.15581866425525,106.42072080755872,106.6481728990265,105.8229288334706,104.82470060043254,80.85546039131441,76.66975841968913,74.87743364589434,75.02255257559136,82.5306078002515
120.0,120.0,120.0,120.0,120.0,120.0,120.0,120.0,120.0,120.0,103.03777130822476,104.22724614730316,104.50124067148168,104.75094661719781,105.85821437040546,106.15581866425525,106.42072080755872,106.6481728990265,105.8229288334706,104.82470060043254,80.85546039131441,76.66975841968913,74.87743364589434,75.02255257559136,82.5306078002515
120.0,120.0,120.0,120.0,120.0,120.0,120.0,120.0,120.0,120.0,103.03777130822476,104.22724614730316,104.50124067148168,104.75094661719781,105.85821437040546,106.15581866425525,106.42072080755872,106.6481728990265,105.8229288334706,104.82470060043254,80.85546039131441,76.66975841968913,74.87743364589434,75.02255257559136,82.5306078002515
120.0,120.0,120.0,120.0,120.0,120.0,120.0,120.0,120.0,120.0,103.03777130822476,104.22724614730316,104.50124067148168,104.75094661719781,105.85821437040546,106.15581866425525,106.42072080755872,106.6481728990265,105.8229288334706,104.82470060043254,80.85546039131441,76.66975841968913,74.87743364589434,75.02255257559136,82.5306078002515
120.0,120.0,120.0,120.0,120.0,120.0,120.0,120.0,120.0,120.0,103.03777130822476,104.22724614730316,104.50124067148168,104.75094661719781,105.85821437040546,106.15581866425525,106.42072080755872,106.6481728990265,105.8229288334706,104.82470060043254,80.85546039131441,76.66975841968913,74.87743364589434,75.02255257559136,82.5306078002515
120.0,120.0,120.0,120.0,120.0,120.0,120.0,120.0,120.0,120.0,103.03777130822476,104.22724614730316,104.50124067148168,104.75094661719781,105.85821437040546,106.15581866425525,106.42072080755872,106.6481728990265,105.8229288334706,104.82470060043254,80.85546039131441,76.66975841968913,74.87743364589434,75.02255257559136,82.5306078002515
120.0,120.0,120.0,120.0,120.0,120.0,120.0,120.0,120.0,120.0,103.03777130822476,104.22724614730316,104.50124067148168,104.75094661719781,105.85821437040546,106.15581866425525,106.42072080755872,106.6481728990265,105.8229288334706,104.82470060043254,80.85546039131441,76.66975841968913,74.87743364589434,75.02255257559136,82.5306078002515
120.0,120.0,120.0,120.0,120.0,120.0,120.0,120.0,120.0,120.0,101.5242739977107,101.50954471488798,101.61561100244542,113.61107101953124,113.70787878148012,113.8242544511719,113.96400073683652,114.11177645874773,114.22170897080636,113.57718593669253,76.7495076146205,72.18213964872679,68.76135655156703,69.8403272886642,79.42717347824116
120.0,120.0,120.0,120.0,120.0,120.0,120.0,120.0,120.0,120.0,101.5242739977107,101.50954471488798,101.61561100244542,113.61107101953124,113.70787878148012,113.8242544511719,113.96400073683652,114.11177645874773,114.22170897080636,113.57718593669253,76.7495076146205,72.18213964872679,68.76135655156703,69.8403272886642,79.42717347824116
120.0,120.0,120.0,120.0,120.0,120.0,120.0,120.0,120.0,120.0,101.5242739977107,101.50954471488798,101.61561100244542,113.61107101953124,113.70787878148012,113.8242544511719,113.96400073683652,114.11177645874773,114.22170897080636,113.57718593669253,76.7495076146205,72.18213964872679,68.76135655156703,69.8403272886642,79.42717347824116
120.0,120.0,120.0,120.0,120.0,120.0,120.0,120.0,120.0,120.0,101.5242739977107,101.50954471488798,101.61561100244542,113.61107101953124,113.70787878148012,113.8242544511719,113.96400073683652,114.11177645874773,114.22170897080636,113.57718593669253,76.7495076146205,72.18213964872679,68.76135655156703,69.8403272886642,79.42717347824116
120.0,120.0,120.0,120.0,120.0,120.0,120.0,120.0,120.0,120.0,101.5242739977107,101.50954471488798,101.61561100244542,113.61107101953124,113.70787878148012,113.8242544511719,113.96400073683652,114.11177645874773,114.22170897080636,113.57718593669253,76.7495076146205,72.18213964872679,68.76135655156703,69.8403272886642,79.42717347824116
120.0,120.0,120.0,120.0,120.0,120.0,120.0,120.0,120.0,120.0,101.5242739977107,101.50954471488798,101.61561100244542,113.61107101953124,113.70787878148012,113.8242544511719,113.96400073683652,114.11177645874773,114.22170897080636,113.57718593669253,76.7495076146205,72.18213964872679,68.76135655156703,69.8403272886642,79.42717347824116
120.0,120.0,120.0,120.0,120.0,120.0,120.0,120.0,120.0,120.0,101.5242739977107,101.50954471488798,101.61561100244542,113.61107101953124,113.70787878148012,113.8242544511719,113.96400073683652,114.11177645874773,114.22170897080636,113.57718593669253,76.7495076146205,72.18213964872679,68.76135655156703,69.8403272886642,79.42717347824116
120.0,120.0,120.0,120.0,120.0,120.0,120.0,120.0,120.0,120.0,101.5242739977107,101.50954471488798,101.61561100244542,113.61107101953124,113.70787878148012,113.8242544511719,113.96400073683652,114.11177645874773,114.22170897080636,113.57718593669253,76.7495076146205,72.18213964872679,68.76135655156703,69.8403272886642,79.42717347824116
120.0,120.0,120.0,120.0,120.0,120.0,120.0,120.0,120.0,120.0,101.5242739977107,101.50954471488798,101.61561100244542,113.61107101953124,113.70787878148012,113.8242544511719,113.96400073683652,114.11177645874773,114.22170897080636,113.57718593669253,76.7495076146205,72.18213964872679,68.76135655156703,69.8403272886642,79.42717347824116
120.0,120.0,120.0,120.0,120.0,120.0,120.0,120.0,120.0,120.0,101.5242739977107,101.50954471488798,101.61561100244542,113.61107101953124,113.70787878148012,113.8242544511719,113.96400073683652,114.11177645874773,114.22170897080636,113.57718593669253,76.7495076146205,72.18213964872679,68.76135655156703,69.8403272886642,79.42717347824116
120.0,120.0,120.0,120.0,120.0,120.0,120.0,120.0,120.0,120.0,101.5242739977107,101.50954471488798,101.61561100244542,113.61107101953124,113.70787878148012,113.8242544511719,113.96400073683652,114.11177645874773,114.22170897080636,113.57718593669253,76.7495076146205,72.18213964872679,68.76135655156703,69.8403272886642,79.42717347824116
120.0,120.0,120.0,120.0,120.0,120.0,120.0,120.0,120.0,120.0,101.5242739977107,101.50954471488798,101.61561100244542,113.61107101953124,113.70787878148012,113.8242544511719,113.96400073683652,114.11177645874773,114.22170897080636,113.57718593669253,76.7495076146205,72.18213964872679,68.76135655156703,69.8403272886642,79.42717347824116
120.0,120.0,120.0,120.0,120.0,120.0,120.0,120.0,120.0,120.0,101.5242739977107,101.50954471488798,101.61561100244542,113.61107101953124,113.70787878148012,113.8242544511719,113.96400073683652,114.11177645874773,114.22170897080636,113.57718593669253,76.7495076146205,72.18213964872679,68.76135655156703,69.8403272886642,79.42717347824116
120.0,120.0,120.0,120.0,120.0,120.0,120.0,120.0,120.0,120.0,101.5242739977107,101.50954471488798,101.61561100244542,113.61107101953124,113.70787878148012,113.8242544511719,113.96400073683652,114.11177645874773,114.22170897080636,113.57718593669253,76.7495076146205,72.18213964872679,68.76135655156703,69.8403272886642,79.42717347824116
120.0,120.0,120.0,120.0,120.0,120.0,120.0,120.0,120.0,120.0,101.5242739977107,101.50954471488798,101.61561100244542,113.61107101953124,113.70787878148012,113.8242544511719,113.96400073683652,114.11177645874773,114.22170897080636,113.57718593669253,76.7495076146205,72.18213964872679,68.76135655156703,69.8403272886642,79.42717347824116
120.0,120.0,120.0,120.0,120.0,120.0,120.0,120.0,120.0,120.0,101.5242739977107,101.50954471488798,101.61561100244542,113.61107101953124,113.70787878148012,113.8242544511719,113.96400073683652,114.11177645874773,114.22170897080636,113.57718593669253,76.7495076146205,72.18213964872679,68.76135655156703,69.8403272886642,79.42717347824116
120.0,120.0,120.0,120.0,120.0,120.0,120.0,120.0,120.0,120.0,6.160802326095398,96.88052630913121,102.05984557895962,104.33290542826045,105.53325517441509,107.04148006553655,106.00739565070073,106.72939815212682,106.49596801429635,103.01043851219823,98.03596410104633,60.56833009402323,60.409324541116874,64.65030154038942,78.49033683267685
120.0,120.0,120.0,120.0,120.0,120.0,120.0,120.0,120.0,120.0,6.160802326095398,96.88052630913121,102.05984557895962,104.33290542826045,105.53325517441509,107.04148006553655,106.00739565070073,106.72939815212682,106.49596801429635,103.01043851219823,98.03596410104633,60.56833009402323,60.409324541116874,64.65030154038942,78.49033683267685
120.0,120.0,120.0,120.0,120.0,120.0,120.0,120.0,120.0,120.0,6.160802326095398,96.88052630913121,102.05984557895962,104.33290542826045,105.53325517441509,107.04148006553655,106.00739565070073,106.72939815212682,106.49596801429635,103.01043851219823,98.03596410104633,60.56833009402323,60.409324541116874,64.65030154038942,78.49033683267685
120.0,120.0,120.0,120.0,120.0,120.0,120.0,120.0,120.0,120.0,6.160802326095398,96.88052630913121,102.05984557895962,104.33290542826045,105.53325517441509,107.04148006553655,106.00739565070073,106.72939815212682,106.49596801429635,103.01043851219823,98.03596410104633,60.56833009402323,60.409324541116874,64.65030154038942,78.49033683267685
120.0,120.0,120.0,120.0,120.0,120.0,120.0,120.0,120.0,120.0,6.160802326095398,96.88052630913121,102.05984557895962,104.33290542826045,105.53325517441509,107.04148006553655,106.00739565070073,106.72939815212682,106.49596801429635,103.01043851219823,98.03596410104633,60.56833009402323,60.409324541116874,64.65030154038942,78.49033683267685
120.0,120.0,120.0,120.0,120.0,120.0,120.0,120.0,120.0,120.0,6.160802326095398,96.88052630913121,102.05984557895962,104.33290542826045,105.53325517441509,107.04148006553655,106.00739565070073,106.72939815212682,106.49596801429635,103.01043851219823,98.03596410104633,60.56833009402323,60.409324541116874,64.65030154038942,78.49033683267685
120.0,120.0,120.0,120.0,120.0,120.0,120.0,120.0,120.0,120.0,6.160802326095398,96.88052630913121,102.05984557895962,104.33290542826045,105.53325517441509,107.04148006553655,106.00739565070073,106.72939815212682,106.49596801429635,103.01043851219823,98.03596410104633,60.56833009402323,60.409324541116874,64.65030154038942,78.49033683267685
120.0,120.0,120.0,120.0,120.0,120.0,120.0,120.0,120.0,120.0,6.160802326095398,96.88052630913121,102.05984557895962,104.33290542826045,105.53325517441509,107.04148006553655,106.00739565070073,106.72939815212682,106.49596801429635,103.01043851219823,98.03596410104633,60.56833009402323,60.409324541116874,64.65030154038942,78.49033683267685
120.0,120.0,120.0,120.0,120.0,120.0,120.0,120.0,120.0,120.0,6.160802326095398,96.88052630913121,102.05984557895962,104.33290542826045,105.53325517441509,107.04148006553655,106.00739565070073,106.72939815212682,106.49596801429635,103.01043851219823,98.03596410104633,60.56833009402323,60.409324541116874,64.65030154038942,78.49033683267685
120.0,120.0,120.0,120.0,120.0,120.0,120.0,120.0,120.0,120.0,6.160802326095398,96.88052630913121,102.05984557895962,104.33290542826045,105.53325517441509,107.04148006553655,106.00739565070073,106.72939815212682,106.49596801429635,103.01043851219823,98.03596410104633,60.56833009402323,60.409324541116874,64.65030154038942,78.49033683267685
120.0,120.0,120.0,120.0,120.0,120.0,120.0,120.0,120.0,120.0,6.160802326095398,96.88052630913121,102.05984557895962,104.33290542826045,105.53325517441509,107.04148006553655,106.00739565070073,106.72939815212682,106.49596801429635,103.01043851219823,98.03596410104633,60.56833009402323,60.409324541116874,64.65030154038942,78.49033683267685
120.0,120.0,120.0,120.0,120.0,120.0,120.0,120.0,120.0,120.0,6.160802326095398,96.88052630913121,102.05984557895962,104.33290542826045,105.53325517441509,107.04148006553655,106.00739565070073,106.72939815212682,106.49596801429635,103.01043851219823,98.03596410104633,60.56833009402323,60.409324541116874,64.65030154038942,78.49033683267685
120.0,120.0,120.0,120.0,120.0,120.0,120.0,120.0,120.0,120.0,6.160802326095398,96.88052630913121,102.05984557895962,104.33290542826045,105.53325517441509,107.04148006553655,106.00739565070073,106.72939815212682,106.49596801429635,103.01043851219823,98.03596410104633,60.56833009402323,60.409324541116874,64.65030154038942,78.49033683267685
120.0,120.0,120.0,120.0,120.0,120.0,120.0,120.0,120.0,120.0,6.160802326095398,96.88052630913121,102.05984557895962,104.33290542826045,105.53325517441509,107.04148006553655,106.00739565070073,106.72939815212682,106.49596801429635,103.01043851219823,98.03596410104633,60.56833009402323,60.409324541116874,64.65030154038942,78.49033683267685
120.0,120.0,120.0,120.0,120.0,120.0,120.0,120.0,120.0,120.0,6.160802326095398,96.88052630913121,102.05984557895962,104.33290542826045,105.53325517441509,107.04148006553655,106.00739565070073,106.72939815212682,106.49596801429635,103.01043851219823,98.03596410104633,60.56833009402323,60.409324541116874,64.65030154038942,78.49033683267685
120.0,120.0,120.0,120.0,120.0,120.0,120.0,120.0,120.0,120.0,6.160802326095398,96.88052630913121,102.05984557895962,104.33290542826045,105.53325517441509,107.04148006553655,106.00739565070073,106.72939815212682,106.49596801429635,103.01043851219823,98.03596410104633,60.56833009402323,60.409324541116874,64.65030154038942,78.49033683267685
120.0,120.0,120.0,120.0,120.0,120.0,120.0,120.0,120.0,120.0,5.346747907038148,109.63570546066988,97.39628633511147,112.85090451485438,113.39351981339696,113.76011814672324,114.04654669738063,114.28496175313663,104.16416702022848,100.75223543987889,66.23339955129987,94.99587132677915,92.43746607605352,94.58060269759977,102.08635521791328
120.0,120.0,120.0,120.0,120.0,120.0,120.0,120.0,120.0,120.0,5.346747907038148,109.63570546066988,97.39628633511147,112.85090451485438,113.39351981339696,113.76011814672324,114.04654669738063,114.28496175313663,104.16416702022848,100.75223543987889,66.23339955129987,94.99587132677915,92.43746607605352,94.58060269759977,102.08635521791328
120.0,120.0,120.0,120.0,120.0,120.0,120.0,120.0,120.0,120.0,5.346747907038148,109.63570546066988,97.39628633511147,112.85090451485438,113.39351981339696,113.76011814672324,114.04654669738063,114.28496175313663,104.16416702022848,100.75223543987889,66.23339955129987,94.99587132677915,92.43746607605352,94.58060269759977,102.08635521791328
120.0,120.0,120.0,120.0,120.0,120.0,120.0,120.0,120.0,120.0,5.346747907038148,109.63570546066988,97.39628633511147,112.85090451485438,113.39351981339696,113.76011814672324,114.04654669738063,114.28496175313663,104.16416702022848,100.75223543987889,66.23339955129987,94.99587132677915,92.43746607605352,94.58060269759977,102.08635521791328
120.0,120.0,120.0,120.0,120.0,120.0,120.0,120.0,120.0,120.0,5.346747907038148,109.63570546066988,97.39628633511175,112.85090451485438,113.39351981339696,113.76011814672324,114.04654669738063,114.28496175313663,104.16416702022848,100.75223543987889,66.23339955129987,94.99587132677915,92.43746607605352,94.58060269759977,102.08635521791328
120.0,120.0,120.0,120.0,120.0,120.0,120.0,120.0,120.0,120.0,5.346747907038148,109.63570546066988,97.39628633511175,112.85090451485438,113.39351981339696,113.76011814672324,114.04654669738063,114.28496175313663,104.16416702022848,100.75223543987889,66.23339955129987,94.99587132677915,92.43746607605352,94.58060269759977,102.08635521791328
120.0,120.0,120.0,120.0,120.0,120.0,120.0,120.0,120.0,120.0,5.346747907038148,109.63570546066988,97.39628633511175,112.85090451485438,113.39351981339696,113.76011814672324,114.04654669738063,114.28496175313663,104.16416702022848,100.75223543987889,66.23339955129987,94.99587132677915,92.43746607605352,94.58060269759977,102.08635521791328
120.0,120.0,120.0,120.0,120.0,120.0,120.0,120.0,120.0,120.0,5.346747907038148,109.63570546066988,97.39628633511175,112.85090451485438,113.39351981339696,113.76011814672324,114.04654669738063,114.28496175313663,104.16416702022848,100.75223543987889,66.23339955129987,94.99587132677915,92.43746607605352,94.58060269759977,102.08635521791328
120.0,120.0,120.0,120.0,120.0,120.0,120.0,120.0,120.0,120.0,5.3467479070390045,109.63570546066984,97.39628633511086,112.85090451485443,113.39351981339696,113.76011814672326,114.04654669738068,114.28496175313661,104.16416702022848,100.75223543987889,66.23339955129987,94.99587132677915,92.43746607605352,94.58060269759977,102.08635521791328
120.0,120.0,120.0,120.0,120.0,120.0,120.0,120.0,120.0,120.0,5.3467479070390045,109.63570546066984,97.39628633511086,112.85090451485443,113.39351981339696,113.76011814672326,114.04654669738068,114.28496175313661,104.16416702022848,100.75223543987889,66.23339955129987,94.99587132677915,92.43746607605352,94.58060269759977,102.08635521791328
120.0,120.0,120.0,120.0,120.0,120.0,120.0,120.0,120.0,120.0,5.3467479070390045,109.63570546066984,97.39628633511086,112.85090451485443,113.39351981339696,113.76011814672326,114.04654669738068,114.28496175313661,104.16416702022848,100.75223543987889,66.23339955129987,94.99587132677915,92.43746607605352,94.58060269759977,102.08635521791328
120.0,120.0,120.0,120.0,120.0,120.0,120.0,120.0,120.0,120.0,5.3467479070390045,109.63570546066984,97.39628633511086,112.85090451485443,113.39351981339696,113.76011814672326,114.04654669738068,114.28496175313661,104.16416702022848,100.75223543987889,66.23339955129987,94.99587132677915,92.43746607605352,94.58060269759977,102.08635521791328
120.0,120.0,120.0,120.0,120.0,120.0,120.0,120.0,120.0,120.0,5.3467479070390045,109.63570546066984,97.39628633511086,112.85090451485443,113.39351981339696,113.76011814672326,114.04654669738068,114.28496175313661,104.16416702022848,100.75223543987889,66.23339955129987,94.99587132677915,92.43746607605352,94.58060269759977,102.08635521791328
120.0,120.0,120.0,120.0,120.0,120.0,120.0,120.0,120.0,120.0,5.3467479070390045,109.63570546066984,97.39628633511086,112.85090451485443,113.39351981339696,113.76011814672326,114.04654669738068,114.28496175313661,104.16416702022848,100.75223543987889,66.23339955129987,94.99587132677915,92.43746607605352,94.58060269759977,102.08635521791328
120.0,120.0,120.0,120.0,120.0,120.0,120.0,120.0,120.0,120.0,5.3467479070390045,109.63570546066984,97.39628633511086,112.85090451485443,113.39351981339696,113.76011814672326,114.04654669738068,114.28496175313661,104.16416702022848,100.75223543987889,66.23339955129987,94.99587132677915,92.43746607605352,94.58060269759977,102.08635521791328
120.0,120.0,120.0,120.0,120.0,120.0,120.0,120.0,120.0,120.0,5.3467479070390045,109.63570546066984,97.39628633511086,112.85090451485443,113.39351981339696,113.76011814672326,114.04654669738068,114.28496175313661,104.16416702022848,100.75223543987889,66.23339955129987,94.99587132677915,92.43746607605352,94.58060269759977,102.08635521791328
120.0,120.0,120.0,120.0,120.0,120.0,120.0,120.0,120.0,120.0,15.907337145709738,6.15858764995273,97.23488050121223,103.19672407543169,108.93309434212561,106.2789538561802,106.86766526235189,107.49062735129611,107.20230703693767,104.36325455135554,107.52022489494992,101.0375798276639,100.28851883626015,105.07085571859905,72.27741128521662
120.0,120.0,120.0,120.0,120.0,120.0,120.0,120.0,120.0,120.0,15.907337145709738,6.15858764995273,97.23488050121223,103.19672407543169,108.93309434212561,106.2789538561802,106.86766526235189,107.49062735129611,107.20230703693767,104.36325455135554,107.52022489494992,101.0375798276639,100.28851883626015,105.07085571859905,72.27741128521662
120.0,120.0,120.0,120.0,120.0,120.0,120.0,120.0,120.0,120.0,15.907337145709738,6.15858764995273,97.23488050121223,103.19672407543169,108.93309434212561,106.2789538561802,106.86766526235189,107.49062735129611,107.20230703693767,104.36325455135554,107.52022489494992,101.0375798276639,100.28851883626015,105.07085571859905,72.27741128521662
120.0,120.0,120.0,120.0,120.0,120.0,120.0,120.0,120.0,120.0,15.907337145709738,6.15858764995273,97.23488050121223,103.19672407543169,108.93309434212561,106.2789538561802,106.86766526235189,107.49062735129611,107.20230703693767,104.36325455135554,107.52022489494992,101.0375798276639,100.28851883626015,105.07085571859905,72.27741128521662
120.0,120.0,120.0,120.0,120.0,120.0,120.0,120.0,120.0,120.0,15.907337145709738,6.15858764995273,97.23488050121223,103.19672407543169,108.93309434212561,106.2789538561802,106.86766526235189,107.49062735129611,107.20230703693767,104.36325455135554,107.52022489494992,101.0375798276639,100.28851883626015,105.07085571859905,72.27741128521662
120.0,120.0,120.0,120.0,120.0,120.0,120.0,120.0,120.0,120.0,15.907337145709738,6.15858764995273,97.23488050121223,103.19672407543169,108.93309434212561,106.2789538561802,106.86766526235189,107.49062735129611,107.20230703693767,104.36325455135554,107.52022489494992,101.0375798276639,100.28851883626015,105.07085571859905,72.27741128521662
120.0,120.0,120.0,120.0,120.0,120.0,120.0,120.0,120.0,120.0,15.907337145709738,6.15858764995273,97.23488050121223,103.19672407543169,108.93309434212561,106.2789538561802,106.86766526235189,107.49062735129611,107.20230703693767,104.36325455135554,107.52022489494992,101.0375798276639,100.28851883626015,105.07085571859905,72.27741128521662
120.0,120.0,120.0,120.0,120.0,120.0,120.0,120.0,120.0,120.0,15.907337145709738,6.15858764995273,97.23488050121223,103.19672407543169,108.93309434212561,106.2789538561802,106.86766526235189,107.49062735129611,107.20230703693767,104.36325455135554,107.52022489494992,101.0375798276639,100.28851883626015,105.07085571859905,72.27741128521662
120.0,120.0,120.0,120.0,120.0,120.0,120.0,120.0,120.0,120.0,15.907337145709738,6.15858764995273,97.23488050121223,103.19672407543169,108.93309434212561,106.2789538561802,106.86766526235189,107.49062735129611,107.20230703693767,104.36325455135554,107.52022489494992,101.0375798276639,100.28851883626015,105.07085571859905,72.27741128521662
120.0,120.0,120.0,120.0,120.0,120.0,120.0,120.0,120.0,120.0,15.907337145709738,6.15858764995273,97.23488050121223,103.19672407543169,108.93309434212561,106.2789538561802,106.86766526235189,107.49062735129611,107.20230703693767,104.36325455135554,107.52022489494992,101.0375798276639,100.28851883626015,105.07085571859905,72.27741128521662
120.0,120.0,120.0,120.0,120.0,120.0,120.0,120.0,120.0,120.0,15.907337145709738,6.15858764995273,97.23488050121223,103.19672407543169,108.93309434212561,106.2789538561802,106.86766526235189,107.49062735129611,107.20230703693767,104.36325455135554,107.52022489494992,101.0375798276639,100.28851883626015,105.07085571859905,72.27741128521662
120.0,120.0,120.0,120.0,120.0,120.0,120.0,120.0,120.0,120.0,15.907337145709738,6.15858764995273,97.23488050121223,103.19672407543169,108.93309434212561,106.2789538561802,106.86766526235189,107.49062735129611,107.20230703693767,104.36325455135554,107.52022489494992,101.0375798276639,100.28851883626015,105.07085571859905,72.27741128521662
120.0,120.0,120.0,120.0,120.0,120.0,120.0,120.0,120.0,120.0,15.907337145709738,6.15858764995273,97.23488050121223,103.19672407543169,108.93309434212561,106.2789538561802,106.86766526235189,107.49062735129611,107.20230703693767,104.36325455135554,107.52022489494992,101.0375798276639,100.28851883626015,105.07085571859905,72.27741128521662
120.0,120.0,120.0,120.0,120.0,120.0,120.0,120.0,120.0,120.0,15.907337145709738,6.15858764995273,97.23488050121223,103.19672407543169,108.93309434212561,106.2789538561802,106.86766526235189,107.49062735129611,107.20230703693767,104.36325455135554,107.52022489494992,101.0375798276639,100.28851883626015,105.07085571859905,72.27741128521662
120.0,120.0,120.0,120.0,120.0,120.0,120.0,120.0,120.0,120.0,15.907337145709738,6.15858764995273,97.23488050121223,103.19672407543169,108.93309434212561,106.2789538561802,106.86766526235189,107.49062735129611,107.20230703693767,104.36325455135554,107.52022489494992,101.0375798276639,100.28851883626015,105.07085571859905,72.27741128521662
120.0,120.0,120.0,120.0,120.0,120.0,120.0,120.0,120.0,120.0,15.907337145709738,6.15858764995273,97.23488050121223,103.19672407543169,108.93309434212561,106.2789538561802,106.86766526235189,107.49062735129611,107.20230703693767,104.36325455135554,107.52022489494992,101.0375798276639,100.28851883626015,105.07085571859905,72.27741128521662
120.0,120.0,120.0,120.0,120.0,120.0,120.0,120.0,120.0,120.0,0.0030019152329643474,18.82921372478062,91.9593451243809,100.94639775741771,102.89943128339084,104.69464094862474,104.75643081184968,104.94582525825808,105.40295113650214,103.20476359375974,72.32363369077538,95.9433612794049,49.96440413218544,55.23577987204433,71.53914912240832
120.0,120.0,120.0,120.0,120.0,120.0,120.0,120.0,120.0,120.0,0.0030019152329643474,18.82921372478062,91.9593451243809,100.94639775741771,102.89943128339084,104.69464094862474,104.75643081184968,104.94582525825808,105.40295113650214,103.20476359375974,72.32363369077538,95.9433612794049,49.96440413218544,55.23577987204433,71.53914912240832
120.0,120.0,120.0,120.0,120.0,120.0,120.0,120.0,120.0,120.0,0.0030019152329643474,18.82921372478062,91.9593451243809,100.94639775741771,102.89943128339084,104.69464094862474,104.75643081184968,104.94582525825808,105.40295113650214,103.20476359375974,72.32363369077538,95.9433612794049,49.96440413218544,55.23577987204433,71.53914912240832
120.0,120.0,120.0,120.0,120.0,120.0,120.0,120.0,120.0,120.0,0.003001915232964348,18.82921372478062,91.9593451243809,100.94639775741771,102.89943128339084,104.69464094862474,104.75643081184968,104.94582525825808,105.40295113650214,103.20476359375974,72.32363369077538,95.9433612794049,49.96440413218544,55.23577987204433,71.53914912240832
120.0,120.0,120.0,120.0,120.0,120.0,120.0,120.0,120.0,120.0,0.0030019152329643483,18.82921372478062,91.9593451243809,100.94639775741771,102.89943128339084,104.69464094862474,104.75643081184968,104.94582525825808,105.40295113650214,103.20476359375974,72.32363369077538,95.9433612794049,49.96440413218544,55.23577987204433,71.53914912240832
120.0,120.0,120.0,120.0,120.0,120.0,120.0,120.0,120.0,120.0,0.0030019152329643487,18.82921372478062,91.9593451243809,100.94639775741771,102.89943128339084,104.69464094862474,104.75643081184968,104.94582525825808,105.40295113650214,103.20476359375974,72.32363369077538,95.9433612794049,49.96440413218544,55.23577987204433,71.53914912240832
120.0,120.0,120.0,120.0,120.0,120.0,120.0,120.0,120.0,120.0,0.0030019152329643487,18.82921372478062,91.9593451243809,100.94639775741771,102.89943128339084,104.69464094862474,104.75643081184968,104.94582525825808,105.40295113650214,103.20476359375974,72.32363369077538,95.9433612794049,49.96440413218544,55.23577987204433,71.53914912240832
120.0,120.0,120.0,120.0,120.0,120.0,120.0,120.0,120.0,120.0,0.003001915232964349,18.82921372478062,91.9593451243809,100.94639775741771,102.89943128339084,104.69464094862474,104.75643081184968,104.94582525825808,105.40295113650214,103.20476359375974,72.32363369077538,95.9433612794049,49.96440413218544,55.23577987204433,71.53914912240832
120.0,120.0,120.0,120.0,120.0,120.0,120.0,120.0,120.0,120.0,0.0030019152329643496,18.82921372478062,91.9593451243809,100.94639775741771,102.89943128339084,104.69464094862474,104.75643081184968,104.94582525825808,105.40295113650214,103.20476359375974,72.32363369077538,95.9433612794049,49.96440413218544,55.23577987204433,71.53914912240832
120.0,120.0,120.0,120.0,120.0,120.0,120.0,120.0,120.0,120.0,0.0030019152329643496,18.82921372478062,91.9593451243809,100.94639775741771,102.89943128339084,104.69464094862474,104.75643081184968,104.94582525825808,105.40295113650214,103.20476359375974,72.32363369077538,95.9433612794049,49.96440413218544,55.23577987204433,71.53914912240832
120.0,120.0,120.0,120.0,120.0,120.0,120.0,120.0,120.0,120.0,0.00300191523296435,18.82921372478062,91.9593451243809,100.94639775741771,102.89943128339084,104.69464094862474,104.75643081184968,104.94582525825808,105.40295113650214,103.20476359375974,72.32363369077538,95.9433612794049,49.96440413218544,55.23577987204433,71.53914912240832
120.0,120.0,120.0,120.0,120.0,120.0,120.0,120.0,120.0,120.0,0.00300191523296435,18.82921372478062,91.9593451243809,100.94639775741771,102.89943128339084,104.69464094862474,104.75643081184968,104.94582525825808,105.40295113650214,103.20476359375974,72.32363369077538,95.9433612794049,49.96440413218544,55.23577987204433,71.53914912240832
120.0,120.0,120.0,120.0,120.0,120.0,120.0,120.0,120.0,120.0,0.00300191523296435,18.82921372478062,91.9593451243809,100.94639775741771,102.89943128339084,104.69464094862474,104.75643081184968,104.94582525825808,105.40295113650214,103.20476359375974,72.32363369077538,95.9433612794049,49.96440413218544,55.23577987204433,71.53914912240832
120.0,120.0,120.0,120.0,120.0,120.0,120.0,120.0,120.0,120.0,0.00300191523296435,18.82921372478062,91.9593451243809,100.94639775741771,102.89943128339084,104.69464094862474,104.75643081184968,104.94582525825808,105.40295113650214,103.20476359375974,72.32363369077538,95.9433612794049,49.96440413218544,55.23577987204433,71.53914912240832
120.0,120.0,120.0,120.0,120.0,120.0,120.0,120.0,120.0,120.0,0.00300191523296435,18.82921372478062,91.9593451243809,100.94639775741771,102.89943128339084,104.69464094862474,104.75643081184968,104.94582525825808,105.40295113650214,103.20476359375974,72.32363369077538,95.9433612794049,49.96440413218544,55.23577987204433,71.53914912240832
120.0,120.0,120.0,120.0,120.0,120.0,120.0,120.0,120.0,120.0,0.00300191523296435,18.82921372478062,91.9593451243809,100.94639775741771,102.89943128339084,104.69464094862474,104.75643081184968,104.94582525825808,105.40295113650214,103.20476359375974,72.32363369077538,95.9433612794049,49.96440413218544,55.23577987204433,71.53914912240832
120.0,120.0,120.0,120.0,120.0,120.0,120.0,120.0,120.0,120.0,0.016615777967388855,2.2986961866700195,110.4926011555341,113.01697488866061,113.86967351047866,114.23020405999608,114.38568440847718,114.43993895217912,114.37002663132395,113.19046519859661,99.04606610991728,95.104559580783,92.89498929896443,94.8327432779682,102.11287832055797
120.0,120.0,120.0,120.0,120.0,120.0,120.0,120.0,120.0,120.0,0.016615777967388855,2.2986961866700195,110.4926011555341,113.01697488866061,113.86967351047866,114.23020405999608,114.38568440847718,114.43993895217912,114.37002663132395,113.19046519859661,99.04606610991728,95.104559580783,92.89498929896443,94.8327432779682,102.11287832055797
120.0,120.0,120.0,120.0,120.0,120.0,120.0,120.0,120.0,120.0,0.016615777967388855,2.2986961866700195,110.4926011555341,113.01697488866061,113.86967351047866,114.23020405999608,114.38568440847718,114.43993895217912,114.37002663132395,113.19046519859661,99.04606610991728,95.104559580783,92.89498929896443,94.8327432779682,102.11287832055797
120.0,120.0,120.0,120.0,120.0,120.0,120.0,120.0,120.0,120.0,0.016615777967388855,2.2986961866700195,110.4926011555341,113.01697488866061,113.86967351047866,114.23020405999608,114.38568440847718,114.43993895217912,114.37002663132395,113.19046519859661,99.04606610991728,95.104559580783,92.89498929896443,94.8327432779682,102.11287832055797
120.0,120.0,120.0,120.0,120.0,120.0,120.0,120.0,120.0,120.0,0.016615777967388855,2.2986961866700195,110.4926011555341,113.01697488866061,113.86967351047866,114.23020405999608,114.38568440847718,114.43993895217912,114.37002663132395,113.19046519859661,99.04606610991728,95.104559580783,92.89498929896443,94.8327432779682,102.11287832055797
120.0,120.0,120.0,120.0,120.0,120.0,120.0,120.0,120.0,120.0,0.016615777967388855,2.2986961866700195,110.4926011555341,113.01697488866061,113.86967351047866,114.23020405999608,114.38568440847718,114.43993895217912,114.37002663132395,113.19046519859661,99.04606610991728,95.104559580783,92.89498929896443,94.8327432779682,102.11287832055797
120.0,120.0,120.0,120.0,120.0,120.0,120.0,120.0,120.0,120.0,0.016615777967388855,2.2986961866700195,110.4926011555341,113.01697488866061,113.86967351047866,114.23020405999608,114.38568440847718,114.43993895217912,114.37002663132395,113.19046519859661,99.04606610991728,95.104559580783,92.89498929896443,94.8327432779682,102.11287832055797
120.0,120.0,120.0,120.0,120.0,120.0,120.0,120.0,120.0,120.0,0.016615777967388855,2.2986961866700195,110.4926011555341,113.01697488866061,113.86967351047866,114.23020405999608,114.38568440847718,114.43993895217912,114.37002663132395,113.19046519859661,99.04606610991728,95.104559580783,92.89498929896443,94.8327432779682,102.11287832055797
120.0,120.0,120.0,120.0,120.0,120.0,120.0,120.0,120.0,120.0,0.016615777967388855,2.2986961866700195,110.4926011555341,113.01697488866061,113.86967351047866,114.23020405999608,114.38568440847718,114.43993895217912,114.37002663132395,113.19046519859661,99.04606610991728,95.104559580783,92.89498929896443,94.8327432779682,102.11287832055797
120.0,120.0,120.0,120.0,120.0,120.0,120.0,120.0,120.0,120.0,0.016615777967388855,2.2986961866700195,110.4926011555341,113.01697488866061,113.86967351047866,114.23020405999608,114.38568440847718,114.43993895217912,114.37002663132395,113.19046519859661,99.04606610991728,95.104559580783,92.89498929896443,94.8327432779682,102.11287832055797
120.0,120.0,120.0,120.0,120.0,120.0,120.0,120.0,120.0,120.0,0.016615777967388855,2.2986961866700195,110.4926011555341,113.01697488866061,113.86967351047866,114.23020405999608,114.38568440847718,114.43993895217912,114.37002663132395,113.19046519859661,99.04606610991728,95.104559580783,92.89498929896443,94.8327432779682,102.11287832055797
120.0,120.0,120.0,120.0,120.0,120.0,120.0,120.0,120.0,120.0,0.016615777967388855,2.2986961866700195,110.4926011555341,113.01697488866061,113.86967351047866,114.23020405999608,114.38568440847718,114.43993895217912,114.37002663132395,113.19046519859661,99.04606610991728,95.104559580783,92.89498929896443,94.8327432779682,102.11287832055797
120.0,120.0,120.0,120.0,120.0,120.0,120.0,120.0,120.0,120.0,0.016615777967388855,2.2986961866700195,110.4926011555341,113.01697488866061,113.86967351047866,114.23020405999608,114.38568440847718,114.43993895217912,114.37002663132395,113.19046519859661,99.04606610991728,95.104559580783,92.89498929896443,94.8327432779682,102.11287832055797
120.0,120.0,120.0,120.0,120.0,120.0,120.0,120.0,120.0,120.0,0.016615777967388855,2.2986961866700195,110.4926011555341,113.01697488866061,113.86967351047866,114.23020405999608,114.38568440847718,114.43993895217912,114.37002663132395,113.19046519859661,99.04606610991728,95.104559580783,92.89498929896443,94.8327432779682,102.11287832055797
120.0,120.0,120.0,120.0,120.0,120.0,120.0,120.0,120.0,120.0,0.016615777967388855,2.2986961866700195,110.4926011555341,113.01697488866061,113.86967351047866,114.23020405999608,114.38568440847718,114.43993895217912,114.37002663132395,113.19046519859661,99.04606610991728,95.104559580783,92.89498929896443,94.8327432779682,102.11287832055797
120.0,120.0,120.0,120.0,120.0,120.0,120.0,120.0,120.0,120.0,0.016615777967388855,2.2986961866700195,110.4926011555341,113.01697488866061,113.86967351047866,114.23020405999608,114.38568440847718,114.43993895217912,114.37002663132395,113.19046519859661,99.04606610991728,95.104559580783,92.89498929896443,94.8327432779682,102.11287832055797
120.0,120.0,120.0,120.0,120.0,120.0,120.0,120.0,120.0,120.0,0.0004190104441210727,0.0004460828797209683,90.3974101426025,98.54281315482734,101.41689964407,102.79786028458527,103.32799282564562,103.6529539384419,103.63748199811899,100.52040517199406,102.34602550918528,97.81937285501698,95.2991453264892,97.26923937723329,104.8460301282059
120.0,120.0,120.0,120.0,120.0,120.0,120.0,120.0,120.0,120.0,0.0004190104441210727,0.00044608287972096837,90.3974101426025,98.54281315482734,101.41689964407,102.79786028458527,103.32799282564562,103.6529539384419,103.63748199811899,100.52040517199406,102.34602550918528,97.81937285501698,95.2991453264892,97.26923937723329,104.8460301282059
120.0,120.0,120.0,120.0,120.0,120.0,120.0,120.0,120.0,120.0,0.0004190104441210727,0.00044608287972096837,90.3974101426025,98.54281315482734,101.41689964407,102.79786028458527,103.32799282564562,103.6529539384419,103.63748199811899,100.52040517199406,102.34602550918528,97.81937285501698,95.2991453264892,97.26923937723329,104.8460301282059
120.0,120.0,120.0,120.0,120.0,120.0,120.0,120.0,120.0,120.0,0.00041901044412107275,0.00044608287972096837,90.3974101426025,98.54281315482734,101.41689964407,102.79786028458527,103.32799282564562,103.6529539384419,103.63748199811899,100.52040517199406,102.34602550918528,97.81937285501698,95.2991453264892,97.26923937723329,104.8460301282059
120.0,120.0,120.0,120.0,120.0,120.0,120.0,120.0,120.0,120.0,0.0004190104441210727,0.00044608287972096837,90.3974101426025,98.54281315482734,101.41689964407,102.79786028458527,103.32799282564562,103.6529539384419,103.63748199811899,100.52040517199406,102.34602550918528,97.81937285501698,95.2991453264892,97.26923937723329,104.8460301282059
120.0,120.0,120.0,120.0,120.0,120.0,120.0,120.0,120.0,120.0,0.0004190104441210727,0.00044608287972096837,90.3974101426025,98.54281315482734,101.41689964407,102.79786028458527,103.32799282564562,103.6529539384419,103.63748199811899,100.52040517199406,102.34602550918528,97.81937285501698,95.2991453264892,97.26923937723329,104.8460301282059
120.0,120.0,120.0,120.0,120.0,120.0,120.0,120.0,120.0,120.0,0.0004190104441210727,0.00044608287972096837,90.3974101426025,98.54281315482734,101.41689964407,102.79786028458527,103.32799282564562,103.6529539384419,103.63748199811899,100.52040517199406,102.34602550918528,97.81937285501698,95.2991453264892,97.26923937723329,104.8460301282059
120.0,120.0,120.0,120.0,120.0,120.0,120.0,120.0,120.0,120.0,0.0004190104441210727,0.00044608287972096837,90.3974101426025,98.54281315482734,101.41689964407,102.79786028458527,103.32799282564562,103.6529539384419,103.63748199811899,100.52040517199406,102.34602550918528,97.81937285501698,95.2991453264892,97.26923937723329,104.8460301282059
120.0,120.0,120.0,120.0,120.0,120.0,120.0,120.0,120.0,120.0,0.0004190104441210727,0.00044608287972096837,90.3974101426025,98.54281315482734,101.41689964407,102.79786028458527,103.32799282564562,103.6529539384419,103.63748199811899,100.52040517199406,102.34602550918528,97.81937285501698,95.2991453264892,97.26923937723329,104.8460301282059
120.0,120.0,120.0,120.0,120.0,120.0,120.0,120.0,120.0,120.0,0.0004190104441210727,0.00044608287972096837,90.3974101426025,98.54281315482734,101.41689964407,102.79786028458527,103.32799282564562,103.6529539384419,103.63748199811899,100.52040517199406,102.34602550918528,97.81937285501698,95.2991453264892,97.26923937723329,104.8460301282059
120.0,120.0,120.0,120.0,120.0,120.0,120.0,120.0,120.0,120.0,0.00041901044412107264,0.00044608287972096837,90.3974101426025,98.54281315482734,101.41689964407,102.79786028458527,103.32799282564562,103.6529539384419,103.63748199811899,100.52040517199406,102.34602550918528,97.81937285501698,95.2991453264892,97.26923937723329,104.8460301282059
120.0,120.0,120.0,120.0,120.0,120.0,120.0,120.0,120.0,120.0,0.00041901044412107264,0.00044608287972096837,90.3974101426025,98.54281315482734,101.41689964407,102.79786028458527,103.32799282564562,103.6529539384419,103.63748199811899,100.52040517199406,102.34602550918528,97.81937285501698,95.2991453264892,97.26923937723329,104.8460301282059
120.0,120.0,120.0,120.0,120.0,120.0,120.0,120.0,120.0,120.0,0.00041901044412107264,0.00044608287972096837,90.3974101426025,98.54281315482734,101.41689964407,102.79786028458527,103.32799282564562,103.6529539384419,103.63748199811899,100.52040517199406,102.34602550918528,97.81937285501698,95.2991453264892,97.26923937723329,104.8460301282059
120.0,120.0,120.0,120.0,120.0,120.0,120.0,120.0,120.0,120.0,0.0004190104441210726,0.00044608287972096837,90.3974101426025,98.54281315482734,101.41689964407,102.79786028458527,103.32799282564562,103.6529539384419,103.63748199811899,100.52040517199406,102.34602550918528,97.81937285501698,95.2991453264892,97.26923937723329,104.8460301282059
120.0,120.0,120.0,120.0,120.0,120.0,120.0,120.0,120.0,120.0,0.0004190104441210726,0.0004460828797209683,90.3974101426025,98.54281315482734,101.41689964407,102.79786028458527,103.32799282564562,103.6529539384419,103.63748199811899,100.52040517199406,102.34602550918528,97.81937285501698,95.2991453264892,97.26923937723329,104.8460301282059
120.0,120.0,120.0,120.0,120.0,120.0,120.0,120.0,120.0,120.0,0.0004190104441210726,0.0004460828797209683,90.3974101426025,98.54281315482734,101.41689964407,102.79786028458527,103.32799282564562,103.6529539384419,103.63748199811899,100.52040517199406,102.34602550918528,97.81937285501698,95.2991453264892,97.26923937723329,104.8460301282059
120.0,120.0,120.0,120.0,120.0,120.0,120.0,120.0,120.0,120.0,0.0027356171996202267,0.002796991498903207,58.16201486276515,99.12939082439568,102.78086522523778,114.0992251573309,114.31240682884253,114.40213853943627,114.33879288297712,113.10048322953195,99.92562650165038,95.81418585415723,94.54049880746021,97.23667917437034,104.11134614412846
120.0,120.0,120.0,120.0,120.0,120.0,120.0,120.0,120.0,120.0,0.0027356171996202267,0.002796991498903302,58.16201486276515,99.12939082439568,102.78086522523778,114.0992251573309,114.31240682884253,114.40213853943627,114.33879288297712,113.10048322953195,99.92562650165038,95.81418585415723,94.54049880746021,97.23667917437034,104.11134614412846
120.0,120.0,120.0,120.0,120.0,120.0,120.0,120.0,120.0,120.0,0.0027356171996202262,0.0027969914989033366,58.16201486276515,99.12939082439568,102.78086522523778,114.0992251573309,114.31240682884253,114.40213853943627,114.33879288297712,113.10048322953195,99.92562650165038,95.81418585415723,94.54049880746021,97.23667917437034,104.11134614412846
120.0,120.0,120.0,120.0,120.0,120.0,120.0,120.0,120.0,120.0,0.0027356171996202262,0.0027969914989033366,58.16201486276515,99.12939082439568,102.78086522523778,114.0992251573309,114.31240682884253,114.40213853943627,114.33879288297712,113.10048322953195,99.92562650165038,95.81418585415723,94.54049880746021,97.23667917437034,104.11134614412846
120.0,120.0,120.0,120.0,120.0,120.0,120.0,120.0,120.0,120.0,0.002735617199620226,0.002796991498903336,58.16201486276515,99.12939082439568,102.78086522523778,114.0992251573309,114.31240682884253,114.40213853943627,114.33879288297712,113.10048322953195,99.92562650165038,95.81418585415723,94.54049880746021,97.23667917437034,104.11134614412846
120.0,120.0,120.0,120.0,120.0,120.0,120.0,120.0,120.0,120.0,0.0027356171996202254,0.0027969914989033357,58.16201486276515,99.12939082439568,102.78086522523778,114.0992251573309,114.31240682884253,114.40213853943627,114.33879288297712,113.10048322953195,99.92562650165038,95.81418585415723,94.54049880746021,97.23667917437034,104.11134614412846
120.0,120.0,120.0,120.0,120.0,120.0,120.0,120.0,120.0,120.0,0.002735617199620225,0.0027969914989033353,58.16201486276515,99.12939082439568,102.78086522523778,114.0992251573309,114.31240682884253,114.40213853943627,114.33879288297712,113.10048322953195,99.92562650165038,95.81418585415723,94.54049880746021,97.23667917437034,104.11134614412846
120.0,120.0,120.0,120.0,120.0,120.0,120.0,120.0,120.0,120.0,0.002735617199620225,0.002796991498903335,58.16201486276515,99.12939082439568,102.78086522523778,114.0992251573309,114.31240682884253,114.40213853943627,114.33879288297712,113.10048322953195,99.92562650165038,95.81418585415723,94.54049880746021,97.23667917437034,104.11134614412846
120.0,120.0,120.0,120.0,120.0,120.0,120.0,120.0,120.0,120.0,0.0027356171996202245,0.002796991498903335,58.16201486276515,99.12939082439568,102.78086522523778,114.0992251573309,114.31240682884253,114.40213853943627,114.33879288297712,113.10048322953195,99.92562650165038,95.81418585415723,94.54049880746021,97.23667917437034,104.11134614412846
120.0,120.0,120.0,120.0,120.0,120.0,120.0,120.0,120.0,120.0,0.0027356171996202236,0.0027969914989033344,58.16201486276515,99.12939082439568,102.78086522523778,114.0992251573309,114.31240682884253,114.40213853943627,114.33879288297712,113.10048322953195,99.92562650165038,95.81418585415723,94.54049880746021,97.23667917437034,104.11134614412846
120.0,120.0,120.0,120.0,120.0,120.0,120.0,120.0,120.0,120.0,0.002735617199620223,0.002796991498903334,58.16201486276515,99.12939082439568,102.78086522523778,114.0992251573309,114.31240682884253,114.40213853943627,114.33879288297712,113.10048322953195,99.92562650165038,95.81418585415723,94.54049880746021,97.23667917437034,104.11134614412846
120.0,120.0,120.0,120.0,120.0,120.0,120.0,120.0,120.0,120.0,0.002735617199620223,0.002796991498903334,58.16201486276515,99.12939082439568,102.78086522523778,114.0992251573309,114.31240682884253,114.40213853943627,114.33879288297712,113.10048322953195,99.92562650165038,95.81418585415723,94.54049880746021,97.23667917437034,104.11134614412846
120.0,120.0,120.0,120.0,120.0,120.0,120.0,120.0,120.0,120.0,0.002735617199620223,0.0027969914989033335,58.16201486276515,99.12939082439568,102.78086522523778,114.0992251573309,114.31240682884253,114.40213853943627,114.33879288297712,113.10048322953195,99.92562650165038,95.81418585415723,94.54049880746021,97.23667917437034,104.11134614412846
120.0,120.0,120.0,120.0,120.0,120.0,120.0,120.0,120.0,120.0,0.002735617199620223,0.0027969914989033335,58.16201486276515,99.12939082439568,102.78086522523778,114.0992251573309,114.31240682884253,114.40213853943627,114.33879288297712,113.10048322953195,99.92562650165038,95.81418585415723,94.54049880746021,97.23667917437034,104.11134614412846
120.0,120.0,120.0,120.0,120.0,120.0,120.0,120.0,120.0,120.0,0.002735617199620223,0.002796991498903333,58.16201486276515,99.12939082439568,102.78086522523778,114.0992251573309,114.31240682884253,114.40213853943627,114.33879288297712,113.10048322953195,99.92562650165038,95.81418585415723,94.54049880746021,97.23667917437034,104.11134614412846
120.0,120.0,120.0,120.0,120.0,120.0,120.0,120.0,120.0,120.0,0.002735617199620223,0.002796991498903333,58.16201486276515,99.12939082439568,102.78086522523778,114.0992251573309,114.31240682884253,114.40213853943627,114.33879288297712,113.10048322953195,99.92562650165038,95.81418585415723,94.54049880746021,97.23667917437034,104.11134614412846
120.0,120.0,120.0,120.0,120.0,120.0,120.0,120.0,120.0,120.0,0.0024566528490721972,89.7203977578771,0.002921666838793422,88.83225910049373,104.82988542490254,106.8918997643695,105.44560411363,103.37081927727715,104.79046089096099,113.66218408780016,100.246524281122,95.55144735489858,92.95841059271348,94.92018051636653,72.55801532066171
120.0,120.0,120.0,120.0,120.0,120.0,120.0,120.0,120.0,120.0,0.0024566528490721972,89.7203977578771,0.002921666838793422,88.83225910049373,104.82988542490254,106.8918997643695,105.44560411363,103.37081927727715,104.79046089096099,113.66218408780016,100.246524281122,95.55144735489858,92.95841059271348,94.92018051636653,72.55801532066171
120.0,120.0,120.0,120.0,120.0,120.0,120.0,120.0,120.0,120.0,0.0024566528490721972,89.7203977578771,0.002921666838793422,88.83225910049373,104.82988542490254,106.8918997643695,105.44560411363,103.37081927727715,104.79046089096099,113.66218408780016,100.246524281122,95.55144735489858,92.95841059271348,94.92018051636653,72.55801532066171
120.0,120.0,120.0,120.0,120.0,120.0,120.0,120.0,120.0,120.0,0.0024566528490721972,89.7203977578771,0.002921666838793422,88.83225910049373,104.82988542490254,106.8918997643695,105.44560411363,103.37081927727715,104.79046089096099,113.66218408780016,100.246524281122,95.55144735489858,92.95841059271348,94.92018051636653,72.55801532066171
120.0,120.0,120.0,120.0,120.0,120.0,120.0,120.0,120.0,120.0,0.0024566528490721972,89.7203977578771,0.002921666838793422,88.83225910049373,104.82988542490254,106.8918997643695,105.44560411363,103.37081927727715,104.79046089096099,113.66218408780016,100.246524281122,95.55144735489858,92.95841059271348,94.92018051636653,72.55801532066171
120.0,120.0,120.0,120.0,120.0,120.0,120.0,120.0,120.0,120.0,0.0024566528490721972,89.7203977578771,0.002921666838793422,88.83225910049373,104.82988542490254,106.8918997643695,105.44560411363,103.37081927727715,104.79046089096099,113.66218408780016,100.246524281122,95.55144735489858,92.95841059271348,94.92018051636653,72.55801532066171
120.0,120.0,120.0,120.0,120.0,120.0,120.0,120.0,120.0,120.0,0.0024566528490721972,89.7203977578771,0.002921666838793422,88.83225910049373,104.82988542490254,106.8918997643695,105.44560411363,103.37081927727715,104.79046089096099,113.66218408780016,100.246524281122,95.55144735489858,92.95841059271348,94.92018051636653,72.55801532066171
120.0,120.0,120.0,120.0,120.0,120.0,120.0,120.0,120.0,120.0,0.0024566528490721972,89.7203977578771,0.002921666838793422,88.83225910049373,104.82988542490254,106.8918997643695,105.44560411363,103.37081927727715,104.79046089096099,113.66218408780016,100.246524281122,95.55144735489858,92.95841059271348,94.92018051636653,72.55801532066171
120.0,120.0,120.0,120.0,120.0,120.0,120.0,120.0,120.0,120.0,0.0024566528490721972,89.7203977578771,0.002921666838793422,88.83225910049373,104.82988542490254,106.8918997643695,105.44560411363,103.37081927727715,104.79046089096099,113.66218408780016,100.246524281122,95.55144735489858,92.95841059271348,94.92018051636653,72.55801532066171
120.0,120.0,120.0,120.0,120.0,120.0,120.0,120.0,120.0,120.0,0.0024566528490721972,89.7203977578771,0.002921666838793422,88.83225910049373,104.82988542490254,106.8918997643695,105.44560411363,103.37081927727715,104.79046089096099,113.66218408780016,100.246524281122,95.55144735489858,92.95841059271348,94.92018051636653,72.55801532066171
120.0,120.0,120.0,120.0,120.0,120.0,120.0,120.0,120.0,120.0,0.0024566528490721972,89.7203977578771,0.002921666838793422,88.83225910049373,104.82988542490254,106.8918997643695,105.44560411363,103.37081927727715,104.79046089096099,113.66218408780016,100.246524281122,95.55144735489858,92.95841059271348,94.92018051636653,72.55801532066171
120.0,120.0,120.0,120.0,120.0,120.0,120.0,120.0,120.0,120.0,0.0024566528490721972,89.7203977578771,0.002921666838793422,88.83225910049373,104.82988542490254,106.8918997643695,105.44560411363,103.37081927727715,104.79046089096099,113.66218408780016,100.246524281122,95.55144735489858,92.95841059271348,94.92018051636653,72.55801532066171
120.0,120.0,120.0,120.0,120.0,120.0,120.0,120.0,120.0,120.0,0.0024566528490721972,89.7203977578771,0.002921666838793422,88.83225910049373,104.82988542490254,106.8918997643695,105.44560411363,103.37081927727715,104.79046089096099,113.66218408780016,100.246524281122,95.55144735489858,92.95841059271348,94.92018051636653,72.55801532066171
120.0,120.0,120.0,120.0,120.0,120.0,120.0,120.0,120.0,120.0,0.0024566528490721972,89.7203977578771,0.002921666838793422,88.83225910049373,104.82988542490254,106.8918997643695,105.44560411363,103.37081927727715,104.79046089096099,113.66218408780016,100.246524281122,95.55144735489858,92.95841059271348,94.92018051636653,72.55801532066171
120.0,120.0,120.0,120.0,120.0,120.0,120.0,120.0,120.0,120.0,0.0024566528490721972,89.7203977578771,0.002921666838793422,88.83225910049373,104.82988542490254,106.8918997643695,105.44560411363,103.37081927727715,104.79046089096099,113.66218408780016,100.246524281122,95.55144735489858,92.95841059271348,94.92018051636653,72.55801532066171
120.0,120.0,120.0,120.0,120.0,120.0,120.0,120.0,120.0,120.0,0.0024566528490721972,89.7203977578771,0.002921666838793422,88.83225910049373,104.82988542490254,106.8918997643695,105.44560411363,103.37081927727715,104.79046089096099,113.66218408780016,100.246524281122,95.55144735489858,92.95841059271348,94.92018051636653,72.55801532066171
120.0,120.0,120.0,120.0,120.0,120.0,120.0,120.0,120.0,120.0,0.011713054977280323,91.48996833000781,0.005478989082107422,14.00371796928707,111.75982245596988,113.51546148554799,114.09743805162363,114.30233065095784,114.24666900791422,112.86660457487481,97.7849487702183,94.29231459298902,93.05341423134209,95.27041226471843,72.86996990188287
120.0,120.0,120.0,120.0,120.0,120.0,120.0,120.0,120.0,120.0,0.011713054977280323,91.48996833000781,0.005478989082107422,14.00371796928707,111.75982245596988,113.51546148554799,114.09743805162363,114.30233065095784,114.24666900791422,112.86660457487481,97.7849487702183,94.29231459298902,93.05341423134209,95.27041226471843,72.86996990188287
120.0,120.0,120.0,120.0,120.0,120.0,120.0,120.0,120.0,120.0,0.011713054977280323,91.48996833000781,0.005478989082107422,14.00371796928707,111.75982245596988,113.51546148554799,114.09743805162363,114.30233065095784,114.24666900791422,112.86660457487481,97.7849487702183,94.29231459298902,93.05341423134209,95.27041226471843,72.86996990188287
120.0,120.0,120.0,120.0,120.0,120.0,120.0,120.0,120.0,120.0,0.011713054977280323,91.48996833000781,0.005478989082107422,14.00371796928707,111.75982245596988,113.51546148554799,114.09743805162363,114.30233065095784,114.24666900791422,112.86660457487481,97.7849487702183,94.29231459298902,93.05341423134209,95.27041226471843,72.86996990188287
120.0,120.0,120.0,120.0,120.0,120.0,120.0,120.0,120.0,120.0,0.011713054977280323,91.48996833000781,0.005478989082107422,14.00371796928707,111.75982245596988,113.51546148554799,114.09743805162363,114.30233065095784,114.24666900791422,112.86660457487481,97.7849487702183,94.29231459298902,93.05341423134209,95.27041226471843,72.86996990188287
120.0,120.0,120.0,120.0,120.0,120.0,120.0,120.0,120.0,120.0,0.011713054977280323,91.48996833000781,0.005478989082107422,14.00371796928707,111.75982245596988,113.51546148554799,114.09743805162363,114.30233065095784,114.24666900791422,112.86660457487481,97.7849487702183,94.29231459298902,93.05341423134209,95.27041226471843,72.86996990188287
120.0,120.0,120.0,120.0,120.0,120.0,120.0,120.0,120.0,120.0,0.011713054977280323,91.48996833000781,0.005478989082107422,14.00371796928707,111.75982245596988,113.51546148554799,114.09743805162363,114.30233065095784,114.24666900791422,112.86660457487481,97.7849487702183,94.29231459298902,93.05341423134209,95.27041226471843,72.86996990188287
120.0,120.0,120.0,120.0,120.0,120.0,120.0,120.0,120.0,120.0,0.011713054977280323,91.48996833000781,0.005478989082107422,14.00371796928707,111.75982245596988,113.51546148554799,114.09743805162363,114.30233065095784,114.24666900791422,112.86660457487481,97.7849487702183,94.29231459298902,93.05341423134209,95.27041226471843,72.86996990188287
120.0,120.0,120.0,120.0,120.0,120.0,120.0,120.0,120.0,120.0,0.011713054977280323,91.48996833000781,0.005478989082107422,14.00371796928707,111.75982245596988,113.51546148554799,114.09743805162363,114.30233065095784,114.24666900791422,112.86660457487481,97.7849487702183,94.29231459298902,93.05341423134209,95.27041226471843,72.86996990188287
120.0,120.0,120.0,120.0,120.0,120.0,120.0,120.0,120.0,120.0,0.011713054977280323,91.48996833000781,0.005478989082107422,14.00371796928707,111.75982245596988,113.51546148554799,114.09743805162363,114.30233065095784,114.24666900791422,112.86660457487481,97.7849487702183,94.29231459298902,93.05341423134209,95.27041226471843,72.86996990188287
120.0,120.0,120.0,120.0,120.0,120.0,120.0,120.0,120.0,120.0,0.011713054977280323,91.48996833000781,0.005478989082107422,14.00371796928707,111.75982245596988,113.51546148554799,114.09743805162363,114.30233065095784,114.24666900791422,112.86660457487481,97.7849487702183,94.29231459298902,93.05341423134209,95.27041226471843,72.86996990188287
120.0,120.0,120.0,120.0,120.0,120.0,120.0,120.0,120.0,120.0,0.011713054977280323,91.48996833000781,0.005478989082107422,14.00371796928707,111.75982245596988,113.51546148554799,114.09743805162363,114.30233065095784,114.24666900791422,112.86660457487481,97.7849487702183,94.29231459298902,93.05341423134209,95.27041226471843,72.86996990188287
120.0,120.0,120.0,120.0,120.0,120.0,120.0,120.0,120.0,120.0,0.011713054977280323,91.48996833000781,0.005478989082107422,14.00371796928707,111.75982245596988,113.51546148554799,114.09743805162363,114.30233065095784,114.24666900791422,112.86660457487481,97.7849487702183,94.29231459298902,93.05341423134209,95.27041226471843,72.86996990188287
120.0,120.0,120.0,120.0,120.0,120.0,120.0,120.0,120.0,120.0,0.011713054977280323,91.48996833000781,0.005478989082107422,14.00371796928707,111.75982245596988,113.51546148554799,114.09743805162363,114.30233065095784,114.24666900791422,112.86660457487481,97.7849487702183,94.29231459298902,93.05341423134209,95.27041226471843,72.86996990188287
120.0,120.0,120.0,120.0,120.0,120.0,120.0,120.0,120.0,120.0,0.011713054977280323,91.48996833000781,0.005478989082107422,14.00371796928707,111.75982245596988,113.51546148554799,114.09743805162363,114.30233065095784,114.24666900791422,112.86660457487481,97.7849487702183,94.29231459298902,93.05341423134209,95.27041226471843,72.86996990188287
120.0,120.0,120.0,120.0,120.0,120.0,120.0,120.0,120.0,120.0,0.011713054977280323,91.48996833000781,0.005478989082107422,14.00371796928707,111.75982245596988,113.51546148554799,114.09743805162363,114.30233065095784,114.24666900791422,112.86660457487481,97.7849487702183,94.29231459298902,93.05341423134209,95.27041226471843,72.86996990188287
120.0,120.0,120.0,120.0,120.0,120.0,120.0,120.0,120.0,120.0,31.337319350309233,82.86620231166853,0.0012198833709382488,4.037713283292597,93.88411511074148,112.69953390593379,113.74059391241943,114.25044073882428,114.4669253088496,113.55165074093615,100.1094164454631,95.44734243743723,92.71672622232443,94.64552439943913,102.05262467035986
120.0,120.0,120.0,120.0,120.0,120.0,120.0,120.0,120.0,120.0,31.337319350309233,82.86620231166853,0.0012198833709382488,4.037713283292597,93.88411511074148,112.69953390593379,113.74059391241943,114.25044073882428,114.4669253088496,113.55165074093615,100.1094164454631,95.44734243743723,92.71672622232443,94.64552439943913,102.05262467035986
120.0,120.0,120.0,120.0,120.0,120.0,120.0,120.0,120.0,120.0,31.337319350309233,82.86620231166853,0.0012198833709382488,4.037713283292597,93.88411511074148,112.69953390593379,113.74059391241943,114.25044073882428,114.4669253088496,113.55165074093615,100.1094164454631,95.44734243743723,92.71672622232443,94.64552439943913,102.05262467035986
120.0,120.0,120.0,120.0,120.0,120.0,120.0,120.0,120.0,120.0,31.337319350309233,82.86620231166853,0.0012198833709382488,4.037713283292597,93.88411511074148,112.69953390593379,113.74059391241943,114.25044073882428,114.4669253088496,113.55165074093615,100.1094164454631,95.44734243743723,92.71672622232443,94.64552439943913,102.05262467035986
120.0,120.0,120.0,120.0,120.0,120.0,120.0,120.0,120.0,120.0,31.337319350309233,82.86620231166853,0.0012198833709382488,4.037713283292597,93.88411511074148,112.69953390593379,113.74059391241943,114.25044073882428,114.4669253088496,113.55165074093615,100.1094164454631,95.44734243743723,92.71672622232443,94.64552439943913,102.05262467035986
120.0,120.0,120.0,120.0,120.0,120.0,120.0,120.0,120.0,120.0,31.337319350309233,82.86620231166853,0.0012198833709382488,4.037713283292597,93.88411511074148,112.69953390593379,113.74059391241943,114.25044073882428,114.4669253088496,113.55165074093615,100.1094164454631,95.44734243743723,92.71672622232443,94.64552439943913,102.05262467035986
120.0,120.0,120.0,120.0,120.0,120.0,120.0,120.0,120.0,120.0,31.337319350309233,82.86620231166853,0.0012198833709382488,4.037713283292597,93.88411511074148,112.69953390593379,113.74059391241943,114.25044073882428,114.4669253088496,113.55165074093615,100.1094164454631,95.44734243743723,92.71672622232443,94.64552439943913,102.05262467035986
120.0,120.0,120.0,120.0,120.0,120.0,120.0,120.0,120.0,120.0,31.337319350309233,82.86620231166853,0.0012198833709382488,4.037713283292597,93.88411511074148,112.69953390593379,113.74059391241943,114.25044073882428,114.4669253088496,113.55165074093615,100.1094164454631,95.44734243743723,92.71672622232443,94.64552439943913,102.05262467035986
120.0,120.0,120.0,120.0,120.0,120.0,120.0,120.0,120.0,120.0,31.337319350309233,82.86620231166853,0.0012198833709382488,4.037713283292597,93.88411511074148,112.69953390593379,113.74059391241943,114.25044073882428,114.4669253088496,113.55165074093615,100.1094164454631,95.44734243743723,92.71672622232443,94.64552439943913,102.05262467035986
120.0,120.0,120.0,120.0,120.0,120.0,120.0,120.0,120.0,120.0,31.337319350309233,82.86620231166853,0.0012198833709382488,4.037713283292597,93.88411511074148,112.69953390593379,113.74059391241943,114.25044073882428,114.4669253088496,113.55165074093615,100.1094164454631,95.44734243743723,92.71672622232443,94.64552439943913,102.05262467035986
120.0,120.0,120.0,120.0,120.0,120.0,120.0,120.0,120.0,120.0,31.337319350309233,82.86620231166853,0.0012198833709382488,4.037713283292597,93.88411511074148,112.69953390593379,113.74059391241943,114.25044073882428,114.4669253088496,113.55165074093615,100.1094164454631,95.44734243743723,92.71672622232443,94.64552439943913,102.05262467035986
120.0,120.0,120.0,120.0,120.0,120.0,120.0,120.0,120.0,120.0,31.337319350309233,82.86620231166853,0.001219883370938249,4.037713283292597,93.88411511074148,112.69953390593379,113.74059391241943,114.25044073882428,114.4669253088496,113.55165074093615,100.1094164454631,95.44734243743723,92.71672622232443,94.64552439943913,102.05262467035986
120.0,120.0,120.0,120.0,120.0,120.0,120.0,120.0,120.0,120.0,31.337319350309233,82.86620231166853,0.001219883370938249,4.037713283292597,93.88411511074148,112.69953390593379,113.74059391241943,114.25044073882428,114.4669253088496,113.55165074093615,100.1094164454631,95.44734243743723,92.71672622232443,94.64552439943913,102.05262467035986
120.0,120.0,120.0,120.0,120.0,120.0,120.0,120.0,120.0,120.0,31.337319350309233,82.86620231166853,0.001219883370938249,4.037713283292597,93.88411511074148,112.69953390593379,113.74059391241943,114.25044073882428,114.4669253088496,113.55165074093615,100.1094164454631,95.44734243743723,92.71672622232443,94.64552439943913,102.05262467035986
120.0,120.0,120.0,120.0,120.0,120.0,120.0,120.0,120.0,120.0,31.337319350309233,82.86620231166853,0.001219883370938249,4.037713283292597,93.88411511074148,112.69953390593379,113.74059391241943,114.25044073882428,114.4669253088496,113.55165074093615,100.1094164454631,95.44734243743723,92.71672622232443,94.64552439943913,102.05262467035986
120.0,120.0,120.0,120.0,120.0,120.0,120.0,120.0,120.0,120.0,31.337319350309233,82.86620231166853,0.001219883370938249,4.037713283292597,93.88411511074148,112.69953390593379,113.74059391241943,114.25044073882428,114.4669253088496,113.55165074093615,100.1094164454631,95.44734243743723,92.71672622232443,94.64552439943913,102.05262467035986
120.0,120.0,120.0,120.0,120.0,120.0,120.0,120.0,120.0,120.0,1.3995011487324063,61.16660004663046,22.989182318539967,0.0002856235580705762,108.02695386005972,111.33420593804169,112.51905305443852,113.09389050622917,113.3469613308047,112.25521668967387,97.34475791884518,94.343269203606,93.14880092172707,95.3302704211149,102.36145856091126
120.0,120.0,120.0,120.0,120.0,120.0,120.0,120.0,120.0,120.0,1.3995011487324063,61.16660004663046,22.989182318539967,0.0002856235580705762,108.02695386005972,111.33420593804169,112.51905305443852,113.09389050622917,113.3469613308047,112.25521668967387,97.34475791884518,94.343269203606,93.14880092172707,95.3302704211149,102.36145856091126
120.0,120.0,120.0,120.0,120.0,120.0,120.0,120.0,120.0,120.0,1.3995011487324063,61.16660004663046,22.989182318539967,0.0002856235580705762,108.02695386005972,111.33420593804169,112.51905305443852,113.09389050622917,113.3469613308047,112.25521668967387,97.34475791884518,94.343269203606,93.14880092172707,95.3302704211149,102.36145856091126
120.0,120.0,120.0,120.0,120.0,120.0,120.0,120.0,120.0,120.0,1.3995011487324063,61.16660004663046,22.989182318539967,0.0002856235580705762,108.02695386005972,111.33420593804169,112.51905305443852,113.09389050622917,113.3469613308047,112.25521668967387,97.34475791884518,94.343269203606,93.14880092172707,95.3302704211149,102.36145856091126
120.0,120.0,120.0,120.0,120.0,120.0,120.0,120.0,120.0,120.0,1.3995011487324063,61.16660004663046,22.989182318539967,0.0002856235580705762,108.02695386005972,111.33420593804169,112.51905305443852,113.09389050622917,113.3469613308047,112.25521668967387,97.34475791884518,94.343269203606,93.14880092172707,95.3302704211149,102.36145856091126
120.0,120.0,120.0,120.0,120.0,120.0,120.0,120.0,120.0,120.0,1.3995011487324063,61.16660004663046,22.989182318539967,0.0002856235580705762,108.02695386005972,111.33420593804169,112.51905305443852,113.09389050622917,113.3469613308047,112.25521668967387,97.34475791884518,94.343269203606,93.14880092172707,95.3302704211149,102.36145856091126
120.0,120.0,120.0,120.0,120.0,120.0,120.0,120.0,120.0,120.0,1.3995011487324063,61.16660004663046,22.989182318539967,0.0002856235580705762,108.02695386005972,111.33420593804169,112.51905305443852,113.09389050622917,113.3469613308047,112.25521668967387,97.34475791884518,94.343269203606,93.14880092172707,95.3302704211149,102.36145856091126
120.0,120.0,120.0,120.0,120.0,120.0,120.0,120.0,120.0,120.0,1.3995011487324063,61.16660004663046,22.989182318539967,0.00028562355807057623,108.02695386005972,111.33420593804169,112.51905305443852,113.09389050622917,113.3469613308047,112.25521668967387,97.34475791884518,94.343269203606,93.14880092172707,95.3302704211149,102.36145856091126
120.0,120.0,120.0,120.0,120.0,120.0,120.0,120.0,120.0,120.0,1.3995011487324063,61.16660004663046,22.989182318539967,0.00028562355807057623,108.02695386005972,111.33420593804169,112.51905305443852,113.09389050622917,113.3469613308047,112.25521668967387,97.34475791884518,94.343269203606,93.14880092172707,95.3302704211149,102.36145856091126
120.0,120.0,120.0,120.0,120.0,120.0,120.0,120.0,120.0,120.0,1.3995011487324063,61.16660004663046,22.989182318539967,0.00028562355807057623,108.02695386005972,111.33420593804169,112.51905305443852,113.09389050622917,113.3469613308047,112.25521668967387,97.34475791884518,94.343269203606,93.14880092172707,95.3302704211149,102.36145856091126
120.0,120.0,120.0,120.0,120.0,120.0,120.0,120.0,120.0,120.0,1.3995011487324063,61.16660004663046,22.989182318539967,0.00028562355807057623,108.02695386005972,111.33420593804169,112.51905305443852,113.09389050622917,113.3469613308047,112.25521668967387,97.34475791884518,94.343269203606,93.14880092172707,95.3302704211149,102.36145856091126
120.0,120.0,120.0,120.0,120.0,120.0,120.0,120.0,120.0,120.0,1.3995011487324063,61.16660004663046,22.989182318539967,0.00028562355807057623,108.02695386005972,111.33420593804169,112.51905305443852,113.09389050622917,113.3469613308047,112.25521668967387,97.34475791884518,94.343269203606,93.14880092172707,95.3302704211149,102.36145856091126
120.0,120.0,120.0,120.0,120.0,120.0,120.0,120.0,120.0,120.0,1.3995011487324063,61.16660004663046,22.989182318539967,0.00028562355807057623,108.02695386005972,111.33420593804169,112.51905305443852,113.09389050622917,113.3469613308047,112.25521668967387,97.34475791884518,94.343269203606,93.14880092172707,95.3302704211149,102.36145856091126
120.0,120.0,120.0,120.0,120.0,120.0,120.0,120.0,120.0,120.0,1.3995011487324063,61.16660004663046,22.989182318539967,0.00028562355807057623,108.02695386005972,111.33420593804169,112.51905305443852,113.09389050622917,113.3469613308047,112.25521668967387,97.34475791884518,94.343269203606,93.14880092172707,95.3302704211149,102.36145856091126
120.0,120.0,120.0,120.0,120.0,120.0,120.0,120.0,120.0,120.0,1.3995011487324063,61.16660004663046,22.989182318539967,0.00028562355807057623,108.02695386005972,111.33420593804169,112.51905305443852,113.09389050622917,113.3469613308047,112.25521668967387,97.34475791884518,94.343269203606,93.14880092172707,95.3302704211149,102.36145856091126
120.0,120.0,120.0,120.0,120.0,120.0,120.0,120.0,120.0,120.0,1.3995011487324063,61.16660004663046,22.989182318539967,0.00028562355807057623,108.02695386005972,111.33420593804169,112.51905305443852,113.09389050622917,113.3469613308047,112.25521668967387,97.34475791884518,94.343269203606,93.14880092172707,95.3302704211149,102.36145856091126
120.0,120.0,120.0,120.0,120.0,120.0,120.0,120.0,120.0,120.0,0.0031594393568430586,10.335746373276399,0.00040593750092778443,113.34921350114683,114.61442513130251,107.54890472353911,107.48095130895416,113.70344636647624,113.21132223300931,91.13022021642378,89.53385293315446,86.70621188845904,88.67016575292212,93.9141514582776,102.50189648705746
120.0,120.0,120.0,120.0,120.0,120.0,120.0,120.0,120.0,120.0,0.0031594393568430586,10.335746373276399,0.0004059375009277845,113.34921350114683,114.61442513130251,107.54890472353911,107.48095130895416,113.70344636647624,113.21132223300931,91.13022021642378,89.53385293315446,86.70621188845904,88.67016575292212,93.9141514582776,102.50189648705746
120.0,120.0,120.0,120.0,120.0,120.0,120.0,120.0,120.0,120.0,0.003159439356843058,10.335746373276399,0.0004059375009277845,113.34921350114683,114.61442513130251,107.54890472353911,107.48095130895416,113.70344636647624,113.21132223300931,91.13022021642378,89.53385293315446,86.70621188845904,88.67016575292212,93.9141514582776,102.50189648705746
120.0,120.0,120.0,120.0,120.0,120.0,120.0,120.0,120.0,120.0,0.003159439356843058,10.335746373276399,0.00040593750092778454,113.34921350114683,114.61442513130251,107.54890472353911,107.48095130895416,113.70344636647624,113.21132223300931,91.13022021642378,89.53385293315446,86.70621188845904,88.67016575292212,93.9141514582776,102.50189648705746
120.0,120.0,120.0,120.0,120.0,120.0,120.0,120.0,120.0,120.0,0.0031594393568430577,10.335746373276399,0.0004059375009277846,113.34921350114683,114.61442513130251,107.54890472353911,107.48095130895416,113.70344636647624,113.21132223300931,91.13022021642378,89.53385293315446,86.70621188845904,88.67016575292212,93.9141514582776,102.50189648705746
120.0,120.0,120.0,120.0,120.0,120.0,120.0,120.0,120.0,120.0,0.0031594393568430577,10.335746373276399,0.0004059375009277846,113.34921350114683,114.61442513130251,107.54890472353911,107.48095130895416,113.70344636647624,113.21132223300931,91.13022021642378,89.53385293315446,86.70621188845904,88.67016575292212,93.9141514582776,102.50189648705746
120.0,120.0,120.0,120.0,120.0,120.0,120.0,120.0,120.0,120.0,0.0031594393568430577,10.335746373276399,0.00040593750092778464,113.34921350114683,114.61442513130251,107.54890472353911,107.48095130895416,113.70344636647624,113.21132223300931,91.13022021642378,89.53385293315446,86.70621188845904,88.67016575292212,93.9141514582776,102.50189648705746
120.0,120.0,120.0,120.0,120.0,120.0,120.0,120.0,120.0,120.0,0.003159439356843058,10.335746373276399,0.00040593750092778464,113.34921350114683,114.61442513130251,107.54890472353911,107.48095130895416,113.70344636647624,113.21132223300931,91.13022021642378,89.53385293315446,86.70621188845904,88.67016575292212,93.9141514582776,102.50189648705746
120.0,120.0,120.0,120.0,120.0,120.0,120.0,120.0,120.0,120.0,0.003159439356843058,10.335746373276399,0.0004059375009277847,113.34921350114683,114.61442513130251,107.54890472353911,107.48095130895416,113.70344636647624,113.21132223300931,91.13022021642378,89.53385293315446,86.70621188845904,88.67016575292212,93.9141514582776,102.50189648705746
120.0,120.0,120.0,120.0,120.0,120.0,120.0,120.0,120.0,120.0,0.003159439356843058,10.335746373276399,0.0004059375009277847,113.34921350114683,114.61442513130251,107.54890472353911,107.48095130895416,113.70344636647624,113.21132223300931,91.13022021642378,89.53385293315446,86.70621188845904,88.67016575292212,93.9141514582776,102.50189648705746
120.0,120.0,120.0,120.0,120.0,120.0,120.0,120.0,120.0,120.0,0.003159439356843058,10.335746373276399,0.0004059375009277847,113.34921350114683,114.61442513130251,107.54890472353911,107.48095130895416,113.70344636647624,113.21132223300931,91.13022021642378,89.53385293315446,86.70621188845904,88.67016575292212,93.9141514582776,102.50189648705746
120.0,120.0,120.0,120.0,120.0,120.0,120.0,120.0,120.0,120.0,0.003159439356843058,10.335746373276399,0.00040593750092778475,113.34921350114683,114.61442513130251,107.54890472353911,107.48095130895416,113.70344636647624,113.21132223300931,91.13022021642378,89.53385293315446,86.70621188845904,88.67016575292212,93.9141514582776,102.50189648705746
120.0,120.0,120.0,120.0,120.0,120.0,120.0,120.0,120.0,120.0,0.0031594393568430586,10.335746373276399,0.0004059375009277848,113.34921350114683,114.61442513130251,107.54890472353911,107.48095130895416,113.70344636647624,113.21132223300931,91.13022021642378,89.53385293315446,86.70621188845904,88.67016575292212,93.9141514582776,102.50189648705746
120.0,120.0,120.0,120.0,120.0,120.0,120.0,120.0,120.0,120.0,0.0031594393568430586,10.335746373276399,0.00040593750092778486,113.34921350114683,114.61442513130251,107.54890472353911,107.48095130895416,113.70344636647624,113.21132223300931,91.13022021642378,89.53385293315446,86.70621188845904,88.67016575292212,93.9141514582776,102.50189648705746
120.0,120.0,120.0,120.0,120.0,120.0,120.0,120.0,120.0,120.0,0.0031594393568430586,10.335746373276399,0.00040593750092778486,113.34921350114683,114.61442513130251,107.54890472353911,107.48095130895416,113.70344636647624,113.21132223300931,91.13022021642378,89.53385293315446,86.70621188845904,88.67016575292212,93.9141514582776,102.50189648705746
120.0,120.0,120.0,120.0,120.0,120.0,120.0,120.0,120.0,120.0,0.0031594393568430586,10.335746373276399,0.00040593750092778486,113.34921350114683,114.61442513130251,107.54890472353911,107.48095130895416,113.70344636647624,113.21132223300931,91.13022021642378,89.53385293315446,86.70621188845904,88.67016575292212,93.9141514582776,102.50189648705746
120.0,120.0,120.0,120.0,120.0,120.0,120.0,120.0,120.0,120.0,0.008445749844716114,16.311516742938597,0.004501622841188809,99.78044257273147,105.36372404722636,107.5161113260425,108.70864009621415,109.21849529575643,116.36047682089081,93.19510536664703,92.07151289924002,82.14744507147364,84.65609487744338,92.27607660900092,102.06953613551323
120.0,120.0,120.0,120.0,120.0,120.0,120.0,120.0,120.0,120.0,0.008445749844716114,16.311516742938597,0.004501622841188809,99.78044257273147,105.36372404722636,107.5161113260425,108.70864009621415,109.21849529575643,116.36047682089081,93.19510536664703,92.07151289924002,82.14744507147364,84.65609487744338,92.27607660900092,102.06953613551323
120.0,120.0,120.0,120.0,120.0,120.0,120.0,120.0,120.0,120.0,0.008445749844716114,16.311516742938597,0.004501622841188809,99.78044257273147,105.36372404722636,107.5161113260425,108.70864009621415,109.21849529575643,116.36047682089081,93.19510536664703,92.07151289924002,82.14744507147364,84.65609487744338,92.27607660900092,102.06953613551323
120.0,120.0,120.0,120.0,120.0,120.0,120.0,120.0,120.0,120.0,0.008445749844716114,16.311516742938597,0.004501622841188809,99.78044257273147,105.36372404722636,107.5161113260425,108.70864009621415,109.21849529575643,116.36047682089081,93.19510536664703,92.07151289924002,82.14744507147364,84.65609487744338,92.27607660900092,102.06953613551323
120.0,120.0,120.0,120.0,120.0,120.0,120.0,120.0,120.0,120.0,0.008445749844716114,16.311516742938597,0.004501622841188809,99.78044257273147,105.36372404722636,107.5161113260425,108.70864009621415,109.21849529575643,116.36047682089081,93.19510536664703,92.07151289924002,82.14744507147364,84.65609487744338,92.27607660900092,102.06953613551323
120.0,120.0,120.0,120.0,120.0,120.0,120.0,120.0,120.0,120.0,0.008445749844716114,16.311516742938597,0.004501622841188809,99.78044257273147,105.36372404722636,107.5161113260425,108.70864009621415,109.21849529575643,116.36047682089081,93.19510536664703,92.07151289924002,82.14744507147364,84.65609487744338,92.27607660900092,102.06953613551323
120.0,120.0,120.0,120.0,120.0,120.0,120.0,120.0,120.0,120.0,0.008445749844716114,16.311516742938597,0.004501622841188809,99.78044257273147,105.36372404722636,107.5161113260425,108.70864009621415,109.21849529575643,116.36047682089081,93.19510536664703,92.07151289924002,82.14744507147364,84.65609487744338,92.27607660900092,102.06953613551323
120.0,120.0,120.0,120.0,120.0,120.0,120.0,120.0,120.0,120.0,0.008445749844716114,16.311516742938597,0.004501622841188809,99.78044257273147,105.36372404722636,107.5161113260425,108.70864009621415,109.21849529575643,116.36047682089081,93.19510536664703,92.07151289924002,82.14744507147364,84.65609487744338,92.27607660900092,102.06953613551323
120.0,120.0,120.0,120.0,120.0,120.0,120.0,120.0,120.0,120.0,0.008445749844716114,16.311516742938597,0.004501622841188809,99.78044257273147,105.36372404722636,107.5161113260425,108.70864009621415,109.21849529575643,116.36047682089081,93.19510536664703,92.07151289924002,82.14744507147364,84.65609487744338,92.27607660900092,102.06953613551323
120.0,120.0,120.0,120.0,120.0,120.0,120.0,120.0,120.0,120.0,0.008445749844716114,16.311516742938597,0.004501622841188809,99.78044257273147,105.36372404722636,107.5161113260425,108.70864009621415,109.21849529575643,116.36047682089081,93.19510536664703,92.07151289924002,82.14744507147364,84.65609487744338,92.27607660900092,102.06953613551323
120.0,120.0,120.0,120.0,120.0,120.0,120.0,120.0,120.0,120.0,0.008445749844716114,16.311516742938597,0.004501622841188809,99.78044257273147,105.36372404722636,107.5161113260425,108.70864009621415,109.21849529575643,116.36047682089081,93.19510536664703,92.07151289924002,82.14744507147364,84.65609487744338,92.27607660900092,102.06953613551323
120.0,120.0,120.0,120.0,120.0,120.0,120.0,120.0,120.0,120.0,0.008445749844716114,16.311516742938597,0.004501622841188809,99.78044257273147,105.36372404722636,107.5161113260425,108.70864009621415,109.21849529575643,116.36047682089081,93.19510536664703,92.07151289924002,82.14744507147364,84.65609487744338,92.27607660900092,102.06953613551323
120.0,120.0,120.0,120.0,120.0,120.0,120.0,120.0,120.0,120.0,0.008445749844716114,16.311516742938597,0.004501622841188809,99.78044257273147,105.36372404722636,107.5161113260425,108.70864009621415,109.21849529575643,116.36047682089081,93.19510536664703,92.07151289924002,82.14744507147364,84.65609487744338,92.27607660900092,102.06953613551323
120.0,120.0,120.0,120.0,120.0,120.0,120.0,120.0,120.0,120.0,0.008445749844716114,16.311516742938597,0.004501622841188809,99.78044257273147,105.36372404722636,107.5161113260425,108.70864009621415,109.21849529575643,116.36047682089081,93.19510536664703,92.07151289924002,82.14744507147364,84.65609487744338,92.27607660900092,102.06953613551323
120.0,120.0,120.0,120.0,120.0,120.0,120.0,120.0,120.0,120.0,0.008445749844716114,16.311516742938597,0.004501622841188809,99.78044257273147,105.36372404722636,107.5161113260425,108.70864009621415,109.21849529575643,116.36047682089081,93.19510536664703,92.07151289924002,82.14744507147364,84.65609487744338,92.27607660900092,102.06953613551323
120.0,120.0,120.0,120.0,120.0,120.0,120.0,120.0,120.0,120.0,0.008445749844716114,16.311516742938597,0.004501622841188809,99.78044257273147,105.36372404722636,107.5161113260425,108.70864009621415,109.21849529575643,116.36047682089081,93.19510536664703,92.07151289924002,82.14744507147364,84.65609487744338,92.27607660900092,102.06953613551323
120.0,120.0,120.0,120.0,120.0,120.0,120.0,120.0,120.0,120.0,0.0007696792867686465,0.0005365636926646755,108.8594917647165,112.03520061085517,113.32863885785638,114.03196316598253,114.48342704205447,114.81781685983877,115.01745277731814,97.61724787326449,69.23281615927851,95.47365863363876,91.39687187340613,93.37325358332774,101.56881971137213
120.0,120.0,120.0,120.0,120.0,120.0,120.0,120.0,120.0,120.0,0.0007696792867686465,0.0005365636926646755,108.8594917647165,112.03520061085517,113.32863885785638,114.03196316598253,114.48342704205447,114.81781685983877,115.01745277731814,97.61724787326449,69.23281615927851,95.47365863363876,91.39687187340613,93.37325358332774,101.56881971137213
120.0,120.0,120.0,120.0,120.0,120.0,120.0,120.0,120.0,120.0,0.0007696792867686465,0.0005365636926646755,108.8594917647165,112.03520061085517,113.32863885785638,114.03196316598253,114.48342704205447,114.81781685983877,115.01745277731814,97.61724787326449,69.23281615927851,95.47365863363876,91.39687187340613,93.37325358332774,101.56881971137213
120.0,120.0,120.0,120.0,120.0,120.0,120.0,120.0,120.0,120.0,0.0007696792867686465,0.0005365636926646755,108.8594917647165,112.03520061085517,113.32863885785638,114.03196316598253,114.48342704205447,114.81781685983877,115.01745277731814,97.61724787326449,69.23281615927851,95.47365863363876,91.39687187340613,93.37325358332774,101.56881971137213
120.0,120.0,120.0,120.0,120.0,120.0,120.0,120.0,120.0,120.0,0.0007696792867686465,0.0005365636926646755,108.8594917647165,112.03520061085517,113.32863885785638,114.03196316598253,114.48342704205447,114.81781685983877,115.01745277731814,97.61724787326449,69.23281615927851,95.47365863363876,91.39687187340613,93.37325358332774,101.56881971137213
120.0,120.0,120.0,120.0,120.0,120.0,120.0,120.0,120.0,120.0,0.0007696792867686465,0.0005365636926646755,108.8594917647165,112.03520061085517,113.32863885785638,114.03196316598253,114.48342704205447,114.81781685983877,115.01745277731814,97.61724787326449,69.23281615927851,95.47365863363876,91.39687187340613,93.37325358332774,101.56881971137213
120.0,120.0,120.0,120.0,120.0,120.0,120.0,120.0,120.0,120.0,0.0007696792867686465,0.0005365636926646755,108.8594917647165,112.03520061085517,113.32863885785638,114.03196316598253,114.48342704205447,114.81781685983877,115.01745277731814,97.61724787326449,69.23281615927851,95.47365863363876,91.39687187340613,93.37325358332774,101.56881971137213
120.0,120.0,120.0,120.0,120.0,120.0,120.0,120.0,120.0,120.0,0.0007696792867686465,0.0005365636926646755,108.8594917647165,112.03520061085517,113.32863885785638,114.03196316598253,114.48342704205447,114.81781685983877,115.01745277731814,97.61724787326449,69.23281615927851,95.47365863363876,91.39687187340613,93.37325358332774,101.56881971137213
120.0,120.0,120.0,120.0,120.0,120.0,120.0,120.0,120.0,120.0,0.0007696792867686465,0.0005365636926646754,108.8594917647165,112.03520061085517,113.32863885785638,114.03196316598253,114.48342704205447,114.81781685983877,115.01745277731814,97.61724787326449,69.23281615927851,95.47365863363876,91.39687187340613,93.37325358332774,101.56881971137213
120.0,120.0,120.0,120.0,120.0,120.0,120.0,120.0,120.0,120.0,0.0007696792867686465,0.0005365636926646754,108.8594917647165,112.03520061085517,113.32863885785638,114.03196316598253,114.48342704205447,114.81781685983877,115.01745277731814,97.61724787326449,69.23281615927851,95.47365863363876,91.39687187340613,93.37325358332774,101.56881971137213
120.0,120.0,120.0,120.0,120.0,120.0,120.0,120.0,120.0,120.0,0.0007696792867686465,0.0005365636926646754,108.8594917647165,112.03520061085517,113.32863885785638,114.03196316598253,114.48342704205447,114.81781685983877,115.01745277731814,97.61724787326449,69.23281615927851,95.47365863363876,91.39687187340613,93.37325358332774,101.56881971137213
120.0,120.0,120.0,120.0,120.0,120.0,120.0,120.0,120.0,120.0,0.0007696792867686466,0.0005365636926646754,108.8594917647165,112.03520061085517,113.32863885785638,114.03196316598253,114.48342704205447,114.81781685983877,115.01745277731814,97.61724787326449,69.23281615927851,95.47365863363876,91.39687187340613,93.37325358332774,101.56881971137213
120.0,120.0,120.0,120.0,120.0,120.0,120.0,120.0,120.0,120.0,0.0007696792867686466,0.0005365636926646754,108.8594917647165,112.03520061085517,113.32863885785638,114.03196316598253,114.48342704205447,114.81781685983877,115.01745277731814,97.61724787326449,69.23281615927851,95.47365863363876,91.39687187340613,93.37325358332774,101.56881971137213
120.0,120.0,120.0,120.0,120.0,120.0,120.0,120.0,120.0,120.0,0.0007696792867686466,0.0005365636926646754,108.8594917647165,112.03520061085517,113.32863885785638,114.03196316598253,114.48342704205447,114.81781685983877,115.01745277731814,97.61724787326449,69.23281615927851,95.47365863363876,91.39687187340613,93.37325358332774,101.56881971137213
120.0,120.0,120.0,120.0,120.0,120.0,120.0,120.0,120.0,120.0,0.0007696792867686466,0.0005365636926646754,108.8594917647165,112.03520061085517,113.32863885785638,114.03196316598253,114.48342704205447,114.81781685983877,115.01745277731814,97.61724787326449,69.23281615927851,95.47365863363876,91.39687187340613,93.37325358332774,101.56881971137213
120.0,120.0,120.0,120.0,120.0,120.0,120.0,120.0,120.0,120.0,0.0007696792867686466,0.0005365636926646754,108.8594917647165,112.03520061085517,113.32863885785638,114.03196316598253,114.48342704205447,114.81781685983877,115.01745277731814,97.61724787326449,69.23281615927851,95.47365863363876,91.39687187340613,93.37325358332774,101.56881971137213
120.0,120.0,120.0,120.0,120.0,120.0,120.0,120.0,120.0,120.0,3.21413467373533,8.081440436086087,117.76893906720939,101.14555528001462,102.60733379395676,103.71339696023219,104.06910553720267,104.63953023313864,118.01444896158739,99.25309702284416,105.87249536557223,101.17743591442236,99.88351471052673,103.04239704249714,111.18364344061857
120.0,120.0,120.0,120.0,120.0,120.0,120.0,120.0,120.0,120.0,3.21413467373533,8.081440436086087,117.76893906720939,101.14555528001462,102.60733379395676,103.71339696023219,104.06910553720267,104.63953023313864,118.01444896158739,99.25309702284416,105.87249536557223,101.17743591442236,99.88351471052673,103.04239704249714,111.18364344061857
120.0,120.0,120.0,120.0,120.0,120.0,120.0,120.0,120.0,120.0,3.21413467373533,8.081440436086087,117.76893906720939,101.14555528001462,102.60733379395676,103.71339696023219,104.06910553720267,104.63953023313864,118.01444896158739,99.25309702284416,105.87249536557223,101.17743591442236,99.88351471052673,103.04239704249714,111.18364344061857
120.0,120.0,120.0,120.0,120.0,120.0,120.0,120.0,120.0,120.0,3.21413467373533,8.081440436086087,117.76893906720939,101.14555528001462,102.60733379395676,103.71339696023219,104.06910553720267,104.63953023313864,118.01444896158739,99.25309702284416,105.87249536557223,101.17743591442236,99.88351471052673,103.04239704249714,111.18364344061857
120.0,120.0,120.0,120.0,120.0,120.0,120.0,120.0,120.0,120.0,3.21413467373533,8.081440436086087,117.76893906720939,101.14555528001462,102.60733379395676,103.71339696023219,104.06910553720267,104.63953023313864,118.01444896158739,99.25309702284416,105.87249536557223,101.17743591442236,99.88351471052673,103.04239704249714,111.18364344061857
120.0,120.0,120.0,120.0,120.0,120.0,120.0,120.0,120.0,120.0,3.21413467373533,8.081440436086087,117.76893906720939,101.14555528001462,102.60733379395676,103.71339696023219,104.06910553720267,104.63953023313864,118.01444896158739,99.25309702284416,105.87249536557223,101.17743591442236,99.88351471052673,103.04239704249714,111.18364344061857
120.0,120.0,120.0,120.0,120.0,120.0,120.0,120.0,120.0,120.0,3.21413467373533,8.081440436086087,117.76893906720939,101.14555528001462,102.60733379395676,103.71339696023219,104.06910553720267,104.63953023313864,118.01444896158739,99.25309702284416,105.87249536557223,101.17743591442236,99.88351471052673,103.04239704249714,111.18364344061857
120.0,120.0,120.0,120.0,120.0,120.0,120.0,120.0,120.0,120.0,3.21413467373533,8.081440436086087,117.76893906720939,101.14555528001462,102.60733379395676,103.71339696023219,104.06910553720267,104.63953023313864,118.01444896158739,99.25309702284416,105.87249536557223,101.17743591442236,99.88351471052673,103.04239704249714,111.18364344061857
120.0,120.0,120.0,120.0,120.0,120.0,120.0,120.0,120.0,120.0,3.21413467373533,8.081440436086087,117.76893906720939,101.14555528001462,102.60733379395676,103.71339696023219,104.06910553720267,104.63953023313864,118.01444896158739,99.25309702284416,105.87249536557223,101.17743591442236,99.88351471052673,103.04239704249714,111.18364344061857
120.0,120.0,120.0,120.0,120.0,120.0,120.0,120.0,120.0,120.0,3.21413467373533,8.081440436086087,117.76893906720939,101.14555528001462,102.60733379395676,103.71339696023219,104.06910553720267,104.63953023313864,118.01444896158739,99.25309702284416,105.87249536557223,101.17743591442236,99.88351471052673,103.04239704249714,111.18364344061857
120.0,120.0,120.0,120.0,120.0,120.0,120.0,120.0,120.0,120.0,3.21413467373533,8.081440436086087,117.76893906720939,101.14555528001462,102.60733379395676,103.71339696023219,104.06910553720267,104.63953023313864,118.01444896158739,99.25309702284416,105.87249536557223,101.17743591442236,99.88351471052673,103.04239704249714,111.18364344061857
120.0,120.0,120.0,120.0,120.0,120.0,120.0,120.0,120.0,120.0,3.21413467373533,8.081440436086087,117.76893906720939,101.14555528001462,102.60733379395676,103.71339696023219,104.06910553720267,104.63953023313864,118.01444896158739,99.25309702284416,105.87249536557223,101.17743591442236,99.88351471052673,103.04239704249714,111.18364344061857
120.0,120.0,120.0,120.0,120.0,120.0,120.0,120.0,120.0,120.0,3.21413467373533,8.081440436086087,117.76893906720939,101.14555528001462,102.60733379395676,103.71339696023219,104.06910553720267,104.63953023313864,118.01444896158739,99.25309702284416,105.87249536557223,101.17743591442236,99.88351471052673,103.04239704249714,111.18364344061857
120.0,120.0,120.0,120.0,120.0,120.0,120.0,120.0,120.0,120.0,3.21413467373533,8.081440436086087,117.76893906720939,101.14555528001462,102.60733379395676,103.71339696023219,104.06910553720267,104.63953023313864,118.01444896158739,99.25309702284416,105.87249536557223,101.17743591442236,99.88351471052673,103.04239704249714,111.18364344061857
120.0,120.0,120.0,120.0,120.0,120.0,120.0,120.0,120.0,120.0,3.21413467373533,8.081440436086087,117.76893906720939,101.14555528001462,102.60733379395676,103.71339696023219,104.06910553720267,104.63953023313864,118.01444896158739,99.25309702284416,105.87249536557223,101.17743591442236,99.88351471052673,103.04239704249714,111.18364344061857
120.0,120.0,120.0,120.0,120.0,120.0,120.0,120.0,120.0,120.0,3.21413467373533,8.081440436086087,117.76893906720939,101.14555528001462,102.60733379395676,103.71339696023219,104.06910553720267,104.63953023313864,118.01444896158739,99.25309702284416,105.87249536557223,101.17743591442236,99.88351471052673,103.04239704249714,111.18364344061857
120.0,120.0,120.0,120.0,120.0,120.0,120.0,120.0,120.0,120.0,19.136705978437114,11.682684442118925,110.48917798473616,101.07135404059093,113.73899883250107,114.16613297234865,114.40057879909489,114.53369370567724,114.52787697186375,99.99754374952174,64.4867267781352,94.07321279920257,91.72094971617283,94.12164654609963,101.86095014024308
120.0,120.0,120.0,120.0,120.0,120.0,120.0,120.0,120.0,120.0,19.136705978437114,11.682684442118925,110.48917798473616,101.07135404059093,113.73899883250107,114.16613297234865,114.40057879909489,114.53369370567724,114.52787697186375,99.99754374952174,64.4867267781352,94.07321279920257,91.72094971617283,94.12164654609963,101.86095014024308
120.0,120.0,120.0,120.0,120.0,120.0,120.0,120.0,120.0,120.0,19.136705978437114,11.682684442118925,110.48917798473616,101.07135404059093,113.73899883250107,114.16613297234865,114.40057879909489,114.53369370567724,114.52787697186375,99.99754374952174,64.4867267781352,94.07321279920257,91.72094971617283,94.12164654609963,101.86095014024308
120.0,120.0,120.0,120.0,120.0,120.0,120.0,120.0,120.0,120.0,19.136705978437114,11.682684442118925,110.48917798473616,101.07135404059093,113.73899883250107,114.16613297234865,114.40057879909489,114.53369370567724,114.52787697186375,99.99754374952174,64.4867267781352,94.07321279920257,91.72094971617283,94.12164654609963,101.86095014024308
120.0,120.0,120.0,120.0,120.0,120.0,120.0,120.0,120.0,120.0,19.136705978437114,11.682684442118925,110.48917798473616,101.07135404059093,113.73899883250107,114.16613297234865,114.40057879909489,114.53369370567724,114.52787697186375,99.99754374952174,64.4867267781352,94.07321279920257,91.72094971617283,94.12164654609963,101.86095014024308
120.0,120.0,120.0,120.0,120.0,120.0,120.0,120.0,120.0,120.0,19.136705978437114,11.682684442118925,110.48917798473616,101.07135404059093,113.73899883250107,114.16613297234865,114.40057879909489,114.53369370567724,114.52787697186375,99.99754374952174,64.4867267781352,94.07321279920257,91.72094971617283,94.12164654609963,101.86095014024308
120.0,120.0,120.0,120.0,120.0,120.0,120.0,120.0,120.0,120.0,19.136705978437114,11.682684442118925,110.48917798473616,101.07135404059093,113.73899883250107,114.16613297234865,114.40057879909489,114.53369370567724,114.52787697186375,99.99754374952174,64.4867267781352,94.07321279920257,91.72094971617283,94.12164654609963,101.86095014024308
120.0,120.0,120.0,120.0,120.0,120.0,120.0,120.0,120.0,120.0,19.136705978437114,11.682684442118925,110.48917798473616,101.07135404059093,113.73899883250107,114.16613297234865,114.40057879909489,114.53369370567724,114.52787697186375,99.99754374952174,64.4867267781352,94.07321279920257,91.72094971617283,94.12164654609963,101.86095014024308
120.0,120.0,120.0,120.0,120.0,120.0,120.0,120.0,120.0,120.0,19.13670597843736,11.682684442118834,110.48917798473616,101.07135404059093,113.73899883250107,114.16613297234865,114.40057879909489,114.53369370567724,114.52787697186375,99.99754374952174,64.4867267781352,94.07321279920257,91.72094971617283,94.12164654609963,101.86095014024308
120.0,120.0,120.0,120.0,120.0,120.0,120.0,120.0,120.0,120.0,19.13670597843736,11.682684442118834,110.48917798473616,101.07135404059093,113.73899883250107,114.16613297234865,114.40057879909489,114.53369370567724,114.52787697186375,99.99754374952174,64.4867267781352,94.07321279920257,91.72094971617283,94.12164654609963,101.86095014024308
120.0,120.0,120.0,120.0,120.0,120.0,120.0,120.0,120.0,120.0,19.13670597843736,11.682684442118834,110.48917798473616,101.07135404059093,113.73899883250107,114.16613297234865,114.40057879909489,114.53369370567724,114.52787697186375,99.99754374952174,64.4867267781352,94.07321279920257,91.72094971617283,94.12164654609963,101.86095014024308
120.0,120.0,120.0,120.0,120.0,120.0,120.0,120.0,120.0,120.0,19.13670597843736,11.682684442118834,110.48917798473616,101.07135404059093,113.73899883250107,114.16613297234865,114.40057879909489,114.53369370567724,114.52787697186375,99.99754374952174,64.4867267781352,94.07321279920257,91.72094971617283,94.12164654609963,101.86095014024308
120.0,120.0,120.0,120.0,120.0,120.0,120.0,120.0,120.0,120.0,19.13670597843736,11.682684442118834,110.48917798473616,101.07135404059093,113.73899883250107,114.16613297234865,114.40057879909489,114.53369370567724,114.52787697186375,99.99754374952174,64.4867267781352,94.07321279920257,91.72094971617283,94.12164654609963,101.86095014024308
120.0,120.0,120.0,120.0,120.0,120.0,120.0,120.0,120.0,120.0,19.13670597843736,11.682684442118834,110.48917798473616,101.07135404059093,113.73899883250107,114.16613297234865,114.40057879909489,114.53369370567724,114.52787697186375,99.99754374952174,64.4867267781352,94.07321279920257,91.72094971617283,94.12164654609963,101.86095014024308
120.0,120.0,120.0,120.0,120.0,120.0,120.0,120.0,120.0,120.0,19.13670597843736,11.682684442118834,110.48917798473616,101.07135404059093,113.73899883250107,114.16613297234865,114.40057879909489,114.53369370567724,114.52787697186375,99.99754374952174,64.4867267781352,94.07321279920257,91.72094971617283,94.12164654609963,101.86095014024308
120.0,120.0,120.0,120.0,120.0,120.0,120.0,120.0,120.0,120.0,19.13670597843736,11.682684442118834,110.48917798473616,101.07135404059093,113.73899883250107,114.16613297234865,114.40057879909489,114.53369370567724,114.52787697186375,99.99754374952174,64.4867267781352,94.07321279920257,91.72094971617283,94.12164654609963,101.86095014024308
120.0,120.0,120.0,120.0,120.0,120.0,120.0,120.0,120.0,120.0,20.301865123488522,109.93731876814125,11.919760124269999,100.03698302429876,103.60180846565564,104.42601694589752,106.13743257865336,109.60110754224645,103.53047809316718,99.72294480851153,74.50646716112853,95.57401614443417,92.51926068358672,56.35035570075441,101.99051058984836
120.0,120.0,120.0,120.0,120.0,120.0,120.0,120.0,120.0,120.0,20.301865123488522,109.93731876814125,11.919760124269999,100.03698302429876,103.60180846565564,104.42601694589752,106.13743257865336,109.60110754224645,103.53047809316718,99.72294480851153,74.50646716112853,95.57401614443417,92.51926068358672,56.35035570075441,101.99051058984836
120.0,120.0,120.0,120.0,120.0,120.0,120.0,120.0,120.0,120.0,20.301865123488522,109.93731876814125,11.919760124269999,100.03698302429876,103.60180846565564,104.42601694589752,106.13743257865336,109.60110754224645,103.53047809316718,99.72294480851153,74.50646716112853,95.57401614443417,92.51926068358672,56.35035570075441,101.99051058984836
120.0,120.0,120.0,120.0,120.0,120.0,120.0,120.0,120.0,120.0,20.301865123488522,109.93731876814125,11.919760124269999,100.03698302429876,103.60180846565564,104.42601694589752,106.13743257865336,109.60110754224645,103.53047809316718,99.72294480851153,74.50646716112853,95.57401614443417,92.51926068358672,56.35035570075441,101.99051058984836
120.0,120.0,120.0,120.0,120.0,120.0,120.0,120.0,120.0,120.0,20.301865123488522,109.93731876814125,11.919760124269999,100.03698302429876,103.60180846565564,104.42601694589752,106.13743257865336,109.60110754224645,103.53047809316718,99.72294480851153,74.50646716112853,95.57401614443417,92.51926068358672,56.35035570075441,101.99051058984836
120.0,120.0,120.0,120.0,120.0,120.0,120.0,120.0,120.0,120.0,20.301865123488522,109.93731876814125,11.919760124269999,100.03698302429876,103.60180846565564,104.42601694589752,106.13743257865336,109.60110754224645,103.53047809316718,99.72294480851153,74.50646716112853,95.57401614443417,92.51926068358672,56.35035570075441,101.99051058984836
120.0,120.0,120.0,120.0,120.0,120.0,120.0,120.0,120.0,120.0,20.301865123488522,109.93731876814125,11.919760124269999,100.03698302429876,103.60180846565564,104.42601694589752,106.13743257865336,109.60110754224645,103.53047809316718,99.72294480851153,74.50646716112853,95.57401614443417,92.51926068358672,56.35035570075441,101.99051058984836
120.0,120.0,120.0,120.0,120.0,120.0,120.0,120.0,120.0,120.0,20.301865123488522,109.93731876814125,11.919760124269999,100.03698302429876,103.60180846565564,104.42601694589752,106.13743257865336,109.60110754224645,103.53047809316718,99.72294480851153,74.50646716112853,95.57401614443417,92.51926068358672,56.35035570075441,101.99051058984836
120.0,120.0,120.0,120.0,120.0,120.0,120.0,120.0,120.0,120.0,20.301865123488522,109.93731876814125,11.919760124269999,100.03698302429876,103.60180846565564,104.42601694589752,106.13743257865336,109.60110754224645,103.53047809316718,99.72294480851153,74.50646716112853,95.57401614443417,92.51926068358672,56.35035570075441,101.99051058984836
120.0,120.0,120.0,120.0,120.0,120.0,120.0,120.0,120.0,120.0,20.301865123488522,109.93731876814125,11.919760124269999,100.03698302429876,103.60180846565564,104.42601694589752,106.13743257865336,109.60110754224645,103.53047809316718,99.72294480851153,74.50646716112853,95.57401614443417,92.51926068358672,56.35035570075441,101.99051058984836
120.0,120.0,120.0,120.0,120.0,120.0,120.0,120.0,120.0,120.0,20.301865123488522,109.93731876814125,11.919760124269999,100.03698302429876,103.60180846565564,104.42601694589752,106.13743257865336,109.60110754224645,103.53047809316718,99.72294480851153,74.50646716112853,95.57401614443417,92.51926068358672,56.35035570075441,101.99051058984836
120.0,120.0,120.0,120.0,120.0,120.0,120.0,120.0,120.0,120.0,20.301865123488522,109.93731876814125,11.919760124269999,100.03698302429876,103.60180846565564,104.42601694589752,106.13743257865336,109.60110754224645,103.53047809316718,99.72294480851153,74.50646716112853,95.57401614443417,92.51926068358672,56.35035570075441,101.99051058984836
120.0,120.0,120.0,120.0,120.0,120.0,120.0,120.0,120.0,120.0,20.301865123488522,109.93731876814125,11.919760124269999,100.03698302429876,103.60180846565564,104.42601694589752,106.13743257865336,109.60110754224645,103.53047809316718,99.72294480851153,74.50646716112853,95.57401614443417,92.51926068358672,56.35035570075441,101.99051058984836
120.0,120.0,120.0,120.0,120.0,120.0,120.0,120.0,120.0,120.0,20.301865123488522,109.93731876814125,11.919760124269999,100.03698302429876,103.60180846565564,104.42601694589752,106.13743257865336,109.60110754224645,103.53047809316718,99.72294480851153,74.50646716112853,95.57401614443417,92.51926068358672,56.35035570075441,101.99051058984836
120.0,120.0,120.0,120.0,120.0,120.0,120.0,120.0,120.0,120.0,20.301865123488522,109.93731876814125,11.919760124269999,100.03698302429876,103.60180846565564,104.42601694589752,106.13743257865336,109.60110754224645,103.53047809316718,99.72294480851153,74.50646716112853,95.57401614443417,92.51926068358672,56.35035570075441,101.99051058984836
120.0,120.0,120.0,120.0,120.0,120.0,120.0,120.0,120.0,120.0,20.301865123488522,109.93731876814125,11.919760124269999,100.03698302429876,103.60180846565564,104.42601694589752,106.13743257865336,109.60110754224645,103.53047809316718,99.72294480851153,74.50646716112853,95.57401614443417,92.51926068358672,56.35035570075441,101.99051058984836
120.0,120.0,120.0,120.0,120.0,120.0,120.0,120.0,120.0,120.0,0.002168833394629918,98.48653796027935,103.85971375308183,106.18142112319471,106.53882663647944,106.00120068425063,114.34331510139566,114.18980308219162,114.0345914216684,97.0992334154327,99.87962678553784,97.76462206252728,96.19774808641387,61.269641883186345,102.97511061252412
120.0,120.0,120.0,120.0,120.0,120.0,120.0,120.0,120.0,120.0,0.002168833394629918,98.48653796027935,103.85971375308183,106.18142112319471,106.53882663647944,106.00120068425063,114.34331510139566,114.18980308219162,114.0345914216684,97.0992334154327,99.87962678553784,97.76462206252728,96.19774808641387,61.269641883186345,102.97511061252412
120.0,120.0,120.0,120.0,120.0,120.0,120.0,120.0,120.0,120.0,0.0021688333946299175,98.48653796027935,103.85971375308183,106.18142112319471,106.53882663647944,106.00120068425063,114.34331510139566,114.18980308219162,114.0345914216684,97.0992334154327,99.87962678553784,97.76462206252728,96.19774808641387,61.269641883186345,102.97511061252412
120.0,120.0,120.0,120.0,120.0,120.0,120.0,120.0,120.0,120.0,0.0021688333946299175,98.48653796027935,103.85971375308183,106.18142112319471,106.53882663647944,106.00120068425063,114.34331510139566,114.18980308219162,114.0345914216684,97.0992334154327,99.87962678553784,97.76462206252728,96.19774808641387,61.269641883186345,102.97511061252412
120.0,120.0,120.0,120.0,120.0,120.0,120.0,120.0,120.0,120.0,0.0021688333946299175,98.48653796027935,103.85971375308183,106.18142112319471,106.53882663647944,106.00120068425063,114.34331510139566,114.18980308219162,114.0345914216684,97.0992334154327,99.87962678553784,97.76462206252728,96.19774808641387,61.269641883186345,102.97511061252412
120.0,120.0,120.0,120.0,120.0,120.0,120.0,120.0,120.0,120.0,0.002168833394629918,98.48653796027935,103.85971375308183,106.18142112319471,106.53882663647944,106.00120068425063,114.34331510139566,114.18980308219162,114.0345914216684,97.0992334154327,99.87962678553784,97.76462206252728,96.19774808641387,61.269641883186345,102.97511061252412
120.0,120.0,120.0,120.0,120.0,120.0,120.0,120.0,120.0,120.0,0.002168833394629918,98.48653796027935,103.85971375308183,106.18142112319471,106.53882663647944,106.00120068425063,114.34331510139566,114.18980308219162,114.0345914216684,97.0992334154327,99.87962678553784,97.76462206252728,96.19774808641387,61.269641883186345,102.97511061252412
120.0,120.0,120.0,120.0,120.0,120.0,120.0,120.0,120.0,120.0,0.0021688333946299184,98.48653796027935,103.85971375308183,106.18142112319471,106.53882663647944,106.00120068425063,114.34331510139566,114.18980308219162,114.0345914216684,97.0992334154327,99.87962678553784,97.76462206252728,96.19774808641387,61.269641883186345,102.97511061252412
120.0,120.0,120.0,120.0,120.0,120.0,120.0,120.0,120.0,120.0,0.002168833394629919,98.48653796027935,103.85971375308183,106.18142112319471,106.53882663647944,106.00120068425063,114.34331510139566,114.18980308219162,114.0345914216684,97.0992334154327,99.87962678553784,97.76462206252728,96.19774808641387,61.269641883186345,102.97511061252412
120.0,120.0,120.0,120.0,120.0,120.0,120.0,120.0,120.0,120.0,0.0021688333946299192,98.48653796027935,103.85971375308183,106.18142112319471,106.53882663647944,106.00120068425063,114.34331510139566,114.18980308219162,114.0345914216684,97.0992334154327,99.87962678553784,97.76462206252728,96.19774808641387,61.269641883186345,102.97511061252412
120.0,120.0,120.0,120.0,120.0,120.0,120.0,120.0,120.0,120.0,0.0021688333946299197,98.48653796027935,103.85971375308183,106.18142112319471,106.53882663647944,106.00120068425063,114.34331510139566,114.18980308219162,114.0345914216684,97.0992334154327,99.87962678553784,97.76462206252728,96.19774808641387,61.269641883186345,102.97511061252412
120.0,120.0,120.0,120.0,120.0,120.0,120.0,120.0,120.0,120.0,0.00216883339462992,98.48653796027935,103.85971375308183,106.18142112319471,106.53882663647944,106.00120068425063,114.34331510139566,114.18980308219162,114.0345914216684,97.0992334154327,99.87962678553784,97.76462206252728,96.19774808641387,61.269641883186345,102.97511061252412
120.0,120.0,120.0,120.0,120.0,120.0,120.0,120.0,120.0,120.0,0.0021688333946299205,98.48653796027935,103.85971375308183,106.18142112319471,106.53882663647944,106.00120068425063,114.34331510139566,114.18980308219162,114.0345914216684,97.0992334154327,99.87962678553784,97.76462206252728,96.19774808641387,61.269641883186345,102.97511061252412
120.0,120.0,120.0,120.0,120.0,120.0,120.0,120.0,120.0,120.0,0.002168833394629921,98.48653796027935,103.85971375308183,106.18142112319471,106.53882663647944,106.00120068425063,114.34331510139566,114.18980308219162,114.0345914216684,97.0992334154327,99.87962678553784,97.76462206252728,96.19774808641387,61.269641883186345,102.97511061252412
120.0,120.0,120.0,120.0,120.0,120.0,120.0,120.0,120.0,120.0,0.0021688333946299214,98.48653796027935,103.85971375308183,106.18142112319471,106.53882663647944,106.00120068425063,114.34331510139566,114.18980308219162,114.0345914216684,97.0992334154327,99.87962678553784,97.76462206252728,96.19774808641387,61.269641883186345,102.97511061252412
120.0,120.0,120.0,120.0,120.0,120.0,120.0,120.0,120.0,120.0,0.0021688333946299214,98.48653796027935,103.85971375308183,106.18142112319471,106.53882663647944,106.00120068425063,114.34331510139566,114.18980308219162,114.0345914216684,97.0992334154327,99.87962678553784,97.76462206252728,96.19774808641387,61.269641883186345,102.97511061252412
120.0,120.0,120.0,120.0,120.0,120.0,120.0,120.0,120.0,120.0,115.37821050203019,115.11315140394852,108.36770084396743,108.17075540206794,114.90368815765773,114.96825305094887,115.0859022806673,107.30403602081189,107.23068269192001,97.96525912560266,100.92299327844559,96.46741378971838,94.07410545813089,95.82548651324392,102.669225659672
120.0,120.0,120.0,120.0,120.0,120.0,120.0,120.0,120.0,120.0,115.37821050203019,115.11315140394852,108.36770084396743,108.17075540206794,114.90368815765773,114.96825305094887,115.0859022806673,107.30403602081189,107.23068269192001,97.96525912560266,100.92299327844559,96.46741378971838,94.07410545813089,95.82548651324392,102.669225659672
120.0,120.0,120.0,120.0,120.0,120.0,120.0,120.0,120.0,120.0,115.37821050203019,115.11315140394852,108.36770084396743,108.17075540206794,114.90368815765773,114.96825305094887,115.0859022806673,107.30403602081189,107.23068269192001,97.96525912560266,100.92299327844559,96.46741378971838,94.07410545813089,95.82548651324392,102.669225659672
120.0,120.0,120.0,120.0,120.0,120.0,120.0,120.0,120.0,120.0,115.37821050203019,115.11315140394852,108.36770084396743,108.17075540206794,114.90368815765773,114.96825305094887,115.0859022806673,107.30403602081189,107.23068269192001,97.96525912560266,100.92299327844559,96.46741378971838,94.07410545813089,95.82548651324392,102.669225659672
120.0,120.0,120.0,120.0,120.0,120.0,120.0,120.0,120.0,120.0,115.37821050203019,115.11315140394852,108.36770084396743,108.17075540206794,114.90368815765773,114.96825305094887,115.0859022806673,107.30403602081189,107.23068269192001,97.96525912560266,100.92299327844559,96.46741378971838,94.07410545813089,95.82548651324392,102.669225659672
120.0,120.0,120.0,120.0,120.0,120.0,120.0,120.0,120.0,120.0,115.37821050203019,115.11315140394852,108.36770084396743,108.17075540206794,114.90368815765773,114.96825305094887,115.0859022806673,107.30403602081189,107.23068269192001,97.96525912560266,100.92299327844559,96.46741378971838,94.07410545813089,95.82548651324392,102.669225659672
120.0,120.0,120.0,120.0,120.0,120.0,120.0,120.0,120.0,120.0,115.37821050203019,115.11315140394852,108.36770084396743,108.17075540206794,114.90368815765773,114.96825305094887,115.0859022806673,107.30403602081189,107.23068269192001,97.96525912560266,100.92299327844559,96.46741378971838,94.07410545813089,95.82548651324392,102.669225659672
120.0,120.0,120.0,120.0,120.0,120.0,120.0,120.0,120.0,120.0,115.37821050203019,115.11315140394852,108.36770084396743,108.17075540206794,114.90368815765773,114.96825305094887,115.0859022806673,107.30403602081189,107.23068269192001,97.96525912560266,100.92299327844559,96.46741378971838,94.07410545813089,95.82548651324392,102.669225659672
120.0,120.0,120.0,120.0,120.0,120.0,120.0,120.0,120.0,120.0,115.37821050203019,115.11315140394852,108.36770084396743,108.17075540206794,114.90368815765773,114.96825305094887,115.0859022806673,107.30403602081189,107.23068269192001,97.96525912560266,100.92299327844559,96.46741378971838,94.07410545813089,95.82548651324392,102.669225659672
120.0,120.0,120.0,120.0,120.0,120.0,120.0,120.0,120.0,120.0,115.37821050203019,115.11315140394852,108.36770084396743,108.17075540206794,114.90368815765773,114.96825305094887,115.0859022806673,107.30403602081189,107.23068269192001,97.96525912560266,100.92299327844559,96.46741378971838,94.07410545813089,95.82548651324392,102.669225659672
120.0,120.0,120.0,120.0,120.0,120.0,120.0,120.0,120.0,120.0,115.37821050203019,115.11315140394852,108.36770084396743,108.17075540206794,114.90368815765773,114.96825305094887,115.0859022806673,107.30403602081189,107.23068269192001,97.96525912560266,100.92299327844559,96.46741378971838,94.07410545813089,95.82548651324392,102.669225659672
120.0,120.0,120.0,120.0,120.0,120.0,120.0,120.0,120.0,120.0,115.37821050203019,115.11315140394852,108.36770084396743,108.17075540206794,114.90368815765773,114.96825305094887,115.0859022806673,107.30403602081189,107.23068269192001,97.96525912560266,100.92299327844559,96.46741378971838,94.07410545813089,95.82548651324392,102.669225659672
120.0,120.0,120.0,120.0,120.0,120.0,120.0,120.0,120.0,120.0,115.37821050203019,115.11315140394852,108.36770084396743,108.17075540206794,114.90368815765773,114.96825305094887,115.0859022806673,107.30403602081189,107.23068269192001,97.96525912560266,100.92299327844559,96.46741378971838,94.07410545813089,95.82548651324392,102.669225659672
120.0,120.0,120.0,120.0,120.0,120.0,120.0,120.0,120.0,120.0,115.37821050203019,115.11315140394852,108.36770084396743,108.17075540206794,114.90368815765773,114.96825305094887,115.0859022806673,107.30403602081189,107.23068269192001,97.96525912560266,100.92299327844559,96.46741378971838,94.07410545813089,95.82548651324392,102.669225659672
120.0,120.0,120.0,120.0,120.0,120.0,120.0,120.0,120.0,120.0,115.37821050203019,115.11315140394852,108.36770084396743,108.17075540206794,114.90368815765773,114.96825305094887,115.0859022806673,107.30403602081189,107.23068269192001,97.96525912560266,100.92299327844559,96.46741378971838,94.07410545813089,95.82548651324392,102.669225659672
120.0,120.0,120.0,120.0,120.0,120.0,120.0,120.0,120.0,120.0,115.37821050203019,115.11315140394852,108.36770084396743,108.17075540206794,114.90368815765773,114.96825305094887,115.0859022806673,107.30403602081189,107.23068269192001,97.96525912560266,100.92299327844559,96.46741378971838,94.07410545813089,95.82548651324392,102.669225659672
120.0,120.0,120.0,120.0,120.0,120.0,120.0,120.0,120.0,120.0,108.55161288290397,108.55122565502833,108.55069582084475,108.55061408449777,108.5497126120112,108.54559926604692,115.89746981931691,115.76550518844225,115.52148275756032,97.42149775093853,74.48889223496116,97.09751997745796,94.95338547767163,96.4389724916646,102.81909057751234
120.0,120.0,120.0,120.0,120.0,120.0,120.0,120.0,120.0,120.0,108.55161288290397,108.55122565502833,108.55069582084475,108.55061408449777,108.5497126120112,108.54559926604692,115.89746981931691,115.76550518844225,115.52148275756032,97.42149775093853,74.48889223496116,97.09751997745796,94.95338547767163,96.4389724916646,102.81909057751234
120.0,120.0,120.0,120.0,120.0,120.0,120.0,120.0,120.0,120.0,108.55161288290397,108.55122565502833,108.55069582084475,108.55061408449777,108.5497126120112,108.54559926604692,115.89746981931691,115.76550518844225,115.52148275756032,97.42149775093853,74.48889223496116,97.09751997745796,94.95338547767163,96.4389724916646,102.81909057751234
120.0,120.0,120.0,120.0,120.0,120.0,120.0,120.0,120.0,120.0,108.55161288290397,108.55122565502833,108.55069582084475,108.55061408449777,108.5497126120112,108.54559926604692,115.89746981931691,115.76550518844225,115.52148275756032,97.42149775093853,74.48889223496116,97.09751997745796,94.95338547767163,96.4389724916646,102.81909057751234
120.0,120.0,120.0,120.0,120.0,120.0,120.0,120.0,120.0,120.0,108.55161288290397,108.55122565502833,108.55069582084475,108.55061408449777,108.5497126120112,108.54559926604692,115.89746981931691,115.76550518844225,115.52148275756032,97.42149775093853,74.48889223496116,97.09751997745796,94.95338547767163,96.4389724916646,102.81909057751234
120.0,120.0,120.0,120.0,120.0,120.0,120.0,120.0,120.0,120.0,108.55161288290397,108.55122565502833,108.55069582084475,108.55061408449777,108.5497126120112,108.54559926604692,115.89746981931691,115.76550518844225,115.52148275756032,97.42149775093853,74.48889223496116,97.09751997745796,94.95338547767163,96.4389724916646,102.81909057751234
120.0,120.0,120.0,120.0,120.0,120.0,120.0,120.0,120.0,120.0,108.55161288290397,108.55122565502833,108.55069582084475,108.55061408449777,108.5497126120112,108.54559926604692,115.89746981931691,115.76550518844225,115.52148275756032,97.42149775093853,74.48889223496116,97.09751997745796,94.95338547767163,96.4389724916646,102.81909057751234
120.0,120.0,120.0,120.0,120.0,120.0,120.0,120.0,120.0,120.0,108.55161288290397,108.55122565502833,108.55069582084475,108.55061408449777,108.5497126120112,108.54559926604692,115.89746981931691,115.76550518844225,115.52148275756032,97.42149775093853,74.48889223496116,97.09751997745796,94.95338547767163,96.4389724916646,102.81909057751234
120.0,120.0,120.0,120.0,120.0,120.0,120.0,120.0,120.0,120.0,108.55161288290397,108.55122565502833,108.55069582084475,108.55061408449777,108.5497126120112,108.54559926604692,115.89746981931691,115.76550518844225,115.52148275756032,97.42149775093853,74.48889223496116,97.09751997745796,94.95338547767163,96.4389724916646,102.81909057751234
120.0,120.0,120.0,120.0,120.0,120.0,120.0,120.0,120.0,120.0,108.55161288290397,108.55122565502833,108.55069582084475,108.55061408449777,108.5497126120112,108.54559926604692,115.89746981931691,115.76550518844225,115.52148275756032,97.42149775093853,74.48889223496116,97.09751997745796,94.95338547767163,96.4389724916646,102.81909057751234
120.0,120.0,120.0,120.0,120.0,120.0,120.0,120.0,120.0,120.0,108.55161288290397,108.55122565502833,108.55069582084475,108.55061408449777,108.5497126120112,108.54559926604692,115.89746981931691,115.76550518844225,115.52148275756032,97.42149775093853,74.48889223496116,97.09751997745796,94.95338547767163,96.4389724916646,102.81909057751234
120.0,120.0,120.0,120.0,120.0,120.0,120.0,120.0,120.0,120.0,108.55161288290397,108.55122565502833,108.55069582084475,108.55061408449777,108.5497126120112,108.54559926604692,115.89746981931691,115.76550518844225,115.52148275756032,97.42149775093853,74.48889223496116,97.09751997745796,94.95338547767163,96.4389724916646,102.81909057751234
120.0,120.0,120.0,120.0,120.0,120.0,120.0,120.0,120.0,120.0,108.55161288290397,108.55122565502833,108.55069582084475,108.55061408449777,108.5497126120112,108.54559926604692,115.89746981931691,115.76550518844225,115.52148275756032,97.42149775093853,74.48889223496116,97.09751997745796,94.95338547767163,96.4389724916646,102.81909057751234
120.0,120.0,120.0,120.0,120.0,120.0,120.0,120.0,120.0,120.0,108.55161288290397,108.55122565502833,108.55069582084475,108.55061408449777,108.5497126120112,108.54559926604692,115.89746981931691,115.76550518844225,115.52148275756032,97.42149775093853,74.48889223496116,97.09751997745796,94.95338547767163,96.4389724916646,102.81909057751234
120.0,120.0,120.0,120.0,120.0,120.0,120.0,120.0,120.0,120.0,108.55161288290397,108.55122565502833,108.55069582084475,108.55061408449777,108.5497126120112,108.54559926604692,115.89746981931691,115.76550518844225,115.52148275756032,97.42149775093853,74.48889223496116,97.09751997745796,94.95338547767163,96.4389724916646,102.81909057751234
120.0,120.0,120.0,120.0,120.0,120.0,120.0,120.0,120.0,120.0,108.55161288290397,108.55122565502833,108.55069582084475,108.55061408449777,108.5497126120112,108.54559926604692,115.89746981931691,115.76550518844225,115.52148275756032,97.42149775093853,74.48889223496116,97.09751997745796,94.95338547767163,96.4389724916646,102.81909057751234
120.0,120.0,120.0,120.0,120.0,120.0,120.0,120.0,120.0,120.0,108.55117074907145,108.54331227139379,108.54928976952003,107.9596491233786,107.97977795709896,108.52342533383398,116.09376226526011,116.0923548584282,108.4521042165719,105.71022777438544,79.0281480896106,78.74802866946655,75.86059715758891,100.89390764224304,104.59473778372957
120.0,120.0,120.0,120.0,120.0,120.0,120.0,120.0,120.0,120.0,108.55117074907145,108.54331227139379,108.54928976952003,107.9596491233786,107.97977795709896,108.52342533383398,116.09376226526011,116.0923548584282,108.4521042165719,105.71022777438544,79.0281480896106,78.74802866946655,75.86059715758891,100.89390764224304,104.59473778372957
120.0,120.0,120.0,120.0,120.0,120.0,120.0,120.0,120.0,120.0,108.55117074907145,108.54331227139379,108.54928976952003,107.9596491233786,107.97977795709896,108.52342533383398,116.09376226526011,116.0923548584282,108.4521042165719,105.71022777438544,79.0281480896106,78.74802866946655,75.86059715758891,100.89390764224304,104.59473778372957
120.0,120.0,120.0,120.0,120.0,120.0,120.0,120.0,120.0,120.0,108.55117074907145,108.54331227139379,108.54928976952003,107.9596491233786,107.97977795709896,108.52342533383398,116.09376226526011,116.0923548584282,108.4521042165719,105.71022777438544,79.0281480896106,78.74802866946655,75.86059715758891,100.89390764224304,104.59473778372957
120.0,120.0,120.0,120.0,120.0,120.0,120.0,120.0,120.0,120.0,108.55117074907145,108.54331227139379,108.54928976952003,107.9596491233786,107.97977795709896,108.52342533383398,116.09376226526011,116.0923548584282,108.4521042165719,105.71022777438544,79.0281480896106,78.74802866946655,75.86059715758891,100.89390764224304,104.59473778372957
120.0,120.0,120.0,120.0,120.0,120.0,120.0,120.0,120.0,120.0,108.55117074907145,108.54331227139379,108.54928976952003,107.9596491233786,107.97977795709896,108.52342533383398,116.09376226526011,116.0923548584282,108.4521042165719,105.71022777438544,79.0281480896106,78.74802866946655,75.86059715758891,100.89390764224304,104.59473778372957
120.0,120.0,120.0,120.0,120.0,120.0,120.0,120.0,120.0,120.0,108.55117074907145,108.54331227139379,108.54928976952003,107.9596491233786,107.97977795709896,108.52342533383398,116.09376226526011,116.0923548584282,108.4521042165719,105.71022777438544,79.0281480896106,78.74802866946655,75.86059715758891,100.89390764224304,104.59473778372957
120.0,120.0,120.0,120.0,120.0,120.0,120.0,120.0,120.0,120.0,108.55117074907145,108.54331227139379,108.54928976952003,107.9596491233786,107.97977795709896,108.52342533383398,116.09376226526011,116.0923548584282,108.4521042165719,105.71022777438544,79.0281480896106,78.74802866946655,75.86059715758891,100.89390764224304,104.59473778372957
120.0,120.0,120.0,120.0,120.0,120.0,120.0,120.0,120.0,120.0,108.55117074907145,108.54331227139379,108.54928976952003,107.9596491233786,107.97977795709896,108.52342533383398,116.09376226526011,116.0923548584282,108.4521042165719,105.71022777438544,79.0281480896106,78.74802866946655,75.86059715758891,100.89390764224304,104.59473778372957
120.0,120.0,120.0,120.0,120.0,120.0,120.0,120.0,120.0,120.0,108.55117074907145,108.54331227139379,108.54928976952003,107.9596491233786,107.97977795709896,108.52342533383398,116.09376226526011,116.0923548584282,108.4521042165719,105.71022777438544,79.0281480896106,78.74802866946655,75.86059715758891,100.89390764224304,104.59473778372957
120.0,120.0,120.0,120.0,120.0,120.0,120.0,120.0,120.0,120.0,108.55117074907145,108.54331227139379,108.54928976952003,107.9596491233786,107.97977795709896,108.52342533383398,116.09376226526011,116.0923548584282,108.4521042165719,105.71022777438544,79.0281480896106,78.74802866946655,75.86059715758891,100.89390764224304,104.59473778372957
120.0,120.0,120.0,120.0,120.0,120.0,120.0,120.0,120.0,120.0,108.55117074907145,108.54331227139379,108.54928976952003,107.9596491233786,107.97977795709896,108.52342533383398,116.09376226526011,116.0923548584282,108.4521042165719,105.71022777438544,79.0281480896106,78.74802866946655,75.86059715758891,100.89390764224304,104.59473778372957
120.0,120.0,120.0,120.0,120.0,120.0,120.0,120.0,120.0,120.0,108.55117074907145,108.54331227139379,108.54928976952003,107.9596491233786,107.97977795709896,108.52342533383398,116.09376226526011,116.0923548584282,108.4521042165719,105.71022777438544,79.0281480896106,78.74802866946655,75.86059715758891,100.89390764224304,104.59473778372957
120.0,120.0,120.0,120.0,120.0,120.0,120.0,120.0,120.0,120.0,108.55117074907145,108.54331227139379,108.54928976952003,107.9596491233786,107.97977795709896,108.52342533383398,116.09376226526011,116.0923548584282,108.4521042165719,105.71022777438544,79.0281480896106,78.74802866946655,75.86059715758891,100.89390764224304,104.59473778372957
120.0,120.0,120.0,120.0,120.0,120.0,120.0,120.0,120.0,120.0,108.55117074907145,108.54331227139379,108.54928976952003,107.9596491233786,107.97977795709896,108.52342533383398,116.09376226526011,116.0923548584282,108.4521042165719,105.71022777438544,79.0281480896106,78.74802866946655,75.86059715758891,100.89390764224304,104.59473778372957
120.0,120.0,120.0,120.0,120.0,120.0,120.0,120.0,120.0,120.0,108.55117074907145,108.54331227139379,108.54928976952003,107.9596491233786,107.97977795709896,108.52342533383398,116.09376226526011,116.0923548584282,108.4521042165719,105.71022777438544,79.0281480896106,78.74802866946655,75.86059715758891,100.89390764224304,104.59473778372957
120.0,120.0,120.0,120.0,120.0,120.0,120.0,120.0,120.0,120.0,108.5511308660706,108.55091910672483,116.0935705128625,116.0916684251567,116.08927009679829,116.08819012463053,116.08768810350831,116.08603212440127,116.05877399805128,106.97497117816381,84.21052403423231,80.98079593213322,105.52557067940471,105.43471516839342,107.82899776027217
120.0,120.0,120.0,120.0,120.0,120.0,120.0,120.0,120.0,120.0,108.5511308660706,108.55091910672483,116.0935705128625,116.0916684251567,116.08927009679829,116.08819012463053,116.08768810350831,116.08603212440127,116.05877399805128,106.97497117816381,84.21052403423231,80.98079593213322,105.52557067940471,105.43471516839342,107.82899776027217
120.0,120.0,120.0,120.0,120.0,120.0,120.0,120.0,120.0,120.0,108.5511308660706,108.55091910672483,116.0935705128625,116.0916684251567,116.08927009679829,116.08819012463053,116.08768810350831,116.08603212440127,116.05877399805128,106.97497117816381,84.21052403423231,80.98079593213322,105.52557067940471,105.43471516839342,107.82899776027217
120.0,120.0,120.0,120.0,120.0,120.0,120.0,120.0,120.0,120.0,108.5511308660706,108.55091910672483,116.0935705128625,116.0916684251567,116.08927009679829,116.08819012463053,116.08768810350831,116.08603212440127,116.05877399805128,106.97497117816381,84.21052403423231,80.98079593213322,105.52557067940471,105.43471516839342,107.82899776027217
120.0,120.0,120.0,120.0,120.0,120.0,120.0,120.0,120.0,120.0,108.5511308660706,108.55091910672483,116.0935705128625,116.0916684251567,116.08927009679829,116.08819012463053,116.08768810350831,116.08603212440127,116.05877399805128,106.97497117816381,84.21052403423231,80.98079593213322,105.52557067940471,105.43471516839342,107.82899776027217
120.0,120.0,120.0,120.0,120.0,120.0,120.0,120.0,120.0,120.0,108.5511308660706,108.55091910672483,116.0935705128625,116.0916684251567,116.08927009679829,116.08819012463053,116.08768810350831,116.08603212440127,116.05877399805128,106.97497117816381,84.21052403423231,80.98079593213322,105.52557067940471,105.43471516839342,107.82899776027217
120.0,120.0,120.0,120.0,120.0,120.0,120.0,120.0,120.0,120.0,108.5511308660706,108.55091910672483,116.0935705128625,116.0916684251567,116.08927009679829,116.08819012463053,116.08768810350831,116.08603212440127,116.05877399805128,106.97497117816381,84.21052403423231,80.98079593213322,105.52557067940471,105.43471516839342,107.82899776027217
120.0,120.0,120.0,120.0,120.0,120.0,120.0,120.0,120.0,120.0,108.5511308660706,108.55091910672483,116.0935705128625,116.0916684251567,116.08927009679829,116.08819012463053,116.08768810350831,116.08603212440127,116.05877399805128,106.97497117816381,84.21052403423231,80.98079593213322,105.52557067940471,105.43471516839342,107.82899776027217
120.0,120.0,120.0,120.0,120.0,120.0,120.0,120.0,120.0,120.0,108.5511308660706,108.55091910672483,116.0935705128625,116.0916684251567,116.08927009679829,116.08819012463053,116.08768810350831,116.08603212440127,116.05877399805128,106.97497117816381,84.21052403423231,80.98079593213322,105.52557067940471,105.43471516839342,107.82899776027217
120.0,120.0,120.0,120.0,120.0,120.0,120.0,120.0,120.0,120.0,108.5511308660706,108.55091910672483,116.0935705128625,116.0916684251567,116.08927009679829,116.08819012463053,116.08768810350831,116.08603212440127,116.05877399805128,106.97497117816381,84.21052403423231,80.98079593213322,105.52557067940471,105.43471516839342,107.82899776027217
120.0,120.0,120.0,120.0,120.0,120.0,120.0,120.0,120.0,120.0,108.5511308660706,108.55091910672483,116.0935705128625,116.0916684251567,116.08927009679829,116.08819012463053,116.08768810350831,116.08603212440127,116.05877399805128,106.97497117816381,84.21052403423231,80.98079593213322,105.52557067940471,105.43471516839342,107.82899776027217
120.0,120.0,120.0,120.0,120.0,120.0,120.0,120.0,120.0,120.0,108.5511308660706,108.55091910672483,116.0935705128625,116.0916684251567,116.08927009679829,116.08819012463053,116.08768810350831,116.08603212440127,116.05877399805128,106.97497117816381,84.21052403423231,80.98079593213322,105.52557067940471,105.43471516839342,107.82899776027217
120.0,120.0,120.0,120.0,120.0,120.0,120.0,120.0,120.0,120.0,108.5511308660706,108.55091910672483,116.0935705128625,116.0916684251567,116.08927009679829,116.08819012463053,116.08768810350831,116.08603212440127,116.05877399805128,106.97497117816381,84.21052403423231,80.98079593213322,105.52557067940471,105.43471516839342,107.82899776027217
120.0,120.0,120.0,120.0,120.0,120.0,120.0,120.0,120.0,120.0,108.5511308660706,108.55091910672483,116.0935705128625,116.0916684251567,116.08927009679829,116.08819012463053,116.08768810350831,116.08603212440127,116.05877399805128,106.97497117816381,84.21052403423231,80.98079593213322,105.52557067940471,105.43471516839342,107.82899776027217
120.0,120.0,120.0,120.0,120.0,120.0,120.0,120.0,120.0,120.0,108.5511308660706,108.55091910672483,116.0935705128625,116.0916684251567,116.08927009679829,116.08819012463053,116.08768810350831,116.08603212440127,116.05877399805128,106.97497117816381,84.21052403423231,80.98079593213322,105.52557067940471,105.43471516839342,107.82899776027217
120.0,120.0,120.0,120.0,120.0,120.0,120.0,120.0,120.0,120.0,108.5511308660706,108.55091910672483,116.0935705128625,116.0916684251567,116.08927009679829,116.08819012463053,116.08768810350831,116.08603212440127,116.05877399805128,106.97497117816381,84.21052403423231,80.98079593213322,105.52557067940471,105.43471516839342,107.82899776027217
120.0,120.0,120.0,120.0,120.0,120.0,120.0,120.0,120.0,120.0,108.55116212927888,108.55118427325834,108.55121543361797,108.55124408227317,108.55126532843639,116.0940584103321,116.0928760555757,116.09076991399506,116.06510048879535,107.17213537538173,85.79168866609278,83.18770753561468,106.25405455865686,106.31713517037461,108.5325618411905
120.0,120.0,120.0,120.0,120.0,120.0,120.0,120.0,120.0,120.0,108.55116212927888,108.55118427325834,108.55121543361797,108.55124408227317,108.55126532843639,116.0940584103321,116.0928760555757,116.09076991399506,116.06510048879535,107.17213537538173,85.79168866609278,83.18770753561468,106.25405455865686,106.31713517037461,108.5325618411905
120.0,120.0,120.0,120.0,120.0,120.0,120.0,120.0,120.0,120.0,108.55116212927888,108.55118427325834,108.55121543361797,108.55124408227317,108.55126532843639,116.0940584103321,116.0928760555757,116.09076991399506,116.06510048879535,107.17213537538173,85.79168866609278,83.18770753561468,106.25405455865686,106.31713517037461,108.5325618411905
120.0,120.0,120.0,120.0,120.0,120.0,120.0,120.0,120.0,120.0,108.55116212927888,108.55118427325834,108.55121543361797,108.55124408227317,108.55126532843639,116.0940584103321,116.0928760555757,116.09076991399506,116.06510048879535,107.17213537538173,85.79168866609278,83.18770753561468,106.25405455865686,106.31713517037461,108.5325618411905
120.0,120.0,120.0,120.0,120.0,120.0,120.0,120.0,120.0,120.0,108.55116212927888,108.55118427325834,108.55121543361797,108.55124408227317,108.55126532843639,116.0940584103321,116.0928760555757,116.09076991399506,116.06510048879535,107.17213537538173,85.79168866609278,83.18770753561468,106.25405455865686,106.31713517037461,108.5325618411905
120.0,120.0,120.0,120.0,120.0,120.0,120.0,120.0,120.0,120.0,108.55116212927888,108.55118427325834,108.55121543361797,108.55124408227317,108.55126532843639,116.0940584103321,116.0928760555757,116.09076991399506,116.06510048879535,107.17213537538173,85.79168866609278,83.18770753561468,106.25405455865686,106.31713517037461,108.5325618411905
120.0,120.0,120.0,120.0,120.0,120.0,120.0,120.0,120.0,120.0,108.55116212927888,108.55118427325834,108.55121543361797,108.55124408227317,108.55126532843639,116.0940584103321,116.0928760555757,116.09076991399506,116.06510048879535,107.17213537538173,85.79168866609278,83.18770753561468,106.25405455865686,106.31713517037461,108.5325618411905
120.0,120.0,120.0,120.0,120.0,120.0,120.0,120.0,120.0,120.0,108.55116212927888,108.55118427325834,108.55121543361797,108.55124408227317,108.55126532843639,116.0940584103321,116.0928760555757,116.09076991399506,116.06510048879535,107.17213537538173,85.79168866609278,83.18770753561468,106.25405455865686,106.31713517037461,108.5325618411905
120.0,120.0,120.0,120.0,120.0,120.0,120.0,120.0,120.0,120.0,108.55116212927888,108.55118427325834,108.55121543361797,108.55124408227317,108.55126532843639,116.0940584103321,116.0928760555757,116.09076991399506,116.06510048879535,107.17213537538173,85.79168866609278,83.18770753561468,106.25405455865686,106.31713517037461,108.5325618411905
120.0,120.0,120.0,120.0,120.0,120.0,120.0,120.0,120.0,120.0,108.55116212927888,108.55118427325834,108.55121543361797,108.55124408227317,108.55126532843639,116.0940584103321,116.0928760555757,116.09076991399506,116.06510048879535,107.17213537538173,85.79168866609278,83.18770753561468,106.25405455865686,106.31713517037461,108.5325618411905
120.0,120.0,120.0,120.0,120.0,120.0,120.0,120.0,120.0,120.0,108.55116212927888,108.55118427325834,108.55121543361797,108.55124408227317,108.55126532843639,116.0940584103321,116.0928760555757,116.09076991399506,116.06510048879535,107.17213537538173,85.79168866609278,83.18770753561468,106.25405455865686,106.31713517037461,108.5325618411905
120.0,120.0,120.0,120.0,120.0,120.0,120.0,120.0,120.0,120.0,108.55116212927888,108.55118427325834,108.55121543361797,108.55124408227317,108.55126532843639,116.0940584103321,116.0928760555757,116.09076991399506,116.06510048879535,107.17213537538173,85.79168866609278,83.18770753561468,106.25405455865686,106.31713517037461,108.5325618411905
120.0,120.0,120.0,120.0,120.0,120.0,120.0,120.0,120.0,120.0,108.55116212927888,108.55118427325834,108.55121543361797,108.55124408227317,108.55126532843639,116.0940584103321,116.0928760555757,116.09076991399506,116.06510048879535,107.17213537538173,85.79168866609278,83.18770753561468,106.25405455865686,106.31713517037461,108.5325618411905
120.0,120.0,120.0,120.0,120.0,120.0,120.0,120.0,120.0,120.0,108.55116212927888,108.55118427325834,108.55121543361797,108.55124408227317,108.55126532843639,116.0940584103321,116.0928760555757,116.09076991399506,116.06510048879535,107.17213537538173,85.79168866609278,83.18770753561468,106.25405455865686,106.31713517037461,108.5325618411905
120.0,120.0,120.0,120.0,120.0,120.0,120.0,120.0,120.0,120.0,108.55116212927888,108.55118427325834,108.55121543361797,108.55124408227317,108.55126532843639,116.0940584103321,116.0928760555757,116.09076991399506,116.06510048879535,107.17213537538173,85.79168866609278,83.18770753561468,106.25405455865686,106.31713517037461,108.5325618411905
120.0,120.0,120.0,120.0,120.0,120.0,120.0,120.0,120.0,120.0,108.55116212927888,108.55118427325834,108.55121543361797,108.55124408227317,108.55126532843639,116.0940584103321,116.0928760555757,116.09076991399506,116.06510048879535,107.17213537538173,85.79168866609278,83.18770753561468,106.25405455865686,106.31713517037461,108.5325618411905
120.0,120.0,120.0,120.0,120.0,120.0,120.0,120.0,120.0,120.0,108.55116503912365,108.55118951644596,108.55121563612308,108.55124040986354,108.55126245498657,116.09414106627612,116.0926177555022,116.09039370423709,116.06521156471955,107.22198786773264,86.26432609826942,84.03776825756644,106.45846795806554,106.53036331696245,108.68979145094714
120.0,120.0,120.0,120.0,120.0,120.0,120.0,120.0,120.0,120.0,108.55116503912365,108.55118951644596,108.55121563612308,108.55124040986354,108.55126245498657,116.09414106627612,116.0926177555022,116.09039370423709,116.06521156471955,107.22198786773264,86.26432609826942,84.03776825756644,106.45846795806554,106.53036331696245,108.68979145094714
120.0,120.0,120.0,120.0,120.0,120.0,120.0,120.0,120.0,120.0,108.55116503912365,108.55118951644596,108.55121563612308,108.55124040986354,108.55126245498657,116.09414106627612,116.0926177555022,116.09039370423709,116.06521156471955,107.22198786773264,86.26432609826942,84.03776825756644,106.45846795806554,106.53036331696245,108.68979145094714
120.0,120.0,120.0,120.0,120.0,120.0,120.0,120.0,120.0,120.0,108.55116503912365,108.55118951644596,108.55121563612308,108.55124040986354,108.55126245498657,116.09414106627612,116.0926177555022,116.09039370423709,116.06521156471955,107.22198786773264,86.26432609826942,84.03776825756644,106.45846795806554,106.53036331696245,108.68979145094714
120.0,120.0,120.0,120.0,120.0,120.0,120.0,120.0,120.0,120.0,108.55116503912365,108.55118951644596,108.55121563612308,108.55124040986354,108.55126245498657,116.09414106627612,116.0926177555022,116.09039370423709,116.06521156471955,107.22198786773264,86.26432609826942,84.03776825756644,106.45846795806554,106.53036331696245,108.68979145094714
120.0,120.0,120.0,120.0,120.0,120.0,120.0,120.0,120.0,120.0,108.55116503912365,108.55118951644596,108.55121563612308,108.55124040986354,108.55126245498657,116.09414106627612,116.0926177555022,116.09039370423709,116.06521156471955,107.22198786773264,86.26432609826942,84.03776825756644,106.45846795806554,106.53036331696245,108.68979145094714
120.0,120.0,120.0,120.0,120.0,120.0,120.0,120.0,120.0,120.0,108.55116503912365,108.55118951644596,108.55121563612308,108.55124040986354,108.55126245498657,116.09414106627612,116.0926177555022,116.09039370423709,116.06521156471955,107.22198786773264,86.26432609826942,84.03776825756644,106.45846795806554,106.53036331696245,108.68979145094714
120.0,120.0,120.0,120.0,120.0,120.0,120.0,120.0,120.0,120.0,108.55116503912365,108.55118951644596,108.55121563612308,108.55124040986354,108.55126245498657,116.09414106627612,116.0926177555022,116.09039370423709,116.06521156471955,107.22198786773264,86.26432609826942,84.03776825756644,106.45846795806554,106.53036331696245,108.68979145094714
120.0,120.0,120.0,120.0,120.0,120.0,120.0,120.0,120.0,120.0,108.55116503912365,108.55118951644596,108.55121563612308,108.55124040986354,108.55126245498657,116.09414106627612,116.0926177555022,116.09039370423709,116.06521156471955,107.22198786773264,86.26432609826942,84.03776825756644,106.45846795806554,106.53036331696245,108.68979145094714
120.0,120.0,120.0,120.0,120.0,120.0,120.0,120.0,120.0,120.0,108.55116503912365,108.55118951644596,108.55121563612308,108.55124040986354,108.55126245498657,116.09414106627612,116.0926177555022,116.09039370423709,116.06521156471955,107.22198786773264,86.26432609826942,84.03776825756644,106.45846795806554,106.53036331696245,108.68979145094714
120.0,120.0,120.0,120.0,120.0,120.0,120.0,120.0,120.0,120.0,108.55116503912365,108.55118951644596,108.55121563612308,108.55124040986354,108.55126245498657,116.09414106627612,116.0926177555022,116.09039370423709,116.06521156471955,107.22198786773264,86.26432609826942,84.03776825756644,106.45846795806554,106.53036331696245,108.68979145094714
120.0,120.0,120.0,120.0,120.0,120.0,120.0,120.0,120.0,120.0,108.55116503912365,108.55118951644596,108.55121563612308,108.55124040986354,108.55126245498657,116.09414106627612,116.0926177555022,116.09039370423709,116.06521156471955,107.22198786773264,86.26432609826942,84.03776825756644,106.45846795806554,106.53036331696245,108.68979145094714
120.0,120.0,120.0,120.0,120.0,120.0,120.0,120.0,120.0,120.0,108.55116503912365,108.55118951644596,108.55121563612308,108.55124040986354,108.55126245498657,116.09414106627612,116.0926177555022,116.09039370423709,116.06521156471955,107.22198786773264,86.26432609826942,84.03776825756644,106.45846795806554,106.53036331696245,108.68979145094714
120.0,120.0,120.0,120.0,120.0,120.0,120.0,120.0,120.0,120.0,108.55116503912365,108.55118951644596,108.55121563612308,108.55124040986354,108.55126245498657,116.09414106627612,116.0926177555022,116.09039370423709,116.06521156471955,107.22198786773264,86.26432609826942,84.03776825756644,106.45846795806554,106.53036331696245,108.68979145094714
120.0,120.0,120.0,120.0,120.0,120.0,120.0,120.0,120.0,120.0,108.55116503912365,108.55118951644596,108.55121563612308,108.55124040986354,108.55126245498657,116.09414106627612,116.0926177555022,116.09039370423709,116.06521156471955,107.22198786773264,86.26432609826942,84.03776825756644,106.45846795806554,106.53036331696245,108.68979145094714
120.0,120.0,120.0,120.0,120.0,120.0,120.0,120.0,120.0,120.0,108.55116503912365,108.55118951644596,108.55121563612308,108.55124040986354,108.55126245498657,116.09414106627612,116.0926177555022,116.09039370423709,116.06521156471955,107.22198786773264,86.26432609826942,84.03776825756644,106.45846795806554,106.53036331696245,108.68979145094714
120.0,120.0,120.0,120.0,120.0,120.0,120.0,120.0,120.0,120.0,108.55149627459741,108.55157311334489,108.55068693929647,108.55123993242016,108.55154225034951,108.541046451362,116.09366559895545,116.0923196170556,116.06762738291522,107.23229076990125,86.06123257222792,84.31560103548775,83.1533463367556,106.60097719433219,108.74183024660847
120.0,120.0,120.0,120.0,120.0,120.0,120.0,120.0,120.0,120.0,108.55149627459741,108.55157311334489,108.55068693929647,108.55123993242016,108.55154225034951,108.541046451362,116.09366559895545,116.0923196170556,116.06762738291522,107.23229076990125,86.06123257222792,84.31560103548775,83.1533463367556,106.60097719433219,108.74183024660847
120.0,120.0,120.0,120.0,120.0,120.0,120.0,120.0,120.0,120.0,108.55149627459741,108.55157311334489,108.55068693929647,108.55123993242016,108.55154225034951,108.541046451362,116.09366559895545,116.0923196170556,116.06762738291522,107.23229076990125,86.06123257222792,84.31560103548775,83.1533463367556,106.60097719433219,108.74183024660847
120.0,120.0,120.0,120.0,120.0,120.0,120.0,120.0,120.0,120.0,108.55149627459741,108.55157311334489,108.55068693929647,108.55123993242016,108.55154225034951,108.541046451362,116.09366559895545,116.0923196170556,116.06762738291522,107.23229076990125,86.06123257222792,84.31560103548775,83.1533463367556,106.60097719433219,108.74183024660847
120.0,120.0,120.0,120.0,120.0,120.0,120.0,120.0,120.0,120.0,108.55149627459741,108.55157311334489,108.55068693929647,108.55123993242016,108.55154225034951,108.541046451362,116.09366559895545,116.0923196170556,116.06762738291522,107.23229076990125,86.06123257222792,84.31560103548775,83.1533463367556,106.60097719433219,108.74183024660847
120.0,120.0,120.0,120.0,120.0,120.0,120.0,120.0,120.0,120.0,108.55149627459741,108.55157311334489,108.55068693929647,108.55123993242016,108.55154225034951,108.541046451362,116.09366559895545,116.0923196170556,116.06762738291522,107.23229076990125,86.06123257222792,84.31560103548775,83.1533463367556,106.60097719433219,108.74183024660847
120.0,120.0,120.0,120.0,120.0,120.0,120.0,120.0,120.0,120.0,108.55149627459741,108.55157311334489,108.55068693929647,108.55123993242016,108.55154225034951,108.541046451362,116.09366559895545,116.0923196170556,116.06762738291522,107.23229076990125,86.06123257222792,84.31560103548775,83.1533463367556,106.60097719433219,108.74183024660847
120.0,120.0,120.0,120.0,120.0,120.0,120.0,120.0,120.0,120.0,108.55149627459741,108.55157311334489,108.55068693929647,108.55123993242016,108.55154225034951,108.541046451362,116.09366559895545,116.0923196170556,116.06762738291522,107.23229076990125,86.06123257222792,84.31560103548775,83.1533463367556,106.60097719433219,108.74183024660847
120.0,120.0,120.0,120.0,120.0,120.0,120.0,120.0,120.0,120.0,108.55149627459741,108.55157311334489,108.55068693929647,108.55123993242016,108.55154225034951,108.541046451362,116.09366559895545,116.0923196170556,116.06762738291522,107.23229076990125,86.06123257222792,84.31560103548775,83.1533463367556,106.60097719433219,108.74183024660847
120.0,120.0,120.0,120.0,120.0,120.0,120.0,120.0,120.0,120.0,108.55149627459741,108.55157311334489,108.55068693929647,108.55123993242016,108.55154225034951,108.541046451362,116.09366559895545,116.0923196170556,116.06762738291522,107.23229076990125,86.06123257222792,84.31560103548775,83.1533463367556,106.60097719433219,108.74183024660847
120.0,120.0,120.0,120.0,120.0,120.0,120.0,120.0,120.0,120.0,108.55149627459741,108.55157311334489,108.55068693929647,108.55123993242016,108.55154225034951,108.541046451362,116.09366559895545,116.0923196170556,116.06762738291522,107.23229076990125,86.06123257222792,84.31560103548775,83.1533463367556,106.60097719433219,108.74183024660847
120.0,120.0,120.0,120.0,120.0,120.0,120.0,120.0,120.0,120.0,108.55149627459741,108.55157311334489,108.55068693929647,108.55123993242016,108.55154225034951,108.541046451362,116.09366559895545,116.0923196170556,116.06762738291522,107.23229076990125,86.06123257222792,84.31560103548775,83.1533463367556,106.60097719433219,108.74183024660847
120.0,120.0,120.0,120.0,120.0,120.0,120.0,120.0,120.0,120.0,108.55149627459741,108.55157311334489,108.55068693929647,108.55123993242016,108.55154225034951,108.541046451362,116.09366559895545,116.0923196170556,116.06762738291522,107.23229076990125,86.06123257222792,84.31560103548775,83.1533463367556,106.60097719433219,108.74183024660847
120.0,120.0,120.0,120.0,120.0,120.0,120.0,120.0,120.0,120.0,108.55149627459741,108.55157311334489,108.55068693929647,108.55123993242016,108.55154225034951,108.541046451362,116.09366559895545,116.0923196170556,116.06762738291522,107.23229076990125,86.06123257222792,84.31560103548775,83.1533463367556,106.60097719433219,108.74183024660847
120.0,120.0,120.0,120.0,120.0,120.0,120.0,120.0,120.0,120.0,108.55149627459741,108.55157311334489,108.55068693929647,108.55123993242016,108.55154225034951,108.541046451362,116.09366559895545,116.0923196170556,116.06762738291522,107.23229076990125,86.06123257222792,84.31560103548775,83.1533463367556,106.60097719433219,108.74183024660847
120.0,120.0,120.0,120.0,120.0,120.0,120.0,120.0,120.0,120.0,108.55149627459741,108.55157311334489,108.55068693929647,108.55123993242016,108.55154225034951,108.541046451362,116.09366559895545,116.0923196170556,116.06762738291522,107.23229076990125,86.06123257222792,84.31560103548775,83.1533463367556,106.60097719433219,108.74183024660847
120.0,120.0,120.0,120.0,120.0,120.0,120.0,120.0,120.0,120.0,108.55113569124869,108.55116926684941,108.55109966012093,108.55119680277274,108.55121206870331,108.5513165537855,116.09363171267151,116.0921804080516,116.06747102000276,115.63193942532757,107.85422858481004,84.42044290360586,83.1762825425945,83.34413715445041,108.7429110494832
120.0,120.0,120.0,120.0,120.0,120.0,120.0,120.0,120.0,120.0,108.55113569124869,108.55116926684941,108.55109966012093,108.55119680277274,108.55121206870331,108.5513165537855,116.09363171267151,116.0921804080516,116.06747102000276,115.63193942532757,107.85422858481004,84.42044290360586,83.1762825425945,83.34413715445041,108.7429110494832
120.0,120.0,120.0,120.0,120.0,120.0,120.0,120.0,120.0,120.0,108.55113569124869,108.55116926684941,108.55109966012093,108.55119680277274,108.55121206870331,108.5513165537855,116.09363171267151,116.0921804080516,116.06747102000276,115.63193942532757,107.85422858481004,84.42044290360586,83.1762825425945,83.34413715445041,108.7429110494832
120.0,120.0,120.0,120.0,120.0,120.0,120.0,120.0,120.0,120.0,108.55113569124869,108.55116926684941,108.55109966012093,108.55119680277274,108.55121206870331,108.5513165537855,116.09363171267151,116.0921804080516,116.06747102000276,115.63193942532757,107.85422858481004,84.42044290360586,83.1762825425945,83.34413715445041,108.7429110494832
120.0,120.0,120.0,120.0,120.0,120.0,120.0,120.0,120.0,120.0,108.55113569124869,108.55116926684941,108.55109966012093,108.55119680277274,108.55121206870331,108.5513165537855,116.09363171267151,116.0921804080516,116.06747102000276,115.63193942532757,107.85422858481004,84.42044290360586,83.1762825425945,83.34413715445041,108.7429110494832
120.0,120.0,120.0,120.0,120.0,120.0,120.0,120.0,120.0,120.0,108.55113569124869,108.55116926684941,108.55109966012093,108.55119680277274,108.55121206870331,108.5513165537855,116.09363171267151,116.0921804080516,116.06747102000276,115.63193942532757,107.85422858481004,84.42044290360586,83.1762825425945,83.34413715445041,108.7429110494832
120.0,120.0,120.0,120.0,120.0,120.0,120.0,120.0,120.0,120.0,108.55113569124869,108.55116926684941,108.55109966012093,108.55119680277274,108.55121206870331,108.5513165537855,116.09363171267151,116.0921804080516,116.06747102000276,115.63193942532757,107.85422858481004,84.42044290360586,83.1762825425945,83.34413715445041,108.7429110494832
120.0,120.0,120.0,120.0,120.0,120.0,120.0,120.0,120.0,120.0,108.55113569124869,108.55116926684941,108.55109966012093,108.55119680277274,108.55121206870331,108.5513165537855,116.09363171267151,116.0921804080516,116.06747102000276,115.63193942532757,107.85422858481004,84.42044290360586,83.1762825425945,83.34413715445041,108.7429110494832
120.0,120.0,120.0,120.0,120.0,120.0,120.0,120.0,120.0,120.0,108.55113569124869,108.55116926684941,108.55109966012093,108.55119680277274,108.55121206870331,108.5513165537855,116.09363171267151,116.0921804080516,116.06747102000276,115.63193942532757,107.85422858481004,84.42044290360586,83.1762825425945,83.34413715445041,108.7429110494832
120.0,120.0,120.0,120.0,120.0,120.0,120.0,120.0,120.0,120.0,108.55113569124869,108.55116926684941,108.55109966012093,108.55119680277274,108.55121206870331,108.5513165537855,116.09363171267151,116.0921804080516,116.06747102000276,115.63193942532757,107.85422858481004,84.42044290360586,83.1762825425945,83.34413715445041,108.7429110494832
120.0,120.0,120.0,120.0,120.0,120.0,120.0,120.0,120.0,120.0,108.55113569124869,108.55116926684941,108.55109966012093,108.55119680277274,108.55121206870331,108.5513165537855,116.09363171267151,116.0921804080516,116.06747102000276,115.63193942532757,107.85422858481004,84.42044290360586,83.1762825425945,83.34413715445041,108.7429110494832
120.0,120.0,120.0,120.0,120.0,120.0,120.0,120.0,120.0,120.0,108.55113569124869,108.55116926684941,108.55109966012093,108.55119680277274,108.55121206870331,108.5513165537855,116.09363171267151,116.0921804080516,116.06747102000276,115.63193942532757,107.85422858481004,84.42044290360586,83.1762825425945,83.34413715445041,108.7429110494832
120.0,120.0,120.0,120.0,120.0,120.0,120.0,120.0,120.0,120.0,108.55113569124869,108.55116926684941,108.55109966012093,108.55119680277274,108.55121206870331,108.5513165537855,116.09363171267151,116.0921804080516,116.06747102000276,115.63193942532757,107.85422858481004,84.42044290360586,83.1762825425945,83.34413715445041,108.7429110494832
120.0,120.0,120.0,120.0,120.0,120.0,120.0,120.0,120.0,120.0,108.55113569124869,108.55116926684941,108.55109966012093,108.55119680277274,108.55121206870331,108.5513165537855,116.09363171267151,116.0921804080516,116.06747102000276,115.63193942532757,107.85422858481004,84.42044290360586,83.1762825425945,83.34413715445041,108.7429110494832
120.0,120.0,120.0,120.0,120.0,120.0,120.0,120.0,120.0,120.0,108.55113569124869,108.55116926684941,108.55109966012093,108.55119680277274,108.55121206870331,108.5513165537855,116.09363171267151,116.0921804080516,116.06747102000276,115.63193942532757,107.85422858481004,84.42044290360586,83.1762825425945,83.34413715445041,108.7429110494832
120.0,120.0,120.0,120.0,120.0,120.0,120.0,120.0,120.0,120.0,108.55113569124869,108.55116926684941,108.55109966012093,108.55119680277274,108.55121206870331,108.5513165537855,116.09363171267151,116.0921804080516,116.06747102000276,115.63193942532757,107.85422858481004,84.42044290360586,83.1762825425945,83.34413715445041,108.7429110494832
120.0,120.0,120.0,120.0,120.0,120.0,120.0,120.0,120.0,120.0,116.09384786853524,116.09384273705234,116.09383884071997,116.0938351868004,116.09383203534647,116.09382530980854,116.09374463134795,116.09234091753454,116.06770875812745,115.63296947477161,107.86384816513207,107.0526509214288,106.5494268468017,106.61937824412858,108.75231862402264
120.0,120.0,120.0,120.0,120.0,120.0,120.0,120.0,120.0,120.0,116.09384786853524,116.09384273705234,116.09383884071997,116.0938351868004,116.09383203534647,116.09382530980854,116.09374463134795,116.09234091753454,116.06770875812745,115.63296947477161,107.86384816513207,107.0526509214288,106.5494268468017,106.61937824412858,108.75231862402264
120.0,120.0,120.0,120.0,120.0,120.0,120.0,120.0,120.0,120.0,116.09384786853524,116.09384273705234,116.09383884071997,116.0938351868004,116.09383203534647,116.09382530980854,116.09374463134795,116.09234091753454,116.06770875812745,115.63296947477161,107.86384816513207,107.0526509214288,106.5494268468017,106.61937824412858,108.75231862402264
120.0,120.0,120.0,120.0,120.0,120.0,120.0,120.0,120.0,120.0,116.09384786853524,116.09384273705234,116.09383884071997,116.0938351868004,116.09383203534647,116.09382530980854,116.09374463134795,116.09234091753454,116.06770875812745,115.63296947477161,107.86384816513207,107.0526509214288,106.5494268468017,106.61937824412858,108.75231862402264
120.0,120.0,120.0,120.0,120.0,120.0,120.0,120.0,120.0,120.0,116.09384786853524,116.09384273705234,116.09383884071997,116.0938351868004,116.09383203534647,116.09382530980854,116.09374463134795,116.09234091753454,116.06770875812745,115.63296947477161,107.86384816513207,107.0526509214288,106.5494268468017,106.61937824412858,108.75231862402264
120.0,120.0,120.0,120.0,120.0,120.0,120.0,120.0,120.0,120.0,116.09384786853524,116.09384273705234,116.09383884071997,116.0938351868004,116.09383203534647,116.09382530980854,116.09374463134795,116.09234091753454,116.06770875812745,115.63296947477161,107.86384816513207,107.0526509214288,106.5494268468017,106.61937824412858,108.75231862402264
120.0,120.0,120.0,120.0,120.0,120.0,120.0,120.0,120.0,120.0,116.09384786853524,116.09384273705234,116.09383884071997,116.0938351868004,116.09383203534647,116.09382530980854,116.09374463134795,116.09234091753454,116.06770875812745,115.63296947477161,107.86384816513207,107.0526509214288,106.5494268468017,106.61937824412858,108.75231862402264
120.0,120.0,120.0,120.0,120.0,120.0,120.0,120.0,120.0,120.0,116.09384786853524,116.09384273705234,116.09383884071997,116.0938351868004,116.09383203534647,116.09382530980854,116.09374463134795,116.09234091753454,116.06770875812745,115.63296947477161,107.86384816513207,107.0526509214288,106.5494268468017,106.61937824412858,108.75231862402264
120.0,120.0,120.0,120.0,120.0,120.0,120.0,120.0,120.0,120.0,116.09384786853524,116.09384273705234,116.09383884071997,116.0938351868004,116.09383203534647,116.09382530980854,116.09374463134795,116.09234091753454,116.06770875812745,115.63296947477161,107.86384816513207,107.0526509214288,106.5494268468017,106.61937824412858,108.75231862402264
120.0,120.0,120.0,120.0,120.0,120.0,120.0,120.0,120.0,120.0,116.09384786853524,116.09384273705234,116.09383884071997,116.0938351868004,116.09383203534647,116.09382530980854,116.09374463134795,116.09234091753454,116.06770875812745,115.63296947477161,107.86384816513207,107.0526509214288,106.5494268468017,106.61937824412858,108.75231862402264
120.0,120.0,120.0,120.0,120.0,120.0,120.0,120.0,120.0,120.0,116.09384786853524,116.09384273705234,116.09383884071997,116.0938351868004,116.09383203534647,116.09382530980854,116.09374463134795,116.09234091753454,116.06770875812745,115.63296947477161,107.86384816513207,107.0526509214288,106.5494268468017,106.61937824412858,108.75231862402264
120.0,120.0,120.0,120.0,120.0,120.0,120.0,120.0,120.0,120.0,116.09384786853524,116.09384273705234,116.09383884071997,116.0938351868004,116.09383203534647,116.09382530980854,116.09374463134795,116.09234091753454,116.06770875812745,115.63296947477161,107.86384816513207,107.0526509214288,106.5494268468017,106.61937824412858,108.75231862402264
120.0,120.0,120.0,120.0,120.0,120.0,120.0,120.0,120.0,120.0,116.09384786853524,116.09384273705234,116.09383884071997,116.0938351868004,116.09383203534647,116.09382530980854,116.09374463134795,116.09234091753454,116.06770875812745,115.63296947477161,107.86384816513207,107.0526509214288,106.5494268468017,106.61937824412858,108.75231862402264
120.0,120.0,120.0,120.0,120.0,120.0,120.0,120.0,120.0,120.0,116.09384786853524,116.09384273705234,116.09383884071997,116.0938351868004,116.09383203534647,116.09382530980854,116.09374463134795,116.09234091753454,116.06770875812745,115.63296947477161,107.86384816513207,107.0526509214288,106.5494268468017,106.61937824412858,108.75231862402264
120.0,120.0,120.0,120.0,120.0,120.0,120.0,120.0,120.0,120.0,116.09384786853524,116.09384273705234,116.09383884071997,116.0938351868004,116.09383203534647,116.09382530980854,116.09374463134795,116.09234091753454,116.06770875812745,115.63296947477161,107.86384816513207,107.0526509214288,106.5494268468017,106.61937824412858,108.75231862402264
120.0,120.0,120.0,120.0,120.0,120.0,120.0,120.0,120.0,120.0,116.09384786853524,116.09384273705234,116.09383884071997,116.0938351868004,116.09383203534647,116.09382530980854,116.09374463134795,116.09234091753454,116.06770875812745,115.63296947477161,107.86384816513207,107.0526509214288,106.5494268468017,106.61937824412858,108.75231862402264
120.0,120.0,120.0,120.0,120.0,120.0,120.0,120.0,120.0,120.0,108.55110040075455,108.55112566855944,108.55115853708405,108.55119068985465,108.55122307873845,108.55124696162949,116.0937079323219,116.09186867726163,116.06699505930366,115.63207349711415,107.86215768836539,107.05200876359825,106.5506226128283,106.62227285067584,108.75509692797151
120.0,120.0,120.0,120.0,120.0,120.0,120.0,120.0,120.0,120.0,108.55110040075455,108.55112566855944,108.55115853708405,108.55119068985465,108.55122307873845,108.55124696162949,116.0937079323219,116.09186867726163,116.06699505930366,115.63207349711415,107.86215768836539,107.05200876359825,106.5506226128283,106.62227285067584,108.75509692797151
120.0,120.0,120.0,120.0,120.0,120.0,120.0,120.0,120.0,120.0,108.55110040075455,108.55112566855944,108.55115853708405,108.55119068985465,108.55122307873845,108.55124696162949,116.0937079323219,116.09186867726163,116.06699505930366,115.63207349711415,107.86215768836539,107.05200876359825,106.5506226128283,106.62227285067584,108.75509692797151
120.0,120.0,120.0,120.0,120.0,120.0,120.0,120.0,120.0,120.0,108.55110040075455,108.55112566855944,108.55115853708405,108.55119068985465,108.55122307873845,108.55124696162949,116.0937079323219,116.09186867726163,116.06699505930366,115.63207349711415,107.86215768836539,107.05200876359825,106.5506226128283,106.62227285067584,108.75509692797151
120.0,120.0,120.0,120.0,120.0,120.0,120.0,120.0,120.0,120.0,108.55110040075455,108.55112566855944,108.55115853708405,108.55119068985465,108.55122307873845,108.55124696162949,116.0937079323219,116.09186867726163,116.06699505930366,115.63207349711415,107.86215768836539,107.05200876359825,106.5506226128283,106.62227285067584,108.75509692797151
120.0,120.0,120.0,120.0,120.0,120.0,120.0,120.0,120.0,120.0,108.55110040075455,108.55112566855944,108.55115853708405,108.55119068985465,108.55122307873845,108.55124696162949,116.0937079323219,116.09186867726163,116.06699505930366,115.63207349711415,107.86215768836539,107.05200876359825,106.5506226128283,106.62227285067584,108.75509692797151
120.0,120.0,120.0,120.0,120.0,120.0,120.0,120.0,120.0,120.0,108.55110040075455,108.55112566855944,108.55115853708405,108.55119068985465,108.55122307873845,108.55124696162949,116.0937079323219,116.09186867726163,116.06699505930366,115.63207349711415,107.86215768836539,107.05200876359825,106.5506226128283,106.62227285067584,108.75509692797151
120.0,120.0,120.0,120.0,120.0,120.0,120.0,120.0,120.0,120.0,108.55110040075455,108.55112566855944,108.55115853708405,108.55119068985465,108.55122307873845,108.55124696162949,116.0937079323219,116.09186867726163,116.06699505930366,115.63207349711415,107.86215768836539,107.05200876359825,106.5506226128283,106.62227285067584,108.75509692797151
120.0,120.0,120.0,120.0,120.0,120.0,120.0,120.0,120.0,120.0,108.55110040075455,108.55112566855944,108.55115853708405,108.55119068985465,108.55122307873845,108.55124696162949,116.0937079323219,116.09186867726163,116.06699505930366,115.63207349711415,107.86215768836539,107.05200876359825,106.5506226128283,106.62227285067584,108.75509692797151
120.0,120.0,120.0,120.0,120.0,120.0,120.0,120.0,120.0,120.0,108.55110040075455,108.55112566855944,108.55115853708405,108.55119068985465,108.55122307873845,108.55124696162949,116.0937079323219,116.09186867726163,116.06699505930366,115.63207349711415,107.86215768836539,107.05200876359825,106.5506226128283,106.62227285067584,108.75509692797151
120.0,120.0,120.0,120.0,120.0,120.0,120.0,120.0,120.0,120.0,108.55110040075455,108.55112566855944,108.55115853708405,108.55119068985465,108.55122307873845,108.55124696162949,116.0937079323219,116.09186867726163,116.06699505930366,115.63207349711415,107.86215768836539,107.05200876359825,106.5506226128283,106.62227285067584,108.75509692797151
120.0,120.0,120.0,120.0,120.0,120.0,120.0,120.0,120.0,120.0,108.55110040075455,108.55112566855944,108.55115853708405,108.55119068985465,108.55122307873845,108.55124696162949,116.0937079323219,116.09186867726163,116.06699505930366,115.63207349711415,107.86215768836539,107.05200876359825,106.5506226128283,106.62227285067584,108.75509692797151
120.0,120.0,120.0,120.0,120.0,120.0,120.0,120.0,120.0,120.0,108.55110040075455,108.55112566855944,108.55115853708405,108.55119068985465,108.55122307873845,108.55124696162949,116.0937079323219,116.09186867726163,116.06699505930366,115.63207349711415,107.86215768836539,107.05200876359825,106.5506226128283,106.62227285067584,108.75509692797151
120.0,120.0,120.0,120.0,120.0,120.0,120.0,120.0,120.0,120.0,108.55110040075455,108.55112566855944,108.55115853708405,108.55119068985465,108.55122307873845,108.55124696162949,116.0937079323219,116.09186867726163,116.06699505930366,115.63207349711415,107.86215768836539,107.05200876359825,106.5506226128283,106.62227285067584,108.75509692797151
120.0,120.0,120.0,120.0,120.0,120.0,120.0,120.0,120.0,120.0,108.55110040075455,108.55112566855944,108.55115853708405,108.55119068985465,108.55122307873845,108.55124696162949,116.0937079323219,116.09186867726163,116.06699505930366,115.63207349711415,107.86215768836539,107.05200876359825,106.5506226128283,106.62227285067584,108.75509692797151
120.0,120.0,120.0,120.0,120.0,120.0,120.0,120.0,120.0,120.0,108.55110040075455,108.55112566855944,108.55115853708405,108.55119068985465,108.55122307873845,108.55124696162949,116.0937079323219,116.09186867726163,116.06699505930366,115.63207349711415,107.86215768836539,107.05200876359825,106.5506226128283,106.62227285067584,108.75509692797151
120.0,120.0,120.0,120.0,120.0,120.0,120.0,120.0,120.0,120.0,108.55172406083359,108.5512309002009,108.55119647429937,108.55117324450333,108.55118306900548,108.55120024538375,108.5510153814696,108.5470524903505,108.47673597506981,107.23869249177125,86.4548079843587,107.0397047306333,106.52957559241818,106.60016095679752,108.73839250312913
120.0,120.0,120.0,120.0,120.0,120.0,120.0,120.0,120.0,120.0,108.55172406083359,108.5512309002009,108.55119647429937,108.55117324450333,108.55118306900548,108.55120024538375,108.5510153814696,108.5470524903505,108.47673597506981,107.23869249177125,86.4548079843587,107.0397047306333,106.52957559241818,106.60016095679752,108.73839250312913
120.0,120.0,120.0,120.0,120.0,120.0,120.0,120.0,120.0,120.0,108.55172406083359,108.5512309002009,108.55119647429937,108.55117324450333,108.55118306900548,108.55120024538375,108.5510153814696,108.5470524903505,108.47673597506981,107.23869249177125,86.4548079843587,107.0397047306333,106.52957559241818,106.60016095679752,108.73839250312913
120.0,120.0,120.0,120.0,120.0,120.0,120.0,120.0,120.0,120.0,108.55172406083359,108.5512309002009,108.55119647429937,108.55117324450333,108.55118306900548,108.55120024538375,108.5510153814696,108.5470524903505,108.47673597506981,107.23869249177125,86.4548079843587,107.0397047306333,106.52957559241818,106.60016095679752,108.73839250312913
120.0,120.0,120.0,120.0,120.0,120.0,120.0,120.0,120.0,120.0,108.55172406083359,108.5512309002009,108.55119647429937,108.55117324450333,108.55118306900548,108.55120024538375,108.5510153814696,108.5470524903505,108.47673597506981,107.23869249177125,86.4548079843587,107.0397047306333,106.52957559241818,106.60016095679752,108.73839250312913
120.0,120.0,120.0,120.0,120.0,120.0,120.0,120.0,120.0,120.0,108.55172406083359,108.5512309002009,108.55119647429937,108.55117324450333,108.55118306900548,108.55120024538375,108.5510153814696,108.5470524903505,108.47673597506981,107.23869249177125,86.4548079843587,107.0397047306333,106.52957559241818,106.60016095679752,108.73839250312913
120.0,120.0,120.0,120.0,120.0,120.0,120.0,120.0,120.0,120.0,108.55172406083359,108.5512309002009,108.55119647429937,108.55117324450333,108.55118306900548,108.55120024538375,108.5510153814696,108.5470524903505,108.47673597506981,107.23869249177125,86.4548079843587,107.0397047306333,106.52957559241818,106.60016095679752,108.73839250312913
120.0,120.0,120.0,120.0,120.0,120.0,120.0,120.0,120.0,120.0,108.55172406083359,108.5512309002009,108.55119647429937,108.55117324450333,108.55118306900548,108.55120024538375,108.5510153814696,108.5470524903505,108.47673597506981,107.23869249177125,86.4548079843587,107.0397047306333,106.52957559241818,106.60016095679752,108.73839250312913
120.0,120.0,120.0,120.0,120.0,120.0,120.0,120.0,120.0,120.0,108.55172406083359,108.5512309002009,108.55119647429937,108.55117324450333,108.55118306900548,108.55120024538375,108.5510153814696,108.5470524903505,108.47673597506981,107.23869249177125,86.4548079843587,107.0397047306333,106.52957559241818,106.60016095679752,108.73839250312913
120.0,120.0,120.0,120.0,120.0,120.0,120.0,120.0,120.0,120.0,108.55172406083359,108.5512309002009,108.55119647429937,108.55117324450333,108.55118306900548,108.55120024538375,108.5510153814696,108.5470524903505,108.47673597506981,107.23869249177125,86.4548079843587,107.0397047306333,106.52957559241818,106.60016095679752,108.73839250312913
120.0,120.0,120.0,120.0,120.0,120.0,120.0,120.0,120.0,120.0,108.55172406083359,108.5512309002009,108.55119647429937,108.55117324450333,108.55118306900548,108.55120024538375,108.5510153814696,108.5470524903505,108.47673597506981,107.23869249177125,86.4548079843587,107.0397047306333,106.52957559241818,106.60016095679752,108.73839250312913
120.0,120.0,120.0,120.0,120.0,120.0,120.0,120.0,120.0,120.0,108.55172406083359,108.5512309002009,108.55119647429937,108.55117324450333,108.55118306900548,108.55120024538375,108.5510153814696,108.5470524903505,108.47673597506981,107.23869249177125,86.4548079843587,107.0397047306333,106.52957559241818,106.60016095679752,108.73839250312913
120.0,120.0,120.0,120.0,120.0,120.0,120.0,120.0,120.0,120.0,108.55172406083359,108.5512309002009,108.55119647429937,108.55117324450333,108.55118306900548,108.55120024538375,108.5510153814696,108.5470524903505,108.47673597506981,107.23869249177125,86.4548079843587,107.0397047306333,106.52957559241818,106.60016095679752,108.73839250312913
120.0,120.0,120.0,120.0,120.0,120.0,120.0,120.0,120.0,120.0,108.55172406083359,108.5512309002009,108.55119647429937,108.55117324450333,108.55118306900548,108.55120024538375,108.5510153814696,108.5470524903505,108.47673597506981,107.23869249177125,86.4548079843587,107.0397047306333,106.52957559241818,106.60016095679752,108.73839250312913
120.0,120.0,120.0,120.0,120.0,120.0,120.0,120.0,120.0,120.0,108.55172406083359,108.5512309002009,108.55119647429937,108.55117324450333,108.55118306900548,108.55120024538375,108.5510153814696,108.5470524903505,108.47673597506981,107.23869249177125,86.4548079843587,107.0397047306333,106.52957559241818,106.60016095679752,108.73839250312913
120.0,120.0,120.0,120.0,120.0,120.0,120.0,120.0,120.0,120.0,108.55172406083359,108.5512309002009,108.55119647429937,108.55117324450333,108.55118306900548,108.55120024538375,108.5510153814696,108.5470524903505,108.47673597506981,107.23869249177125,86.4548079843587,107.0397047306333,106.52957559241818,106.60016095679752,108.73839250312913
120.0,120.0,120.0,120.0,120.0,120.0,120.0,120.0,120.0,120.0,116.0938498089327,116.0938456122376,116.09384233489688,116.09383878625665,116.09383548237925,108.55174392838087,116.09374549668748,116.09233977872599,116.06770802373072,115.63299569871593,107.86420278852775,107.05388153585747,106.55210501351061,106.62339030913782,108.75581203577951
120.0,120.0,120.0,120.0,120.0,120.0,120.0,120.0,120.0,120.0,116.0938498089327,116.0938456122376,116.09384233489688,116.09383878625665,116.09383548237925,108.55174392838087,116.09374549668748,116.09233977872599,116.06770802373072,115.63299569871593,107.86420278852775,107.05388153585747,106.55210501351061,106.62339030913782,108.75581203577951
120.0,120.0,120.0,120.0,120.0,120.0,120.0,120.0,120.0,120.0,116.0938498089327,116.0938456122376,116.09384233489688,116.09383878625665,116.09383548237925,108.55174392838087,116.09374549668748,116.09233977872599,116.06770802373072,115.63299569871593,107.86420278852775,107.05388153585747,106.55210501351061,106.62339030913782,108.75581203577951
120.0,120.0,120.0,120.0,120.0,120.0,120.0,120.0,120.0,120.0,116.0938498089327,116.0938456122376,116.09384233489688,116.09383878625665,116.09383548237925,108.55174392838087,116.09374549668748,116.09233977872599,116.06770802373072,115.63299569871593,107.86420278852775,107.05388153585747,106.55210501351061,106.62339030913782,108.75581203577951
120.0,120.0,120.0,120.0,120.0,120.0,120.0,120.0,120.0,120.0,116.0938498089327,116.0938456122376,116.09384233489688,116.09383878625665,116.09383548237925,108.55174392838087,116.09374549668748,116.09233977872599,116.06770802373072,115.63299569871593,107.86420278852775,107.05388153585747,106.55210501351061,106.62339030913782,108.75581203577951
120.0,120.0,120.0,120.0,120.0,120.0,120.0,120.0,120.0,120.0,116.0938498089327,116.0938456122376,116.09384233489688,116.09383878625665,116.09383548237925,108.55174392838087,116.09374549668748,116.09233977872599,116.06770802373072,115.63299569871593,107.86420278852775,107.05388153585747,106.55210501351061,106.62339030913782,108.75581203577951
120.0,120.0,120.0,120.0,120.0,120.0,120.0,120.0,120.0,120.0,116.0938498089327,116.0938456122376,116.09384233489688,116.09383878625665,116.09383548237925,108.55174392838087,116.09374549668748,116.09233977872599,116.06770802373072,115.63299569871593,107.86420278852775,107.05388153585747,106.55210501351061,106.62339030913782,108.75581203577951
120.0,120.0,120.0,120.0,120.0,120.0,120.0,120.0,120.0,120.0,116.0938498089327,116.0938456122376,116.09384233489688,116.09383878625665,116.09383548237925,108.55174392838087,116.09374549668748,116.09233977872599,116.06770802373072,115.63299569871593,107.86420278852775,107.05388153585747,106.55210501351061,106.62339030913782,108.75581203577951
120.0,120.0,120.0,120.0,120.0,120.0,120.0,120.0,120.0,120.0,116.0938498089327,116.0938456122376,116.09384233489688,116.09383878625665,116.09383548237925,108.55174392838087,116.09374549668748,116.09233977872599,116.06770802373072,115.63299569871593,107.86420278852775,107.05388153585747,106.55210501351061,106.62339030913782,108.75581203577951
120.0,120.0,120.0,120.0,120.0,120.0,120.0,120.0,120.0,120.0,116.0938498089327,116.0938456122376,116.09384233489688,116.09383878625665,116.09383548237925,108.55174392838087,116.09374549668748,116.09233977872599,116.06770802373072,115.63299569871593,107.86420278852775,107.05388153585747,106.55210501351061,106.62339030913782,108.75581203577951
120.0,120.0,120.0,120.0,120.0,120.0,120.0,120.0,120.0,120.0,116.0938498089327,116.0938456122376,116.09384233489688,116.09383878625665,116.09383548237925,108.55174392838087,116.09374549668748,116.09233977872599,116.06770802373072,115.63299569871593,107.86420278852775,107.05388153585747,106.55210501351061,106.62339030913782,108.75581203577951
120.0,120.0,120.0,120.0,120.0,120.0,120.0,120.0,120.0,120.0,116.0938498089327,116.0938456122376,116.09384233489688,116.09383878625665,116.09383548237925,108.55174392838087,116.09374549668748,116.09233977872599,116.06770802373072,115.63299569871593,107.86420278852775,107.05388153585747,106.55210501351061,106.62339030913782,108.75581203577951
120.0,120.0,120.0,120.0,120.0,120.0,120.0,120.0,120.0,120.0,116.0938498089327,116.0938456122376,116.09384233489688,116.09383878625665,116.09383548237925,108.55174392838087,116.09374549668748,116.09233977872599,116.06770802373072,115.63299569871593,107.86420278852775,107.05388153585747,106.55210501351061,106.62339030913782,108.75581203577951
120.0,120.0,120.0,120.0,120.0,120.0,120.0,120.0,120.0,120.0,116.0938498089327,116.0938456122376,116.09384233489688,116.09383878625665,116.09383548237925,108.55174392838087,116.09374549668748,116.09233977872599,116.06770802373072,115.63299569871593,107.86420278852775,107.05388153585747,106.55210501351061,106.62339030913782,108.75581203577951
120.0,120.0,120.0,120.0,120.0,120.0,120.0,120.0,120.0,120.0,116.0938498089327,116.0938456122376,116.09384233489688,116.09383878625665,116.09383548237925,108.55174392838087,116.09374549668748,116.09233977872599,116.06770802373072,115.63299569871593,107.86420278852775,107.05388153585747,106.55210501351061,106.62339030913782,108.75581203577951
120.0,120.0,120.0,120.0,120.0,120.0,120.0,120.0,120.0,120.0,116.0938498089327,116.0938456122376,116.09384233489688,116.09383878625665,116.09383548237925,108.55174392838087,116.09374549668748,116.09233977872599,116.06770802373072,115.63299569871593,107.86420278852775,107.05388153585747,106.55210501351061,106.62339030913782,108.75581203577951
120.0,120.0,120.0,120.0,120.0,120.0,120.0,120.0,120.0,120.0,108.55169153190843,108.55165178782086,108.55168798934857,108.55173325484365,108.55174284466085,108.5517368120975,108.55151453629023,108.54743439517074,108.47683396388202,115.63302501151693,107.86427458093654,107.0539392184893,106.5521302616885,106.62337792861292,108.75578436808135
120.0,120.0,120.0,120.0,120.0,120.0,120.0,120.0,120.0,120.0,108.55169153190843,108.55165178782086,108.55168798934857,108.55173325484365,108.55174284466085,108.5517368120975,108.55151453629023,108.54743439517074,108.47683396388202,115.63302501151693,107.86427458093654,107.0539392184893,106.5521302616885,106.62337792861292,108.75578436808135
120.0,120.0,120.0,120.0,120.0,120.0,120.0,120.0,120.0,120.0,108.55169153190843,108.55165178782086,108.55168798934857,108.55173325484365,108.55174284466085,108.5517368120975,108.55151453629023,108.54743439517074,108.47683396388202,115.63302501151693,107.86427458093654,107.0539392184893,106.5521302616885,106.62337792861292,108.75578436808135
120.0,120.0,120.0,120.0,120.0,120.0,120.0,120.0,120.0,120.0,108.55169153190843,108.55165178782086,108.55168798934857,108.55173325484365,108.55174284466085,108.5517368120975,108.55151453629023,108.54743439517074,108.47683396388202,115.63302501151693,107.86427458093654,107.0539392184893,106.5521302616885,106.62337792861292,108.75578436808135
120.0,120.0,120.0,120.0,120.0,120.0,120.0,120.0,120.0,120.0,108.55169153190843,108.55165178782086,108.55168798934857,108.55173325484365,108.55174284466085,108.5517368120975,108.55151453629023,108.54743439517074,108.47683396388202,115.63302501151693,107.86427458093654,107.0539392184893,106.5521302616885,106.62337792861292,108.75578436808135
120.0,120.0,120.0,120.0,120.0,120.0,120.0,120.0,120.0,120.0,108.55169153190843,108.55165178782086,108.55168798934857,108.55173325484365,108.55174284466085,108.5517368120975,108.55151453629023,108.54743439517074,108.47683396388202,115.63302501151693,107.86427458093654,107.0539392184893,106.5521302616885,106.62337792861292,108.75578436808135
120.0,120.0,120.0,120.0,120.0,120.0,120.0,120.0,120.0,120.0,108.55169153190843,108.55165178782086,108.55168798934857,108.55173325484365,108.55174284466085,108.5517368120975,108.55151453629023,108.54743439517074,108.47683396388202,115.63302501151693,107.86427458093654,107.0539392184893,106.5521302616885,106.62337792861292,108.75578436808135
120.0,120.0,120.0,120.0,120.0,120.0,120.0,120.0,120.0,120.0,108.55169153190843,108.55165178782086,108.55168798934857,108.55173325484365,108.55174284466085,108.5517368120975,108.55151453629023,108.54743439517074,108.47683396388202,115.63302501151693,107.86427458093654,107.0539392184893,106.5521302616885,106.62337792861292,108.75578436808135
120.0,120.0,120.0,120.0,120.0,120.0,120.0,120.0,120.0,120.0,108.55169153190843,108.55165178782086,108.55168798934857,108.55173325484365,108.55174284466085,108.5517368120975,108.55151453629023,108.54743439517074,108.47683396388202,115.63302501151693,107.86427458093654,107.0539392184893,106.5521302616885,106.62337792861292,108.75578436808135
120.0,120.0,120.0,120.0,120.0,120.0,120.0,120.0,120.0,120.0,108.55169153190843,108.55165178782086,108.55168798934857,108.55173325484365,108.55174284466085,108.5517368120975,108.55151453629023,108.54743439517074,108.47683396388202,115.63302501151693,107.86427458093654,107.0539392184893,106.5521302616885,106.62337792861292,108.75578436808135
120.0,120.0,120.0,120.0,120.0,120.0,120.0,120.0,120.0,120.0,108.55169153190843,108.55165178782086,108.55168798934857,108.55173325484365,108.55174284466085,108.5517368120975,108.55151453629023,108.54743439517074,108.47683396388202,115.63302501151693,107.86427458093654,107.0539392184893,106.5521302616885,106.62337792861292,108.75578436808135
120.0,120.0,120.0,120.0,120.0,120.0,120.0,120.0,120.0,120.0,108.55169153190843,108.55165178782086,108.55168798934857,108.55173325484365,108.55174284466085,108.5517368120975,108.55151453629023,108.54743439517074,108.47683396388202,115.63302501151693,107.86427458093654,107.0539392184893,106.5521302616885,106.62337792861292,108.75578436808135
120.0,120.0,120.0,120.0,120.0,120.0,120.0,120.0,120.0,120.0,108.55169153190843,108.55165178782086,108.55168798934857,108.55173325484365,108.55174284466085,108.5517368120975,108.55151453629023,108.54743439517074,108.47683396388202,115.63302501151693,107.86427458093654,107.0539392184893,106.5521302616885,106.62337792861292,108.75578436808135
120.0,120.0,120.0,120.0,120.0,120.0,120.0,120.0,120.0,120.0,108.55169153190843,108.55165178782086,108.55168798934857,108.55173325484365,108.55174284466085,108.5517368120975,108.55151453629023,108.54743439517074,108.47683396388202,115.63302501151693,107.86427458093654,107.0539392184893,106.5521302616885,106.62337792861292,108.75578436808135
120.0,120.0,120.0,120.0,120.0,120.0,120.0,120.0,120.0,120.0,108.55169153190843,108.55165178782086,108.55168798934857,108.55173325484365,108.55174284466085,108.5517368120975,108.55151453629023,108.54743439517074,108.47683396388202,115.63302501151693,107.86427458093654,107.0539392184893,106.5521302616885,106.62337792861292,108.75578436808135
120.0,120.0,120.0,120.0,120.0,120.0,120.0,120.0,120.0,120.0,108.55169153190843,108.55165178782086,108.55168798934857,108.55173325484365,108.55174284466085,108.5517368120975,108.55151453629023,108.54743439517074,108.47683396388202,115.63302501151693,107.86427458093654,107.0539392184893,106.5521302616885,106.62337792861292,108.75578436808135
120.0,120.0,120.0,120.0,120.0,120.0,120.0,120.0,120.0,120.0,108.55110126736558,108.55112433921539,108.55115683833996,108.55119143866423,108.55122275336771,108.5512449225863,108.55105562046721,108.5470899768733,108.4767713948763,107.23873310393603,106.62336223873774,105.8370850458524,105.27745657362185,104.89442217999351,107.56055504715403
120.0,120.0,120.0,120.0,120.0,120.0,120.0,120.0,120.0,120.0,108.55110126736558,108.55112433921539,108.55115683833996,108.55119143866423,108.55122275336771,108.5512449225863,108.55105562046721,108.5470899768733,108.4767713948763,107.23873310393603,106.62336223873774,105.8370850458524,105.27745657362185,104.89442217999351,107.56055504715403
120.0,120.0,120.0,120.0,120.0,120.0,120.0,120.0,120.0,120.0,108.55110126736558,108.55112433921539,108.55115683833996,108.55119143866423,108.55122275336771,108.5512449225863,108.55105562046721,108.5470899768733,108.4767713948763,107.23873310393603,106.62336223873774,105.8370850458524,105.27745657362185,104.89442217999351,107.56055504715403
120.0,120.0,120.0,120.0,120.0,120.0,120.0,120.0,120.0,120.0,108.55110126736558,108.55112433921539,108.55115683833996,108.55119143866423,108.55122275336771,108.5512449225863,108.55105562046721,108.5470899768733,108.4767713948763,107.23873310393603,106.62336223873774,105.8370850458524,105.27745657362185,104.89442217999351,107.56055504715403
120.0,120.0,120.0,120.0,120.0,120.0,120.0,120.0,120.0,120.0,108.55110126736558,108.55112433921539,108.55115683833996,108.55119143866423,108.55122275336771,108.5512449225863,108.55105562046721,108.5470899768733,108.4767713948763,107.23873310393603,106.62336223873774,105.8370850458524,105.27745657362185,104.89442217999351,107.56055504715403
120.0,120.0,120.0,120.0,120.0,120.0,120.0,120.0,120.0,120.0,108.55110126736558,108.55112433921539,108.55115683833996,108.55119143866423,108.55122275336771,108.5512449225863,108.55105562046721,108.5470899768733,108.4767713948763,107.23873310393603,106.62336223873774,105.8370850458524,105.27745657362185,104.89442217999351,107.56055504715403
120.0,120.0,120.0,120.0,120.0,120.0,120.0,120.0,120.0,120.0,108.55110126736558,108.55112433921539,108.55115683833996,108.55119143866423,108.55122275336771,108.5512449225863,108.55105562046721,108.5470899768733,108.4767713948763,107.23873310393603,106.62336223873774,105.8370850458524,105.27745657362185,104.89442217999351,107.56055504715403
120.0,120.0,120.0,120.0,120.0,120.0,120.0,120.0,120.0,120.0,108.55110126736558,108.55112433921539,108.55115683833996,108.55119143866423,108.55122275336771,108.5512449225863,108.55105562046721,108.5470899768733,108.4767713948763,107.23873310393603,106.62336223873774,105.8370850458524,105.27745657362185,104.89442217999351,107.56055504715403
120.0,120.0,120.0,120.0,120.0,120.0,120.0,120.0,120.0,120.0,108.55110126736558,108.55112433921539,108.55115683833996,108.55119143866423,108.55122275336771,108.5512449225863,108.55105562046721,108.5470899768733,108.4767713948763,107.23873310393603,106.62336223873774,105.8370850458524,105.27745657362185,104.89442217999351,107.56055504715403
120.0,120.0,120.0,120.0,120.0,120.0,120.0,120.0,120.0,120.0,108.55110126736558,108.55112433921539,108.55115683833996,108.55119143866423,108.55122275336771,108.5512449225863,108.55105562046721,108.5470899768733,108.4767713948763,107.23873310393603,106.62336223873774,105.8370850458524,105.27745657362185,104.89442217999351,107.56055504715403
120.0,120.0,120.0,120.0,120.0,120.0,120.0,120.0,120.0,120.0,108.55110126736558,108.55112433921539,108.55115683833996,108.55119143866423,108.55122275336771,108.5512449225863,108.55105562046721,108.5470899768733,108.4767713948763,107.23873310393603,106.62336223873774,105.8370850458524,105.27745657362185,104.89442217999351,107.56055504715403
120.0,120.0,120.0,120.0,120.0,120.0,120.0,120.0,120.0,120.0,108.55110126736558,108.55112433921539,108.55115683833996,108.55119143866423,108.55122275336771,108.5512449225863,108.55105562046721,108.5470899768733,108.4767713948763,107.23873310393603,106.62336223873774,105.8370850458524,105.27745657362185,104.89442217999351,107.56055504715403
120.0,120.0,120.0,120.0,120.0,120.0,120.0,120.0,120.0,120.0,108.55110126736558,108.55112433921539,108.55115683833996,108.55119143866423,108.55122275336771,108.5512449225863,108.55105562046721,108.5470899768733,108.4767713948763,107.23873310393603,106.62336223873774,105.8370850458524,105.27745657362185,104.89442217999351,107.56055504715403
120.0,120.0,120.0,120.0,120.0,120.0,120.0,120.0,120.0,120.0,108.55110126736558,108.55112433921539,108.55115683833996,108.55119143866423,108.55122275336771,108.5512449225863,108.55105562046721,108.5470899768733,108.4767713948763,107.23873310393603,106.62336223873774,105.8370850458524,105.27745657362185,104.89442217999351,107.56055504715403
120.0,120.0,120.0,120.0,120.0,120.0,120.0,120.0,120.0,120.0,108.55110126736558,108.55112433921539,108.55115683833996,108.55119143866423,108.55122275336771,108.5512449225863,108.55105562046721,108.5470899768733,108.4767713948763,107.23873310393603,106.62336223873774,105.8370850458524,105.27745657362185,104.89442217999351,107.56055504715403
120.0,120.0,120.0,120.0,120.0,120.0,120.0,120.0,120.0,120.0,108.55110126736558,108.55112433921539,108.55115683833996,108.55119143866423,108.55122275336771,108.5512449225863,108.55105562046721,108.5470899768733,108.4767713948763,107.23873310393603,106.62336223873774,105.8370850458524,105.27745657362185,104.89442217999351,107.56055504715403
120.0,120.0,120.0,120.0,120.0,120.0,120.0,120.0,120.0,120.0,108.5508390974978,108.55081714768745,108.5508401334679,108.55101679737778,108.55125795104561,108.55132317979346,108.55097192682578,108.5470352368397,108.47687798514973,107.23871386086164,86.45504197315145,84.43981556627718,106.55221102904781,106.62349709047113,108.7558867539492
120.0,120.0,120.0,120.0,120.0,120.0,120.0,120.0,120.0,120.0,108.5508390974978,108.55081714768745,108.5508401334679,108.55101679737778,108.55125795104561,108.55132317979346,108.55097192682578,108.5470352368397,108.47687798514973,107.23871386086164,86.45504197315145,84.43981556627718,106.55221102904781,106.62349709047113,108.7558867539492
120.0,120.0,120.0,120.0,120.0,120.0,120.0,120.0,120.0,120.0,108.5508390974978,108.55081714768745,108.5508401334679,108.55101679737778,108.55125795104561,108.55132317979346,108.55097192682578,108.5470352368397,108.47687798514973,107.23871386086164,86.45504197315145,84.43981556627718,106.55221102904781,106.62349709047113,108.7558867539492
120.0,120.0,120.0,120.0,120.0,120.0,120.0,120.0,120.0,120.0,108.5508390974978,108.55081714768745,108.5508401334679,108.55101679737778,108.55125795104561,108.55132317979346,108.55097192682578,108.5470352368397,108.47687798514973,107.23871386086164,86.45504197315145,84.43981556627718,106.55221102904781,106.62349709047113,108.7558867539492
120.0,120.0,120.0,120.0,120.0,120.0,120.0,120.0,120.0,120.0,108.5508390974978,108.55081714768745,108.5508401334679,108.55101679737778,108.55125795104561,108.55132317979346,108.55097192682578,108.5470352368397,108.47687798514973,107.23871386086164,86.45504197315145,84.43981556627718,106.55221102904781,106.62349709047113,108.7558867539492
120.0,120.0,120.0,120.0,120.0,120.0,120.0,120.0,120.0,120.0,108.5508390974978,108.55081714768745,108.5508401334679,108.55101679737778,108.55125795104561,108.55132317979346,108.55097192682578,108.5470352368397,108.47687798514973,107.23871386086164,86.45504197315145,84.43981556627718,106.55221102904781,106.62349709047113,108.7558867539492
120.0,120.0,120.0,120.0,120.0,120.0,120.0,120.0,120.0,120.0,108.5508390974978,108.55081714768745,108.5508401334679,108.55101679737778,108.55125795104561,108.55132317979346,108.55097192682578,108.5470352368397,108.47687798514973,107.23871386086164,86.45504197315145,84.43981556627718,106.55221102904781,106.62349709047113,108.7558867539492
120.0,120.0,120.0,120.0,120.0,120.0,120.0,120.0,120.0,120.0,108.5508390974978,108.55081714768745,108.5508401334679,108.55101679737778,108.55125795104561,108.55132317979346,108.55097192682578,108.5470352368397,108.47687798514973,107.23871386086164,86.45504197315145,84.43981556627718,106.55221102904781,106.62349709047113,108.7558867539492
120.0,120.0,120.0,120.0,120.0,120.0,120.0,120.0,120.0,120.0,108.5508390974978,108.55081714768745,108.5508401334679,108.55101679737778,108.55125795104561,108.55132317979346,108.55097192682578,108.5470352368397,108.47687798514973,107.23871386086164,86.45504197315145,84.43981556627718,106.55221102904781,106.62349709047113,108.7558867539492
120.0,120.0,120.0,120.0,120.0,120.0,120.0,120.0,120.0,120.0,108.5508390974978,108.55081714768745,108.5508401334679,108.55101679737778,108.55125795104561,108.55132317979346,108.55097192682578,108.5470352368397,108.47687798514973,107.23871386086164,86.45504197315145,84.43981556627718,106.55221102904781,106.62349709047113,108.7558867539492
120.0,120.0,120.0,120.0,120.0,120.0,120.0,120.0,120.0,120.0,108.5508390974978,108.55081714768745,108.5508401334679,108.55101679737778,108.55125795104561,108.55132317979346,108.55097192682578,108.5470352368397,108.47687798514973,107.23871386086164,86.45504197315145,84.43981556627718,106.55221102904781,106.62349709047113,108.7558867539492
120.0,120.0,120.0,120.0,120.0,120.0,120.0,120.0,120.0,120.0,108.5508390974978,108.55081714768745,108.5508401334679,108.55101679737778,108.55125795104561,108.55132317979346,108.55097192682578,108.5470352368397,108.47687798514973,107.23871386086164,86.45504197315145,84.43981556627718,106.55221102904781,106.62349709047113,108.7558867539492
120.0,120.0,120.0,120.0,120.0,120.0,120.0,120.0,120.0,120.0,108.5508390974978,108.55081714768745,108.5508401334679,108.55101679737778,108.55125795104561,108.55132317979346,108.55097192682578,108.5470352368397,108.47687798514973,107.23871386086164,86.45504197315145,84.43981556627718,106.55221102904781,106.62349709047113,108.7558867539492
120.0,120.0,120.0,120.0,120.0,120.0,120.0,120.0,120.0,120.0,108.5508390974978,108.55081714768745,108.5508401334679,108.55101679737778,108.55125795104561,108.55132317979346,108.55097192682578,108.5470352368397,108.47687798514973,107.23871386086164,86.45504197315145,84.43981556627718,106.55221102904781,106.62349709047113,108.7558867539492
120.0,120.0,120.0,120.0,120.0,120.0,120.0,120.0,120.0,120.0,108.5508390974978,108.55081714768745,108.5508401334679,108.55101679737778,108.55125795104561,108.55132317979346,108.55097192682578,108.5470352368397,108.47687798514973,107.23871386086164,86.45504197315145,84.43981556627718,106.55221102904781,106.62349709047113,108.7558867539492
120.0,120.0,120.0,120.0,120.0,120.0,120.0,120.0,120.0,120.0,108.5508390974978,108.55081714768745,108.5508401334679,108.55101679737778,108.55125795104561,108.55132317979346,108.55097192682578,108.5470352368397,108.47687798514973,107.23871386086164,86.45504197315145,84.43981556627718,106.55221102904781,106.62349709047113,108.7558867539492
120.0,120.0,120.0,120.0,120.0,120.0,120.0,120.0,120.0,120.0,108.5506293534665,108.5507082036561,108.55039759254981,108.5504577717572,108.55074620043837,108.55067875796297,108.55066828805141,108.546788282891,108.47661899345337,107.23874974206244,86.45491052320213,84.43989436581701,83.2069279225958,83.38136234983628,88.70546334197226
120.0,120.0,120.0,120.0,120.0,120.0,120.0,120.0,120.0,120.0,108.5506293534665,108.5507082036561,108.55039759254981,108.5504577717572,108.55074620043837,108.55067875796297,108.55066828805141,108.546788282891,108.47661899345337,107.23874974206244,86.45491052320213,84.43989436581701,83.2069279225958,83.38136234983628,88.70546334197226
120.0,120.0,120.0,120.0,120.0,120.0,120.0,120.0,120.0,120.0,108.5506293534665,108.5507082036561,108.55039759254981,108.5504577717572,108.55074620043837,108.55067875796297,108.55066828805141,108.546788282891,108.47661899345337,107.23874974206244,86.45491052320213,84.43989436581701,83.2069279225958,83.38136234983628,88.70546334197226
120.0,120.0,120.0,120.0,120.0,120.0,120.0,120.0,120.0,120.0,108.5506293534665,108.5507082036561,108.55039759254981,108.5504577717572,108.55074620043837,108.55067875796297,108.55066828805141,108.546788282891,108.47661899345337,107.23874974206244,86.45491052320213,84.43989436581701,83.2069279225958,83.38136234983628,88.70546334197226
120.0,120.0,120.0,120.0,120.0,120.0,120.0,120.0,120.0,120.0,108.5506293534665,108.5507082036561,108.55039759254981,108.5504577717572,108.55074620043837,108.55067875796297,108.55066828805141,108.546788282891,108.47661899345337,107.23874974206244,86.45491052320213,84.43989436581701,83.2069279225958,83.38136234983628,88.70546334197226
120.0,120.0,120.0,120.0,120.0,120.0,120.0,120.0,120.0,120.0,108.5506293534665,108.5507082036561,108.55039759254981,108.5504577717572,108.55074620043837,108.55067875796297,108.55066828805141,108.546788282891,108.47661899345337,107.23874974206244,86.45491052320213,84.43989436581701,83.2069279225958,83.38136234983628,88.70546334197226
120.0,120.0,120.0,120.0,120.0,120.0,120.0,120.0,120.0,120.0,108.5506293534665,108.5507082036561,108.55039759254981,108.5504577717572,108.55074620043837,108.55067875796297,108.55066828805141,108.546788282891,108.47661899345337,107.23874974206244,86.45491052320213,84.43989436581701,83.2069279225958,83.38136234983628,88.70546334197226
120.0,120.0,120.0,120.0,120.0,120.0,120.0,120.0,120.0,120.0,108.5506293534665,108.5507082036561,108.55039759254981,108.5504577717572,108.55074620043837,108.55067875796297,108.55066828805141,108.546788282891,108.47661899345337,107.23874974206244,86.45491052320213,84.43989436581701,83.2069279225958,83.38136234983628,88.70546334197226
120.0,120.0,120.0,120.0,120.0,120.0,120.0,120.0,120.0,120.0,108.5506293534665,108.5507082036561,108.55039759254981,108.5504577717572,108.55074620043837,108.55067875796297,108.55066828805141,108.546788282891,108.47661899345337,107.23874974206244,86.45491052320213,84.43989436581701,83.2069279225958,83.38136234983628,88.70546334197226
120.0,120.0,120.0,120.0,120.0,120.0,120.0,120.0,120.0,120.0,108.5506293534665,108.5507082036561,108.55039759254981,108.5504577717572,108.55074620043837,108.55067875796297,108.55066828805141,108.546788282891,108.47661899345337,107.23874974206244,86.45491052320213,84.43989436581701,83.2069279225958,83.38136234983628,88.70546334197226
120.0,120.0,120.0,120.0,120.0,120.0,120.0,120.0,120.0,120.0,108.5506293534665,108.5507082036561,108.55039759254981,108.5504577717572,108.55074620043837,108.55067875796297,108.55066828805141,108.546788282891,108.47661899345337,107.23874974206244,86.45491052320213,84.43989436581701,83.2069279225958,83.38136234983628,88.70546334197226
120.0,120.0,120.0,120.0,120.0,120.0,120.0,120.0,120.0,120.0,108.5506293534665,108.5507082036561,108.55039759254981,108.5504577717572,108.55074620043837,108.55067875796297,108.55066828805141,108.546788282891,108.47661899345337,107.23874974206244,86.45491052320213,84.43989436581701,83.2069279225958,83.38136234983628,88.70546334197226
120.0,120.0,120.0,120.0,120.0,120.0,120.0,120.0,120.0,120.0,108.5506293534665,108.5507082036561,108.55039759254981,108.5504577717572,108.55074620043837,108.55067875796297,108.55066828805141,108.546788282891,108.47661899345337,107.23874974206244,86.45491052320213,84.43989436581701,83.2069279225958,83.38136234983628,88.70546334197226
120.0,120.0,120.0,120.0,120.0,120.0,120.0,120.0,120.0,120.0,108.5506293534665,108.5507082036561,108.55039759254981,108.5504577717572,108.55074620043837,108.55067875796297,108.55066828805141,108.546788282891,108.47661899345337,107.23874974206244,86.45491052320213,84.43989436581701,83.2069279225958,83.38136234983628,88.70546334197226
120.0,120.0,120.0,120.0,120.0,120.0,120.0,120.0,120.0,120.0,108.5506293534665,108.5507082036561,108.55039759254981,108.5504577717572,108.55074620043837,108.55067875796297,108.55066828805141,108.546788282891,108.47661899345337,107.23874974206244,86.45491052320213,84.43989436581701,83.2069279225958,83.38136234983628,88.70546334197226
120.0,120.0,120.0,120.0,120.0,120.0,120.0,120.0,120.0,120.0,108.5506293534665,108.5507082036561,108.55039759254981,108.5504577717572,108.55074620043837,108.55067875796297,108.55066828805141,108.546788282891,108.47661899345337,107.23874974206244,86.45491052320213,84.43989436581701,83.2069279225958,83.38136234983628,88.70546334197226
120.0,120.0,120.0,120.0,120.0,120.0,120.0,120.0,120.0,120.0,108.5508998245572,108.55102449763287,108.5511311533592,108.55111576700784,108.55098940392023,108.55117863246421,108.55095891077029,108.54696426856158,108.47668252571506,107.2386249251006,86.45472145028225,84.43953198932067,83.20632784523326,83.38075275946288,88.70518930779326
120.0,120.0,120.0,120.0,120.0,120.0,120.0,120.0,120.0,120.0,108.5508998245572,108.55102449763287,108.5511311533592,108.55111576700784,108.55098940392023,108.55117863246421,108.55095891077029,108.54696426856158,108.47668252571506,107.2386249251006,86.45472145028225,84.43953198932067,83.20632784523326,83.38075275946288,88.70518930779326
120.0,120.0,120.0,120.0,120.0,120.0,120.0,120.0,120.0,120.0,108.5508998245572,108.55102449763287,108.5511311533592,108.55111576700784,108.55098940392023,108.55117863246421,108.55095891077029,108.54696426856158,108.47668252571506,107.2386249251006,86.45472145028225,84.43953198932067,83.20632784523326,83.38075275946288,88.70518930779326
120.0,120.0,120.0,120.0,120.0,120.0,120.0,120.0,120.0,120.0,108.5508998245572,108.55102449763287,108.5511311533592,108.55111576700784,108.55098940392023,108.55117863246421,108.55095891077029,108.54696426856158,108.47668252571506,107.2386249251006,86.45472145028225,84.43953198932067,83.20632784523326,83.38075275946288,88.70518930779326
120.0,120.0,120.0,120.0,120.0,120.0,120.0,120.0,120.0,120.0,108.5508998245572,108.55102449763287,108.5511311533592,108.55111576700784,108.55098940392023,108.55117863246421,108.55095891077029,108.54696426856158,108.47668252571506,107.2386249251006,86.45472145028225,84.43953198932067,83.20632784523326,83.38075275946288,88.70518930779326
120.0,120.0,120.0,120.0,120.0,120.0,120.0,120.0,120.0,120.0,108.5508998245572,108.55102449763287,108.5511311533592,108.55111576700784,108.55098940392023,108.55117863246421,108.55095891077029,108.54696426856158,108.47668252571506,107.2386249251006,86.45472145028225,84.43953198932067,83.20632784523326,83.38075275946288,88.70518930779326
120.0,120.0,120.0,120.0,120.0,120.0,120.0,120.0,120.0,120.0,108.5508998245572,108.55102449763287,108.5511311533592,108.55111576700784,108.55098940392023,108.55117863246421,108.55095891077029,108.54696426856158,108.47668252571506,107.2386249251006,86.45472145028225,84.43953198932067,83.20632784523326,83.38075275946288,88.70518930779326
120.0,120.0,120.0,120.0,120.0,120.0,120.0,120.0,120.0,120.0,108.5508998245572,108.55102449763287,108.5511311533592,108.55111576700784,108.55098940392023,108.55117863246421,108.55095891077029,108.54696426856158,108.47668252571506,107.2386249251006,86.45472145028225,84.43953198932067,83.20632784523326,83.38075275946288,88.70518930779326
120.0,120.0,120.0,120.0,120.0,120.0,120.0,120.0,120.0,120.0,108.5508998245572,108.55102449763287,108.5511311533592,108.55111576700784,108.55098940392023,108.55117863246421,108.55095891077029,108.54696426856158,108.47668252571506,107.2386249251006,86.45472145028225,84.43953198932067,83.20632784523326,83.38075275946288,88.70518930779326
120.0,120.0,120.0,120.0,120.0,120.0,120.0,120.0,120.0,120.0,108.5508998245572,108.55102449763287,108.5511311533592,108.55111576700784,108.55098940392023,108.55117863246421,108.55095891077029,108.54696426856158,108.47668252571506,107.2386249251006,86.45472145028225,84.43953198932067,83.20632784523326,83.38075275946288,88.70518930779326
120.0,120.0,120.0,120.0,120.0,120.0,120.0,120.0,120.0,120.0,108.5508998245572,108.55102449763287,108.5511311533592,108.55111576700784,108.55098940392023,108.55117863246421,108.55095891077029,108.54696426856158,108.47668252571506,107.2386249251006,86.45472145028225,84.43953198932067,83.20632784523326,83.38075275946288,88.70518930779326
120.0,120.0,120.0,120.0,120.0,120.0,120.0,120.0,120.0,120.0,108.5508998245572,108.55102449763287,108.5511311533592,108.55111576700784,108.55098940392023,108.55117863246421,108.55095891077029,108.54696426856158,108.47668252571506,107.2386249251006,86.45472145028225,84.43953198932067,83.20632784523326,83.38075275946288,88.70518930779326
120.0,120.0,120.0,120.0,120.0,120.0,120.0,120.0,120.0,120.0,108.5508998245572,108.55102449763287,108.5511311533592,108.55111576700784,108.55098940392023,108.55117863246421,108.55095891077029,108.54696426856158,108.47668252571506,107.2386249251006,86.45472145028225,84.43953198932067,83.20632784523326,83.38075275946288,88.70518930779326
120.0,120.0,120.0,120.0,120.0,120.0,120.0,120.0,120.0,120.0,108.5508998245572,108.55102449763287,108.5511311533592,108.55111576700784,108.55098940392023,108.55117863246421,108.55095891077029,108.54696426856158,108.47668252571506,107.2386249251006,86.45472145028225,84.43953198932067,83.20632784523326,83.38075275946288,88.70518930779326
120.0,120.0,120.0,120.0,120.0,120.0,120.0,120.0,120.0,120.0,108.5508998245572,108.55102449763287,108.5511311533592,108.55111576700784,108.55098940392023,108.55117863246421,108.55095891077029,108.54696426856158,108.47668252571506,107.2386249251006,86.45472145028225,84.43953198932067,83.20632784523326,83.38075275946288,88.70518930779326
120.0,120.0,120.0,120.0,120.0,120.0,120.0,120.0,120.0,120.0,108.5508998245572,108.55102449763287,108.5511311533592,108.55111576700784,108.55098940392023,108.55117863246421,108.55095891077029,108.54696426856158,108.47668252571506,107.2386249251006,86.45472145028225,84.43953198932067,83.20632784523326,83.38075275946288,88.70518930779326
120.0,120.0,120.0,120.0,120.0,120.0,120.0,120.0,120.0,120.0,108.55108449918228,108.55110473349168,108.55114488053846,108.55115935929463,108.55117657246822,108.55120441012376,108.55100637431235,108.54702970760216,108.4767058119259,107.2386429689085,86.45467450746814,84.43955410154607,83.20631471962918,83.38065802520397,88.70504307407943
120.0,120.0,120.0,120.0,120.0,120.0,120.0,120.0,120.0,120.0,108.55108449918228,108.55110473349168,108.55114488053846,108.55115935929463,108.55117657246822,108.55120441012376,108.55100637431235,108.54702970760216,108.4767058119259,107.2386429689085,86.45467450746814,84.43955410154607,83.20631471962918,83.38065802520397,88.70504307407943
120.0,120.0,120.0,120.0,120.0,120.0,120.0,120.0,120.0,120.0,108.55108449918228,108.55110473349168,108.55114488053846,108.55115935929463,108.55117657246822,108.55120441012376,108.55100637431235,108.54702970760216,108.4767058119259,107.2386429689085,86.45467450746814,84.43955410154607,83.20631471962918,83.38065802520397,88.70504307407943
120.0,120.0,120.0,120.0,120.0,120.0,120.0,120.0,120.0,120.0,108.55108449918228,108.55110473349168,108.55114488053846,108.55115935929463,108.55117657246822,108.55120441012376,108.55100637431235,108.54702970760216,108.4767058119259,107.2386429689085,86.45467450746814,84.43955410154607,83.20631471962918,83.38065802520397,88.70504307407943
120.0,120.0,120.0,120.0,120.0,120.0,120.0,120.0,120.0,120.0,108.55108449918228,108.55110473349168,108.55114488053846,108.55115935929463,108.55117657246822,108.55120441012376,108.55100637431235,108.54702970760216,108.4767058119259,107.2386429689085,86.45467450746814,84.43955410154607,83.20631471962918,83.38065802520397,88.70504307407943
120.0,120.0,120.0,120.0,120.0,120.0,120.0,120.0,120.0,120.0,108.55108449918228,108.55110473349168,108.55114488053846,108.55115935929463,108.55117657246822,108.55120441012376,108.55100637431235,108.54702970760216,108.4767058119259,107.2386429689085,86.45467450746814,84.43955410154607,83.20631471962918,83.38065802520397,88.70504307407943
120.0,120.0,120.0,120.0,120.0,120.0,120.0,120.0,120.0,120.0,108.55108449918228,108.55110473349168,108.55114488053846,108.55115935929463,108.55117657246822,108.55120441012376,108.55100637431235,108.54702970760216,108.4767058119259,107.2386429689085,86.45467450746814,84.43955410154607,83.20631471962918,83.38065802520397,88.70504307407943
120.0,120.0,120.0,120.0,120.0,120.0,120.0,120.0,120.0,120.0,108.55108449918228,108.55110473349168,108.55114488053846,108.55115935929463,108.55117657246822,108.55120441012376,108.55100637431235,108.54702970760216,108.4767058119259,107.2386429689085,86.45467450746814,84.43955410154607,83.20631471962918,83.38065802520397,88.70504307407943
120.0,120.0,120.0,120.0,120.0,120.0,120.0,120.0,120.0,120.0,108.55108449918228,108.55110473349168,108.55114488053846,108.55115935929463,108.55117657246822,108.55120441012376,108.55100637431235,108.54702970760216,108.4767058119259,107.2386429689085,86.45467450746814,84.43955410154607,83.20631471962918,83.38065802520397,88.70504307407943
120.0,120.0,120.0,120.0,120.0,120.0,120.0,120.0,120.0,120.0,108.55108449918228,108.55110473349168,108.55114488053846,108.55115935929463,108.55117657246822,108.55120441012376,108.55100637431235,108.54702970760216,108.4767058119259,107.2386429689085,86.45467450746814,84.43955410154607,83.20631471962918,83.38065802520397,88.70504307407943
120.0,120.0,120.0,120.0,120.0,120.0,120.0,120.0,120.0,120.0,108.55108449918228,108.55110473349168,108.55114488053846,108.55115935929463,108.55117657246822,108.55120441012376,108.55100637431235,108.54702970760216,108.4767058119259,107.2386429689085,86.45467450746814,84.43955410154607,83.20631471962918,83.38065802520397,88.70504307407943
120.0,120.0,120.0,120.0,120.0,120.0,120.0,120.0,120.0,120.0,108.55108449918228,108.55110473349168,108.55114488053846,108.55115935929463,108.55117657246822,108.55120441012376,108.55100637431235,108.54702970760216,108.4767058119259,107.2386429689085,86.45467450746814,84.43955410154607,83.20631471962918,83.38065802520397,88.70504307407943
120.0,120.0,120.0,120.0,120.0,120.0,120.0,120.0,120.0,120.0,108.55108449918228,108.55110473349168,108.55114488053846,108.55115935929463,108.55117657246822,108.55120441012376,108.55100637431235,108.54702970760216,108.4767058119259,107.2386429689085,86.45467450746814,84.43955410154607,83.20631471962918,83.38065802520397,88.70504307407943
120.0,120.0,120.0,120.0,120.0,120.0,120.0,120.0,120.0,120.0,108.55108449918228,108.55110473349168,108.55114488053846,108.55115935929463,108.55117657246822,108.55120441012376,108.55100637431235,108.54702970760216,108.4767058119259,107.2386429689085,86.45467450746814,84.43955410154607,83.20631471962918,83.38065802520397,88.70504307407943
120.0,120.0,120.0,120.0,120.0,120.0,120.0,120.0,120.0,120.0,108.55108449918228,108.55110473349168,108.55114488053846,108.55115935929463,108.55117657246822,108.55120441012376,108.55100637431235,108.54702970760216,108.4767058119259,107.2386429689085,86.45467450746814,84.43955410154607,83.20631471962918,83.38065802520397,88.70504307407943
120.0,120.0,120.0,120.0,120.0,120.0,120.0,120.0,120.0,120.0,108.55108449918228,108.55110473349168,108.55114488053846,108.55115935929463,108.55117657246822,108.55120441012376,108.55100637431235,108.54702970760216,108.4767058119259,107.2386429689085,86.45467450746814,84.43955410154607,83.20631471962918,83.38065802520397,88.70504307407943
120.0,120.0,120.0,120.0,120.0,120.0,120.0,120.0,120.0,120.0,108.55109201387636,108.5511127212737,108.5511410685384,108.55116419730552,108.55119099331974,108.55120826748882,108.55100861997849,108.5470389771063,108.47671710137857,107.23865258405151,86.45470923992238,84.4396029003503,83.2063617519021,83.38071468015687,88.70508163107768
120.0,120.0,120.0,120.0,120.0,120.0,120.0,120.0,120.0,120.0,108.55109201387636,108.5511127212737,108.5511410685384,108.55116419730552,108.55119099331974,108.55120826748882,108.55100861997849,108.5470389771063,108.47671710137857,107.23865258405151,86.45470923992238,84.4396029003503,83.2063617519021,83.38071468015687,88.70508163107768
120.0,120.0,120.0,120.0,120.0,120.0,120.0,120.0,120.0,120.0,108.55109201387636,108.5511127212737,108.5511410685384,108.55116419730552,108.55119099331974,108.55120826748882,108.55100861997849,108.5470389771063,108.47671710137857,107.23865258405151,86.45470923992238,84.4396029003503,83.2063617519021,83.38071468015687,88.70508163107768
120.0,120.0,120.0,120.0,120.0,120.0,120.0,120.0,120.0,120.0,108.55109201387636,108.5511127212737,108.5511410685384,108.55116419730552,108.55119099331974,108.55120826748882,108.55100861997849,108.5470389771063,108.47671710137857,107.23865258405151,86.45470923992238,84.4396029003503,83.2063617519021,83.38071468015687,88.70508163107768
120.0,120.0,120.0,120.0,120.0,120.0,120.0,120.0,120.0,120.0,108.55109201387636,108.5511127212737,108.5511410685384,108.55116419730552,108.55119099331974,108.55120826748882,108.55100861997849,108.5470389771063,108.47671710137857,107.23865258405151,86.45470923992238,84.4396029003503,83.2063617519021,83.38071468015687,88.70508163107768
120.0,120.0,120.0,120.0,120.0,120.0,120.0,120.0,120.0,120.0,108.55109201387636,108.5511127212737,108.5511410685384,108.55116419730552,108.55119099331974,108.55120826748882,108.55100861997849,108.5470389771063,108.47671710137857,107.23865258405151,86.45470923992238,84.4396029003503,83.2063617519021,83.38071468015687,88.70508163107768
120.0,120.0,120.0,120.0,120.0,120.0,120.0,120.0,120.0,120.0,108.55109201387636,108.5511127212737,108.5511410685384,108.55116419730552,108.55119099331974,108.55120826748882,108.55100861997849,108.5470389771063,108.47671710137857,107.23865258405151,86.45470923992238,84.4396029003503,83.2063617519021,83.38071468015687,88.70508163107768
120.0,120.0,120.0,120.0,120.0,120.0,120.0,120.0,120.0,120.0,108.55109201387636,108.5511127212737,108.5511410685384,108.55116419730552,108.55119099331974,108.55120826748882,108.55100861997849,108.5470389771063,108.47671710137857,107.23865258405151,86.45470923992238,84.4396029003503,83.2063617519021,83.38071468015687,88.70508163107768
120.0,120.0,120.0,120.0,120.0,120.0,120.0,120.0,120.0,120.0,108.55109201387636,108.5511127212737,108.5511410685384,108.55116419730552,108.55119099331974,108.55120826748882,108.55100861997849,108.5470389771063,108.47671710137857,107.23865258405151,86.45470923992238,84.4396029003503,83.2063617519021,83.38071468015687,88.70508163107768
120.0,120.0,120.0,120.0,120.0,120.0,120.0,120.0,120.0,120.0,108.55109201387636,108.5511127212737,108.5511410685384,108.55116419730552,108.55119099331974,108.55120826748882,108.55100861997849,108.5470389771063,108.47671710137857,107.23865258405151,86.45470923992238,84.4396029003503,83.2063617519021,83.38071468015687,88.70508163107768
120.0,120.0,120.0,120.0,120.0,120.0,120.0,120.0,120.0,120.0,108.55109201387636,108.5511127212737,108.5511410685384,108.55116419730552,108.55119099331974,108.55120826748882,108.55100861997849,108.5470389771063,108.47671710137857,107.23865258405151,86.45470923992238,84.4396029003503,83.2063617519021,83.38071468015687,88.70508163107768
120.0,120.0,120.0,120.0,120.0,120.0,120.0,120.0,120.0,120.0,108.55109201387636,108.5511127212737,108.5511410685384,108.55116419730552,108.55119099331974,108.55120826748882,108.55100861997849,108.5470389771063,108.47671710137857,107.23865258405151,86.45470923992238,84.4396029003503,83.2063617519021,83.38071468015687,88.70508163107768
120.0,120.0,120.0,120.0,120.0,120.0,120.0,120.0,120.0,120.0,108.55109201387636,108.5511127212737,108.5511410685384,108.55116419730552,108.55119099331974,108.55120826748882,108.55100861997849,108.5470389771063,108.47671710137857,107.23865258405151,86.45470923992238,84.4396029003503,83.2063617519021,83.38071468015687,88.70508163107768
120.0,120.0,120.0,120.0,120.0,120.0,120.0,120.0,120.0,120.0,108.55109201387636,108.5511127212737,108.5511410685384,108.55116419730552,108.55119099331974,108.55120826748882,108.55100861997849,108.5470389771063,108.47671710137857,107.23865258405151,86.45470923992238,84.4396029003503,83.2063617519021,83.38071468015687,88.70508163107768
120.0,120.0,120.0,120.0,120.0,120.0,120.0,120.0,120.0,120.0,108.55109201387636,108.5511127212737,108.5511410685384,108.55116419730552,108.55119099331974,108.55120826748882,108.55100861997849,108.5470389771063,108.47671710137857,107.23865258405151,86.45470923992238,84.4396029003503,83.2063617519021,83.38071468015687,88.70508163107768
120.0,120.0,120.0,120.0,120.0,120.0,120.0,120.0,120.0,120.0,108.55109201387636,108.5511127212737,108.5511410685384,108.55116419730552,108.55119099331974,108.55120826748882,108.55100861997849,108.5470389771063,108.47671710137857,107.23865258405151,86.45470923992238,84.4396029003503,83.2063617519021,83.38071468015687,88.70508163107768
120.0,120.0,120.0,120.0,120.0,120.0,120.0,120.0,120.0,120.0,108.55108885690325,108.55110893514623,108.55113570332004,108.55116106202954,108.55118766917539,108.55120428998596,108.55100877905342,108.54703858342153,108.4767169887186,107.23865771326577,86.45472130255428,84.43962356689215,83.2063918818918,83.38074516290806,88.70510667905177
120.0,120.0,120.0,120.0,120.0,120.0,120.0,120.0,120.0,120.0,108.55108885690325,108.55110893514623,108.55113570332004,108.55116106202954,108.55118766917539,108.55120428998596,108.55100877905342,108.54703858342153,108.4767169887186,107.23865771326577,86.45472130255428,84.43962356689215,83.2063918818918,83.38074516290806,88.70510667905177
120.0,120.0,120.0,120.0,120.0,120.0,120.0,120.0,120.0,120.0,108.55108885690325,108.55110893514623,108.55113570332004,108.55116106202954,108.55118766917539,108.55120428998596,108.55100877905342,108.54703858342153,108.4767169887186,107.23865771326577,86.45472130255428,84.43962356689215,83.2063918818918,83.38074516290806,88.70510667905177
120.0,120.0,120.0,120.0,120.0,120.0,120.0,120.0,120.0,120.0,108.55108885690325,108.55110893514623,108.55113570332004,108.55116106202954,108.55118766917539,108.55120428998596,108.55100877905342,108.54703858342153,108.4767169887186,107.23865771326577,86.45472130255428,84.43962356689215,83.2063918818918,83.38074516290806,88.70510667905177
120.0,120.0,120.0,120.0,120.0,120.0,120.0,120.0,120.0,120.0,108.55108885690325,108.55110893514623,108.55113570332004,108.55116106202954,108.55118766917539,108.55120428998596,108.55100877905342,108.54703858342153,108.4767169887186,107.23865771326577,86.45472130255428,84.43962356689215,83.2063918818918,83.38074516290806,88.70510667905177
120.0,120.0,120.0,120.0,120.0,120.0,120.0,120.0,120.0,120.0,108.55108885690325,108.55110893514623,108.55113570332004,108.55116106202954,108.55118766917539,108.55120428998596,108.55100877905342,108.54703858342153,108.4767169887186,107.23865771326577,86.45472130255428,84.43962356689215,83.2063918818918,83.38074516290806,88.70510667905177
120.0,120.0,120.0,120.0,120.0,120.0,120.0,120.0,120.0,120.0,108.55108885690325,108.55110893514623,108.55113570332004,108.55116106202954,108.55118766917539,108.55120428998596,108.55100877905342,108.54703858342153,108.4767169887186,107.23865771326577,86.45472130255428,84.43962356689215,83.2063918818918,83.38074516290806,88.70510667905177
120.0,120.0,120.0,120.0,120.0,120.0,120.0,120.0,120.0,120.0,108.55108885690325,108.55110893514623,108.55113570332004,108.55116106202954,108.55118766917539,108.55120428998596,108.55100877905342,108.54703858342153,108.4767169887186,107.23865771326577,86.45472130255428,84.43962356689215,83.2063918818918,83.38074516290806,88.70510667905177
120.0,120.0,120.0,120.0,120.0,120.0,120.0,120.0,120.0,120.0,108.55108885690325,108.55110893514623,108.55113570332004,108.55116106202954,108.55118766917539,108.55120428998596,108.55100877905342,108.54703858342153,108.4767169887186,107.23865771326577,86.45472130255428,84.43962356689215,83.2063918818918,83.38074516290806,88.70510667905177
120.0,120.0,120.0,120.0,120.0,120.0,120.0,120.0,120.0,120.0,108.55108885690325,108.55110893514623,108.55113570332004,108.55116106202954,108.55118766917539,108.55120428998596,108.55100877905342,108.54703858342153,108.4767169887186,107.23865771326577,86.45472130255428,84.43962356689215,83.2063918818918,83.38074516290806,88.70510667905177
120.0,120.0,120.0,120.0,120.0,120.0,120.0,120.0,120.0,120.0,108.55108885690325,108.55110893514623,108.55113570332004,108.55116106202954,108.55118766917539,108.55120428998596,108.55100877905342,108.54703858342153,108.4767169887186,107.23865771326577,86.45472130255428,84.43962356689215,83.2063918818918,83.38074516290806,88.70510667905177
120.0,120.0,120.0,120.0,120.0,120.0,120.0,120.0,120.0,120.0,108.55108885690325,108.55110893514623,108.55113570332004,108.55116106202954,108.55118766917539,108.55120428998596,108.55100877905342,108.54703858342153,108.4767169887186,107.23865771326577,86.45472130255428,84.43962356689215,83.2063918818918,83.38074516290806,88.70510667905177
120.0,120.0,120.0,120.0,120.0,120.0,120.0,120.0,120.0,120.0,108.55108885690325,108.55110893514623,108.55113570332004,108.55116106202954,108.55118766917539,108.55120428998596,108.55100877905342,108.54703858342153,108.4767169887186,107.23865771326577,86.45472130255428,84.43962356689215,83.2063918818918,83.38074516290806,88.70510667905177
120.0,120.0,120.0,120.0,120.0,120.0,120.0,120.0,120.0,120.0,108.55108885690325,108.55110893514623,108.55113570332004,108.55116106202954,108.55118766917539,108.55120428998596,108.55100877905342,108.54703858342153,108.4767169887186,107.23865771326577,86.45472130255428,84.43962356689215,83.2063918818918,83.38074516290806,88.70510667905177
120.0,120.0,120.0,120.0,120.0,120.0,120.0,120.0,120.0,120.0,108.55108885690325,108.55110893514623,108.55113570332004,108.55116106202954,108.55118766917539,108.55120428998596,108.55100877905342,108.54703858342153,108.4767169887186,107.23865771326577,86.45472130255428,84.43962356689215,83.2063918818918,83.38074516290806,88.70510667905177
120.0,120.0,120.0,120.0,120.0,120.0,120.0,120.0,120.0,120.0,108.55108885690325,108.55110893514623,108.55113570332004,108.55116106202954,108.55118766917539,108.55120428998596,108.55100877905342,108.54703858342153,108.4767169887186,107.23865771326577,86.45472130255428,84.43962356689215,83.2063918818918,83.38074516290806,88.70510667905177
120.0,120.0,120.0,120.0,120.0,120.0,120.0,120.0,120.0,120.0,108.55108749039991,108.55110716422524,108.55113368303726,108.55115932257355,108.55118580611926,108.55120252893792,108.55100791589274,108.5470379705717,108.47671664731322,107.23865827885123,86.45472325511199,84.43962790797619,83.20639929604324,83.38075420941067,88.70511451180222
120.0,120.0,120.0,120.0,120.0,120.0,120.0,120.0,120.0,120.0,108.55108749039991,108.55110716422524,108.55113368303726,108.55115932257355,108.55118580611926,108.55120252893792,108.55100791589274,108.5470379705717,108.47671664731322,107.23865827885123,86.45472325511199,84.43962790797619,83.20639929604324,83.38075420941067,88.70511451180222
120.0,120.0,120.0,120.0,120.0,120.0,120.0,120.0,120.0,120.0,108.55108749039991,108.55110716422524,108.55113368303726,108.55115932257355,108.55118580611926,108.55120252893792,108.55100791589274,108.5470379705717,108.47671664731322,107.23865827885123,86.45472325511199,84.43962790797619,83.20639929604324,83.38075420941067,88.70511451180222
120.0,120.0,120.0,120.0,120.0,120.0,120.0,120.0,120.0,120.0,108.55108749039991,108.55110716422524,108.55113368303726,108.55115932257355,108.55118580611926,108.55120252893792,108.55100791589274,108.5470379705717,108.47671664731322,107.23865827885123,86.45472325511199,84.43962790797619,83.20639929604324,83.38075420941067,88.70511451180222
120.0,120.0,120.0,120.0,120.0,120.0,120.0,120.0,120.0,120.0,108.55108749039991,108.55110716422524,108.55113368303726,108.55115932257355,108.55118580611926,108.55120252893792,108.55100791589274,108.5470379705717,108.47671664731322,107.23865827885123,86.45472325511199,84.43962790797619,83.20639929604324,83.38075420941067,88.70511451180222
120.0,120.0,120.0,120.0,120.0,120.0,120.0,120.0,120.0,120.0,108.55108749039991,108.55110716422524,108.55113368303726,108.55115932257355,108.55118580611926,108.55120252893792,108.55100791589274,108.5470379705717,108.47671664731322,107.23865827885123,86.45472325511199,84.43962790797619,83.20639929604324,83.38075420941067,88.70511451180222
120.0,120.0,120.0,120.0,120.0,120.0,120.0,120.0,120.0,120.0,108.55108749039991,108.55110716422524,108.55113368303726,108.55115932257355,108.55118580611926,108.55120252893792,108.55100791589274,108.5470379705717,108.47671664731322,107.23865827885123,86.45472325511199,84.43962790797619,83.20639929604324,83.38075420941067,88.70511451180222
120.0,120.0,120.0,120.0,120.0,120.0,120.0,120.0,120.0,120.0,108.55108749039991,108.55110716422524,108.55113368303726,108.55115932257355,108.55118580611926,108.55120252893792,108.55100791589274,108.5470379705717,108.47671664731322,107.23865827885123,86.45472325511199,84.43962790797619,83.20639929604324,83.38075420941067,88.70511451180222
120.0,120.0,120.0,120.0,120.0,120.0,120.0,120.0,120.0,120.0,108.55108749039991,108.55110716422524,108.55113368303726,108.55115932257355,108.55118580611926,108.55120252893792,108.55100791589274,108.5470379705717,108.47671664731322,107.23865827885123,86.45472325511199,84.43962790797619,83.20639929604324,83.38075420941067,88.70511451180222
120.0,120.0,120.0,120.0,120.0,120.0,120.0,120.0,120.0,120.0,108.55108749039991,108.55110716422524,108.55113368303726,108.55115932257355,108.55118580611926,108.55120252893792,108.55100791589274,108.5470379705717,108.47671664731322,107.23865827885123,86.45472325511199,84.43962790797619,83.20639929604324,83.38075420941067,88.70511451180222
120.0,120.0,120.0,120.0,120.0,120.0,120.0,120.0,120.0,120.0,108.55108749039991,108.55110716422524,108.55113368303726,108.55115932257355,108.55118580611926,108.55120252893792,108.55100791589274,108.5470379705717,108.47671664731322,107.23865827885123,86.45472325511199,84.43962790797619,83.20639929604324,83.38075420941067,88.70511451180222
120.0,120.0,120.0,120.0,120.0,120.0,120.0,120.0,120.0,120.0,108.55108749039991,108.55110716422524,108.55113368303726,108.55115932257355,108.55118580611926,108.55120252893792,108.55100791589274,108.5470379705717,108.47671664731322,107.23865827885123,86.45472325511199,84.43962790797619,83.20639929604324,83.38075420941067,88.70511451180222
120.0,120.0,120.0,120.0,120.0,120.0,120.0,120.0,120.0,120.0,108.55108749039991,108.55110716422524,108.55113368303726,108.55115932257355,108.55118580611926,108.55120252893792,108.55100791589274,108.5470379705717,108.47671664731322,107.23865827885123,86.45472325511199,84.43962790797619,83.20639929604324,83.38075420941067,88.70511451180222
120.0,120.0,120.0,120.0,120.0,120.0,120.0,120.0,120.0,120.0,108.55108749039991,108.55110716422524,108.55113368303726,108.55115932257355,108.55118580611926,108.55120252893792,108.55100791589274,108.5470379705717,108.47671664731322,107.23865827885123,86.45472325511199,84.43962790797619,83.20639929604324,83.38075420941067,88.70511451180222
120.0,120.0,120.0,120.0,120.0,120.0,120.0,120.0,120.0,120.0,108.55108749039991,108.55110716422524,108.55113368303726,108.55115932257355,108.55118580611926,108.55120252893792,108.55100791589274,108.5470379705717,108.47671664731322,107.23865827885123,86.45472325511199,84.43962790797619,83.20639929604324,83.38075420941067,88.70511451180222
120.0,120.0,120.0,120.0,120.0,120.0,120.0,120.0,120.0,120.0,108.55108749039991,108.55110716422524,108.55113368303726,108.55115932257355,108.55118580611926,108.55120252893792,108.55100791589274,108.5470379705717,108.47671664731322,107.23865827885123,86.45472325511199,84.43962790797619,83.20639929604324,83.38075420941067,88.70511451180222
120.0,120.0,120.0,120.0,120.0,120.0,120.0,120.0,120.0,120.0,108.55108717882852,108.55110673311256,108.55113322717406,108.55115886012948,108.55118532310064,108.55120209423447,108.55100758805634,108.54703772850817,108.47671649639886,107.23865820073067,86.45472315662715,84.43962821699141,83.206400195875,83.38075560955306,88.70511583124285
120.0,120.0,120.0,120.0,120.0,120.0,120.0,120.0,120.0,120.0,108.55108717882852,108.55110673311256,108.55113322717406,108.55115886012948,108.55118532310064,108.55120209423447,108.55100758805634,108.54703772850817,108.47671649639886,107.23865820073067,86.45472315662715,84.43962821699141,83.206400195875,83.38075560955306,88.70511583124285
120.0,120.0,120.0,120.0,120.0,120.0,120.0,120.0,120.0,120.0,108.55108717882852,108.55110673311256,108.55113322717406,108.55115886012948,108.55118532310064,108.55120209423447,108.55100758805634,108.54703772850817,108.47671649639886,107.23865820073067,86.45472315662715,84.43962821699141,83.206400195875,83.38075560955306,88.70511583124285
120.0,120.0,120.0,120.0,120.0,120.0,120.0,120.0,120.0,120.0,108.55108717882852,108.55110673311256,108.55113322717406,108.55115886012948,108.55118532310064,108.55120209423447,108.55100758805634,108.54703772850817,108.47671649639886,107.23865820073067,86.45472315662715,84.43962821699141,83.206400195875,83.38075560955306,88.70511583124285
120.0,120.0,120.0,120.0,120.0,120.0,120.0,120.0,120.0,120.0,108.55108717882852,108.55110673311256,108.55113322717406,108.55115886012948,108.55118532310064,108.55120209423447,108.55100758805634,108.54703772850817,108.47671649639886,107.23865820073067,86.45472315662715,84.43962821699141,83.206400195875,83.38075560955306,88.70511583124285
120.0,120.0,120.0,120.0,120.0,120.0,120.0,120.0,120.0,120.0,108.55108717882852,108.55110673311256,108.55113322717406,108.55115886012948,108.55118532310064,108.55120209423447,108.55100758805634,108.54703772850817,108.47671649639886,107.23865820073067,86.45472315662715,84.43962821699141,83.206400195875,83.38075560955306,88.70511583124285
120.0,120.0,120.0,120.0,120.0,120.0,120.0,120.0,120.0,120.0,108.55108717882852,108.55110673311256,108.55113322717406,108.55115886012948,108.55118532310064,108.55120209423447,108.55100758805634,108.54703772850817,108.47671649639886,107.23865820073067,86.45472315662715,84.43962821699141,83.206400195875,83.38075560955306,88.70511583124285
120.0,120.0,120.0,120.0,120.0,120.0,120.0,120.0,120.0,120.0,108.55108717882852,108.55110673311256,108.55113322717406,108.55115886012948,108.55118532310064,108.55120209423447,108.55100758805634,108.54703772850817,108.47671649639886,107.23865820073067,86.45472315662715,84.43962821699141,83.206400195875,83.38075560955306,88.70511583124285
120.0,120.0,120.0,120.0,120.0,120.0,120.0,120.0,120.0,120.0,108.55108717882852,108.55110673311256,108.55113322717406,108.55115886012948,108.55118532310064,108.55120209423447,108.55100758805634,108.54703772850817,108.47671649639886,107.23865820073067,86.45472315662715,84.43962821699141,83.206400195875,83.38075560955306,88.70511583124285
120.0,120.0,120.0,120.0,120.0,120.0,120.0,120.0,120.0,120.0,108.55108717882852,108.55110673311256,108.55113322717406,108.55115886012948,108.55118532310064,108.55120209423447,108.55100758805634,108.54703772850817,108.47671649639886,107.23865820073067,86.45472315662715,84.43962821699141,83.206400195875,83.38075560955306,88.70511583124285
120.0,120.0,120.0,120.0,120.0,120.0,120.0,120.0,120.0,120.0,108.55108717882852,108.55110673311256,108.55113322717406,108.55115886012948,108.55118532310064,108.55120209423447,108.55100758805634,108.54703772850817,108.47671649639886,107.23865820073067,86.45472315662715,84.43962821699141,83.206400195875,83.38075560955306,88.70511583124285
120.0,120.0,120.0,120.0,120.0,120.0,120.0,120.0,120.0,120.0,108.55108717882852,108.55110673311256,108.55113322717406,108.55115886012948,108.55118532310064,108.55120209423447,108.55100758805634,108.54703772850817,108.47671649639886,107.23865820073067,86.45472315662715,84.43962821699141,83.206400195875,83.38075560955306,88.70511583124285
120.0,120.0,120.0,120.0,120.0,120.0,120.0,120.0,120.0,120.0,108.55108717882852,108.55110673311256,108.55113322717406,108.55115886012948,108.55118532310064,108.55120209423447,108.55100758805634,108.54703772850817,108.47671649639886,107.23865820073067,86.45472315662715,84.43962821699141,83.206400195875,83.38075560955306,88.70511583124285
120.0,120.0,120.0,120.0,120.0,120.0,120.0,120.0,120.0,120.0,108.55108717882852,108.55110673311256,108.55113322717406,108.55115886012948,108.55118532310064,108.55120209423447,108.55100758805634,108.54703772850817,108.47671649639886,107.23865820073067,86.45472315662715,84.43962821699141,83.206400195875,83.38075560955306,88.70511583124285
120.0,120.0,120.0,120.0,120.0,120.0,120.0,120.0,120.0,120.0,108.55108717882852,108.55110673311256,108.55113322717406,108.55115886012948,108.55118532310064,108.55120209423447,108.55100758805634,108.54703772850817,108.47671649639886,107.23865820073067,86.45472315662715,84.43962821699141,83.206400195875,83.38075560955306,88.70511583124285
120.0,120.0,120.0,120.0,120.0,120.0,120.0,120.0,120.0,120.0,108.55108717882852,108.55110673311256,108.55113322717406,108.55115886012948,108.55118532310064,108.55120209423447,108.55100758805634,108.54703772850817,108.47671649639886,107.23865820073067,86.45472315662715,84.43962821699141,83.206400195875,83.38075560955306,88.70511583124285
120.0,120.0,120.0,120.0,120.0,120.0,120.0,120.0,120.0,120.0,108.55108708879428,108.55110756283554,108.5511333521361,108.55115879019296,108.55118525650275,108.5512020397722,108.5510075331551,108.54703767433853,108.47671645088309,107.23865813320263,86.45472297188694,84.43962802988563,83.20640005968394,83.38075554966063,88.70511582064783
120.0,120.0,120.0,120.0,120.0,120.0,120.0,120.0,120.0,120.0,108.55108708879428,108.55110756283554,108.5511333521361,108.55115879019296,108.55118525650275,108.5512020397722,108.5510075331551,108.54703767433853,108.47671645088309,107.23865813320263,86.45472297188694,84.43962802988563,83.20640005968394,83.38075554966063,88.70511582064783
120.0,120.0,120.0,120.0,120.0,120.0,120.0,120.0,120.0,120.0,108.55108708879428,108.55110756283554,108.5511333521361,108.55115879019296,108.55118525650275,108.5512020397722,108.5510075331551,108.54703767433853,108.47671645088309,107.23865813320263,86.45472297188694,84.43962802988563,83.20640005968394,83.38075554966063,88.70511582064783
120.0,120.0,120.0,120.0,120.0,120.0,120.0,120.0,120.0,120.0,108.55108708879428,108.55110756283554,108.5511333521361,108.55115879019296,108.55118525650275,108.5512020397722,108.5510075331551,108.54703767433853,108.47671645088309,107.23865813320263,86.45472297188694,84.43962802988563,83.20640005968394,83.38075554966063,88.70511582064783
120.0,120.0,120.0,120.0,120.0,120.0,120.0,120.0,120.0,120.0,108.55108708879428,108.55110756283554,108.5511333521361,108.55115879019296,108.55118525650275,108.5512020397722,108.5510075331551,108.54703767433853,108.47671645088309,107.23865813320263,86.45472297188694,84.43962802988563,83.20640005968394,83.38075554966063,88.70511582064783
120.0,120.0,120.0,120.0,120.0,120.0,120.0,120.0,120.0,120.0,108.55108708879428,108.55110756283554,108.5511333521361,108.55115879019296,108.55118525650275,108.5512020397722,108.5510075331551,108.54703767433853,108.47671645088309,107.23865813320263,86.45472297188694,84.43962802988563,83.20640005968394,83.38075554966063,88.70511582064783
120.0,120.0,120.0,120.0,120.0,120.0,120.0,120.0,120.0,120.0,108.55108708879428,108.55110756283554,108.5511333521361,108.55115879019296,108.55118525650275,108.5512020397722,108.5510075331551,108.54703767433853,108.47671645088309,107.23865813320263,86.45472297188694,84.43962802988563,83.20640005968394,83.38075554966063,88.70511582064783
120.0,120.0,120.0,120.0,120.0,120.0,120.0,120.0,120.0,120.0,108.55108708879428,108.55110756283554,108.5511333521361,108.55115879019296,108.55118525650275,108.5512020397722,108.5510075331551,108.54703767433853,108.47671645088309,107.23865813320263,86.45472297188694,84.43962802988563,83.20640005968394,83.38075554966063,88.70511582064783
120.0,120.0,120.0,120.0,120.0,120.0,120.0,120.0,120.0,120.0,108.55108708879428,108.55110756283554,108.5511333521361,108.55115879019296,108.55118525650275,108.5512020397722,108.5510075331551,108.54703767433853,108.47671645088309,107.23865813320263,86.45472297188694,84.43962802988563,83.20640005968394,83.38075554966063,88.70511582064783
120.0,120.0,120.0,120.0,120.0,120.0,120.0,120.0,120.0,120.0,108.55108708879428,108.55110756283554,108.5511333521361,108.55115879019296,108.55118525650275,108.5512020397722,108.5510075331551,108.54703767433853,108.47671645088309,107.23865813320263,86.45472297188694,84.43962802988563,83.20640005968394,83.38075554966063,88.70511582064783
120.0,120.0,120.0,120.0,120.0,120.0,120.0,120.0,120.0,120.0,108.55108708879428,108.55110756283554,108.5511333521361,108.55115879019296,108.55118525650275,108.5512020397722,108.5510075331551,108.54703767433853,108.47671645088309,107.23865813320263,86.45472297188694,84.43962802988563,83.20640005968394,83.38075554966063,88.70511582064783
120.0,120.0,120.0,120.0,120.0,120.0,120.0,120.0,120.0,120.0,108.55108708879428,108.55110756283554,108.5511333521361,108.55115879019296,108.55118525650275,108.5512020397722,108.5510075331551,108.54703767433853,108.47671645088309,107.23865813320263,86.45472297188694,84.43962802988563,83.20640005968394,83.38075554966063,88.70511582064783
120.0,120.0,120.0,120.0,120.0,120.0,120.0,120.0,120.0,120.0,108.55108708879428,108.55110756283554,108.5511333521361,108.55115879019296,108.55118525650275,108.5512020397722,108.5510075331551,108.54703767433853,108.47671645088309,107.23865813320263,86.45472297188694,84.43962802988563,83.20640005968394,83.38075554966063,88.70511582064783
120.0,120.0,120.0,120.0,120.0,120.0,120.0,120.0,120.0,120.0,108.55108708879428,108.55110756283554,108.5511333521361,108.55115879019296,108.55118525650275,108.5512020397722,108.5510075331551,108.54703767433853,108.47671645088309,107.23865813320263,86.45472297188694,84.43962802988563,83.20640005968394,83.38075554966063,88.70511582064783
120.0,120.0,120.0,120.0,120.0,120.0,120.0,120.0,120.0,120.0,108.55108708879428,108.55110756283554,108.5511333521361,108.55115879019296,108.55118525650275,108.5512020397722,108.5510075331551,108.54703767433853,108.47671645088309,107.23865813320263,86.45472297188694,84.43962802988563,83.20640005968394,83.38075554966063,88.70511582064783
120.0,120.0,120.0,120.0,120.0,120.0,120.0,120.0,120.0,120.0,108.55108708879428,108.55110756283554,108.5511333521361,108.55115879019296,108.55118525650275,108.5512020397722,108.5510075331551,108.54703767433853,108.47671645088309,107.23865813320263,86.45472297188694,84.43962802988563,83.20640005968394,83.38075554966063,88.70511582064783
