0,1,2,3,4,5,6,7,8,9,10,11,12,13,14,15,16,17,18,19,20,21,22,23,24
120.0,120.0,120.0,120.0,120.0,120.0,120.0,120.0,120.0,120.0,105.33447260686246,105.3345267657185,105.33457305667798,105.33461046214383,105.33464384409312,105.33467830386057,105.33470340002495,105.33472044809638,105.33474834199905,105.33474586976469,105.33468852754504,105.33441313235028,105.3342912793173,105.33395767344427,105.33311650776521
120.0,120.0,120.0,120.0,120.0,120.0,120.0,120.0,120.0,120.0,105.33443991527128,105.3344993406031,105.33454986993803,105.33459400468558,105.33462959528053,105.33466184794966,105.33469625831428,105.33471953829057,105.33473531520497,105.3347623115357,92.7841392353276,105.33458824612167,105.3342604585372,105.33401647122864,105.33297497533074
120.0,120.0,120.0,120.0,120.0,120.0,120.0,120.0,120.0,120.0,105.33436628675099,105.33447276648793,105.33452740411221,105.33457464185119,105.33461720076168,105.3346518728989,105.33468304289296,105.3347170948119,105.33473956847577,105.33476276520376,87.50361565430356,96.82726115775667,105.33443270970906,105.33395580260512,106.53350244444165
120.0,120.0,120.0,120.0,120.0,120.0,120.0,120.0,120.0,120.0,105.33431545031625,105.33438963648538,105.33450572233201,105.33455647535983,105.33460107793114,105.3346427974361,105.33467737299944,105.33470776439587,105.33474141488979,104.57592648555546,86.85617354206724,90.74392505303231,99.33701864936249,105.33414600257653,106.46553585293347
120.0,120.0,120.0,120.0,120.0,120.0,120.0,120.0,120.0,120.0,105.33425838464446,105.33434143941106,105.33442361375283,105.33453905008813,105.33458704094978,105.33462984802901,105.3346714382484,105.3347067062282,105.33473717801564,104.18796609784845,83.69424919876079,90.0024656046535,93.78528624893374,101.10913287949897,106.48466301208026
120.0,120.0,120.0,120.0,120.0,120.0,120.0,120.0,120.0,120.0,105.33435477504531,105.33441137265635,105.33446964232252,105.33452775011409,105.3346201927247,105.3346538864193,105.33468611137305,105.33472078285331,105.2872049102788,104.1133858345973,81.68935808298622,85.90537561446777,93.23789193701992,96.45256586196248,103.47415579675808
120.0,120.0,120.0,120.0,120.0,120.0,120.0,120.0,120.0,120.0,105.3343110550608,105.33436545988828,105.3344400652093,105.33450484903595,105.33456228232767,105.334649798345,105.33468478454141,105.33471802785408,105.26336738391092,103.83984651385543,81.1506817857749,83.11221841691396,88.8093851748881,96.13860874898197,99.87220094005933
120.0,120.0,120.0,120.0,120.0,120.0,120.0,120.0,120.0,120.0,105.33427289014935,105.33432097037938,105.33439076276221,105.33447623752569,105.33454427883082,105.33459996119612,105.33468263076746,105.33172985018788,105.25791381166381,103.64400935377775,79.91492121277099,82.25461526210053,85.74688940021137,91.76004856926149,99.88445483649993
120.0,120.0,120.0,120.0,120.0,120.0,120.0,120.0,120.0,120.0,105.33421550101531,105.33429103230118,105.33434874399214,105.3344259483409,105.3345178733102,105.3345877204339,105.33464175160482,105.33028222554012,105.23607059077607,103.57580872733256,78.89958686567353,80.37719999395037,84.7833027448025,88.82382724295795,95.97885710547891
120.0,120.0,120.0,120.0,120.0,120.0,120.0,120.0,120.0,120.0,105.3341515757015,105.33423638967008,105.33432422792818,105.33438845029818,105.33446870897427,105.33456441714428,105.3344474988975,105.32985908841106,105.22184995657086,103.45438289199599,78.45173598797314,78.79036606414246,82.45526481557911,87.93883462238351,93.92206331643973
120.0,120.0,120.0,120.0,120.0,120.0,120.0,120.0,120.0,120.0,105.33426300422326,105.33431213013368,105.33436960608216,105.33443795636306,105.33448797427441,105.33455474880414,105.33436611898246,105.32819983104652,105.21662366537757,103.34849320664274,77.85125104882897,77.99882724501717,80.51317536269092,85.38561811335273,93.25213525101391
120.0,120.0,120.0,120.0,120.0,120.0,120.0,120.0,120.0,120.0,105.33421261359427,105.33427326704468,105.33433695520947,105.33440254047424,105.33447867125204,105.3345239078757,105.33430064432142,105.32718476011183,105.2064262975826,103.29476210115432,77.27961464068112,76.99022966700431,79.49640421814276,83.4015630842148,91.07923458542548
120.0,120.0,120.0,120.0,120.0,120.0,120.0,120.0,120.0,120.0,105.38150234423621,105.3342217454554,105.3343005779834,105.33437220890401,105.33444313567543,105.33450902204162,105.33416225369885,105.3267581988426,105.19834939152828,103.23158243174879,76.93371800296039,76.01689533073214,78.1537775108381,82.34374660717047,89.64410943366259
120.0,120.0,120.0,120.0,120.0,120.0,120.0,120.0,120.0,120.0,105.509726284513,105.36881410044178,105.33425103508657,105.3343399833861,105.33441585353809,105.33447262943598,105.3340837321922,105.32591449455498,105.19422189349254,103.17102578576304,76.58563152489386,75.36894047582878,76.87085739779663,80.85158730038447,88.84541633407483
120.0,120.0,120.0,120.0,120.0,120.0,120.0,120.0,120.0,120.0,105.64366435545087,105.46630055968527,105.35955411990452,105.33429406362794,105.33438817996766,105.33444185560057,105.33402195898847,105.32530512849199,105.18896263415297,103.13152251890095,76.24101064572858,74.73030142839525,75.97927660018213,79.4828798355971,87.65244963156063
120.0,120.0,120.0,120.0,120.0,120.0,120.0,120.0,120.0,120.0,105.90296865190311,105.57060590819424,105.43326404441368,105.35287285657628,105.33439743662134,105.33445064357862,105.3339637806285,105.32498214642139,105.1842859293697,103.09374020255214,75.98608535607092,74.09848321953821,75.08569960635786,78.51971408877259,86.64268034570411
120.0,120.0,120.0,120.0,120.0,120.0,120.0,120.0,120.0,120.0,106.21404806233764,105.79274465835087,105.51347159435385,105.40812206137959,105.34794291808673,105.33441773823029,105.33390606952466,105.32454102277994,105.18126335981866,103.05696844334472,75.75709923993398,73.59852737813694,74.20633340262695,77.52955546104184,85.93314456762732
120.0,120.0,120.0,120.0,120.0,120.0,120.0,120.0,120.0,120.0,106.49643317944245,106.06671891461214,105.70161129250987,105.46929963634648,105.38916101472263,105.34432102834654,105.33385470075737,105.3241736999511,105.17821291245905,103.02872894847853,75.53480781725031,73.1474749216823,73.48885467568533,76.57166431369423,85.18310701998635
120.0,120.0,120.0,120.0,120.0,120.0,120.0,120.0,120.0,120.0,106.83352019581616,106.32527834242885,105.93877844739619,105.62699865608965,105.43543347818311,105.37490208704824,105.34106820346021,105.32392269415547,105.17536144963265,103.00370011811665,75.34974384996897,72.7120651991321,72.8326613175613,75.78641633592868,84.48100295275991
120.0,120.0,120.0,120.0,120.0,120.0,120.0,120.0,120.0,120.0,107.14437164819482,106.65300245429519,106.1713865793023,105.82917903773736,105.56642820127684,105.40962932374221,105.36361807430657,105.32898192498125,105.17320522023364,102.9798580961354,75.1874541890467,72.33406304469008,72.20081935445057,75.06110387709022,83.91313244459708
120.0,120.0,120.0,120.0,120.0,120.0,120.0,120.0,120.0,120.0,107.40112233228524,106.96274666514735,106.48388859493869,106.0352924165325,105.736478880918,105.51761748941712,105.38950310874786,105.34536566422291,105.17514631268944,102.95970884711147,75.03458055507495,71.99722073276547,71.6420019557737,74.3674925549602,83.38442620046253
120.0,120.0,120.0,120.0,120.0,120.0,120.0,120.0,120.0,120.0,107.64964863155235,107.22766574006705,106.78555567364498,106.32789370814503,105.91651570702751,105.65878920053704,105.47783693788206,105.36436698432267,105.18547767233466,102.9449315187237,74.8993496298621,71.68063779097577,71.13778508623156,73.75363504365139,82.88496948109707
120.0,120.0,120.0,120.0,120.0,120.0,120.0,120.0,120.0,120.0,107.84978732332782,107.4948857234142,107.05336030763118,106.61596751811462,106.1862550910658,105.81420754422804,105.59372139277443,105.43608819881284,105.19814084511955,102.93769535683802,74.78331384508438,71.39398226983954,70.6637368188039,73.1976902242686,82.44833085846474
120.0,120.0,120.0,120.0,120.0,120.0,120.0,120.0,120.0,120.0,108.00613536791383,107.71409909247616,107.33439088118324,106.88151104237463,106.45636369169453,106.05935797958333,105.72646033910223,105.53014172720495,105.2550952810382,102.93435806651193,74.68493139100639,71.13773834731181,70.23017747761796,72.6766482079537,82.05347907811353
120.0,120.0,120.0,120.0,120.0,120.0,120.0,120.0,120.0,120.0,108.14130138810093,107.89039915050265,107.5691882707145,107.17106152774198,106.71504821036581,106.30842252898417,105.94642045250671,105.64241028486697,105.33013113616971,102.97013432995396,74.60041015941204,70.90520538494044,69.83664359673507,72.20063850236598,81.68552905703922
120.0,120.0,120.0,120.0,120.0,120.0,120.0,120.0,120.0,120.0,108.24250604056814,108.04720052275914,107.76398315068784,107.41742877935681,107.00780642330166,106.55641800600974,106.1726173877511,105.83750559860425,105.42403557135714,103.02476563453764,74.58184845200225,70.69383103490561,69.47340116527107,71.7675423216573,81.35226080317959
120.0,120.0,120.0,120.0,120.0,120.0,120.0,120.0,120.0,120.0,108.31929996383226,108.16586635485653,107.9417714717277,107.62827473430988,107.26116827239126,106.84713513973493,106.40680940755789,106.04008383481391,105.5953970737658,103.10068539853806,74.60508289275549,70.53721548615238,69.13808694980382,71.36689316189785,81.05031794591261
120.0,120.0,120.0,120.0,120.0,120.0,120.0,120.0,120.0,120.0,108.38124737662822,108.25813462028918,108.07824824644963,107.8259532206572,107.48529599346317,107.1030364180702,106.69086534427466,106.25839296342932,105.7755301296811,103.25410445367379,74.67333674483699,70.42042123337465,68.85055725191836,70.99657443587502,80.77183833485843
120.0,120.0,120.0,120.0,120.0,120.0,120.0,120.0,120.0,120.0,108.4257418636595,108.33398274205022,108.18699303563513,107.9798760674521,107.7009147212808,107.33715558282447,106.94495679405144,106.53189402121598,105.97779743090196,103.42626436715791,74.88394136328601,70.34474979478249,68.5993823596607,70.6674932636091,80.51545236168465
120.0,120.0,120.0,120.0,120.0,120.0,120.0,120.0,120.0,120.0,108.45907878041773,108.38894570209052,108.27804330715371,108.10569959099699,107.87132097731006,107.56810456251782,107.1855300149697,106.78039128192785,106.23944793674552,103.62939404030897,75.15933671279574,70.38220990445087,68.38353872063394,70.3694240928999,80.28726732606707
120.0,120.0,120.0,120.0,120.0,120.0,120.0,120.0,120.0,120.0,108.48486400634926,108.43102064621334,108.34476953349098,108.21302721797987,108.01441711416922,107.75350080625779,107.42871520527589,107.02402366376285,106.48188061841054,103.90522333446482,75.51205499137069,70.48865059211806,68.25088464981216,70.09978429454712,80.07807220322057
120.0,120.0,120.0,120.0,120.0,120.0,120.0,120.0,120.0,120.0,108.26447855685763,108.46375108983455,108.39668623217408,108.29240076037206,108.13851163833743,107.9133921633133,107.62698595269157,107.2761358007371,106.72805404073956,104.17787482071918,76.03052384340054,70.67092106893183,68.17581528231487,69.88829704547848,79.88605831211876
120.0,120.0,120.0,120.0,120.0,120.0,120.0,120.0,120.0,120.0,107.76624900636851,108.30735244939423,108.43767269798425,108.35552372734638,108.23144693463999,108.05450432760007,107.80285309437168,107.48516307864719,106.98927941473852,104.46567691694476,76.5985068182224,71.00633109700556,68.16190047843435,69.71697526666908,79.729487834665
120.0,120.0,120.0,120.0,120.0,120.0,120.0,120.0,120.0,120.0,107.62915205131699,107.91258990823687,108.33168780177944,108.40596535732415,108.30694610318874,108.16156264051752,107.96070688489982,107.67591092354965,107.21082664857788,104.78471811305697,77.22969158038244,71.42381998331135,68.26863687334705,69.58691500818996,79.59237464537492
120.0,120.0,120.0,120.0,120.0,120.0,120.0,120.0,120.0,120.0,106.79367365156409,107.80184088975334,108.02412173702334,108.3404551943943,108.36799587348472,108.25044806419535,108.08214648712598,107.85004564458708,107.4189549151589,105.0741266947059,77.96954200345401,71.92737444273118,68.45711680986643,69.53976877211575,79.47646797291982
120.0,120.0,120.0,120.0,120.0,120.0,120.0,120.0,120.0,120.0,106.24888942464739,107.04507198041286,107.93733328603766,108.10619944579665,108.3357918628194,108.32320664384687,108.18526108293719,107.98612666290737,107.61297327127897,105.35513912037614,78.70514028775591,72.56604208038901,68.73035707524005,69.55194820665089,79.40847130366167
120.0,120.0,120.0,120.0,120.0,120.0,120.0,120.0,120.0,120.0,105.92767589105793,106.56218077836061,107.26134831489827,108.04119527504896,108.16304666837618,108.3189878814493,108.27056663428358,108.10423752607265,107.76814764603576,105.62931242163403,79.45118332955116,73.26011041992024,69.13457276577971,69.62677136910945,79.36909261208864
120.0,120.0,120.0,120.0,120.0,120.0,120.0,120.0,120.0,120.0,105.13186686556149,106.25120209139108,106.84022575479564,107.44540650734842,108.11826008340296,108.1982395372932,108.29066347987587,108.20317490670236,107.90606834778578,105.86395784772995,80.21877208956862,74.00763391450526,69.62381826105718,69.80244941571857,79.36347252373216
120.0,120.0,120.0,120.0,120.0,120.0,120.0,120.0,120.0,120.0,104.7074287788679,105.45817061777409,106.54110600406712,107.08382693201256,107.59995507697077,108.17236890332786,108.21419226869821,108.24523428696213,108.0238084143879,106.07857358080075,80.93158077274691,74.82387588113933,70.19508549065087,70.05360100569463,79.4178884607876
120.0,120.0,120.0,120.0,120.0,120.0,120.0,120.0,120.0,120.0,104.35862658207635,105.05614362010337,105.76453118576812,106.79823844233165,107.29445553399374,107.72750873744027,108.20623860578037,108.20714130481946,108.09029671938825,106.27122834192836,81.60803635977804,75.64190829533705,70.86836183363086,70.38164069643587,79.51435507763162
120.0,120.0,120.0,120.0,120.0,120.0,120.0,120.0,120.0,120.0,103.80842202075516,104.69372754486855,105.39066657512602,106.04964876025555,107.02415690530891,107.47401110805298,107.83006137629533,108.21662368701661,108.08947888628465,106.41167631037493,82.24746030755377,76.4593179864949,71.59750919808397,70.80904256260985,79.65863446924902
120.0,120.0,120.0,120.0,120.0,120.0,120.0,120.0,120.0,120.0,103.49847332113639,104.11146588509946,105.01691426209008,105.70736360290599,106.31262406303576,107.22058379928527,107.62413028468458,107.90412883874079,108.11920229031857,106.48802470916152,82.78670642121726,77.27389211392688,72.37328806883028,71.3091060777288,79.86858352618285
120.0,120.0,120.0,120.0,120.0,120.0,120.0,120.0,120.0,120.0,103.21912205392556,103.79893990277439,104.41265170958968,105.32497303769424,106.00378608685138,106.55318016570811,107.38922895270531,107.74161698173684,107.86813492189289,106.57559538660736,83.2001049235508,78.02759475132605,73.19422928260383,71.87727504312697,80.12782807281121
120.0,120.0,120.0,120.0,120.0,120.0,120.0,120.0,120.0,120.0,102.88003581692888,103.49425717238483,104.10374237463432,104.70872778844492,105.61557852259435,106.27819616222149,106.77097180354006,107.52685019980416,107.74635169272547,106.41126195384382,83.59724271379594,78.69211830866062,74.01298113819897,72.51718076796699,80.43862321284398
120.0,120.0,120.0,120.0,120.0,120.0,120.0,120.0,120.0,120.0,102.66802862174923,103.11913615207443,103.7750668235524,104.408615128902,104.99700811711241,105.88722089963883,106.52922360755885,106.96105971520686,107.55472340071508,106.33672178784082,83.54791204396402,79.33028674804228,74.80155585928185,73.19662345359127,80.80654832775835
120.0,120.0,120.0,120.0,120.0,120.0,120.0,120.0,120.0,120.0,102.47717128132615,102.89247641435223,103.36856432689243,104.05759500453611,104.70978552787568,105.2753290289647,106.13877144290817,106.7511911334095,107.04362839548156,106.18410986400681,83.56998367141641,79.63601157552174,75.58976147258524,73.89593317818257,81.2122668745786
120.0,120.0,120.0,120.0,120.0,120.0,120.0,120.0,120.0,120.0,102.27930304949922,102.67564526271813,103.13090330531062,103.62501060292102,104.33811547335992,105.0037666531982,105.54148371900737,106.36463211027234,106.86213953461309,105.71570337077186,83.43302293560761,79.93796502576618,76.16718728462125,74.62994887579264,81.6478608995867
120.0,120.0,120.0,120.0,120.0,120.0,120.0,120.0,120.0,120.0,102.14448295586239,102.44827183439479,102.88822495358565,103.38041992049426,103.88569321481967,104.61367685756747,105.28743756006034,105.78880912445825,106.48312984814469,105.53211089185042,82.66538657429753,80.09376220731447,76.72587065488464,75.25820132051092,82.12479624567679
120.0,120.0,120.0,120.0,120.0,120.0,120.0,120.0,120.0,120.0,102.02585229048293,102.29630879839733,102.63237591071388,103.112161013554,103.63787759263845,104.14792166657602,104.88144375132899,105.55290811322458,105.93149413732218,105.14933747346011,82.31435554282035,79.70874662472919,77.17113188947447,75.8935383539106,82.54974119508297
120.0,120.0,120.0,120.0,120.0,120.0,120.0,120.0,120.0,120.0,101.91444859043713,102.15677187996845,102.46463595909387,102.82980557379257,103.34461571301773,103.9001413439545,104.40891036741587,105.13383936232889,105.7095030527347,104.56560652581967,81.61505898846288,79.56147807304917,77.19429481563873,76.46559272488076,83.00904955998725
120.0,120.0,120.0,120.0,120.0,120.0,120.0,120.0,120.0,120.0,101.83444288726506,102.02460401970632,102.3033488323449,102.64819737557237,103.03864139488056,103.5828331546528,104.16387222357818,104.6605805106165,105.27869821292342,104.29936081884193,80.434133424573,79.12453232461526,77.33355652086577,76.74399271766501,83.43862427717431
120.0,120.0,120.0,120.0,120.0,120.0,120.0,120.0,120.0,120.0,101.76553968716323,101.92988909979694,102.14917059127266,102.46410222158441,102.84500998361244,103.25659401889762,103.82364339562899,104.41982284751838,104.80387969470999,103.81368018544269,79.789440031638,78.20499425259834,77.23399299169351,77.09022355817008,83.68501364414797
120.0,120.0,120.0,120.0,120.0,120.0,120.0,120.0,120.0,120.0,101.70469754045573,101.84615403830792,102.0398351781885,102.28805360186676,102.6378250790764,103.05319177204206,103.48120601634508,104.05812351490108,104.56246901140128,103.24805595328593,78.76663550342954,77.65477394941632,76.69841869679098,77.25183649007661,84.00936593449214
120.0,120.0,120.0,120.0,120.0,120.0,120.0,120.0,120.0,120.0,101.6589316880944,101.77156447330935,101.93985951712119,102.16421524924534,102.44048040893155,102.8228094110141,103.2701050100799,103.70322944390679,104.17676844103833,102.92833101428471,77.47733548192262,76.79201702504362,76.38555547224716,77.05930322740817,84.1951621668248
120.0,120.0,120.0,120.0,120.0,120.0,120.0,120.0,120.0,120.0,101.62039585355824,101.7157643152426,101.85023279717721,102.04676987163599,102.30260343056351,102.60537490381213,103.01671254302236,103.48576221217597,103.80445436210859,102.44818576361847,76.63730440341553,75.61012237048963,75.80964784039568,77.00098066108909,84.14666959862745
120.0,120.0,120.0,120.0,120.0,120.0,120.0,120.0,120.0,120.0,101.58868710465704,101.66853628733465,101.78384805392885,101.94134563657121,102.16680225482651,102.45428739636235,102.78097917436013,103.2095063547279,103.57426801190451,101.9518065136034,75.52594098981838,74.76498523236884,74.90959918194906,76.71972449186099,84.21339963204711
120.0,120.0,120.0,120.0,120.0,120.0,120.0,120.0,120.0,120.0,101.56350243253115,101.62757691819436,101.72522769715448,101.86288905561256,102.04458602749547,102.29911527070462,102.61742771603517,102.95680953571613,103.26898575942988,101.616850099471,74.2887191701171,73.69531606606627,74.23225148625751,76.14956777590395,84.09589094204658
120.0,120.0,120.0,120.0,120.0,120.0,120.0,120.0,120.0,120.0,101.54082544323973,101.596073666449,101.67470048727904,101.79209205284883,101.95382642580277,102.16009112566826,102.44243669186892,102.78119166431728,102.99110095601512,101.19389001071717,73.35785724955115,72.44056285745542,73.3630798976673,75.72347062433731,83.78682303364995
120.0,120.0,120.0,120.0,120.0,120.0,120.0,120.0,120.0,120.0,101.52061500303599,101.56881437154283,101.63589816719094,101.73084111591602,101.86963031302835,102.05675735416088,102.28680261382462,102.58550786461818,102.79518042525586,100.77799065049996,72.28733696192324,71.42179035583324,72.28848612008942,75.12683638211287,83.59190341622428
120.0,120.0,120.0,120.0,120.0,120.0,120.0,120.0,120.0,120.0,101.50560356719392,101.5457489846981,101.60247553921178,101.6837913241934,101.79664870117082,101.95807292277635,102.17078644630898,102.41298200119327,102.57013986673341,100.46058907173662,71.16460774684258,70.28982023910453,71.37484881290838,74.33899727751452,83.25089184418259
120.0,120.0,120.0,120.0,120.0,120.0,120.0,120.0,120.0,120.0,101.49582596720067,101.52970134373528,101.57572695393749,101.64344149056214,101.74071938621088,101.87268639681581,102.05671828208494,102.28362555087436,102.37043116021708,100.1078158073548,70.22937516004926,69.05931817048103,70.36365209339576,73.66029897753263,82.78674384115862
120.0,120.0,120.0,120.0,120.0,120.0,120.0,120.0,120.0,120.0,99.56779224748394,101.514430598458,101.55381809358924,101.60928570567393,101.69107060043328,101.8066682035714,101.95804428197803,102.15250608822176,102.21780999046528,99.7684248979705,69.24855363945731,67.97052977710608,69.23581843905815,72.8919154340714,82.40815112048199
120.0,120.0,120.0,120.0,120.0,120.0,120.0,120.0,120.0,120.0,83.81295056522242,101.48698878362724,101.5350279655051,101.58237522330089,101.64934576387503,101.7469455368323,101.8814319775475,102.03935714258645,102.05953558391181,99.48767861761384,68.25425618195223,66.84795493002265,68.20339325294535,72.01436383052788,81.95137415133004
120.0,120.0,120.0,120.0,120.0,120.0,120.0,120.0,120.0,120.0,55.48838789240158,101.65209268467623,101.51587830684895,101.55913079389903,101.61644790984082,101.69663246375958,101.81053752946607,101.95075683802274,101.92069452454128,99.20049537421144,67.36918533259261,65.68145309160785,67.14173314499739,71.20375469000186,81.42731750501426
120.0,120.0,120.0,120.0,120.0,120.0,120.0,120.0,120.0,120.0,30.63521555369181,102.8512662358303,101.75228013846849,101.53885435535682,101.58778979904817,101.65683991839622,101.75068265504919,101.8668805836407,101.8093958797032,98.92734694371846,66.48726245618293,64.59340909852443,66.02443877579583,70.36552932713317,80.95742922798466
120.0,120.0,120.0,120.0,120.0,120.0,120.0,120.0,120.0,120.0,42.3030916883779,103.86555144872166,103.45599103713346,101.78855554714475,101.56458809166104,101.6220262525729,101.70320711458531,101.79581806510218,101.70182709479735,98.6892919008789,65.61249180493492,63.51123275492145,64.958449086473,69.47683386726723,80.46281676566356
120.0,120.0,120.0,120.0,120.0,120.0,120.0,120.0,120.0,120.0,49.72186264566814,103.89539308385905,105.11718958502279,103.56596904574349,101.79338348976081,101.59309591213827,101.66074699968172,101.73874805232789,101.60819015322734,98.4570716405987,64.80142916590817,62.4182239600348,63.89772362919299,68.62648559698545,79.9397437496096
120.0,120.0,120.0,120.0,120.0,120.0,120.0,120.0,120.0,120.0,51.975104034351304,100.2421496479148,105.82053340403142,105.32554113571723,103.44779868362117,101.78829562578547,101.62553290409103,101.68699624382222,101.5308063484883,98.23763532810716,64.01118632775336,61.3688251808894,62.82013741018598,67.78159526095017,79.44961788811274
120.0,120.0,120.0,120.0,120.0,120.0,120.0,120.0,120.0,120.0,36.09666237040974,97.94318091044158,102.94795196277518,106.24986336086806,105.08992000440593,103.23393482976414,101.78208355199764,101.64372078175184,101.45911915704664,98.03951374782918,63.237289749918375,60.33842646384102,61.77189062806054,66.92401512114775,78.96346577840238
120.0,120.0,120.0,120.0,120.0,120.0,120.0,120.0,120.0,120.0,18.088896651272005,98.15190553231089,100.80816785471409,104.10779239767258,106.08536111962377,104.66992044556383,102.9938280105283,101.7607843650598,101.39701414260648,97.85020563310695,62.50197938745295,59.314411747592985,60.74123982178696,66.09186716980253,78.47352261257959
120.0,120.0,120.0,120.0,120.0,120.0,120.0,120.0,120.0,120.0,34.16638976160874,100.22608626909808,100.7509037449999,102.45915860889879,104.57484304629544,105.65885162665955,104.19419585345791,102.74458869830782,101.46759905588165,97.67150883173385,61.78905266444293,58.3169746950812,59.71520151579473,65.2783870405967,78.0063047289345
120.0,120.0,120.0,120.0,120.0,120.0,120.0,120.0,120.0,120.0,32.74909056680308,101.40142383640237,102.61391447119381,102.35775518349068,103.45079994476004,104.67653535620394,105.12605795278722,103.71087044378952,102.23777842706393,97.6044594707319,61.09390034565103,57.33905657445602,58.71032645560998,64.47341154559719,77.55440760160363
120.0,120.0,120.0,120.0,120.0,120.0,120.0,120.0,120.0,120.0,29.861486588089104,97.77316924508432,103.94229336244136,103.75162221510027,103.3894651655393,104.03105893244937,104.57196579548958,104.55425251928965,102.98843418692864,98.10946772123683,60.53896163761663,56.37379494709376,57.72547352952254,63.69053310336105,77.11226788183144
120.0,120.0,120.0,120.0,120.0,120.0,120.0,120.0,120.0,120.0,15.016589947704956,96.49903014225563,101.15240861943316,104.83034688351545,104.34531289688941,104.03736912145337,104.3258795228449,104.33029856771812,103.72561511393438,98.64786668302722,60.680455852029006,55.488911427405874,56.75499135753503,62.930291786626235,76.68930674713255
120.0,120.0,120.0,120.0,120.0,120.0,120.0,120.0,120.0,120.0,15.009222664440358,97.13336554496293,100.13436155968412,102.66458364806128,105.14905389691002,104.65234964218202,104.40777031459066,104.39448517757117,103.74314724037559,99.26024201563179,60.96881809807646,54.981450605810075,55.834801277818265,62.18857311457606,76.28473217242383
120.0,120.0,120.0,120.0,120.0,120.0,120.0,120.0,120.0,120.0,25.141254368609847,99.02458134819175,100.61452481172223,102.02988968435052,103.44563135076885,105.23392213884638,104.78508381225069,104.55110748047926,104.03192363415354,99.49089069384496,61.4335035568014,54.5585363835626,55.11043348559869,61.48518003498884,75.89590535906503
120.0,120.0,120.0,120.0,120.0,120.0,120.0,120.0,120.0,120.0,19.87500105788596,98.49121393181242,102.2046199490683,102.39536384812675,103.14333286169105,103.88757129086032,105.21063460332505,104.78082985101327,104.2612511966407,99.98455403270789,61.76607529517392,54.21652891412085,54.40933537171895,60.890450872288476,75.53426696266975
120.0,120.0,120.0,120.0,120.0,120.0,120.0,120.0,120.0,120.0,15.017355378805556,95.61669447122073,102.0177549032199,103.51019905260125,103.42013746491112,103.841020762375,104.15398672971192,105.11316865760668,104.42002393994336,100.37085152525218,62.60795183478573,53.94225839799512,53.70844562404369,60.29144925883186,75.23485483721127
120.0,120.0,120.0,120.0,120.0,120.0,120.0,120.0,120.0,120.0,15.007576003267275,95.4635428219289,99.88376485274277,103.3937763380225,104.12292092596599,104.04089565223933,104.28665058714655,104.29803498700919,104.71486447502943,100.56793211275618,63.42790707225319,54.1066258703612,53.06728239219264,59.66493646015387,74.91348052980265
120.0,120.0,120.0,120.0,120.0,120.0,120.0,120.0,120.0,120.0,15.008142064595395,96.25115051851597,99.8029717750337,101.83157209941234,104.02291618946913,104.4234283895508,104.42050589083364,104.54608450640534,104.11340482857067,100.9264620151907,63.86858020848224,54.403548561039614,52.715838406171535,59.0681711557682,74.56154363784775
120.0,120.0,120.0,120.0,120.0,120.0,120.0,120.0,120.0,120.0,15.013111106612708,96.09539778417533,100.44820054854455,101.8896912444252,102.87890647947174,104.33818483070705,104.5686546694871,104.62808579197122,104.4293228427108,100.60985372719564,64.53230841453849,54.49203353217584,52.4986350089513,58.638046709802126,74.22038707179179
120.0,120.0,120.0,120.0,120.0,120.0,120.0,120.0,120.0,120.0,15.007368837647334,95.42901658633134,100.22066778177329,102.28789616287153,103.0434974477528,103.50169306601569,104.5084741262213,104.6152388516365,104.48459602723612,100.98693354370452,64.51217520336147,54.72713573411362,52.184737839211046,58.28575932776274,73.97447605599115
120.0,120.0,120.0,120.0,120.0,120.0,120.0,120.0,120.0,120.0,15.006500567115946,94.87247525684849,99.81673632376675,101.99147860717163,103.25472020437172,103.7291431681238,103.89947181539037,104.59189809900893,104.37638558783006,101.12689733233618,65.24683032525073,54.74893225020656,51.96440733326362,57.87231735319219,73.75632408446106
120.0,120.0,120.0,120.0,120.0,120.0,120.0,120.0,120.0,120.0,15.007715370812827,94.21368424371009,99.46195527475375,101.74063732040491,102.89728146934247,103.8035110966705,104.14892125899941,104.149080893278,104.39764853519863,100.98752606573682,65.76588620306237,55.19539399836195,51.72406038173736,57.5145062051874,73.48554354720767
120.0,120.0,120.0,120.0,120.0,120.0,120.0,120.0,120.0,120.0,15.009886723523866,87.3395649001528,99.10599932996523,101.50536599256074,102.75477727305878,103.41182239572898,104.12806557269194,104.3900967668978,104.08189667601678,101.07622883356832,65.66127893775787,55.61536369182946,51.74941869360698,57.17806527389082,73.24569632613834
120.0,120.0,120.0,120.0,120.0,120.0,120.0,120.0,120.0,120.0,15.006571536453382,86.78807761203274,98.86106826551269,101.18542703195838,102.5899093266345,103.35401339752781,103.72887713492518,104.30881979539768,104.2947897913279,100.91949211083309,65.89937246210609,55.59451299513264,51.830098253732885,57.00714046061731,73.01706198233052
120.0,120.0,120.0,120.0,120.0,120.0,120.0,120.0,120.0,120.0,15.008045962334954,81.67054943033318,99.39258475037687,100.9623786074511,102.28501106208407,103.22350446525283,103.73743206375048,103.92327641820332,104.18411133924381,101.09548093531617,65.97141483107396,55.75301754181901,51.676160996321784,56.89091626616634,72.894595477394
120.0,120.0,120.0,120.0,120.0,120.0,120.0,120.0,120.0,120.0,15.010035763324733,74.46875192756367,98.54627041435845,101.59170597612135,102.08885101819189,102.92615945073794,103.6183405587394,103.98249173097508,103.82920226375457,101.00235481785761,66.29839607294302,55.951570822952995,51.622414037567566,56.65007376899056,72.79354988205864
120.0,120.0,120.0,120.0,120.0,120.0,120.0,120.0,120.0,120.0,15.011464313733676,59.10489558598274,98.68994480636671,100.87881140503902,102.66206584210208,102.76036887098493,103.32538065121807,103.86019353256214,103.92167121104818,100.67999892691107,66.2658388603031,56.2381911447776,51.677609200564426,56.48074103960151,72.61066736401283
120.0,120.0,120.0,120.0,120.0,120.0,120.0,120.0,120.0,120.0,15.012120356982942,48.74464727697116,99.03942602923986,101.15403281431882,102.03388542979634,103.24031650847824,103.19300310992459,103.57248108457132,103.79200170275773,100.78572883257164,65.84276325319487,56.302894554519995,51.79265877428227,56.41409582595155,72.48262249206007
120.0,120.0,120.0,120.0,120.0,120.0,120.0,120.0,120.0,120.0,15.007050351413941,60.88987261616297,100.09982293420526,101.67601627735458,102.3409489849553,102.67031530154114,103.57428533332777,103.47456500710476,103.50995841049674,100.67055676120937,66.01407586215994,56.10647544938756,51.79662533811599,56.393232396127345,72.42131577199156
120.0,120.0,120.0,120.0,120.0,120.0,120.0,120.0,120.0,120.0,15.008562089068933,67.68965608622361,100.10138918187909,102.8751645976185,102.86126645361873,102.9751407976358,103.04732324499388,103.76174196200029,103.44216505007327,100.3562528625901,65.93286039152612,56.252162752557425,51.6673761095228,56.320797468327726,72.38771159631565
120.0,120.0,120.0,120.0,120.0,120.0,120.0,120.0,120.0,120.0,15.011440643685498,69.16260906086205,96.6946855433569,103.25139954451863,103.91598223452233,103.44817830122832,103.33805563576853,103.27107918410717,103.6458984238448,100.28360000054822,65.40381865711643,56.29832229682325,51.7363686551965,56.19187401767702,72.3199143502723
120.0,120.0,120.0,120.0,120.0,120.0,120.0,120.0,120.0,120.0,15.01405489229343,53.388591613129904,95.23360685056457,100.62817469575681,104.37346392729776,104.30867906738233,103.7476134613953,103.54188938616963,103.1857588004493,100.41564476059469,65.21137333963681,55.9860383891194,51.79368920467231,56.195085340722024,72.22544386176251
120.0,120.0,120.0,120.0,120.0,120.0,120.0,120.0,120.0,120.0,15.015024669097107,37.85915496910912,96.0447356280056,99.24876250802811,102.39392290042804,104.77190171318331,104.41563061768738,103.88293924304575,103.42802212485078,99.95750354729738,65.33314159634921,55.834370386662385,51.634109603612195,56.21484899198627,72.22496003204826
120.0,120.0,120.0,120.0,120.0,120.0,120.0,120.0,120.0,120.0,15.008497099812578,49.384712920209964,98.61425726325022,99.64393492622183,101.36104072055286,103.28773486393105,104.85855012862952,104.37588140053683,103.70382654707343,100.10009310808645,64.61861558844909,55.8932297101209,51.54572371741933,56.115395539208144,72.23260383977777
120.0,120.0,120.0,120.0,120.0,120.0,120.0,120.0,120.0,120.0,15.0101675438795,53.05807849772466,99.87291266623026,101.72429159213657,101.56223488803712,102.5993803972472,103.75886315511582,104.78802081614798,104.0441205793736,100.34029819454432,64.57159126868379,55.44250025190607,51.592154198836866,56.065975299392704,72.1712808100871
120.0,120.0,120.0,120.0,120.0,120.0,120.0,120.0,120.0,120.0,15.013097555367603,53.60269186093261,96.35009257154769,103.0197461292209,103.03875918120245,102.70437061428285,103.36122101751452,103.98856403958484,104.42005517382721,100.53589087625615,64.86742857737163,55.259813729980365,51.3640422851157,56.10895091154481,72.1546366583973
120.0,120.0,120.0,120.0,120.0,120.0,120.0,120.0,120.0,120.0,15.015474757077785,39.64754746581182,94.38078742882196,100.64553295736715,104.07175739451294,103.6858307694691,103.41694025290114,103.81586632840273,103.85665418554294,100.86774860456624,64.98615771652966,55.36596122008391,51.21901803843828,56.00278474177904,72.19607073803655
120.0,120.0,120.0,120.0,120.0,120.0,120.0,120.0,120.0,120.0,15.01701399095075,29.71180803103371,94.90755054418477,99.15015694308639,102.39359452752254,104.45794262925529,104.02462577271244,103.84851419583077,103.84148320955464,100.53028512210908,65.33959968979906,55.31426484947336,51.25469616887274,55.93093069147758,72.14414148828887
120.0,120.0,120.0,120.0,120.0,120.0,120.0,120.0,120.0,120.0,15.009457656664829,42.411861937135505,97.59440058808272,99.36877552585828,101.41873609558932,103.22871969079499,104.58545943776429,104.18705064409554,103.86823120567422,100.60672966366405,65.06779175648592,55.348945284429824,51.17762682391971,55.97007833067899,72.12615131319252
120.0,120.0,120.0,120.0,120.0,120.0,120.0,120.0,120.0,120.0,15.011714533426947,44.928694495957,98.76681768917177,101.35506168440963,101.54358993783325,102.66309036523366,103.66456628686967,104.59067446376505,104.02364442870804,100.67323771227134,65.26890782580372,55.17817385899027,51.08547185967923,55.928060303420644,72.17278480609346
120.0,120.0,120.0,120.0,120.0,120.0,120.0,120.0,120.0,120.0,15.016186466952929,44.61969770108248,95.18333723034394,102.43774390930444,102.8931890335117,102.75677001621091,103.3973601387037,103.89240323278732,104.31785438951671,100.70008820560766,65.50077041694965,55.30317714848799,50.92700823094575,55.8446966119856,72.15619436745013
120.0,120.0,120.0,120.0,120.0,120.0,120.0,120.0,120.0,120.0,15.021924814654913,32.624156099954156,93.24860823846318,100.08644191744227,103.70548184492871,103.6333777002122,103.4755504736936,103.82843781879023,103.78916882494526,100.91954569316209,65.45973116784683,55.51131637719251,50.94941304783169,55.73024409990358,72.10839143394537
120.0,120.0,120.0,120.0,120.0,120.0,120.0,120.0,120.0,120.0,15.026929117071422,24.29324029727945,93.84214516116258,98.6543150858778,102.06958343999972,104.21448113421064,104.0105302967144,103.89403985320374,103.84905488256476,100.55717914775485,65.67696002333014,55.47118737352617,51.05915771637474,55.72082621151948,72.03966350799286
120.0,120.0,120.0,120.0,120.0,120.0,120.0,120.0,120.0,120.0,15.012734190729367,36.94103925022348,96.45223212084109,98.88564974889393,101.14890092289201,103.0313012598197,104.42008329284658,104.18694272160765,103.90446859609928,100.6633727004861,65.32670029217846,55.518982822094564,51.0156565741002,55.76978005808247,72.04129080383522
120.0,120.0,120.0,120.0,120.0,120.0,120.0,120.0,120.0,120.0,15.014985744545868,35.267992814494384,97.8063141280103,100.69299942421215,101.25311730804901,102.49773078377302,103.54599467258241,104.47754426417687,104.03172506552994,100.74077401539721,65.51607566034043,55.35762896811588,50.978584070494016,55.72424354665903,72.07253317524973
120.0,120.0,120.0,120.0,120.0,120.0,120.0,120.0,120.0,120.0,15.0151569991963,30.98849933991931,94.29887566085407,101.84876297956053,102.42033020246558,102.54920846554596,103.28813481383723,103.82583269450697,104.24391720970829,100.74370785615761,65.73332344367024,55.4935392007415,50.875236172129874,55.668756916548354,72.0377934971002
120.0,120.0,120.0,120.0,120.0,120.0,120.0,120.0,120.0,120.0,15.012750936064124,16.13256437461997,93.02106111055822,99.62430160740475,103.26440958879428,103.26750806541934,103.31156916865761,103.75259519214923,103.75936046230534,100.90024880250284,65.64894843550988,55.699903169659166,50.93793721341868,55.59244666725685,71.99697729635496
120.0,120.0,120.0,120.0,120.0,120.0,120.0,120.0,120.0,120.0,15.010532955536563,15.021376205344758,94.21511297821122,98.79321978961742,101.74138212609627,103.86281271943265,103.71820516806733,103.7579359108574,103.79660090349263,100.57218055806544,65.78413753192262,55.641962163268204,51.07102186647041,55.613523796641964,71.94544422727148
120.0,120.0,120.0,120.0,120.0,120.0,120.0,120.0,120.0,120.0,15.009584685953731,32.03606426783204,97.48451876764295,99.55575772910082,101.30683050202768,102.76522390419743,104.1332743834938,103.95120876178812,103.79055186268398,100.64726778707642,65.46909157409696,55.65698107890465,51.03849695730122,55.68375491077284,71.96169721493597
120.0,120.0,120.0,120.0,120.0,120.0,120.0,120.0,120.0,120.0,15.006556189138585,27.812897588709053,98.02818098581976,101.80225273067656,101.83253734758857,102.61055220508027,103.31653131136792,104.24180003006005,103.84231943900157,100.65365404813556,65.60873393260161,55.52520421375101,51.00570600626002,55.65366271204335,72.00286755629884
120.0,120.0,120.0,120.0,120.0,120.0,120.0,120.0,120.0,120.0,15.004969048031187,19.679740402758565,92.8672793448342,102.43848642590294,103.34201200824141,102.99149448457321,103.34699351579677,103.62200587024626,104.04942640705345,100.5934878454244,65.6920217626968,55.64348720786364,50.9383335801807,55.61189861996043,71.97554633643992
120.0,120.0,120.0,120.0,120.0,120.0,120.0,120.0,120.0,120.0,15.004582954700705,15.006776904423802,91.79936257891745,99.22125945395749,103.86678484227465,103.99917703290676,103.62663759474044,103.76343091279402,103.57460382363601,100.7339857673005,65.50195040322049,55.76337013679568,51.012933885341354,55.56759464768952,71.94292241977115
120.0,120.0,120.0,120.0,120.0,120.0,120.0,120.0,120.0,120.0,15.004010706666541,15.005549701740241,94.38469019994143,98.46569143038073,101.72371975901983,104.4101771856696,104.28360356457675,103.96667012224422,103.76772712977464,100.3875283927741,65.59096175250824,55.6375217988041,51.112567110702265,55.60789882307555,71.91215803696937
120.0,120.0,120.0,120.0,120.0,120.0,120.0,120.0,120.0,120.0,15.006126117098187,28.324325919840074,96.1497592626753,100.04038492892063,101.35365976413979,102.9288388312771,104.60616129964596,104.37570984710852,103.91359002210967,100.56141991341123,65.2030110736529,55.62349164765775,51.05604788059926,55.67047434779884,71.94031954308038
120.0,120.0,120.0,120.0,120.0,120.0,120.0,120.0,120.0,120.0,15.004032632157413,17.893410325651892,95.93455595583927,101.06029351943758,102.35461511036868,102.85217449899217,103.5676228390938,104.63559412780859,104.14915682978577,100.68744037911954,65.40019581558177,55.430837705967534,51.02494531888044,55.64037001435821,71.97819446591299
120.0,120.0,120.0,120.0,120.0,120.0,120.0,120.0,120.0,120.0,15.003401426270852,15.008946078770865,91.39824438801033,101.20400977712895,102.85587043786194,103.50703569271762,103.69303203648079,103.90767047306237,104.36681646181512,100.78831373097287,65.61234987782915,55.53333896422804,50.93682751650332,55.61658889433996,71.95572231232416
120.0,120.0,120.0,120.0,120.0,120.0,120.0,120.0,120.0,120.0,15.00319822185096,15.00413124150445,92.35572362911896,98.32964025692746,103.07041638958458,103.67313844859427,104.12261643450668,104.15858151246199,103.86341779739782,100.98277869047996,65.63194842930905,55.68347611289358,50.99573209019938,55.57676486571885,71.9406899398215
120.0,120.0,120.0,120.0,120.0,120.0,120.0,120.0,120.0,120.0,15.003047675272004,15.003978936762925,93.9932716570024,98.96736279762045,101.14608300483451,103.90358316355392,104.07644271757887,104.43631227993744,104.17727672166235,100.67687119666739,65.85267346168015,55.6385010590846,51.09480070254867,55.61758827059314,71.91896548532817
120.0,120.0,120.0,120.0,120.0,120.0,120.0,120.0,120.0,120.0,15.003708984888114,15.222058640723246,94.2684398653214,99.84522545805345,101.69281282634978,102.5650328461183,104.31622277959474,104.2635904175233,104.35631536236994,101.00100062762475,65.61740713052794,55.689750159349344,51.05390018021944,55.68293669985644,71.95310944642947
120.0,120.0,120.0,120.0,120.0,120.0,120.0,120.0,120.0,120.0,15.003016699845826,15.00679660760165,93.6618440729938,99.97194968865448,102.13493954632327,103.065157703692,103.36361773713973,104.51551944421233,104.11898486508366,101.16440488570797,66.13080915507197,55.609652398703034,51.029607651968085,55.654860841449974,71.9953630183487
120.0,120.0,120.0,120.0,120.0,120.0,120.0,120.0,120.0,120.0,15.00278126206295,15.004532036866712,92.78438474921731,99.79713266443747,102.10182348153597,103.25615473161501,103.81853418345067,103.82682074316158,104.38335269623474,100.89534429209856,66.48448852797243,55.948797670205124,50.98206939727276,55.620376163314944,71.9723853700131
120.0,120.0,120.0,120.0,120.0,120.0,120.0,120.0,120.0,120.0,15.002830880468643,15.003610701038154,92.3067008723643,99.3295667172426,102.10810050790693,103.1087901060212,103.8617069190111,104.22855373630969,103.88350845167467,101.1653391403159,66.08498108448421,56.24506759533611,51.161818871704554,55.58501152613673,71.9448363785623
120.0,120.0,120.0,120.0,120.0,120.0,120.0,120.0,120.0,120.0,15.00313267453748,15.003291756944146,92.14750091466829,98.9793200460845,101.84201860217439,103.21402712983267,103.64291096448355,104.18889391958653,104.22237234946202,100.86515175792884,66.4545767331123,56.02956265663673,51.34360516606636,55.6741597841385,71.9181593387243
120.0,120.0,120.0,120.0,120.0,120.0,120.0,120.0,120.0,120.0,15.002438250833379,15.003411062641034,92.05664143231486,98.80908136918691,101.57682267229485,103.05066705437798,103.81052030228619,103.93277155821085,104.14558665428108,101.10435924449224,66.32187133533638,56.22873919298587,51.22803761896987,55.7649324416286,71.97076935219194
120.0,120.0,120.0,120.0,120.0,120.0,120.0,120.0,120.0,120.0,15.0025865679886,15.00299000672419,91.85183409523373,98.6774858533012,101.42399506703332,102.83654762189303,103.69492283527063,104.14009383046826,103.8791443953482,101.04927395005791,66.61450508380324,56.32781797338198,51.30534921030115,55.67963148642834,72.01107289098078
120.0,120.0,120.0,120.0,120.0,120.0,120.0,120.0,120.0,120.0,15.002991307916725,15.002824578838668,91.55248180127913,98.5084091081155,101.27908770277506,102.71633269280423,103.51227439275517,104.04149828548972,104.10585722094096,100.77739118646117,66.61443305444237,56.55288982602572,51.42098131804022,55.695474550373916,71.93800290592591
120.0,120.0,120.0,120.0,120.0,120.0,120.0,120.0,120.0,120.0,15.003639166062307,15.002894311232303,91.22918377226199,98.29729002595705,101.11821952407311,102.56869236987984,103.43036430358211,103.87820567211051,104.01203495320694,101.000722835437,66.21442835462605,56.62929041137082,51.577061396548,55.7639769047906,71.93739306138721
120.0,120.0,120.0,120.0,120.0,120.0,120.0,120.0,120.0,120.0,15.004308451343737,15.003499063499133,89.11815458118886,98.06588103395245,100.94394933004203,102.41171614210506,103.2847521445978,103.83580236872957,103.8588235996774,100.94045092617418,66.52299160157177,56.43623973905607,51.65592797962331,55.845959006566666,71.96762172354046
120.0,120.0,120.0,120.0,120.0,120.0,120.0,120.0,120.0,120.0,15.0032062001124,15.00252465316004,90.72335192090254,97.85714131815189,100.75205724171961,102.25998390589778,103.13209639663854,103.69380139092681,103.85234821547462,100.76144066996952,66.54940842416775,56.645617506728016,51.587314037543706,55.885480556358694,72.00576631989497
120.0,120.0,120.0,120.0,120.0,120.0,120.0,120.0,120.0,120.0,15.003690586456534,15.003072876721372,87.535796978033,97.92444906819308,100.56778298227383,102.0882352341966,102.99790596058396,103.54618879859335,103.71596814214747,100.77640316019118,66.24273577931822,56.767283782501984,51.727440203453334,55.84869399375301,72.01349211499952
120.0,120.0,120.0,120.0,120.0,120.0,120.0,120.0,120.0,120.0,15.003994574463402,15.003757362686656,78.26725991908253,97.33448588754167,100.65680271485617,101.91920366735816,102.8384442441096,103.42922179646405,103.57092696200958,100.65892832839839,66.25139269291004,56.606909821135595,51.8604158521874,55.93248556448092,71.97815499773506
120.0,120.0,120.0,120.0,120.0,120.0,120.0,120.0,120.0,120.0,15.00427282058399,15.004271647150155,63.2754803768078,97.71348900009669,100.11034477025449,101.9886240419751,102.67943377283925,103.27747354052887,103.46968384278578,100.48571489995764,66.1327326398224,56.62307534425753,51.81235455296783,56.02569189420755,72.02644608710688
120.0,120.0,120.0,120.0,120.0,120.0,120.0,120.0,120.0,120.0,15.00471480650378,15.004532628377572,53.22141921254392,98.6250298600381,100.48819504409929,101.50092689884397,102.72244884374282,103.1256283319211,103.32292523325249,100.37564697471342,65.82121736547244,56.62158549039241,51.84660938714235,56.009229299852166,72.07474702261611
120.0,120.0,120.0,120.0,120.0,120.0,120.0,120.0,120.0,120.0,15.003697011820218,15.002814152883277,62.97513719138661,99.67388397367142,101.45086751422515,101.83069968897296,102.2885569533048,103.1436586649718,103.17306457910692,100.21723337101558,65.59104109165399,56.449555188861474,51.907385994356886,56.0405530827204,72.05611106158017
120.0,120.0,120.0,120.0,120.0,120.0,120.0,120.0,120.0,120.0,15.004464131617686,15.003234866459218,69.49120990986884,99.68576482756527,102.6235198988361,102.66135323464479,102.56401528580258,102.75617974807122,103.16660295790354,100.03076533419318,65.30923009619782,56.2945559706633,51.862837158273244,56.10431357841169,72.07552977151975
120.0,120.0,120.0,120.0,120.0,120.0,120.0,120.0,120.0,120.0,15.00492857229613,15.00402962027168,71.64016414357866,96.65567531834103,103.02665801207145,103.68247787265067,103.23912993554282,102.97978495530596,102.81759178897423,99.96491954707125,64.93001164020079,56.12059072934813,51.81064864722324,56.108700713305346,72.11572450451499
120.0,120.0,120.0,120.0,120.0,120.0,120.0,120.0,120.0,120.0,15.005168901449496,15.004866400225506,60.55194693399701,95.2307607816554,100.83079786619331,104.18070368564467,104.06762302320101,103.50831158244186,102.98745985265941,99.61804676221274,64.680853966744,55.85537915597439,51.75871716334719,56.10953784097895,72.12193350810792
120.0,120.0,120.0,120.0,120.0,120.0,120.0,120.0,120.0,120.0,15.005511203804328,15.005415394461611,47.775552199606246,95.75364275788964,99.57216990788413,102.60891589819747,104.5762847468391,104.1509280233798,103.38619080741911,99.67588412947372,64.0848241988385,55.625796940630934,51.64951293931935,56.12158056912046,72.13343209700666
120.0,120.0,120.0,120.0,120.0,120.0,120.0,120.0,120.0,120.0,15.00430239484027,15.003347770323476,54.28176980496871,97.73745714608283,99.72834324253417,101.70256099384017,103.46050363941121,104.63487162107953,103.86367871756282,99.949752046222,63.92116901586937,55.20184630097744,51.53887888342885,56.10517191701586,72.15659987293537
120.0,120.0,120.0,120.0,120.0,120.0,120.0,120.0,120.0,120.0,15.005195713991766,15.003815148342442,57.66765911285154,98.85614312228142,101.2322335842832,101.72956131165193,102.87951250730838,103.85810978278714,104.30500774988886,100.26943635664263,64.11190347021426,54.95935402141816,51.32715130915383,56.08642114408287,72.16688169758746
120.0,120.0,120.0,120.0,120.0,120.0,120.0,120.0,120.0,120.0,15.005777429789998,15.004646745830136,58.67160219666501,96.33152346837502,102.32555210986415,102.7473403306613,102.86659034001812,103.54202402251677,103.78341552561143,100.66249958259202,64.3432001484922,54.922355903419295,51.18230133248008,56.01840953230997,72.1811962260992
120.0,120.0,120.0,120.0,120.0,120.0,120.0,120.0,120.0,120.0,15.006064194435895,15.005498997035406,49.21676651089754,94.83248828611256,100.66089378986499,103.5956438977003,103.51354809248735,103.52653013638621,103.66417589292742,100.37051618215189,64.77310070985051,54.8645597226127,51.13233081631229,55.98313340361642,72.16982077788194
120.0,120.0,120.0,120.0,120.0,120.0,120.0,120.0,120.0,120.0,15.00637703667205,15.006115325463528,39.71502375399914,95.09865864301887,99.57227667160949,102.42397120233946,104.1357311587953,103.90756658938128,103.66387577583089,100.38545354803684,64.54884287290734,54.909143460884934,51.028849550696236,55.9931575158376,72.18577552470772
120.0,120.0,120.0,120.0,120.0,120.0,120.0,120.0,120.0,120.0,15.005153484818047,15.003748019047505,48.15885453701661,96.97808514488665,99.62673206532882,101.73127606540068,103.27238620893874,104.35468447292602,103.86429994546164,100.4460161014227,64.68737256458027,54.72064707564732,50.930501398702276,55.947790963846465,72.22469579646734
120.0,120.0,120.0,120.0,120.0,120.0,120.0,120.0,120.0,120.0,15.006077175398895,15.004385591876531,50.50755728748187,98.0833921922503,100.97809920805679,101.7432119875017,102.8775754586907,103.7007433131758,104.18658013745262,100.52429830856953,64.92816084526892,54.78175300638852,50.73839321027595,55.872202585787804,72.2168396135509
120.0,120.0,120.0,120.0,120.0,120.0,120.0,120.0,120.0,120.0,15.00645756249539,15.005459490360563,49.97544818811458,95.38703933597232,101.97545938452609,102.64546278021476,102.88915589657864,103.51724005029874,103.68901858887736,100.76176309312918,64.98388475897902,54.98252613734571,50.70136702809075,55.73966039741424,72.18022920009692
120.0,120.0,120.0,120.0,120.0,120.0,120.0,120.0,120.0,120.0,15.006575769617658,15.00641301306964,39.48314779411483,93.96016385962717,100.20431734382471,103.40093234004942,103.46478330327537,103.53569633381291,103.64364135034951,100.41917754189117,65.23029958837043,55.003481385204545,50.789748728400454,55.6931612211558,72.10357370718681
120.0,120.0,120.0,120.0,120.0,120.0,120.0,120.0,120.0,120.0,15.006973601345399,15.006834765365282,31.161350800032,94.44738200949918,99.18582385741769,102.15612032953777,104.0176580723037,103.87767846259646,103.66868544524202,100.44243826519975,64.89548315381435,55.06758497738329,50.77215096163991,55.72742612613881,72.08516366074727
120.0,120.0,120.0,120.0,120.0,120.0,120.0,120.0,120.0,120.0,15.005722296972424,15.004188312916968,41.85440570748203,96.60686295015937,99.4056850478452,101.51929225959721,103.10252728179037,104.27946955243301,103.84761917826434,100.49985887099851,64.98274540868823,54.89783761540618,50.73746179492978,55.69507562818041,72.11147977966709
120.0,120.0,120.0,120.0,120.0,120.0,120.0,120.0,120.0,120.0,15.00664187027566,15.004919466763658,43.79792055069366,97.8053325607199,100.91708479545852,101.6455181794124,102.74804945021457,103.58930916706879,104.14159283421483,100.55526170513812,65.17266232459878,54.969909980111055,50.6135261983046,55.637556573612585,72.08786001874826
120.0,120.0,120.0,120.0,120.0,120.0,120.0,120.0,120.0,120.0,15.00716896117743,15.005979172792737,42.99527673771632,94.67221871690707,101.95771618864028,102.64305233581877,102.83563750216832,103.43299659318816,103.61791773964154,100.76885940337341,65.17481851574006,55.157231598154645,50.63098658774177,55.5420041551536,72.0459068413276
120.0,120.0,120.0,120.0,120.0,120.0,120.0,120.0,120.0,120.0,15.007636929291023,15.006627371528424,32.70247706178146,93.08658450891899,99.96753572302447,103.42522265241757,103.47071614868682,103.49985833622458,103.58874438674606,100.40030260710783,65.38110353244907,55.15766702590202,50.74698564515413,55.53236811282257,71.98151958948175
120.0,120.0,120.0,120.0,120.0,120.0,120.0,120.0,120.0,120.0,15.00826891953059,15.006765534851898,26.491234219694917,93.69402569401483,98.85258376821044,102.0624145035463,104.04447297086506,103.87955950404304,103.64231670690606,100.42421602942916,65.00095710884028,55.21265919063067,50.745913796513186,55.590384668617205,71.97864306241769
120.0,120.0,120.0,120.0,120.0,120.0,120.0,120.0,120.0,120.0,15.006539957842717,15.004546391696284,36.36645436001858,96.05520016241513,99.11435555144035,101.37537370401577,103.06506492997134,104.29947955945303,103.84453530513575,100.49165890835856,65.06506675989986,55.03011733078931,50.73254434853669,55.577534646094506,72.01479631497729
120.0,120.0,120.0,120.0,120.0,120.0,120.0,120.0,120.0,120.0,15.00809228563218,15.005094320218664,37.81051567876862,97.14553713465689,100.68155806050635,101.51389605852239,102.68905254383307,103.57624211196665,104.15426693498755,100.55693769039448,65.24204722849476,55.09185558016771,50.62760819562717,55.544407971542995,72.00068600530813
120.0,120.0,120.0,120.0,120.0,120.0,120.0,120.0,120.0,120.0,15.008675252010857,15.005962241498093,37.10706822602378,94.11358487699908,101.60294564061468,102.50878274821977,102.77610649766422,103.41595196677979,103.61600348823973,100.78246890517927,65.23464336147373,55.2670646880167,50.66012333564195,55.47338548661092,71.97297400613161
120.0,120.0,120.0,120.0,120.0,120.0,120.0,120.0,120.0,120.0,15.007897146471143,15.006683358975904,28.715223017274734,92.50725859899579,99.75298523392912,103.18071718011637,103.38518086338028,103.4767632268677,103.59301324289248,100.41042322259075,65.44485552118762,55.25260564665923,50.784611929917,55.48538903377121,71.92395929099979
120.0,120.0,120.0,120.0,120.0,120.0,120.0,120.0,120.0,120.0,15.006609962247236,15.006864257418178,22.37054143243636,93.01031004287847,98.66150387160413,101.94979366231942,103.86229230115914,103.8226396610138,103.63867586060809,100.44564086941314,65.06418149938153,55.301346689064765,50.78510143090036,55.56004317700688,71.93524519256727
120.0,120.0,120.0,120.0,120.0,120.0,120.0,120.0,120.0,120.0,15.006069113384122,15.004555438890312,32.80594734742144,95.1713157825774,98.82683697542744,101.28750626614787,102.99791627290473,104.16067004413556,103.80655295637425,100.50603068798716,65.14922666003962,55.11746981489795,50.77411385990399,55.55801662200629,71.98249880006318
120.0,120.0,120.0,120.0,120.0,120.0,120.0,120.0,120.0,120.0,15.005594256153085,15.004749660376444,31.100371493952785,96.5478538219881,100.18893003439304,101.34416323278823,102.63540804666569,103.53479143909054,104.04857678909289,100.53798584488992,65.32028117983012,55.19382836762874,50.67434141894288,55.53402239621704,71.97580316196212
120.0,120.0,120.0,120.0,120.0,120.0,120.0,120.0,120.0,120.0,15.004681034931851,15.004644022355173,27.14693336371315,93.48918381133852,101.26237931925301,102.17500969888022,102.65271111255454,103.37427722307342,103.59079571293832,100.7059359281719,65.26275483872101,55.369989369050685,50.72059331603766,55.47251124091662,71.95440729048977
120.0,120.0,120.0,120.0,120.0,120.0,120.0,120.0,120.0,120.0,15.003882137470233,15.004144213210441,15.664629293493464,92.44551125018272,99.41602500397444,102.94070536568455,103.13996824749465,103.37530549511595,103.55564493869004,100.3954360032538,65.39086286613899,55.327525081128876,50.852062715355395,55.497590103879624,71.9118510377649
120.0,120.0,120.0,120.0,120.0,120.0,120.0,120.0,120.0,120.0,15.003372808756412,15.00361938161509,15.01724479753128,93.62317138706462,98.78427054685359,101.7050435340283,103.68061489788103,103.63533051759741,103.54937911431274,100.41240218562692,65.07628391494347,55.33140327299121,50.84298856445508,55.58079770282749,71.93152726103048
120.0,120.0,120.0,120.0,120.0,120.0,120.0,120.0,120.0,120.0,15.003182474165419,15.003166648913165,29.775566897877162,96.5544552481565,99.49098624854967,101.3981473886669,102.79763697830023,104.01823801849744,103.65958320588258,100.4176993677243,65.13349701255083,55.181182815385476,50.81518351542904,55.57763958344111,71.98375506744839
120.0,120.0,120.0,120.0,120.0,120.0,120.0,120.0,120.0,120.0,15.002783250885651,15.002648870817643,25.948774213904787,97.0447245711824,101.39183583378656,101.87076967574247,102.70896259416035,103.36150197825553,103.9329521316192,100.41007680720809,65.20145988501008,55.24316300252614,50.73868363695831,55.55001242729134,71.97634973861413
120.0,120.0,120.0,120.0,120.0,120.0,120.0,120.0,120.0,120.0,15.002420582428618,15.00227591977907,18.0912831290332,92.20916813522547,101.95554178873424,103.11347670992488,103.04758657668818,103.41195280486296,103.43479766418952,100.5967437202639,65.08484537644398,55.34416775122251,50.784944690303156,55.50739244219283,71.95429046318947
120.0,120.0,120.0,120.0,120.0,120.0,120.0,120.0,120.0,120.0,15.002172625631504,15.0021357354476,15.005695805065843,91.41026622158728,99.03296616439123,103.58004244071365,103.86309936400355,103.66187645533904,103.56149328072026,100.23381426826418,65.22648052429938,55.25964379668802,50.87566992436177,55.53854277673443,71.92578602777914
120.0,120.0,120.0,120.0,120.0,120.0,120.0,120.0,120.0,120.0,15.002082779633575,15.0019520969034,15.00437396596539,94.07554171567946,98.47834746278002,101.66653876562717,104.23264199264369,104.18621101419481,103.74875202949664,100.36316441853657,64.81467552637784,55.26936499264652,50.844961534716795,55.60258569414999,71.94986817330451
120.0,120.0,120.0,120.0,120.0,120.0,120.0,120.0,120.0,120.0,15.002187937166656,15.002316598785228,26.579243168923412,95.57644062672574,100.0247471908795,101.4212602503488,102.92391042212653,104.48067845969797,104.07183532749222,100.53017784187813,64.96051302424246,55.051831226533146,50.82696432479492,55.59295372502563,71.99178447049782
120.0,120.0,120.0,120.0,120.0,120.0,120.0,120.0,120.0,120.0,15.001979611184888,15.001848083867456,17.608995337685325,95.27411883709689,100.85761299333782,102.37873068666525,102.91216560205548,103.57002966358934,104.31259191920098,100.7033300944439,65.23680456108282,55.121943710187914,50.71923636001767,55.57932415736909,71.98455454000973
120.0,120.0,120.0,120.0,120.0,120.0,120.0,120.0,120.0,120.0,15.001824360602603,15.001670586546675,15.006677469027487,91.09321760627019,100.94320148662881,102.76410011419641,103.52834028518166,103.716403557088,103.68155594133337,100.91398095910529,65.3656395335555,55.31384870865974,50.756557376053216,55.527297913733754,71.97572314779937
120.0,120.0,120.0,120.0,120.0,120.0,120.0,120.0,120.0,120.0,15.001764111050198,15.001599066269122,15.003084722014139,92.16069793319457,98.36812559885944,102.94443167067804,103.62972358057381,104.11707148070542,103.9199693200024,100.5206603130986,65.61079303702336,55.340947160178004,50.87870748997344,55.55541770781667,71.9452534150795
120.0,120.0,120.0,120.0,120.0,120.0,120.0,120.0,120.0,120.0,15.001825089887806,15.001529409821176,15.00274575442216,93.81624130443949,99.02684018469009,101.25070692112165,103.84162119536127,104.04151514364817,104.18272646794347,100.79397076531227,65.28226444378943,55.406145576678234,50.87957191711748,55.63461223488733,71.97158417721397
120.0,120.0,120.0,120.0,120.0,120.0,120.0,120.0,120.0,120.0,15.001727321295894,15.0017360852783,16.238259508051627,94.0909493531777,99.87743569779725,101.77744953612128,102.67844601085947,104.27108344898308,104.00605475506998,101.01724464340126,65.74551012067532,55.279204116426186,50.86014284017313,55.629822044505886,72.02322870885818
120.0,120.0,120.0,120.0,120.0,120.0,120.0,120.0,120.0,120.0,15.001649966723797,15.001507641496186,15.005485209324954,93.50529826515421,100.02564092542572,102.2018732965124,103.13857985629853,103.45207730222556,104.24830291907338,100.78215017346518,66.17969566862065,55.60608808742387,50.78483086825808,55.59407268446055,72.01329425798822
120.0,120.0,120.0,120.0,120.0,120.0,120.0,120.0,120.0,120.0,15.00165588954619,15.001404965507724,15.00322842486197,92.41195417986461,99.870373291455,102.20569240179628,103.3252935305247,103.85798070933379,103.66803997915036,101.02551974504121,65.81749136617674,55.96406199602828,50.96376303657982,55.53894309170387,71.981196586817
120.0,120.0,120.0,120.0,120.0,120.0,120.0,120.0,120.0,120.0,15.001758574453609,15.00137822081363,15.002393520901519,92.24113387231579,99.25719044233229,102.22512198035106,103.22554017776007,103.90836106178347,104.01464357944886,100.67923090732097,66.13001349058234,55.775518345321004,51.18959358500895,55.628301748729136,71.93951204621578
120.0,120.0,120.0,120.0,120.0,120.0,120.0,120.0,120.0,120.0,15.001985104140024,15.001409109480315,15.002024614203672,92.29024146685859,99.09918062800875,101.85399358609395,103.33651111317704,103.74338142087579,103.99271866215892,100.93157189655133,65.95174165271608,55.92919024475388,51.09587542599067,55.74725599116516,71.99246008320198
120.0,120.0,120.0,120.0,120.0,120.0,120.0,120.0,120.0,120.0,15.001447988045806,15.001210679168537,15.002501465161423,92.23048329485283,99.04977895449859,101.72934578695991,103.09487693236412,103.90873912592478,103.79505411595025,100.90713889395374,66.27880028547537,56.003224188370396,51.14516371529299,55.67572070480734,72.05069859838868
120.0,120.0,120.0,120.0,120.0,120.0,120.0,120.0,120.0,120.0,15.001592320678833,15.001197893550469,15.001932236255112,91.99824834667814,98.95744853300637,101.65081754284732,102.9944808562299,103.73618081916449,103.98942017600568,100.68390111192545,66.31151109566147,56.26427337418138,51.24567309763358,55.673730435292704,71.98436311679016
120.0,120.0,120.0,120.0,120.0,120.0,120.0,120.0,120.0,120.0,15.001843965348474,15.001242355728381,15.001695564574058,91.68340131024092,98.8042683350277,101.537840558529,102.91803999986595,103.65080446931842,103.85627407524939,100.88702912593753,65.96154865334205,56.36518488595615,51.42945749239737,55.733230907684685,71.97045812782305
120.0,120.0,120.0,120.0,120.0,120.0,120.0,120.0,120.0,120.0,15.002194344555072,15.00135307538368,15.00165258438556,91.40619742410534,98.59575745480458,101.4138568468309,102.79482189128926,103.59097674792564,103.77630596658572,100.81181816792132,66.25055125845674,56.19055915793578,51.52855712576211,55.8343438692645,71.99522501709946
120.0,120.0,120.0,120.0,120.0,120.0,120.0,120.0,120.0,120.0,15.002591392288146,15.001560814135,15.001676346616732,91.21744306937136,98.39048019994047,101.2534597499901,102.68619126151606,103.46419330613136,103.73901360524759,100.7049708721908,66.27934455710916,56.386162271779604,51.46576445923959,55.887832444997336,72.04623676060423
120.0,120.0,120.0,120.0,120.0,120.0,120.0,120.0,120.0,120.0,15.001835788683573,15.00114858885468,15.00140376642111,91.09616361959903,98.23107206968693,101.08421017373506,102.55309220402846,103.36606283453351,103.6145141044247,100.6882857796042,66.09551648843025,56.51834273959151,51.59419005313515,55.85201364340169,72.06211152975372
120.0,120.0,120.0,120.0,120.0,120.0,120.0,120.0,120.0,120.0,15.002111970868151,15.001324063324642,15.001412373577889,90.96090329075052,98.1041964619139,100.93948161121646,102.40364855221549,103.2512411060563,103.52140363242198,100.57645164083203,66.07675664165662,56.44644709699047,51.732813667320634,55.92635334901647,72.02558448142196
120.0,120.0,120.0,120.0,120.0,120.0,120.0,120.0,120.0,120.0,15.002362191326613,15.00156810496764,15.001525656472497,90.78772755610014,97.9830606558351,100.81457402957942,102.27043575952273,103.11421806226762,103.42038177854845,100.46463290970695,65.95473879630235,56.46391079789393,51.73670516835672,56.0209806242542,72.06570586149995
120.0,120.0,120.0,120.0,120.0,120.0,120.0,120.0,120.0,120.0,15.002610997332889,15.001815916363643,15.00181968209023,87.916621891737,97.85520420124942,100.69560091870667,102.14776647348737,102.9900523838064,103.29096827804659,100.35942779529414,65.75597888321283,56.457383909369604,51.778573283770356,56.03226929733648,72.11370241766686
120.0,120.0,120.0,120.0,120.0,120.0,120.0,120.0,120.0,120.0,15.002916100188592,15.002026523588597,15.002181455156443,79.365786482635,97.71834760572341,100.57836109981432,102.02891984896934,102.87013505378849,103.17147143989457,100.21864076330738,65.5633643993397,56.36686804626485,51.83349881047418,56.0661519543476,72.11043257911678
120.0,120.0,120.0,120.0,120.0,120.0,120.0,120.0,120.0,120.0,15.002208024059556,15.001477131530894,15.001530992344522,77.37171095364899,97.95027843754643,100.45847696619558,101.91588804005328,102.75108881501036,103.05260560073815,100.07374155156793,65.31426324216214,56.25999841678962,51.835462508346595,56.121641994946984,72.12713805335491
120.0,120.0,120.0,120.0,120.0,120.0,120.0,120.0,120.0,120.0,15.002425483404313,15.001691218717866,15.001734235704097,74.37745788816127,98.71421003404772,100.71012059225,101.80253827230257,102.63932183299146,102.93074285510245,99.9255780570598,65.02337128249246,56.1160093992114,51.819029341548735,56.148992153303986,72.15890883783615
120.0,120.0,120.0,120.0,120.0,120.0,120.0,120.0,120.0,120.0,15.002682688640498,15.001885257157998,15.002003308397061,71.25594157481983,98.02024184328782,101.53798456723536,102.01696329015465,102.52867659437905,102.81603624211674,99.76703598110774,64.708008767615,55.923379317120386,51.78541087473461,56.167915426364395,72.1763047150865
120.0,120.0,120.0,120.0,120.0,120.0,120.0,120.0,120.0,120.0,15.003018522402364,15.002066642471203,15.002262661122073,63.60590085412005,97.80106975584353,101.09389289154149,102.7410371254047,102.69553990816554,102.70256759879898,99.60909173608965,64.35866959910933,55.69330228267979,51.719622997861876,56.18448781978311,72.19361082477569
120.0,120.0,120.0,120.0,120.0,120.0,120.0,120.0,120.0,120.0,15.003443179104714,15.002278284077821,15.0024783461873,56.91585737133917,97.84557478319178,101.07663920830561,102.41499162196048,103.28975676167788,102.8191279716102,99.44911990116034,63.987951107426234,55.42298734949859,51.624285198679004,56.18698469952073,72.2137777198961
120.0,120.0,120.0,120.0,120.0,120.0,120.0,120.0,120.0,120.0,15.002649495632541,15.001717828023459,15.00165095241282,62.99912457373092,98.4411894901727,101.24449718791382,102.51145731730966,103.02703154433175,103.28661290006396,99.47524426688685,63.59822883051703,55.11694922535889,51.49909107505837,56.17549865137844,72.22991762006092
120.0,120.0,120.0,120.0,120.0,120.0,120.0,120.0,120.0,120.0,15.002886471757856,15.002010022943626,15.001877295456392,66.57289422021958,98.6100199263313,101.86043353467407,102.729239393953,103.19256230723269,103.06026508663041,99.80245902303935,63.42722070596728,54.778210313708705,51.34432291769189,56.15023936558848,72.2425319661355
120.0,120.0,120.0,120.0,120.0,120.0,120.0,120.0,120.0,120.0,15.00315387012649,15.00224193469175,15.002250254265903,66.70949356447238,96.59034257299244,102.20354205412397,103.25031115631779,103.43376685364932,103.25994885568493,99.59022303801304,63.663050597576294,54.533888213159216,51.16081426860897,56.11017382189652,72.25160150760895
120.0,120.0,120.0,120.0,120.0,120.0,120.0,120.0,120.0,120.0,15.003511250672577,15.002419285866932,15.002636776510386,58.06952044574005,95.66229703472408,100.70343744480824,103.60282388564323,103.85321842681304,103.5089302610906,99.75601186813195,63.28524712641661,54.49726920379109,51.00854053934404,56.05485256542243,72.25642743891243
120.0,120.0,120.0,120.0,120.0,120.0,120.0,120.0,120.0,120.0,15.003965250907237,15.002625592626847,15.002922322816584,48.672031790546825,96.03482477954766,99.91459888615728,102.48835879582431,104.18657743146635,103.8381651518836,100.03323775182116,63.34352414407733,54.13704948984519,50.93956693210128,56.01276065462312,72.25652422217931
120.0,120.0,120.0,120.0,120.0,120.0,120.0,120.0,120.0,120.0,15.003074549232903,15.001973649439703,15.001916842696861,53.5581060073801,97.42741804803671,100.06962036039643,101.9268056344045,103.35763447553504,104.14888106154471,100.29608143560394,63.74619321738174,53.977437293099236,50.690521555972275,56.003263515360295,72.26734441090638
120.0,120.0,120.0,120.0,120.0,120.0,120.0,120.0,120.0,120.0,15.003330540190891,15.00230174461046,15.002156847852742,55.87551353873959,98.23503318703378,101.13593652931064,101.99146879853163,102.99820827883183,103.54384755489548,100.59850054083547,64.08030341331178,54.11246633058014,50.50961843370267,55.88289762628427,72.29297135256839
120.0,120.0,120.0,120.0,120.0,120.0,120.0,120.0,120.0,120.0,15.003602912118348,15.002567387036944,15.002550079191938,56.10335456087679,96.26432648076101,101.94997866853355,102.71615894931497,103.02528832798068,103.3432094163046,100.21755743830417,64.49201821721658,54.209718878424596,50.50902771799053,55.78278291984845,72.24295355404013
120.0,120.0,120.0,120.0,120.0,120.0,120.0,120.0,120.0,120.0,15.003949223305847,15.002775573246527,15.00295199579038,48.83895256544588,95.12941788182515,100.649031877612,103.36190273621413,103.48565400844912,103.35858924386689,100.13065315446335,64.18607721437817,54.33010735913999,50.482604002447985,55.781697429408176,72.20934833640237
120.0,120.0,120.0,120.0,120.0,120.0,120.0,120.0,120.0,120.0,15.004384784575878,15.003008319139749,15.00325424135999,41.33714825462281,95.31391890227141,99.84019277930406,102.44691818198255,103.97113572564913,103.62849094057472,100.17945772093559,64.17917280405128,54.16109102282136,50.43282766965982,55.74885588618058,72.23040554872878
120.0,120.0,120.0,120.0,120.0,120.0,120.0,120.0,120.0,120.0,15.003556248541923,15.002272651711095,15.002153176455396,47.23490489809207,96.66971448072545,99.87820008229126,101.93848882042772,103.29888754716693,103.98752410364744,100.31027149285698,64.3729653519327,54.182168323995285,50.26662013137077,55.675378576206995,72.21732771227322
120.0,120.0,120.0,120.0,120.0,120.0,120.0,120.0,120.0,120.0,15.003790832251378,15.002649093769682,15.002440985970606,48.83089237977497,97.5209998918114,100.8461284451055,101.94691078794901,103.0131813998881,103.48464172494965,100.57216468409796,64.49174975649179,54.37547378398212,50.22870751615546,55.54048548213457,72.16942581063927
120.0,120.0,120.0,120.0,120.0,120.0,120.0,120.0,120.0,120.0,15.00403740174052,15.002945580613774,15.002887365903003,48.28891993903772,95.49614883007884,101.62409928793164,102.58489865053333,103.02244947343779,103.3514415761099,100.2237512796841,64.76646800716672,54.451680183688374,50.330750383075014,55.486463125636504,72.08121714760708
120.0,120.0,120.0,120.0,120.0,120.0,120.0,120.0,120.0,120.0,15.004404294598725,15.003158769449152,15.003315967498304,40.883328258252426,94.41863689231363,100.29998396578026,103.17898401679295,103.42190767777198,103.36806091952383,100.17404099591779,64.41796772033277,54.546038455816074,50.36107210404599,55.52717326119883,72.05157299666921
120.0,120.0,120.0,120.0,120.0,120.0,120.0,120.0,120.0,120.0,15.004948566493296,15.00337392827337,15.003620170769494,34.30131117930814,94.71694948282055,99.55044955797226,102.24875823243984,103.86103435301139,103.59928362312164,100.22259317800298,64.40757097064429,54.370980574996445,50.35841250493653,55.5242461701844,72.07939749172284
120.0,120.0,120.0,120.0,120.0,120.0,120.0,120.0,120.0,120.0,15.004045681955658,15.002604780503473,15.002385180289124,41.28235020113332,96.19745792904365,99.67023369507324,101.78704491664597,103.17634328080226,103.92205755610777,100.3255537029451,64.57715699734452,54.39206558132316,50.238723900935305,55.487770237514994,72.07280071702851
120.0,120.0,120.0,120.0,120.0,120.0,120.0,120.0,120.0,120.0,15.00431413369105,15.003013663709698,15.002715485546286,42.47539324793683,97.0975137695341,100.69600436499955,101.85037410005738,102.92305011091742,103.4080823222067,100.55731772055341,64.65128774109307,54.57127833478348,50.235701479491304,55.395430934767035,72.0413532209538
120.0,120.0,120.0,120.0,120.0,120.0,120.0,120.0,120.0,120.0,15.004635806204949,15.003297572184447,15.003219039145684,41.60636308850662,94.87884031967312,101.48885265765192,102.51707957612555,102.9671385858326,103.29468913976378,100.19428561636548,64.88130272148624,54.62598751281694,50.35499840422411,55.37675646674425,71.97606866257156
120.0,120.0,120.0,120.0,120.0,120.0,120.0,120.0,120.0,120.0,15.005089889474812,15.003491162134894,15.003677401334386,34.2914937063857,93.74161563984708,100.07920261355555,103.1167675874647,103.38178061835278,103.33124175981256,100.14974306283385,64.50114252818466,54.703424233477605,50.39502699009223,55.44108404173791,71.96596339986577
120.0,120.0,120.0,120.0,120.0,120.0,120.0,120.0,120.0,120.0,15.005676239900525,15.003721286682184,15.003979419331648,28.605186210116166,94.11436240402487,99.30587202937663,102.14740128138736,103.82471042301718,103.57028030836794,100.2034218321137,64.4766748767293,54.51691136691859,50.40455878317952,55.45714639679394,72.00673703378791
120.0,120.0,120.0,120.0,120.0,120.0,120.0,120.0,120.0,120.0,15.004421768158323,15.002847484581,15.002569287752051,36.29519544094635,95.72915633132536,99.45964338235756,101.68055944177884,103.12350386887631,103.89665586875552,100.30658563890297,64.62979301537622,54.529803037070124,50.29946284573776,55.441462906494124,72.01128689288103
120.0,120.0,120.0,120.0,120.0,120.0,120.0,120.0,120.0,120.0,15.004607470799101,15.00325579974708,15.002917706020678,37.03211093383513,96.68145387961479,100.5317359996081,101.76056950269191,102.8739094983281,103.37779874048786,100.54037769407931,64.68570656928595,54.693036153569885,50.30904539198569,55.371364226928215,71.99316745802787
120.0,120.0,120.0,120.0,120.0,120.0,120.0,120.0,120.0,120.0,15.004887265915194,15.003477136738326,15.003439858821398,35.82828345601082,94.31837751941326,101.33344061101877,102.43958251033642,102.92609522019917,103.27184156116553,100.17771702131579,64.90815337128761,54.727999984729294,50.431801337292626,55.3726448923522,71.9428004727398
120.0,120.0,120.0,120.0,120.0,120.0,120.0,120.0,120.0,120.0,15.005349822965,15.003574630152007,15.003889340481216,28.66385544641342,93.15801741318042,99.87013562373254,103.03386481620218,103.33960220642253,103.31191706502165,100.14087088634962,64.52706955198543,54.79402373684646,50.46888487826754,55.44998515239198,71.94629627679184
120.0,120.0,120.0,120.0,120.0,120.0,120.0,120.0,120.0,120.0,15.00592716068296,15.003721245761046,15.004147161602308,23.8784818185984,93.63938807509403,99.09750850121918,102.04405518616055,103.77301230753375,103.54483277868442,100.1951863237403,64.51116061514892,54.60401355598979,50.47794756663642,55.473635123445945,71.99618084516321
120.0,120.0,120.0,120.0,120.0,120.0,120.0,120.0,120.0,120.0,15.004336344896432,15.002830628156497,15.002589860295988,32.5453524334598,95.42088191820346,99.30824699412372,101.58667770195606,103.06531468428818,103.86141458751689,100.29003176779327,64.66111302199765,54.62008106711351,50.376478222226545,55.46556138171754,72.00654705725688
120.0,120.0,120.0,120.0,120.0,120.0,120.0,120.0,120.0,120.0,15.004426042067955,15.003162653650156,15.002889978443882,33.5935758682598,96.4726920458766,100.4493034073411,101.69950751210038,102.82681614264918,103.34231758838295,100.51463685625302,64.69972717439975,54.77915717571728,50.392480160279796,55.40438797972941,71.99441047752227
120.0,120.0,120.0,120.0,120.0,120.0,120.0,120.0,120.0,120.0,15.004626981215871,15.003298827138165,15.00333918845827,33.135577808381996,94.01632762568921,101.29253414758331,102.41030378757812,102.89830558347133,103.24619907610914,100.15403017111541,64.90538076196468,54.80035217358765,50.516531251578456,55.41486551410149,71.95078692905021
120.0,120.0,120.0,120.0,120.0,120.0,120.0,120.0,120.0,120.0,15.004986666872203,15.003326195627139,15.003705619779419,27.05544920926175,92.85817108088033,99.79968769342165,103.026080825679,103.32754059111669,103.29721636317676,100.12446272832453,64.52617323814665,54.85387450625808,50.54823785739028,55.49730817678821,71.96087134352543
120.0,120.0,120.0,120.0,120.0,120.0,120.0,120.0,120.0,120.0,15.00541982105334,15.003414553812156,15.003887957685887,23.463427336901113,93.44871939592576,99.01693340956963,102.03054035103712,103.77400551304503,103.53836164034595,100.18336971438023,64.51794469579278,54.66384667385373,50.55245816702722,55.521366027130846,72.01434507563317
120.0,120.0,120.0,120.0,120.0,120.0,120.0,120.0,120.0,120.0,15.003868935846214,15.002541732172283,15.002383436437,33.10973751063666,95.3678556024949,99.25299140495956,101.56673834015292,103.07027747635094,103.8640191282561,100.28245617225292,64.66683981789065,54.68354438461728,50.45339542431051,55.51378196273013,72.02537286157866
120.0,120.0,120.0,120.0,120.0,120.0,120.0,120.0,120.0,120.0,15.003906001000127,15.002791329436558,15.00261728765311,35.156319822709605,96.5125622406563,100.43038505830921,101.68237412558035,102.82876896659948,103.35294002833963,100.51497995606536,64.7047274245134,54.83778430612249,50.47376533761838,55.4571667558505,72.0143238204454
120.0,120.0,120.0,120.0,120.0,120.0,120.0,120.0,120.0,120.0,15.004034008427713,15.002882490688515,15.002978066672439,35.78233274018996,94.13257339247163,101.30324518581376,102.39987480501371,102.89608934202548,103.2561603667881,100.16509549705678,64.91923963805411,54.85265112387797,50.59563588033511,55.47287480117464,71.97452169112348
120.0,120.0,120.0,120.0,120.0,120.0,120.0,120.0,120.0,120.0,15.004286226335882,15.002890618970508,15.003272766262318,30.537577415691473,93.05185317313807,99.83985966131117,103.02567356367501,103.32199117628326,103.30141496431348,100.13776386676648,64.55800905963949,54.907284368260115,50.622319638960626,55.55580304395297,71.98854046482175
120.0,120.0,120.0,120.0,120.0,120.0,120.0,120.0,120.0,120.0,15.004597983118524,15.002952109710664,15.003413599822974,27.26621579485429,93.71119226933811,99.07068606747069,102.04417443756489,103.7702515847487,103.53636779427727,100.19201479619868,64.55791393606705,54.72612444212573,50.625307041361566,55.5777929726495,72.04260036347482
120.0,120.0,120.0,120.0,120.0,120.0,120.0,120.0,120.0,120.0,15.0032453032988,15.002133178814036,15.002079176743901,37.22075219665939,95.6639442226224,99.32034448249672,101.57723183210379,103.07289342260778,103.86021563429642,100.28564554753538,64.70259579764769,54.7509501963972,50.52938758673615,55.56985600700302,72.05256811605217
120.0,120.0,120.0,120.0,120.0,120.0,120.0,120.0,120.0,120.0,15.00326141455047,15.002324024470953,15.00225283917211,40.43931473909151,96.85411135495308,100.51226721524517,101.69321763794495,102.82248698405294,103.35112554283312,100.51551365120187,64.73405356362288,54.902809277483506,50.5512361518889,55.51481078861142,72.04149781088829
120.0,120.0,120.0,120.0,120.0,120.0,120.0,120.0,120.0,120.0,15.00334085710092,15.002398995931578,15.002535940620172,42.16538623854779,94.66331451314528,101.4130836737984,102.42019808919999,102.88619815432646,103.2434789541125,100.16501752659535,64.94477716650273,54.91407065280509,50.670433811786936,55.53060673810465,72.00261824999805
120.0,120.0,120.0,120.0,120.0,120.0,120.0,120.0,120.0,120.0,15.003514384336812,15.002408012679364,15.002777992833117,37.49933100576077,93.66076664258772,100.02828417840612,103.06620354620468,103.3184063281653,103.28396922371067,100.1260684702731,64.57981103020677,54.96694077237823,50.694037879535465,55.61097472159263,72.01630849555718
120.0,120.0,120.0,120.0,120.0,120.0,120.0,120.0,120.0,120.0,15.003741303742888,15.002453339258043,15.002899192680761,33.91906013949539,94.3045868631967,99.27426121529541,102.12367472986587,103.78081486039996,103.5228018522906,100.17408732635073,64.56022081154089,54.78256044574594,50.69564473448758,55.63031958922234,72.06833376559759
120.0,120.0,120.0,120.0,120.0,120.0,120.0,120.0,120.0,120.0,15.00261526144222,15.001716848756937,15.001757986885584,43.646458246381634,96.19483518676314,99.50462617578894,101.6527777390556,103.10405677720951,103.8558175030131,100.26921449284818,64.69026909249384,54.79407023230889,50.59744472849168,55.621089287604185,72.07643020370644
120.0,120.0,120.0,120.0,120.0,120.0,120.0,120.0,120.0,120.0,15.002628806613648,15.001859142860912,15.001880488501818,48.14567752845399,97.39279669151381,100.6805990605379,101.75524548412109,102.84381152208931,103.35736829335042,100.50341193561287,64.71860007974466,54.933566029917394,50.61145157172232,55.564390900288096,72.06455689256339
120.0,120.0,120.0,120.0,120.0,120.0,120.0,120.0,120.0,120.0,15.00267647587234,15.001924255600304,15.00209521098582,51.12210948365909,95.45087261388441,101.60182429830331,102.48392145261734,102.89958856382044,103.23875060800222,100.1567309043937,64.92820410922934,54.939084762789584,50.72273532976209,55.57564336606778,72.02477742123675
120.0,120.0,120.0,120.0,120.0,120.0,120.0,120.0,120.0,120.0,15.002785521633363,15.001940420633808,15.002290535038517,47.146912895009805,94.53131170118125,100.32375221568094,103.1514897278915,103.33947624787305,103.27547103270662,100.10702980953666,64.55834598685063,54.98605187274946,50.74195503317609,55.6516913974794,72.03603551498996
120.0,120.0,120.0,120.0,120.0,120.0,120.0,120.0,120.0,120.0,15.002935180343046,15.001978547108436,15.002395938260713,43.07866684139892,95.1195895142401,99.58790747181521,102.26135829945721,103.82041571450712,103.52337384940505,100.15327580487535,64.5178571155277,54.79032080557506,50.738467856015426,55.66900084378746,72.0862397472456
120.0,120.0,120.0,120.0,120.0,120.0,120.0,120.0,120.0,120.0,15.002044461658231,15.001335315403928,15.001452283266538,52.11871604489043,96.89619523020097,99.77891616611538,101.7851648614756,103.17099127376044,103.87090861655103,100.257221899721,64.6414424016871,54.78156986115494,50.630332147514395,55.65717982687705,72.09413302785914
120.0,120.0,120.0,120.0,120.0,120.0,120.0,120.0,120.0,120.0,15.002049507966003,15.001442404923399,15.001530886753738,57.97797128750527,98.07239193193699,100.91578186137609,101.8615972782223,102.89795748221556,103.38683890598185,100.50174516396618,64.68011942323261,54.91027422305105,50.628996275123406,55.59454467636275,72.08162515153973
120.0,120.0,120.0,120.0,120.0,120.0,120.0,120.0,120.0,120.0,15.00206549939174,15.001506004087227,15.001682186092848,62.49128032470151,96.42245855384577,101.84589767853741,102.5810887581627,102.93784772006033,103.25442650482424,100.16207772997056,64.89927930105424,54.91678366328064,50.73012513975838,55.5966855850435,72.03904349848357
120.0,120.0,120.0,120.0,120.0,120.0,120.0,120.0,120.0,120.0,15.00212535873183,15.00153102765088,15.001831837972407,59.63420236521346,95.60548402630907,100.70316610680192,103.26580800614948,103.38035485886887,103.28269300196882,100.1006434247888,64.5303702072968,54.962996838738206,50.746270850869344,55.666675007328365,72.04576767288242
120.0,120.0,120.0,120.0,120.0,120.0,120.0,120.0,120.0,120.0,15.002231892591492,15.001557172992065,15.001925287488547,55.161238321478415,96.12366132239754,99.99822702590477,102.44562355574737,103.87825364837038,103.53759925938623,100.14374857803848,64.47069746520177,54.75819275686755,50.73805138843041,55.68197709730664,72.0937590534224
120.0,120.0,120.0,120.0,120.0,120.0,120.0,120.0,120.0,120.0,15.00157148885845,15.001032798366026,15.001183590218552,63.115033027741504,97.75604281610708,100.13749822209162,101.96880971974163,103.26708230427035,103.89926763993562,100.25679017534289,64.5906590309754,54.73012279396792,50.61854961370332,55.66657568468473,72.10183569292556
120.0,120.0,120.0,120.0,120.0,120.0,120.0,120.0,120.0,120.0,15.001591421284488,15.001112125125319,15.001234189030255,70.25724269951492,98.90046484043296,101.21312740544433,102.00751925361706,102.98127510218039,103.43648928601245,100.5121250896184,64.64446736144697,54.85134364146567,50.600137935247176,55.59562510569277,72.08804092733155
120.0,120.0,120.0,120.0,120.0,120.0,120.0,120.0,120.0,120.0,15.00161298518626,15.0011698554744,15.001342477317959,76.55698825001505,97.57397849615246,102.14989325873987,102.70368642426858,102.99511247251338,103.28800380919772,100.18410876380815,64.87685589522913,54.86426387911693,50.69164478470895,55.58610879016557,72.04088425979975
120.0,120.0,120.0,120.0,120.0,120.0,120.0,120.0,120.0,120.0,15.00166164821407,15.001203717075176,15.001462113347161,75.43216183866433,96.89598163704841,101.17187885146433,103.40767889066561,103.43132816787382,103.29947456585104,100.10829779833664,64.51540783171262,54.9142214876903,50.70737275805606,55.6490263713016,72.04114264767196
120.0,120.0,120.0,120.0,120.0,120.0,120.0,120.0,120.0,120.0,15.001745324120906,15.001236850813827,15.001552601773515,71.19823567868808,97.35211992029186,100.52830203046034,102.67833554718261,103.9496709409195,103.5557790415707,100.14164222758436,64.4338662479024,54.70533402016674,50.69692211125769,55.66279971667151,72.08601412456895
120.0,120.0,120.0,120.0,120.0,120.0,120.0,120.0,120.0,120.0,15.003413708079123,15.00196971634085,15.00181195308108,83.03121000722665,98.8175516271995,100.62101856340891,102.22057393351231,103.39087323518186,103.93501394889701,100.26038299403774,64.54221002616886,54.657530789268996,50.568561632195596,55.64433971296124,72.09428630044633
120.0,120.0,120.0,120.0,120.0,120.0,120.0,120.0,120.0,120.0,15.004501984478843,15.002323378272111,15.002581932678845,89.13053832108707,99.88431963223161,101.61271070879783,102.22270039056674,103.10427515051133,103.50268747929704,100.52934771969775,64.6082747698934,54.76772058517736,50.53272548955112,55.56555730707047,72.07915773778359
120.0,120.0,120.0,120.0,120.0,120.0,120.0,120.0,120.0,120.0,15.006035081688706,15.002959975325497,15.002532521930723,91.86297054134339,98.19063454435678,102.5195934570423,102.87880522666039,103.09137166026179,103.34512144695599,100.2183450920294,64.85837262684703,54.787183520140466,50.612728106555906,55.54337180252316,72.02725880457535
120.0,120.0,120.0,120.0,120.0,120.0,120.0,120.0,120.0,120.0,15.007980221036963,15.003825756803247,15.003363582955734,93.72014923770614,98.47760850712557,101.03985897966795,103.57733660404664,103.50987519816303,103.33870837272443,100.13190320704577,64.50941894325798,54.84516074204138,50.628828165665155,55.59758606404833,72.01990380524569
120.0,120.0,120.0,120.0,120.0,120.0,120.0,120.0,120.0,120.0,15.009802840557972,15.004909003662908,15.005502230506169,94.53322753945248,99.66857639918959,101.12149773575219,102.35872505115547,104.0321071919234,103.58890763904634,100.15503154604828,64.40800146120951,54.635138931586845,50.619548337103275,55.6101868772394,72.06036204604504
120.0,120.0,120.0,120.0,120.0,120.0,120.0,120.0,120.0,120.0,15.006932802406228,15.00529688150022,18.133615032639952,94.98041691416464,100.18496613095368,101.95545629999167,102.45713525866975,103.03489069830883,103.97453532461185,100.27526316347736,64.50408623724257,54.56700237224846,50.48442492113807,55.59076839147309,72.069048069538
120.0,120.0,120.0,120.0,120.0,120.0,120.0,120.0,120.0,120.0,15.007256876488912,15.005379307766713,21.01596130306755,95.36015498258583,100.61034575277166,102.2109026542163,103.0701944560699,103.19143987262389,103.16336731469974,100.55035569620956,64.57928991652831,54.66466354806344,50.430151719812415,55.50533054100074,72.05389869837036
120.0,120.0,120.0,120.0,120.0,120.0,120.0,120.0,120.0,120.0,15.007484156764901,15.005698546822826,24.571374616345505,94.94071803176702,101.01723888888553,102.60332142621321,103.12440884258746,103.65078914599674,103.36528208125485,99.91488348373824,64.83978277807978,54.689509476707435,50.49686275006383,55.469493209982026,71.99781688662942
120.0,120.0,120.0,120.0,120.0,120.0,120.0,120.0,120.0,120.0,15.007645831174361,15.006106686625367,24.938985206313976,94.3989141452048,100.8058018091457,103.02056790179257,103.48574541828445,103.5550812860208,103.71270857029795,100.09429542129298,64.063972169435,54.75295403232463,50.51244800731487,55.51347848231026,71.9819374399704
120.0,120.0,120.0,120.0,120.0,120.0,120.0,120.0,120.0,120.0,15.007857438235636,15.006485900240031,24.719113963817254,93.91955402719772,100.44573185605937,102.92363869665125,103.89554705900265,103.89378406312404,103.51349118223413,100.40727047589128,64.21240102840272,54.31088621993859,50.50349707750038,55.524136866756635,72.01680620976582
120.0,120.0,120.0,120.0,120.0,120.0,120.0,120.0,120.0,120.0,15.006145171307825,15.003982641589346,37.20546296470636,94.35746540444288,100.02739795366176,102.72288922718529,103.85440746962138,104.28150375497061,103.83192321862002,100.12420457956448,64.70957977195309,54.335205190396934,50.254683365959394,55.5033395805236,72.02535272192705
120.0,120.0,120.0,120.0,120.0,120.0,120.0,120.0,120.0,120.0,15.006403136128757,15.004656404229058,39.72250526873019,95.08398798029178,100.1743061773649,102.42469830254642,103.77351339014668,104.26025897675721,104.19393222296365,100.37926593201304,64.23394676456623,54.6545278433262,50.23638853076599,55.36012466382167,72.01001426227299
120.0,120.0,120.0,120.0,120.0,120.0,120.0,120.0,120.0,120.0,15.006201312035431,15.005520988156368,38.73801081372088,92.75291947757357,100.56308122414156,102.47548446607061,103.58268458115133,104.27256517737578,104.17278875297782,100.78151102528821,64.40077076164974,54.34691677818639,50.41725648626989,55.34706210557854,71.92185678226251
120.0,120.0,120.0,120.0,120.0,120.0,120.0,120.0,120.0,120.0,15.00603294939822,15.00595317090115,29.44121859063201,92.4508959661771,98.78825594349095,102.6952118592862,103.59612720731852,104.17106410868821,104.25491587411989,100.77481739946587,65.08111267600452,54.28516551383818,50.24702300744813,55.456547523453395,71.92928169015731
120.0,120.0,120.0,120.0,120.0,120.0,120.0,120.0,120.0,120.0,15.006169555770523,15.005898109898888,25.712715470256335,93.99645341037606,98.33654435810591,101.3187710146951,103.72400888479305,104.17006593851227,104.23190643026597,100.90179513597735,65.1726832299868,54.671240597660194,50.12991970125032,55.359698210217736,72.00459745012799
120.0,120.0,120.0,120.0,120.0,120.0,120.0,120.0,120.0,120.0,15.004823359560627,15.00335304203438,40.330451139821356,96.81750660056768,99.17443542283961,100.95279332091538,102.62672583044215,104.24929793787187,104.2280153564078,101.00349572574493,65.38299127145254,54.75353255821027,50.29384033502139,55.26866513153143,71.94225885188001
120.0,120.0,120.0,120.0,120.0,120.0,120.0,120.0,120.0,120.0,15.00531404310983,15.003647785561506,45.897244277712254,98.10782290703544,101.06155965115347,101.4334016425183,102.36601676531636,103.36462518497632,104.28518446102402,101.03424354988519,65.74866266096488,54.839050701847846,50.31531883067458,55.34401997069187,71.89239874986518
120.0,120.0,120.0,120.0,120.0,120.0,120.0,120.0,120.0,120.0,15.005274953245035,15.004219256004122,49.59792574237607,94.87654253501834,102.16855561252618,102.66547715831366,102.63792902000564,103.19577282896196,103.57691705698923,101.09940035657483,65.9622253795413,55.1297336434088,50.29180972446863,55.332665866358894,71.93965144805163
120.0,120.0,120.0,120.0,120.0,120.0,120.0,120.0,120.0,120.0,15.00503192786706,15.00470898007815,42.84094534907239,93.38204371172219,100.15103576755969,103.52136500495392,103.41653493677617,103.33381247842955,103.47733697048844,100.56489009655807,66.14409992694844,55.37593078902328,50.41611881594507,55.270792647105345,71.91860082564635
120.0,120.0,120.0,120.0,120.0,120.0,120.0,120.0,120.0,120.0,15.004939485399424,15.004905921624148,36.76268112721789,94.27303405016525,98.95377071350363,102.18598750771804,104.0595365038569,103.79056669523484,103.52756264073294,100.48948400640603,65.58940500532736,55.56594786363022,50.55654536395001,55.29917263243204,71.86583887766398
120.0,120.0,120.0,120.0,120.0,120.0,120.0,120.0,120.0,120.0,15.003626423061883,15.002827767299648,48.610522491020056,96.89297831604044,99.23149768068254,101.40687307175803,103.13477472455764,104.26490228655148,103.75608909891437,100.49824856461902,65.51364082243941,55.38893370110766,50.65916874756497,55.34477772597609,71.86712622722308
120.0,120.0,120.0,120.0,120.0,120.0,120.0,120.0,120.0,120.0,15.003970074145705,15.00300248068396,54.829645117906054,98.48729748521762,100.90395480621721,101.50350128141712,102.68348655224816,103.6042105333638,104.10002536909096,100.53659094852247,65.56529560112318,55.447837713265635,50.604022497817816,55.36283760050556,71.87245185047477
120.0,120.0,120.0,120.0,120.0,120.0,120.0,120.0,120.0,120.0,15.004030927462985,15.003358424490973,59.83342180528642,96.11604659124094,102.15866084540215,102.5547478144448,102.72239417113964,103.38659622463513,103.61914656061639,100.76413292492963,65.44696221797298,55.60201722216832,50.688492289432574,55.31059628376294,71.858028227503
120.0,120.0,120.0,120.0,120.0,120.0,120.0,120.0,120.0,120.0,15.003919505029526,15.00368405997993,55.12321999429219,94.90968432262595,100.60516710880283,103.46472543966162,103.36626495310743,103.4077465922383,103.55147836064025,100.43021000606657,65.59859207586327,55.53387482818582,50.85939734648508,55.35559352596201,71.80562651698793
120.0,120.0,120.0,120.0,120.0,120.0,120.0,120.0,120.0,120.0,15.003849796862072,15.003851149895164,49.53254287681209,95.59158610436609,99.62470071561695,102.38516651829244,104.0151693920038,103.77829627289714,103.567565826258,100.42377476798592,65.23016057395354,55.53962353175527,50.874509859040884,55.47192975225915,71.82801657746619
120.0,120.0,120.0,120.0,120.0,120.0,120.0,120.0,120.0,120.0,15.002715941590905,15.002250259019283,60.70499429382878,97.81328144919416,99.81737260237422,101.74329409851664,103.22782065880232,104.23935216570979,103.75475042992724,100.45293757872271,65.24026094621074,55.35139777554764,50.86887255930713,55.496030053833415,71.8958344076397
120.0,120.0,120.0,120.0,120.0,120.0,120.0,120.0,120.0,120.0,15.002928613803428,15.002374526249133,68.69856429725925,99.20874065710328,101.28469616092056,101.80673710625236,102.85691843533206,103.6473850075671,104.08306418929172,100.49821886968546,65.33805997058455,55.378610054356976,50.78793811872078,55.49222170309655,71.90334147842215
120.0,120.0,120.0,120.0,120.0,120.0,120.0,120.0,120.0,120.0,15.002993584205441,15.002626806592167,75.18498836522642,97.24232795195603,102.42051387701625,102.76010352608951,102.88751270818358,103.47239764425822,103.63302899491646,100.72261938996083,65.27901076016924,55.49692077532613,50.826220375376565,55.45800140862193,71.89520940826566
120.0,120.0,120.0,120.0,120.0,120.0,120.0,120.0,120.0,120.0,15.002971778236933,15.002856638647533,71.45754865542222,96.34843677750966,101.00095727353226,103.60581615099636,103.49080003061661,103.49738015051845,103.58572749041413,100.40189612506444,65.45539377265614,55.441515610404586,50.93719694376492,55.494474989490875,71.87127827127098
120.0,120.0,120.0,120.0,120.0,120.0,120.0,120.0,120.0,120.0,15.002978956387189,15.002982064081662,65.61660574357236,97.070647769288,100.16409922577684,102.56077065453381,104.1077450471256,103.85783447867772,103.61193258199481,100.40784500505978,65.09502949911014,55.45745203453974,50.930002718156956,55.57974190300005,71.8997304642882
120.0,120.0,120.0,120.0,120.0,120.0,120.0,120.0,120.0,120.0,15.003243340786693,15.002850897097256,77.4792509417957,99.08250223947894,100.40863002493612,101.97349162247771,103.31574426454291,104.30590926216432,103.80494613024518,100.45472340194894,65.11267490196532,55.255771950507864,50.913897881860485,55.59082831002639,71.95660364019705
120.0,120.0,120.0,120.0,120.0,120.0,120.0,120.0,120.0,120.0,15.003844746880146,15.003700976769919,85.1029511733783,100.27065453869538,101.82429270108636,102.07393718942048,102.95638669377249,103.69466138955127,104.13159163414916,100.51797876089046,65.24302672643385,55.265613889256876,50.80701915372974,55.58046688857312,71.96229361647585
120.0,120.0,120.0,120.0,120.0,120.0,120.0,120.0,120.0,120.0,15.004967888714848,15.0037845601694,91.16139350867091,98.4020412612189,102.8653334962169,103.03403569973042,103.01141595163118,103.51168054198496,103.65899063907722,100.75038474074971,65.22700758565084,55.39051862195551,50.814836032597285,55.527045962955675,71.9538071666928
120.0,120.0,120.0,120.0,120.0,120.0,120.0,120.0,120.0,120.0,15.00674418758596,15.004764996987683,93.38743918136623,98.2792330995269,101.34872743627366,103.84255234668206,103.63926490936382,103.55266726183639,103.59656849279305,100.41124432213395,65.43132703612541,55.35726293728835,50.91152780242706,55.53933363808413,71.92007488028176
120.0,120.0,120.0,120.0,120.0,120.0,120.0,120.0,120.0,120.0,15.00931611711329,15.007295539611237,94.78975454273714,99.24712138920576,101.08739330577895,102.65128433185548,104.2453983460725,103.93938561043484,103.63363630337655,100.40184307540882,65.0554004010714,55.38935462549261,50.90267739695745,55.60939474631595,71.93516619463954
120.0,120.0,120.0,120.0,120.0,120.0,120.0,120.0,120.0,120.0,15.012241194273923,21.998711701422103,95.45287543928403,100.18761413351876,101.62786676324552,102.49469861852279,103.30567965963455,104.38773082799739,103.84889426201485,100.4580667521279,65.05243407429298,55.178951971532115,50.88360886701764,55.61222929593651,71.98396967129041
120.0,120.0,120.0,120.0,120.0,120.0,120.0,120.0,120.0,120.0,15.013244593234305,24.242988396423375,95.85833178834841,100.7047881510028,102.17440370915303,102.84177960053378,103.2810285045792,103.64345832599463,104.17966395192144,100.53953821139886,65.19690366943671,55.174866242631104,50.762041192128194,55.59222919572999,71.98504941421476
120.0,120.0,120.0,120.0,120.0,120.0,120.0,120.0,120.0,120.0,15.014679203794515,26.824986283532635,94.6587752033071,101.13715620596263,102.58687954817879,103.10750368347563,103.52306786190695,103.72794335787528,103.59350584633555,100.77699288011326,65.20689224218597,55.30702962058468,50.75385833489641,55.52291488957615,71.97015703937086
120.0,120.0,120.0,120.0,120.0,120.0,120.0,120.0,120.0,120.0,15.015738832501954,24.45219872318334,94.24856402043535,100.3885355188936,103.01609421944723,103.43280025365841,103.58905474330844,103.9028455853375,103.74778229310691,100.34369829937238,65.41967160532047,55.28777145827098,50.848127053948915,55.51990667998124,71.92584512388973
120.0,120.0,120.0,120.0,120.0,120.0,120.0,120.0,120.0,120.0,15.016196585604865,23.520337090233266,94.4886609596778,100.02418167387091,102.54420271663392,103.83829915024387,103.85285519871532,103.83108313739451,103.87744480321533,100.50593398659308,64.92306956061276,55.32140534258852,50.84142171800051,55.58379320153153,71.93140765298803
120.0,120.0,120.0,120.0,120.0,120.0,120.0,120.0,120.0,120.0,15.009261913071807,40.33845066756715,95.815394202962,100.00762399156685,102.31860281949098,103.53006342825684,104.22201733730536,104.0566853228509,103.71738306698535,100.64195721312925,65.12132857575676,55.04355019069111,50.81646153600045,55.583431294506134,71.97685135312238
120.0,120.0,120.0,120.0,120.0,120.0,120.0,120.0,120.0,120.0,15.011513613851184,44.20096595307326,96.75187871854669,100.78276199585981,102.26000787670864,103.42306945660518,104.00867542125087,104.38148134110769,103.91841788040055,100.41153414460494,65.39877062160491,55.13613781585236,50.65590390908274,55.555131151765806,71.97597322944108
120.0,120.0,120.0,120.0,120.0,120.0,120.0,120.0,120.0,120.0,15.014451492797145,44.60663274042216,93.58891811794605,101.43146477294266,102.7445869103027,103.37764807708658,103.99579026957194,104.22091610032108,104.20086799593392,100.56901565551544,65.00232882050092,55.34861259536187,50.68722864612222,55.46132479898092,71.95546534742483
120.0,120.0,120.0,120.0,120.0,120.0,120.0,120.0,120.0,120.0,15.01550750430518,31.727294521921912,92.93601942491912,99.07615051165773,103.19506905302082,103.6886930699138,103.97812241532368,104.27955677947756,104.06701332053301,100.85621231370965,65.09654746987592,55.099372617818155,50.81784078566853,55.47533986061921,71.89653121648189
120.0,120.0,120.0,120.0,120.0,120.0,120.0,120.0,120.0,120.0,15.014572112873632,25.66861772889127,94.72306145239509,98.26835459285456,101.41532730846153,104.00702145760562,104.17730011738514,104.29106016842321,104.17554109712302,100.74530911237012,65.56505857453188,55.05629684225728,50.68402243748413,55.553361799652315,71.9139230218422
120.0,120.0,120.0,120.0,120.0,120.0,120.0,120.0,120.0,120.0,15.007562509001664,45.50659350175565,98.29405391335455,99.21964570306919,100.79189416317536,102.62629084540147,104.40845816391277,104.41508420462672,104.21704907468252,100.87120373108593,65.46925647577086,55.33069164064067,50.611362939289435,55.47635750942801,71.96431968846835
120.0,120.0,120.0,120.0,120.0,120.0,120.0,120.0,120.0,120.0,15.008452319521885,52.83302997055041,99.99209983371625,101.71904140530957,101.3405504296395,102.20388482531706,103.3225080369274,104.590481380964,104.2902052827748,100.98440316055772,65.63364531856767,55.29626010810508,50.74016543224351,55.42079817280875,71.91333919649084
120.0,120.0,120.0,120.0,120.0,120.0,120.0,120.0,120.0,120.0,15.010070961738226,59.692571362353014,96.23191981989808,103.1867175454214,103.02238692599609,102.52576065390598,103.06915004378168,103.73460388771227,104.43237207956501,101.0387121801145,65.94239342179664,55.35144325599247,50.71554891809869,55.486465082375425,71.88369668571553
120.0,120.0,120.0,120.0,120.0,120.0,120.0,120.0,120.0,120.0,15.011181780285648,51.64112586397235,94.54791353138114,100.70771458397094,104.15984424804684,103.62233364756587,103.24850976479638,103.61014748722069,103.76457840157856,101.17110152514095,66.08794294789054,55.58774735627316,50.698586766915376,55.46205705390473,71.92511386624632
120.0,120.0,120.0,120.0,120.0,120.0,120.0,120.0,120.0,120.0,15.011210832249214,43.431382896248195,95.73528330867465,99.19192815031643,102.46014387567791,104.4757732322181,103.92349605644816,103.69518984423848,103.72865607361845,100.68595355278013,66.30594391838767,55.732841156956816,50.813112271937335,55.423697098024874,71.90142925307441
120.0,120.0,120.0,120.0,120.0,120.0,120.0,120.0,120.0,120.0,15.006055724850446,59.94265416460071,98.96714643167667,99.58624634122752,101.40903099426959,103.26833567220594,104.55155464418749,104.06799885809933,103.75245593066944,100.68285905861269,65.81589118243726,55.881104806632436,50.89498445835439,55.46736645585668,71.87160501892063
120.0,120.0,120.0,120.0,120.0,120.0,120.0,120.0,120.0,120.0,15.00657136756439,69.7902338338044,100.76007846836568,101.81855787541483,101.5588922663669,102.62469070472014,103.67280217036833,104.52424791908845,103.91352708577375,100.69001445441,65.84873864519915,55.70622435559817,50.95663982783441,55.49366137000872,71.8899444381262
120.0,120.0,120.0,120.0,120.0,120.0,120.0,120.0,120.0,120.0,15.00753789306168,78.43821680703259,98.0906118645397,103.33202909277668,103.04468326121473,102.69464620845525,103.33917232698099,103.8735303258872,104.2426209709987,100.67876115406882,65.9261789545816,55.804122631841615,50.8870017296173,55.49668638656842,71.89050933342979
120.0,120.0,120.0,120.0,120.0,120.0,120.0,120.0,120.0,120.0,15.0081746096539,71.90163040595671,97.03054489606956,101.35870835789356,104.18343842260072,103.6526155273963,103.38281540745382,103.75601042865448,103.75604511377954,100.90001338491062,65.751314514944,55.963542388793535,50.97533985813254,55.44223964171138,71.87422481796412
120.0,120.0,120.0,120.0,120.0,120.0,120.0,120.0,120.0,120.0,15.00821651808841,63.47357440439451,98.21247095234204,100.24944261760575,102.71468305314279,104.48020018072494,103.96888433405222,103.79058985790047,103.77150205161189,100.55827801194519,65.9023244730938,55.85374740240697,51.13355033886472,55.4897908033009,71.82630543827847
120.0,120.0,120.0,120.0,120.0,120.0,120.0,120.0,120.0,120.0,15.016572685871216,82.9216880175036,100.96327642182122,100.76641501816765,101.89841257816782,103.36172720639787,104.56141401818255,104.11725806190245,103.80224977516204,100.61676108293875,65.52928199576989,55.85445547042298,51.11178158149628,55.59545730827395,71.85365510166991
120.0,120.0,120.0,120.0,120.0,120.0,120.0,120.0,120.0,120.0,24.605978987087564,93.82020165196825,102.26901548047303,102.87037249950359,102.17852599792836,102.84643092610504,103.69629753382316,104.54070903704739,103.95231324426065,100.66363873216068,65.61777824550944,55.666769635912665,51.09246562934515,55.5939189279804,71.9155784991864
120.0,120.0,120.0,120.0,120.0,120.0,120.0,120.0,120.0,120.0,15.017443330734846,96.36015060840208,99.55064521054408,104.12041276749208,103.69174298586772,103.03094382753581,103.42665095279692,103.86686990920424,104.25786702192458,100.67705203399123,65.75077711394636,55.73142700948472,51.00855983805655,55.578458205941104,71.90758895189126
120.0,120.0,120.0,120.0,120.0,120.0,120.0,120.0,120.0,120.0,15.03308928671924,97.66906432435603,99.7958579719622,101.72181073161234,104.70765013759605,104.07508669774754,103.56464993340613,103.77597958157233,103.73448274039329,100.89165880078953,65.64789639324574,55.86777591262475,51.05960783205974,55.54121687303812,71.8938794496107
120.0,120.0,120.0,120.0,120.0,120.0,120.0,120.0,120.0,120.0,16.26931887036811,99.71451208509275,100.80510994316003,101.5859862969075,102.73874845468217,104.85816897132004,104.25037441170677,103.88517465531793,103.75716092924957,100.51339785547088,65.81874983320932,55.78009261355529,51.172753875569384,55.58133851168815,71.86974356108263
120.0,120.0,120.0,120.0,120.0,120.0,120.0,120.0,120.0,120.0,36.435564797230505,100.83872183155415,102.32111582176724,102.35630861819801,102.6449112975332,103.26833360887856,104.84014542133345,104.30448733078057,103.84574478167745,100.57122519086808,65.39617923837922,55.78941809522769,51.13865944510873,55.66300123897288,71.90137693389602
120.0,120.0,120.0,120.0,120.0,120.0,120.0,120.0,120.0,120.0,44.608725585232094,101.11595055208419,103.30266488088353,103.34585588727462,103.2420424720016,103.31588850834146,103.56725249930605,104.74560605483346,104.0739742454738,100.66620394195762,65.47101635035938,55.56295157705149,51.110106988812,55.653256770138334,71.955041557177
120.0,120.0,120.0,120.0,120.0,120.0,120.0,120.0,120.0,120.0,53.77442755882917,98.70390599323201,103.75252305144728,104.1612846692644,103.80344940533192,103.7799892851908,103.7553334593284,103.73538104663504,104.40615693260064,100.74531002668772,65.66643019829512,55.60355949743558,50.99132986121185,55.63073890531667,71.94646617944719
120.0,120.0,120.0,120.0,120.0,120.0,120.0,120.0,120.0,120.0,46.3779499984527,98.46425991624754,101.57561698945229,104.6874977004914,104.47250031390531,104.00969213569803,104.10889919273183,104.02757308614996,103.61434831419005,100.99365222901862,65.65232854460734,55.76486372918392,51.01439796356113,55.56982400056478,71.93049770633452
120.0,120.0,120.0,120.0,120.0,120.0,120.0,120.0,120.0,120.0,39.689987945047825,99.90676617296388,100.72839281229004,102.92792503869576,105.0205500134758,104.56716587390865,104.09533416268005,104.28801709874844,103.96140046354904,100.41083878822786,65.88190071220345,55.716733367205045,51.12863418129661,55.589607591849635,71.89317355768645
120.0,120.0,120.0,120.0,120.0,120.0,120.0,120.0,120.0,120.0,53.16610379076738,102.74194805242463,101.31384573761233,102.08763273161195,103.62883223700935,105.10109007949383,104.5762757734201,104.10766749857741,104.14934161258242,100.73579264867615,65.22396037316454,55.74925583406297,51.10171325452275,55.667727605638504,71.9146291016047
120.0,120.0,120.0,120.0,120.0,120.0,120.0,120.0,120.0,120.0,69.01900914649512,104.0930287747452,103.65534060854729,102.28934023443225,102.95994938337797,104.0009243452593,105.06965588706808,104.54030408230575,103.86567936840035,100.92285150047654,65.63131288097763,55.40105495028322,51.067638993247854,55.65524689222147,71.96814106480863
120.0,120.0,120.0,120.0,120.0,120.0,120.0,120.0,120.0,120.0,88.26326634359074,102.84089321266153,105.04091023551425,104.05896656076011,102.99413569375466,103.54178033271333,104.19320662937216,104.97651815166518,104.26510886710004,100.55534649228389,66.01353387896195,55.61663701089177,50.878021173783615,55.619028984933024,71.95770571412251
120.0,120.0,120.0,120.0,120.0,120.0,120.0,120.0,120.0,120.0,100.05500820990434,102.25709516019982,103.88105818534275,105.23368872517722,104.25386307928089,103.50871361709522,103.93364222865723,104.26708695884686,104.64363176128022,100.8979806803957,65.39181999476239,55.913744692727974,50.97843248356399,55.512287637442675,71.93109304548707
120.0,120.0,120.0,120.0,120.0,120.0,120.0,120.0,120.0,120.0,105.82942392332988,103.04884983085077,102.90828615378035,104.26583115363881,105.17127475263962,104.35199563936689,103.88107764199367,104.17935738572362,104.0571469921705,101.29806701298833,65.71866402719974,55.520301921768784,51.16580062107214,55.566684987276865,71.86482385945381
120.0,120.0,120.0,120.0,120.0,120.0,120.0,120.0,120.0,120.0,107.17300881757832,104.94882101647205,102.96254728980183,103.35684350276668,104.38338669545415,105.0331273228062,104.40052570062959,104.12904098558931,104.10185428001942,100.8091277045105,66.43274977223362,55.583738111163804,50.951843515822794,55.67834645379283,71.90948790562045
120.0,120.0,120.0,120.0,120.0,120.0,120.0,120.0,120.0,120.0,107.76975705177648,106.29923598767452,104.33649445571078,103.09891542179754,103.67427120606988,104.3941081748232,104.88979549720763,104.40580256604832,104.0692272950439,100.90758122797611,65.86178494237417,56.0427849200044,50.91647804419395,55.55337593074674,71.97721911190735
120.0,120.0,120.0,120.0,120.0,120.0,120.0,120.0,120.0,120.0,108.08675063949855,107.16884798951088,105.56969404588203,104.01840825707856,103.33003270069031,103.90734022707,104.37204798474811,104.75364649969673,104.16998105388079,100.96550355507294,65.97178093264807,55.77260072609232,51.15211262906595,55.51049424147496,71.89196691251573
120.0,120.0,120.0,120.0,120.0,120.0,120.0,120.0,120.0,120.0,108.27100003662645,107.69375347238184,106.53827334219609,105.01077885836158,103.88414088135212,103.57540145069676,104.07859569542647,104.33390209947078,104.41957445699512,100.92765776710432,66.27220105565841,55.795922960946456,51.016899961940695,55.63312490273766,71.8697432424873
120.0,120.0,120.0,120.0,120.0,120.0,120.0,120.0,120.0,120.0,108.38087170208193,108.01779943337337,107.22853623857564,105.94817542751615,104.61445558851295,103.85594074066941,103.79568012114333,104.18713150036447,104.08527156886481,101.09385646411752,66.15366907039403,56.104673029367696,50.98274484866427,55.544613678287234,71.94044386544343
120.0,120.0,120.0,120.0,120.0,120.0,120.0,120.0,120.0,120.0,108.44731847027849,108.22107235274157,107.68985468444266,106.73582578780594,105.44257523134492,104.35571498994383,103.88271304592776,103.96063066469686,104.03465501248832,100.86746374846331,66.25792977582503,56.08153383481405,51.18579459947728,55.49470763826588,71.86990877031894
120.0,120.0,120.0,120.0,120.0,120.0,120.0,120.0,120.0,120.0,108.48663612932165,108.34502993742672,107.995740892901,107.30436755398846,106.25271290651722,105.03839699225225,104.20232920736169,103.91857639799377,103.8591706753573,100.8598474943427,66.04377702396408,56.07015778315803,51.21030456826416,55.609124154605965,71.83747896790082
120.0,120.0,120.0,120.0,120.0,120.0,120.0,120.0,120.0,120.0,108.51103402123442,108.42167292915342,108.19494070340104,107.71165354607065,106.88823324531921,105.80996807631094,104.73491080110173,104.10976141747243,103.73790103034331,100.73536384670895,66.07386513639369,55.97832172753071,51.17103243461433,55.62384229773051,71.90546961839728
120.0,120.0,120.0,120.0,120.0,120.0,120.0,120.0,120.0,120.0,108.52589108350611,108.46995668898808,108.32219318248268,107.9951938649559,107.3810646987594,106.4675264449948,105.42445086569968,104.50465918083972,103.84171920108625,100.54636631289517,65.9722245434011,56.037207518980416,51.12143157006837,55.57931307000095,71.90252349823133
120.0,120.0,120.0,120.0,120.0,120.0,120.0,120.0,120.0,120.0,108.53505488848221,108.49986021918245,108.40476257579174,108.18338350645027,107.74881030301857,107.02065769979538,106.06417189446972,105.08824366246918,104.12108595496194,100.56881047307768,65.61776462373409,56.04707075760107,51.17058705095024,55.543240337769376,71.86542199671386
120.0,120.0,120.0,120.0,120.0,120.0,120.0,120.0,120.0,120.0,108.54113994653137,108.51879090525014,108.45770904973487,108.31041414218733,108.00362547345306,107.46325758281682,106.64793915678894,105.68045482940975,104.5919863592825,100.75626924904562,65.50709097714387,55.839351001328765,51.21514150501538,55.57183664240371,71.83728662238428
120.0,120.0,120.0,120.0,120.0,120.0,120.0,120.0,120.0,120.0,108.54471599514454,108.5306430139706,108.49114609489075,108.39423755305133,108.18266262843504,107.78397288337858,107.1479901235395,106.26575500075464,105.12095266729659,101.11997655599924,65.6631645346504,55.715049671583884,51.13015501327805,55.606857627617515,71.85506299048585
120.0,120.0,120.0,120.0,120.0,120.0,120.0,120.0,120.0,120.0,108.54697445424186,108.53803351868301,108.51275922298706,108.44860938178296,108.30563085214654,108.0200743554219,107.52853560926057,106.80183766792189,105.68832308606143,101.60430738459425,66.06531691809978,55.74456874941365,51.064932087422946,55.57205837467393,71.87748062840002
120.0,120.0,120.0,120.0,120.0,120.0,120.0,120.0,120.0,120.0,108.54840689359565,108.5427152706021,108.52647384054544,108.48457257377521,108.38739111251726,108.18876393502738,107.82248696142727,107.23147125201068,106.24363378997207,102.19707216462012,66.73508607329752,55.88427140297959,51.075290283811235,55.54906621425292,71.85930263442752
120.0,120.0,120.0,120.0,120.0,120.0,120.0,120.0,120.0,120.0,108.54929889738764,108.54569450386971,108.53523196690823,108.50789382140364,108.44294205718272,108.30403661786744,108.041136584052,107.5803334350742,106.71589854267123,102.84236382033538,67.72322171356147,56.17970864871116,51.11150484962551,55.569373831597204,71.85529471316099
120.0,120.0,120.0,120.0,120.0,120.0,120.0,120.0,120.0,120.0,108.55000379519147,108.54768081249848,108.54097593485223,108.52305989099028,108.47990914747587,108.3847457752536,108.19512355424921,107.85078031654632,107.12166099911067,103.4556394022083,68.97250795277867,56.72387440906498,51.19101315903526,55.58585961298981,71.87755660912124
120.0,120.0,120.0,120.0,120.0,120.0,120.0,120.0,120.0,120.0,108.55037363487746,108.54888045304313,108.54456080961153,108.53294252273592,108.50413917838259,108.43967333990291,108.30624504541436,108.04761778290914,107.45219689269831,104.03773059127838,70.34397299687284,57.52834034086784,51.3860013047737,55.59674779280262,71.88918468807975
120.0,120.0,120.0,120.0,120.0,120.0,120.0,120.0,120.0,120.0,108.5506144065849,108.54964788106105,108.54686222635547,108.53930369249542,108.52033103062654,108.47639979676231,108.383907019347,108.19453246005129,107.70410890805123,104.56516183362956,71.81490582545614,58.534278300937956,51.72520288975066,55.64201549958433,71.88461116390191
120.0,120.0,120.0,120.0,120.0,120.0,120.0,120.0,120.0,120.0,108.55076465959527,108.55014584615641,108.54834577068947,108.54342059448815,108.53091963936106,108.50147213743115,108.43689849986436,108.30016268179233,107.90083042868827,105.01298901690214,73.32809566553519,59.747583800483234,52.19444057958703,55.73677323966252,71.88354231734763
120.0,120.0,120.0,120.0,120.0,120.0,120.0,120.0,120.0,120.0,108.55085814928354,108.55045830290818,108.54930462140558,108.54610633681406,108.53784803717303,108.51815049457795,108.47390606376604,108.3740237646199,108.04893201168579,105.39673788855129,74.78641441143058,61.15580886285859,52.81987956807399,55.872976227604575,71.8895240572229
120.0,120.0,120.0,120.0,120.0,120.0,120.0,120.0,120.0,120.0,108.55100396522866,108.55072919498349,108.54997117471922,108.54789307956082,108.54247228219185,108.52923826259483,108.49900099193913,108.42699286388465,108.15733207408732,105.71892501122338,76.16892309213877,62.68881518765696,53.628156573679476,56.07169377616787,71.8939241668114
120.0,120.0,120.0,120.0,120.0,120.0,120.0,120.0,120.0,120.0,108.55104539385678,108.5508641386297,108.55037119366257,108.54901524556705,108.54546638379372,108.53668118746381,108.51588912883662,108.46372909726031,108.23873161316348,105.98219358724549,77.45454120599014,64.30789015446152,54.60529101907241,56.36145404704549,71.90916421009696
120.0,120.0,120.0,120.0,120.0,120.0,120.0,120.0,120.0,120.0,108.55107524862872,108.55094798149702,108.55063022614527,108.54975016999148,108.54741540345691,108.54158468082812,108.52746002753737,108.48903241826257,108.2983100795235,106.19964968757576,78.61515353848749,65.97840183288095,55.74532611958033,56.748574927545626,71.95288158200398
120.0,120.0,120.0,120.0,120.0,120.0,120.0,120.0,120.0,120.0,108.55108947313552,108.5510096285888,108.55079391979521,108.55022645830859,108.54870325042418,108.54481661131922,108.53518452893883,108.50680676270596,108.34169466843944,106.3777962523151,79.65357386695827,67.64771506489633,57.04483291642747,57.24519074241324,72.03030601765396
120.0,120.0,120.0,120.0,120.0,120.0,120.0,120.0,120.0,120.0,108.55109359771346,108.55104269878665,108.55090993693325,108.55053154672788,108.54954113397241,108.54697641300196,108.54035184230494,108.5189635258335,108.37398237502948,106.5227083836737,80.5738197179756,69.28049413562584,58.47949554266844,57.8690538737914,72.15292631836337
120.0,120.0,120.0,120.0,120.0,120.0,120.0,120.0,120.0,120.0,108.55116226578264,108.5511147624831,108.55101935363909,108.55077446153008,108.55010981619427,108.54841041667744,108.54387043049647,108.52732441926874,108.397672146211,106.6417051516938,81.37948625187687,70.85023964217021,60.022836032913524,58.625242987054115,72.33703956493015
120.0,120.0,120.0,120.0,120.0,120.0,120.0,120.0,120.0,120.0,108.55116410342136,108.55113186479065,108.55106694124318,108.55090662322174,108.55048136279072,108.5493416364065,108.5461953545363,108.53315316842577,108.41518978526436,106.73926762775966,82.08222630892631,72.33193428268659,61.648099097144126,59.514913885479075,72.59223645915576
120.0,120.0,120.0,120.0,120.0,120.0,120.0,120.0,120.0,120.0,108.5511657743585,108.55113849747384,108.55109929334236,108.55099363047432,108.55071585172556,108.54997136777547,108.54774709821575,108.53714203065415,108.42838738924331,106.8194028561676,82.69249096961575,73.71130971563844,63.32180357356077,60.53723407533695,72.92728895271816
120.0,120.0,120.0,120.0,120.0,120.0,120.0,120.0,120.0,120.0,108.55116123166032,108.55114690009233,108.5511154659469,108.55105281797043,108.55087087738237,108.55037597823438,108.54880374653027,108.5399042204712,108.43829086813932,106.8857245346499,83.22013791935522,74.98054910703048,65.01099801620735,61.68282508694825,73.3505439209709
120.0,120.0,120.0,120.0,120.0,120.0,120.0,120.0,120.0,120.0,108.5511520911755,108.55114561654511,108.55113220289844,108.55108612105741,108.55097580894225,108.55064501642302,108.54949712644012,108.54185200021755,108.44583461375123,106.94070123176336,83.67584135124481,76.13582554592541,66.685141198633,62.93656116909003,73.8652242898969
120.0,120.0,120.0,120.0,120.0,120.0,120.0,120.0,120.0,120.0,108.55120353819358,108.5511872984004,108.55117183230648,108.5511425467082,108.5510591180939,108.55084183754485,108.5499759086255,108.54320642681522,108.45168572637449,106.98647311407564,84.06868866041961,77.17838820936139,68.31572900085258,64.27901235804487,74.47078286144817
120.0,120.0,120.0,120.0,120.0,120.0,120.0,120.0,120.0,120.0,108.55119823426452,108.55118758654758,108.55117658291282,108.55115877473192,108.5511115307294,108.5509575390805,108.55029725387254,108.54416444076406,108.45622150514465,107.02479633386764,84.4069066081452,78.11218801528655,69.87895321577206,65.6858071765983,75.16294856819566
120.0,120.0,120.0,120.0,120.0,120.0,120.0,120.0,120.0,120.0,108.55119404733917,108.5511827681501,108.55117952656398,108.55116859140102,108.55114051371892,108.55104308444618,108.55050658327511,108.54485566309855,108.45980634984564,107.056949715487,84.69805623363139,78.94302315812332,71.35608080259009,67.12989183992241,75.93257539732555
120.0,120.0,120.0,120.0,120.0,120.0,120.0,120.0,120.0,120.0,108.55118526885644,108.5511821149728,108.55117625994897,108.55117578114496,108.55115909356938,108.55109465684198,108.55065743893023,108.54534603920658,108.46267612279,107.08404165583705,84.94848090354225,79.67821770490058,72.73338926342267,68.58330385189585,76.76654344460053
120.0,120.0,120.0,120.0,120.0,120.0,120.0,120.0,120.0,120.0,108.55117289158409,108.55117462589844,108.55117848590139,108.55117521844704,108.55117291218055,108.55112853017052,108.55075547269156,108.54571477068616,108.46497984719203,107.10695335716638,85.16381251083216,80.32555071916468,74.00235313711867,70.01864204799911,77.64846786683341
120.0,120.0,120.0,120.0,120.0,120.0,120.0,120.0,120.0,120.0,108.55121857842761,108.55120887421299,108.55120582026632,108.55120518737559,108.55119509748641,108.55116667747005,108.55083171932765,108.54599090019347,108.46687106023977,107.12636137078778,85.34896192417007,80.89305539801896,75.15887379798437,71.41098637431834,78.55957063142911
120.0,120.0,120.0,120.0,120.0,120.0,120.0,120.0,120.0,120.0,108.55121115731605,108.55120543111626,108.55120359134874,108.55120541622549,108.55120664229979,108.55118033497442,108.55088256726886,108.54619476204917,108.4684188027522,107.14285512169958,85.50806011084339,81.38872755808093,76.20266382283485,72.73908715841999,79.48019766469118
120.0,120.0,120.0,120.0,120.0,120.0,120.0,120.0,120.0,120.0,108.55120507456164,108.55119786352783,108.5512011744433,108.55120417957349,108.5512086419989,108.5511962437712,108.55091337892206,108.54635510757667,108.46969980434525,107.15689231007042,85.64475555896774,81.82015240135364,77.13655548842983,73.98622628081029,80.39112140580984
120.0,120.0,120.0,120.0,120.0,120.0,120.0,120.0,120.0,120.0,108.55119486214232,108.55119473743756,108.55119411562193,108.55120321862314,108.55120903128808,108.5512017052614,108.5509416700736,108.54647476231499,108.47077251430508,107.16885601175075,85.76215207520484,82.19452641334576,77.96560305624713,75.14064649508482,81.27483748960847
120.0,120.0,120.0,120.0,120.0,120.0,120.0,120.0,120.0,120.0,108.55118133434748,108.55118546945263,108.55119308984133,108.55119707289812,108.55120988130739,108.55120483710849,108.55095706313448,108.54657552081504,108.47166664864469,107.17907176663313,85.8629174864912,82.51850357313597,78.6964880575583,76.19534731068966,82.11662270257987
120.0,120.0,120.0,120.0,120.0,120.0,120.0,120.0,120.0,120.0,108.55122473167616,108.5512171070347,108.55121704994124,108.55122158872857,108.55122250388597,108.55122077310422,108.55097686630441,108.54665764899629,108.47242965252556,107.18779610557185,85.94937779292685,82.79815427540807,79.33688643855373,77.14768105019151,82.90508569704403
120.0,120.0,120.0,120.0,120.0,120.0,120.0,120.0,120.0,120.0,108.55121649946445,108.55121242573907,108.55121300968138,108.55121869020022,108.5512275096858,108.55122010673823,108.55098840165712,108.54672027819619,108.47306801041002,107.195256347894,86.02350242425345,83.03900088556767,79.89494409025835,77.99864711606048,83.63243102437941
120.0,120.0,120.0,120.0,120.0,120.0,120.0,120.0,120.0,120.0,108.5512096671046,108.55120390517057,108.55120906899054,108.5512150838941,108.5512249853294,108.55122574791565,108.55099234616011,108.54677412857868,108.4736093923896,107.2016323816525,86.0870221536423,83.2459845749554,80.37893230751334,78.75205840228219,84.29430756581804
120.0,120.0,120.0,120.0,120.0,120.0,120.0,120.0,120.0,120.0,108.55119888070251,108.5511998647077,108.55120087074404,108.55121218682561,108.55122207870899,108.55122410994225,108.5510014126791,108.54681368099718,108.47407220749477,107.20708449062704,86.14140623264804,83.42353133489378,80.79692056566198,79.41376996849394,84.88937467188532
120.0,120.0,120.0,120.0,120.0,120.0,120.0,120.0,120.0,120.0,108.55118488512562,108.55118992836114,108.55119876337625,108.55120463276529,108.55122034438547,108.55122221854833,108.55100309299523,108.54685250781212,108.474461271503,107.21174954707122,86.18793392301944,83.57555491965638,81.1565947848518,79.99092509666981,85.41876423255671
120.0,120.0,120.0,120.0,120.0,120.0,120.0,120.0,120.0,120.0,108.55122732606777,108.55122051359598,108.55122148735998,108.55122745028353,108.55123076781382,108.55123405799084,108.55101276871258,108.54688590820341,108.47480229242635,107.21573535779558,86.2277172980806,83.70551473442809,81.4651091477815,80.49134999025377,85.8854461658977
120.0,120.0,120.0,120.0,120.0,120.0,120.0,120.0,120.0,120.0,108.5512187578636,108.55121534054379,108.55121679885644,108.55122362521482,108.55123419053353,108.55123072592164,108.55101684075277,108.54691011957024,108.47508611187632,107.21914491664607,86.26169064759098,83.81645480454478,81.72901625061314,80.92306140501428,86.29364744680608
120.0,120.0,120.0,120.0,120.0,120.0,120.0,120.0,120.0,120.0,108.5512116120425,108.55120643713481,108.5512122883507,108.55121926494135,108.55123052998621,108.55123421377156,108.55101530980674,108.54693286477423,108.47532847705702,107.22205408593904,86.29069369448088,83.91102206106503,81.95424210392625,81.29391388805341,86.64833710432359
120.0,120.0,120.0,120.0,120.0,120.0,120.0,120.0,120.0,120.0,108.55120058511905,108.55120202180075,108.55120365615608,108.55121570775295,108.55122672033204,108.55123101955901,108.55102004747033,108.54694720460625,108.47553779823932,107.22453745925073,86.31542259911711,83.99154511094082,82.14606443965882,81.61135918778906,86.95481512558013
120.0,120.0,120.0,120.0,120.0,120.0,120.0,120.0,120.0,120.0,108.55118639320584,108.55119181029835,108.55120112064579,108.55120766102203,108.55122420917264,108.5512279224127,108.55101843342261,108.54696515483373,108.47571156742548,107.22665916579875,86.33649167562601,84.06002859236679,82.3091667309602,81.88228092252234,87.21840618011329
120.0,120.0,120.0,120.0,120.0,120.0,120.0,120.0,120.0,120.0,108.55122842858145,108.55122195397132,108.5512233398975,108.55122982396412,108.55123390880917,108.55123862346075,108.5510254069809,108.54698120402796,108.47586907356765,107.22846589829342,86.35443736829397,84.11821558958151,82.44764754494669,82.11293823792084,87.4442327936825
120.0,120.0,120.0,120.0,120.0,120.0,120.0,120.0,120.0,120.0,108.55121971834409,108.55121657533451,108.55121838872478,108.55122564797064,108.5512367915613,108.55123455325145,108.55102733361028,108.54699098380463,108.47599643215476,107.23000860162117,86.36969558047389,84.16761665512374,82.56507985686635,82.30891991191362,87.63709252658217
120.0,120.0,120.0,120.0,120.0,120.0,120.0,120.0,120.0,120.0,108.55121243956603,108.55120751141371,108.55121364415582,108.5512209949315,108.55123273413913,108.55123737537036,108.55102413711121,108.54700152873754,108.47610518543446,107.23131896368675,86.38267432692622,84.20951549287574,82.66456898927431,82.47516531828235,87.80136642856894
120.0,120.0,120.0,120.0,120.0,120.0,120.0,120.0,120.0,120.0,108.55120131069184,108.55120293794869,108.55120483274781,108.5512171746801,108.55122859653495,108.55123368124195,108.55102744095596,108.54700564427532,108.47620024682625,107.23243369107318,86.39369621611851,84.24503652389888,82.74877829446218,82.61600428758348,87.94099228918621
120.0,120.0,120.0,120.0,120.0,120.0,120.0,120.0,120.0,120.0,108.55118703560493,108.55119261037412,108.55120211843455,108.55120892986227,108.55122579050216,108.55123017616047,108.55102467942737,108.54701486386486,108.47627640940453,107.23338435966065,86.40305178024407,84.27512618966921,82.82001152654385,82.73518657965998,88.05946681292387
120.0,120.0,120.0,120.0,120.0,120.0,120.0,120.0,120.0,120.0,108.5512288981819,108.55122256664009,108.55122412511717,108.55123082168726,108.55123520539918,108.5512404588171,108.55103065892095,108.54702349660603,108.4763503752494,107.23418992239844,86.41099693975822,84.30060132541209,82.88023129296988,82.835960718216,88.15984975999443
120.0,120.0,120.0,120.0,120.0,120.0,120.0,120.0,120.0,120.0,108.5512201274068,108.55121710079275,108.5512190635437,108.55122650107215,108.551237873252,108.55123611683672,108.55103176150546,108.54702700317279,108.4764063653213,107.23487721047769,86.41772538724251,84.32216504717032,82.93111426546271,82.92111013974753,88.24481169833639
120.0,120.0,120.0,120.0,120.0,120.0,120.0,120.0,120.0,120.0,108.5512127923075,108.55120796872131,108.55121422017642,108.55122172644747,108.55123365639987,108.5512386824501,108.55102790654087,108.54703217236883,108.47645414399214,107.23545730380962,86.42343529068371,84.34040038206064,82.97409769035065,82.99301731220928,88.31665628939844
120.0,120.0,120.0,120.0,120.0,120.0,120.0,120.0,120.0,120.0,108.55120161986433,108.55120332823567,108.551205333059,108.55121779612588,108.5512293852873,108.55123479207754,108.55103062606635,108.54703174161574,108.47649709053941,107.23594910683994,86.42826830295868,84.35582511207761,83.01038906360053,83.0537208394864,88.37736461987133
120.0,120.0,120.0,120.0,120.0,120.0,120.0,120.0,120.0,120.0,108.5511873089319,108.55119295109934,108.5512025430703,108.55120946828019,108.55122645760692,108.5512311236352,108.55102738664132,108.54703705643072,108.47652880292536,107.2363687863385,86.4323589421396,84.3688623663756,83.041028956641,83.10494418876087,88.42863784142602
120.0,120.0,120.0,120.0,120.0,120.0,120.0,120.0,120.0,120.0,108.55122909831037,108.55122282775032,108.5512244593047,108.55123124544653,108.5512357538401,108.55124123446427,108.55103294530318,108.54704235831392,108.47656481377493,107.23672214311905,86.43582857230204,84.37987886018067,83.06688963566847,83.14816178002944,88.4719194367205
120.0,120.0,120.0,120.0,120.0,120.0,120.0,120.0,120.0,120.0,108.55122030150281,108.5512173246787,108.55121935097999,108.55122686368766,108.55123833170177,108.55123678046259,108.55103369470234,108.54704304149459,108.47658846599178,107.23702457794133,86.43875540946617,84.3891911807091,83.08871082137242,83.18461605843711,88.50844585693048
120.0,120.0,120.0,120.0,120.0,120.0,120.0,120.0,120.0,120.0,108.55121294281895,108.55120816342071,108.55121446550277,108.55122203773306,108.55123404788377,108.55123923889657,108.55102955462861,108.54704579072475,108.47660870336028,107.23727739829982,86.44123827987434,84.39705146667468,83.10712713201202,83.21535971862914,88.53926229581943
120.0,120.0,120.0,120.0,120.0,120.0,120.0,120.0,120.0,120.0,108.5512017515309,108.55120349471814,108.55120554608006,108.55121806061608,108.55122972064518,108.55123526601548,108.55103201972743,108.54704331351813,108.47662819049489,107.2374910972828,86.44333371791903,84.40369458221079,83.12266066390994,83.24128936779836,88.56525526292667
120.0,120.0,120.0,120.0,120.0,120.0,120.0,120.0,120.0,120.0,108.55118742468915,108.55119309611544,108.55120272413255,108.55120969747055,108.55122674141707,108.55123152862689,108.55102857110658,108.54704687389113,108.47663996217605,107.23767458975371,86.4451033714112,84.40930221967857,83.1357680342601,83.2631517463185,88.587180117365
120.0,120.0,120.0,120.0,120.0,120.0,120.0,120.0,120.0,120.0,108.55122918371994,108.55122293913861,108.55122460176116,108.55123142609351,108.55123598739155,108.55124156643934,108.55103394541396,108.54705068223348,108.47665900690247,107.23782750846233,86.44660620306506,84.4140354196019,83.14682489238527,83.28158861722889,88.60566753401477
120.0,120.0,120.0,120.0,120.0,120.0,120.0,120.0,120.0,120.0,108.55122037589842,108.55121742025611,108.55121947360249,108.55122701818424,108.5512385271497,108.55123706467673,108.55103453963305,108.54705010219774,108.47666825377652,107.23795992684596,86.44786722281148,84.41803567497786,83.15614938975973,83.29713426137799,88.62125845334955
120.0,120.0,120.0,120.0,120.0,120.0,120.0,120.0,120.0,120.0,108.55121300694734,108.55120824651279,108.55121457023007,108.55122217051311,108.55123421470509,108.55123947743562,108.55103027406773,108.54705177177489,108.47667626404183,107.23806862010196,86.4489397904397,84.42140635048446,83.16401865835537,83.31024041319255,88.63440479792894
120.0,120.0,120.0,120.0,120.0,120.0,120.0,120.0,120.0,120.0,108.55120180777908,108.5512035656825,108.55120563691437,108.5512181735022,108.55122986374504,108.55123546907205,108.55103262747893,108.54704838390612,108.47668537040164,107.23816020274757,86.4498417234878,84.4242559451343,83.17065203041517,83.32129444277506,88.64548845832144
120.0,120.0,120.0,120.0,120.0,120.0,120.0,120.0,120.0,120.0,108.5511874745361,108.55119315811972,108.55120280134115,108.55120979514723,108.55122686258315,108.55123170231067,108.55102908675742,108.54705116612847,108.47668834559818,107.23824026570874,86.4506017161863,84.42665894086997,83.17624990819401,83.33061213172267,88.65483642410139
120.0,120.0,120.0,120.0,120.0,120.0,120.0,120.0,120.0,120.0,108.55122922033853,108.55122298672832,108.55122466268476,108.55123150325203,108.55123608697086,108.5512417088488,108.55103438041078,108.54705431373438,108.47669992829154,107.23830562919764,86.45125066774189,84.42868550869714,83.18097125376681,83.33847091208122,88.66271633338634
120.0,120.0,120.0,120.0,120.0,120.0,120.0,120.0,120.0,120.0,108.551220407984,108.55121746119521,108.55121952595066,108.55122708423272,108.55123861066069,108.551237186424,108.5510349066405,108.54705317662062,108.47670285653483,107.23836395177673,86.45178977990803,84.43040012547763,83.18495110258527,83.34509725499346,88.66936188640668
120.0,120.0,120.0,120.0,120.0,120.0,120.0,120.0,120.0,120.0,108.55121303441612,108.55120828225503,108.55121461505861,108.55122222716788,108.55123428602907,108.55123957977716,108.5510305859647,108.5470543712897,108.47670551760928,107.23840996393812,86.45225216379819,84.4318409699144,83.18831187242753,83.35068303437691,88.67496520866509
120.0,120.0,120.0,120.0,120.0,120.0,120.0,120.0,120.0,120.0,108.5512018320733,108.55120359605777,108.55120567590747,108.55121822180053,108.5512299248101,108.5512355561878,108.55103289079712,108.54705058367831,108.47671009320382,107.23844853992958,86.45263846705062,84.43306135997629,83.19114225337925,83.35539631075855,88.67968872263694
120.0,120.0,120.0,120.0,120.0,120.0,120.0,120.0,120.0,120.0,108.55118749651282,108.5511931849095,108.55120283436918,108.55120983701325,108.55122691442726,108.55123177668305,108.5510293098823,108.54705302554358,108.47670923732514,107.23848378558868,86.45296282847869,84.43408909751784,83.19353235526012,83.35936785122153,88.68367410840587
120.0,120.0,120.0,120.0,120.0,120.0,120.0,120.0,120.0,120.0,108.55122923592128,108.55122300700435,108.55122468870144,108.55123153611385,108.55123612949409,108.55124176985017,108.55103456823419,108.54705588457372,108.47671757697296,107.23851126991349,86.45324379504395,84.43495489034981,83.19554804144802,83.362719053185,88.6870326139061
120.0,120.0,120.0,120.0,120.0,120.0,120.0,120.0,120.0,120.0,108.55122042161392,108.55121747860807,108.55121954824537,108.55122711245403,108.5512386462371,108.55123723856292,108.551035065049,108.54705450458196,108.47671776391435,107.2385375822655,86.45347212315325,84.43568984181097,83.19724579427107,83.36554479945836,88.68986601228686
120.0,120.0,120.0,120.0,120.0,120.0,120.0,120.0,120.0,120.0,108.55121304608119,108.55120829749323,108.55121463412675,108.55122225129534,108.5512343165247,108.55123962351027,108.55103072042508,108.54705549289078,108.47671810806165,107.23855655001337,86.45367206758662,84.43630393794666,83.19868174263542,83.36792602579395,88.69225514923285
120.0,120.0,120.0,120.0,120.0,120.0,120.0,120.0,120.0,120.0,108.55120184233468,108.55120360896396,108.5512056925665,108.55121824235115,108.55122995082661,108.55123559352809,108.55103300412618,108.54705153171881,108.47672072446005,107.2385722820321,86.45383678411629,84.4368266722064,83.1998886557869,83.36993725871054,88.69426861847951
120.0,120.0,120.0,120.0,120.0,120.0,120.0,120.0,120.0,120.0,108.55118750566011,108.5511931962301,108.55120284840602,108.55120985492178,108.55122693650289,108.55123180845307,108.551029405957,108.547053826025,108.47671821401451,107.23858823331312,86.45397407662766,84.43726572011825,83.20090947004464,83.3716304132921,88.69596898525327
120.0,120.0,120.0,120.0,120.0,120.0,120.0,120.0,120.0,120.0,108.55122924265544,108.55122301570466,108.5512246998664,108.55123155017496,108.55123614777807,108.55124179595502,108.55103464898194,108.54705656037714,108.47672515479388,107.23859942513872,86.45409712822952,84.43763479705675,83.20177025174617,83.37306041844151,88.69740079726941
120.0,120.0,120.0,120.0,120.0,120.0,120.0,120.0,120.0,120.0,108.55122042767512,108.55121748613782,108.55121955782282,108.55122712454687,108.5512386614496,108.55123726099319,108.55103513311602,108.54705507533174,108.47672416079811,107.2386119807162,86.45419216635958,84.43795065255732,83.2024939198973,83.3742661182619,88.69860960208767
120.0,120.0,120.0,120.0,120.0,120.0,120.0,120.0,120.0,120.0,108.55121305102648,108.55120830416163,108.55121464236522,108.5512222616681,108.55123432958291,108.55123964222385,108.55103077828223,108.54705597461378,108.47672350757794,107.23861933463814,86.4542796136731,84.43821115721411,83.20310829071083,83.37528121226462,88.69962884195874
120.0,120.0,120.0,120.0,120.0,120.0,120.0,120.0,120.0,120.0,108.55120184687286,108.55120361445393,108.55120569977954,108.55121825121483,108.55122996201784,108.55123560952813,108.55103305275468,108.54705193874582,108.47672528148185,107.23862526287814,86.45434938945566,84.43843557566605,83.20362225408209,83.37614040431411,88.7004871538757
120.0,120.0,120.0,120.0,120.0,120.0,120.0,120.0,120.0,120.0,108.55118751021733,108.55119320128823,108.55120285439766,108.55120986262297,108.55122694600453,108.55123182212492,108.55102944719333,108.54705416938444,108.47672206019938,107.2386329387086,86.45440656308186,84.43862294904696,83.20405860692308,83.37686203643179,88.70121341833581
120.0,120.0,120.0,120.0,120.0,120.0,120.0,120.0,120.0,120.0,108.55122924543005,108.551223019375,108.5512247046007,108.55123155611301,108.55123615551184,108.55124180708142,108.55103468363222,108.54705685011619,108.47672840017721,107.23863714635374,86.45446200667907,84.43877970598918,83.20442642810379,83.37747273572688,88.7018237852826
120.0,120.0,120.0,120.0,120.0,120.0,120.0,120.0,120.0,120.0,108.55122042994404,108.5512174892105,108.55121956183673,108.5512271297102,108.55123866789118,108.5512372705105,108.55103516224726,108.5470553199603,108.47672689949088,107.23864380726836,86.45449999808395,84.43891644539863,83.20473431025923,83.37798748326672,88.70233986442813
120.0,120.0,120.0,120.0,120.0,120.0,120.0,120.0,120.0,120.0,108.55121305324747,108.55120830682253,108.55121464572586,108.55122226600041,108.55123433517706,108.55123965018295,108.55103080300242,108.54705618092586,108.47672581858478,107.23864618698072,86.45453931099317,84.4390258486415,83.20499798614921,83.3784198602584,88.70277491501756
120.0,120.0,120.0,120.0,120.0,120.0,120.0,120.0,120.0,120.0,108.55120184860726,108.55120361687297,108.55120570277437,108.55121825484818,108.55122996668733,108.55123561639114,108.55103307355301,108.54705211298507,108.47672723127545,107.23864791780306,86.45456847470851,84.4391228001023,83.20521615465883,83.37878760799144,88.70314055908432
120.0,120.0,120.0,120.0,120.0,120.0,120.0,120.0,120.0,120.0,108.55118751122366,108.55119320313588,108.55120285698979,108.5512098658994,108.55122694993045,108.55123182785309,108.55102946486896,108.54705431635294,108.47672370544115,107.23865205156277,86.45459138416398,84.43920264601391,83.20540301710568,83.37909476570248,88.70345133173207
120.0,120.0,120.0,120.0,120.0,120.0,120.0,120.0,120.0,120.0,108.55122924464567,108.55122301927256,108.55122470542183,108.55123155783582,108.55123615830951,108.55124181137113,108.55103469808462,108.54705697393878,108.47672978802909,107.23865327070872,86.45461791934349,84.43926869709874,83.20556040304668,83.37935590069665,88.70371128718405
120.0,120.0,120.0,120.0,120.0,120.0,120.0,120.0,120.0,120.0,108.55122042885334,108.55121748885254,108.55121956216267,108.55122713080894,108.55123866992416,108.55123727417183,108.55103517433018,108.54705542430241,108.47672807040341,107.238657410041,86.45463152262356,84.43932892090793,83.205690790973,83.3795758248566,88.7039318369537
120.0,120.0,120.0,120.0,120.0,120.0,120.0,120.0,120.0,120.0,108.55121305030652,108.55120830593478,108.55121464575149,108.55122226672606,108.55123433658933,108.55123965296262,108.55103081326327,108.54705626887684,108.47672680633266,107.23865766234516,86.45465026072806,84.43937378010766,83.20580475620584,83.37975954433344,88.7041176409846
120.0,120.0,120.0,120.0,120.0,120.0,120.0,120.0,120.0,120.0,108.55120184615072,108.55120361454817,108.55120570213403,108.55121825521071,108.55122996779644,108.55123561849581,108.55103308192422,108.5470521872665,108.47672806451288,107.23865759826421,86.45466206720005,84.43941628614566,83.20589664862078,83.37991756896682,88.70427307032064
120.0,120.0,120.0,120.0,120.0,120.0,120.0,120.0,120.0,120.0,108.55118750864196,108.55119320125897,108.55120285527734,108.55120986553759,108.55122695060554,108.55123182962797,108.55102947175698,108.5470543787647,108.47672440845763,107.23866021776101,86.4546703340695,84.43945020545524,83.20597700086532,83.38004784024609,88.70440654550279
120.0,120.0,120.0,120.0,120.0,120.0,120.0,120.0,120.0,120.0,108.55122924687724,108.55122302129185,108.55122470741082,108.55123155966385,108.55123616032942,108.55124181398708,108.5510347049353,108.5470570271677,108.4767303813217,107.23866015981137,86.45468451713603,84.43947751633236,83.20604454819278,83.38015978299485,88.70451696486036
120.0,120.0,120.0,120.0,120.0,120.0,120.0,120.0,120.0,120.0,108.55122043099587,108.55121749080712,108.55121956395031,108.55122713288712,108.55123867183046,108.55123727645426,108.5510351801818,108.54705546951243,108.47672857100201,107.23866322133024,86.45468770057141,84.43950506184954,83.2060991594514,83.38025387192155,88.70461139178424
120.0,120.0,120.0,120.0,120.0,120.0,120.0,120.0,120.0,120.0,108.55121305454456,108.55120830799993,108.55121464749881,108.5512222683202,108.55123433868111,108.55123965510222,108.55103081825015,108.54705630703168,108.4767272288903,107.23866256455473,86.45469764843878,84.43952235638714,83.20614920883541,83.38033145594565,88.70469081927514
120.0,120.0,120.0,120.0,120.0,120.0,120.0,120.0,120.0,120.0,108.5512018495665,108.55120361827989,108.55120570411842,108.55121825681312,108.551229969243,108.55123562071012,108.55103308634972,108.54705221949635,108.47672842093961,107.23866173373236,86.45470204011554,84.43954161090552,83.20618718958877,83.38039996035987,88.70475652625808
120.0,120.0,120.0,120.0,120.0,120.0,120.0,120.0,120.0,120.0,108.55118751162192,108.55119320412003,108.5512028584873,108.55120986742581,108.55122695211557,108.55123183109664,108.55102947581389,108.54705440616566,108.47672470916783,107.2386637061262,86.45470405253904,84.43955591744775,83.20622206820245,83.3804547250738,88.70481432541969
120.0,120.0,120.0,120.0,120.0,120.0,120.0,120.0,120.0,120.0,108.55122924743218,108.55122302191248,108.5512247077036,108.5512315601835,108.55123616064486,108.55124181460161,108.55103470723559,108.54705705002144,108.47673063486181,107.23866310221236,86.45471295902551,84.43956668492258,83.20625125943955,83.38050298076618,88.70486091557045
120.0,120.0,120.0,120.0,120.0,120.0,120.0,120.0,120.0,120.0,108.5512204318087,108.55121749149444,108.55121956465291,108.5512271330172,108.55123867227137,108.55123727692207,108.55103518224033,108.54705548823569,108.47672878491713,107.23866570344921,86.454711691731,84.43958027550926,83.20627351817252,83.38054335197742,88.70490150523045
120.0,120.0,120.0,120.0,120.0,120.0,120.0,120.0,120.0,120.0,108.55121305462156,108.55120830875448,108.55121464823128,108.55122226905624,108.55123433873139,108.55123965557027,108.55103081993138,108.54705632297811,108.47672740884877,107.23866465829664,86.45471788559426,84.43958579912398,83.20629627833436,83.38057562688888,88.70493552315719
120.0,120.0,120.0,120.0,120.0,120.0,120.0,120.0,120.0,120.0,108.55120185002792,108.55120361843157,108.55120570478297,108.55121825752575,108.55122996998227,108.55123562080409,108.55103308775145,108.54705223287476,108.47672857291545,107.23866349941954,86.45471911037909,84.43959512512268,83.20631124114584,83.38060591406901,88.70496292881357
120.0,120.0,120.0,120.0,120.0,120.0,120.0,120.0,120.0,120.0,108.55118751301166,108.55119320476298,108.55120285872466,108.55120986799037,108.551226952768,108.55123183187489,108.55102947673781,108.54705441736289,108.47672483726724,107.23866519569052,86.45471845070797,84.43960105661957,83.20632670471097,83.38062844362953,88.70498842180857
120.0,120.0,120.0,120.0,120.0,120.0,120.0,120.0,120.0,120.0,108.55122924747415,108.55122302201171,108.55122470800161,108.55123156043133,108.55123616096978,108.55124181507098,108.55103470858383,108.54705705921005,108.47673074273897,107.23866435855076,86.45472510429288,84.43960475917551,83.20633951930965,83.3806495099429,88.7050077627334
120.0,120.0,120.0,120.0,120.0,120.0,120.0,120.0,120.0,120.0,108.55122043175437,108.55121749150148,108.55121956473498,108.55122713339105,108.55123867256842,108.55123727724626,108.55103518323018,108.54705549653778,108.47672887575254,107.23866676296736,86.45472193613199,84.43961239134481,83.20634796417546,83.3806669472378,88.70502536853188
120.0,120.0,120.0,120.0,120.0,120.0,120.0,120.0,120.0,120.0,108.55121305473021,108.55120830882674,108.55121464823824,108.55122226913382,108.55123433914798,108.5512396559488,108.55103082071157,108.54705632979848,108.47672748593969,107.23866555189223,86.4547265262175,84.43961288860433,83.20635907315658,83.38067987760229,88.70503999990082
120.0,120.0,120.0,120.0,120.0,120.0,120.0,120.0,120.0,120.0,108.55120184996026,108.55120361852674,108.55120570495139,108.55121825755734,108.5512299700634,108.55123562126388,108.55103308858203,108.54705223859766,108.47672863773056,107.23866425355719,86.45472639856918,84.4396179744526,83.20636420796063,83.38069384852012,88.70505105328547
120.0,120.0,120.0,120.0,120.0,120.0,120.0,120.0,120.0,120.0,108.55118751251099,108.55119320464395,108.55120285879978,108.5512098682296,108.5512269528413,108.5512318319882,108.5510294775374,108.54705442241111,108.47672489193613,107.23866583157162,86.45472459891396,84.43962032980907,83.2063713813015,83.38070261527115,88.70506275385962
120.0,120.0,120.0,120.0,120.0,120.0,120.0,120.0,120.0,120.0,108.55122923912,108.55122301545748,108.551224703145,108.55123155692776,108.55123615869587,108.55124181338377,108.55103470770351,108.5470570626287,108.47673078851744,107.23866489456753,86.4547302895884,84.43962101631263,83.20637720350796,83.38071207248422,88.70507046079487
120.0,120.0,120.0,120.0,120.0,120.0,120.0,120.0,120.0,120.0,108.5512204213276,108.55121748403509,108.5512195590523,108.55122712913945,108.55123866952557,108.55123727539056,108.55103518214403,108.54705549889741,108.47672891416599,107.23866721526736,86.45472630978509,84.4396261036219,83.20637975074015,83.38071971807248,88.70507825333648
120.0,120.0,120.0,120.0,120.0,120.0,120.0,120.0,120.0,120.0,108.5512130410631,108.5512082995521,108.55121464169396,108.55122226431281,108.55123433554299,108.55123965340769,108.55103081946947,108.54705633158606,108.4767275179433,107.23866593323712,86.45473021595411,84.43962445468529,83.20638588438224,83.38072438943823,88.7050846076827
120.0,120.0,120.0,120.0,120.0,120.0,120.0,120.0,120.0,120.0,108.55120183597975,108.55120360654612,108.55120569686663,108.55121825192252,108.55122996606549,108.55123561832333,108.55103308670768,108.54705223986458,108.47672866464598,107.23866457493425,86.45472951068152,84.43962773090476,83.20638682286915,83.38073139340071,88.70508867958111
120.0,120.0,120.0,120.0,120.0,120.0,120.0,120.0,120.0,120.0,108.5511874936618,108.55119319183864,108.55120284849623,108.551209861326,108.55122694808814,108.55123182877655,108.55102947538275,108.54705442280255,108.47672491446873,107.23866610270711,86.45472722366186,84.43962855915596,83.20639045723777,83.38073428390874,88.70509449091416
120.0,120.0,120.0,120.0,120.0,120.0,120.0,120.0,120.0,120.0,108.55122924676856,108.55122302114654,108.55122470770269,108.551231560415,108.55123616188614,108.55124181583994,108.55103470979279,108.54705706563573,108.47673080900248,107.23866512438165,86.45473250473093,84.43962795792584,83.20639329400541,83.38073878520507,88.70509723078614
120.0,120.0,120.0,120.0,120.0,120.0,120.0,120.0,120.0,120.0,108.5512204308752,108.55121749076427,108.5512195639711,108.5512271334091,108.55123867284333,108.55123727836178,108.55103518448955,108.54705550209816,108.47672893194324,107.23866740914234,86.4547281786764,84.43963195948432,83.20639332286459,83.38074224988779,88.70510083386259
120.0,120.0,120.0,120.0,120.0,120.0,120.0,120.0,120.0,120.0,108.55121305467296,108.55120830729533,108.55121464752757,108.55122226850746,108.5512343393882,108.5512396564197,108.55103082219544,108.54705633470387,108.476727533464,107.23866609721426,86.45473179225233,84.4396293944148,83.20639733292676,83.38074339474458,88.70510365400762
120.0,120.0,120.0,120.0,120.0,120.0,120.0,120.0,120.0,120.0,108.55120184998583,108.55120361846636,108.5512057031275,108.55121825692251,108.55122996960361,108.5512356216897,108.55103308941447,108.54705224312156,108.4767286780226,107.23866471368211,86.45473084099514,84.43963189743194,83.20639647987981,83.38074742467191,88.7051047449398
120.0,120.0,120.0,120.0,120.0,120.0,120.0,120.0,120.0,120.0,108.55118751292373,108.55119320459595,108.55120285873916,108.55120986634901,108.55122695231597,108.55123183172222,108.55102947830763,108.547054425868,108.47672492628018,107.23866621991606,86.45472834643836,84.43963207421626,83.20639860274858,83.38074780630403,88.70510804224989
120.0,120.0,120.0,120.0,120.0,120.0,120.0,120.0,120.0,120.0,108.55122924705014,108.55122302154288,108.55122470737413,108.55123156018156,108.55123615931703,108.55124181471938,108.55103470900666,108.5470570664886,108.47673081773941,107.23866522283235,86.45473345133937,84.43963092310244,83.2064001650119,83.38075019100593,88.70510866117134
120.0,120.0,120.0,120.0,120.0,120.0,120.0,120.0,120.0,120.0,108.55122043073757,108.55121749106885,108.55121956413302,108.55122713269576,108.5512386723408,108.55123727585107,108.55103518348149,108.54705550195123,108.47672893915856,107.23866749206982,86.4547289775871,84.43963446049855,83.20639911888956,83.38075187097289,88.7051104751761
120.0,120.0,120.0,120.0,120.0,120.0,120.0,120.0,120.0,120.0,108.55121305457774,108.55120830803173,108.55121464782407,108.55122226841465,108.55123433840267,108.55123965578196,108.55103081991722,108.54705633429538,108.47672753882274,107.23866616704315,86.45473246612602,84.43963150444745,83.20640222174772,83.38075151034211,88.70511178666925
120.0,120.0,120.0,120.0,120.0,120.0,120.0,120.0,120.0,120.0,108.5512018491425,108.55120361833573,108.55120570431751,108.55121825718165,108.55122996925851,108.55123562051477,108.55103308875017,108.54705224148921,108.47672868230642,107.23866477198763,86.4547314092377,84.43963367739742,83.20640060397139,83.38075427003118,88.70511160493959
120.0,120.0,120.0,120.0,120.0,120.0,120.0,120.0,120.0,120.0,108.55118751007197,108.55119320364808,108.55120285855209,108.55120986769698,108.55122695251771,108.55123183115393,108.55102947703506,108.54705442552164,108.47672492874209,107.23866626887221,86.45472882482859,84.43963357553868,83.2064020816418,83.38075358066394,88.7051138285157
120.0,120.0,120.0,120.0,120.0,120.0,120.0,120.0,120.0,120.0,108.55122924752477,108.5512230221774,108.55122470793168,108.55123156046297,108.55123616117746,108.5512418153351,108.55103470858383,108.54705706561568,108.47673082076423,107.23866526315864,86.45473385448982,84.43963218893815,83.20640309946052,83.38075506190293,88.7051135421259
120.0,120.0,120.0,120.0,120.0,120.0,120.0,120.0,120.0,120.0,108.55122043176938,108.55121749163656,108.5512195649975,108.55122713328159,108.55123867255996,108.5512372774296,108.55103518394655,108.54705550158162,108.47672894094566,107.23866752665506,86.45472931577909,84.43963552798414,83.20640159382803,83.38075597958372,88.7051145923988
120.0,120.0,120.0,120.0,120.0,120.0,120.0,120.0,120.0,120.0,108.55121305477688,108.5512083087019,108.55121464840138,108.55122226944941,108.55123433903952,108.55123965591436,108.55103082117066,108.54705633478623,108.4767275406015,107.2386661954362,86.45473275195532,84.4396324034822,83.20640430928607,83.38075497586554,88.7051152595515
120.0,120.0,120.0,120.0,120.0,120.0,120.0,120.0,120.0,120.0,108.55120185008317,108.55120361861034,108.55120570474523,108.55121825771077,108.55122997039847,108.55123562120147,108.55103308879488,108.5470522425493,108.47672868455987,107.23866479600659,86.45473164879273,84.43963443590611,83.20640236387445,83.38075719325471,88.70511453429916
120.0,120.0,120.0,120.0,120.0,120.0,120.0,120.0,120.0,120.0,108.55118751288477,108.55119320479729,108.55120285892863,108.55120986798433,108.55122695296232,108.55123183233165,108.55102947776321,108.54705442559998,108.47672493107959,107.23866628983963,86.45472902650776,84.43963421402886,83.2064035661499,83.38075604582444,88.70511629953076
120.0,120.0,120.0,120.0,120.0,120.0,120.0,120.0,120.0,120.0,108.55122924491704,108.55122301941975,108.55122470659904,108.55123155961235,108.5512361601574,108.55124181469169,108.55103470910746,108.5470570660479,108.47673082181798,107.23866528091118,86.45473402572819,84.43963272675603,83.20640435057183,83.38075714127136,88.70511562604905
120.0,120.0,120.0,120.0,120.0,120.0,120.0,120.0,120.0,120.0,108.55122042999206,108.55121748945858,108.55121956257535,108.55122713207976,108.55123867190392,108.55123727665061,108.55103518338186,108.54705550222516,108.47672894258544,107.23866754107509,86.45472946032055,84.43963598241557,83.20640264837486,83.3807577327741,88.70511635028184
120.0,120.0,120.0,120.0,120.0,120.0,120.0,120.0,120.0,120.0,108.55121304802104,108.55120830673032,108.55121464662251,108.5512222673901,108.55123433797912,108.55123965545926,108.55103082065715,108.54705633438428,108.47672754220409,107.23866620842576,86.4547328729315,84.43963278656446,83.20640519923498,83.38075645402193,88.70511674178444
120.0,120.0,120.0,120.0,120.0,120.0,120.0,120.0,120.0,120.0,108.55120184591503,108.55120361281547,108.55120570269258,108.55121825627691,108.55122996870382,108.55123562029326,108.55103308853815,108.54705224235816,108.47672868505595,107.23866480718924,86.45473175256316,84.43963475817581,83.2064031140835,83.38075844031948,88.70511578413905
120.0,120.0,120.0,120.0,120.0,120.0,120.0,120.0,120.0,120.0,108.55118751136567,108.55119320183601,108.55120285409465,108.55120986596158,108.55122695182153,108.55123183098894,108.55102947701954,108.54705442557854,108.47672493180865,107.23866629848625,86.45472911464374,84.43963448729163,83.20640419811878,83.38075709715854,88.7051173539523
120.0,120.0,120.0,120.0,120.0,120.0,120.0,120.0,120.0,120.0,108.55122924647964,108.55122302100575,108.55122470802631,108.55123155995781,108.55123616105398,108.5512418155276,108.55103470937962,108.54705706644422,108.4767308231353,107.23866528902244,86.45473409886442,84.43963295787464,83.2064048847789,83.3807580273548,88.70511651496821
120.0,120.0,120.0,120.0,120.0,120.0,120.0,120.0,120.0,120.0,108.55122043011335,108.55121749029516,108.55121956353715,108.55122713382215,108.55123867226247,108.5512372774072,108.55103518422553,108.54705550258934,108.47672894341697,107.23866754820145,86.45472952327916,84.4396361762242,83.20640309928835,83.38075848094762,88.70511709953819
120.0,120.0,120.0,120.0,120.0,120.0,120.0,120.0,120.0,120.0,108.55121305428285,108.55120830756607,108.55121464700922,108.55122226787023,108.55123433982156,108.55123965581492,108.55103082127518,108.54705633522663,108.47672754301834,107.23866621406268,86.4547329267259,84.43963295124392,83.20640557859667,83.380757085179,88.70511737435177
120.0,120.0,120.0,120.0,120.0,120.0,120.0,120.0,120.0,120.0,108.55120184851829,108.5512036180069,108.55120570405172,108.55121825643711,108.55122996882173,108.55123562209536,108.55103308888528,108.54705224287666,108.47672868619696,107.23866481214483,86.45473179702225,84.43963489778893,83.20640343511808,83.38075897184282,88.70511631761143
120.0,120.0,120.0,120.0,120.0,120.0,120.0,120.0,120.0,120.0,108.55118750876096,108.55119320292859,108.55120285817304,108.55120986765014,108.55122695191311,108.55123183084588,108.55102947869585,108.54705442593414,108.47672493251275,107.23866630309365,86.45472915263001,84.43963460418307,83.2064044695353,83.38075754635639,88.7051178032775
120.0,120.0,120.0,120.0,120.0,120.0,120.0,120.0,120.0,120.0,108.55122924750586,108.55122302219392,108.55122470775092,108.55123156027973,108.55123616159152,108.55124181510996,108.55103470854445,108.54705706753491,108.47673082346645,107.23866529244788,86.45473413170363,84.43963305695259,83.20640511289949,83.38075840669349,88.70511689466193
120.0,120.0,120.0,120.0,120.0,120.0,120.0,120.0,120.0,120.0,108.55122043175771,108.55121749163143,108.55121956506322,108.55122713306562,108.55123867232642,108.55123727800371,108.55103518388458,108.54705550178844,108.47672894464307,107.23866755105777,86.45472955020392,84.43963626063231,83.2064032922326,83.38075880021586,88.70511742003562
120.0,120.0,120.0,120.0,120.0,120.0,120.0,120.0,120.0,120.0,108.5512130547601,108.55120830861486,108.55121464838582,108.55122226956266,108.55123433882174,108.55123965563891,108.55103082189734,108.54705633500258,108.47672754244387,107.23866621735866,86.45473294942727,84.43963302174393,83.20640574211201,83.38075735498792,88.70511764412956
120.0,120.0,120.0,120.0,120.0,120.0,120.0,120.0,120.0,120.0,108.5512018501181,108.55120361860865,108.55120570460876,108.55121825766648,108.55122997056115,108.55123562101458,108.55103308849976,108.54705224350721,108.47672868622928,107.23866481344861,86.45473181787554,84.43963495732243,83.20640357244173,83.38075920006779,88.70511654563292
120.0,120.0,120.0,120.0,120.0,120.0,120.0,120.0,120.0,120.0,108.55118751306989,108.55119320484576,108.55120285894715,108.55120986781941,108.55122695287689,108.55123183254668,108.55102947764259,108.54705442538707,108.47672493324869,107.23866630466608,86.45472916760893,84.43963465584747,83.20640458549919,83.3807577383467,88.70511799603503
120.0,120.0,120.0,120.0,120.0,120.0,120.0,120.0,120.0,120.0,108.55122924753861,108.55122302205403,108.55122470805124,108.55123156068319,108.55123616081957,108.5512418151643,108.55103470979,108.54705706636533,108.47673082274505,107.23866529437646,86.45473414494711,84.43963309852603,83.20640521189125,83.38075856880836,88.70511705680947
120.0,120.0,120.0,120.0,120.0,120.0,120.0,120.0,120.0,120.0,108.55122043175488,108.55121749157661,108.55121956475675,108.55122713342352,108.551238672869,108.55123727718004,108.55103518371129,108.54705550295486,108.47672894373181,107.23866755134713,86.4547295628469,84.43963629614646,83.20640337428338,83.3807589379122,88.70511755702215
120.0,120.0,120.0,120.0,120.0,120.0,120.0,120.0,120.0,120.0,108.55121305482615,108.55120830884795,108.55121464832924,108.55122226913852,108.55123433915789,108.55123965631779,108.55103082107844,108.547056334621,108.47672754358568,107.2386662174342,86.45473295733011,84.4396330530628,83.20640581168087,83.38075747007034,88.70511776035137
120.0,120.0,120.0,120.0,120.0,120.0,120.0,120.0,120.0,120.0,108.55120184998235,108.55120361861285,108.55120570498404,108.55121825766842,108.55122997005958,108.55123562126829,108.55103308929192,108.54705224274021,108.47672868572663,107.23866481525516,86.45473182419745,84.43963498135632,83.20640363231945,83.3807592974802,88.70511664283491
120.0,120.0,120.0,120.0,120.0,120.0,120.0,120.0,120.0,120.0,108.55118751239269,108.5511932046499,108.55120285887395,108.55120986826408,108.55122695297582,108.55123183200439,108.55102947777155,108.54705442626216,108.47672493260468,107.23866630464956,86.45472917620046,84.43963467584153,83.20640463407493,83.38075782151523,88.70511807842179
120.0,120.0,120.0,120.0,120.0,120.0,120.0,120.0,120.0,120.0,108.5512292472778,108.5512230219691,108.55122470791174,108.55123156041812,108.55123616125486,108.55124181538942,108.55103470923532,108.54705706633851,108.47673082370287,107.23866529421515,86.45473414914629,84.43963311802784,83.20640525269413,83.3807586374384,88.70511712700369
120.0,120.0,120.0,120.0,120.0,120.0,120.0,120.0,120.0,120.0,108.55122043134716,108.55121749134558,108.55121956475838,108.55122713333262,108.55123867256684,108.5512372775718,108.55103518405016,108.54705550243084,108.47672894358992,107.23866755279668,86.45472956591132,84.43963630994863,83.20640341077767,83.38075899578035,88.70511761504105
120.0,120.0,120.0,120.0,120.0,120.0,120.0,120.0,120.0,120.0,108.5512130544743,108.55120830847696,108.55121464811305,108.5512222692104,108.55123433913654,108.55123965598703,108.55103082139718,108.54705633506713,108.47672754313534,107.23866621754361,86.45473296328636,84.43963306416383,83.2064058402304,83.38075752049052,88.70511780947916
120.0,120.0,120.0,120.0,120.0,120.0,120.0,120.0,120.0,120.0,108.55120184958335,108.55120361832452,108.55120570466521,108.55121825745678,108.55122997018253,108.5512356213293,108.55103308894668,108.54705224296646,108.47672868628855,107.23866481506704,86.45473182691745,84.43963499371584,83.20640365589651,83.38075933814747,88.70511668541562
120.0,120.0,120.0,120.0,120.0,120.0,120.0,120.0,120.0,120.0,108.55118751164484,108.55119320424645,108.55120285865004,108.55120986800846,108.55122695276333,108.55123183215774,108.55102947792068,108.54705442592072,108.47672493274871,107.23866630558891,86.45472917774732,84.43963468419699,83.20640465646775,83.3807578554552,88.70511811279827
120.0,120.0,120.0,120.0,120.0,120.0,120.0,120.0,120.0,120.0,108.55122924585574,108.55122302090437,108.55122470705305,108.55123155989114,108.55123616083672,108.55124181500868,108.55103470927426,108.54705706649091,108.47673082333809,107.23866529448037,86.4547341529724,84.43963312426419,83.20640526976187,83.38075866807613,88.70511715594019
120.0,120.0,120.0,120.0,120.0,120.0,120.0,120.0,120.0,120.0,108.5512204294171,108.55121749005957,108.55121956381434,108.5512271325776,108.55123867214772,108.55123727725851,108.55103518369808,108.54705550248605,108.47672894385985,107.2386675525985,86.45472956802558,84.43963631763602,83.20640342440925,83.3807590200225,88.70511764092059
120.0,120.0,120.0,120.0,120.0,120.0,120.0,120.0,120.0,120.0,108.55121305250499,108.55120830679468,108.551214646979,108.55122226839278,108.5512343384841,108.55123965567134,108.55103082119624,108.54705633475041,108.47672754320504,107.2386662180984,86.45473296410293,84.43963306959014,83.20640585389478,83.3807575403171,88.70511782989774
120.0,120.0,120.0,120.0,120.0,120.0,120.0,120.0,120.0,120.0,108.55120184717616,108.55120361656739,108.5512057032269,108.55121825648251,108.55122996949434,108.55123562077479,108.55103308872482,108.54705224288111,108.47672868602005,107.23866481531239,86.45473182934684,84.43963499732506,83.20640366644486,83.38075935671198,88.70511670235803
120.0,120.0,120.0,120.0,120.0,120.0,120.0,120.0,120.0,120.0,108.55118750801175,108.55119320194969,108.55120285710673,108.55120986679934,108.55122695195102,108.5512318316016,108.55102947745894,108.54705442578013,108.47672493278625,107.23866630545038,86.4547291793838,84.4396346889602,83.20640466446088,83.3807578701839,88.70511812848459
120.0,120.0,120.0,120.0,120.0,120.0,120.0,120.0,120.0,120.0,108.55122924393223,108.55122301858057,108.55122470593476,108.55123155921575,108.55123616024898,108.55124181465956,108.55103470907828,108.5470570662698,108.47673082337072,107.23866529480787,86.45473415358376,84.43963312794497,83.20640527810598,83.38075867974713,88.70511716827814
120.0,120.0,120.0,120.0,120.0,120.0,120.0,120.0,120.0,120.0,108.55122042887687,108.55121748861623,108.55121956193173,108.55122713149912,108.55123867159266,108.55123727681465,108.55103518344956,108.54705550237975,108.47672894369387,107.23866755279262,86.45472956957182,84.43963631992786,83.20640343112944,83.38075903127282,88.70511765087676
120.0,120.0,120.0,120.0,120.0,120.0,120.0,120.0,120.0,120.0,108.55121304627312,108.55120830546844,108.5512146458981,108.55122226692122,108.55123433750049,108.55123965521815,108.55103082086892,108.5470563345932,108.47672754319274,107.23866621804264,86.45473296532712,84.43963307257656,83.20640585878982,83.38075754946928,88.70511783940316
120.0,120.0,120.0,120.0,120.0,120.0,120.0,120.0,120.0,120.0,108.55120184460873,108.55120361133459,108.55120570140103,108.55121825565078,108.55122996838939,108.55123561992852,108.55103308836786,108.54705224264855,108.47672868594903,107.2386648154701,86.45473182986167,84.43963499982738,83.20640367158073,83.38075936375807,88.70511670996794
120.0,120.0,120.0,120.0,120.0,120.0,120.0,120.0,120.0,120.0,108.55118751011612,108.55119320072609,108.5512028528823,108.55120986472254,108.55122695128007,108.55123183080855,108.55102947677656,108.54705442552155,108.47672493263538,107.2386663055438,86.45472918039103,84.4396346905311,83.20640466881036,83.38075787704925,88.70511813445196
120.0,120.0,120.0,120.0,120.0,120.0,120.0,120.0,120.0,120.0,108.55122924720474,108.55122302119827,108.55122470847787,108.55123156035869,108.55123616081924,108.55124181565054,108.55103470974912,108.54705706666168,108.47673082378856,107.2386652951112,86.45473415467497,84.43963312998892,83.20640528132982,83.38075868558111,88.70511717410804
120.0,120.0,120.0,120.0,120.0,120.0,120.0,120.0,120.0,120.0,108.55122043159616,108.5512174909978,108.55121956362576,108.55122713420579,108.5512386726685,108.55123727720608,108.55103518434034,108.54705550299897,108.47672894404573,107.23866755322084,86.45472957033815,84.43963632179866,83.20640343445803,83.38075903574753,88.70511765570674
120.0,120.0,120.0,120.0,120.0,120.0,120.0,120.0,120.0,120.0,108.55121305471704,108.5512083086425,108.55121464767494,108.55122226788025,108.55123434012012,108.55123965620909,108.55103082111415,108.54705633535306,108.47672754373563,107.23866621839436,86.45473296631218,84.43963307395123,83.20640586176019,83.38075755380936,88.70511784316163
120.0,120.0,120.0,120.0,120.0,120.0,120.0,120.0,120.0,120.0,108.55120184991696,108.55120361841009,108.55120570479339,108.55121825705186,108.55122996877441,108.55123562230769,108.55103308926014,108.54705224277849,108.47672868657561,107.23866481595401,86.45473183066323,84.43963500132855,83.20640367386231,83.3807593675572,88.70511671361297
120.0,120.0,120.0,120.0,120.0,120.0,120.0,120.0,120.0,120.0,108.55118751234974,108.55119320453423,108.5512028585486,108.55120986812318,108.55122695246504,108.55123183075678,108.55102947883,108.54705442630286,108.4767249326792,107.23866630608272,86.4547291812719,84.43963469183296,83.2064046710646,83.38075788003496,88.7051181375762
120.0,120.0,120.0,120.0,120.0,120.0,120.0,120.0,120.0,120.0,108.55122924679605,108.55122302161423,108.55122470749556,108.55123155977465,108.5512361610514,108.55124181492721,108.55103470799772,108.54705706734174,108.47673082380977,107.23866529473972,86.45473415537316,84.4396331310623,83.20640528322998,83.38075868835608,88.70511717652978
120.0,120.0,120.0,120.0,120.0,120.0,120.0,120.0,120.0,120.0,108.55122043069576,108.5512174908767,108.55121956441626,108.55122713292027,108.55123867181699,108.55123727745332,108.55103518375671,108.54705550130502,108.47672894460783,107.23866755329797,86.45472956995803,84.43963632282751,83.20640343608198,83.38075903816419,88.70511765799705
120.0,120.0,120.0,120.0,120.0,120.0,120.0,120.0,120.0,120.0,108.55121305391916,108.55120830792289,108.55121464765163,108.55122226888386,108.55123433874874,108.55123965514919,108.55103082136023,108.54705633494227,108.47672754215829,107.23866621891429,86.45473296666688,84.43963307412513,83.20640586326317,83.38075755584164,88.70511784512696
120.0,120.0,120.0,120.0,120.0,120.0,120.0,120.0,120.0,120.0,108.55120184876141,108.55120361781074,108.55120570419572,108.55121825699439,108.55122996987328,108.55123562098846,108.55103308804563,108.54705224300461,108.47672868633501,107.23866481453332,86.4547318317879,84.439635001988,83.20640367467591,83.3807593694055,88.70511671526333
120.0,120.0,120.0,120.0,120.0,120.0,120.0,120.0,120.0,120.0,108.55118751037108,108.55119320344109,108.55120285817743,108.55120986761132,108.55122695229143,108.55123183186669,108.5510294776482,108.54705442498525,108.4767249328738,107.23866630593332,86.45472917889867,84.43963469301116,83.20640467214487,83.38075788131223,88.70511813907385
120.0,120.0,120.0,120.0,120.0,120.0,120.0,120.0,120.0,120.0,108.55122924592709,108.55122302098387,108.55122470703748,108.5512315599043,108.55123616085893,108.55124181479447,108.5510347091866,108.54705706642731,108.47673082249416,107.23866529499277,86.45473415519446,84.43963312952019,83.206405284597,83.38075868975014,88.70511717760401
120.0,120.0,120.0,120.0,120.0,120.0,120.0,120.0,120.0,120.0,108.55122042943495,108.55121749011232,108.55121956389999,108.55122713254673,108.5512386721539,108.55123727727965,108.55103518341599,108.54705550238418,108.47672894387429,107.23866755188196,86.45472957062266,84.43963632290892,83.20640343536927,83.3807590396543,88.70511765917138
120.0,120.0,120.0,120.0,120.0,120.0,120.0,120.0,120.0,120.0,108.55121305275982,108.55120830677443,108.55121464701315,108.55122226847622,108.55123433843343,108.55123965566075,108.55103082121677,108.54705633440066,108.47672754310216,107.23866621825033,86.45473296379005,84.43963307492349,83.20640586373455,83.38075755576251,88.70511784629926
120.0,120.0,120.0,120.0,120.0,120.0,120.0,120.0,120.0,120.0,108.55120184737116,108.55120361679337,108.5512057031854,108.55121825649934,108.55122996957154,108.55123562069979,108.55103308869029,108.54705224290647,108.47672868561457,107.23866481535434,86.45473183042226,84.43963499961201,83.20640367567037,83.38075937021038,88.705116715294
120.0,120.0,120.0,120.0,120.0,120.0,120.0,120.0,120.0,120.0,108.55118750810145,108.55119320208733,108.5512028573034,108.5512098667458,108.5512269519515,108.55123183167099,108.55102947735551,108.54705442571671,108.47672493282539,107.23866630501513,86.45472918035955,84.43963469190287,83.20640467044697,83.380757882437,88.70511813989054
120.0,120.0,120.0,120.0,120.0,120.0,120.0,120.0,120.0,120.0,108.55122923837064,108.55122301422763,108.55122470273629,108.55123155690832,108.55123615838733,108.55124181335897,108.55103470823344,108.54705706551375,108.4767308228743,107.23866529464196,86.45473415297174,84.43963313059099,83.2064052838693,83.38075868864259,88.70511717847765
120.0,120.0,120.0,120.0,120.0,120.0,120.0,120.0,120.0,120.0,108.55122042227273,108.55121748367199,108.55121955810903,108.55122712865891,108.55123866959278,108.55123727520832,108.5510351823416,108.54705550170034,108.47672894304124,107.23866755245551,86.45472956989013,84.43963632077528,83.20640343633188,83.38075903940324,88.70511765838967
120.0,120.0,120.0,120.0,120.0,120.0,120.0,120.0,120.0,120.0,108.55121303729968,108.55120829958449,108.55121464158877,108.55122226362822,108.55123433504461,108.55123965354176,108.55103081952963,108.54705633368312,108.47672754268253,107.23866621749966,86.45473296544561,84.43963307397938,83.2064058618972,83.38075755669827,88.70511784636287
120.0,120.0,120.0,120.0,120.0,120.0,120.0,120.0,120.0,120.0,108.55120183520273,108.55120360340426,108.55120569625453,108.5512182519619,108.55122996560767,108.55123561786084,108.55103308701442,108.54705224157131,108.47672868523144,107.23866481514956,86.45473182937098,84.43963500100423,83.20640367474387,83.38075936874776,88.70511671604868
120.0,120.0,120.0,120.0,120.0,120.0,120.0,120.0,120.0,120.0,108.55118749843304,108.55119319221538,108.5512028460037,108.5512098603025,108.5512269481862,108.55123182851467,108.55102947508877,108.54705442447921,108.47672493180285,107.23866630505242,86.45472918045239,84.43963469085499,83.2064046715642,83.38075788171837,88.7051181387295
120.0,120.0,120.0,120.0,120.0,120.0,120.0,120.0,120.0,120.0,108.55122924617628,108.5512230202364,108.55122470801449,108.55123155997894,108.55123616103823,108.5512418159236,108.5510347098895,108.54705706668268,108.47673082392349,107.23866529504528,86.45473415485573,84.43963313088798,83.20640528309006,83.38075868970948,88.70511717823
120.0,120.0,120.0,120.0,120.0,120.0,120.0,120.0,120.0,120.0,108.5512204303096,108.5512174899108,108.55121956274353,108.55122713401417,108.55123867249041,108.551237277524,108.55103518469778,108.54705550320136,108.47672894410954,107.2386675534006,86.45472957036966,84.43963632255264,83.20640343634277,83.38075903861807,88.7051176592288
120.0,120.0,120.0,120.0,120.0,120.0,120.0,120.0,120.0,120.0,108.55121305409715,108.55120830710585,108.55121464661379,108.55122226709862,108.55123434011799,108.55123965616808,108.55103082146907,108.54705633574274,108.47672754396149,107.23866621849291,86.4547329668401,84.43963307439329,83.20640586338806,83.3807575565597,88.70511784566108
120.0,120.0,120.0,120.0,120.0,120.0,120.0,120.0,120.0,120.0,108.55120184897538,108.55120361781165,108.55120570321107,108.55121825607888,108.55122996811023,108.55123562244397,108.55103308931861,108.54705224313861,108.47672868697114,107.23866481619055,86.45473183105045,84.43963500213601,83.20640367499186,83.38075936991842,88.70511671601682
120.0,120.0,120.0,120.0,120.0,120.0,120.0,120.0,120.0,120.0,108.55118751108805,108.55119320354636,108.55120285797302,108.55120986662082,108.55122695162018,108.55123183021834,108.55102947906963,108.5470544264365,108.47672493303081,107.23866630650751,86.454729181849,84.43963469249692,83.2064046723662,83.3807578817647,88.70511813958973
120.0,120.0,120.0,120.0,120.0,120.0,120.0,120.0,120.0,120.0,108.55122924748055,108.55122302189463,108.55122470759174,108.55123155996408,108.55123616024086,108.55124181463525,108.55103470786771,108.54705706784804,108.47673082412744,107.23866529519734,86.45473415642135,84.43963313180086,83.20640528434922,83.38075869010082,88.70511717803153
120.0,120.0,120.0,120.0,120.0,120.0,120.0,120.0,120.0,120.0,108.55122043173604,108.5512174915084,108.55121956457627,108.55122713285924,108.55123867195002,108.55123727675051,108.55103518355156,108.54705550124163,108.47672894513272,107.23866755367189,86.45472957096162,84.43963632392791,83.20640343709674,83.38075903964067,88.7051176594854
120.0,120.0,120.0,120.0,120.0,120.0,120.0,120.0,120.0,120.0,108.55121305475186,108.55120830869465,108.55121464821215,108.55122226892306,108.55123433855064,108.55123965522388,108.55103082077568,108.54705633482008,108.47672754215361,107.23866621950151,86.45473296757186,84.43963307517879,83.20640586451017,83.38075755709376,88.70511784634962
120.0,120.0,120.0,120.0,120.0,120.0,120.0,120.0,120.0,120.0,108.55120185003322,108.55120361854561,108.55120570472803,108.5512182574701,108.55122996980394,108.5512356206825,108.55103308806758,108.54705224253819,108.47672868629112,107.23866481464398,86.45473183314056,84.43963500298678,83.20640367583655,83.38075937076317,88.70511671628961
120.0,120.0,120.0,120.0,120.0,120.0,120.0,120.0,120.0,120.0,108.55118751270663,108.55119320472271,108.55120285881199,108.55120986793092,108.55122695267266,108.5512318317066,108.55102947726627,108.54705442496451,108.47672493252156,107.2386663059919,86.45472917943691,84.4396346944165,83.20640467324019,83.38075788252911,88.70511814015043
120.0,120.0,120.0,120.0,120.0,120.0,120.0,120.0,120.0,120.0,108.55122924759321,108.55122302210896,108.55122470808205,108.551231560514,108.55123616094527,108.55124181501127,108.5510347089325,108.54705706599242,108.47673082243499,107.23866529478282,86.45473415555324,84.43963313034253,83.2064052860202,83.38075869087102,88.70511717852713
120.0,120.0,120.0,120.0,120.0,120.0,120.0,120.0,120.0,120.0,108.55122043196083,108.55121749164523,108.55121956483987,108.5512271334374,108.5512386726201,108.55123727722854,108.55103518354882,108.547055502077,108.47672894342263,107.23866755181635,86.45472957056091,84.43963632357175,83.20640343638446,83.38075904101302,88.70511766001904
120.0,120.0,120.0,120.0,120.0,120.0,120.0,120.0,120.0,120.0,108.5512130547531,108.55120830897297,108.55121464838918,108.55122226923612,108.55123433916332,108.55123965598854,108.55103082103982,108.54705633445414,108.47672754276354,107.23866621779892,86.45473296372418,84.43963307533782,83.20640586463067,83.38075755681844,88.7051178473141
120.0,120.0,120.0,120.0,120.0,120.0,120.0,120.0,120.0,120.0,108.55120185011032,108.55120361856505,108.55120570504941,108.55121825770112,108.55122997015597,108.55123562127025,108.55103308888785,108.54705224261663,108.47672868559422,107.23866481496158,86.45473182957167,84.43963499986228,83.20640367645484,83.38075937118836,88.70511671606849
120.0,120.0,120.0,120.0,120.0,120.0,120.0,120.0,120.0,120.0,108.55118751299037,108.55119320484437,108.55120285885488,108.55120986828922,108.55122695296758,108.5512318320829,108.55102947777208,108.54705442579574,108.4767249324374,107.23866630489347,86.45472917945665,84.43963469146814,83.20640467102163,83.38075788339307,88.70511814065102
120.0,120.0,120.0,120.0,120.0,120.0,120.0,120.0,120.0,120.0,108.55122924762249,108.55122302215564,108.55122470817511,108.55123156058943,108.55123616131542,108.55124181535297,108.55103470930817,108.54705706636268,108.47673082322517,107.23866529434238,86.45473415261341,84.43963313009506,83.20640528393002,83.38075868943442,88.70511717927833
120.0,120.0,120.0,120.0,120.0,120.0,120.0,120.0,120.0,120.0,108.5512204320379,108.55121749167006,108.55121956490429,108.55122713356323,108.55123867271791,108.5512372776249,108.55103518396074,108.54705550245056,108.47672894362469,107.23866755251254,86.45472956867275,84.43963632052318,83.20640343623703,83.38075903977148,88.70511765905185
120.0,120.0,120.0,120.0,120.0,120.0,120.0,120.0,120.0,120.0,108.5512130547585,108.55120830905021,108.55121464841402,108.55122226932471,108.55123433932513,108.5512396561129,108.55103082144545,108.54705633492608,108.47672754311378,107.23866621775993,86.4547329646747,84.43963307291514,83.20640586189072,83.38075755693745,88.70511784674069
120.0,120.0,120.0,120.0,120.0,120.0,120.0,120.0,120.0,120.0,108.55120185015043,108.55120361857382,108.5512057051282,108.55121825772953,108.55122997027205,108.55123562147152,108.5510330890419,108.54705224301155,108.47672868611036,107.23866481517868,86.45473182892742,84.43963500015839,83.20640367399865,83.38075936898619,88.70511671636905
120.0,120.0,120.0,120.0,120.0,120.0,120.0,120.0,120.0,120.0,108.55118751313354,108.55119320489838,108.55120285886902,108.55120986837306,108.5512269530028,108.55123183222673,108.55102947801521,108.54705442598097,108.47672493279971,107.23866630547629,86.45472917932688,84.43963469025003,83.20640467087095,83.38075788132042,88.70511813903502
120.0,120.0,120.0,120.0,120.0,120.0,120.0,120.0,120.0,120.0,108.55122924753158,108.55122302212989,108.55122470812067,108.5512315605496,108.55123616136315,108.55124181536205,108.55103470945188,108.54705706663123,108.47673082342644,107.23866529466518,86.45473415375616,84.43963312927083,83.20640528232812,83.38075868915669,88.70511717793573
120.0,120.0,120.0,120.0,120.0,120.0,120.0,120.0,120.0,120.0,108.55122043176995,108.55121749156176,108.55121956487605,108.5512271335306,108.55123867269212,108.55123727769404,108.55103518399068,108.54705550261968,108.47672894393996,107.23866755273971,86.45472956921397,84.43963632123616,83.20640343487696,83.38075903807928,88.70511765892934
120.0,120.0,120.0,120.0,120.0,120.0,120.0,120.0,120.0,120.0,108.55121305480708,108.551208308867,108.55121464830124,108.55122226929774,108.55123433931058,108.55123965610485,108.55103082154078,108.54705633498048,108.47672754330408,107.23866621817196,86.45473296507211,84.43963307307202,83.20640586208722,83.38075755538871,88.70511784533565
120.0,120.0,120.0,120.0,120.0,120.0,120.0,120.0,120.0,120.0,108.55120184998309,108.55120361860772,108.55120570501384,108.55121825762288,108.55122997025016,108.55123562147242,108.55103308905362,108.54705224313696,108.47672868619298,107.23866481543322,86.45473182992296,84.43963500023554,83.20640367368621,83.38075936882582,88.70511671519921
120.0,120.0,120.0,120.0,120.0,120.0,120.0,120.0,120.0,120.0,108.55118751242352,108.5511932046544,108.55120285888479,108.5512098683122,108.55122695291023,108.55123183221441,108.5510294780304,108.54705442601306,108.47672493296106,107.2386663056159,86.45472918000205,84.43963469109467,83.20640467052228,83.38075788064307,88.70511813886583
120.0,120.0,120.0,120.0,120.0,120.0,120.0,120.0,120.0,120.0,108.55122924748557,108.55122302213552,108.55122470803562,108.5512315605475,108.55123616139937,108.55124181535199,108.55103470948627,108.54705706667853,108.47673082349574,107.23866529491951,86.4547341541699,84.43963312987498,83.2064052828448,83.38075868848529,88.70511717724571
120.0,120.0,120.0,120.0,120.0,120.0,120.0,120.0,120.0,120.0,108.55122043163601,108.55121749153642,108.5512195649068,108.55122713343638,108.55123867269606,108.5512372777394,108.55103518398762,108.5470555026693,108.47672894400193,107.23866755287271,86.4547295699219,84.43963632160963,83.2064034352335,83.38075903826285,88.70511765832813
120.0,120.0,120.0,120.0,120.0,120.0,120.0,120.0,120.0,120.0,108.55121305480677,108.55120830873007,108.55121464828584,108.55122226934526,108.55123433921771,108.5512396561131,108.55103082159233,108.54705633498536,108.47672754337361,107.23866621827497,86.45473296553926,84.43963307380787,83.2064058622785,83.38075755544787,88.70511784539538
120.0,120.0,120.0,120.0,120.0,120.0,120.0,120.0,120.0,120.0,108.55120184991902,108.55120361861339,108.55120570488211,108.55121825761135,108.55122997030901,108.55123562138724,108.55103308906588,108.5470522431937,108.47672868620928,107.23866481555902,86.45473183026074,84.43963500079172,83.206403674304,83.38075936879488,88.70511671510832
120.0,120.0,120.0,120.0,120.0,120.0,120.0,120.0,120.0,120.0,108.55118751219635,108.55119320456863,108.5512028588978,108.55120986818997,108.55122695289946,108.55123183228103,108.55102947795648,108.54705442603013,108.47672493302458,107.2386663056742,86.45472918042339,84.43963469149897,83.20640467103729,83.38075788106762,88.70511813875909
120.0,120.0,120.0,120.0,120.0,120.0,120.0,120.0,120.0,120.0,108.55122924753964,108.55122302214976,108.55122470805271,108.55123156061455,108.55123616133325,108.55124181537839,108.55103470958268,108.54705706663323,108.4767308235316,107.23866529501588,86.45473415444373,84.43963313040037,83.20640528322882,83.38075868886116,88.7051171775158
120.0,120.0,120.0,120.0,120.0,120.0,120.0,120.0,120.0,120.0,108.5512204317698,108.55121749160473,108.5512195649211,108.5512271334373,108.5512386727712,108.55123727767736,108.55103518400593,108.54705550276584,108.47672894396923,107.23866755293898,86.45472957020809,84.43963632200638,83.20640343577666,83.38075903855035,88.70511765854013
120.0,120.0,120.0,120.0,120.0,120.0,120.0,120.0,120.0,120.0,108.55121305480202,108.55120830881496,108.55121464836081,108.55122226935747,108.55123433920598,108.55123965619393,108.55103082153566,108.54705633499617,108.47672754347008,107.23866621827105,86.454732965784,84.43963307417293,83.20640586273412,83.38075755592583,88.7051178455699
120.0,120.0,120.0,120.0,120.0,120.0,120.0,120.0,120.0,120.0,108.5512018500174,108.55120361861353,108.55120570492764,108.55121825768744,108.55122997031842,108.55123562136556,108.55103308915038,108.54705224314353,108.4767286862158,107.2386648156677,86.45473183035553,84.43963500113883,83.20640367471118,83.38075936922235,88.70511671545019
120.0,120.0,120.0,120.0,120.0,120.0,120.0,120.0,120.0,120.0,108.55118751256452,108.55119320470318,108.55120285890496,108.55120986820474,108.55122695297302,108.55123183228746,108.55102947792692,108.54705442611673,108.47672493298255,107.23866630569569,86.45472918069677,84.43963469171507,83.20640467145246,83.38075788145393,88.7051181390565
120.0,120.0,120.0,120.0,120.0,120.0,120.0,120.0,120.0,120.0,108.55122924586117,108.55122302042761,108.55122470714565,108.55123155994885,108.55123616073556,108.55124181500699,108.55103470929602,108.54705706640308,108.47673082348712,107.23866529490807,86.45473415451492,84.4396331307014,83.20640528352482,83.38075868926887,88.70511717778544
120.0,120.0,120.0,120.0,120.0,120.0,120.0,120.0,120.0,120.0,108.5512204306817,108.55121749023888,108.55121956346109,108.55122713259725,108.55123867218451,108.5512372771672,108.55103518370454,108.5470555025277,108.47672894377695,107.23866755294425,86.45472957014763,84.43963632217874,83.20640343613552,83.38075903888362,88.70511765884223
120.0,120.0,120.0,120.0,120.0,120.0,120.0,120.0,120.0,120.0,108.55121305043996,108.55120830751342,108.55121464725782,108.55122226815368,108.55123433845942,108.55123965568953,108.5510308211118,108.54705633476821,108.47672754328447,107.2386662181347,86.45473296595651,84.43963307422177,83.20640586299666,83.38075755629777,88.70511784581835
120.0,120.0,120.0,120.0,120.0,120.0,120.0,120.0,120.0,120.0,108.55120184738465,108.55120361488395,108.55120570351856,108.55121825679154,108.55122996935121,108.551235620731,108.55103308873055,108.54705224280005,108.47672868605896,107.23866481553851,86.45473183028423,84.43963500137458,83.20640367486797,83.38075936952518,88.70511671573259
120.0,120.0,120.0,120.0,120.0,120.0,120.0,120.0,120.0,120.0,108.55118751195398,108.55119320288883,108.55120285581492,108.55120986678483,108.5512269522376,108.55123183152979,108.55102947741496,108.54705442578322,108.4767249327125,107.23866630561977,86.45472918062572,84.43963469175526,83.2064046717501,83.3807578816735,88.70511813928367
120.0,120.0,120.0,120.0,120.0,120.0,120.0,120.0,120.0,120.0,108.55122924744468,108.55122302171068,108.55122470843234,108.55123156048099,108.5512361613196,108.55124181559466,108.55103470961492,108.54705706666608,108.47673082365603,107.23866529496013,86.45473415475324,84.43963313080263,83.20640528372272,83.38075868962873,88.7051171779905
120.0,120.0,120.0,120.0,120.0,120.0,120.0,120.0,120.0,120.0,108.55122043194704,108.55121749135157,108.55121956430987,108.55122713401317,108.55123867269764,108.55123727765606,108.55103518424677,108.54705550281682,108.4767289440097,107.23866755308336,86.45472957021116,84.4396363224529,83.20640343630048,83.38075903912721,88.70511765913372
120.0,120.0,120.0,120.0,120.0,120.0,120.0,120.0,120.0,120.0,108.55121305470762,108.55120830896537,108.55121464805468,108.55122226866149,108.55123433986753,108.55123965616569,108.55103082150724,108.5470563352417,108.47672754352718,107.23866621833363,86.45473296613433,84.4396330743379,83.2064058633022,83.38075755650273,88.7051178460124
120.0,120.0,120.0,120.0,120.0,120.0,120.0,120.0,120.0,120.0,108.55120185008954,108.55120361846899,108.55120570507101,108.55121825739663,108.5512299695963,108.55123562204602,108.5510330891583,108.5470522431103,108.47672868645628,107.23866481572806,86.45473183057959,84.43963500155246,83.20640367503523,83.38075936983972,88.70511671590776
120.0,120.0,120.0,120.0,120.0,120.0,120.0,120.0,120.0,120.0,108.55118751301491,108.55119320480337,108.5512028586943,108.55120986835351,108.55122695273737,108.55123183157696,108.55102947858713,108.54705442615406,108.47672493294871,107.23866630594276,86.45472918085531,84.4396346920414,83.20640467194067,83.38075788186734,88.70511813953856
120.0,120.0,120.0,120.0,120.0,120.0,120.0,120.0,120.0,120.0,108.5512292476009,108.55122302214475,108.55122470809964,108.55123156035509,108.55123616142268,108.55124181521687,108.55103470887592,108.54705706719756,108.47673082366562,107.23866529496826,86.45473415508731,84.4396331309479,83.2064052839644,83.38075868980064,88.70511717812009
120.0,120.0,120.0,120.0,120.0,120.0,120.0,120.0,120.0,120.0,108.55122043201236,108.55121749163438,108.55121956489457,108.5512271334789,108.55123867242057,108.55123727778317,108.55103518393625,108.54705550210802,108.47672894448198,107.2386675531107,86.45472957027991,84.43963632273463,83.20640343645391,83.38075903936482,88.70511765927016
120.0,120.0,120.0,120.0,120.0,120.0,120.0,120.0,120.0,120.0,108.55121305474734,108.55120830902608,108.55121464835818,108.5512222693181,108.55123433924531,108.55123965576557,108.55103082165269,108.54705633501565,108.47672754287349,107.23866621877379,86.45473296622919,84.43963307444642,83.20640586354533,83.38075755665572,88.70511784619146
120.0,120.0,120.0,120.0,120.0,120.0,120.0,120.0,120.0,120.0,108.55120185012831,108.551203618563,108.55120570510422,108.55121825764762,108.5512299702698,108.55123562141135,108.55103308866197,108.54705224326487,108.47672868631409,107.23866481516315,86.45473183141675,84.43963500167784,83.20640367517107,83.380759370049,88.70511671601385
120.0,120.0,120.0,120.0,120.0,120.0,120.0,120.0,120.0,120.0,108.55118751308254,108.5511932048702,108.55120285885786,108.55120986834945,108.55122695289037,108.55123183222972,108.55102947798949,108.54705442558806,108.47672493310485,107.23866630584617,86.45472917995497,84.43963469273258,83.20640467208729,83.38075788200962,88.7051181396888
120.0,120.0,120.0,120.0,120.0,120.0,120.0,120.0,120.0,120.0,108.55122924574749,108.55122302081026,108.55122470705565,108.55123155977526,108.55123616080208,108.55124181482962,108.55103470918412,108.54705706646384,108.47673082292329,107.23866529507393,86.454734154876,84.43963313032484,83.20640528450198,83.38075868993752,88.70511717820746
120.0,120.0,120.0,120.0,120.0,120.0,120.0,120.0,120.0,120.0,108.55122042930554,108.55121748992678,108.5512195637061,108.55122713259982,108.55123867201722,108.55123727721485,108.5510351834907,108.54705550241144,108.47672894387296,107.2386675523648,86.45472957068544,84.43963632263312,83.20640343607282,83.38075903978512,88.70511765936912
120.0,120.0,120.0,120.0,120.0,120.0,120.0,120.0,120.0,120.0,108.55121305230394,108.5512083067632,108.5512146468403,108.55122226827946,108.55123433851143,108.55123965553442,108.55103082115353,108.54705633451867,108.47672754316429,107.23866621824156,86.45473296486112,84.4396330749024,83.20640586355483,83.38075755642826,88.7051178464835
120.0,120.0,120.0,120.0,120.0,120.0,120.0,120.0,120.0,120.0,108.55120184694881,108.55120361638204,108.55120570324962,108.55121825634848,108.55122996938113,108.55123562079667,108.5510330885862,108.5470522428478,108.4767286857768,107.23866481544901,86.45473183047044,84.43963500057637,83.20640367564523,83.38075937013606,88.70511671582783
120.0,120.0,120.0,120.0,120.0,120.0,120.0,120.0,120.0,120.0,108.55118750763044,108.55119320173144,108.5512028569333,108.55120986685759,108.55122695182727,108.55123183149202,108.5510294774682,108.54705442564313,108.476724932773,107.23866630526805,86.45472918058817,84.43963469197064,83.20640467127953,83.38075788245948,88.705118139809
120.0,120.0,120.0,120.0,120.0,120.0,120.0,120.0,120.0,120.0,108.55122924742618,108.5512230220294,108.55122470793863,108.55123156059828,108.55123616157613,108.5512418154593,108.5510347095915,108.54705706667954,108.4767308235261,107.23866529503202,86.45473415394099,84.43963313094103,83.20640528403203,83.38075868940828,88.70511717858507
120.0,120.0,120.0,120.0,120.0,120.0,120.0,120.0,120.0,120.0,108.55122043169105,108.55121749151223,108.55121956486165,108.55122713335491,108.5512386727953,108.55123727794603,108.55103518410935,108.5470555027915,108.47672894399848,107.23866755294854,86.45472957028133,84.43963632172986,83.2064034366053,83.38075903952539,88.70511765898034
120.0,120.0,120.0,120.0,120.0,120.0,120.0,120.0,120.0,120.0,108.55121305475811,108.55120830853585,108.55121464827924,108.55122226934957,108.55123433915381,108.55123965623389,108.55103082180145,108.54705633510524,108.47672754350377,107.23866621825684,86.4547329658912,84.43963307437458,83.20640586276336,83.38075755691058,88.70511784640772
120.0,120.0,120.0,120.0,120.0,120.0,120.0,120.0,120.0,120.0,108.55120185010222,108.55120361858722,108.55120570453995,108.5512182576116,108.55122997035511,108.55123562134403,108.55103308919426,108.54705224339035,108.47672868632117,107.23866481570208,86.4547318302632,84.43963500139519,83.20640367510829,83.38075936948786,88.70511671623369
120.0,120.0,120.0,120.0,120.0,120.0,120.0,120.0,120.0,120.0,108.55118751302194,108.55119320481299,108.55120285890214,108.55120986777209,108.55122695289981,108.55123183236117,108.55102947793524,108.54705442615948,108.47672493320121,107.23866630579913,86.45472918076479,84.43963469165806,83.20640467189695,83.38075788201441,88.70511813929667
120.0,120.0,120.0,120.0,120.0,120.0,120.0,120.0,120.0,120.0,108.55122924749536,108.55122302197853,108.55122470799849,108.55123156059825,108.5512361607825,108.55124181527114,108.55103470962968,108.54705706659843,108.47673082363447,107.23866529516135,86.45473415477507,84.4396331308291,83.20640528360076,83.38075868985659,88.70511717830829
120.0,120.0,120.0,120.0,120.0,120.0,120.0,120.0,120.0,120.0,108.55122043178939,108.55121749154867,108.55121956469104,108.55122713336715,108.5512386727678,108.551237277165,108.55103518391626,108.54705550283798,108.47672894396057,107.23866755306831,86.45472957052594,84.43963632245602,83.20640343634535,83.38075903907286,88.70511765932731
120.0,120.0,120.0,120.0,120.0,120.0,120.0,120.0,120.0,120.0,108.55121305461823,108.55120830884279,108.55121464830783,108.55122226908189,108.55123433911119,108.55123965620706,108.55103082107735,108.54705633492483,108.47672754356246,107.23866621830713,86.45473296613122,84.43963307452685,83.20640586332642,83.38075755659455,88.70511784598686
120.0,120.0,120.0,120.0,120.0,120.0,120.0,120.0,120.0,120.0,108.55120184993037,108.55120361843815,108.5512057049492,108.5512182576459,108.55122997001068,108.5512356212444,108.55103308918133,108.5470522427465,108.47672868616426,107.2386648157918,86.45473183056033,84.43963500154669,83.2064036751426,83.38075936989961,88.70511671600734
120.0,120.0,120.0,120.0,120.0,120.0,120.0,120.0,120.0,120.0,108.55118751258883,108.55119320465485,108.55120285873312,108.55120986820995,108.55122695294699,108.55123183196088,108.55102947778207,108.54705442616519,108.47672493264909,107.23866630568544,86.4547291810388,84.43963469203948,83.20640467193148,83.38075788193483,88.70511813958768
120.0,120.0,120.0,120.0,120.0,120.0,120.0,120.0,120.0,120.0,108.55122924722292,108.55122302197859,108.55122470790336,108.55123156037008,108.55123616121901,108.5512418153563,108.55103470920089,108.54705706640202,108.47673082366204,107.23866529470705,86.4547341546643,84.43963313113224,83.20640528397331,83.38075868979541,88.70511717816237
120.0,120.0,120.0,120.0,120.0,120.0,120.0,120.0,120.0,120.0,108.55122043109809,108.55121749125237,108.55121956473346,108.55122713335105,108.55123867252445,108.55123727753575,108.55103518401249,108.54705550239571,108.47672894373025,107.23866755310152,86.4547295698263,84.43963632244402,83.20640343661987,83.38075903938203,88.70511765925822
120.0,120.0,120.0,120.0,120.0,120.0,120.0,120.0,120.0,120.0,108.55121305472258,108.55120830833815,108.5512146480036,108.55122226915988,108.55123433916776,108.55123965595038,108.55103082136732,108.54705633502948,108.47672754312225,107.23866621805698,86.45473296621707,84.43963307412116,83.20640586335966,83.3807575567932,88.70511784620587
120.0,120.0,120.0,120.0,120.0,120.0,120.0,120.0,120.0,120.0,108.55120184945534,108.55120361851428,108.55120570461136,108.5512182573484,108.55122997011442,108.55123562136338,108.55103308891458,108.5470522429503,108.4767286862726,107.23866481532272,86.45473183008671,84.43963500168906,83.20640367496657,83.38075936993145,88.70511671611405
120.0,120.0,120.0,120.0,120.0,120.0,120.0,120.0,120.0,120.0,108.55118751088854,108.55119320400786,108.55120285877783,108.55120986801535,108.55122695266782,108.55123183207981,108.55102947795149,108.54705442589224,108.47672493276883,107.238666305773,86.45472918004737,84.43963469168439,83.20640467213721,83.38075788189748,88.70511813959989
120.0,120.0,120.0,120.0,120.0,120.0,120.0,120.0,120.0,120.0,108.55122924753718,108.55122302218047,108.55122470797163,108.55123156062302,108.55123616141802,108.55124181535513,108.5510347094804,108.54705706670474,108.47673082345172,107.23866529478944,86.45473415478371,84.43963313029904,83.20640528376204,83.38075869003552,88.70511717817335
120.0,120.0,120.0,120.0,120.0,120.0,120.0,120.0,120.0,120.0,108.551220431777,108.55121749163784,108.55121956499548,108.55122713333168,108.5512386727735,108.55123727777222,108.55103518398796,108.54705550264553,108.47672894403959,107.23866755283139,86.45472956982668,84.4396363224969,83.20640343599314,83.38075903927363,88.70511765947313
120.0,120.0,120.0,120.0,120.0,120.0,120.0,120.0,120.0,120.0,108.55121305477941,108.55120830874871,108.55121464840653,108.55122226946044,108.55123433909345,108.55123965618326,108.5510308216314,108.54705633498283,108.47672754333107,107.23866621834593,86.45473296551029,84.43963307401208,83.2064058634146,83.38075755637122,88.70511784613556
120.0,120.0,120.0,120.0,120.0,120.0,120.0,120.0,120.0,120.0,108.55120185006066,108.55120361860865,108.55120570481532,108.55121825773045,108.5512299704392,108.5512356212579,108.55103308912337,108.54705224323422,108.47672868620458,107.23866481550405,86.45473183052931,84.43963500095057,83.20640367482144,83.38075937002768,88.70511671585444
120.0,120.0,120.0,120.0,120.0,120.0,120.0,120.0,120.0,120.0,108.55118751278553,108.55119320476912,108.55120285892271,108.55120986806664,108.55122695300363,108.55123183241771,108.55102947783134,108.54705442607201,108.47672493306494,107.23866630566214,86.45472918035665,84.43963469194827,83.20640467144474,83.38075788176651,88.70511813973482
120.0,120.0,120.0,120.0,120.0,120.0,120.0,120.0,120.0,120.0,108.55122924748069,108.55122302208375,108.55122470803812,108.5512315606139,108.55123616109478,108.55124181538358,108.55103470967362,108.54705706649034,108.47673082353728,107.23866529505317,86.45473415441299,84.43963313048029,83.20640528388465,83.38075868944519,88.70511717805856
120.0,120.0,120.0,120.0,120.0,120.0,120.0,120.0,120.0,120.0,108.55122043160907,108.55121749152072,108.55121956481703,108.55122713343854,108.55123867279076,108.55123727744161,108.55103518400152,108.54705550285829,108.47672894384353,107.23866755293672,86.45472957034379,84.43963632206493,83.20640343606173,83.38075903934026,88.70511765904467
120.0,120.0,120.0,120.0,120.0,120.0,120.0,120.0,120.0,120.0,108.55121305483705,108.55120830873156,108.5512146482723,108.55122226922418,108.55123433921023,108.55123965623524,108.55103082131191,108.5470563349818,108.47672754356202,107.23866621816035,86.45473296579856,84.4396330744014,83.20640586294405,83.38075755635938,88.70511784622131
120.0,120.0,120.0,120.0,120.0,120.0,120.0,120.0,120.0,120.0,108.55120184988925,108.55120361862627,108.5512057048995,108.55121825760955,108.5512299701642,108.55123562136399,108.55103308921208,108.54705224293762,108.4767286861924,107.23866481575887,86.45473183017383,84.43963500121788,83.20640367506941,83.38075936956196,88.70511671580094
120.0,120.0,120.0,120.0,120.0,120.0,120.0,120.0,120.0,120.0,108.55118751206506,108.55119320452431,108.55120285889063,108.55120986821248,108.55122695291568,108.55123183212076,108.55102947791401,108.54705442619556,108.47672493279734,107.23866630567267,86.45472918088709,84.43963469162549,83.20640467163912,83.38075788191152,88.70511813936064
120.0,120.0,120.0,120.0,120.0,120.0,120.0,120.0,120.0,120.0,108.55122924610588,108.55122302088299,108.55122470720121,108.55123155997663,108.55123616089561,108.55124181509063,108.5510347091882,108.54705706641506,108.47673082360805,107.23866529475293,86.45473415451121,84.4396331309148,83.2064052835618,83.38075868954475,88.70511717817308
120.0,120.0,120.0,120.0,120.0,120.0,120.0,120.0,120.0,120.0,108.55122043022396,108.55121749036132,108.55121956384573,108.55122713267468,108.55123867219615,108.55123727729752,108.5510351837936,108.54705550241441,108.4767289437678,107.23866755306315,86.45472956984166,84.43963632222088,83.20640343639859,83.38075903902498,88.70511765906738
120.0,120.0,120.0,120.0,120.0,120.0,120.0,120.0,120.0,120.0,108.55121305188682,108.55120830732326,108.55121464729284,108.5512222684644,108.55123433854976,108.55123965568681,108.5510308212099,108.54705633486027,108.47672754316812,107.23866621811362,86.45473296617239,84.43963307399856,83.20640586310476,83.38075755660525,88.70511784595732
120.0,120.0,120.0,120.0,120.0,120.0,120.0,120.0,120.0,120.0,108.55120184772774,108.55120361610805,108.5512057035333,108.55121825677462,108.55122996959153,108.5512356208251,108.5510330887147,108.54705224286633,108.47672868615203,107.23866481540419,86.45473183024157,84.43963500157865,83.20640367475018,83.38075936968542,88.70511671599438
120.0,120.0,120.0,120.0,120.0,120.0,120.0,120.0,120.0,120.0,108.55118751017555,108.55119320276974,108.55120285680525,108.55120986694176,108.55122695219754,108.55123183170807,108.55102947750525,108.54705442575464,108.47672493274938,107.23866630570971,86.45472918030671,84.43963469174645,83.20640467196624,83.38075788164952,88.70511813941066
120.0,120.0,120.0,120.0,120.0,120.0,120.0,120.0,120.0,120.0,108.551229246678,108.55122302149204,108.55122470764981,108.55123156021118,108.5512361610998,108.55124181533998,108.55103470953162,108.54705706657947,108.47673082351614,107.23866529491988,86.45473415486471,84.43963313050276,83.20640528374693,83.38075868985233,88.70511717798922
120.0,120.0,120.0,120.0,120.0,120.0,120.0,120.0,120.0,120.0,108.55122043010783,108.5512174906716,108.55121956421024,108.55122713322727,108.55123867247451,108.55123727748416,108.55103518400851,108.5470555027453,108.47672894395465,107.2386675529407,86.45472957016676,84.4396363225577,83.20640343607784,83.38075903919034,88.70511765932828
120.0,120.0,120.0,120.0,120.0,120.0,120.0,120.0,120.0,120.0,108.55121305446924,108.55120830747889,108.55121464744379,108.55122226863743,108.55123433912574,108.55123965598969,108.55103082138099,108.54705633502599,108.47672754346766,107.23866621830929,86.45473296585563,84.439633074307,83.2064058634169,83.38075755635958,88.70511784605553
120.0,120.0,120.0,120.0,120.0,120.0,120.0,120.0,120.0,120.0,108.55120184869938,108.5512036182472,108.55120570389576,108.5512182568523,108.55122996962224,108.55123562137118,108.55103308902623,108.54705224302784,108.47672868626546,107.23866481568535,86.45473183059413,84.4396350012865,83.20640367502985,83.38075936997106,88.70511671581565
120.0,120.0,120.0,120.0,120.0,120.0,120.0,120.0,120.0,120.0,108.55118750888103,108.55119320310216,108.55120285848562,108.55120986743756,108.55122695226336,108.55123183164105,108.55102947798838,108.54705442606004,108.47672493290698,107.23866630577095,86.45472918084062,84.4396346920598,83.2064046717144,83.38075788188429,88.70511813966307
120.0,120.0,120.0,120.0,120.0,120.0,120.0,120.0,120.0,120.0,108.55122924751859,108.55122302216913,108.55122470779239,108.55123156057653,108.55123616127287,108.5512418153282,108.55103470927936,108.54705706686174,108.47673082373606,107.2386652950444,86.45473415485691,84.43963313097039,83.20640528401083,83.38075868963683,88.70511717813517
120.0,120.0,120.0,120.0,120.0,120.0,120.0,120.0,120.0,120.0,108.55122043172977,108.55121749166462,108.55121956501779,108.55122713310828,108.551238672715,108.55123727766242,108.55103518401596,108.54705550250088,108.47672894418686,107.23866755317687,86.45472957041336,84.43963632252012,83.2064034364791,83.38075903942365,88.70511765915657
120.0,120.0,120.0,120.0,120.0,120.0,120.0,120.0,120.0,120.0,108.55121305477239,108.5512083086033,108.55121464844775,108.55122226949787,108.55123433885427,108.55123965610989,108.55103082154815,108.54705633506012,108.47672754324589,107.2386662185056,86.45473296636345,84.43963307454322,83.20640586335719,83.3807575566828,88.70511784625889
120.0,120.0,120.0,120.0,120.0,120.0,120.0,120.0,120.0,120.0,108.55120185010419,108.55120361861549,108.55120570460717,108.5512182577658,108.55122997048085,108.55123562102452,108.55103308903873,108.5470522431711,108.47672868632647,107.23866481550179,86.45473183092692,84.43963500178694,83.20640367524001,83.3807593698936,88.70511671602969
120.0,120.0,120.0,120.0,120.0,120.0,120.0,120.0,120.0,120.0,108.55118751296924,108.55119320482564,108.55120285894768,108.55120986782096,108.55122695302072,108.55123183245689,108.55102947761914,108.54705442598336,108.47672493301917,107.238666305857,86.45472918053629,84.4396346923415,83.20640467216869,83.38075788206534,88.70511813957475
120.0,120.0,120.0,120.0,120.0,120.0,120.0,120.0,120.0,120.0,108.55122924736563,108.55122302195724,108.55122470796114,108.55123156059962,108.55123616077374,108.55124181532983,108.55103470967639,108.54705706629045,108.47673082344089,107.2386652950438,86.45473415498435,84.4396331307799,83.20640528421137,83.38075869000433,88.70511717827272
120.0,120.0,120.0,120.0,120.0,120.0,120.0,120.0,120.0,120.0,108.55122043145666,108.55121749141263,108.55121956467052,108.55122713336137,108.55123867279542,108.55123727712643,108.55103518393096,108.54705550285695,108.47672894368618,107.23866755286245,86.45472957049304,84.43963632273797,83.20640343639924,83.38075903956003,88.70511765941036
120.0,120.0,120.0,120.0,120.0,120.0,120.0,120.0,120.0,120.0,108.55121305468957,108.5512083086106,108.5512146481787,108.55122226906094,108.55123433912729,108.5512396562572,108.55103082101209,108.54705633489685,108.47672754355729,107.23866621806457,86.45473296574418,84.43963307469255,83.20640586363538,83.38075755666517,88.70511784632059
120.0,120.0,120.0,120.0,120.0,120.0,120.0,120.0,120.0,120.0,108.55120184967589,108.55120361848385,108.55120570480153,108.55121825753528,108.55122996998848,108.55123562127145,108.5510330892479,108.54705224266,108.47672868609753,107.23866481575811,86.45473183014629,84.43963500129833,83.20640367543635,83.38075937018546,88.705116716022
120.0,120.0,120.0,120.0,120.0,120.0,120.0,120.0,120.0,120.0,108.55118751174592,108.5511932043203,108.55120285875206,108.55120986812943,108.55122695286343,108.55123183193759,108.55102947780973,108.547054426241,108.47672493254701,107.23866630557228,86.45472918094494,84.43963469178684,83.20640467183215,83.38075788226641,88.70511813981642
120.0,120.0,120.0,120.0,120.0,120.0,120.0,120.0,120.0,120.0,108.55122924748302,108.5512230221413,108.55122470801011,108.55123156052683,108.55123616135127,108.5512418154516,108.55103470927112,108.54705706647971,108.47673082377929,107.238665294597,86.45473415438279,84.43963313109865,83.20640528389166,83.38075868979672,88.70511717841818
120.0,120.0,120.0,120.0,120.0,120.0,120.0,120.0,120.0,120.0,108.55122043164312,108.55121749154546,108.55121956492694,108.55122713340698,108.55123867266722,108.55123727767042,108.55103518411006,108.5470555024513,108.47672894378239,107.2386675531933,86.4547295694995,84.43963632217296,83.20640343667898,83.38075903942321,88.70511765927041
120.0,120.0,120.0,120.0,120.0,120.0,120.0,120.0,120.0,120.0,108.55121305480385,108.55120830870119,108.55121464829773,108.55122226936989,108.55123433919253,108.55123965607422,108.55103082149547,108.5470563351277,108.47672754316103,107.23866621807493,86.45473296631316,84.43963307379035,83.20640586316077,83.38075755693143,88.70511784628862
120.0,120.0,120.0,120.0,120.0,120.0,120.0,120.0,120.0,120.0,108.55120184994638,108.55120361861589,108.5512057048314,108.55121825762048,108.5512299703305,108.55123562137175,108.55103308901786,108.54705224306524,108.47672868636901,107.23866481532878,86.45473183004037,84.43963500171895,83.2064036746975,83.38075936981824,88.70511671625327
120.0,120.0,120.0,120.0,120.0,120.0,120.0,120.0,120.0,120.0,108.55118751231156,108.55119320460491,108.55120285890719,108.55120986812798,108.55122695290255,108.5512318322928,108.55102947795369,108.54705442597565,108.47672493286589,107.23866630586481,86.45472917995727,84.4396346915812,83.20640467214862,83.38075788172164,88.70511813953246
120.0,120.0,120.0,120.0,120.0,120.0,120.0,120.0,120.0,120.0,108.55122924664622,108.55122302164986,108.55122470747979,108.55123156019822,108.55123616098388,108.55124181516832,108.55103470942719,108.5470570665404,108.47673082340512,107.23866529480065,86.45473415488134,84.43963313011605,83.20640528362118,83.38075869005534,88.70511717806917
120.0,120.0,120.0,120.0,120.0,120.0,120.0,120.0,120.0,120.0,108.5512204299608,108.55121749069714,108.5512195644335,108.55122713296933,108.55123867241605,108.55123727736466,108.55103518382356,108.54705550262064,108.47672894391326,107.23866755279747,86.45472956988289,84.43963632254692,83.20640343578417,83.38075903914608,88.70511765951012
120.0,120.0,120.0,120.0,120.0,120.0,120.0,120.0,120.0,120.0,108.55121305434126,108.55120830744164,108.55121464749168,108.55122226888889,108.55123433882719,108.55123965590418,108.55103082126828,108.54705633484265,108.47672754333207,107.23866621826485,86.45473296548124,84.43963307402983,83.2064058634224,83.38075755617612,88.70511784603165
120.0,120.0,120.0,120.0,120.0,120.0,120.0,120.0,120.0,120.0,108.55120184843565,108.55120361815247,108.55120570392126,108.55121825689837,108.55122996987669,108.55123562106007,108.55103308892373,108.54705224292609,108.4767286860896,107.23866481553416,86.45473183047477,84.43963500089173,83.20640367479832,83.38075937001645,88.70511671571087
120.0,120.0,120.0,120.0,120.0,120.0,120.0,120.0,120.0,120.0,108.55118750832375,108.55119320284315,108.55120285842963,108.5512098674936,108.55122695229304,108.55123183188319,108.5510294776815,108.54705442594611,108.47672493281641,107.23866630558211,86.45472918050416,84.43963469191897,83.20640467135345,83.38075788171514,88.70511813972927
120.0,120.0,120.0,120.0,120.0,120.0,120.0,120.0,120.0,120.0,108.55122924751728,108.5512230222035,108.5512247078306,108.55123156069187,108.55123616145583,108.55124181542949,108.55103470956327,108.54705706660899,108.47673082364057,107.23866529496678,86.45473415443183,84.4396331306447,83.20640528388004,83.38075868934914,88.70511717801368
120.0,120.0,120.0,120.0,120.0,120.0,120.0,120.0,120.0,120.0,108.5512204317401,108.55121749167893,108.55121956508336,108.55122713315822,108.5512386728631,108.55123727782106,108.55103518407279,108.54705550275006,108.47672894394373,107.23866755305112,86.45472957020198,84.43963632208715,83.20640343618274,83.38075903932656,88.7051176589642
120.0,120.0,120.0,120.0,120.0,120.0,120.0,120.0,120.0,120.0,108.55121305476233,108.55120830858723,108.55121464847448,108.5512222695888,108.55123433891353,108.55123965628319,108.55103082167784,108.5470563350728,108.47672754345716,107.23866621824656,86.45473296603568,84.43963307430822,83.20640586295119,83.38075755643595,88.70511784621306
120.0,120.0,120.0,120.0,120.0,120.0,120.0,120.0,120.0,120.0,108.55120185012298,108.55120361861543,108.55120570457898,108.55121825780388,108.55122997059166,108.55123562108804,108.5510330892292,108.54705224327137,108.47672868629813,107.23866481565425,86.45473183033839,84.43963500143654,83.20640367500697,83.3807593695477,88.70511671584951
120.0,120.0,120.0,120.0,120.0,120.0,120.0,120.0,120.0,120.0,108.55118751307238,108.5511932048559,108.55120285896064,108.55120986779097,108.55122695307014,108.5512318325824,108.5510294776807,108.54705442618281,108.47672493309018,107.23866630578891,86.45472918068084,84.43963469176727,83.2064046718268,83.38075788186562,88.7051181393362
120.0,120.0,120.0,120.0,120.0,120.0,120.0,120.0,120.0,120.0,108.55122924761717,108.55122302206273,108.55122470812559,108.55123156074889,108.5512361608144,108.55124181543367,108.55103470984682,108.54705706636885,108.47673082365638,107.23866529506859,86.45473415477267,84.4396331307701,83.20640528368449,83.38075868970306,88.70511717814908
120.0,120.0,120.0,120.0,120.0,120.0,120.0,120.0,120.0,120.0,108.55122043200726,108.55121749167122,108.55121956476822,108.55122713349536,108.5512386729395,108.55123727717098,108.55103518403989,108.54705550302529,108.47672894374602,107.23866755307233,86.45472957037337,84.43963632245644,83.206403436287,83.38075903911023,88.70511765919146
120.0,120.0,120.0,120.0,120.0,120.0,120.0,120.0,120.0,120.0,108.55121305474142,108.55120830902428,108.55121464843107,108.55122226915178,108.55123433923515,108.55123965639517,108.55103082105913,108.54705633501021,108.47672754371892,107.23866621810748,86.45473296609957,84.43963307443259,83.20640586330902,83.38075755651883,88.7051178460051
120.0,120.0,120.0,120.0,120.0,120.0,120.0,120.0,120.0,120.0,108.5512018501277,108.55120361854803,108.55120570509925,108.55121825777029,108.55122997007287,108.55123562135857,108.55103308937997,108.54705224270722,108.47672868621481,107.23866481590362,86.45473183018836,84.43963500150583,83.20640367508595,83.3807593698585,88.70511671593063
120.0,120.0,120.0,120.0,120.0,120.0,120.0,120.0,120.0,120.0,108.55118751305534,108.55119320487314,108.5512028588317,108.55120986833366,108.55122695307321,108.55123183201484,108.55102947788137,108.5470544263681,108.4767249325924,107.23866630571024,86.45472918115746,84.43963469175152,83.20640467189072,83.38075788189582,88.70511813955508
120.0,120.0,120.0,120.0,120.0,120.0,120.0,120.0,120.0,120.0,108.55122924718128,108.55122302199422,108.55122470787448,108.5512315603214,108.5512361612105,108.55124181539895,108.55103470918763,108.54705706644368,108.47673082383668,107.23866529460629,86.45473415465966,84.43963313117156,83.20640528375574,83.38075868975339,88.7051171781335
120.0,120.0,120.0,120.0,120.0,120.0,120.0,120.0,120.0,120.0,108.55122043080385,108.55121749117029,108.55121956473094,108.55122713334838,108.55123867247875,108.55123727752644,108.55103518407323,108.54705550238414,108.47672894375931,107.23866755327353,86.45472956957326,84.43963632240613,83.2064034366244,83.38075903922383,88.70511765922812
120.0,120.0,120.0,120.0,120.0,120.0,120.0,120.0,120.0,120.0,108.551213054896,108.551208308165,108.55121464790133,108.55122226914239,108.5512343391848,108.55123965591228,108.55103082135899,108.547056335108,108.47672754311219,107.23866621808584,86.45473296652244,84.43963307385707,83.20640586330214,83.38075755678793,88.705117846098
120.0,120.0,120.0,120.0,120.0,120.0,120.0,120.0,120.0,120.0,108.55120184937338,108.5512036186601,108.55120570453225,108.55121825724254,108.55122997008526,108.55123562139491,108.5510330888864,108.54705224294322,108.4767286863673,107.23866481530503,86.45473183016156,84.43963500189912,83.20640367471626,83.38075936986988,88.70511671612255
120.0,120.0,120.0,120.0,120.0,120.0,120.0,120.0,120.0,120.0,108.55118750998405,108.55119320379167,108.55120285888701,108.55120986800559,108.55122695257073,108.5512318320429,108.55102947799385,108.54705442587473,108.47672493276347,107.23866630589109,86.4547291799845,84.43963469173462,83.20640467226379,83.38075788168025,88.70511813954624
120.0,120.0,120.0,120.0,120.0,120.0,120.0,120.0,120.0,120.0,108.55122924757079,108.55122302223447,108.55122470792008,108.55123156066621,108.55123616151793,108.55124181534975,108.55103470947586,108.54705706677407,108.47673082345963,107.23866529480836,86.45473415505944,84.43963313020618,83.20640528377727,83.38075869011023,88.7051171780129
120.0,120.0,120.0,120.0,120.0,120.0,120.0,120.0,120.0,120.0,108.55122043183702,108.5512174917168,108.55121956508616,108.55122713325005,108.55123867281236,108.55123727787782,108.55103518398508,108.5470555026379,108.4767289441144,107.23866755284094,86.45472956990356,84.43963632273481,83.20640343587122,83.38075903925606,88.70511765953573
120.0,120.0,120.0,120.0,120.0,120.0,120.0,120.0,120.0,120.0,108.55121305476304,108.5512083087406,108.55121464850333,108.55122226957613,108.55123433900059,108.55123965621355,108.55103082173687,108.54705633498374,108.47672754332157,107.23866621843602,86.45473296552696,84.43963307409976,83.20640586359362,83.38075755623575,88.7051178460985
120.0,120.0,120.0,120.0,120.0,120.0,120.0,120.0,120.0,120.0,108.55120185012998,108.55120361861037,108.55120570476015,108.55121825782653,108.55122997057117,108.55123562116613,108.55103308914336,108.54705224333622,108.47672868620988,107.23866481550269,86.45473183074223,84.43963500095809,83.20640367489334,83.38075937015233,88.70511671574296
120.0,120.0,120.0,120.0,120.0,120.0,120.0,120.0,120.0,120.0,108.55118751307877,108.55119320487107,108.55120285894782,108.55120986798123,108.55122695308727,108.55123183255884,108.55102947774814,108.54705442608177,108.47672493316261,107.23866630567144,86.45472918039093,84.43963469215552,83.20640467143383,83.38075788180777,88.70511813982802
120.0,120.0,120.0,120.0,120.0,120.0,120.0,120.0,120.0,120.0,108.55122924746846,108.55122302204151,108.55122470804574,108.55123156064732,108.55123616095736,108.5512418154132,108.5510347097981,108.54705706640831,108.47673082353006,107.2386652951499,86.4547341544356,84.43963313054246,83.2064052840636,83.38075868941338,88.7051171780656
120.0,120.0,120.0,120.0,120.0,120.0,120.0,120.0,120.0,120.0,108.55122043158354,108.55121749150108,108.5512195647575,108.55122713345206,108.55123867284145,108.55123727730775,108.55103518401741,108.547055502984,108.47672894377797,107.23866755293339,86.45472957056056,84.43963632209721,83.20640343613371,83.38075903948297,88.70511765901152
120.0,120.0,120.0,120.0,120.0,120.0,120.0,120.0,120.0,120.0,108.55121305480644,108.5512083087239,108.55121464825399,108.5512222691517,108.55123433922294,108.55123965630317,108.55103082118764,108.54705633498399,108.47672754368656,107.23866621811055,86.4547329658229,84.43963307460997,83.20640586297822,83.38075755642033,88.70511784632666
120.0,120.0,120.0,120.0,120.0,120.0,120.0,120.0,120.0,120.0,108.55120184986477,108.55120361859613,108.55120570490313,108.55121825759875,108.55122997008297,108.55123562137113,108.55103308929546,108.54705224282695,108.47672868618308,107.23866481588787,86.45473183010567,84.43963500126821,83.20640367525851,83.38075936958893,88.70511671583156
120.0,120.0,120.0,120.0,120.0,120.0,120.0,120.0,120.0,120.0,108.55118751196747,108.55119320449387,108.55120285885833,108.55120986822212,108.55122695291652,108.55123183203506,108.55102947791246,108.54705442629151,108.47672493270252,107.23866630566422,86.45472918115902,84.43963469159712,83.206404671704,83.38075788207212,88.70511813937809
120.0,120.0,120.0,120.0,120.0,120.0,120.0,120.0,120.0,120.0,108.55122924614268,108.55122302129534,108.5512247072387,108.55123155995231,108.55123616097606,108.55124181516265,108.55103470912971,108.54705706641991,108.47673082372752,107.23866529467834,86.45473415453021,84.43963313117005,83.2064052835659,83.38075868960819,88.70511717829316
120.0,120.0,120.0,120.0,120.0,120.0,120.0,120.0,120.0,120.0,108.55122042957044,108.55121749028439,108.55121956414894,108.5512271327559,108.55123867217466,108.55123727735334,108.55103518386994,108.54705550235701,108.47672894375962,107.23866755319116,86.45472956970397,84.43963632226537,83.20640343662855,83.38075903904458,88.70511765910332
120.0,120.0,120.0,120.0,120.0,120.0,120.0,120.0,120.0,120.0,108.5512130534863,108.5512083070459,108.55121464715178,108.55122226866904,108.55123433865411,108.55123965567024,108.55103082124414,108.54705633493904,108.47672754311287,107.23866621810323,86.45473296643975,84.43963307390483,83.20640586316561,83.38075755680384,88.70511784597589
120.0,120.0,120.0,120.0,120.0,120.0,120.0,120.0,120.0,120.0,108.55120184753419,108.55120361738227,108.55120570353822,108.55121825661456,108.55122996971313,108.55123562093539,108.5510330887026,108.54705224288247,108.47672868623269,107.23866481534318,86.45473183024146,84.43963500183266,83.2064036746987,83.38075936974664,88.70511671614605
120.0,120.0,120.0,120.0,120.0,120.0,120.0,120.0,120.0,120.0,108.5511875079158,108.55119320213866,108.55120285776017,108.55120986713801,108.55122695205189,108.55123183176563,108.5510294776093,108.54705442574455,108.47672493275115,107.23866630579731,86.45472918016556,84.43963469177629,83.20640467220146,83.38075788162844,88.70511813944331
120.0,120.0,120.0,120.0,120.0,120.0,120.0,120.0,120.0,120.0,108.55122924566875,108.55122302068983,108.55122470680456,108.55123155990235,108.5512361608977,108.55124181503075,108.55103470936002,108.54705706651029,108.47673082340846,107.23866529486371,86.45473415501407,84.43963313036723,83.20640528378635,83.38075869005452,88.70511717797334
120.0,120.0,120.0,120.0,120.0,120.0,120.0,120.0,120.0,120.0,108.55122042949523,108.5512174899734,108.55121956374713,108.55122713229422,108.55123867219011,108.55123727736238,108.55103518373778,108.54705550259061,108.47672894391329,107.23866755284774,86.45472957012574,84.43963632271533,83.2064034359831,83.38075903923762,88.70511765948655
120.0,120.0,120.0,120.0,120.0,120.0,120.0,120.0,120.0,120.0,108.55121305175116,108.55120830657269,108.55121464694703,108.55122226843312,108.55123433820017,108.5512396557289,108.55103082132092,108.54705633480079,108.47672754333493,107.23866621830184,86.45473296571963,84.43963307429904,83.2064058635785,83.38075755629994,88.70511784607532
120.0,120.0,120.0,120.0,120.0,120.0,120.0,120.0,120.0,120.0,108.55120184712496,108.55120361597015,108.55120570281335,108.55121825647018,108.551229969613,108.55123562051408,108.55103308879035,108.5470522430146,108.47672868608636,107.23866481558385,86.45473183067361,84.4396350011709,83.20640367505162,83.38075937012863,88.70511671577587
120.0,120.0,120.0,120.0,120.0,120.0,120.0,120.0,120.0,120.0,108.5511875090817,108.55119320211496,108.55120285667624,108.55120986627936,108.55122695193552,108.55123183177477,108.55102947723566,108.54705442585207,108.47672493292944,107.23866630563231,86.45472918075252,84.43963469215495,83.20640467162886,83.38075788192009,88.70511813979203
120.0,120.0,120.0,120.0,120.0,120.0,120.0,120.0,120.0,120.0,108.55122924729086,108.55122302178393,108.55122470790832,108.55123156058856,108.55123616087536,108.55124181541977,108.55103470984608,108.54705706648508,108.4767308237168,107.23866529519172,86.45473415474723,84.43963313096158,83.20640528413765,83.3807586895927,88.70511717816208
120.0,120.0,120.0,120.0,120.0,120.0,120.0,120.0,120.0,120.0,108.55122043133787,108.55121749130626,108.55121956448862,108.55122713336847,108.55123867284188,108.55123727727533,108.55103518407338,108.54705550306028,108.47672894387169,107.2386675531604,86.45472957070896,84.43963632243668,83.2064034364993,83.38075903954966,88.7051176591304
120.0,120.0,120.0,120.0,120.0,120.0,120.0,120.0,120.0,120.0,108.55121305479582,108.55120830835446,108.55121464806027,108.55122226888592,108.55123433917063,108.55123965633855,108.55103082118752,108.5470563350741,108.47672754377905,107.23866621823635,86.454732966364,84.4396330747945,83.20640586330174,83.38075755671748,88.70511784636601
120.0,120.0,120.0,120.0,120.0,120.0,120.0,120.0,120.0,120.0,108.55120184983332,108.55120361857315,108.55120570447822,108.55121825742046,108.55122996983297,108.5512356213397,108.55103308935281,108.54705224284905,108.4767286862995,107.23866481600093,86.45473183046973,84.43963500180556,83.20640367545019,83.38075936986152,88.7051167160512
120.0,120.0,120.0,120.0,120.0,120.0,120.0,120.0,120.0,120.0,108.5511875119084,108.55119320442974,108.55120285882087,108.55120986778464,108.55122695276279,108.5512318318098,108.55102947789753,108.5470544263639,108.47672493274209,107.23866630582681,86.45472918145376,84.43963469200793,83.20640467219765,83.38075788224049,88.70511813955787
120.0,120.0,120.0,120.0,120.0,120.0,120.0,120.0,120.0,120.0,108.55122924749436,108.55122302207936,108.55122470792627,108.55123156048458,108.55123616095113,108.55124181532332,108.55103470914125,108.54705706656203,108.47673082390394,107.23866529481126,86.45473415501048,84.43963313151373,83.2064052839877,83.38075869003647,88.7051171784116
120.0,120.0,120.0,120.0,120.0,120.0,120.0,120.0,120.0,120.0,108.5512204316503,108.5512174915598,108.55121956482614,108.55122713328922,108.55123867261347,108.5512372773032,108.55103518401384,108.5470555023606,108.47672894388711,107.23866755336647,86.45472957002599,84.43963632278668,83.20640343696678,83.38075903941369,88.7051176594202
120.0,120.0,120.0,120.0,120.0,120.0,120.0,120.0,120.0,120.0,108.55121305479865,108.55120830870428,108.55121464831203,108.55122226923416,108.55123433904659,108.55123965601267,108.55103082117074,108.54705633506458,108.47672754311027,107.23866621823599,86.45473296678877,84.439633074302,83.20640586368162,83.38075755710157,88.70511784622633
120.0,120.0,120.0,120.0,120.0,120.0,120.0,120.0,120.0,120.0,108.55120184995162,108.55120361860341,108.55120570482255,108.551218257632,108.5512299701659,108.55123562120517,108.55103308895282,108.54705224278734,108.47672868633974,107.23866481534532,86.45473183052403,84.43963500222094,83.20640367512695,83.38075937021115,88.70511671635488
120.0,120.0,120.0,120.0,120.0,120.0,120.0,120.0,120.0,120.0,108.55118751231858,108.55119320461243,108.55120285888499,108.55120986810115,108.5512269529091,108.55123183210681,108.55102947777483,108.54705442591165,108.47672493263768,107.23866630588799,86.45472918017433,84.43963469213777,83.20640467260404,83.38075788202968,88.70511813978696
120.0,120.0,120.0,120.0,120.0,120.0,120.0,120.0,120.0,120.0,108.55122924760691,108.55122302215061,108.55122470810764,108.55123156062744,108.55123616122468,108.55124181537447,108.55103470938329,108.54705706646486,108.47673082341538,107.23866529468135,86.45473415509909,84.43963313048665,83.20640528418244,83.3807586904213,88.70511717825158
120.0,120.0,120.0,120.0,120.0,120.0,120.0,120.0,120.0,120.0,108.55122043198577,108.55121749167907,108.55121956491286,108.55122713347863,108.55123867276872,108.55123727754908,108.55103518398812,108.5470555025393,108.47672894381866,107.23866755279944,86.45472956977837,84.43963632288964,83.20640343621096,83.38075903963069,88.70511765975395
120.0,120.0,120.0,120.0,120.0,120.0,120.0,120.0,120.0,120.0,108.55121305474711,108.55120830897329,108.55121464843614,108.55122226933918,108.55123433923325,108.55123965617358,108.55103082138952,108.54705633496589,108.47672754322159,107.23866621815912,86.45473296548633,84.4396330741381,83.2064058638351,83.38075755657427,88.70511784637014
120.0,120.0,120.0,120.0,120.0,120.0,120.0,120.0,120.0,120.0,108.55120185013746,108.55120361856912,108.55120570503674,108.55121825775787,108.55122997028857,108.55123562137902,108.55103308911042,108.54705224298193,108.47672868617288,107.23866481538553,86.4547318302579,84.43963500101816,83.20640367506432,83.38075937042318,88.70511671598867
120.0,120.0,120.0,120.0,120.0,120.0,120.0,120.0,120.0,120.0,108.55118751310901,108.55119320488542,108.55120285887259,108.55120986827369,108.55122695303359,108.55123183224411,108.5510294779271,108.54705442605629,108.47672493280926,107.2386663056117,86.4547291801237,84.43963469184891,83.20640467160018,83.38075788204631,88.7051181400344
120.0,120.0,120.0,120.0,120.0,120.0,120.0,120.0,120.0,120.0,108.55122924651232,108.55122302123884,108.55122470753048,108.55123156014737,108.55123616094487,108.55124181516462,108.55103470931228,108.54705706644418,108.47673082344069,107.23866529473949,86.45473415425808,84.43963313033538,83.20640528393126,83.38075868963669,88.70511717825842
120.0,120.0,120.0,120.0,120.0,120.0,120.0,120.0,120.0,120.0,108.5512204306781,108.55121749067797,108.55121956409857,108.55122713300081,108.551238672351,108.55123727732418,108.55103518383132,108.54705550251298,108.4767289437918,107.23866755283312,86.45472956976387,84.43963632196194,83.2064034360523,83.38075903948743,88.70511765919878
120.0,120.0,120.0,120.0,120.0,120.0,120.0,120.0,120.0,120.0,108.55121305284796,108.55120830783284,108.55121464754674,108.55122226863203,108.55123433884891,108.5512396558267,108.55103082122226,108.54705633486083,108.47672754323706,107.23866621810102,86.45473296557493,84.43963307394444,83.20640586292993,83.38075755645147,88.70511784635839
120.0,120.0,120.0,120.0,120.0,120.0,120.0,120.0,120.0,120.0,108.55120184830663,108.55120361690469,108.55120570405849,108.55121825698684,108.55122996969011,108.55123562108226,108.55103308883807,108.54705224287001,108.47672868611497,107.23866481543752,86.45473183006825,84.43963500100409,83.20640367477168,83.38075936962689,88.70511671589952
120.0,120.0,120.0,120.0,120.0,120.0,120.0,120.0,120.0,120.0,108.55118751070577,108.55119320323327,108.55120285743858,108.55120986745196,108.55122695238221,108.55123183175225,108.55102947771213,108.54705442585852,108.47672493274607,107.23866630561214,86.4547291802761,84.4396346915047,83.20640467149445,83.38075788175838,88.70511813943646
120.0,120.0,120.0,120.0,120.0,120.0,120.0,120.0,120.0,120.0,108.55122924750921,108.5512230220106,108.55122470814796,108.55123156056608,108.55123616147044,108.55124181547122,108.55103470951234,108.54705706671069,108.47673082358219,107.23866529488109,86.4547341545053,84.43963313041841,83.20640528350606,83.38075868951059,88.7051171781105
120.0,120.0,120.0,120.0,120.0,120.0,120.0,120.0,120.0,120.0,108.55122043189691,108.55121749154274,108.55121956476107,108.55122713359196,108.55123867273994,108.55123727781654,108.55103518411966,108.54705550269931,108.47672894403853,107.2386675529792,86.45472956996856,84.43963632214279,83.20640343598441,83.38075903901155,88.70511765909
120.0,120.0,120.0,120.0,120.0,120.0,120.0,120.0,120.0,120.0,108.55121305473456,108.55120830884194,108.55121464828744,108.55122226919622,108.55123433939214,108.55123965616826,108.55103082166569,108.54705633512025,108.47672754340216,107.23866621833218,86.45473296583302,84.43963307404822,83.20640586300206,83.38075755629445,88.70511784597119
120.0,120.0,120.0,120.0,120.0,120.0,120.0,120.0,120.0,120.0,108.55120185012119,108.55120361854604,108.55120570489477,108.5512182576151,108.55122997016782,108.55123562156753,108.551033089125,108.54705224325843,108.47672868634272,107.23866481558915,86.45473183047596,84.43963500120496,83.20640367474637,83.38075936960443,88.70511671578396
120.0,120.0,120.0,120.0,120.0,120.0,120.0,120.0,120.0,120.0,108.55118751310052,108.5511932048534,108.55120285883658,108.55120986814165,108.55122695290822,108.55123183215304,108.55102947813555,108.54705442608962,108.4767249330801,107.2386663058159,86.45472918052673,84.43963469184907,83.20640467159241,83.38075788162708,88.70511813938968
120.0,120.0,120.0,120.0,120.0,120.0,120.0,120.0,120.0,120.0,108.55122924754386,108.55122302209124,108.55122470807741,108.55123156052927,108.55123616116049,108.55124181529851,108.5510347094174,108.54705706677777,108.47673082356783,107.23866529506533,86.45473415476093,84.43963313059739,83.20640528372186,83.38075868949714,88.7051171779594
120.0,120.0,120.0,120.0,120.0,120.0,120.0,120.0,120.0,120.0,108.55122043181672,108.55121749157665,108.55121956482002,108.55122713346712,108.55123867266617,108.55123727751919,108.5510351839528,108.5470555026203,108.47672894411225,107.23866755298714,86.45472957038399,84.43963632237873,83.20640343610171,83.3807590391264,88.70511765905643
120.0,120.0,120.0,120.0,120.0,120.0,120.0,120.0,120.0,120.0,108.55121305478127,108.55120830889162,108.55121464831608,108.55122226922605,108.55123433923106,108.55123965607562,108.55103082139878,108.54705633496944,108.47672754334592,107.23866621842807,86.45473296592942,84.43963307443441,83.20640586318311,83.3807575563351,88.70511784602343
120.0,120.0,120.0,120.0,120.0,120.0,120.0,120.0,120.0,120.0,108.55120185000901,108.5512036185825,108.55120570501725,108.5512182576352,108.55122997016616,108.55123562138245,108.55103308902434,108.54705224303042,108.4767286862132,107.23866481558052,86.45473183072455,84.43963500134535,83.20640367506759,83.3807593697163,88.70511671577754
120.0,120.0,120.0,120.0,120.0,120.0,120.0,120.0,120.0,120.0,108.55118751256228,108.55119320469771,108.5512028588596,108.55120986829567,108.55122695291804,108.55123183212224,108.55102947793603,108.54705442598784,108.47672493289407,107.23866630571487,86.45472918063587,84.43963469211025,83.20640467173473,83.38075788186391,88.70511813945198
120.0,120.0,120.0,120.0,120.0,120.0,120.0,120.0,120.0,120.0,108.55122924739737,108.55122302208711,108.5512247079842,108.55123156047722,108.55123616132686,108.55124181532204,108.55103470936886,108.54705706657218,108.47673082347278,107.23866529492588,86.45473415464421,84.43963313079544,83.20640528396659,83.38075868960647,88.70511717811063
120.0,120.0,120.0,120.0,120.0,120.0,120.0,120.0,120.0,120.0,108.55122043141516,108.55121749143429,108.55121956485037,108.55122713340148,108.55123867262532,108.55123727765721,108.55103518395791,108.54705550255643,108.47672894390797,107.23866755289795,86.45472957020355,84.43963632236647,83.20640343633798,83.38075903932837,88.70511765911088
120.0,120.0,120.0,120.0,120.0,120.0,120.0,120.0,120.0,120.0,108.55121305480274,108.55120830857499,108.55121464818004,108.55122226928209,108.5512343391941,108.55123965604344,108.55103082150255,108.54705633495641,108.4767275432716,107.2386662182218,86.45473296579267,84.43963307438239,83.2064058632483,83.38075755655963,88.70511784616589
120.0,120.0,120.0,120.0,120.0,120.0,120.0,120.0,120.0,120.0,108.55120184976488,108.5512036186025,108.55120570478036,108.55121825750984,108.55122997024012,108.55123562137054,108.55103308899831,108.54705224309895,108.4767286861835,107.23866481548309,86.4547318303315,84.43963500130086,83.20640367511898,83.38075936981222,88.70511671593614
120.0,120.0,120.0,120.0,120.0,120.0,120.0,120.0,120.0,120.0,108.55118751162686,108.55119320436016,108.55120285887617,108.5512098681295,108.55122695280777,108.55123183220763,108.55102947794329,108.5470544259654,108.47672493292876,107.2386663056627,86.45472918039818,84.43963469182182,83.2064046717849,83.38075788197182,88.70511813952253
120.0,120.0,120.0,120.0,120.0,120.0,120.0,120.0,120.0,120.0,108.5512292468315,108.55122302165061,108.55122470761223,108.55123156032306,108.55123616115613,108.55124181520955,108.55103470943362,108.54705706656807,108.47673082343731,107.23866529490843,86.45473415449815,84.43963313058644,83.20640528379991,83.38075868971573,88.70511717821104
120.0,120.0,120.0,120.0,120.0,120.0,120.0,120.0,120.0,120.0,108.55122043086423,108.55121749098326,108.5512195644955,108.55122713303665,108.5512386725171,108.55123727753384,108.55103518386284,108.54705550263063,108.47672894391663,107.23866755285505,86.4547295700921,84.43963632222501,83.20640343620674,83.38075903926183,88.70511765921214
120.0,120.0,120.0,120.0,120.0,120.0,120.0,120.0,120.0,120.0,108.55121305384363,108.55120830800833,108.55121464782141,108.55122226900218,108.55123433885413,108.55123965597632,108.55103082142352,108.54705633487936,108.4767275433492,107.23866621823413,86.4547329656822,84.43963307421726,83.20640586315369,83.38075755651064,88.70511784613835
120.0,120.0,120.0,120.0,120.0,120.0,120.0,120.0,120.0,120.0,108.55120184879178,108.55120361774344,108.5512057042218,108.55121825722466,108.55122997002925,108.55123562106654,108.55103308896764,108.5470522430601,108.4767286861238,107.23866481556126,86.45473183035641,84.43963500115113,83.2064036749575,83.38075936977738,88.70511671593354
120.0,120.0,120.0,120.0,120.0,120.0,120.0,120.0,120.0,120.0,108.55118751096872,108.55119320357146,108.55120285813553,108.551209867597,108.55122695258173,108.55123183206027,108.55102947768164,108.54705442596658,108.47672493292467,107.23866630562283,86.45472918055982,84.43963469179873,83.2064046716309,83.38075788184833,88.70511813951838
120.0,120.0,120.0,120.0,120.0,120.0,120.0,120.0,120.0,120.0,108.55122910185389,108.55122290264507,108.55122462328933,108.55123149819786,108.55123611427423,108.55124178147301,108.551034685876,108.54705705027554,108.47673081279888,107.23866528857927,86.45473415071201,84.43963312833856,83.20640528233247,83.38075868867558,88.70511717730918
120.0,120.0,120.0,120.0,120.0,120.0,120.0,120.0,120.0,120.0,108.55122026754738,108.5512173622528,108.55121945990665,108.55122705801878,108.55123861832251,108.55123723761204,108.55103515566402,108.54705548347638,108.47672893115019,107.23866754539112,86.45472956575627,84.43963631941513,83.20640343454419,83.38075903812273,88.70511765815657
120.0,120.0,120.0,120.0,120.0,120.0,120.0,120.0,120.0,120.0,108.55121281205004,108.55120815826001,108.55121453560854,108.55122217918651,108.55123427401591,108.55123961016291,108.55103078871656,108.54705631243787,108.47672752867541,107.23866620943414,86.45473296096648,84.43963307123612,83.2064058612276,83.38075755528277,88.70511784497853
120.0,120.0,120.0,120.0,120.0,120.0,120.0,120.0,120.0,120.0,108.55120161061933,108.55120340127321,108.55120556949937,108.55121816091629,108.55122989464685,108.55123556673338,108.55103305159786,108.54705221741465,108.47672866926612,107.23866480572192,86.45473182519702,84.4396349982275,83.20640367311299,83.3807593684555,88.70511671469502
120.0,120.0,120.0,120.0,120.0,120.0,120.0,120.0,120.0,120.0,108.55118724486059,108.5511929919165,108.55120266907721,108.55120974881727,108.5512268713365,108.55123177046129,108.55102943383577,108.54705439683008,108.47672491391965,107.23866629462802,86.45472917588876,84.43963468895643,83.20640467009898,83.38075788072183,88.70511813820121
120.0,120.0,120.0,120.0,120.0,120.0,120.0,120.0,120.0,120.0,108.55122923113552,108.55122300162064,108.55122470331119,108.5512315534385,108.55123616810828,108.55124182421005,108.55103471578492,108.54705707093632,108.47673082717496,107.23866529771749,86.45473415939621,84.43963313420132,83.2064052859444,83.38075869102208,88.70511717888519
120.0,120.0,120.0,120.0,120.0,120.0,120.0,120.0,120.0,120.0,108.5512204139146,108.55121747113122,108.55121954387447,108.55122713579303,108.551238670499,108.55123728665136,108.55103519486651,108.54705551064208,108.47672894945934,107.23866755759305,86.45472957802002,84.43963632794802,83.20640344010629,83.38075904152734,88.7051176604956
120.0,120.0,120.0,120.0,120.0,120.0,120.0,120.0,120.0,120.0,108.55121305091855,108.55120828327725,108.5512146267636,108.55122224915043,108.55123434598794,108.55123965718396,108.55103083135117,108.54705634647542,108.47672755194667,107.23866622451199,86.45473297734658,84.43963308252155,83.20640586878152,83.38075756011665,88.70511784811205
120.0,120.0,120.0,120.0,120.0,120.0,120.0,120.0,120.0,120.0,108.55120184467738,108.5512036136016,108.55120567664197,108.55121823709602,108.55122995195383,108.55123563096944,108.55103309246562,108.54705225314004,108.47672869762096,107.23866482476201,86.45473184506329,84.43963501258774,83.20640368267281,83.38075937470457,88.70511671877959
120.0,120.0,120.0,120.0,120.0,120.0,120.0,120.0,120.0,120.0,108.55118750772617,108.5511931970177,108.55120285259561,108.55120984030363,108.55122693476174,108.55123181637668,108.55102948932714,108.54705443116423,108.47672494290062,107.23866631764365,86.45472920110896,84.43963470583151,83.20640468186338,83.38075788836396,88.70511814318321
120.0,120.0,120.0,120.0,120.0,120.0,120.0,120.0,120.0,120.0,108.55122918791426,108.551222970518,108.55122466532686,108.55123152884218,108.55123611771963,108.55124178744927,108.55103468731492,108.54705707285626,108.47673082590521,107.23866530349254,86.4547341795677,84.4396331487231,83.20640529555841,83.38075869765994,88.70511718248355
120.0,120.0,120.0,120.0,120.0,120.0,120.0,120.0,120.0,120.0,108.55122036122214,108.55121743762822,108.5512195162963,108.55122709216643,108.55123864296188,108.5512372399384,108.55103516168137,108.54705548499122,108.47672895223491,107.23866755900923,86.45472959441435,84.43963634534009,83.20640345184742,83.38075904882388,88.70511766461803
120.0,120.0,120.0,120.0,120.0,120.0,120.0,120.0,120.0,120.0,108.55121296481775,108.55120824493783,108.55121460028698,108.55122222417623,108.5512343001482,108.55123962881261,108.55103079022976,108.54705631839298,108.4767275302189,107.23866623013564,86.45473298843397,84.43963309783686,83.20640588294695,83.38075756899651,88.70511785247922
120.0,120.0,120.0,120.0,120.0,120.0,120.0,120.0,120.0,120.0,108.55120175156384,108.5512035364095,108.55120564743534,108.5512182153563,108.55122992895316,108.55123558526876,108.55103306459019,108.54705221830588,108.4767286751488,107.23866480875135,86.45473186515152,84.43963502556929,83.20640369589259,83.38075938543166,88.70511672417118
120.0,120.0,120.0,120.0,120.0,120.0,120.0,120.0,120.0,120.0,108.55118739314138,108.55119311495355,108.55120278524063,108.55120981669289,108.55122691607677,108.55123179509876,108.55102944550092,108.54705440469776,108.47672491439086,107.23866630078936,86.45472918465151,84.43963472685262,83.2064046947215,83.38075789870032,88.7051181496954
120.0,120.0,120.0,120.0,120.0,120.0,120.0,120.0,120.0,120.0,108.5512291196073,108.55122292917517,108.55122463176403,108.55123150093056,108.55123611993342,108.55124178653791,108.5510346788443,108.54705703975546,108.47673080651228,107.23866528446656,86.45473416150156,84.4396331444866,83.20640531608716,83.38075870908293,88.7051171890138
120.0,120.0,120.0,120.0,120.0,120.0,120.0,120.0,120.0,120.0,108.55122025465994,108.55121737141792,108.55121948020152,108.5512270688503,108.55123862096916,108.55123724088334,108.55103515964765,108.54705547642764,108.47672892146267,107.2386675397384,86.45472956943303,84.43963633812923,83.20640345466347,83.38075906615109,88.7051176720997
120.0,120.0,120.0,120.0,120.0,120.0,120.0,120.0,120.0,120.0,108.55121291122279,108.55120815539111,108.55121453874652,108.55122219358726,108.55123428540246,108.5512396121596,108.55103078929383,108.54705631477933,108.47672752161687,107.23866620059528,86.45473295410855,84.43963308661269,83.20640588433193,83.38075757465045,88.70511786440133
120.0,120.0,120.0,120.0,120.0,120.0,120.0,120.0,120.0,120.0,108.55120163668298,108.55120348386635,108.55120557458724,108.55121816042194,108.55122990375459,108.5512355773852,108.55103305266618,108.54705221548201,108.47672866984186,107.23866479834706,86.45473181106505,84.43963500054977,83.20640369598671,83.3807593915071,88.70511672785752
120.0,120.0,120.0,120.0,120.0,120.0,120.0,120.0,120.0,120.0,108.55118718427782,108.55119299663286,108.55120273520087,108.5512097593555,108.5512268690515,108.55123177501919,108.55102944286675,108.54705439683165,108.47672490989245,107.23866629290573,86.45472916201781,84.43963468411236,83.206404680775,83.3807579055182,88.7051181556729
120.0,120.0,120.0,120.0,120.0,120.0,120.0,120.0,120.0,120.0,108.55122923160178,108.55122301167607,108.55122468583203,108.55123155453938,108.55123615820911,108.5512418104336,108.5510347059252,108.5470570693126,108.47673082093596,107.23866528840178,86.45473415042815,84.43963312684285,83.20640528987883,83.38075870546903,88.70511719752108
120.0,120.0,120.0,120.0,120.0,120.0,120.0,120.0,120.0,120.0,108.55122040807964,108.55121747630096,108.55121955939563,108.55122711123376,108.55123866980597,108.5512372782352,108.55103518145405,108.54705550029871,108.47672894756028,107.23866755052974,86.45472955876834,84.43963632194173,83.2064034421273,83.38075905184137,88.7051176718523
120.0,120.0,120.0,120.0,120.0,120.0,120.0,120.0,120.0,120.0,108.55121305425352,108.55120827492502,108.55121463334194,108.5512222670696,108.55123431796045,108.55123965471799,108.55103082419397,108.54705633397528,108.47672754142805,107.23866622193087,86.45473296208083,84.43963306632472,83.2064058686792,83.38075756905724,88.70511785759288
120.0,120.0,120.0,120.0,120.0,120.0,120.0,120.0,120.0,120.0,108.55120184305729,108.55120361801849,108.55120566629137,108.55121824292797,108.55122997033779,108.55123560182945,108.55103308832722,108.5470522470075,108.47672868625551,107.23866481368343,86.45473183903985,84.4396349985979,83.20640367269772,83.3807593798978,88.70511672739539
120.0,120.0,120.0,120.0,120.0,120.0,120.0,120.0,120.0,120.0,108.5511875031974,108.55119319529696,108.55120285871234,108.55120982830994,108.55122693855121,108.5512318340554,108.55102946060192,108.54705442554099,108.47672493755005,107.23866630643985,86.4547291788875,84.43963469895625,83.2064046723742,83.38075788472139,88.70511814839625
120.0,120.0,120.0,120.0,120.0,120.0,120.0,120.0,120.0,120.0,108.55122887573177,108.55122278732517,108.55122450373796,108.55123141061344,108.55123601718324,108.55124172640046,108.55103465858303,108.54705701401194,108.47673079827966,107.2386652857405,86.45473414951569,84.4396331230595,83.2064052874111,83.38075869145743,88.7051171789227
120.0,120.0,120.0,120.0,120.0,120.0,120.0,120.0,120.0,120.0,108.55121997982647,108.55121715553325,108.55121934484147,108.55122695266621,108.55123854446843,108.55123714986918,108.55103510758602,108.54705546313167,108.4767289020821,107.23866753553874,86.45472957482862,84.43963631841685,83.20640343075408,83.38075904408501,88.70511766006618
120.0,120.0,120.0,120.0,120.0,120.0,120.0,120.0,120.0,120.0,108.55121269865882,108.55120793267427,108.55121435153539,108.55122206769255,108.55123418176345,108.55123955046298,108.55103071227104,108.54705627166345,108.4767275149809,107.2386661883599,86.45473295843333,84.43963308035255,83.20640586081413,83.38075755264684,88.70511784809766
120.0,120.0,120.0,120.0,120.0,120.0,120.0,120.0,120.0,120.0,108.55120115132381,108.5512032633377,108.55120539602889,108.55121800180885,108.5512297896164,108.55123548631433,108.55103300562017,108.54705215320682,108.47672863587137,107.23866479926936,86.45473180626014,84.43963499790497,83.20640368141821,83.38075936809756,88.70511670791524
120.0,120.0,120.0,120.0,120.0,120.0,120.0,120.0,120.0,120.0,108.55118670565972,108.55119255556562,108.5512025172639,108.55120961701974,108.55122673840067,108.55123167466462,108.55102936426526,108.54705436356598,108.47672486204601,107.23866627013821,86.45472918580087,84.4396346778722,83.20640467067129,83.38075788679944,88.70511813219363
