1.200000000000000000e+02,1.200000000000000000e+02,1.200000000000000000e+02,1.200000000000000000e+02,1.200000000000000000e+02,1.200000000000000000e+02,1.200000000000000000e+02,1.200000000000000000e+02,1.200000000000000000e+02,1.200000000000000000e+02,1.053344727826507068e+02,1.053345268974605773e+02,1.053345731527312807e+02,1.053346105341488226e+02,1.053346438976235504e+02,1.053346783422432509e+02,1.053347034280468648e+02,1.053347204691868910e+02,1.053347483564882197e+02,1.053347458810713846e+02,1.053346885391165131e+02,1.053344131464097586e+02,1.053342912877443354e+02,1.053339576774294954e+02,1.053331165072197706e+02
1.200000000000000000e+02,1.200000000000000000e+02,1.200000000000000000e+02,1.200000000000000000e+02,1.200000000000000000e+02,1.200000000000000000e+02,1.200000000000000000e+02,1.200000000000000000e+02,1.200000000000000000e+02,1.200000000000000000e+02,1.053344401074900247e+02,1.053344994938985337e+02,1.053345499847753786e+02,1.053345940882339846e+02,1.053346296572975120e+02,1.053346618936698462e+02,1.053346962906995401e+02,1.053347195618760423e+02,1.053347353329495206e+02,1.053347623236771540e+02,9.278413924557021630e+01,1.053345882580267840e+02,1.053342604695270381e+02,1.053340164769552132e+02,1.053329749758322720e+02
1.200000000000000000e+02,1.200000000000000000e+02,1.200000000000000000e+02,1.200000000000000000e+02,1.200000000000000000e+02,1.200000000000000000e+02,1.200000000000000000e+02,1.200000000000000000e+02,1.200000000000000000e+02,1.200000000000000000e+02,1.053343665507364335e+02,1.053344729361212728e+02,1.053345275354374024e+02,1.053345747400393009e+02,1.053346172718110410e+02,1.053346519249368214e+02,1.053346830808729209e+02,1.053347171213712556e+02,1.053347395876778592e+02,1.053347627789375593e+02,8.750361566467910279e+01,9.682726116760926516e+01,1.053344327200268538e+02,1.053339558100731210e+02,1.065335024468782166e+02
1.200000000000000000e+02,1.200000000000000000e+02,1.200000000000000000e+02,1.200000000000000000e+02,1.200000000000000000e+02,1.200000000000000000e+02,1.200000000000000000e+02,1.200000000000000000e+02,1.200000000000000000e+02,1.200000000000000000e+02,1.053343157656999551e+02,1.053343898736262929e+02,1.053345058693316645e+02,1.053345565859689970e+02,1.053346011600959713e+02,1.053346428562826844e+02,1.053346774153496881e+02,1.053347077949276525e+02,1.053347414359371186e+02,1.045759264995546971e+02,8.685617355228791325e+01,9.074392506306712392e+01,9.933701865806713727e+01,1.053341460103437868e+02,1.064655358566845962e+02
1.200000000000000000e+02,1.200000000000000000e+02,1.200000000000000000e+02,1.200000000000000000e+02,1.200000000000000000e+02,1.200000000000000000e+02,1.200000000000000000e+02,1.200000000000000000e+02,1.200000000000000000e+02,1.200000000000000000e+02,1.053342586885082142e+02,1.053343417140661273e+02,1.053344238202365943e+02,1.053345391748089810e+02,1.053345871321810563e+02,1.053346299149582279e+02,1.053346714853878581e+02,1.053347067393648047e+02,1.053347372014861065e+02,1.041879661127516528e+02,8.369424920684984670e+01,9.000246561391270461e+01,9.378528625818901787e+01,1.011091328865943666e+02,1.064846630172042126e+02
1.200000000000000000e+02,1.200000000000000000e+02,1.200000000000000000e+02,1.200000000000000000e+02,1.200000000000000000e+02,1.200000000000000000e+02,1.200000000000000000e+02,1.200000000000000000e+02,1.200000000000000000e+02,1.200000000000000000e+02,1.053343547952653125e+02,1.053344113890487534e+02,1.053344696471020256e+02,1.053345277539892777e+02,1.053346201751691495e+02,1.053346538723407804e+02,1.053346861015778302e+02,1.053347207755058150e+02,1.052872049043628380e+02,1.041133858307457700e+02,8.168935807720073683e+01,8.590537560937609385e+01,9.323789193444530099e+01,9.645256585991532461e+01,1.034741557936240213e+02
1.200000000000000000e+02,1.200000000000000000e+02,1.200000000000000000e+02,1.200000000000000000e+02,1.200000000000000000e+02,1.200000000000000000e+02,1.200000000000000000e+02,1.200000000000000000e+02,1.200000000000000000e+02,1.200000000000000000e+02,1.053343110708227215e+02,1.053343654899341573e+02,1.053344400766906546e+02,1.053345048447786780e+02,1.053345622800469386e+02,1.053346497778563844e+02,1.053346847681407183e+02,1.053347180164549854e+02,1.052633673754249628e+02,1.038398465068792120e+02,8.115068177660570825e+01,8.311221841020346801e+01,8.880938516939143312e+01,9.613860874589084915e+01,9.987220093664356568e+01
1.200000000000000000e+02,1.200000000000000000e+02,1.200000000000000000e+02,1.200000000000000000e+02,1.200000000000000000e+02,1.200000000000000000e+02,1.200000000000000000e+02,1.200000000000000000e+02,1.200000000000000000e+02,1.200000000000000000e+02,1.053342728800749768e+02,1.053343209976171551e+02,1.053343907961521779e+02,1.053344762447271421e+02,1.053345442689025475e+02,1.053345999552692973e+02,1.053346826098332514e+02,1.053317298334301313e+02,1.052579138000322274e+02,1.036440093448081683e+02,7.991492119772603075e+01,8.225461525273928487e+01,8.574688939369080742e+01,9.176004856400616916e+01,9.988445483268364455e+01
1.200000000000000000e+02,1.200000000000000000e+02,1.200000000000000000e+02,1.200000000000000000e+02,1.200000000000000000e+02,1.200000000000000000e+02,1.200000000000000000e+02,1.200000000000000000e+02,1.200000000000000000e+02,1.200000000000000000e+02,1.053342155039708388e+02,1.053342910281308775e+02,1.053343487751765792e+02,1.053344259808843191e+02,1.053345178766333277e+02,1.053345877068680068e+02,1.053346417434775617e+02,1.053302822054109669e+02,1.052360705746055771e+02,1.035758087154638218e+02,7.889958684730386551e+01,8.037719997973272257e+01,8.478330273636619552e+01,8.882382723717587680e+01,9.597885710032073803e+01
1.200000000000000000e+02,1.200000000000000000e+02,1.200000000000000000e+02,1.200000000000000000e+02,1.200000000000000000e+02,1.200000000000000000e+02,1.200000000000000000e+02,1.200000000000000000e+02,1.200000000000000000e+02,1.200000000000000000e+02,1.053341515637006154e+02,1.053342363954909899e+02,1.053343242282422665e+02,1.053343884806802180e+02,1.053344687382216591e+02,1.053345644170315012e+02,1.053344474830370814e+02,1.053298590789666775e+02,1.052218499377404299e+02,1.034543828755718806e+02,7.845173596454441167e+01,7.879036604749578032e+01,8.245526480338477882e+01,8.793883461524778511e+01,9.392206331128565466e+01
1.200000000000000000e+02,1.200000000000000000e+02,1.200000000000000000e+02,1.200000000000000000e+02,1.200000000000000000e+02,1.200000000000000000e+02,1.200000000000000000e+02,1.200000000000000000e+02,1.200000000000000000e+02,1.200000000000000000e+02,1.053342632662921687e+02,1.053343123343405665e+02,1.053343697685662903e+02,1.053344380756585110e+02,1.053344880873221001e+02,1.053345548363975013e+02,1.053343661610234818e+02,1.053281998455603059e+02,1.052166236766863818e+02,1.033484932006083739e+02,7.785125102506880523e+01,7.799882723116628824e+01,8.051317535465557285e+01,8.538561810881454051e+01,9.325213525155189132e+01
1.200000000000000000e+02,1.200000000000000000e+02,1.200000000000000000e+02,1.200000000000000000e+02,1.200000000000000000e+02,1.200000000000000000e+02,1.200000000000000000e+02,1.200000000000000000e+02,1.200000000000000000e+02,1.200000000000000000e+02,1.053342129261438203e+02,1.053342735009859581e+02,1.053343371375909925e+02,1.053344026882039088e+02,1.053344787755089840e+02,1.053345240020115341e+02,1.053343007156794897e+02,1.053271847906338508e+02,1.052064263039206367e+02,1.032947621027520029e+02,7.727961461175175373e+01,7.699022964658695400e+01,7.949640420778688110e+01,8.340156307922413248e+01,9.107923458469662137e+01
1.200000000000000000e+02,1.200000000000000000e+02,1.200000000000000000e+02,1.200000000000000000e+02,1.200000000000000000e+02,1.200000000000000000e+02,1.200000000000000000e+02,1.200000000000000000e+02,1.200000000000000000e+02,1.200000000000000000e+02,1.053815027409570320e+02,1.053342220172460202e+02,1.053343007811732548e+02,1.053343723678016914e+02,1.053344432659291527e+02,1.053345091091705115e+02,1.053341623275714198e+02,1.053267582535495990e+02,1.051983494107172135e+02,1.032315824268081599e+02,7.693371798127036243e+01,7.601689530551553275e+01,7.815377749539926810e+01,8.234374660060974804e+01,8.964410943350188177e+01
1.200000000000000000e+02,1.200000000000000000e+02,1.200000000000000000e+02,1.200000000000000000e+02,1.200000000000000000e+02,1.200000000000000000e+02,1.200000000000000000e+02,1.200000000000000000e+02,1.200000000000000000e+02,1.200000000000000000e+02,1.055097267362921798e+02,1.053688144534329183e+02,1.053342512670033955e+02,1.053343401553799481e+02,1.053344159881603304e+02,1.053344727405892485e+02,1.053340838014859031e+02,1.053259145485902621e+02,1.051942219322303060e+02,1.031710257899653698e+02,7.658563148848139690e+01,7.536894045331200687e+01,7.687085737868281399e+01,8.085158729022300861e+01,8.884541633322206167e+01
1.200000000000000000e+02,1.200000000000000000e+02,1.200000000000000000e+02,1.200000000000000000e+02,1.200000000000000000e+02,1.200000000000000000e+02,1.200000000000000000e+02,1.200000000000000000e+02,1.200000000000000000e+02,1.200000000000000000e+02,1.056436649151681877e+02,1.054663009663495501e+02,1.053595544245890494e+02,1.053342942574700345e+02,1.053343883213044450e+02,1.053344419656514930e+02,1.053340220503097271e+02,1.053253051803711315e+02,1.051889626698022369e+02,1.031315225394360198e+02,7.624101061726582884e+01,7.473030139256918858e+01,7.597927658163504816e+01,7.948287982317475553e+01,8.765244962886754365e+01
1.200000000000000000e+02,1.200000000000000000e+02,1.200000000000000000e+02,1.200000000000000000e+02,1.200000000000000000e+02,1.200000000000000000e+02,1.200000000000000000e+02,1.200000000000000000e+02,1.200000000000000000e+02,1.200000000000000000e+02,1.059029708568709793e+02,1.055706077681530388e+02,1.054332654096843100e+02,1.053528738487487999e+02,1.053343981458460377e+02,1.053344511554577565e+02,1.053339641494840890e+02,1.053249824131889341e+02,1.051842860946558034e+02,1.030937402949602415e+02,7.598608539658792438e+01,7.409848321924975778e+01,7.508569960451309555e+01,7.851971410249748828e+01,8.664268037714970205e+01
1.200000000000000000e+02,1.200000000000000000e+02,1.200000000000000000e+02,1.200000000000000000e+02,1.200000000000000000e+02,1.200000000000000000e+02,1.200000000000000000e+02,1.200000000000000000e+02,1.200000000000000000e+02,1.200000000000000000e+02,1.062140508211543448e+02,1.057927466560372665e+02,1.055134732017004495e+02,1.054081232312928762e+02,1.053479437556358391e+02,1.053344183195144410e+02,1.053339064755702879e+02,1.053245413059510014e+02,1.051812635585038578e+02,1.030569685450087860e+02,7.575709927366190755e+01,7.359852739492610851e+01,7.420633340144949841e+01,7.752955546811185172e+01,8.593314460244471320e+01
1.200000000000000000e+02,1.200000000000000000e+02,1.200000000000000000e+02,1.200000000000000000e+02,1.200000000000000000e+02,1.200000000000000000e+02,1.200000000000000000e+02,1.200000000000000000e+02,1.200000000000000000e+02,1.200000000000000000e+02,1.064964368320139556e+02,1.060667214122715336e+02,1.057016130435951595e+02,1.054693009802827106e+02,1.053891619760122325e+02,1.053443217013834072e+02,1.053338551514449932e+02,1.053241740013516647e+02,1.051782131129539266e+02,1.030287290731270673e+02,7.553480785025598720e+01,7.314747492831565978e+01,7.348885468285666889e+01,7.657166432038965809e+01,8.518310705278710770e+01
1.200000000000000000e+02,1.200000000000000000e+02,1.200000000000000000e+02,1.200000000000000000e+02,1.200000000000000000e+02,1.200000000000000000e+02,1.200000000000000000e+02,1.200000000000000000e+02,1.200000000000000000e+02,1.200000000000000000e+02,1.068335233444150276e+02,1.063252815365715662e+02,1.059387806346662728e+02,1.056270001401680076e+02,1.054354345608947909e+02,1.053749028390515861e+02,1.053410687135302908e+02,1.053239230212097368e+02,1.051753616551448118e+02,1.030037002343158434e+02,7.534974390448964243e+01,7.271206519949450353e+01,7.283266131270109156e+01,7.578641634657931547e+01,8.448100298743533187e+01
1.200000000000000000e+02,1.200000000000000000e+02,1.200000000000000000e+02,1.200000000000000000e+02,1.200000000000000000e+02,1.200000000000000000e+02,1.200000000000000000e+02,1.200000000000000000e+02,1.200000000000000000e+02,1.200000000000000000e+02,1.071443760057653805e+02,1.066530054215860446e+02,1.061713892861818493e+02,1.058291808835184895e+02,1.055664294088493449e+02,1.054096301553643116e+02,1.053636186268123538e+02,1.053289822837969609e+02,1.051732054370788774e+02,1.029798582053909684e+02,7.518745421041725763e+01,7.233406305622987986e+01,7.220081934052772965e+01,7.506110387660039862e+01,8.391313248342638076e+01
1.200000000000000000e+02,1.200000000000000000e+02,1.200000000000000000e+02,1.200000000000000000e+02,1.200000000000000000e+02,1.200000000000000000e+02,1.200000000000000000e+02,1.200000000000000000e+02,1.200000000000000000e+02,1.200000000000000000e+02,1.074011339978376469e+02,1.069627558608307965e+02,1.064838951880975628e+02,1.060352976991960077e+02,1.057364826946387808e+02,1.055176200849700763e+02,1.053895048696116561e+02,1.053453668210213152e+02,1.051751470460183100e+02,1.029597092452464153e+02,7.503458070231016563e+01,7.199722083059526767e+01,7.164200203595351013e+01,7.436749262960974249e+01,8.338442634894283856e+01
1.200000000000000000e+02,1.200000000000000000e+02,1.200000000000000000e+02,1.200000000000000000e+02,1.200000000000000000e+02,1.200000000000000000e+02,1.200000000000000000e+02,1.200000000000000000e+02,1.200000000000000000e+02,1.200000000000000000e+02,1.076496581938577322e+02,1.072276761703281238e+02,1.067855640417595424e+02,1.063278994878395025e+02,1.059165200727588712e+02,1.056587922499453640e+02,1.054778389277597910e+02,1.053643682627214844e+02,1.051854784626417398e+02,1.029449319395024531e+02,7.489934976605609052e+01,7.168063786161759765e+01,7.113778514833292377e+01,7.375363512548122458e+01,8.288496963609871671e+01
1.200000000000000000e+02,1.200000000000000000e+02,1.200000000000000000e+02,1.200000000000000000e+02,1.200000000000000000e+02,1.200000000000000000e+02,1.200000000000000000e+02,1.200000000000000000e+02,1.200000000000000000e+02,1.200000000000000000e+02,1.078498011320538552e+02,1.074948948863314513e+02,1.070533693576100944e+02,1.066159748363653534e+02,1.061862599346706730e+02,1.058142109660410739e+02,1.055937236715588909e+02,1.054360896045850637e+02,1.051981416846683288e+02,1.029376957735223357e+02,7.478331392382146703e+01,7.139398231707463083e+01,7.066373685201003241e+01,7.319769029087380829e+01,8.244833102944393488e+01
1.200000000000000000e+02,1.200000000000000000e+02,1.200000000000000000e+02,1.200000000000000000e+02,1.200000000000000000e+02,1.200000000000000000e+02,1.200000000000000000e+02,1.200000000000000000e+02,1.200000000000000000e+02,1.200000000000000000e+02,1.080061517821741717e+02,1.077141127005534003e+02,1.073343994042648006e+02,1.068815186446680627e+02,1.064563698079974188e+02,1.060593618188928389e+02,1.057264628462089604e+02,1.055301432919766995e+02,1.052550961681001525e+02,1.029343584699418273e+02,7.468493134556342739e+01,7.113773832396191210e+01,7.023017748456382492e+01,7.267664825118660588e+01,8.205347924391115555e+01
1.200000000000000000e+02,1.200000000000000000e+02,1.200000000000000000e+02,1.200000000000000000e+02,1.200000000000000000e+02,1.200000000000000000e+02,1.200000000000000000e+02,1.200000000000000000e+02,1.200000000000000000e+02,1.200000000000000000e+02,1.081413109264619976e+02,1.078904139166108678e+02,1.075692011665903749e+02,1.071710692041570354e+02,1.067150543443759290e+02,1.063084273641936761e+02,1.059464232812389923e+02,1.056424119608401071e+02,1.053301320837599349e+02,1.029701347070701729e+02,7.460040995850353340e+01,7.090520522990092900e+01,6.983664353863078134e+01,7.220063852564830142e+01,8.168552921644406695e+01
1.200000000000000000e+02,1.200000000000000000e+02,1.200000000000000000e+02,1.200000000000000000e+02,1.200000000000000000e+02,1.200000000000000000e+02,1.200000000000000000e+02,1.200000000000000000e+02,1.200000000000000000e+02,1.200000000000000000e+02,1.082425311244563915e+02,1.080472179609779886e+02,1.077640020721202063e+02,1.074174459440386329e+02,1.070078175249118715e+02,1.065564261324304738e+02,1.061726234589374371e+02,1.058375091789041704e+02,1.054240376203461835e+02,1.030247665859745041e+02,7.458184838390245375e+01,7.069383094294948933e+01,6.947340115921481640e+01,7.176754244498816604e+01,8.135226117134088497e+01
1.200000000000000000e+02,1.200000000000000000e+02,1.200000000000000000e+02,1.200000000000000000e+02,1.200000000000000000e+02,1.200000000000000000e+02,1.200000000000000000e+02,1.200000000000000000e+02,1.200000000000000000e+02,1.200000000000000000e+02,1.083193268507676379e+02,1.081658918637068041e+02,1.079417883785969821e+02,1.076282911631774653e+02,1.072611833265491157e+02,1.068471443688788156e+02,1.064068154945472173e+02,1.060400881388363388e+02,1.055953993620432811e+02,1.031006863400842803e+02,7.460508260863471719e+01,7.053721521205834222e+01,6.913808682284559382e+01,7.136689321516300311e+01,8.105031831064614778e+01
1.200000000000000000e+02,1.200000000000000000e+02,1.200000000000000000e+02,1.200000000000000000e+02,1.200000000000000000e+02,1.200000000000000000e+02,1.200000000000000000e+02,1.200000000000000000e+02,1.200000000000000000e+02,1.200000000000000000e+02,1.083812641594794997e+02,1.082581595228729583e+02,1.080782733510393143e+02,1.078259691864567884e+02,1.074853096866227844e+02,1.071030489257227742e+02,1.066908724922296869e+02,1.062583971094676372e+02,1.057755328520654245e+02,1.032541054225320067e+02,7.467333608636333508e+01,7.042042070210592897e+01,6.885055695920598851e+01,7.099657440272392250e+01,8.077183868498522656e+01
1.200000000000000000e+02,1.200000000000000000e+02,1.200000000000000000e+02,1.200000000000000000e+02,1.200000000000000000e+02,1.200000000000000000e+02,1.200000000000000000e+02,1.200000000000000000e+02,1.200000000000000000e+02,1.200000000000000000e+02,1.084257720671481735e+02,1.083340003657053643e+02,1.081870153737884834e+02,1.079798999036849239e+02,1.077009293115312261e+02,1.073371664065223001e+02,1.069449665325738721e+02,1.065318990710761398e+02,1.059777998589338779e+02,1.034262655094451020e+02,7.488394030466231754e+01,7.034474885698507762e+01,6.859938183250206123e+01,7.066749310978150334e+01,8.051545268108810660e+01
1.200000000000000000e+02,1.200000000000000000e+02,1.200000000000000000e+02,1.200000000000000000e+02,1.200000000000000000e+02,1.200000000000000000e+02,1.200000000000000000e+02,1.200000000000000000e+02,1.200000000000000000e+02,1.200000000000000000e+02,1.084591076610528830e+02,1.083889778577533889e+02,1.082780613750655618e+02,1.081057189669373315e+02,1.078713426820413019e+02,1.075681173072657373e+02,1.071855379599529812e+02,1.067803982894685504e+02,1.062394510462131194e+02,1.036293947285197419e+02,7.515933541287166975e+01,7.038220849692187642e+01,6.838353783993771629e+01,7.036942376806263155e+01,8.028726759891647191e+01
1.200000000000000000e+02,1.200000000000000000e+02,1.200000000000000000e+02,1.200000000000000000e+02,1.200000000000000000e+02,1.200000000000000000e+02,1.200000000000000000e+02,1.200000000000000000e+02,1.200000000000000000e+02,1.200000000000000000e+02,1.082038900408239215e+02,1.084310526850882610e+02,1.083448073521619790e+02,1.082130521406642600e+02,1.080144388043504620e+02,1.077535244803718513e+02,1.074287296880302307e+02,1.070240318227512688e+02,1.064818871358894938e+02,1.039052255111985232e+02,7.551205305429124337e+01,7.048864917350265102e+01,6.825088362970780054e+01,7.009978396059764805e+01,8.007807274429497113e+01
1.200000000000000000e+02,1.200000000000000000e+02,1.200000000000000000e+02,1.200000000000000000e+02,1.200000000000000000e+02,1.200000000000000000e+02,1.200000000000000000e+02,1.200000000000000000e+02,1.200000000000000000e+02,1.200000000000000000e+02,1.076310436596489097e+02,1.082522008031889413e+02,1.083967154671161239e+02,1.082924382663434955e+02,1.081385356696131339e+02,1.079134099854381077e+02,1.076270054957891631e+02,1.072761469402160941e+02,1.067280590143635237e+02,1.041778780923959857e+02,7.603052177626341290e+01,7.067091856600330857e+01,6.817581386770545748e+01,6.988829642979835910e+01,7.988605876463483924e+01
1.200000000000000000e+02,1.200000000000000000e+02,1.200000000000000000e+02,1.200000000000000000e+02,1.200000000000000000e+02,1.200000000000000000e+02,1.200000000000000000e+02,1.200000000000000000e+02,1.200000000000000000e+02,1.200000000000000000e+02,1.074884135110368391e+02,1.077997739184911694e+02,1.082784040802474692e+02,1.083555497130709284e+02,1.082314826511815795e+02,1.080545267502537001e+02,1.078028667628020258e+02,1.074851780927482281e+02,1.069892871156218064e+02,1.044656785029765587e+02,7.659850556528435561e+01,7.100632809126332745e+01,6.816189816936257273e+01,6.971697434475979094e+01,7.972948818965538464e+01
1.200000000000000000e+02,1.200000000000000000e+02,1.200000000000000000e+02,1.200000000000000000e+02,1.200000000000000000e+02,1.200000000000000000e+02,1.200000000000000000e+02,1.200000000000000000e+02,1.200000000000000000e+02,1.200000000000000000e+02,1.065154456802581535e+02,1.076853637489161457e+02,1.079273082510565018e+02,1.082860766119674025e+02,1.083069684714219250e+02,1.081615950857533619e+02,1.079607268562018163e+02,1.076759203846623763e+02,1.072108372098303448e+02,1.047847218155238664e+02,7.722968666102313762e+01,7.142381707333802865e+01,6.826863396516350235e+01,6.958691344852798011e+01,7.959237487542660006e+01
1.200000000000000000e+02,1.200000000000000000e+02,1.200000000000000000e+02,1.200000000000000000e+02,1.200000000000000000e+02,1.200000000000000000e+02,1.200000000000000000e+02,1.200000000000000000e+02,1.200000000000000000e+02,1.200000000000000000e+02,1.058983592879251319e+02,1.068061487486185541e+02,1.078386471399051914e+02,1.080199444210649773e+02,1.082777719696131413e+02,1.082504664839544546e+02,1.080821743382577154e+02,1.078500623649036925e+02,1.074189603638806574e+02,1.050741325875460888e+02,7.796953901781419916e+01,7.192736850284005357e+01,6.845711361516126203e+01,6.953976673909596684e+01,7.947646787559268944e+01
1.200000000000000000e+02,1.200000000000000000e+02,1.200000000000000000e+02,1.200000000000000000e+02,1.200000000000000000e+02,1.200000000000000000e+02,1.200000000000000000e+02,1.200000000000000000e+02,1.200000000000000000e+02,1.200000000000000000e+02,1.055401467795894064e+02,1.062628475556765437e+02,1.070554287053488025e+02,1.079551736325256002e+02,1.080829344842074420e+02,1.082553340193306752e+02,1.081852792307554125e+02,1.079861523357590869e+02,1.076129887977754720e+02,1.053551418039903496e+02,7.870514110758574589e+01,7.256603735781609998e+01,6.873035198359605147e+01,6.955194622705512586e+01,7.940847154595304858e+01
1.200000000000000000e+02,1.200000000000000000e+02,1.200000000000000000e+02,1.200000000000000000e+02,1.200000000000000000e+02,1.200000000000000000e+02,1.200000000000000000e+02,1.200000000000000000e+02,1.200000000000000000e+02,1.200000000000000000e+02,1.046086405026741488e+02,1.059169787767706907e+02,1.065844538415731648e+02,1.072666587212664808e+02,1.080404140569842610e+02,1.081203514786234621e+02,1.082195256013537943e+02,1.081042507800327428e+02,1.077681669400854787e+02,1.056293219278356901e+02,7.945117501157875495e+01,7.326010735396920381e+01,6.913456750676947138e+01,6.962676775121759931e+01,7.936909279768124748e+01
1.200000000000000000e+02,1.200000000000000000e+02,1.200000000000000000e+02,1.200000000000000000e+02,1.200000000000000000e+02,1.200000000000000000e+02,1.200000000000000000e+02,1.200000000000000000e+02,1.200000000000000000e+02,1.200000000000000000e+02,1.041176971311258654e+02,1.049927511583508846e+02,1.062523052202797516e+02,1.068647351833958083e+02,1.074432684812251608e+02,1.080989773044427551e+02,1.081352377174524975e+02,1.081648062666519223e+02,1.079060765216692204e+02,1.058639701965322928e+02,8.021877300886175988e+01,7.400762375527423842e+01,6.962381358912107032e+01,6.980244545444776350e+01,7.936347178295191895e+01
1.200000000000000000e+02,1.200000000000000000e+02,1.200000000000000000e+02,1.200000000000000000e+02,1.200000000000000000e+02,1.200000000000000000e+02,1.200000000000000000e+02,1.200000000000000000e+02,1.200000000000000000e+02,1.200000000000000000e+02,1.037131133054504772e+02,1.045327579818233943e+02,1.053507528767693344e+02,1.065478449790091702e+02,1.071058015055693886e+02,1.075883110724722229e+02,1.081341207420070845e+02,1.081240516060145609e+02,1.079949461846264711e+02,1.060785755736731488e+02,8.093158628341622318e+01,7.482387111309897421e+01,7.019507551893995867e+01,7.005359713248161313e+01,7.941788774920739513e+01
1.200000000000000000e+02,1.200000000000000000e+02,1.200000000000000000e+02,1.200000000000000000e+02,1.200000000000000000e+02,1.200000000000000000e+02,1.200000000000000000e+02,1.200000000000000000e+02,1.200000000000000000e+02,1.200000000000000000e+02,1.030570971872529213e+02,1.041155925877325075e+02,1.049274765882014862e+02,1.056817405138657620e+02,1.068059235825380853e+02,1.073101134480628502e+02,1.077041920966343582e+02,1.081427447534133535e+02,1.079958982664918352e+02,1.062491933282284435e+02,8.160802245145001166e+01,7.564190713322030035e+01,7.086835442963806031e+01,7.038163302870306381e+01,7.951435454072354503e+01
1.200000000000000000e+02,1.200000000000000000e+02,1.200000000000000000e+02,1.200000000000000000e+02,1.200000000000000000e+02,1.200000000000000000e+02,1.200000000000000000e+02,1.200000000000000000e+02,1.200000000000000000e+02,1.200000000000000000e+02,1.026827642155623863e+02,1.034266090249890198e+02,1.045001207789395039e+02,1.052984968402654005e+02,1.059854605039548971e+02,1.070291645087710606e+02,1.074799783781707987e+02,1.077876732404485267e+02,1.080373807613680697e+02,1.063358230620602569e+02,8.221550086217824571e+01,7.645930285071166566e+01,7.159750470315488258e+01,7.080903674997279040e+01,7.965863243627694601e+01
1.200000000000000000e+02,1.200000000000000000e+02,1.200000000000000000e+02,1.200000000000000000e+02,1.200000000000000000e+02,1.200000000000000000e+02,1.200000000000000000e+02,1.200000000000000000e+02,1.200000000000000000e+02,1.200000000000000000e+02,1.023453158739631874e+02,1.030537289124767142e+02,1.037895761501406611e+02,1.048632274072477770e+02,1.056433142361375275e+02,1.062618671086437132e+02,1.072197466620757922e+02,1.076123215257770340e+02,1.077541252659478204e+02,1.064404425824069591e+02,8.266865358569789635e+01,7.725467840367265637e+01,7.237327262464334865e+01,7.130910134196025751e+01,7.986858284438777389e+01
1.200000000000000000e+02,1.200000000000000000e+02,1.200000000000000000e+02,1.200000000000000000e+02,1.200000000000000000e+02,1.200000000000000000e+02,1.200000000000000000e+02,1.200000000000000000e+02,1.200000000000000000e+02,1.200000000000000000e+02,1.019276653547781279e+02,1.026902325567108107e+02,1.034255892063659843e+02,1.041427539214248839e+02,1.052029380520150283e+02,1.059605205327718807e+02,1.065110299050773222e+02,1.073747709049982717e+02,1.076243350167498960e+02,1.062575008196326394e+02,8.311190913449888740e+01,7.795270158265857674e+01,7.318365899960028287e+01,7.187726249530592781e+01,8.012782816511865747e+01
1.200000000000000000e+02,1.200000000000000000e+02,1.200000000000000000e+02,1.200000000000000000e+02,1.200000000000000000e+02,1.200000000000000000e+02,1.200000000000000000e+02,1.200000000000000000e+02,1.200000000000000000e+02,1.200000000000000000e+02,1.016583396157458878e+02,1.022329677092532449e+02,1.030377057635683116e+02,1.037935271709633867e+02,1.044835027946893007e+02,1.055181093494365285e+02,1.062490283130217961e+02,1.067280757584166793e+02,1.074129048241818083e+02,1.061802161370397783e+02,8.305915710468259761e+01,7.863076472694262975e+01,7.397068614637522899e+01,7.251160553876877657e+01,8.043861832093557496e+01
1.200000000000000000e+02,1.200000000000000000e+02,1.200000000000000000e+02,1.200000000000000000e+02,1.200000000000000000e+02,1.200000000000000000e+02,1.200000000000000000e+02,1.200000000000000000e+02,1.200000000000000000e+02,1.200000000000000000e+02,1.014162373356228954e+02,1.019487030209064500e+02,1.025466998146745254e+02,1.033829901917564911e+02,1.041533711599841610e+02,1.048097641735986798e+02,1.058079769505127103e+02,1.065031776794761669e+02,1.068304327168160768e+02,1.060130378344417039e+02,8.309189862188671327e+01,7.895389226422852857e+01,7.476767870522887449e+01,7.317473298831346540e+01,8.080346878399424781e+01
1.200000000000000000e+02,1.200000000000000000e+02,1.200000000000000000e+02,1.200000000000000000e+02,1.200000000000000000e+02,1.200000000000000000e+02,1.200000000000000000e+02,1.200000000000000000e+02,1.200000000000000000e+02,1.200000000000000000e+02,1.011614363060564301e+02,1.016784650821721243e+02,1.022529309508258706e+02,1.028651331995214093e+02,1.037221618984012537e+02,1.045016345703950691e+02,1.051196523025569292e+02,1.060672120769799562e+02,1.066381138327612774e+02,1.054811215559921607e+02,8.294508299647510796e+01,7.928092917606720391e+01,7.535339668250252032e+01,7.388241062819676586e+01,8.120126599785585597e+01
1.200000000000000000e+02,1.200000000000000000e+02,1.200000000000000000e+02,1.200000000000000000e+02,1.200000000000000000e+02,1.200000000000000000e+02,1.200000000000000000e+02,1.200000000000000000e+02,1.200000000000000000e+02,1.200000000000000000e+02,1.009807866333493536e+02,1.013892289124885195e+02,1.019547238613692031e+02,1.025667248065672794e+02,1.031846650473143399e+02,1.040518247788873794e+02,1.048349505998834417e+02,1.054063008625481643e+02,1.062112152721483227e+02,1.052861399115849821e+02,8.207865731253991726e+01,7.944776675280682809e+01,7.593202030983168527e+01,7.449393762538902308e+01,8.164642990976757631e+01
1.200000000000000000e+02,1.200000000000000000e+02,1.200000000000000000e+02,1.200000000000000000e+02,1.200000000000000000e+02,1.200000000000000000e+02,1.200000000000000000e+02,1.200000000000000000e+02,1.200000000000000000e+02,1.200000000000000000e+02,1.008221135013356360e+02,1.011885467028172059e+02,1.016332458952290239e+02,1.022414607755910367e+02,1.028863331262479619e+02,1.035023965221135285e+02,1.043691601125334074e+02,1.051451822981068034e+02,1.055804780233239342e+02,1.048564990414210882e+02,8.170435580106442330e+01,7.900672755139343906e+01,7.639336112712672389e+01,7.512778796655570090e+01,8.204759649667059307e+01
1.200000000000000000e+02,1.200000000000000000e+02,1.200000000000000000e+02,1.200000000000000000e+02,1.200000000000000000e+02,1.200000000000000000e+02,1.200000000000000000e+02,1.200000000000000000e+02,1.200000000000000000e+02,1.200000000000000000e+02,1.006703758132885866e+02,1.010052211287675874e+02,1.014149503416544320e+02,1.018906948949337163e+02,1.025349635152521728e+02,1.032080407443231707e+02,1.038153575038741820e+02,1.046663364125478068e+02,1.053373994845354105e+02,1.041911446458951644e+02,8.092721314111769004e+01,7.885010398161639955e+01,7.639141358372799573e+01,7.570291392113317386e+01,8.249551608906243416e+01
1.200000000000000000e+02,1.200000000000000000e+02,1.200000000000000000e+02,1.200000000000000000e+02,1.200000000000000000e+02,1.200000000000000000e+02,1.200000000000000000e+02,1.200000000000000000e+02,1.200000000000000000e+02,1.200000000000000000e+02,1.005562627473274802e+02,1.008275871167423503e+02,1.012064487297191988e+02,1.016576415844073296e+02,1.021587301732045887e+02,1.028317348193898937e+02,1.035280124905415136e+02,1.041149834097952720e+02,1.048468040776885459e+02,1.038991155306469523e+02,7.959308325901068315e+01,7.836529412825747443e+01,7.653574194721045387e+01,7.596511656917668631e+01,8.291878483529754362e+01
1.200000000000000000e+02,1.200000000000000000e+02,1.200000000000000000e+02,1.200000000000000000e+02,1.200000000000000000e+02,1.200000000000000000e+02,1.200000000000000000e+02,1.200000000000000000e+02,1.200000000000000000e+02,1.200000000000000000e+02,1.004590386555891257e+02,1.006958210658612529e+02,1.010029523106416747e+02,1.014239268703781960e+02,1.019140821968185122e+02,1.024346064391750843e+02,1.031282428193423470e+02,1.038363409627168323e+02,1.042967078754318067e+02,1.033483937071841865e+02,7.888537734961784054e+01,7.732930933035248700e+01,7.641726556107236945e+01,7.631957460538448856e+01,8.315014035103527590e+01
1.200000000000000000e+02,1.200000000000000000e+02,1.200000000000000000e+02,1.200000000000000000e+02,1.200000000000000000e+02,1.200000000000000000e+02,1.200000000000000000e+02,1.200000000000000000e+02,1.200000000000000000e+02,1.200000000000000000e+02,1.003708013733557891e+02,1.005791535243505308e+02,1.008528196922406579e+02,1.011945394779949510e+02,1.016549343787558399e+02,1.021812243215848213e+02,1.027150439955819934e+02,1.034145361254815754e+02,1.040205024892497505e+02,1.026958904877112673e+02,7.774111010268326538e+01,7.672522078487283181e+01,7.580940096049083365e+01,7.647757081705296400e+01,8.348089833853828168e+01
1.200000000000000000e+02,1.200000000000000000e+02,1.200000000000000000e+02,1.200000000000000000e+02,1.200000000000000000e+02,1.200000000000000000e+02,1.200000000000000000e+02,1.200000000000000000e+02,1.200000000000000000e+02,1.200000000000000000e+02,1.003008544249386915e+02,1.004728495368811991e+02,1.007161493290445549e+02,1.010271815164021945e+02,1.014011353579325458e+02,1.018971058626961081e+02,1.024558064346554858e+02,1.029898260599639457e+02,1.035735960372245472e+02,1.023314412014381816e+02,7.627473919564343419e+01,7.576755252089462545e+01,7.546510355950482563e+01,7.624601541239333358e+01,8.366564109719759301e+01
1.200000000000000000e+02,1.200000000000000000e+02,1.200000000000000000e+02,1.200000000000000000e+02,1.200000000000000000e+02,1.200000000000000000e+02,1.200000000000000000e+02,1.200000000000000000e+02,1.200000000000000000e+02,1.200000000000000000e+02,1.002411657077515059e+02,1.003898666464704661e+02,1.005905534820135898e+02,1.008695752197006499e+02,1.012177472663657056e+02,1.016208708246756061e+02,1.021472858594439970e+02,1.027264876297181928e+02,1.031313704342290691e+02,1.017780230634250955e+02,7.532679548032236028e+01,7.443475310074227025e+01,7.483054585301908901e+01,7.617777464380823460e+01,8.359614697721214327e+01
1.200000000000000000e+02,1.200000000000000000e+02,1.200000000000000000e+02,1.200000000000000000e+02,1.200000000000000000e+02,1.200000000000000000e+02,1.200000000000000000e+02,1.200000000000000000e+02,1.200000000000000000e+02,1.200000000000000000e+02,1.001877191854750180e+02,1.003183610541744883e+02,1.004932919305928323e+02,1.007239183206505544e+02,1.010385588130058352e+02,1.014229631722753169e+02,1.018511401333402091e+02,1.023939037274461299e+02,1.028562061878472775e+02,1.011924198485038175e+02,7.406870041339546162e+01,7.348820351283426078e+01,7.382450073356095288e+01,7.586912453328167771e+01,8.366600300149104896e+01
1.200000000000000000e+02,1.200000000000000000e+02,1.200000000000000000e+02,1.200000000000000000e+02,1.200000000000000000e+02,1.200000000000000000e+02,1.200000000000000000e+02,1.200000000000000000e+02,1.200000000000000000e+02,1.200000000000000000e+02,1.001441858197859176e+02,1.002574125853371783e+02,1.004087683740369243e+02,1.006121324351682347e+02,1.008727893842427079e+02,1.012219339998461578e+02,1.016404145250455286e+02,1.020799208781315599e+02,1.024923224364007694e+02,1.007950846681317074e+02,7.264103623635195106e+01,7.229173437605719243e+01,7.307429961639081739e+01,7.523663914120842833e+01,8.353815125967736321e+01
1.200000000000000000e+02,1.200000000000000000e+02,1.200000000000000000e+02,1.200000000000000000e+02,1.200000000000000000e+02,1.200000000000000000e+02,1.200000000000000000e+02,1.200000000000000000e+02,1.200000000000000000e+02,1.200000000000000000e+02,8.971732038769475537e+01,1.002052227581522317e+02,1.003334707039401650e+02,1.005113565093892305e+02,1.007453587977475564e+02,1.010359439443801364e+02,1.014171910832758954e+02,1.018570655356678571e+02,1.021504217707264957e+02,1.002940278923161941e+02,7.155992450191146759e+01,7.086549481282990826e+01,7.211683420510144060e+01,7.477189138830802051e+01,8.319827810394264134e+01
1.200000000000000000e+02,1.200000000000000000e+02,1.200000000000000000e+02,1.200000000000000000e+02,1.200000000000000000e+02,1.200000000000000000e+02,1.200000000000000000e+02,1.200000000000000000e+02,1.200000000000000000e+02,1.200000000000000000e+02,5.948200252001891641e+01,1.001509693966471701e+02,1.002726434767549080e+02,1.004217030415950802e+02,1.006278229848722390e+02,1.008933138251655066e+02,1.012118507334133852e+02,1.016110913055104561e+02,1.019054023638753250e+02,9.978744263824448524e+01,7.032174348458686097e+01,6.970139261157945043e+01,7.091664483599151936e+01,7.412695248466106079e+01,8.299201503841980809e+01
1.200000000000000000e+02,1.200000000000000000e+02,1.200000000000000000e+02,1.200000000000000000e+02,1.200000000000000000e+02,1.200000000000000000e+02,1.200000000000000000e+02,1.200000000000000000e+02,1.200000000000000000e+02,1.200000000000000000e+02,2.023980927835205890e+01,1.011280507671318105e+02,1.002189938105933038e+02,1.003501101673270597e+02,1.005227857288528668e+02,1.007580702289653516e+02,1.010544093403501336e+02,1.013864417147551933e+02,1.016261234861376437e+02,9.939452164702224479e+01,6.899705139029173040e+01,6.841523057424983278e+01,6.989404575454381074e+01,7.326346458177886234e+01,8.263183441091288728e+01
1.200000000000000000e+02,1.200000000000000000e+02,1.200000000000000000e+02,1.200000000000000000e+02,1.200000000000000000e+02,1.200000000000000000e+02,1.200000000000000000e+02,1.200000000000000000e+02,1.200000000000000000e+02,1.200000000000000000e+02,7.723319639972635819e+00,1.028954677227390562e+02,1.015563620881440414e+02,1.002879528744315962e+02,1.004391545122589093e+02,1.006369616031663270e+02,1.009007137680343504e+02,1.012137618767081193e+02,1.013693211363236344e+02,9.895962393141421387e+01,6.787663735066098525e+01,6.699678235786227276e+01,6.877126207366075050e+01,7.252167610297460953e+01,8.213264035526461271e+01
1.200000000000000000e+02,1.200000000000000000e+02,1.200000000000000000e+02,1.200000000000000000e+02,1.200000000000000000e+02,1.200000000000000000e+02,1.200000000000000000e+02,1.200000000000000000e+02,1.200000000000000000e+02,1.200000000000000000e+02,3.233893143266287495e+01,1.043762652710674956e+02,1.040888645351654276e+02,1.016604435990053332e+02,1.003663476546091573e+02,1.005407114206417418e+02,1.007632218183021990e+02,1.010402001878226201e+02,1.011689153560856056e+02,9.852895898448517187e+01,6.670572415009550582e+01,6.572639288381107292e+01,6.750577746552225733e+01,7.169078771654962168e+01,8.173043772225426551e+01
1.200000000000000000e+02,1.200000000000000000e+02,1.200000000000000000e+02,1.200000000000000000e+02,1.200000000000000000e+02,1.200000000000000000e+02,1.200000000000000000e+02,1.200000000000000000e+02,1.200000000000000000e+02,1.200000000000000000e+02,3.720030097212268316e+01,1.036099021441499275e+02,1.062150557913405464e+02,1.042336996197001042e+02,1.016157791963474040e+02,1.004542627791538507e+02,1.006533343466051207e+02,1.008848103196201578e+02,1.009624160631350094e+02,9.816465291913806368e+01,6.549670386200095606e+01,6.442148134341186960e+01,6.633823158914438523e+01,7.073327926895075279e+01,8.125076844259446318e+01
1.200000000000000000e+02,1.200000000000000000e+02,1.200000000000000000e+02,1.200000000000000000e+02,1.200000000000000000e+02,1.200000000000000000e+02,1.200000000000000000e+02,1.200000000000000000e+02,1.200000000000000000e+02,1.200000000000000000e+02,3.897922662471035693e+01,9.782837070637047816e+01,1.062898769811543929e+02,1.063776190404729221e+02,1.039514018460394595e+02,1.015186900267333101e+02,1.005524949158165242e+02,1.007599797680246354e+02,1.007745930553639511e+02,9.779223578604018030e+01,6.439918807873439732e+01,6.304984496304218311e+01,6.514479747846858970e+01,6.984594458855616494e+01,8.069419187793543813e+01
1.200000000000000000e+02,1.200000000000000000e+02,1.200000000000000000e+02,1.200000000000000000e+02,1.200000000000000000e+02,1.200000000000000000e+02,1.200000000000000000e+02,1.200000000000000000e+02,1.200000000000000000e+02,1.200000000000000000e+02,2.153010010018861919e+01,9.460901501907622446e+01,1.020519182931876117e+02,1.068611424440452566e+02,1.059350185313781765e+02,1.035104765386880104e+02,1.014168805049376658e+02,1.006426727274479447e+02,1.006204368929767980e+02,9.742802107819929347e+01,6.330371259845787790e+01,6.175158061565231549e+01,6.388071774242540357e+01,6.893685478628852081e+01,8.019659982003139476e+01
1.200000000000000000e+02,1.200000000000000000e+02,1.200000000000000000e+02,1.200000000000000000e+02,1.200000000000000000e+02,1.200000000000000000e+02,1.200000000000000000e+02,1.200000000000000000e+02,1.200000000000000000e+02,1.200000000000000000e+02,4.185728572495989397e+00,9.496463606433135851e+01,9.910514488277388523e+01,1.038414429640989169e+02,1.066810584580124157e+02,1.052601154556374894e+02,1.030417732085574158e+02,1.013152203004172378e+02,1.004720951347382822e+02,9.710238092210234129e+01,6.219904729369092422e+01,6.045906544867906263e+01,6.266356121765317511e+01,6.796959771102925174e+01,7.967977948843922320e+01
1.200000000000000000e+02,1.200000000000000000e+02,1.200000000000000000e+02,1.200000000000000000e+02,1.200000000000000000e+02,1.200000000000000000e+02,1.200000000000000000e+02,1.200000000000000000e+02,1.200000000000000000e+02,1.200000000000000000e+02,1.961958559457895745e+01,9.777897188893874159e+01,9.891835532042256318e+01,1.015992941170748765e+02,1.046232622997624446e+02,1.061700700129657093e+02,1.045255373373561412e+02,1.025914945970308736e+02,1.009587932148010623e+02,9.678315600312488698e+01,6.115329555917339377e+01,5.914163268076255520e+01,6.145520844100480673e+01,6.704004727745578407e+01,7.913123439281015692e+01
1.200000000000000000e+02,1.200000000000000000e+02,1.200000000000000000e+02,1.200000000000000000e+02,1.200000000000000000e+02,1.200000000000000000e+02,1.200000000000000000e+02,1.200000000000000000e+02,1.200000000000000000e+02,1.200000000000000000e+02,1.407856246200864803e+01,9.976974632615910821e+01,1.011067460715081125e+02,1.012668705623620440e+02,1.030802920174543118e+02,1.048825796190114801e+02,1.055143512801926988e+02,1.038032139257920505e+02,1.019171020103866994e+02,9.696491912467854490e+01,6.012663690691003637e+01,5.785876049662636689e+01,6.022355617275889728e+01,6.612252054073222496e+01,7.861750795420348936e+01
1.200000000000000000e+02,1.200000000000000000e+02,1.200000000000000000e+02,1.200000000000000000e+02,1.200000000000000000e+02,1.200000000000000000e+02,1.200000000000000000e+02,1.200000000000000000e+02,1.200000000000000000e+02,1.200000000000000000e+02,6.984118206281361374e+00,9.649624595076160460e+01,1.029164021337158488e+02,1.027076059988520313e+02,1.027480088706417831e+02,1.039532313127076151e+02,1.048360499924312990e+02,1.047994472942065869e+02,1.028665132511962668e+02,9.755753852181051400e+01,5.967087598213556987e+01,5.659264069448658319e+01,5.901636889886176363e+01,6.519201899213031481e+01,7.811412513615468356e+01
1.200000000000000000e+02,1.200000000000000000e+02,1.200000000000000000e+02,1.200000000000000000e+02,1.200000000000000000e+02,1.200000000000000000e+02,1.200000000000000000e+02,1.200000000000000000e+02,1.200000000000000000e+02,1.200000000000000000e+02,1.950439592088875143e-02,9.504178584561071830e+01,1.007914077404618212e+02,1.040196635278804536e+02,1.036029498750749127e+02,1.036835512760299451e+02,1.044134410440623100e+02,1.045817447615081051e+02,1.038128497126378562e+02,9.821359622058929517e+01,5.976049861296620236e+01,5.562910996176484701e+01,5.782910693416263825e+01,6.428713210782527199e+01,7.760846741443208430e+01
1.200000000000000000e+02,1.200000000000000000e+02,1.200000000000000000e+02,1.200000000000000000e+02,1.200000000000000000e+02,1.200000000000000000e+02,1.200000000000000000e+02,1.200000000000000000e+02,1.200000000000000000e+02,1.200000000000000000e+02,1.563392428630474770e-02,9.580776888750831688e+01,9.995334261227984030e+01,1.025030879105741946e+02,1.044849247188333692e+02,1.041322616155222534e+02,1.042405092283774621e+02,1.045567081734605352e+02,1.039249126420696854e+02,9.906586246289181474e+01,6.000707045328919520e+01,5.495582412408459305e+01,5.680089511917455525e+01,6.340701335245391590e+01,7.712754511738765473e+01
1.200000000000000000e+02,1.200000000000000000e+02,1.200000000000000000e+02,1.200000000000000000e+02,1.200000000000000000e+02,1.200000000000000000e+02,1.200000000000000000e+02,1.200000000000000000e+02,1.200000000000000000e+02,1.200000000000000000e+02,1.508621121551063027e+01,9.692344348061594417e+01,1.006510795024575913e+02,1.021297043180972963e+02,1.033299841332440963e+02,1.046988128593991831e+02,1.044357639221071707e+02,1.044996589767638682e+02,1.041943589503117380e+02,9.947333286709852018e+01,6.072007868304729072e+01,5.433461166070946291e+01,5.590745123568819963e+01,6.261972105175811976e+01,7.666779517958845247e+01
1.200000000000000000e+02,1.200000000000000000e+02,1.200000000000000000e+02,1.200000000000000000e+02,1.200000000000000000e+02,1.200000000000000000e+02,1.200000000000000000e+02,1.200000000000000000e+02,1.200000000000000000e+02,1.200000000000000000e+02,1.204004356977162127e+00,9.667893026008501067e+01,1.014563554836142885e+02,1.027198392811512235e+02,1.032689954197482223e+02,1.037825657228973171e+02,1.047943308082301854e+02,1.045610092751484359e+02,1.042647154755969012e+02,1.000185369266439039e+02,6.135659248733244908e+01,5.400065112635626008e+01,5.499198628113299492e+01,6.189553934042690031e+01,7.626710421439807419e+01
1.200000000000000000e+02,1.200000000000000000e+02,1.200000000000000000e+02,1.200000000000000000e+02,1.200000000000000000e+02,1.200000000000000000e+02,1.200000000000000000e+02,1.200000000000000000e+02,1.200000000000000000e+02,1.200000000000000000e+02,1.774491252820076942e-02,9.244075201707502742e+01,1.015103374190671843e+02,1.031948318401551177e+02,1.037630793525158737e+02,1.039213341525847909e+02,1.040560667329385609e+02,1.048024487906639877e+02,1.042861958475877344e+02,1.003220022412592556e+02,6.235170984548987860e+01,5.383219930055766156e+01,5.419587159684726174e+01,6.112932411191530235e+01,7.589072937893133997e+01
1.200000000000000000e+02,1.200000000000000000e+02,1.200000000000000000e+02,1.200000000000000000e+02,1.200000000000000000e+02,1.200000000000000000e+02,1.200000000000000000e+02,1.200000000000000000e+02,1.200000000000000000e+02,1.200000000000000000e+02,1.068576321495532701e-02,9.303616743818321311e+01,9.856632997301019827e+01,1.033056460591907353e+02,1.039863619215578865e+02,1.043236401089957184e+02,1.043103534256182883e+02,1.042103741020592906e+02,1.044854145888704124e+02,1.004342687989440890e+02,6.315215299256618664e+01,5.403961478488605508e+01,5.353026936330334706e+01,6.040443442511618599e+01,7.546932685504317817e+01
1.200000000000000000e+02,1.200000000000000000e+02,1.200000000000000000e+02,1.200000000000000000e+02,1.200000000000000000e+02,1.200000000000000000e+02,1.200000000000000000e+02,1.200000000000000000e+02,1.200000000000000000e+02,1.200000000000000000e+02,1.185684402429305201e-02,9.370226746164573228e+01,9.903076603347436446e+01,1.012037545258743592e+02,1.041178393599430194e+02,1.043651553510432706e+02,1.046261619372860139e+02,1.045220954504803075e+02,1.040319252058637289e+02,1.007121223480086911e+02,6.355546778674898434e+01,5.430639043938633392e+01,5.312261053965433888e+01,5.974743827593220402e+01,7.506101735113514906e+01
1.200000000000000000e+02,1.200000000000000000e+02,1.200000000000000000e+02,1.200000000000000000e+02,1.200000000000000000e+02,1.200000000000000000e+02,1.200000000000000000e+02,1.200000000000000000e+02,1.200000000000000000e+02,1.200000000000000000e+02,1.550575825421341390e-02,9.379734518694766621e+01,9.949211057352175658e+01,1.016530544285486570e+02,1.025827890971634844e+02,1.045168634694374674e+02,1.045419804996773081e+02,1.047619210870796707e+02,1.043669235469008783e+02,1.004839430091040100e+02,6.414903886939117683e+01,5.438300409212391173e+01,5.282056739219247277e+01,5.923178371639260575e+01,7.467961787773779747e+01
1.200000000000000000e+02,1.200000000000000000e+02,1.200000000000000000e+02,1.200000000000000000e+02,1.200000000000000000e+02,1.200000000000000000e+02,1.200000000000000000e+02,1.200000000000000000e+02,1.200000000000000000e+02,1.200000000000000000e+02,1.048383412686022288e-02,9.314012650517672398e+01,9.938864190615898053e+01,1.018175227122122379e+02,1.030288600949012903e+02,1.033840108164081784e+02,1.047179074140426422e+02,1.045971285628839098e+02,1.045549848541910052e+02,1.008535241031761984e+02,6.420773233220985787e+01,5.459847038495557570e+01,5.245591415493269949e+01,5.878121290734838311e+01,7.437234945285001686e+01
1.200000000000000000e+02,1.200000000000000000e+02,1.200000000000000000e+02,1.200000000000000000e+02,1.200000000000000000e+02,1.200000000000000000e+02,1.200000000000000000e+02,1.200000000000000000e+02,1.200000000000000000e+02,1.200000000000000000e+02,1.016728293757303801e-02,9.233849996441826136e+01,9.908246805621168107e+01,1.016062351749133086e+02,1.030070509096912019e+02,1.038154432870268238e+02,1.038797303555795111e+02,1.048006205127487931e+02,1.043525403881668439e+02,1.010978141188011676e+02,6.490085352110973815e+01,5.464720450915216787e+01,5.220314690549346182e+01,5.830097553542066890e+01,7.408593158077559337e+01
1.200000000000000000e+02,1.200000000000000000e+02,1.200000000000000000e+02,1.200000000000000000e+02,1.200000000000000000e+02,1.200000000000000000e+02,1.200000000000000000e+02,1.200000000000000000e+02,1.200000000000000000e+02,1.200000000000000000e+02,1.142012536080571662e-02,9.159868765228749510e+01,9.861506452079778740e+01,1.014667675779848537e+02,1.027074405276467957e+02,1.036805440559362097e+02,1.042799193030509031e+02,1.041798323853618484e+02,1.045838160320600139e+02,1.009194264817870703e+02,6.551988136588542488e+01,5.504041796648209584e+01,5.195056461818312243e+01,5.789889878326658135e+01,7.377018530246188277e+01
1.200000000000000000e+02,1.200000000000000000e+02,1.200000000000000000e+02,1.200000000000000000e+02,1.200000000000000000e+02,1.200000000000000000e+02,1.200000000000000000e+02,1.200000000000000000e+02,1.200000000000000000e+02,1.200000000000000000e+02,1.489971389476160701e-02,8.574518085474929308e+01,9.809242628630283889e+01,1.011536134023492082e+02,1.026715125954437724e+02,1.033266459158498805e+02,1.040837368227471842e+02,1.045362551154069877e+02,1.041321831169871928e+02,1.011970950346539411e+02,6.541749859956273383e+01,5.546608364480962194e+01,5.191722607953345658e+01,5.753202975634915362e+01,7.350204453485960698e+01
1.200000000000000000e+02,1.200000000000000000e+02,1.200000000000000000e+02,1.200000000000000000e+02,1.200000000000000000e+02,1.200000000000000000e+02,1.200000000000000000e+02,1.200000000000000000e+02,1.200000000000000000e+02,1.200000000000000000e+02,1.009507372489538632e-02,8.596783153613485240e+01,9.766375627103370505e+01,1.007393301666203200e+02,1.024331017535145776e+02,1.033652892790330071e+02,1.037069142498976788e+02,1.043168170849267113e+02,1.044374977899362875e+02,1.009609625461866358e+02,6.592364727337761110e+01,5.543944824272278993e+01,5.195757472134313559e+01,5.730651794366929153e+01,7.325443034672963449e+01
1.200000000000000000e+02,1.200000000000000000e+02,1.200000000000000000e+02,1.200000000000000000e+02,1.200000000000000000e+02,1.200000000000000000e+02,1.200000000000000000e+02,1.200000000000000000e+02,1.200000000000000000e+02,1.200000000000000000e+02,1.311272419393760998e-02,8.001652751990307877e+01,9.800045925288158344e+01,1.003887125295166243e+02,1.020784305038928892e+02,1.031560803531139925e+02,1.038007404806272120e+02,1.039417087436882667e+02,1.042258422076451438e+02,1.012080707540547877e+02,6.597222465773049294e+01,5.573477146016778505e+01,5.176960708846913661e+01,5.714384018783162844e+01,7.309714172003720023e+01
1.200000000000000000e+02,1.200000000000000000e+02,1.200000000000000000e+02,1.200000000000000000e+02,1.200000000000000000e+02,1.200000000000000000e+02,1.200000000000000000e+02,1.200000000000000000e+02,1.200000000000000000e+02,1.200000000000000000e+02,1.657270442686997400e-02,6.943524488593985211e+01,9.705241252707691046e+01,1.007929513921485380e+02,1.017951993479483122e+02,1.028381156615115231e+02,1.035964180115202851e+02,1.040757356242942251e+02,1.038730509520464977e+02,1.010685443355133231e+02,6.639172145031318450e+01,5.594349884307775511e+01,5.175502416137786810e+01,5.686411299430669430e+01,7.296735158579100755e+01
1.200000000000000000e+02,1.200000000000000000e+02,1.200000000000000000e+02,1.200000000000000000e+02,1.200000000000000000e+02,1.200000000000000000e+02,1.200000000000000000e+02,1.200000000000000000e+02,1.200000000000000000e+02,1.200000000000000000e+02,1.829046541720753816e-02,5.116431508134994033e+01,9.738155319874751115e+01,9.998508557925120499e+01,1.021461897715320077e+02,1.026150080230277553e+02,1.033025163350054783e+02,1.038639248755307136e+02,1.040312039908707504e+02,1.007437680970736551e+02,6.637496257672310662e+01,5.627329324610995798e+01,5.179617185163626658e+01,5.669424826224553726e+01,7.276009940756328831e+01
1.200000000000000000e+02,1.200000000000000000e+02,1.200000000000000000e+02,1.200000000000000000e+02,1.200000000000000000e+02,1.200000000000000000e+02,1.200000000000000000e+02,1.200000000000000000e+02,1.200000000000000000e+02,1.200000000000000000e+02,1.851378982312931049e-02,4.108004114432111464e+01,9.816610056794206685e+01,1.004064650162544012e+02,1.014365194171029145e+02,1.028888655870117788e+02,1.031344196016102188e+02,1.035884255711966517e+02,1.038130252124648507e+02,1.009128593356667665e+02,6.596963246388801849e+01,5.638084213728382821e+01,5.190432225582586767e+01,5.659893845432952730e+01,7.263019449326370136e+01
1.200000000000000000e+02,1.200000000000000000e+02,1.200000000000000000e+02,1.200000000000000000e+02,1.200000000000000000e+02,1.200000000000000000e+02,1.200000000000000000e+02,1.200000000000000000e+02,1.200000000000000000e+02,1.200000000000000000e+02,1.070380407391372662e-02,5.517296090758586757e+01,9.958481018346540736e+01,1.013129729064765030e+02,1.018419959103603247e+02,1.022526550262358711e+02,1.033295914293491506e+02,1.034701220730295148e+02,1.035508437034793587e+02,1.007220767330888265e+02,6.625065624519608320e+01,5.621949539531913587e+01,5.192053797825760597e+01,5.654953607230802248e+01,7.254524555415146381e+01
1.200000000000000000e+02,1.200000000000000000e+02,1.200000000000000000e+02,1.200000000000000000e+02,1.200000000000000000e+02,1.200000000000000000e+02,1.200000000000000000e+02,1.200000000000000000e+02,1.200000000000000000e+02,1.200000000000000000e+02,1.341872784335503173e-02,6.178218334179197058e+01,9.958150774182153953e+01,1.027898842282809255e+02,1.026469682728667436e+02,1.026177623723039716e+02,1.027523028539506669e+02,1.035911445573680538e+02,1.034740623435052385e+02,1.004256030528683254e+02,6.609419356795336853e+01,5.644782087893997158e+01,5.180600484659689897e+01,5.646623618083876295e+01,7.248877841689177615e+01
1.200000000000000000e+02,1.200000000000000000e+02,1.200000000000000000e+02,1.200000000000000000e+02,1.200000000000000000e+02,1.200000000000000000e+02,1.200000000000000000e+02,1.200000000000000000e+02,1.200000000000000000e+02,1.200000000000000000e+02,1.810134132554602066e-02,6.320577079509448737e+01,9.541887093207807879e+01,1.032089693234280361e+02,1.038949197768789077e+02,1.032860859257359749e+02,1.030748873671855108e+02,1.030655640227221568e+02,1.035303554228671175e+02,1.003624479582483531e+02,6.558569906233407210e+01,5.647625960479557961e+01,5.191506195612687691e+01,5.633126522319138019e+01,7.240910747065873920e+01
1.200000000000000000e+02,1.200000000000000000e+02,1.200000000000000000e+02,1.200000000000000000e+02,1.200000000000000000e+02,1.200000000000000000e+02,1.200000000000000000e+02,1.200000000000000000e+02,1.200000000000000000e+02,1.200000000000000000e+02,2.214183901657031800e-02,4.773471732864840078e+01,9.354086981129006517e+01,1.002478822537522518e+02,1.044079728600284227e+02,1.042796921840818385e+02,1.036070827792332238e+02,1.033477556190996296e+02,1.030477954431510028e+02,1.003623509206970255e+02,6.544554527613880168e+01,5.618271124706026143e+01,5.196550858751668045e+01,5.634321073983808503e+01,7.230598986933520678e+01
1.200000000000000000e+02,1.200000000000000000e+02,1.200000000000000000e+02,1.200000000000000000e+02,1.200000000000000000e+02,1.200000000000000000e+02,1.200000000000000000e+02,1.200000000000000000e+02,1.200000000000000000e+02,1.200000000000000000e+02,2.375281962207326583e-02,3.355546520961571844e+01,9.444305630051552214e+01,9.860996605282582550e+01,1.022905066489675363e+02,1.048023184466727002e+02,1.043653111664393549e+02,1.037545902315696082e+02,1.032878979951067180e+02,9.987844988866579854e+01,6.540157255057904706e+01,5.609096307002617721e+01,5.181307665125871864e+01,5.634905675497951449e+01,7.230592599537779108e+01
1.200000000000000000e+02,1.200000000000000000e+02,1.200000000000000000e+02,1.200000000000000000e+02,1.200000000000000000e+02,1.200000000000000000e+02,1.200000000000000000e+02,1.200000000000000000e+02,1.200000000000000000e+02,1.200000000000000000e+02,1.353235759210581236e-02,4.561092824393990242e+01,9.745414647638484951e+01,9.897301871656362948e+01,1.011175326215390982e+02,1.032831230602571821e+02,1.048656056762836357e+02,1.043068574730667137e+02,1.035859339117892830e+02,1.000133598917790181e+02,6.462674602334594454e+01,5.608062536791170771e+01,5.176530936821744433e+01,5.624406915111239869e+01,7.229904055970908416e+01
1.200000000000000000e+02,1.200000000000000000e+02,1.200000000000000000e+02,1.200000000000000000e+02,1.200000000000000000e+02,1.200000000000000000e+02,1.200000000000000000e+02,1.200000000000000000e+02,1.200000000000000000e+02,1.200000000000000000e+02,1.708972950998203719e-02,4.772540473257740956e+01,9.903837712035635832e+01,1.011759637274349473e+02,1.012585582334171335e+02,1.025269859100660881e+02,1.037854200154038722e+02,1.047702281586337563e+02,1.039625655960645503e+02,1.002338201209017257e+02,6.457059762956009763e+01,5.559469850268969537e+01,5.178944463920673513e+01,5.621338362541854394e+01,7.223082237535713546e+01
1.200000000000000000e+02,1.200000000000000000e+02,1.200000000000000000e+02,1.200000000000000000e+02,1.200000000000000000e+02,1.200000000000000000e+02,1.200000000000000000e+02,1.200000000000000000e+02,1.200000000000000000e+02,1.200000000000000000e+02,2.243773960116110175e-02,4.674099449764000980e+01,9.518555930097888051e+01,1.026044312678981498e+02,1.027233678783462807e+02,1.025717850457564282e+02,1.033635880301867758e+02,1.040170225521420946e+02,1.043815432473095797e+02,1.004380069200902881e+02,6.479209712850747849e+01,5.542233163454189082e+01,5.154839343356896819e+01,5.624413024212208256e+01,7.222275130540384680e+01
1.200000000000000000e+02,1.200000000000000000e+02,1.200000000000000000e+02,1.200000000000000000e+02,1.200000000000000000e+02,1.200000000000000000e+02,1.200000000000000000e+02,1.200000000000000000e+02,1.200000000000000000e+02,1.200000000000000000e+02,2.596416830867287820e-02,3.251027371919902720e+01,9.294490380957653031e+01,1.001885802204225797e+02,1.037932958062968538e+02,1.034939833385466841e+02,1.033687311110049052e+02,1.038459702892122891e+02,1.038737309843547933e+02,1.008036907932966244e+02,6.486509798920350534e+01,5.547819094696241393e+01,5.142466155901522740e+01,5.613180757309252300e+01,7.225387568554631912e+01
1.200000000000000000e+02,1.200000000000000000e+02,1.200000000000000000e+02,1.200000000000000000e+02,1.200000000000000000e+02,1.200000000000000000e+02,1.200000000000000000e+02,1.200000000000000000e+02,1.200000000000000000e+02,1.200000000000000000e+02,2.679633706708577784e-02,2.324394890438751204e+01,9.348937771813571374e+01,9.864034008345774396e+01,1.021518875770660486e+02,1.042574886985171361e+02,1.039078759528129154e+02,1.038407178464262444e+02,1.038745010018280368e+02,1.005213059183300146e+02,6.523880499984296932e+01,5.536753323670356508e+01,5.144427730734164328e+01,5.607961498893416774e+01,7.219962291071773564e+01
1.200000000000000000e+02,1.200000000000000000e+02,1.200000000000000000e+02,1.200000000000000000e+02,1.200000000000000000e+02,1.200000000000000000e+02,1.200000000000000000e+02,1.200000000000000000e+02,1.200000000000000000e+02,1.200000000000000000e+02,1.530689928964360999e-02,3.849551564235333245e+01,9.656795772975299030e+01,9.887048344278070999e+01,1.012008399936008516e+02,1.030809365683640095e+02,1.044406929550943914e+02,1.041179874204598690e+02,1.038761764516954855e+02,1.006223279984564272e+02,6.503783917558841665e+01,5.538911606860650494e+01,5.133068178324982256e+01,5.611772318832889539e+01,7.219659051693967911e+01
1.200000000000000000e+02,1.200000000000000000e+02,1.200000000000000000e+02,1.200000000000000000e+02,1.200000000000000000e+02,1.200000000000000000e+02,1.200000000000000000e+02,1.200000000000000000e+02,1.200000000000000000e+02,1.200000000000000000e+02,1.998838300789707728e-02,3.960085577178794836e+01,9.821719023474548749e+01,1.009658430413053622e+02,1.013334441751205759e+02,1.025588269641780670e+02,1.035684037656984771e+02,1.044882174358351818e+02,1.039836557467480134e+02,1.006768637441413006e+02,6.528081806391749353e+01,5.524271856839355621e+01,5.122477572819609293e+01,5.605902480958324929e+01,7.224457986225557704e+01
1.200000000000000000e+02,1.200000000000000000e+02,1.200000000000000000e+02,1.200000000000000000e+02,1.200000000000000000e+02,1.200000000000000000e+02,1.200000000000000000e+02,1.200000000000000000e+02,1.200000000000000000e+02,1.200000000000000000e+02,2.675129917482319333e-02,3.755923020019466918e+01,9.390295246524733841e+01,1.022933935076125351e+02,1.026948556357835258e+02,1.026561801086329240e+02,1.033418419908651344e+02,1.038288845129404336e+02,1.042462663337236819e+02,1.006724198940513446e+02,6.550771710958242977e+01,5.538064284563872519e+01,5.107263179938722431e+01,5.597166479973992637e+01,7.222088422523407303e+01
1.200000000000000000e+02,1.200000000000000000e+02,1.200000000000000000e+02,1.200000000000000000e+02,1.200000000000000000e+02,1.200000000000000000e+02,1.200000000000000000e+02,1.200000000000000000e+02,1.200000000000000000e+02,1.200000000000000000e+02,3.049359865374130091e-02,2.294435100425930685e+01,9.166011766396067628e+01,9.963574026577973086e+01,1.036511145127290234e+02,1.035157266795491466e+02,1.034196983621651356e+02,1.037948112409633268e+02,1.037465704542994018e+02,1.008660634643420622e+02,6.543968317666883650e+01,5.557876724495353216e+01,5.109277284001491637e+01,5.586288488705562116e+01,7.217443710534790569e+01
1.200000000000000000e+02,1.200000000000000000e+02,1.200000000000000000e+02,1.200000000000000000e+02,1.200000000000000000e+02,1.200000000000000000e+02,1.200000000000000000e+02,1.200000000000000000e+02,1.200000000000000000e+02,1.200000000000000000e+02,3.064384164881914230e-02,1.575216979402685880e+01,9.254930270599435005e+01,9.809207720909667216e+01,1.018625680043001580e+02,1.041919652963388643e+02,1.039331727607260945e+02,1.038566156561496854e+02,1.038247493906733894e+02,1.005229951750876296e+02,6.562903171172897032e+01,5.552475324572505144e+01,5.118691638189232407e+01,5.585050833182330621e+01,7.211167697401852195e+01
1.200000000000000000e+02,1.200000000000000000e+02,1.200000000000000000e+02,1.200000000000000000e+02,1.200000000000000000e+02,1.200000000000000000e+02,1.200000000000000000e+02,1.200000000000000000e+02,1.200000000000000000e+02,1.200000000000000000e+02,1.765582879600329641e-02,3.252675828943171865e+01,9.611202112824368271e+01,9.850929449476097943e+01,1.009192448610905757e+02,1.029219638117339741e+02,1.044112699379302285e+02,1.041317780853584765e+02,1.038737322546366073e+02,1.006377602975407939e+02,6.529849814075606673e+01,5.556234380003583340e+01,5.113014845512060447e+01,5.588679263786504947e+01,7.211193267828836895e+01
1.200000000000000000e+02,1.200000000000000000e+02,1.200000000000000000e+02,1.200000000000000000e+02,1.200000000000000000e+02,1.200000000000000000e+02,1.200000000000000000e+02,1.200000000000000000e+02,1.200000000000000000e+02,1.200000000000000000e+02,2.303357655537893386e-02,3.187228108541501115e+01,9.793265910132693364e+01,1.008086767737464697e+02,1.011517205175710643e+02,1.024049491423717484e+02,1.034821490595402906e+02,1.044746144192829291e+02,1.039887999280899180e+02,1.007047404519507552e+02,6.549134749515741305e+01,5.541175054945413336e+01,5.108746918123887326e+01,5.583098642158817171e+01,7.213501102746349147e+01
1.200000000000000000e+02,1.200000000000000000e+02,1.200000000000000000e+02,1.200000000000000000e+02,1.200000000000000000e+02,1.200000000000000000e+02,1.200000000000000000e+02,1.200000000000000000e+02,1.200000000000000000e+02,1.200000000000000000e+02,2.926104650861315395e-02,2.885755517968773276e+01,9.304797681223971040e+01,1.022128965931069473e+02,1.025999487605203626e+02,1.025505208066699367e+02,1.032575401371397135e+02,1.037845156653033172e+02,1.042419912064728038e+02,1.007000145670423592e+02,6.568290226667342324e+01,5.554547367017653414e+01,5.098957596757777821e+01,5.577189683364875350e+01,7.209412194124037399e+01
1.200000000000000000e+02,1.200000000000000000e+02,1.200000000000000000e+02,1.200000000000000000e+02,1.200000000000000000e+02,1.200000000000000000e+02,1.200000000000000000e+02,1.200000000000000000e+02,1.200000000000000000e+02,1.200000000000000000e+02,3.068023925333311294e-02,1.455952722748950201e+01,9.066838530950157349e+01,9.934951088064821079e+01,1.035972114801751474e+02,1.034426899744442494e+02,1.033526612571149172e+02,1.037504616246958449e+02,1.037284724232744964e+02,1.008900550453130620e+02,6.558527917366436100e+01,5.572744644256871993e+01,5.104947891566158802e+01,5.569856553708554259e+01,7.205211652025812441e+01
1.200000000000000000e+02,1.200000000000000000e+02,1.200000000000000000e+02,1.200000000000000000e+02,1.200000000000000000e+02,1.200000000000000000e+02,1.200000000000000000e+02,1.200000000000000000e+02,1.200000000000000000e+02,1.200000000000000000e+02,2.965841697565078927e-02,1.008381347219027191e+01,9.182204873067824735e+01,9.777678068827340496e+01,1.017321925674637271e+02,1.041424868096925707e+02,1.038721200190456528e+02,1.038118175139239270e+02,1.038052963888820273e+02,1.005403843725060682e+02,6.576283817048687297e+01,5.565489460859444648e+01,5.116467709601130309e+01,5.571755722850291193e+01,7.200362353170213225e+01
1.200000000000000000e+02,1.200000000000000000e+02,1.200000000000000000e+02,1.200000000000000000e+02,1.200000000000000000e+02,1.200000000000000000e+02,1.200000000000000000e+02,1.200000000000000000e+02,1.200000000000000000e+02,1.200000000000000000e+02,1.855126528813803161e-02,2.792870792484458420e+01,9.581048360683902843e+01,9.832632810572941651e+01,1.008063956111472237e+02,1.028503201538954102e+02,1.043637911509529062e+02,1.040800737899567849e+02,1.038443076628249315e+02,1.006496571920746987e+02,6.542431166183922642e+01,5.568951112424239369e+01,5.111935850713681617e+01,5.577638392196629269e+01,7.201905215898362655e+01
1.200000000000000000e+02,1.200000000000000000e+02,1.200000000000000000e+02,1.200000000000000000e+02,1.200000000000000000e+02,1.200000000000000000e+02,1.200000000000000000e+02,1.200000000000000000e+02,1.200000000000000000e+02,1.200000000000000000e+02,2.359152703224770900e-02,2.598478738563968449e+01,9.765997198643151478e+01,1.007616689680490936e+02,1.011121142770420818e+02,1.023683460503682170e+02,1.034365009899754000e+02,1.044302837323903788e+02,1.039466196578763828e+02,1.006990546660159680e+02,6.560295313067153700e+01,5.554336880139208432e+01,5.109320289427359540e+01,5.573808249372680734e+01,7.205357221484661068e+01
1.200000000000000000e+02,1.200000000000000000e+02,1.200000000000000000e+02,1.200000000000000000e+02,1.200000000000000000e+02,1.200000000000000000e+02,1.200000000000000000e+02,1.200000000000000000e+02,1.200000000000000000e+02,1.200000000000000000e+02,2.944536669581857696e-02,2.240480130448217011e+01,9.218204503176167464e+01,1.021447297322926175e+02,1.026009921791486619e+02,1.025567771919348417e+02,1.032508871795489824e+02,1.037516290450928125e+02,1.042028843652680763e+02,1.006762355106985609e+02,6.575605719607884225e+01,5.567495310673668030e+01,5.101582919143078954e+01,5.569927426308004215e+01,7.202231826849593688e+01
1.200000000000000000e+02,1.200000000000000000e+02,1.200000000000000000e+02,1.200000000000000000e+02,1.200000000000000000e+02,1.200000000000000000e+02,1.200000000000000000e+02,1.200000000000000000e+02,1.200000000000000000e+02,1.200000000000000000e+02,3.271175930867362830e-02,8.693304889204208408e+00,8.968977400313657711e+01,9.903861256741204500e+01,1.035715221120683083e+02,1.034554889773450554e+02,1.033717131963426112e+02,1.037540156504214650e+02,1.037029706724085401e+02,1.008639052415064867e+02,6.561751657128618831e+01,5.583516639018683492e+01,5.109040525366946639e+01,5.564851033898840171e+01,7.199259717397389124e+01
1.200000000000000000e+02,1.200000000000000000e+02,1.200000000000000000e+02,1.200000000000000000e+02,1.200000000000000000e+02,1.200000000000000000e+02,1.200000000000000000e+02,1.200000000000000000e+02,1.200000000000000000e+02,1.200000000000000000e+02,3.693552203779218446e-02,6.601730731186473022e+00,9.109363225460880642e+01,9.741900420127348070e+01,1.015919128166306393e+02,1.041327947762506909e+02,1.038861773786365035e+02,1.038308857166279324e+02,1.038107064524819094e+02,1.005243147217112636e+02,6.577822795989705185e+01,5.573557726048553462e+01,5.120658390253407077e+01,5.568588979431143571e+01,7.195812223830057519e+01
1.200000000000000000e+02,1.200000000000000000e+02,1.200000000000000000e+02,1.200000000000000000e+02,1.200000000000000000e+02,1.200000000000000000e+02,1.200000000000000000e+02,1.200000000000000000e+02,1.200000000000000000e+02,1.200000000000000000e+02,1.861072251321601451e-02,2.306303945446486381e+01,9.541909446785913929e+01,9.806763915372302165e+01,1.006515770458013179e+02,1.027850330342763243e+02,1.043621576973284135e+02,1.040917183603788203e+02,1.038589845574702082e+02,1.006563672495090742e+02,6.544399117627391149e+01,5.575699300013953774e+01,5.115681311681394305e+01,5.575458635839861188e+01,7.198491032423446256e+01
1.200000000000000000e+02,1.200000000000000000e+02,1.200000000000000000e+02,1.200000000000000000e+02,1.200000000000000000e+02,1.200000000000000000e+02,1.200000000000000000e+02,1.200000000000000000e+02,1.200000000000000000e+02,1.200000000000000000e+02,2.706389678929494932e-02,2.081015242652366126e+01,9.715833908468147229e+01,1.005882448205639150e+02,1.009929972159666676e+02,1.023021132620934992e+02,1.034102533403575137e+02,1.044331541642153525e+02,1.039549268118118732e+02,1.007108043063204690e+02,6.564337925769196147e+01,5.560977805994745893e+01,5.113247147838904993e+01,5.572276962262036193e+01,7.202574756181218163e+01
1.200000000000000000e+02,1.200000000000000000e+02,1.200000000000000000e+02,1.200000000000000000e+02,1.200000000000000000e+02,1.200000000000000000e+02,1.200000000000000000e+02,1.200000000000000000e+02,1.200000000000000000e+02,1.200000000000000000e+02,4.900065080121844552e-02,1.804033023425460058e+01,9.162848923063862117e+01,1.018804965270903864e+02,1.024873979877012005e+02,1.024958754960026965e+02,1.032286168254855028e+02,1.037470192925879076e+02,1.042083334859378567e+02,1.006834649627555507e+02,6.579618926555434655e+01,5.574716560926469100e+01,5.106207933998860682e+01,5.569377349562552126e+01,7.199952927355268173e+01
1.200000000000000000e+02,1.200000000000000000e+02,1.200000000000000000e+02,1.200000000000000000e+02,1.200000000000000000e+02,1.200000000000000000e+02,1.200000000000000000e+02,1.200000000000000000e+02,1.200000000000000000e+02,1.200000000000000000e+02,1.057467664394218104e-01,7.013452254666127317e+00,8.898519712697995487e+01,9.886507098932486315e+01,1.033832242136724915e+02,1.033721563409114736e+02,1.033396899755132097e+02,1.037544320340104065e+02,1.037103941037578352e+02,1.008739599606273600e+02,6.564790314111461100e+01,5.590033755919090908e+01,5.114384884977219770e+01,5.565487477243674164e+01,7.197757862566149356e+01
1.200000000000000000e+02,1.200000000000000000e+02,1.200000000000000000e+02,1.200000000000000000e+02,1.200000000000000000e+02,1.200000000000000000e+02,1.200000000000000000e+02,1.200000000000000000e+02,1.200000000000000000e+02,1.200000000000000000e+02,1.925572557437832677e-01,3.547048487345399792e+00,9.012436237246433279e+01,9.719264725232375213e+01,1.015149774106443203e+02,1.039874013848747012e+02,1.038232471206618186e+02,1.038147545184981340e+02,1.038226981632515020e+02,1.005426372452676418e+02,6.581678586560803979e+01,5.578907532481354536e+01,5.125749806997740166e+01,5.570210379642931287e+01,7.195209096458464160e+01
1.200000000000000000e+02,1.200000000000000000e+02,1.200000000000000000e+02,1.200000000000000000e+02,1.200000000000000000e+02,1.200000000000000000e+02,1.200000000000000000e+02,1.200000000000000000e+02,1.200000000000000000e+02,1.200000000000000000e+02,9.384208548797070648e+01,5.726144740961960043e-03,9.408122578802665714e+01,9.761108619282026666e+01,1.005493725394254767e+02,1.027449617514745626e+02,1.042479630685624699e+02,1.040445355166479402e+02,1.038524691972383778e+02,1.006788149731770119e+02,6.550335438849248249e+01,5.581446732739112093e+01,5.120101777555210276e+01,5.577322803489315106e+01,7.198591957053153578e+01
1.200000000000000000e+02,1.200000000000000000e+02,1.200000000000000000e+02,1.200000000000000000e+02,1.200000000000000000e+02,1.200000000000000000e+02,1.200000000000000000e+02,1.200000000000000000e+02,1.200000000000000000e+02,1.200000000000000000e+02,9.383091829940646278e+01,3.860797181523002372e-03,9.633238954005017263e+01,9.980267337680943740e+01,1.007082258742315730e+02,1.022410931770895388e+02,1.033879708379272557e+02,1.043441210834856463e+02,1.039207279162497741e+02,1.007151873386548004e+02,6.571263933883776076e+01,5.568367618883905834e+01,5.117946870290830930e+01,5.574018624793908572e+01,7.202847277956276173e+01
1.200000000000000000e+02,1.200000000000000000e+02,1.200000000000000000e+02,1.200000000000000000e+02,1.200000000000000000e+02,1.200000000000000000e+02,1.200000000000000000e+02,1.200000000000000000e+02,1.200000000000000000e+02,1.200000000000000000e+02,5.837187183425590446e-03,3.571300717506884978e-03,9.709623674457037623e+01,1.013328213318923758e+02,1.019461107740518884e+02,1.022911951131909660e+02,1.031822472716100378e+02,1.037345888085272918e+02,1.041402459521542312e+02,1.006637996936521944e+02,6.584016530200852912e+01,5.583051660180205289e+01,5.112059432666883652e+01,5.571497173956070981e+01,7.200172000113877857e+01
1.200000000000000000e+02,1.200000000000000000e+02,1.200000000000000000e+02,1.200000000000000000e+02,1.200000000000000000e+02,1.200000000000000000e+02,1.200000000000000000e+02,1.200000000000000000e+02,1.200000000000000000e+02,1.200000000000000000e+02,6.111904872424000698e-03,5.026139248753463788e-03,8.922953179644844113e+01,1.023282805803879256e+02,1.029690244456558901e+02,1.029741467181389680e+02,1.031803631979582434e+02,1.037132509023001035e+02,1.037037667949483932e+02,1.008259757277925388e+02,6.565725121230681793e+01,5.597049647461486188e+01,5.121004570769906650e+01,5.568456495846240273e+01,7.198254324648146962e+01
1.200000000000000000e+02,1.200000000000000000e+02,1.200000000000000000e+02,1.200000000000000000e+02,1.200000000000000000e+02,1.200000000000000000e+02,1.200000000000000000e+02,1.200000000000000000e+02,1.200000000000000000e+02,1.200000000000000000e+02,7.891180848832586928e-03,8.082563448291283509e-03,8.071985528020222489e+01,9.981089432227661007e+01,1.039047271912253905e+02,1.036621529242644328e+02,1.035216566513108916e+02,1.036850329703669615e+02,1.037837638595174496e+02,1.005396574228431206e+02,6.578769282305863442e+01,5.584022634064914570e+01,5.131847214148375258e+01,5.573731144284088401e+01,7.196241107686013549e+01
1.200000000000000000e+02,1.200000000000000000e+02,1.200000000000000000e+02,1.200000000000000000e+02,1.200000000000000000e+02,1.200000000000000000e+02,1.200000000000000000e+02,1.200000000000000000e+02,1.200000000000000000e+02,1.200000000000000000e+02,3.574932406903585328e-03,6.865482452610540201e-03,8.172273034498809352e+01,9.424946670776228075e+01,1.026076790655989157e+02,1.044825268712490214e+02,1.039887773232836992e+02,1.038128100937718443e+02,1.037438843301224267e+02,1.006427591826489873e+02,6.552204537578916188e+01,5.584768634439627988e+01,5.125408209085522770e+01,5.580634599396275064e+01,7.199910419991824995e+01
1.200000000000000000e+02,1.200000000000000000e+02,1.200000000000000000e+02,1.200000000000000000e+02,1.200000000000000000e+02,1.200000000000000000e+02,1.200000000000000000e+02,1.200000000000000000e+02,1.200000000000000000e+02,1.200000000000000000e+02,8.133449604488994567e+01,3.715281600698921126e-03,8.885582371567529947e+01,9.337076747332824311e+01,9.915246173393971674e+01,1.037851464039744940e+02,1.046822368411092725e+02,1.041358698920199828e+02,1.037405725667349685e+02,1.006165925610659002e+02,6.568226218347605538e+01,5.574126911945641183e+01,5.122824258415454324e+01,5.577045289099574887e+01,7.203974261991902495e+01
1.200000000000000000e+02,1.200000000000000000e+02,1.200000000000000000e+02,1.200000000000000000e+02,1.200000000000000000e+02,1.200000000000000000e+02,1.200000000000000000e+02,1.200000000000000000e+02,1.200000000000000000e+02,1.200000000000000000e+02,7.719946274462429869e+01,2.730075129886051777e-03,9.592106505985596243e+01,9.638164386127716909e+01,9.827562737734514542e+01,1.015296493996762592e+02,1.043116357031834980e+02,1.047064576935148210e+02,1.039701520949981131e+02,1.005126661620279407e+02,6.570767493580898133e+01,5.585869204574670732e+01,5.118543131754522335e+01,5.574631450558063506e+01,7.201145143395601167e+01
1.200000000000000000e+02,1.200000000000000000e+02,1.200000000000000000e+02,1.200000000000000000e+02,1.200000000000000000e+02,1.200000000000000000e+02,1.200000000000000000e+02,1.200000000000000000e+02,1.200000000000000000e+02,1.200000000000000000e+02,4.683781398297017472e-03,2.576784087153226842e-03,1.010055529025599697e+02,9.992214552558510832e+01,9.960071868235151271e+01,1.008410424363551812e+02,1.028192884433502172e+02,1.045174729679603871e+02,1.044317139229015226e+02,1.006696005705708785e+02,6.545266693483544884e+01,5.592974339880796464e+01,5.126253875549396355e+01,5.572796545946582114e+01,7.199420349066473079e+01
1.200000000000000000e+02,1.200000000000000000e+02,1.200000000000000000e+02,1.200000000000000000e+02,1.200000000000000000e+02,1.200000000000000000e+02,1.200000000000000000e+02,1.200000000000000000e+02,1.200000000000000000e+02,1.200000000000000000e+02,2.891877467568321463e-03,3.155318168424090918e-03,1.001292076652026992e+02,1.034292358892658399e+02,1.014447975275493263e+02,1.013564147826946140e+02,1.023320837786764059e+02,1.035396408687499559e+02,1.043423368469491379e+02,1.010642465569345205e+02,6.555585544644746676e+01,5.575723933287527245e+01,5.133364394262961383e+01,5.577680753269548575e+01,7.198285452551094465e+01
1.200000000000000000e+02,1.200000000000000000e+02,1.200000000000000000e+02,1.200000000000000000e+02,1.200000000000000000e+02,1.200000000000000000e+02,1.200000000000000000e+02,1.200000000000000000e+02,1.200000000000000000e+02,1.200000000000000000e+02,3.222648770789713572e-03,9.483661526920256790e+01,9.029083867609300285e+01,1.043639898287047316e+02,1.039425372553327236e+02,1.022534348090593284e+02,1.024245399717091374e+02,1.032279004910514857e+02,1.037185184551771755e+02,1.010513526450578183e+02,6.608938053174510685e+01,5.574701518907200892e+01,5.125123259218513994e+01,5.582770013180972057e+01,7.201748268287516908e+01
1.200000000000000000e+02,1.200000000000000000e+02,1.200000000000000000e+02,1.200000000000000000e+02,1.200000000000000000e+02,1.200000000000000000e+02,1.200000000000000000e+02,1.200000000000000000e+02,1.200000000000000000e+02,1.200000000000000000e+02,9.957039749918882876e+01,1.014505355899670604e+02,7.105400289687007387e+01,9.978856559970111562e+01,1.052375438613171639e+02,1.040410786201429403e+02,1.027618354676014718e+02,1.030955319758662796e+02,1.035457943767753051e+02,1.006692803207584603e+02,6.617686366734979231e+01,5.602195270179196029e+01,5.122481766287088334e+01,5.578817186001685968e+01,7.204888212051483265e+01
1.200000000000000000e+02,1.200000000000000000e+02,1.200000000000000000e+02,1.200000000000000000e+02,1.200000000000000000e+02,1.200000000000000000e+02,1.200000000000000000e+02,1.200000000000000000e+02,1.200000000000000000e+02,1.200000000000000000e+02,1.011055572165030572e-02,4.889770217161162197e-03,4.841548183590857946e+01,9.522848168014846237e+01,1.028273096727723868e+02,1.053143370898544902e+02,1.040374022941527130e+02,1.031035629017244588e+02,1.033007913803806019e+02,1.006057474043865057e+02,6.583681282513639133e+01,5.608797124966738323e+01,5.135082698044375604e+01,5.577329613974092837e+01,7.202298270155314697e+01
1.200000000000000000e+02,1.200000000000000000e+02,1.200000000000000000e+02,1.200000000000000000e+02,1.200000000000000000e+02,1.200000000000000000e+02,1.200000000000000000e+02,1.200000000000000000e+02,1.200000000000000000e+02,1.200000000000000000e+02,1.021880641107018005e-02,4.314123237597037967e-03,5.003998472788653373e+01,9.034591225487696420e+01,9.990379315321517595e+01,1.040098349380121618e+02,1.051486526824878638e+02,1.040085142774439504e+02,1.031210607118390641e+02,1.003196560182339425e+02,6.590291678251647056e+01,5.595749953146339806e+01,5.136955045032873812e+01,5.583890676418168653e+01,7.201686453469194760e+01
1.200000000000000000e+02,1.200000000000000000e+02,1.200000000000000000e+02,1.200000000000000000e+02,1.200000000000000000e+02,1.200000000000000000e+02,1.200000000000000000e+02,1.200000000000000000e+02,1.200000000000000000e+02,1.200000000000000000e+02,6.864061569162735466e-03,4.644325498498818976e-03,5.171839673574669405e+01,9.223694532340255137e+01,9.678762284945463534e+01,1.021606449766954796e+02,1.044585538245789849e+02,1.049090029621117566e+02,1.037590097488442495e+02,9.998195742107149897e+01,6.553870450799809078e+01,5.611746190592392480e+01,5.129616204340984353e+01,5.583353919161197609e+01,7.205483580159005896e+01
1.200000000000000000e+02,1.200000000000000000e+02,1.200000000000000000e+02,1.200000000000000000e+02,1.200000000000000000e+02,1.200000000000000000e+02,1.200000000000000000e+02,1.200000000000000000e+02,1.200000000000000000e+02,1.200000000000000000e+02,8.355588893626209313e+01,8.483784409048207920e+01,7.540364865201465250e+01,9.685156198350874490e+01,9.789568019545744448e+01,1.000631017159938239e+02,1.033511667203672602e+02,1.045628692535134263e+02,1.044498938564236710e+02,1.003951480508083449e+02,6.482420415020139615e+01,5.602927135443677997e+01,5.142463946253449336e+01,5.577580839437194271e+01,7.203848521666471072e+01
1.200000000000000000e+02,1.200000000000000000e+02,1.200000000000000000e+02,1.200000000000000000e+02,1.200000000000000000e+02,1.200000000000000000e+02,1.200000000000000000e+02,1.200000000000000000e+02,1.200000000000000000e+02,1.200000000000000000e+02,8.286551205924945407e+01,8.361635958650703060e+01,4.701415100608105035e+01,9.960029230420758495e+01,1.003029459057246839e+02,1.006561608051507335e+02,1.019199823171149148e+02,1.039744106866530444e+02,1.042877947901591398e+02,1.009287419921084563e+02,6.509304008967873756e+01,5.556795903882832732e+01,5.146611018788168934e+01,5.585252353329884301e+01,7.199474196636464285e+01
1.200000000000000000e+02,1.200000000000000000e+02,1.200000000000000000e+02,1.200000000000000000e+02,1.200000000000000000e+02,1.200000000000000000e+02,1.200000000000000000e+02,1.200000000000000000e+02,1.200000000000000000e+02,1.200000000000000000e+02,5.844888330061604256e-03,8.480550246891417032e+01,3.806281360434214278e+00,9.659493822850224376e+01,1.021056789288085014e+02,1.018797870655276796e+02,1.022048987308008208e+02,1.030087874527749818e+02,1.040544927969928750e+02,1.008579167511333310e+02,6.571227434944046308e+01,5.557775367560924451e+01,5.126016940241897402e+01,5.590507003468425040e+01,7.204316937516553310e+01
1.200000000000000000e+02,1.200000000000000000e+02,1.200000000000000000e+02,1.200000000000000000e+02,1.200000000000000000e+02,1.200000000000000000e+02,1.200000000000000000e+02,1.200000000000000000e+02,1.200000000000000000e+02,1.200000000000000000e+02,6.699410508351527800e-03,1.632248174260799226e-02,5.525656842978132928e-03,9.318612137432222653e+01,9.996756619587922899e+01,1.030118031355734587e+02,1.027566688817631899e+02,1.031150263927998765e+02,1.034233089244189898e+02,1.008575121945873150e+02,6.564034372905302916e+01,5.583470750358650747e+01,5.124967820795075113e+01,5.581789301746396603e+01,7.207490089432300806e+01
1.200000000000000000e+02,1.200000000000000000e+02,1.200000000000000000e+02,1.200000000000000000e+02,1.200000000000000000e+02,1.200000000000000000e+02,1.200000000000000000e+02,1.200000000000000000e+02,1.200000000000000000e+02,1.200000000000000000e+02,1.198359437628674674e-02,5.814159510608583360e-03,1.049533277229204760e-02,9.393047992500818566e+01,9.925411325230730597e+01,1.014377589389075354e+02,1.034261008999768592e+02,1.032817283833276747e+02,1.034267768979104716e+02,1.005156699505956652e+02,6.580952365043440011e+01,5.571010389423335596e+01,5.136471411036593793e+01,5.583391140013075926e+01,7.202903508632932983e+01
1.200000000000000000e+02,1.200000000000000000e+02,1.200000000000000000e+02,1.200000000000000000e+02,1.200000000000000000e+02,1.200000000000000000e+02,1.200000000000000000e+02,1.200000000000000000e+02,1.200000000000000000e+02,1.200000000000000000e+02,1.452174960191995545e+01,3.813953490610332009e-03,2.930059961473545727e+01,9.045824173666595414e+01,1.007488608063676736e+02,1.017513724493722123e+02,1.022175130930677369e+02,1.036370242411331901e+02,1.033812328226370454e+02,1.004366833561728214e+02,6.570408560812714427e+01,5.578924647701447270e+01,5.124461862495068942e+01,5.591260222972992011e+01,7.205803482083605616e+01
1.200000000000000000e+02,1.200000000000000000e+02,1.200000000000000000e+02,1.200000000000000000e+02,1.200000000000000000e+02,1.200000000000000000e+02,1.200000000000000000e+02,1.200000000000000000e+02,1.200000000000000000e+02,1.200000000000000000e+02,8.325063582193232037e+01,5.061462568688063733e-03,4.498056682493706404e+01,9.350379070695980488e+01,9.854498793449754146e+01,1.031148422437892691e+02,1.029658426926894350e+02,1.026812514193017165e+02,1.035308224270474540e+02,1.002670190010564824e+02,6.559565441994800494e+01,5.591587532821576900e+01,5.122480044728670379e+01,5.583204097229167218e+01,7.211287684526777753e+01
1.200000000000000000e+02,1.200000000000000000e+02,1.200000000000000000e+02,1.200000000000000000e+02,1.200000000000000000e+02,1.200000000000000000e+02,1.200000000000000000e+02,1.200000000000000000e+02,1.200000000000000000e+02,1.200000000000000000e+02,9.104472704428696536e-03,8.231642080765105618e+01,6.297983140685658299e+01,9.185775075068832507e+01,1.000790983748895968e+02,1.014154404723676066e+02,1.040894532074770069e+02,1.035858831654599754e+02,1.027590808880404012e+02,1.002589944846732237e+02,6.523098726159474836e+01,5.595760445745887068e+01,5.133671376800457153e+01,5.579327698420880211e+01,7.205703462650438951e+01
1.200000000000000000e+02,1.200000000000000000e+02,1.200000000000000000e+02,1.200000000000000000e+02,1.200000000000000000e+02,1.200000000000000000e+02,1.200000000000000000e+02,1.200000000000000000e+02,1.200000000000000000e+02,1.200000000000000000e+02,1.000873885538886010e-02,7.382852962444150080e+01,3.480031228776653762e+01,9.364327312789272639e+01,9.844925076001331377e+01,1.024944084991324473e+02,1.026821505801982397e+02,1.044671436202096260e+02,1.036668403576813802e+02,9.961466448158195419e+01,6.500080857165129089e+01,5.574978673195648327e+01,5.142109802946745845e+01,5.586087216352487417e+01,7.203215998829503519e+01
1.200000000000000000e+02,1.200000000000000000e+02,1.200000000000000000e+02,1.200000000000000000e+02,1.200000000000000000e+02,1.200000000000000000e+02,1.200000000000000000e+02,1.200000000000000000e+02,1.200000000000000000e+02,1.200000000000000000e+02,1.829023595632442434e-02,3.226696269861033944e-02,1.388965797520933659e-02,9.675905843323801037e+01,9.863001229089185529e+01,1.011374606289143543e+02,1.036192181037785218e+02,1.032667447951236710e+02,1.043339790730661178e+02,1.003855678917470442e+02,6.409135962895668115e+01,5.553366727519023271e+01,5.134624871998546070e+01,5.592273912829493554e+01,7.207372395797720799e+01
1.200000000000000000e+02,1.200000000000000000e+02,1.200000000000000000e+02,1.200000000000000000e+02,1.200000000000000000e+02,1.200000000000000000e+02,1.200000000000000000e+02,1.200000000000000000e+02,1.200000000000000000e+02,1.200000000000000000e+02,8.292473286112920050e+01,4.849857722415599516e-03,3.738780546256907478e+00,9.625456069331146125e+01,9.998372007769140168e+01,1.008882882323496801e+02,1.025048389498816732e+02,1.041732930041820140e+02,1.032979325643320578e+02,1.009372496500327685e+02,6.495972461336961601e+01,5.498710917656358532e+01,5.123307489974542506e+01,5.589560771323412069e+01,7.211026024327887285e+01
1.200000000000000000e+02,1.200000000000000000e+02,1.200000000000000000e+02,1.200000000000000000e+02,1.200000000000000000e+02,1.200000000000000000e+02,1.200000000000000000e+02,1.200000000000000000e+02,1.200000000000000000e+02,1.200000000000000000e+02,7.685877080501718694e+01,3.542733125336697351e-03,3.042361229700984282e+01,9.582911385284582195e+01,1.013053596955061408e+02,1.015821093366106851e+02,1.021106096382184347e+02,1.032565916306248539e+02,1.041974353051536610e+02,1.000036811517348951e+02,6.576856923253566833e+01,5.538736486925827762e+01,5.097144982317305306e+01,5.584796815902085854e+01,7.209367588231887680e+01
1.200000000000000000e+02,1.200000000000000000e+02,1.200000000000000000e+02,1.200000000000000000e+02,1.200000000000000000e+02,1.200000000000000000e+02,1.200000000000000000e+02,1.200000000000000000e+02,1.200000000000000000e+02,1.200000000000000000e+02,7.771746471732686246e+01,4.059409108629219269e-03,5.726638197604950165e+01,9.615824338955739847e+01,1.018796131002293919e+02,1.030352224981406550e+02,1.025208563649901663e+02,1.028157516320078031e+02,1.034533227410047829e+02,1.008298564802446720e+02,6.445109664820463991e+01,5.585197548769092890e+01,5.117509767952715549e+01,5.573921040492656687e+01,7.207187125215500600e+01
1.200000000000000000e+02,1.200000000000000000e+02,1.200000000000000000e+02,1.200000000000000000e+02,1.200000000000000000e+02,1.200000000000000000e+02,1.200000000000000000e+02,1.200000000000000000e+02,1.200000000000000000e+02,1.200000000000000000e+02,2.856619851336176033e-02,5.520832217550284901e-03,7.603227923993880211e+01,9.304185171441154978e+01,1.019542306494824828e+02,1.037209089234790014e+02,1.037637853033190964e+02,1.031097415620003659e+02,1.029962864001051059e+02,1.003885755148974539e+02,6.539378154494065143e+01,5.502643113458232449e+01,5.143247698705741300e+01,5.588032454060444820e+01,7.202440893538906153e+01
1.200000000000000000e+02,1.200000000000000000e+02,1.200000000000000000e+02,1.200000000000000000e+02,1.200000000000000000e+02,1.200000000000000000e+02,1.200000000000000000e+02,1.200000000000000000e+02,1.200000000000000000e+02,1.200000000000000000e+02,1.061249261467799743e+00,8.502755385372203628e-03,6.610152883630270537e+01,9.209059104079810254e+01,9.960898902943642952e+01,1.038258455016382982e+02,1.043727534204335399e+02,1.040747030662910220e+02,1.032516167427790634e+02,9.982309022864376402e+01,6.526850895946672892e+01,5.537742798984361059e+01,5.096323437368458542e+01,5.604143294111336360e+01,7.214085911695778464e+01
1.200000000000000000e+02,1.200000000000000000e+02,1.200000000000000000e+02,1.200000000000000000e+02,1.200000000000000000e+02,1.200000000000000000e+02,1.200000000000000000e+02,1.200000000000000000e+02,1.200000000000000000e+02,1.200000000000000000e+02,2.037882970157572160e+01,7.281190219561690924e+01,3.886070551396527861e+01,9.475056284565425813e+01,9.771729930747940784e+01,1.021790269395950475e+02,1.045366652543964960e+02,1.045535667397149808e+02,1.039621820552240479e+02,1.000467891346575016e+02,6.429036209381033018e+01,5.553062486688494914e+01,5.103246121361097210e+01,5.577426821178296734e+01,7.224006192016325656e+01
1.200000000000000000e+02,1.200000000000000000e+02,1.200000000000000000e+02,1.200000000000000000e+02,1.200000000000000000e+02,1.200000000000000000e+02,1.200000000000000000e+02,1.200000000000000000e+02,1.200000000000000000e+02,1.200000000000000000e+02,7.966380359950309753e+01,8.060726851025819428e+01,9.928136690270470410e+00,9.576229114124721775e+01,9.849684927163963266e+01,1.004700760197242602e+02,1.034055922699262311e+02,1.047658215443951946e+02,1.042997224669626206e+02,1.005951748164027748e+02,6.443840328977941567e+01,5.493795922036100876e+01,5.118200190687430506e+01,5.578166585532566302e+01,7.206536924433756042e+01
1.200000000000000000e+02,1.200000000000000000e+02,1.200000000000000000e+02,1.200000000000000000e+02,1.200000000000000000e+02,1.200000000000000000e+02,1.200000000000000000e+02,1.200000000000000000e+02,1.200000000000000000e+02,1.200000000000000000e+02,7.425420448734303136e+01,7.150882169078344106e-03,4.222620971699868164e+00,9.491121960398797341e+01,9.987324454216057745e+01,1.006127143563624173e+02,1.020317912886280567e+02,1.040191548692048116e+02,1.045459067763738830e+02,1.007886454278312698e+02,6.517344990345080191e+01,5.491487011505450511e+01,5.088068142178482844e+01,5.588914384370254851e+01,7.208391180625615391e+01
1.200000000000000000e+02,1.200000000000000000e+02,1.200000000000000000e+02,1.200000000000000000e+02,1.200000000000000000e+02,1.200000000000000000e+02,1.200000000000000000e+02,1.200000000000000000e+02,1.200000000000000000e+02,1.200000000000000000e+02,7.402878172413575442e+01,6.625419605541135910e-03,2.082657240564475742e+01,9.585416626876643420e+01,1.001834173309728726e+02,1.016871008451768574e+02,1.019415304624594540e+02,1.029665138646976175e+02,1.040894834487079521e+02,1.010511144284983942e+02,6.532172681271364922e+01,5.533944484971605959e+01,5.082771932351278821e+01,5.572726859548095746e+01,7.214885388483784823e+01
1.200000000000000000e+02,1.200000000000000000e+02,1.200000000000000000e+02,1.200000000000000000e+02,1.200000000000000000e+02,1.200000000000000000e+02,1.200000000000000000e+02,1.200000000000000000e+02,1.200000000000000000e+02,1.200000000000000000e+02,1.000112964640235622e-02,9.274863585605652022e-03,4.043314967605150656e+01,9.567818953963899276e+01,1.014152527024115216e+02,1.021009044350095110e+02,1.026727564999595330e+02,1.028043050624050068e+02,1.033041755690738910e+02,1.008833094141163258e+02,6.562786295273986070e+01,5.534034747931917764e+01,5.106788245163775741e+01,5.569733162147901595e+01,7.205112468306555229e+01
1.200000000000000000e+02,1.200000000000000000e+02,1.200000000000000000e+02,1.200000000000000000e+02,1.200000000000000000e+02,1.200000000000000000e+02,1.200000000000000000e+02,1.200000000000000000e+02,1.200000000000000000e+02,1.200000000000000000e+02,5.970594800394636928e-03,7.448335882948988740e+01,5.111716038730693157e+01,9.410686854358500852e+01,1.015456232649247852e+02,1.032251465669454831e+02,1.029685230303613253e+02,1.032553861739493044e+02,1.031359868004350915e+02,1.003239950984484494e+02,6.572457063403459188e+01,5.536561943727673452e+01,5.103484291615092872e+01,5.585163645706500546e+01,7.205567238297825838e+01
1.200000000000000000e+02,1.200000000000000000e+02,1.200000000000000000e+02,1.200000000000000000e+02,1.200000000000000000e+02,1.200000000000000000e+02,1.200000000000000000e+02,1.200000000000000000e+02,1.200000000000000000e+02,1.200000000000000000e+02,8.495513984297117815e+01,7.344572642764447323e+01,2.403053327671555550e+01,9.242089564451100614e+01,1.003507825922403498e+02,1.034606042127547170e+02,1.039360363062049259e+02,1.033969870518156426e+02,1.033849855877378019e+02,1.001489969257857524e+02,6.521792852980699706e+01,5.549275909314788890e+01,5.093084140985697417e+01,5.582274348339666403e+01,7.216188059156741019e+01
1.200000000000000000e+02,1.200000000000000000e+02,1.200000000000000000e+02,1.200000000000000000e+02,1.200000000000000000e+02,1.200000000000000000e+02,1.200000000000000000e+02,1.200000000000000000e+02,1.200000000000000000e+02,1.200000000000000000e+02,8.458138304667569413e-03,8.080691110265073007e+01,1.275062213750166769e-02,9.185677633723200586e+01,9.866940741882326904e+01,1.026393075532706405e+02,1.042101732094990041e+02,1.042056541577138518e+02,1.033923091099570968e+02,1.002572499228059542e+02,6.497508933682436805e+01,5.536796319508743380e+01,5.095139104977781841e+01,5.571284855648071499e+01,7.213376634834617107e+01
1.200000000000000000e+02,1.200000000000000000e+02,1.200000000000000000e+02,1.200000000000000000e+02,1.200000000000000000e+02,1.200000000000000000e+02,1.200000000000000000e+02,1.200000000000000000e+02,1.200000000000000000e+02,1.200000000000000000e+02,1.382582521511510967e-02,8.483520962990215253e+01,6.596000707356132302e-03,9.217561358405083638e+01,9.779727562777424055e+01,1.013530314341638530e+02,1.036563761756575417e+02,1.044784785075682407e+02,1.040508806845093801e+02,1.001375992974752052e+02,6.503354402661251754e+01,5.531063896668567281e+01,5.091935580524363303e+01,5.568766836072076387e+01,7.205344986834128918e+01
1.200000000000000000e+02,1.200000000000000000e+02,1.200000000000000000e+02,1.200000000000000000e+02,1.200000000000000000e+02,1.200000000000000000e+02,1.200000000000000000e+02,1.200000000000000000e+02,1.200000000000000000e+02,1.200000000000000000e+02,2.521268677923112211e-02,3.416920186805606774e-02,6.393383171111252650e-03,9.399571305348931105e+01,9.899812342986218994e+01,1.005717751032508431e+02,1.027398790221132572e+02,1.041116594133791580e+02,1.043022001181983427e+02,1.006252560829235279e+02,6.471456181696220256e+01,5.537895735214184612e+01,5.092988833278396044e+01,5.565952284831355712e+01,7.202621284466343354e+01
1.200000000000000000e+02,1.200000000000000000e+02,1.200000000000000000e+02,1.200000000000000000e+02,1.200000000000000000e+02,1.200000000000000000e+02,1.200000000000000000e+02,1.200000000000000000e+02,1.200000000000000000e+02,1.200000000000000000e+02,7.654686894806887665e+01,8.787133149257277953e-01,8.506230184612759615e+01,9.209892978441133948e+01,1.002445805952587534e+02,1.016746503306602563e+02,1.021081429339908766e+02,1.035012942918522754e+02,1.040624530047554828e+02,1.008929883600406328e+02,6.516060590033680455e+01,5.516247539285854629e+01,5.101187199313359599e+01,5.566718840317792427e+01,7.200214746117902109e+01
1.200000000000000000e+02,1.200000000000000000e+02,1.200000000000000000e+02,1.200000000000000000e+02,1.200000000000000000e+02,1.200000000000000000e+02,1.200000000000000000e+02,1.200000000000000000e+02,1.200000000000000000e+02,1.200000000000000000e+02,7.653690584833876187e+01,7.695995004312317610e-03,1.365034021682602017e+01,7.823499705222050693e+01,9.937872446301378204e+01,1.024067872768581253e+02,1.029943013983776012e+02,1.030137545529008065e+02,1.036911217234921168e+02,1.007435696501220264e+02,6.558882069949287086e+01,5.528222699027965348e+01,5.092370598537301873e+01,5.572844904655176634e+01,7.201211142627978745e+01
1.200000000000000000e+02,1.200000000000000000e+02,1.200000000000000000e+02,1.200000000000000000e+02,1.200000000000000000e+02,1.200000000000000000e+02,1.200000000000000000e+02,1.200000000000000000e+02,1.200000000000000000e+02,1.200000000000000000e+02,8.138691905029152451e+01,7.664333391434095688e+01,1.722233962888509140e+01,8.023449777113000891e+01,9.775960140756228611e+01,1.018739365487847550e+02,1.033710576097699914e+02,1.036964673321887176e+02,1.033296725378590821e+02,1.005573784404074900e+02,6.546131468030438327e+01,5.549324772387176807e+01,5.094665566956896896e+01,5.569746494967056805e+01,7.205695956458674800e+01
1.200000000000000000e+02,1.200000000000000000e+02,1.200000000000000000e+02,1.200000000000000000e+02,1.200000000000000000e+02,1.200000000000000000e+02,1.200000000000000000e+02,1.200000000000000000e+02,1.200000000000000000e+02,1.200000000000000000e+02,1.368654049290930069e-02,6.932810734915133821e+01,4.772761273745766530e+00,9.196799066636050668e+01,9.276767810822207139e+01,1.009943802429814212e+02,1.029850275318124773e+02,1.038330468944398177e+02,1.038428887728270098e+02,1.003240421880473150e+02,6.535009749349107722e+01,5.540693196643376695e+01,5.102785075966217221e+01,5.570826143794445784e+01,7.204208892131097741e+01
1.200000000000000000e+02,1.200000000000000000e+02,1.200000000000000000e+02,1.200000000000000000e+02,1.200000000000000000e+02,1.200000000000000000e+02,1.200000000000000000e+02,1.200000000000000000e+02,1.200000000000000000e+02,1.200000000000000000e+02,1.405176175027466812e+01,7.235515277810466994e-03,3.467444644334975734e-02,9.991378039188442983e+01,9.770822050786068758e+01,9.777198908949718259e+01,1.025326153336141317e+02,1.035281665220695402e+02,1.038269299405992285e+02,1.006874374755154236e+02,6.520646993963693205e+01,5.537409074108565221e+01,5.094631393512854345e+01,5.574580447761336899e+01,7.205468994561921647e+01
1.200000000000000000e+02,1.200000000000000000e+02,1.200000000000000000e+02,1.200000000000000000e+02,1.200000000000000000e+02,1.200000000000000000e+02,1.200000000000000000e+02,1.200000000000000000e+02,1.200000000000000000e+02,1.200000000000000000e+02,8.319889477274227829e+01,8.051649619950399028e+01,8.136963844615881669e+01,1.024240413533096614e+02,1.020490000767635195e+02,1.003957825730237658e+02,1.003016380295200634e+02,1.033433730823754644e+02,1.035764447528401888e+02,1.005950588102832057e+02,6.565423372039657579e+01,5.541489810262280002e+01,5.090275721164688605e+01,5.567950467058212638e+01,7.207271952772731538e+01
1.200000000000000000e+02,1.200000000000000000e+02,1.200000000000000000e+02,1.200000000000000000e+02,1.200000000000000000e+02,1.200000000000000000e+02,1.200000000000000000e+02,1.200000000000000000e+02,1.200000000000000000e+02,1.200000000000000000e+02,7.668070243760911353e+01,1.980855459188556652e-03,8.136241057285373302e+01,7.302788984103408154e+01,1.048388047643373540e+02,1.028502403633391538e+02,1.018794401466461608e+02,1.017282701429003424e+02,1.035595613523532705e+02,1.003538271102725190e+02,6.549258769284531922e+01,5.571958906070990025e+01,5.096350111393345372e+01,5.563380018929115067e+01,7.202021051566578080e+01
1.200000000000000000e+02,1.200000000000000000e+02,1.200000000000000000e+02,1.200000000000000000e+02,1.200000000000000000e+02,1.200000000000000000e+02,1.200000000000000000e+02,1.200000000000000000e+02,1.200000000000000000e+02,1.200000000000000000e+02,7.594800504825666110e+01,2.905543935329412894e-03,3.938057528293349187e-03,4.377220806430646860e+01,1.026698180220901122e+02,1.051115797985095952e+02,1.032532492069826162e+02,1.027499501215882560e+02,1.023517942929885294e+02,1.004472140560194617e+02,6.506935356233967127e+01,5.564256394122832461e+01,5.115994802724024737e+01,5.567221132925330807e+01,7.198834658977497725e+01
1.200000000000000000e+02,1.200000000000000000e+02,1.200000000000000000e+02,1.200000000000000000e+02,1.200000000000000000e+02,1.200000000000000000e+02,1.200000000000000000e+02,1.200000000000000000e+02,1.200000000000000000e+02,1.200000000000000000e+02,8.017748033245722183e+01,7.777804066891056323e+01,2.942960239982690945e-03,6.236571045964736726e+01,9.349043171414250253e+01,1.045579040903596137e+02,1.049520253298698265e+02,1.034698784813148507e+02,1.030338036858379382e+02,9.953427326893974225e+01,6.527927140124535299e+01,5.534613477831147321e+01,5.113960352972786438e+01,5.578669981333367645e+01,7.201390302174274893e+01
1.200000000000000000e+02,1.200000000000000000e+02,1.200000000000000000e+02,1.200000000000000000e+02,1.200000000000000000e+02,1.200000000000000000e+02,1.200000000000000000e+02,1.200000000000000000e+02,1.200000000000000000e+02,1.200000000000000000e+02,1.158177994328955969e-02,4.159910627310284617e-03,3.049927330561535196e-03,8.076862269155877527e+01,9.039096635652664702e+01,9.965776919443182180e+01,1.051056206209219965e+02,1.046861590470712429e+02,1.033570371983885394e+02,9.988291961760894822e+01,6.428275810347051333e+01,5.549567864471666923e+01,5.096540425319614798e+01,5.577463955460324740e+01,7.208298002418192141e+01
1.200000000000000000e+02,1.200000000000000000e+02,1.200000000000000000e+02,1.200000000000000000e+02,1.200000000000000000e+02,1.200000000000000000e+02,1.200000000000000000e+02,1.200000000000000000e+02,1.200000000000000000e+02,1.200000000000000000e+02,7.045025037222437447e+00,8.210859805127032018e+01,4.057083687791271376e-03,9.648469881663703518e+01,9.426809469368460270e+01,9.773707575073832743e+01,1.023371012535136089e+02,1.051611339330708859e+02,1.041872877980888745e+02,9.999451695399069706e+01,6.438625446795288099e+01,5.510349606875714557e+01,5.105513689490405227e+01,5.566998403216129532e+01,7.206404377737419509e+01
1.200000000000000000e+02,1.200000000000000000e+02,1.200000000000000000e+02,1.200000000000000000e+02,1.200000000000000000e+02,1.200000000000000000e+02,1.200000000000000000e+02,1.200000000000000000e+02,1.200000000000000000e+02,1.200000000000000000e+02,9.234140859942247914e+01,8.927733175308807745e+01,8.872324224999978526e+01,1.020657781237480464e+02,9.963268406440114688e+01,9.866347416797719916e+01,1.011105240228715303e+02,1.036042318488494942e+02,1.047902654266383564e+02,1.004749272286692729e+02,6.434243661968019978e+01,5.507502599523003539e+01,5.095446822240349860e+01,5.572728521135971391e+01,7.199541572838734282e+01
1.200000000000000000e+02,1.200000000000000000e+02,1.200000000000000000e+02,1.200000000000000000e+02,1.200000000000000000e+02,1.200000000000000000e+02,1.200000000000000000e+02,1.200000000000000000e+02,1.200000000000000000e+02,1.200000000000000000e+02,8.656258101949727291e+01,9.670822601687940789e+01,8.710970784283678370e+01,7.450268120382834525e+01,1.035439670701366595e+02,1.011919837270040574e+02,1.010076306670353716e+02,1.028478415668995041e+02,1.039648768731224493e+02,1.011392897059056537e+02,6.457750332759843559e+01,5.497002245951208721e+01,5.096871649367079726e+01,5.571759393122462711e+01,7.203785265594716236e+01
1.200000000000000000e+02,1.200000000000000000e+02,1.200000000000000000e+02,1.200000000000000000e+02,1.200000000000000000e+02,1.200000000000000000e+02,1.200000000000000000e+02,1.200000000000000000e+02,1.200000000000000000e+02,1.200000000000000000e+02,4.838827145706369251e-03,9.633429870416388496e+01,5.108814508402892418e-03,3.952466642716166945e+01,1.025356983286211232e+02,1.037970500030585157e+02,1.021661811014010937e+02,1.023716755698347072e+02,1.035334915773757416e+02,1.008370769467535979e+02,6.548223019296023040e+01,5.485160166520989122e+01,5.093564628908583103e+01,5.575954177058761019e+01,7.204187992407493368e+01
1.200000000000000000e+02,1.200000000000000000e+02,1.200000000000000000e+02,1.200000000000000000e+02,1.200000000000000000e+02,1.200000000000000000e+02,1.200000000000000000e+02,1.200000000000000000e+02,1.200000000000000000e+02,1.200000000000000000e+02,7.702155434799846760e-03,9.139243506027857222e+01,4.907459645603093855e-03,3.470098390958084877e+01,9.168845504425274839e+01,1.040012634557667042e+02,1.038651912461251356e+02,1.028136653319631790e+02,1.029583404457654154e+02,1.006266258685202217e+02,6.561658111379527725e+01,5.518534578589189721e+01,5.080147831056539331e+01,5.578043516132658652e+01,7.209002109032171290e+01
1.200000000000000000e+02,1.200000000000000000e+02,1.200000000000000000e+02,1.200000000000000000e+02,1.200000000000000000e+02,1.200000000000000000e+02,1.200000000000000000e+02,1.200000000000000000e+02,1.200000000000000000e+02,1.200000000000000000e+02,8.168701686058463451e+01,8.319946912018004070e+01,5.171541204556778619e-03,5.077252708077219978e+01,8.914078401627759263e+01,9.835895286464737808e+01,1.043953022695315696e+02,1.038950071587012047e+02,1.030207454935708995e+02,1.000965744440079845e+02,6.563670092230215403e+01,5.538998332755984677e+01,5.085794937916298153e+01,5.571166541449046150e+01,7.211817116328603561e+01
1.200000000000000000e+02,1.200000000000000000e+02,1.200000000000000000e+02,1.200000000000000000e+02,1.200000000000000000e+02,1.200000000000000000e+02,1.200000000000000000e+02,1.200000000000000000e+02,1.200000000000000000e+02,1.200000000000000000e+02,8.054199721610746110e+01,1.982204477938473517e-03,8.055918318625755603e+01,4.259628654535342918e+01,9.375207091224648082e+01,9.701373933853913911e+01,1.012502331087182910e+02,1.044376902173398207e+02,1.036863702930105404e+02,9.992152483794772877e+01,6.504221699801283307e+01,5.556827082302881848e+01,5.093326397447570741e+01,5.571390586911704190e+01,7.208424511277978297e+01
1.200000000000000000e+02,1.200000000000000000e+02,1.200000000000000000e+02,1.200000000000000000e+02,1.200000000000000000e+02,1.200000000000000000e+02,1.200000000000000000e+02,1.200000000000000000e+02,1.200000000000000000e+02,1.200000000000000000e+02,5.790761437711207729e-03,2.104785362843480164e-03,7.868252968712887707e+01,5.692797804996975408e+00,9.390324026382833722e+01,9.920271686404642253e+01,1.005532426082925923e+02,1.026521099179207681e+02,1.041343002247698024e+02,1.002979153697956178e+02,6.456437111171406684e+01,5.539546198419454726e+01,5.103915947532279773e+01,5.572926899271506329e+01,7.208617516772351053e+01
1.200000000000000000e+02,1.200000000000000000e+02,1.200000000000000000e+02,1.200000000000000000e+02,1.200000000000000000e+02,1.200000000000000000e+02,1.200000000000000000e+02,1.200000000000000000e+02,1.200000000000000000e+02,1.200000000000000000e+02,8.872210677883622665e-03,7.723114250322294083e+01,3.791430041402284526e-03,6.932040624879183544e-03,9.600363401888974124e+01,9.847728869067462654e+01,1.016213659413336359e+02,1.023583700928521409e+02,1.031282535697903455e+02,1.006344246077758413e+02,6.478202278708104700e+01,5.512336026124610555e+01,5.101138125391592126e+01,5.576427437185497382e+01,7.208399168346817021e+01
1.200000000000000000e+02,1.200000000000000000e+02,1.200000000000000000e+02,1.200000000000000000e+02,1.200000000000000000e+02,1.200000000000000000e+02,1.200000000000000000e+02,1.200000000000000000e+02,1.200000000000000000e+02,1.200000000000000000e+02,1.306162622425993680e+00,4.626772073994455010e-03,2.385678228371500547e-03,2.770355417874593940e+00,9.781445592199733596e+01,1.002211060901531994e+02,1.005526536982290082e+02,1.028637803406842579e+02,1.030844383365447214e+02,1.000791671996275767e+02,6.510992528647135202e+01,5.514810708626143310e+01,5.091113627072823533e+01,5.574971985612866376e+01,7.209277767253489344e+01
1.200000000000000000e+02,1.200000000000000000e+02,1.200000000000000000e+02,1.200000000000000000e+02,1.200000000000000000e+02,1.200000000000000000e+02,1.200000000000000000e+02,1.200000000000000000e+02,1.200000000000000000e+02,1.200000000000000000e+02,8.270748641399636369e+01,7.671380258999637647e+01,3.142196778607477849e-03,5.566522611625430983e+01,9.638349674161138125e+01,1.027478642632537458e+02,1.019455485459225201e+02,1.016834924893662446e+02,1.032934925845941478e+02,1.001551485435428646e+02,6.463781690485025422e+01,5.523256224852171670e+01,5.092858240960237737e+01,5.570843824993657734e+01,7.207434208899717021e+01
1.200000000000000000e+02,1.200000000000000000e+02,1.200000000000000000e+02,1.200000000000000000e+02,1.200000000000000000e+02,1.200000000000000000e+02,1.200000000000000000e+02,1.200000000000000000e+02,1.200000000000000000e+02,1.200000000000000000e+02,7.657392145837872022e+01,8.271618188821884132e+01,8.401076530930757258e+01,6.718940725707008710e+01,9.820421693129638641e+01,1.021585881847423565e+02,1.042030871401369438e+02,1.028216465817341572e+02,1.021219693926942256e+02,1.002316197330272587e+02,6.487190086976582393e+01,5.501083939947026380e+01,5.094784509461174338e+01,5.573325145203374120e+01,7.205181274755534560e+01
1.200000000000000000e+02,1.200000000000000000e+02,1.200000000000000000e+02,1.200000000000000000e+02,1.200000000000000000e+02,1.200000000000000000e+02,1.200000000000000000e+02,1.200000000000000000e+02,1.200000000000000000e+02,1.200000000000000000e+02,7.525586068264125572e+01,2.731708921003771304e-03,7.785803599859733026e+01,6.291827192543497205e+01,9.047626516713108913e+01,1.032871307341504235e+02,1.038617267963654029e+02,1.046849985611247433e+02,1.030670649761665061e+02,9.908232984896028483e+01,6.500085414916985371e+01,5.522246168150254420e+01,5.082997199561415158e+01,5.574610865000811089e+01,7.207629681599286187e+01
1.200000000000000000e+02,1.200000000000000000e+02,1.200000000000000000e+02,1.200000000000000000e+02,1.200000000000000000e+02,1.200000000000000000e+02,1.200000000000000000e+02,1.200000000000000000e+02,1.200000000000000000e+02,1.200000000000000000e+02,7.835894520733850754e+01,8.310790950436553715e+01,6.232516311292414166e-03,1.384087242594467959e+01,9.434031016044401952e+01,9.742102112268759129e+01,1.048710880257061433e+02,1.043993799547714900e+02,1.045556170322286818e+02,9.976784767415541921e+01,6.330831407026339974e+01,5.539397179249939995e+01,5.096817064312648426e+01,5.568194652779580878e+01,7.208589422500600108e+01
1.200000000000000000e+02,1.200000000000000000e+02,1.200000000000000000e+02,1.200000000000000000e+02,1.200000000000000000e+02,1.200000000000000000e+02,1.200000000000000000e+02,1.200000000000000000e+02,1.200000000000000000e+02,1.200000000000000000e+02,6.084832403660500079e-03,7.487552064430100529e+01,4.577614352492281706e-03,1.067462374640533085e+01,9.193362428780649509e+01,9.871992997251535940e+01,1.005110521314214935e+02,1.054045693464469196e+02,1.042544411998386096e+02,1.010389059166950290e+02,6.380478324186490369e+01,5.442031148347746949e+01,5.112758209898673556e+01,5.577116412098628473e+01,7.204963881704310324e+01
1.200000000000000000e+02,1.200000000000000000e+02,1.200000000000000000e+02,1.200000000000000000e+02,1.200000000000000000e+02,1.200000000000000000e+02,1.200000000000000000e+02,1.200000000000000000e+02,1.200000000000000000e+02,1.200000000000000000e+02,1.388743879829580814e-02,7.616386719829455387e+01,3.736365172724179316e-03,3.846520018212780911e+01,9.315729766920284760e+01,9.769846831286707811e+01,1.011046175831692295e+02,1.021340591049382738e+02,1.052644645256576581e+02,1.007106123569369345e+02,6.556849343622788240e+01,5.449362380349069213e+01,5.066669953332149134e+01,5.588827879503463691e+01,7.211606350311899405e+01
1.200000000000000000e+02,1.200000000000000000e+02,1.200000000000000000e+02,1.200000000000000000e+02,1.200000000000000000e+02,1.200000000000000000e+02,1.200000000000000000e+02,1.200000000000000000e+02,1.200000000000000000e+02,1.200000000000000000e+02,8.710421209514147733e+01,8.229594019108068892e+01,8.155321153109011334e+01,4.112438010152381196e+01,9.602269050743186085e+01,9.960836304002071984e+01,1.004543138055884839e+02,1.025151242226425836e+02,1.028285281896016699e+02,1.016603019809189306e+02,6.513186270108955966e+01,5.548794144559542474e+01,5.066451081595686645e+01,5.566770925592290808e+01,7.218838380552288925e+01
1.200000000000000000e+02,1.200000000000000000e+02,1.200000000000000000e+02,1.200000000000000000e+02,1.200000000000000000e+02,1.200000000000000000e+02,1.200000000000000000e+02,1.200000000000000000e+02,1.200000000000000000e+02,1.200000000000000000e+02,6.350517179599041336e-03,9.054082623086294745e+01,7.764988594857170767e+01,1.728149367138520986e+01,9.327532725560932647e+01,1.009680691331263489e+02,1.019609056415320083e+02,1.020064096274720953e+02,1.031283798625838557e+02,1.000754462939732292e+02,6.627379307760929805e+01,5.518920135748184208e+01,5.120502205761113146e+01,5.568986366995056869e+01,7.205782305888712358e+01
1.200000000000000000e+02,1.200000000000000000e+02,1.200000000000000000e+02,1.200000000000000000e+02,1.200000000000000000e+02,1.200000000000000000e+02,1.200000000000000000e+02,1.200000000000000000e+02,1.200000000000000000e+02,1.200000000000000000e+02,3.553550938306554354e-03,8.985710629980756892e+01,8.336624797018220079e+01,7.325069458593275358e-03,9.381635940715528932e+01,9.890768196899172437e+01,1.026918936425631443e+02,1.030352297916371782e+02,1.027083650051213510e+02,1.002120968078907595e+02,6.499234817838154754e+01,5.557421513371841826e+01,5.101882030742078911e+01,5.602052506970211709e+01,7.210627606752802876e+01
1.200000000000000000e+02,1.200000000000000000e+02,1.200000000000000000e+02,1.200000000000000000e+02,1.200000000000000000e+02,1.200000000000000000e+02,1.200000000000000000e+02,1.200000000000000000e+02,1.200000000000000000e+02,1.200000000000000000e+02,2.960994556569509443e-03,8.905987303860725035e+01,3.278434228303104929e-03,6.213115086768096137e-03,9.369551100400140342e+01,9.922935610447380839e+01,1.011288528497377115e+02,1.034348434653310704e+02,1.033409516176748042e+02,9.994477801939613926e+01,6.506372381893160650e+01,5.519411264333702860e+01,5.101900812622062631e+01,5.590207059607021733e+01,7.231831569226717704e+01
1.200000000000000000e+02,1.200000000000000000e+02,1.200000000000000000e+02,1.200000000000000000e+02,1.200000000000000000e+02,1.200000000000000000e+02,1.200000000000000000e+02,1.200000000000000000e+02,1.200000000000000000e+02,1.200000000000000000e+02,7.776845119843382292e+01,3.625127270406749633e-03,2.152394067166762352e-03,8.537883952039977942e+01,9.264686407844011740e+01,1.002064080926219560e+02,1.015220860732038233e+02,1.022049059029980072e+02,1.035422027218474881e+02,1.001989669261615035e+02,6.493773149601584294e+01,5.533546847701786220e+01,5.086078920658640357e+01,5.580880585552310436e+01,7.221608264427688084e+01
1.200000000000000000e+02,1.200000000000000000e+02,1.200000000000000000e+02,1.200000000000000000e+02,1.200000000000000000e+02,1.200000000000000000e+02,1.200000000000000000e+02,1.200000000000000000e+02,1.200000000000000000e+02,1.200000000000000000e+02,7.768002886522570805e+01,3.136279137098205681e-03,8.391307343172432809e+01,4.568650761866801038e-03,7.425649222333693444e+01,9.980925758383973800e+01,1.025465072295562834e+02,1.026822390685845363e+02,1.025542027425818787e+02,1.002611818960722019e+02,6.498323842062234235e+01,5.548698711642310855e+01,5.097846331609373038e+01,5.570236306568331486e+01,7.213535358824877619e+01
1.200000000000000000e+02,1.200000000000000000e+02,1.200000000000000000e+02,1.200000000000000000e+02,1.200000000000000000e+02,1.200000000000000000e+02,1.200000000000000000e+02,1.200000000000000000e+02,1.200000000000000000e+02,1.200000000000000000e+02,8.133084629137488264e+01,8.030001290242826428e+01,8.290495263783782320e+01,3.438544508427658023e-03,7.806194656782541585e+01,9.807344841509028299e+01,1.022427720282305899e+02,1.035680324595506931e+02,1.030689673388006469e+02,9.944407637810932954e+01,6.486999463614151296e+01,5.550124955287300565e+01,5.117763443399115886e+01,5.576179654364984373e+01,7.204848297620013398e+01
1.200000000000000000e+02,1.200000000000000000e+02,1.200000000000000000e+02,1.200000000000000000e+02,1.200000000000000000e+02,1.200000000000000000e+02,1.200000000000000000e+02,1.200000000000000000e+02,1.200000000000000000e+02,1.200000000000000000e+02,8.268546281765622868e-03,7.235119655034434061e+01,8.888912661543132288e+01,3.314897998678271399e-03,9.097619284975084497e+01,9.238875888307687489e+01,1.011947615364243802e+02,1.032560178134412041e+02,1.037857731152469540e+02,9.989405585224399431e+01,6.374625403174271554e+01,5.534748131219325984e+01,5.124459332085429963e+01,5.590032061037094024e+01,7.208802337039026042e+01
1.200000000000000000e+02,1.200000000000000000e+02,1.200000000000000000e+02,1.200000000000000000e+02,1.200000000000000000e+02,1.200000000000000000e+02,1.200000000000000000e+02,1.200000000000000000e+02,1.200000000000000000e+02,1.200000000000000000e+02,6.448403226046590220e+00,3.882894522996748355e-03,6.482664477533960252e-03,4.081686716243289673e-03,9.789750166870115322e+01,9.747322367398042786e+01,9.785504251617048510e+01,1.026251202013344539e+02,1.034474886533939326e+02,1.005102686713196363e+02,6.420017002631402647e+01,5.467585269987992547e+01,5.116418796940040181e+01,5.595653755155465348e+01,7.217695289730738750e+01
1.200000000000000000e+02,1.200000000000000000e+02,1.200000000000000000e+02,1.200000000000000000e+02,1.200000000000000000e+02,1.200000000000000000e+02,1.200000000000000000e+02,1.200000000000000000e+02,1.200000000000000000e+02,1.200000000000000000e+02,8.493147093946060977e+01,7.774720552664678053e+01,7.928598593814589323e-04,8.314771958321567524e+01,9.764389473503929651e+01,1.012688317754392102e+02,1.004105534514841054e+02,1.005218933461099340e+02,1.030963371705829275e+02,1.001236057784116724e+02,6.510086848184407415e+01,5.486057430550453518e+01,5.082733321150106320e+01,5.591940934526965634e+01,7.220928672590933672e+01
1.200000000000000000e+02,1.200000000000000000e+02,1.200000000000000000e+02,1.200000000000000000e+02,1.200000000000000000e+02,1.200000000000000000e+02,1.200000000000000000e+02,1.200000000000000000e+02,1.200000000000000000e+02,1.200000000000000000e+02,7.804807551172203262e+01,8.347650770307706125e+01,8.287304801872249982e+01,1.429563385098338432e-03,6.797487054493988978e+01,1.021144381823499430e+02,1.024812100721813550e+02,1.019684559371148396e+02,1.017412469526876606e+02,9.991194173361927255e+01,6.449816803703649271e+01,5.541201395079730929e+01,5.092753445435948834e+01,5.575850174991462183e+01,7.218243457296532029e+01
1.200000000000000000e+02,1.200000000000000000e+02,1.200000000000000000e+02,1.200000000000000000e+02,1.200000000000000000e+02,1.200000000000000000e+02,1.200000000000000000e+02,1.200000000000000000e+02,1.200000000000000000e+02,1.200000000000000000e+02,7.659708755369169353e+01,8.529099561136976604e+01,7.823505135204189287e+01,1.094277797166351646e-03,7.356462740513300957e+01,9.971258657711996420e+01,1.032747834482052269e+02,1.030568380424555528e+02,1.025917554743440547e+02,9.909315004691279682e+01,6.413122489346646660e+01,5.501345923023815487e+01,5.126000813672770562e+01,5.584519832890605784e+01,7.209188231116536372e+01
1.200000000000000000e+02,1.200000000000000000e+02,1.200000000000000000e+02,1.200000000000000000e+02,1.200000000000000000e+02,1.200000000000000000e+02,1.200000000000000000e+02,1.200000000000000000e+02,1.200000000000000000e+02,1.200000000000000000e+02,7.997237833127601903e+01,8.249516806154694848e+01,7.848450655410140087e+01,1.105181992697651513e-03,8.865210998399516029e+01,9.442513252708508276e+01,1.023226835451514063e+02,1.036243418778218626e+02,1.030989813619418243e+02,9.950952157413725274e+01,6.346286875047096743e+01,5.467555837417518916e+01,5.104057631036406661e+01,5.606247522007563333e+01,7.217392329559767461e+01
1.200000000000000000e+02,1.200000000000000000e+02,1.200000000000000000e+02,1.200000000000000000e+02,1.200000000000000000e+02,1.200000000000000000e+02,1.200000000000000000e+02,1.200000000000000000e+02,1.200000000000000000e+02,1.200000000000000000e+02,1.097898459776337071e-02,7.931736611519090729e+01,1.689874535350374338e-03,1.398710073526633624e-03,9.564871147659665951e+01,9.707767396330102372e+01,9.988617258835466828e+01,1.033672412142883559e+02,1.034522621812599539e+02,9.964959447026929240e+01,6.373942696797570306e+01,5.449394464458508480e+01,5.078844062735582554e+01,5.594227406936072811e+01,7.231585705336277670e+01
1.200000000000000000e+02,1.200000000000000000e+02,1.200000000000000000e+02,1.200000000000000000e+02,1.200000000000000000e+02,1.200000000000000000e+02,1.200000000000000000e+02,1.200000000000000000e+02,1.200000000000000000e+02,1.200000000000000000e+02,5.230663340805122817e-03,8.333177020509458544e+01,8.679289471284367607e+01,8.308474510433593707e+01,9.452642572384495168e+01,1.002687502865122724e+02,1.005144119848369826e+02,1.022342923097514955e+02,1.035487797401546715e+02,9.977921087760206831e+01,6.356772361939506055e+01,5.467108160735245548e+01,5.077391603921258678e+01,5.578585423653171205e+01,7.223079477663038972e+01
1.200000000000000000e+02,1.200000000000000000e+02,1.200000000000000000e+02,1.200000000000000000e+02,1.200000000000000000e+02,1.200000000000000000e+02,1.200000000000000000e+02,1.200000000000000000e+02,1.200000000000000000e+02,1.200000000000000000e+02,4.475524910320086494e-03,8.782759865492049300e+01,8.197701913519283323e+01,8.638462014946287582e+01,6.359067679797501427e+01,1.005535126700770121e+02,1.021086992327064991e+02,1.022017918892870227e+02,1.030892133456369635e+02,1.000735534957971709e+02,6.333352645165376771e+01,5.443298752001916796e+01,5.095046288106080823e+01,5.582509960583136888e+01,7.214134123037483448e+01
1.200000000000000000e+02,1.200000000000000000e+02,1.200000000000000000e+02,1.200000000000000000e+02,1.200000000000000000e+02,1.200000000000000000e+02,1.200000000000000000e+02,1.200000000000000000e+02,1.200000000000000000e+02,1.200000000000000000e+02,4.756221690977711393e-03,9.408165155406057067e+01,8.210449983052436096e+01,3.334737825386682123e-03,2.620124915336866778e+01,9.661860357743509553e+01,1.024759968240144872e+02,1.030346872145255617e+02,1.028228425547231524e+02,1.000239208205969987e+02,6.377986768511554772e+01,5.400802175768976099e+01,5.083235447622592318e+01,5.598022439323966637e+01,7.219032118199557146e+01
1.200000000000000000e+02,1.200000000000000000e+02,1.200000000000000000e+02,1.200000000000000000e+02,1.200000000000000000e+02,1.200000000000000000e+02,1.200000000000000000e+02,1.200000000000000000e+02,1.200000000000000000e+02,1.200000000000000000e+02,6.713387746840382420e-03,9.883871837776948155e+01,8.527010204775434943e+01,3.318599023046663737e-03,1.862808157384602836e+01,9.184482668095319013e+01,1.002512426267654746e+02,1.032989664980728008e+02,1.032706077988027999e+02,9.966818199329469508e+01,6.414429787256388238e+01,5.411809765201963529e+01,5.051015510262043051e+01,5.594588942600191928e+01,7.230992279375880116e+01
1.200000000000000000e+02,1.200000000000000000e+02,1.200000000000000000e+02,1.200000000000000000e+02,1.200000000000000000e+02,1.200000000000000000e+02,1.200000000000000000e+02,1.200000000000000000e+02,1.200000000000000000e+02,1.200000000000000000e+02,3.718933940462975513e-02,1.019228282555685183e+02,8.954088167339564563e+01,4.152100342388144461e-03,2.367993238438099723e+01,9.164000101958876598e+01,9.817727410696676316e+01,1.019133530269349848e+02,1.034371784223694419e+02,9.987809544963128872e+01,6.366321192586247690e+01,5.444103925505345387e+01,5.047862377127616895e+01,5.576575211112024988e+01,7.229953873052544111e+01
1.200000000000000000e+02,1.200000000000000000e+02,1.200000000000000000e+02,1.200000000000000000e+02,1.200000000000000000e+02,1.200000000000000000e+02,1.200000000000000000e+02,1.200000000000000000e+02,1.200000000000000000e+02,1.200000000000000000e+02,8.026305421221202607e+01,4.645673462441841234e-03,2.214370851348141083e-03,8.647841816129309223e+01,3.271973928101290596e+01,9.512853483499584684e+01,9.868597194458412503e+01,1.010230864372511945e+02,1.025130979159817457e+02,1.000235068178089790e+02,6.366952874600077195e+01,5.420359597619040670e+01,5.065243394230531493e+01,5.574476841786517411e+01,7.220168847529843958e+01
1.200000000000000000e+02,1.200000000000000000e+02,1.200000000000000000e+02,1.200000000000000000e+02,1.200000000000000000e+02,1.200000000000000000e+02,1.200000000000000000e+02,1.200000000000000000e+02,1.200000000000000000e+02,1.200000000000000000e+02,8.226427802721312332e+01,4.417279544643257227e-03,6.268290307291713326e+00,8.450725911286299663e+01,1.454684966945670332e+01,9.653479210578197467e+01,1.003402626044257175e+02,1.015297774045167216e+02,1.022109719523203495e+02,9.936915117462403657e+01,6.384946426701610989e+01,5.406554062291217377e+01,5.053278480571555775e+01,5.584950971360749605e+01,7.220759187118846967e+01
1.200000000000000000e+02,1.200000000000000000e+02,1.200000000000000000e+02,1.200000000000000000e+02,1.200000000000000000e+02,1.200000000000000000e+02,1.200000000000000000e+02,1.200000000000000000e+02,1.200000000000000000e+02,1.200000000000000000e+02,8.874411294425452468e+01,8.617608620529968277e+01,3.041482122770489571e+00,9.476791734816983137e+01,8.923855094341017272e-03,9.477238532610736854e+01,1.011611113964503517e+02,1.023014318097890225e+02,1.026201459388643542e+02,9.931307495500996652e+01,6.312254979997987903e+01,5.411043708408025310e+01,5.039566631702221144e+01,5.578310269519092657e+01,7.228120775564423184e+01
1.200000000000000000e+02,1.200000000000000000e+02,1.200000000000000000e+02,1.200000000000000000e+02,1.200000000000000000e+02,1.200000000000000000e+02,1.200000000000000000e+02,1.200000000000000000e+02,1.200000000000000000e+02,1.200000000000000000e+02,1.370978641368692311e-02,7.802555254580295241e+01,2.067201033633665145e-03,4.815169022377737904e-03,4.049561964347210725e-03,9.199412567462302093e+01,1.002624944172341515e+02,1.027977572664033943e+02,1.029232439477765553e+02,9.964551744186319127e+01,6.316170320786555692e+01,5.373466639971126568e+01,5.037894697647455899e+01,5.568944984833483858e+01,7.223985136130532680e+01
1.200000000000000000e+02,1.200000000000000000e+02,1.200000000000000000e+02,1.200000000000000000e+02,1.200000000000000000e+02,1.200000000000000000e+02,1.200000000000000000e+02,1.200000000000000000e+02,1.200000000000000000e+02,1.200000000000000000e+02,1.316769252427084069e+01,3.332714613273650255e-03,8.536756758203370055e+01,1.649731155471038235e+01,2.715511228649892389e-02,9.246012769302791412e+01,9.945599723686488858e+01,1.023100566856762725e+02,1.032342833321429367e+02,9.964705278100888108e+01,6.369480750280239079e+01,5.379838957450828474e+01,5.018409470561160646e+01,5.567349417835733050e+01,7.218878318669909788e+01
1.200000000000000000e+02,1.200000000000000000e+02,1.200000000000000000e+02,1.200000000000000000e+02,1.200000000000000000e+02,1.200000000000000000e+02,1.200000000000000000e+02,1.200000000000000000e+02,1.200000000000000000e+02,1.200000000000000000e+02,8.517281093247142110e+01,7.984913092135744250e+01,7.150812003341377476e+01,8.052417618275200084e+00,5.133044336361548687e+01,9.318829383681988077e+01,9.976827203928743870e+01,1.021749171647801262e+02,1.029748363917148879e+02,9.980193290399937212e+01,6.349698137647177987e+01,5.420951322390576621e+01,5.022908040070677060e+01,5.557145126021985249e+01,7.218522234468537135e+01
1.200000000000000000e+02,1.200000000000000000e+02,1.200000000000000000e+02,1.200000000000000000e+02,1.200000000000000000e+02,1.200000000000000000e+02,1.200000000000000000e+02,1.200000000000000000e+02,1.200000000000000000e+02,1.200000000000000000e+02,7.900667966808488529e+01,8.295412888796948891e+01,7.699942061666239113e+01,1.701404602486846981e-03,6.954899848962878650e+01,9.896099835868798777e+01,9.996253048257075591e+01,1.023912069650298378e+02,1.031181574152347054e+02,9.972776874991440366e+01,6.343204892691649377e+01,5.407478338923736061e+01,5.051150837464719956e+01,5.560876098629601927e+01,7.213129071154138217e+01
1.200000000000000000e+02,1.200000000000000000e+02,1.200000000000000000e+02,1.200000000000000000e+02,1.200000000000000000e+02,1.200000000000000000e+02,1.200000000000000000e+02,1.200000000000000000e+02,1.200000000000000000e+02,1.200000000000000000e+02,7.868416566832031833e+01,8.080169703146734150e+01,8.358974015265903290e+01,7.764554614934743881e+01,8.670000871113164465e+01,9.319724104300058798e+01,1.031214861781675438e+02,1.023849833814369674e+02,1.032807189848673062e+02,9.999907293870694502e+01,6.344477324360696713e+01,5.386259868691663399e+01,5.047262055080594223e+01,5.579757765577989659e+01,7.217787527855929852e+01
1.200000000000000000e+02,1.200000000000000000e+02,1.200000000000000000e+02,1.200000000000000000e+02,1.200000000000000000e+02,1.200000000000000000e+02,1.200000000000000000e+02,1.200000000000000000e+02,1.200000000000000000e+02,1.200000000000000000e+02,6.752466405897563327e-03,7.723205684219044542e+01,1.507183336363830065e-03,7.318902063795184176e+01,6.370084048851651914e+01,9.559546571206311683e+01,9.898907257038005980e+01,1.044813558403621983e+02,1.031983207972051417e+02,1.001558697762159085e+02,6.398432314183707348e+01,5.384331677226808921e+01,5.029833957704746439e+01,5.579464147108337357e+01,7.230686028048225467e+01
1.200000000000000000e+02,1.200000000000000000e+02,1.200000000000000000e+02,1.200000000000000000e+02,1.200000000000000000e+02,1.200000000000000000e+02,1.200000000000000000e+02,1.200000000000000000e+02,1.200000000000000000e+02,1.200000000000000000e+02,3.036890360575066061e-02,7.655862071145446635e+01,8.266602648624100880e+01,3.848195600877242929e-03,1.352395903565029300e+01,9.994721668474623755e+01,9.929580281236987105e+01,1.013536626890157777e+02,1.047354308132632070e+02,1.000497692770763933e+02,6.432458552117569184e+01,5.421314745015276770e+01,5.025880501876627449e+01,5.568718788110500384e+01,7.229983599989218135e+01
1.200000000000000000e+02,1.200000000000000000e+02,1.200000000000000000e+02,1.200000000000000000e+02,1.200000000000000000e+02,1.200000000000000000e+02,1.200000000000000000e+02,1.200000000000000000e+02,1.200000000000000000e+02,1.200000000000000000e+02,8.631873169581956518e+01,8.372611850663625432e+01,7.598708783984908166e+01,1.650885468561745983e-03,2.312268219023400917e+01,9.493625732539398143e+01,1.018657727881509913e+02,1.012308426196178743e+02,1.022731178135322949e+02,1.012697844669777396e+02,6.419476746411861257e+01,5.448560767838247187e+01,5.046348190109201681e+01,5.566613619835241877e+01,7.223187472017646371e+01
1.200000000000000000e+02,1.200000000000000000e+02,1.200000000000000000e+02,1.200000000000000000e+02,1.200000000000000000e+02,1.200000000000000000e+02,1.200000000000000000e+02,1.200000000000000000e+02,1.200000000000000000e+02,1.200000000000000000e+02,8.151438296452282373e+01,3.495393847247998842e+00,7.470506924332536869e+01,2.102263527524669395e-03,4.197130189793132615e+01,9.317430253746891822e+01,1.002206546060680665e+02,1.029203917743428605e+02,1.020923189594339817e+02,9.942432576875773975e+01,6.573597391601238371e+01,5.442994688563275218e+01,5.062530553262468658e+01,5.578388405580050602e+01,7.222277496627727089e+01
1.200000000000000000e+02,1.200000000000000000e+02,1.200000000000000000e+02,1.200000000000000000e+02,1.200000000000000000e+02,1.200000000000000000e+02,1.200000000000000000e+02,1.200000000000000000e+02,1.200000000000000000e+02,1.200000000000000000e+02,8.262396046780423831e+01,8.689252376331891980e+01,7.912340664006103452e+01,8.190372833078015447e+01,5.239811997732651605e+01,9.242033274241950380e+01,1.003220994255018041e+02,1.022147924558281886e+02,1.032900790661995529e+02,9.910459406797531301e+01,6.379370839019765071e+01,5.523258039197959590e+01,5.058661313403731441e+01,5.586642600699113359e+01,7.229636211877507890e+01
1.200000000000000000e+02,1.200000000000000000e+02,1.200000000000000000e+02,1.200000000000000000e+02,1.200000000000000000e+02,1.200000000000000000e+02,1.200000000000000000e+02,1.200000000000000000e+02,1.200000000000000000e+02,1.200000000000000000e+02,1.204285067889146986e-02,7.666508509450851250e+01,8.803433158022114924e+01,4.084171108713764708e-03,2.637004084630714473e+01,9.218656778496850279e+01,9.905533971005530702e+01,1.028054365420767908e+02,1.028463974891913608e+02,1.001044955376947314e+02,6.298245116111083064e+01,5.439494453114519246e+01,5.094185594852557841e+01,5.582308452062046911e+01,7.233403701047411971e+01
1.200000000000000000e+02,1.200000000000000000e+02,1.200000000000000000e+02,1.200000000000000000e+02,1.200000000000000000e+02,1.200000000000000000e+02,1.200000000000000000e+02,1.200000000000000000e+02,1.200000000000000000e+02,1.200000000000000000e+02,3.395159390967848356e+00,7.292170302327704690e+01,8.837160486531294623e+01,5.145618598913499764e-03,6.383467510324090988e+00,9.364513083256601078e+01,9.806537631490003548e+01,1.016571887004785708e+02,1.035648570771653425e+02,9.971891375514391598e+01,6.432130003062496826e+01,5.382768846106346672e+01,5.057266709466355792e+01,5.597252042105237990e+01,7.228875548023951580e+01
1.200000000000000000e+02,1.200000000000000000e+02,1.200000000000000000e+02,1.200000000000000000e+02,1.200000000000000000e+02,1.200000000000000000e+02,1.200000000000000000e+02,1.200000000000000000e+02,1.200000000000000000e+02,1.200000000000000000e+02,1.694736773288065379e+01,7.779026089277623157e+01,8.285713126714409782e+01,8.443810381819321265e+01,1.591652332474874929e-03,9.325164710066687235e+01,9.852906066086009673e+01,1.006535609512372105e+02,1.026329687060135427e+02,1.002989312190757403e+02,6.394598525100512632e+01,5.464224477600453866e+01,5.024735893817406662e+01,5.575958434276584796e+01,7.235646463389997507e+01
1.200000000000000000e+02,1.200000000000000000e+02,1.200000000000000000e+02,1.200000000000000000e+02,1.200000000000000000e+02,1.200000000000000000e+02,1.200000000000000000e+02,1.200000000000000000e+02,1.200000000000000000e+02,1.200000000000000000e+02,8.353588540630332204e+01,8.644079333091191586e+01,8.170422341640303898e+01,8.179969395058576254e+01,1.077651028241515029e-03,9.521619205413536235e+01,9.946865873122349910e+01,1.008193055605718627e+02,1.017437376482391471e+02,9.968423377651683381e+01,6.445750545046190894e+01,5.456720175050024579e+01,5.072463545703747201e+01,5.556493649765813103e+01,7.219192497763174288e+01
1.200000000000000000e+02,1.200000000000000000e+02,1.200000000000000000e+02,1.200000000000000000e+02,1.200000000000000000e+02,1.200000000000000000e+02,1.200000000000000000e+02,1.200000000000000000e+02,1.200000000000000000e+02,1.200000000000000000e+02,7.854524230819529862e+01,2.867454973590529994e-03,8.471944802144841447e+01,8.309381604094728857e+01,8.813262436503487961e-04,9.812444592496707685e+01,1.008294079941701398e+02,1.017826388168476797e+02,1.018108091845486314e+02,9.885802556040844991e+01,6.395179733887466966e+01,5.468899645117414110e+01,5.078765102946433529e+01,5.585718423280808764e+01,7.208550932702483749e+01
1.200000000000000000e+02,1.200000000000000000e+02,1.200000000000000000e+02,1.200000000000000000e+02,1.200000000000000000e+02,1.200000000000000000e+02,1.200000000000000000e+02,1.200000000000000000e+02,1.200000000000000000e+02,1.200000000000000000e+02,2.140909274090034217e-02,3.976635394531772769e-03,8.729898713463975923e+01,8.644056320407042904e+01,8.499631815986870634e-04,9.560427768163596340e+01,1.027450784361992930e+02,1.026864509491634720e+02,1.025860980395168838e+02,9.884561458761267261e+01,6.280221090073065682e+01,5.451150502859308489e+01,5.078473630127043492e+01,5.592610404871369667e+01,7.228898442054929774e+01
1.200000000000000000e+02,1.200000000000000000e+02,1.200000000000000000e+02,1.200000000000000000e+02,1.200000000000000000e+02,1.200000000000000000e+02,1.200000000000000000e+02,1.200000000000000000e+02,1.200000000000000000e+02,1.200000000000000000e+02,1.858170731422230035e-02,7.330631641036358323e-03,9.456832843324662008e+01,1.514943971647038801e-03,9.736333097886158824e-04,8.830978528017841711e+01,1.020508639568329130e+02,1.040977634641942586e+02,1.031597713659706699e+02,9.941215762229835207e+01,6.260125304622732756e+01,5.391741408324414664e+01,5.071376845356725482e+01,5.589480112301274772e+01,7.232293435603499177e+01
1.200000000000000000e+02,1.200000000000000000e+02,1.200000000000000000e+02,1.200000000000000000e+02,1.200000000000000000e+02,1.200000000000000000e+02,1.200000000000000000e+02,1.200000000000000000e+02,1.200000000000000000e+02,1.200000000000000000e+02,1.299029104948464484e-02,7.328016131274210920e+01,5.609893913801252026e-03,1.835780601897143852e-03,8.111500559389307341e+01,8.227425471167683213e+01,9.822364107810824407e+01,1.039997455943785809e+02,1.042578904179155188e+02,9.971010431729966683e+01,6.322063631709772835e+01,5.377909489891844430e+01,5.046075910180037738e+01,5.586076126338425496e+01,7.229795831726499955e+01
1.200000000000000000e+02,1.200000000000000000e+02,1.200000000000000000e+02,1.200000000000000000e+02,1.200000000000000000e+02,1.200000000000000000e+02,1.200000000000000000e+02,1.200000000000000000e+02,1.200000000000000000e+02,1.200000000000000000e+02,1.370945508473703178e+01,7.256389154524464402e+01,2.073549512029642727e+01,3.716429100910340240e-03,1.614865099568670850e-03,6.471799980611086767e+01,9.436126605407419277e+01,1.017246925406873288e+02,1.044280534972561725e+02,1.005599508091564900e+02,6.338865712172655975e+01,5.411551264421122198e+01,5.043646048877504739e+01,5.575356575058277997e+01,7.226934647010253343e+01
1.200000000000000000e+02,1.200000000000000000e+02,1.200000000000000000e+02,1.200000000000000000e+02,1.200000000000000000e+02,1.200000000000000000e+02,1.200000000000000000e+02,1.200000000000000000e+02,1.200000000000000000e+02,1.200000000000000000e+02,1.657729016175029102e+00,8.017370684409250714e+01,5.069247545619719908e+00,4.992637910728539748e-03,2.945208118684683983e-03,7.484610157530123331e+01,9.236785510439908364e+01,9.916931106467740165e+01,1.030112844935149923e+02,1.009756546650849458e+02,6.425752024664981832e+01,5.410055652265143777e+01,5.067157754286593985e+01,5.578647454655632743e+01,7.221214324772354587e+01
1.200000000000000000e+02,1.200000000000000000e+02,1.200000000000000000e+02,1.200000000000000000e+02,1.200000000000000000e+02,1.200000000000000000e+02,1.200000000000000000e+02,1.200000000000000000e+02,1.200000000000000000e+02,1.200000000000000000e+02,4.997383736400398679e-02,9.017929291907648803e+01,8.008119864269521315e+01,3.509301076989260280e-03,7.580899742508550622e-03,8.811531517249696321e+01,9.013900445079752899e+01,9.754310075135072111e+01,1.012815044757018654e+02,1.001569959628103703e+02,6.513012901289603462e+01,5.434496770184856729e+01,5.066596908569901103e+01,5.596914939226987684e+01,7.226376802170831581e+01
1.200000000000000000e+02,1.200000000000000000e+02,1.200000000000000000e+02,1.200000000000000000e+02,1.200000000000000000e+02,1.200000000000000000e+02,1.200000000000000000e+02,1.200000000000000000e+02,1.200000000000000000e+02,1.200000000000000000e+02,3.745784049517633663e-02,1.748524947999093726e+01,7.489890464580804519e+01,2.771144548427443340e-03,5.902961155528120507e+00,9.927044451102406697e+01,9.465476215307343466e+01,9.605111098549481596e+01,9.996984073538935434e+01,9.896758466952233846e+01,6.461637461536103899e+01,5.481332457519047807e+01,5.067955109837608063e+01,5.599019859463476934e+01,7.240013866661860220e+01
1.200000000000000000e+02,1.200000000000000000e+02,1.200000000000000000e+02,1.200000000000000000e+02,1.200000000000000000e+02,1.200000000000000000e+02,1.200000000000000000e+02,1.200000000000000000e+02,1.200000000000000000e+02,1.200000000000000000e+02,7.226781696191831372e+01,3.306678987135556724e+01,7.649747747910969053e+01,8.365147240069578061e+01,3.729846286935647015e+01,1.054476652519648496e+02,1.007041802355548725e+02,9.780488057265432644e+01,9.876111063699475778e+01,9.787752966715225966e+01,6.343925985927741351e+01,5.473586684885867015e+01,5.083403517970416630e+01,5.596967879778136989e+01,7.241544823146172405e+01
1.200000000000000000e+02,1.200000000000000000e+02,1.200000000000000000e+02,1.200000000000000000e+02,1.200000000000000000e+02,1.200000000000000000e+02,1.200000000000000000e+02,1.200000000000000000e+02,1.200000000000000000e+02,1.200000000000000000e+02,7.420481407427963916e+01,7.168788115453581966e+00,8.521095157174376311e+01,7.806311585063829739e+01,2.066021522450006032e+01,1.063386002247877400e+02,1.054460873482239265e+02,1.013076490115989259e+02,9.932594988923383994e+01,9.670258462075251771e+01,6.214255721948914868e+01,5.434531266425108242e+01,5.078993491225735113e+01,5.601113136840623241e+01,7.239486375200178259e+01
1.200000000000000000e+02,1.200000000000000000e+02,1.200000000000000000e+02,1.200000000000000000e+02,1.200000000000000000e+02,1.200000000000000000e+02,1.200000000000000000e+02,1.200000000000000000e+02,1.200000000000000000e+02,1.200000000000000000e+02,8.163788479871178083e+01,7.798677641372226788e+01,3.029727470036268633e-01,8.235036751755953333e+01,5.256903992493914934e+00,9.765933364981455611e+01,1.077557770003982967e+02,1.047862959302259469e+02,1.013751031328305743e+02,9.646629909105131162e+01,6.045605985952872174e+01,5.389575049121600614e+01,5.066286665044072635e+01,5.594914317223539513e+01,7.239601203232005844e+01
1.200000000000000000e+02,1.200000000000000000e+02,1.200000000000000000e+02,1.200000000000000000e+02,1.200000000000000000e+02,1.200000000000000000e+02,1.200000000000000000e+02,1.200000000000000000e+02,1.200000000000000000e+02,1.200000000000000000e+02,6.732592454270448432e-03,6.990248365315268586e+01,1.167815254089265942e+01,4.226550994398488824e-03,3.710256409476121297e-03,9.092980608901642370e+01,1.034051686756311739e+02,1.073062548955138880e+02,1.038519962826756426e+02,9.745862445494870485e+01,5.928999444025367893e+01,5.311655577994376642e+01,5.061301799023568293e+01,5.587541963284127888e+01,7.232821718119305388e+01
1.200000000000000000e+02,1.200000000000000000e+02,1.200000000000000000e+02,1.200000000000000000e+02,1.200000000000000000e+02,1.200000000000000000e+02,1.200000000000000000e+02,1.200000000000000000e+02,1.200000000000000000e+02,1.200000000000000000e+02,2.017812386828435578e+01,7.004473904285732999e+01,8.765494207287494532e+01,7.281315714678823880e+00,5.239551001090312146e-03,8.954657838895860777e+01,9.970665941311840186e+01,1.050511918617927591e+02,1.062039824817846352e+02,9.910133771583845430e+01,5.944611783529396121e+01,5.227815097748649720e+01,5.044228314095866494e+01,5.591671482476663613e+01,7.227828824436869581e+01
1.200000000000000000e+02,1.200000000000000000e+02,1.200000000000000000e+02,1.200000000000000000e+02,1.200000000000000000e+02,1.200000000000000000e+02,1.200000000000000000e+02,1.200000000000000000e+02,1.200000000000000000e+02,1.200000000000000000e+02,1.194683220381909727e+01,9.832036027532718947e+01,9.478409782393910632e+01,7.209931323372183343e+00,3.556728891529716208e+01,8.948454734124982224e+01,9.881561598292894644e+01,1.030640767606060280e+02,1.051419617309924348e+02,1.011983294650414109e+02,6.060509262850992940e+01,5.190588651283882626e+01,5.015135025348892128e+01,5.595306275105412652e+01,7.232979662714950564e+01
1.200000000000000000e+02,1.200000000000000000e+02,1.200000000000000000e+02,1.200000000000000000e+02,1.200000000000000000e+02,1.200000000000000000e+02,1.200000000000000000e+02,1.200000000000000000e+02,1.200000000000000000e+02,1.200000000000000000e+02,1.002310504047456590e+02,3.523724013327914850e+00,9.666079136077712519e+01,1.920136867641342475e-03,6.206610070046705374e+01,9.537101593683850354e+01,9.811766030076374534e+01,1.024654396522295059e+02,1.042485648914444454e+02,1.010580059245012308e+02,6.290997987281050285e+01,5.193783453866137023e+01,4.996765636171345193e+01,5.593825755808558853e+01,7.240291574076390191e+01
1.200000000000000000e+02,1.200000000000000000e+02,1.200000000000000000e+02,1.200000000000000000e+02,1.200000000000000000e+02,1.200000000000000000e+02,1.200000000000000000e+02,1.200000000000000000e+02,1.200000000000000000e+02,1.200000000000000000e+02,9.742607376143149622e+01,1.149875232294319183e+01,1.051513748556007215e+02,9.604315834937973761e+01,8.017396042046793525e+01,9.324683431874217376e+01,1.009118864788763972e+02,1.015144459738074545e+02,1.039062242681598605e+02,1.009969946979491340e+02,6.348380037546746024e+01,5.255946884314583656e+01,4.984659330232819485e+01,5.596099927308149802e+01,7.246456264554475979e+01
1.200000000000000000e+02,1.200000000000000000e+02,1.200000000000000000e+02,1.200000000000000000e+02,1.200000000000000000e+02,1.200000000000000000e+02,1.200000000000000000e+02,1.200000000000000000e+02,1.200000000000000000e+02,1.200000000000000000e+02,5.234272164727394802e-03,1.033842009050351152e+02,1.853173500670373741e+01,9.054238264499552713e+01,4.138924353348875940e+01,9.310819312148427684e+01,9.904762632951594981e+01,1.030592640668162829e+02,1.029103314319260960e+02,1.010835368946837889e+02,6.432247808156351709e+01,5.264967625997988421e+01,4.986222447404657032e+01,5.595709450731479961e+01,7.255079860054733842e+01
1.200000000000000000e+02,1.200000000000000000e+02,1.200000000000000000e+02,1.200000000000000000e+02,1.200000000000000000e+02,1.200000000000000000e+02,1.200000000000000000e+02,1.200000000000000000e+02,1.200000000000000000e+02,1.200000000000000000e+02,1.111078910454538909e-02,9.275955873842421795e+01,2.797627972180493927e+01,4.148567290147855101e-03,4.539764495109985948e-03,9.698467239554955199e+01,9.773021943040430415e+01,1.014290115372231611e+02,1.038496009638431303e+02,1.002124726450996235e+02,6.539672521622689771e+01,5.318494510228455852e+01,4.960230411325316169e+01,5.592375507703938098e+01,7.259555797134683530e+01
1.200000000000000000e+02,1.200000000000000000e+02,1.200000000000000000e+02,1.200000000000000000e+02,1.200000000000000000e+02,1.200000000000000000e+02,1.200000000000000000e+02,1.200000000000000000e+02,1.200000000000000000e+02,1.200000000000000000e+02,1.660407737560924690e-02,7.614202825241916628e+01,9.300298616719109837e-04,1.914002244519153774e-03,1.662905397910068306e+00,9.740691778407409629e+01,9.967967414420515126e+01,1.000507610612094993e+02,1.024176539608507142e+02,1.007864369662359252e+02,6.469516253526118987e+01,5.420755557876251629e+01,4.963503454399095460e+01,5.567276636611977381e+01,7.258334913735616567e+01
1.200000000000000000e+02,1.200000000000000000e+02,1.200000000000000000e+02,1.200000000000000000e+02,1.200000000000000000e+02,1.200000000000000000e+02,1.200000000000000000e+02,1.200000000000000000e+02,1.200000000000000000e+02,1.200000000000000000e+02,4.076764872675664719e+01,8.436589616504195988e+01,7.666027586666172056e+01,1.160842821256559973e-03,2.990183743851436304e+01,9.732925573705530553e+01,1.020576917064204565e+02,1.012211306207674681e+02,1.011579205562993735e+02,9.966496708929292936e+01,6.529278803185617619e+01,5.424211151900360761e+01,5.011268804498509866e+01,5.555315985790218036e+01,7.240359879353482597e+01
1.200000000000000000e+02,1.200000000000000000e+02,1.200000000000000000e+02,1.200000000000000000e+02,1.200000000000000000e+02,1.200000000000000000e+02,1.200000000000000000e+02,1.200000000000000000e+02,1.200000000000000000e+02,1.200000000000000000e+02,1.847310337559285656e-02,1.383814956453728229e+01,7.172777360601600094e+01,1.113259277633997079e-03,5.265858579516481797e+01,9.829673760157947981e+01,1.027057979139089099e+02,1.035452257823525173e+02,1.019352535813275864e+02,9.842799926767244756e+01,6.414911690406337641e+01,5.465812892124338873e+01,5.018543120431405669e+01,5.570928003697854081e+01,7.230399429866605487e+01
1.200000000000000000e+02,1.200000000000000000e+02,1.200000000000000000e+02,1.200000000000000000e+02,1.200000000000000000e+02,1.200000000000000000e+02,1.200000000000000000e+02,1.200000000000000000e+02,1.200000000000000000e+02,1.200000000000000000e+02,8.573647089353880410e-03,2.272786589290564763e+01,7.489463191383856611e+01,1.289945443747110045e-03,7.734749565702207974e+01,9.474083409768599040e+01,1.033166598146605963e+02,1.041720737122748943e+02,1.038390799741373627e+02,9.891019889785745534e+01,6.230378821103914788e+01,5.431753151163891147e+01,5.036935148130361739e+01,5.566519288512112240e+01,7.236043726748955862e+01
1.200000000000000000e+02,1.200000000000000000e+02,1.200000000000000000e+02,1.200000000000000000e+02,1.200000000000000000e+02,1.200000000000000000e+02,1.200000000000000000e+02,1.200000000000000000e+02,1.200000000000000000e+02,1.200000000000000000e+02,6.502424108722293025e-03,1.666691708647995498e-02,8.469701476251997008e+01,1.471170109444358467e-03,9.148185352680066273e+01,9.428366478338256229e+01,1.009379686096513211e+02,1.047726681951387633e+02,1.043118540688805922e+02,1.003845587925973888e+02,6.258577350833380848e+01,5.337041245534627620e+01,5.028169207024595977e+01,5.566733490795573402e+01,7.227877473526456242e+01
1.200000000000000000e+02,1.200000000000000000e+02,1.200000000000000000e+02,1.200000000000000000e+02,1.200000000000000000e+02,1.200000000000000000e+02,1.200000000000000000e+02,1.200000000000000000e+02,1.200000000000000000e+02,1.200000000000000000e+02,7.495910039926550507e-03,8.113666193947140926e+01,1.248984830572983284e+01,7.729482466862013723e+01,9.395834886649107887e+01,9.775425415222426295e+01,9.956340422530335843e+01,1.032306041117759747e+02,1.049420654238514174e+02,1.006756140157798995e+02,6.437572598928998957e+01,5.349557124567708399e+01,4.987819576933154764e+01,5.558198360333685883e+01,7.223787966420404416e+01
1.200000000000000000e+02,1.200000000000000000e+02,1.200000000000000000e+02,1.200000000000000000e+02,1.200000000000000000e+02,1.200000000000000000e+02,1.200000000000000000e+02,1.200000000000000000e+02,1.200000000000000000e+02,1.200000000000000000e+02,8.885353498415362594e+01,7.791964071968618555e+01,2.727375258490166843e+01,8.049987776604915268e+01,5.028410182366055636e+01,9.966142508077582818e+01,1.006700903015647270e+02,1.019727479811089097e+02,1.039873369196801605e+02,1.012979652311822889e+02,6.466772754488819430e+01,5.449585406230505669e+01,5.001477685748484703e+01,5.536449611370488100e+01,7.214877758980793487e+01
1.200000000000000000e+02,1.200000000000000000e+02,1.200000000000000000e+02,1.200000000000000000e+02,1.200000000000000000e+02,1.200000000000000000e+02,1.200000000000000000e+02,1.200000000000000000e+02,1.200000000000000000e+02,1.200000000000000000e+02,1.858035731065982646e-02,8.242133322200560031e+01,1.461053257166104735e-03,3.130741254913082215e-03,2.021777408408361865e+01,9.561000941946338116e+01,1.017204595400608014e+02,1.022875379917459071e+02,1.029795738928774114e+02,1.009366751933583117e+02,6.541079782164555922e+01,5.456754288165773659e+01,5.061072144960068186e+01,5.547977362187114636e+01,7.201673249773520524e+01
1.200000000000000000e+02,1.200000000000000000e+02,1.200000000000000000e+02,1.200000000000000000e+02,1.200000000000000000e+02,1.200000000000000000e+02,1.200000000000000000e+02,1.200000000000000000e+02,1.200000000000000000e+02,1.200000000000000000e+02,1.531670005790165412e+01,8.574207016390379010e+01,8.133272115845704775e+01,1.957801450609019181e-03,3.696422304838047523e+01,9.261632348766829637e+01,9.935665862962530070e+01,1.027764835328218425e+02,1.029958367074843721e+02,1.002053996504043738e+02,6.559882546695860128e+01,5.475021307717356933e+01,5.062814776876532363e+01,5.584957728226913787e+01,7.212478146885267449e+01
1.200000000000000000e+02,1.200000000000000000e+02,1.200000000000000000e+02,1.200000000000000000e+02,1.200000000000000000e+02,1.200000000000000000e+02,1.200000000000000000e+02,1.200000000000000000e+02,1.200000000000000000e+02,1.200000000000000000e+02,2.231198592245704770e-02,2.192998509886316949e+00,7.457746171420988901e+01,1.884969008354624512e-03,6.457384281794503522e+01,9.471340234356381416e+01,9.921605743118826126e+01,1.011468784449838836e+02,1.031486400403833557e+02,1.001070608325347990e+02,6.500841066110663746e+01,5.504573330878680082e+01,5.054822634998362929e+01,5.584318753049260664e+01,7.236298294486535099e+01
1.200000000000000000e+02,1.200000000000000000e+02,1.200000000000000000e+02,1.200000000000000000e+02,1.200000000000000000e+02,1.200000000000000000e+02,1.200000000000000000e+02,1.200000000000000000e+02,1.200000000000000000e+02,1.200000000000000000e+02,8.906749873657547312e+01,1.909392084690497171e+01,8.108120657844189338e+01,1.573003997786624709e-03,8.837542062008459709e+01,9.649429261098060806e+01,1.003997999651873556e+02,1.019106062662250451e+02,1.019040803657007643e+02,1.000871376552525192e+02,6.485037206139320176e+01,5.500283265303745850e+01,5.065485068550581360e+01,5.571326015462489067e+01,7.232800466994402200e+01
1.200000000000000000e+02,1.200000000000000000e+02,1.200000000000000000e+02,1.200000000000000000e+02,1.200000000000000000e+02,1.200000000000000000e+02,1.200000000000000000e+02,1.200000000000000000e+02,1.200000000000000000e+02,1.200000000000000000e+02,8.967092604901880293e+01,8.818133600353810664e+01,2.914670281861644983e-03,8.469731529892494848e+01,9.825097966544348083e+01,9.793235450467926739e+01,1.007070032003518349e+02,1.025338039410440416e+02,1.029454893888457008e+02,9.903976957090930000e+01,6.473683389330817306e+01,5.505132270802648975e+01,5.069377992621600271e+01,5.571303014041418322e+01,7.221123472493843565e+01
1.200000000000000000e+02,1.200000000000000000e+02,1.200000000000000000e+02,1.200000000000000000e+02,1.200000000000000000e+02,1.200000000000000000e+02,1.200000000000000000e+02,1.200000000000000000e+02,1.200000000000000000e+02,1.200000000000000000e+02,1.228592473655207643e-02,8.037976591919213831e+01,2.034782367569636463e+01,8.259075733752179360e+01,7.527094715066672848e+01,1.014176741051560242e+02,1.009108129501777569e+02,1.023413518709831607e+02,1.032329415954169463e+02,1.000139821078429208e+02,6.333336559206307470e+01,5.506742237690243513e+01,5.077585192561125638e+01,5.570565448304474643e+01,7.217345442263858502e+01
1.200000000000000000e+02,1.200000000000000000e+02,1.200000000000000000e+02,1.200000000000000000e+02,1.200000000000000000e+02,1.200000000000000000e+02,1.200000000000000000e+02,1.200000000000000000e+02,1.200000000000000000e+02,1.200000000000000000e+02,9.321333923572357349e+00,7.868940727844621108e+01,3.497405057061016807e-03,3.939906236673560054e-03,5.276093790431765740e+01,1.026475819043824345e+02,1.027082087999093716e+02,1.022693931318008254e+02,1.028271627264768995e+02,1.001832427427299024e+02,6.451616807861711322e+01,5.434736080415023451e+01,5.084862658000443503e+01,5.573089787853191979e+01,7.213873442356754140e+01
1.200000000000000000e+02,1.200000000000000000e+02,1.200000000000000000e+02,1.200000000000000000e+02,1.200000000000000000e+02,1.200000000000000000e+02,1.200000000000000000e+02,1.200000000000000000e+02,1.200000000000000000e+02,1.200000000000000000e+02,1.428659196185992819e+01,4.725428170679924454e-03,8.016120012747835233e+01,5.054812486019779651e-03,7.329514476147890889e+01,9.339723175931153776e+01,1.040157898787303026e+02,1.033454088223466272e+02,1.027283535219357020e+02,9.957021873471256868e+01,6.490362426511299532e+01,5.500785798469183163e+01,5.055626095949473608e+01,5.577031784372100987e+01,7.213999298800464999e+01
1.200000000000000000e+02,1.200000000000000000e+02,1.200000000000000000e+02,1.200000000000000000e+02,1.200000000000000000e+02,1.200000000000000000e+02,1.200000000000000000e+02,1.200000000000000000e+02,1.200000000000000000e+02,1.200000000000000000e+02,2.811429346578596736e-02,2.689286165579337862e+01,7.545890694814185906e+01,1.053048785688156963e+00,8.788318191632325238e+01,9.112388447138522451e+01,9.935856117700285495e+01,1.044523415980979166e+02,1.034264285518675024e+02,9.948143685261821645e+01,6.373340462450561006e+01,5.539411623557822395e+01,5.094676834417864342e+01,5.563658073040480190e+01,7.215496365480372276e+01
1.200000000000000000e+02,1.200000000000000000e+02,1.200000000000000000e+02,1.200000000000000000e+02,1.200000000000000000e+02,1.200000000000000000e+02,1.200000000000000000e+02,1.200000000000000000e+02,1.200000000000000000e+02,1.200000000000000000e+02,8.952720090085664140e+01,1.801346014369819670e+01,8.209436206223233512e+01,2.733041929316900459e-02,9.984879555869891021e+01,9.525937267970721223e+01,9.753309722868793585e+01,1.018468601890228484e+02,1.042885149101612257e+02,1.000239480593288874e+02,6.336163999980443862e+01,5.460450067686024767e+01,5.127453158143628542e+01,5.588232346111652760e+01,7.207701227466328930e+01
1.200000000000000000e+02,1.200000000000000000e+02,1.200000000000000000e+02,1.200000000000000000e+02,1.200000000000000000e+02,1.200000000000000000e+02,1.200000000000000000e+02,1.200000000000000000e+02,1.200000000000000000e+02,1.200000000000000000e+02,6.234410920730151101e-03,9.673797999739616671e+01,9.234861351536393670e+01,7.047950690275418296e-03,1.039548658474493550e+02,1.013697079648889172e+02,9.884747098859534731e+01,1.005454953257626016e+02,1.027635910337203882e+02,1.006668049011224895e+02,6.404352377029532306e+01,5.419381166091001489e+01,5.086329728331136124e+01,5.611508285149277242e+01,7.225309319305895883e+01
1.200000000000000000e+02,1.200000000000000000e+02,1.200000000000000000e+02,1.200000000000000000e+02,1.200000000000000000e+02,1.200000000000000000e+02,1.200000000000000000e+02,1.200000000000000000e+02,1.200000000000000000e+02,1.200000000000000000e+02,7.305316590083108311e-03,8.873793222555107718e+01,2.002267540414700078e-02,5.761562782326752445e-03,9.816134912045058059e+01,1.051094102343194123e+02,1.021809606839987339e+02,1.008492894271414286e+02,1.018843892870080481e+02,9.977018832524238690e+01,6.478888100465421473e+01,5.454911996962417930e+01,5.057888949279446678e+01,5.589707306977149415e+01,7.238710818399792402e+01
1.200000000000000000e+02,1.200000000000000000e+02,1.200000000000000000e+02,1.200000000000000000e+02,1.200000000000000000e+02,1.200000000000000000e+02,1.200000000000000000e+02,1.200000000000000000e+02,1.200000000000000000e+02,1.200000000000000000e+02,2.239078979300875016e-02,8.829205341416000863e+01,8.319197782812217667e+00,9.047239605315728073e-02,8.888178636178407999e+01,1.038456900132877365e+02,1.049749200669031808e+02,1.026903885438760966e+02,1.017834925266635651e+02,9.916641316037676290e+01,6.396139958311706408e+01,5.487908805462802775e+01,5.077694400145933429e+01,5.574269594918906279e+01,7.223834595656565227e+01
1.200000000000000000e+02,1.200000000000000000e+02,1.200000000000000000e+02,1.200000000000000000e+02,1.200000000000000000e+02,1.200000000000000000e+02,1.200000000000000000e+02,1.200000000000000000e+02,1.200000000000000000e+02,1.200000000000000000e+02,8.443178579553787699e+01,6.323471234464177887e-03,8.222305809424548784e+01,2.135315050362037326e+01,8.564093882374017142e+01,9.897477148266153790e+01,1.050908147546829099e+02,1.046711232039878610e+02,1.027582446468901054e+02,9.890793217417156313e+01,6.332404585625515381e+01,5.444733666244967196e+01,5.092241150002998751e+01,5.588849155036274396e+01,7.215979272991238247e+01
1.200000000000000000e+02,1.200000000000000000e+02,1.200000000000000000e+02,1.200000000000000000e+02,1.200000000000000000e+02,1.200000000000000000e+02,1.200000000000000000e+02,1.200000000000000000e+02,1.200000000000000000e+02,1.200000000000000000e+02,8.300651327521585188e+01,1.605345217549933778e+01,7.500067445697916924e+01,1.272024732077692910e+01,9.217094029990531112e+01,9.652073899409060687e+01,1.023968590405292929e+02,1.052572988009370789e+02,1.041193684055619713e+02,9.928300116808452458e+01,6.291949134952213996e+01,5.417349880338385759e+01,5.065697887903116481e+01,5.596885397585749899e+01,7.226979404711579491e+01
1.200000000000000000e+02,1.200000000000000000e+02,1.200000000000000000e+02,1.200000000000000000e+02,1.200000000000000000e+02,1.200000000000000000e+02,1.200000000000000000e+02,1.200000000000000000e+02,1.200000000000000000e+02,1.200000000000000000e+02,6.274054711849665414e-03,4.924242067868140893e+00,8.048326106479562725e+01,1.506774602886176595e+00,9.330056461486202579e+01,9.931916979012764557e+01,1.007723947722487594e+02,1.037965499134854355e+02,1.048299021078568671e+02,1.001589006965433555e+02,6.287043893331627231e+01,5.405452985170940394e+01,5.052737433853370419e+01,5.579748235802925649e+01,7.231496683041244466e+01
1.200000000000000000e+02,1.200000000000000000e+02,1.200000000000000000e+02,1.200000000000000000e+02,1.200000000000000000e+02,1.200000000000000000e+02,1.200000000000000000e+02,1.200000000000000000e+02,1.200000000000000000e+02,1.200000000000000000e+02,9.250487669318220585e-03,7.417514912443994035e+01,8.989513871169079096e+01,7.663108792011866753e-03,9.341269109156580441e+01,9.911105014579266026e+01,1.021928923201432440e+02,1.027991321673633109e+02,1.041132306642412857e+02,1.008997839039427618e+02,6.348040137863746679e+01,5.387155270251285089e+01,5.056665129874594555e+01,5.573351095517854503e+01,7.220288568523560002e+01
1.200000000000000000e+02,1.200000000000000000e+02,1.200000000000000000e+02,1.200000000000000000e+02,1.200000000000000000e+02,1.200000000000000000e+02,1.200000000000000000e+02,1.200000000000000000e+02,1.200000000000000000e+02,1.200000000000000000e+02,2.739357993338228070e+01,5.549550604650721301e-03,1.524875849289187776e-02,5.656471084768712604e-03,9.297020267081752820e+01,9.969985454282505088e+01,1.014679721659476854e+02,1.036067145347225278e+02,1.035703992521232664e+02,1.007133130287785860e+02,6.442093698380689659e+01,5.386222783616771892e+01,5.049703190372328265e+01,5.581438551917875657e+01,7.218045441162689713e+01
1.200000000000000000e+02,1.200000000000000000e+02,1.200000000000000000e+02,1.200000000000000000e+02,1.200000000000000000e+02,1.200000000000000000e+02,1.200000000000000000e+02,1.200000000000000000e+02,1.200000000000000000e+02,1.200000000000000000e+02,2.043023236940700116e+01,7.555633307005145127e+01,2.993145767716125949e+00,1.830554268078728342e+01,9.177697053696608975e+01,9.998969206985904634e+01,1.020252716992323343e+02,1.026727753516314152e+02,1.040839012336331990e+02,1.005303215535062833e+02,6.466056332773148085e+01,5.412671779376839254e+01,5.038205257268674586e+01,5.582024701451775428e+01,7.225620900982778494e+01
1.200000000000000000e+02,1.200000000000000000e+02,1.200000000000000000e+02,1.200000000000000000e+02,1.200000000000000000e+02,1.200000000000000000e+02,1.200000000000000000e+02,1.200000000000000000e+02,1.200000000000000000e+02,1.200000000000000000e+02,8.494348793099047157e+01,8.147262216451073868e+01,4.120306120562300389e-03,3.609504794309137310e+01,9.112908145695911344e+01,9.928977774781479582e+01,1.024561339204536807e+02,1.031490763548513172e+02,1.031061455418893757e+02,1.009579154320392860e+02,6.486255023424178034e+01,5.426934616930127930e+01,5.035712484055554938e+01,5.575280756116943337e+01,7.228189771912748540e+01
1.200000000000000000e+02,1.200000000000000000e+02,1.200000000000000000e+02,1.200000000000000000e+02,1.200000000000000000e+02,1.200000000000000000e+02,1.200000000000000000e+02,1.200000000000000000e+02,1.200000000000000000e+02,1.200000000000000000e+02,8.048476211346219600e+01,7.936477539176145513e-03,7.965917518977833822e+01,4.369876893236648385e+01,9.109014459963020727e+01,9.885285088291458067e+01,1.019422869877345477e+02,1.035725144150490706e+02,1.035120710799834711e+02,1.000703087750186597e+02,6.564851746226793239e+01,5.452658033056910369e+01,5.031633828264475028e+01,5.569740618723265868e+01,7.225417226302651841e+01
1.200000000000000000e+02,1.200000000000000000e+02,1.200000000000000000e+02,1.200000000000000000e+02,1.200000000000000000e+02,1.200000000000000000e+02,1.200000000000000000e+02,1.200000000000000000e+02,1.200000000000000000e+02,1.200000000000000000e+02,9.861742978733222670e-03,1.692000619893491375e+01,7.304203107116460231e-03,1.987997865753170146e+01,9.252135392593586971e+01,9.822871620387053326e+01,1.016903686807410310e+02,1.031227613262856124e+02,1.038900234878046405e+02,1.003461690044677539e+02,6.460717691057141110e+01,5.512671916800913152e+01,5.039634459827139779e+01,5.561850376675795360e+01,7.221825294002900364e+01
1.200000000000000000e+02,1.200000000000000000e+02,1.200000000000000000e+02,1.200000000000000000e+02,1.200000000000000000e+02,1.200000000000000000e+02,1.200000000000000000e+02,1.200000000000000000e+02,1.200000000000000000e+02,1.200000000000000000e+02,1.005296472814985048e-02,3.780193546635590360e-03,5.029120043021339734e-03,6.533832903591574315e+00,9.661406838821609711e+01,9.822583169553578841e+01,1.010773937013664749e+02,1.030124874635575623e+02,1.034560682219816528e+02,1.007708620677342566e+02,6.477896782350464377e+01,5.470639782361259762e+01,5.070104795388069618e+01,5.560721606790158233e+01,7.215604445177579862e+01
1.200000000000000000e+02,1.200000000000000000e+02,1.200000000000000000e+02,1.200000000000000000e+02,1.200000000000000000e+02,1.200000000000000000e+02,1.200000000000000000e+02,1.200000000000000000e+02,1.200000000000000000e+02,1.200000000000000000e+02,7.997415751473505724e-03,7.493896533563392381e+01,2.217593143857552948e-03,3.094035367593743757e+01,9.834047776299078691e+01,1.003512931217264423e+02,1.007195196612652239e+02,1.024944218577764161e+02,1.034458285939550848e+02,1.003337685340532488e+02,6.558843726297584453e+01,5.475409410409333333e+01,5.051834859394845978e+01,5.572640660329606987e+01,7.213560082790066019e+01
1.200000000000000000e+02,1.200000000000000000e+02,1.200000000000000000e+02,1.200000000000000000e+02,1.200000000000000000e+02,1.200000000000000000e+02,1.200000000000000000e+02,1.200000000000000000e+02,1.200000000000000000e+02,1.200000000000000000e+02,1.869089274485771313e+01,7.282935896974430534e+01,2.036968364070509963e-03,5.243398297167970412e+01,9.979683157756302592e+01,1.026173673830929545e+02,1.019871792023893420e+02,1.020349682106587466e+02,1.030356891828212156e+02,1.003297440939752363e+02,6.506088010490458373e+01,5.536445702273358904e+01,5.050639388872059499e+01,5.559288734698866818e+01,7.218693616603175656e+01
1.200000000000000000e+02,1.200000000000000000e+02,1.200000000000000000e+02,1.200000000000000000e+02,1.200000000000000000e+02,1.200000000000000000e+02,1.200000000000000000e+02,1.200000000000000000e+02,1.200000000000000000e+02,1.200000000000000000e+02,8.360762236243649781e+00,7.833240048495210317e+01,2.181221758049706454e-03,7.505823195578540208e+01,9.558062530436281179e+01,1.039208238015693411e+02,1.039205904906496016e+02,1.028461183924293607e+02,1.025529694492421839e+02,1.000765882253592309e+02,6.494143146386231535e+01,5.518447017559945067e+01,5.087219937695900285e+01,5.554498580772048655e+01,7.207530468496206311e+01
1.200000000000000000e+02,1.200000000000000000e+02,1.200000000000000000e+02,1.200000000000000000e+02,1.200000000000000000e+02,1.200000000000000000e+02,1.200000000000000000e+02,1.200000000000000000e+02,1.200000000000000000e+02,1.200000000000000000e+02,1.358834746510286529e+01,8.683088139287264084e+01,2.692786099198762016e-03,8.681858143216970802e+01,9.339023867412642232e+01,1.013649796829640479e+02,1.050109488255719725e+02,1.043755270899919338e+02,1.030884600999773255e+02,9.956463470482692912e+01,6.478808947324418455e+01,5.506964582222198601e+01,5.083869169227664742e+01,5.573866259761410191e+01,7.203910539424988713e+01
1.200000000000000000e+02,1.200000000000000000e+02,1.200000000000000000e+02,1.200000000000000000e+02,1.200000000000000000e+02,1.200000000000000000e+02,1.200000000000000000e+02,1.200000000000000000e+02,1.200000000000000000e+02,1.200000000000000000e+02,8.108900697485495190e-02,4.989265878678694754e+00,3.619316925241485017e-03,7.501843046595801923e+01,9.550935705468245374e+01,9.907900370976049942e+01,1.033936124788581594e+02,1.052485107227454506e+02,1.042651821586961773e+02,9.985679353206403164e+01,6.404577000333173942e+01,5.510900202670237036e+01,5.075427679083313137e+01,5.571314779908908577e+01,7.214788118808407091e+01
1.200000000000000000e+02,1.200000000000000000e+02,1.200000000000000000e+02,1.200000000000000000e+02,1.200000000000000000e+02,1.200000000000000000e+02,1.200000000000000000e+02,1.200000000000000000e+02,1.200000000000000000e+02,1.200000000000000000e+02,7.584553587780807504e+01,2.022466637360792063e+01,8.012532669240484040e+01,6.276328146875248848e+01,9.755166784204493524e+01,9.934881768000293789e+01,1.016699403165616502e+02,1.042094068440019043e+02,1.049375332086010104e+02,1.007724297297344833e+02,6.413247223333888769e+01,5.477028976260534421e+01,5.082974957662555937e+01,5.563762029173063439e+01,7.210742821896528199e+01
1.200000000000000000e+02,1.200000000000000000e+02,1.200000000000000000e+02,1.200000000000000000e+02,1.200000000000000000e+02,1.200000000000000000e+02,1.200000000000000000e+02,1.200000000000000000e+02,1.200000000000000000e+02,1.200000000000000000e+02,7.760432394659461863e+01,1.582798911528760302e-02,4.939003877162180534e-03,4.496494528845071414e+01,9.792471819016300572e+01,1.002699823501631755e+02,1.014552596596299310e+02,1.030302875476070312e+02,1.042815591964061497e+02,1.013082127322868473e+02,6.521459093047373301e+01,5.472270036901017676e+01,5.073878936965406439e+01,5.569002911823078961e+01,7.205091238591856495e+01
1.200000000000000000e+02,1.200000000000000000e+02,1.200000000000000000e+02,1.200000000000000000e+02,1.200000000000000000e+02,1.200000000000000000e+02,1.200000000000000000e+02,1.200000000000000000e+02,1.200000000000000000e+02,1.200000000000000000e+02,1.102952095023027219e-02,7.680859462718474617e+01,4.788675663903330798e-03,6.061713722873427201e+01,9.589878429162256168e+01,1.012064626416902797e+02,1.017519650909420079e+02,1.027086203802108599e+02,1.035478043763973801e+02,1.009402372063509716e+02,6.591381454921285865e+01,5.524164818820252520e+01,5.072971781321985674e+01,5.567465488819156860e+01,7.208199331775581697e+01
1.200000000000000000e+02,1.200000000000000000e+02,1.200000000000000000e+02,1.200000000000000000e+02,1.200000000000000000e+02,1.200000000000000000e+02,1.200000000000000000e+02,1.200000000000000000e+02,1.200000000000000000e+02,1.200000000000000000e+02,5.491311129672478586e+00,6.957135504550029736e+01,5.519937508911230799e-03,8.066569159499113084e+01,9.350426518039374457e+01,1.002992856840817950e+02,1.025947995665046193e+02,1.026510096892531152e+02,1.032407959534833850e+02,1.005865773985925955e+02,6.560409946193570363e+01,5.554614798756959004e+01,5.098817954495681448e+01,5.569278359124285771e+01,7.207696777380515130e+01
1.200000000000000000e+02,1.200000000000000000e+02,1.200000000000000000e+02,1.200000000000000000e+02,1.200000000000000000e+02,1.200000000000000000e+02,1.200000000000000000e+02,1.200000000000000000e+02,1.200000000000000000e+02,1.200000000000000000e+02,2.488714147662870602e+01,6.198683389325791195e-03,5.971200185638260265e-03,9.574529606800807358e+01,9.518626007547194945e+01,9.916112819276141011e+01,1.021012887096582205e+02,1.032940414510105853e+02,1.029870839427208011e+02,1.003829906353758474e+02,6.548183527353397437e+01,5.532837774160869060e+01,5.109067115463947317e+01,5.584596493073705403e+01,7.210388960910225364e+01
1.200000000000000000e+02,1.200000000000000000e+02,1.200000000000000000e+02,1.200000000000000000e+02,1.200000000000000000e+02,1.200000000000000000e+02,1.200000000000000000e+02,1.200000000000000000e+02,1.200000000000000000e+02,1.200000000000000000e+02,9.579018455871138826e+01,9.747569678698073403e+01,9.298277997206110967e+01,1.023504717920120015e+02,9.971728131612118773e+01,9.925917348925644035e+01,1.015122618901066716e+02,1.029656755194119597e+02,1.034464148994292145e+02,1.000022211804732279e+02,6.547583465967385052e+01,5.538182878048142044e+01,5.088245902114075392e+01,5.587648210849516062e+01,7.220210834987969406e+01
1.200000000000000000e+02,1.200000000000000000e+02,1.200000000000000000e+02,1.200000000000000000e+02,1.200000000000000000e+02,1.200000000000000000e+02,1.200000000000000000e+02,1.200000000000000000e+02,1.200000000000000000e+02,1.200000000000000000e+02,9.165376323389892832e+01,3.320172735071115228e-03,9.377173920764755621e+01,7.436741223880073903e+01,1.039654786597066192e+02,1.014340750903126747e+02,1.012208134376351722e+02,1.026546145262142034e+02,1.031875564892910973e+02,1.002620012095567859e+02,6.487229786535309017e+01,5.562341465996915701e+01,5.088161665686497770e+01,5.570239535941546194e+01,7.219617533083417982e+01
1.200000000000000000e+02,1.200000000000000000e+02,1.200000000000000000e+02,1.200000000000000000e+02,1.200000000000000000e+02,1.200000000000000000e+02,1.200000000000000000e+02,1.200000000000000000e+02,1.200000000000000000e+02,1.200000000000000000e+02,9.375977291513497391e+01,5.332475738008142160e-03,5.382204355037942430e-03,4.522535541682225357e+01,1.033633024937664402e+02,1.042726616836065432e+02,1.023584514698964369e+02,1.022868247319925388e+02,1.030146172548828361e+02,1.000560847524414214e+02,6.496749533400027588e+01,5.538324112731415738e+01,5.109571443989753448e+01,5.566216735977398145e+01,7.205892215543221369e+01
1.200000000000000000e+02,1.200000000000000000e+02,1.200000000000000000e+02,1.200000000000000000e+02,1.200000000000000000e+02,1.200000000000000000e+02,1.200000000000000000e+02,1.200000000000000000e+02,1.200000000000000000e+02,1.200000000000000000e+02,1.427032412079593145e-02,9.065771165198987092e+01,5.638192119867752213e-03,6.450016910032222484e+01,9.513839415385368170e+01,1.046371235639192037e+02,1.042969116885544452e+02,1.028890941078326335e+02,1.026630531511601276e+02,9.989262960668467883e+01,6.471246586342539331e+01,5.536460975574175336e+01,5.105524375314155350e+01,5.578583683975974594e+01,7.202236078864137880e+01
1.200000000000000000e+02,1.200000000000000000e+02,1.200000000000000000e+02,1.200000000000000000e+02,1.200000000000000000e+02,1.200000000000000000e+02,1.200000000000000000e+02,1.200000000000000000e+02,1.200000000000000000e+02,1.200000000000000000e+02,2.130020691837456681e+00,7.983667187029868870e-03,7.033011363474756840e-03,8.400613655139062530e+01,9.078233210678436649e+01,1.006370664327880320e+02,1.048999466197026749e+02,1.042220177787706916e+02,1.029624073417622441e+02,9.956136812604135855e+01,6.440900553522924099e+01,5.524581540630752130e+01,5.105473983464420940e+01,5.577821941751777501e+01,7.209267693899602136e+01
1.200000000000000000e+02,1.200000000000000000e+02,1.200000000000000000e+02,1.200000000000000000e+02,1.200000000000000000e+02,1.200000000000000000e+02,1.200000000000000000e+02,1.200000000000000000e+02,1.200000000000000000e+02,1.200000000000000000e+02,2.371335946715973009e+01,7.606203537537692227e+01,3.136188438481614122e-03,9.705839915445986321e+01,9.423286560223968422e+01,9.797161612679680331e+01,1.028873168566251621e+02,1.048186894669065907e+02,1.038745222898991045e+02,9.963550311113345970e+01,6.388688719675720762e+01,5.505524328997666572e+01,5.103587024792380333e+01,5.578118545168076281e+01,7.208250720051493943e+01
1.200000000000000000e+02,1.200000000000000000e+02,1.200000000000000000e+02,1.200000000000000000e+02,1.200000000000000000e+02,1.200000000000000000e+02,1.200000000000000000e+02,1.200000000000000000e+02,1.200000000000000000e+02,1.200000000000000000e+02,3.887174686544296875e+00,8.381428745395147928e+01,8.234326440521890333e+01,1.029454760811928935e+02,9.977498052257874406e+01,9.864769886849407499e+01,1.012096568652212767e+02,1.038763892797119013e+02,1.043833645300962161e+02,1.002346877039655340e+02,6.370377500048702046e+01,5.473362346615886764e+01,5.096799448984275926e+01,5.579637295823441434e+01,7.208913381975914092e+01
1.200000000000000000e+02,1.200000000000000000e+02,1.200000000000000000e+02,1.200000000000000000e+02,1.200000000000000000e+02,1.200000000000000000e+02,1.200000000000000000e+02,1.200000000000000000e+02,1.200000000000000000e+02,1.200000000000000000e+02,1.047120192837600050e-02,2.093171961326040442e+00,3.148894579377665374e-03,7.600159263075069305e+01,1.041406650989381717e+02,1.012871332596334071e+02,1.009926165192334082e+02,1.028466007557934887e+02,1.040466055805566867e+02,1.006553659814415767e+02,6.418130089065392951e+01,5.451106462190814028e+01,5.083035209707121993e+01,5.578719553732093317e+01,7.210370000064457940e+01
1.200000000000000000e+02,1.200000000000000000e+02,1.200000000000000000e+02,1.200000000000000000e+02,1.200000000000000000e+02,1.200000000000000000e+02,1.200000000000000000e+02,1.200000000000000000e+02,1.200000000000000000e+02,1.200000000000000000e+02,5.212689727812866436e-02,1.231711484351510677e+01,5.537004381397644254e-03,6.659087687422285740e+01,1.036959396956062136e+02,1.042522973829866828e+02,1.022566319372110542e+02,1.023383391613027840e+02,1.034578642691589891e+02,1.006828726843637440e+02,6.461875295085911830e+01,5.457943849203419262e+01,5.071714725628677201e+01,5.574759030096070944e+01,7.210851880396045033e+01
1.200000000000000000e+02,1.200000000000000000e+02,1.200000000000000000e+02,1.200000000000000000e+02,1.200000000000000000e+02,1.200000000000000000e+02,1.200000000000000000e+02,1.200000000000000000e+02,1.200000000000000000e+02,1.200000000000000000e+02,1.200076088552121689e+01,4.611914463197373630e-03,1.066574189082498784e-02,7.869073947934573710e+01,9.359449598775087509e+01,1.047808707664521677e+02,1.042234755284789003e+02,1.028972394891983839e+02,1.028898398107198773e+02,1.004374728866297630e+02,6.492850333258613205e+01,5.462969318161209031e+01,5.070329718025700316e+01,5.572270586678941839e+01,7.210269144829086940e+01
1.200000000000000000e+02,1.200000000000000000e+02,1.200000000000000000e+02,1.200000000000000000e+02,1.200000000000000000e+02,1.200000000000000000e+02,1.200000000000000000e+02,1.200000000000000000e+02,1.200000000000000000e+02,1.200000000000000000e+02,7.653797646616708050e+01,4.428591150746333770e-03,2.823823358945191941e+01,9.105621244044583307e+01,9.264537781882253853e+01,9.958072350162098019e+01,1.049578456935105635e+02,1.041736326186697283e+02,1.030804356741056438e+02,9.990982929049903305e+01,6.500319813862604690e+01,5.475592218261587618e+01,5.063169952508865634e+01,5.573413102565541521e+01,7.211252604897502749e+01
1.200000000000000000e+02,1.200000000000000000e+02,1.200000000000000000e+02,1.200000000000000000e+02,1.200000000000000000e+02,1.200000000000000000e+02,1.200000000000000000e+02,1.200000000000000000e+02,1.200000000000000000e+02,1.200000000000000000e+02,8.126077867532326593e+01,8.002864381980765529e+01,4.165232888541999046e+01,1.002891722475651051e+02,9.735049226681175583e+01,9.821951909457251872e+01,1.021213139591134933e+02,1.048512222035687529e+02,1.038900612843035134e+02,9.987138731495427635e+01,6.440619702132897828e+01,5.493533674707671821e+01,5.060211190042112861e+01,5.568163556952536908e+01,7.213940221441329470e+01
1.200000000000000000e+02,1.200000000000000000e+02,1.200000000000000000e+02,1.200000000000000000e+02,1.200000000000000000e+02,1.200000000000000000e+02,1.200000000000000000e+02,1.200000000000000000e+02,1.200000000000000000e+02,1.200000000000000000e+02,1.092785729580886961e-02,7.238059306154637795e+01,2.928732606162139618e+01,1.002372556267090005e+02,1.021807079108392600e+02,1.003180714715546884e+02,1.009873548299942598e+02,1.033090434393399164e+02,1.044307215480513094e+02,1.003756117413970514e+02,6.411766957981559756e+01,5.472851241116195098e+01,5.067867978116778716e+01,5.563056563331594617e+01,7.211219238684289223e+01
1.200000000000000000e+02,1.200000000000000000e+02,1.200000000000000000e+02,1.200000000000000000e+02,1.200000000000000000e+02,1.200000000000000000e+02,1.200000000000000000e+02,1.200000000000000000e+02,1.200000000000000000e+02,1.200000000000000000e+02,5.137170422182672169e+00,7.397177240556185041e+01,2.506392675398199169e-02,9.840427215294006658e+01,1.029984003106401929e+02,1.029361678687592274e+02,1.019770523197852441e+02,1.024887922890940786e+02,1.036347264473436667e+02,1.007881639436649124e+02,6.453302737591381799e+01,5.452659893614301723e+01,5.060631407889823663e+01,5.565061015162017810e+01,7.207988506353497371e+01
1.200000000000000000e+02,1.200000000000000000e+02,1.200000000000000000e+02,1.200000000000000000e+02,1.200000000000000000e+02,1.200000000000000000e+02,1.200000000000000000e+02,1.200000000000000000e+02,1.200000000000000000e+02,1.200000000000000000e+02,6.718970237843660875e+00,1.980483094156753818e-02,6.681568411748117081e-03,9.364132363903027567e+01,1.023716605133714665e+02,1.036541776608724206e+02,1.033583013664911903e+02,1.029523153675230560e+02,1.030894286799998696e+02,1.004415413674577735e+02,6.496975294371502230e+01,5.464709314226981718e+01,5.050427578445597732e+01,5.560854479090292557e+01,7.208844267133243022e+01
1.200000000000000000e+02,1.200000000000000000e+02,1.200000000000000000e+02,1.200000000000000000e+02,1.200000000000000000e+02,1.200000000000000000e+02,1.200000000000000000e+02,1.200000000000000000e+02,1.200000000000000000e+02,1.200000000000000000e+02,8.460516880769282011e+01,4.623948923266289590e+00,5.171901516561634021e-02,9.081979537739066188e+01,1.006291029337754708e+02,1.036568069391353504e+02,1.038286567543059391e+02,1.036087092145134818e+02,1.032901232337094797e+02,1.001136747605221728e+02,6.481843226761949950e+01,5.476734895676533910e+01,5.053964693808661224e+01,5.555341146012853670e+01,7.205928236008256249e+01
1.200000000000000000e+02,1.200000000000000000e+02,1.200000000000000000e+02,1.200000000000000000e+02,1.200000000000000000e+02,1.200000000000000000e+02,1.200000000000000000e+02,1.200000000000000000e+02,1.200000000000000000e+02,1.200000000000000000e+02,7.998383372153311655e+01,5.631782224956438654e+00,1.732221370128943505e+01,8.847986132554218841e+01,9.958944843515672574e+01,1.031518991216433960e+02,1.041297162081053216e+02,1.038552264772417004e+02,1.035211166540025118e+02,1.001831305059421453e+02,6.461353539033024163e+01,5.470794611542512342e+01,5.053934455993209696e+01,5.557250725310078110e+01,7.203278418870029043e+01
1.200000000000000000e+02,1.200000000000000000e+02,1.200000000000000000e+02,1.200000000000000000e+02,1.200000000000000000e+02,1.200000000000000000e+02,1.200000000000000000e+02,1.200000000000000000e+02,1.200000000000000000e+02,1.200000000000000000e+02,8.297993398046209279e+01,3.940881962057449575e-03,4.258749127150360891e+01,9.320526664473521805e+01,9.768827751951643279e+01,1.027038785671246899e+02,1.042229993170404185e+02,1.042805377491404215e+02,1.036042434827221257e+02,1.001584014515014758e+02,6.469273094323929740e+01,5.470795607257232973e+01,5.045905514192984498e+01,5.555222429866522305e+01,7.205254246398908435e+01
1.200000000000000000e+02,1.200000000000000000e+02,1.200000000000000000e+02,1.200000000000000000e+02,1.200000000000000000e+02,1.200000000000000000e+02,1.200000000000000000e+02,1.200000000000000000e+02,1.200000000000000000e+02,1.200000000000000000e+02,1.900738781362435598e-02,6.203554537131828611e-03,6.898976750236889188e+01,9.509482640153213140e+01,9.984370016269210169e+01,1.011888374559025152e+02,1.040546022711460523e+02,1.046559839025636762e+02,1.040606329335949880e+02,1.001044314345736126e+02,6.443932898215118144e+01,5.483325179782666936e+01,5.046726184324696618e+01,5.547761059565016240e+01,7.203592006958146499e+01
1.200000000000000000e+02,1.200000000000000000e+02,1.200000000000000000e+02,1.200000000000000000e+02,1.200000000000000000e+02,1.200000000000000000e+02,1.200000000000000000e+02,1.200000000000000000e+02,1.200000000000000000e+02,1.200000000000000000e+02,1.504408717226188585e+01,9.526254333260857771e-03,6.775387794058687518e+01,9.435247807783595420e+01,1.004488057642551979e+02,1.024199955963374720e+02,1.028668099647306633e+02,1.046361827944946725e+02,1.045457244053314412e+02,1.005527972670282111e+02,6.410275485540718421e+01,5.464408353448935429e+01,5.057331288293936211e+01,5.547163741957593430e+01,7.198483115841521851e+01
1.200000000000000000e+02,1.200000000000000000e+02,1.200000000000000000e+02,1.200000000000000000e+02,1.200000000000000000e+02,1.200000000000000000e+02,1.200000000000000000e+02,1.200000000000000000e+02,1.200000000000000000e+02,1.200000000000000000e+02,3.376821661636527949e+01,7.298873376178185879e+01,5.021549045678312950e+01,9.412963819084141903e+01,9.936093967718124986e+01,1.025085077659711885e+02,1.036983304875183052e+02,1.037318446785409236e+02,1.046064206263167193e+02,1.011060052729529701e+02,6.464858060546649199e+01,5.429263619740930835e+01,5.048317517280064237e+01,5.553781057097614848e+01,7.198331327370293309e+01
1.200000000000000000e+02,1.200000000000000000e+02,1.200000000000000000e+02,1.200000000000000000e+02,1.200000000000000000e+02,1.200000000000000000e+02,1.200000000000000000e+02,1.200000000000000000e+02,1.200000000000000000e+02,1.200000000000000000e+02,1.139071171929666981e+01,8.038261888196738880e+01,1.436221388237406593e+01,9.445694469332454446e+01,9.831254481049877825e+01,1.014706295413990347e+02,1.035282845330907122e+02,1.043764014458944160e+02,1.039470285836989092e+02,1.012381545177627515e+02,6.559151308872996822e+01,5.448564937587041612e+01,5.024374263879956715e+01,5.549139428363499604e+01,7.202656779945451149e+01
1.200000000000000000e+02,1.200000000000000000e+02,1.200000000000000000e+02,1.200000000000000000e+02,1.200000000000000000e+02,1.200000000000000000e+02,1.200000000000000000e+02,1.200000000000000000e+02,1.200000000000000000e+02,1.200000000000000000e+02,7.365313040286119994e-03,1.023032038561260022e-02,3.774659445456556711e-02,9.292236542706839941e+01,9.900340952986195475e+01,1.004606346108876522e+02,1.025815567308583809e+02,1.040744227904419859e+02,1.045013735143568283e+02,1.008044552575690318e+02,6.595965166647906130e+01,5.503797569005015333e+01,5.027764988861842710e+01,5.534864194460255504e+01,7.199618589460975215e+01
1.200000000000000000e+02,1.200000000000000000e+02,1.200000000000000000e+02,1.200000000000000000e+02,1.200000000000000000e+02,1.200000000000000000e+02,1.200000000000000000e+02,1.200000000000000000e+02,1.200000000000000000e+02,1.200000000000000000e+02,1.428570332426126396e-02,1.617205069961925173e-02,7.824243977761383029e+00,9.516226894391905944e+01,9.859284739570561840e+01,1.011293474959034882e+02,1.017617055213942905e+02,1.032280772976010894e+02,1.041473203584471179e+02,1.013418137817764517e+02,6.558711443850262413e+01,5.528526944376205421e+01,5.053168698689493965e+01,5.535383386659361804e+01,7.191363185289309001e+01
1.200000000000000000e+02,1.200000000000000000e+02,1.200000000000000000e+02,1.200000000000000000e+02,1.200000000000000000e+02,1.200000000000000000e+02,1.200000000000000000e+02,1.200000000000000000e+02,1.200000000000000000e+02,1.200000000000000000e+02,1.563468577032620377e-01,7.742372682526307281e-01,4.086889429844248411e+01,9.732589085319749245e+01,1.007005566970357648e+02,1.009292416406799333e+02,1.023198835858122777e+02,1.026157376689129279e+02,1.034024989203765301e+02,1.010721479039127644e+02,6.647093924081271155e+01,5.514357217369226305e+01,5.061436969202445368e+01,5.547425127594777905e+01,7.192818787137952086e+01
1.200000000000000000e+02,1.200000000000000000e+02,1.200000000000000000e+02,1.200000000000000000e+02,1.200000000000000000e+02,1.200000000000000000e+02,1.200000000000000000e+02,1.200000000000000000e+02,1.200000000000000000e+02,1.200000000000000000e+02,8.308625377800467504e+01,1.440910797064338944e-02,7.328663955954952769e+01,9.953095851534760641e+01,1.022251793083779319e+02,1.026038368239699992e+02,1.021039950059481498e+02,1.030388660683201181e+02,1.029765010088663786e+02,1.003737892472791771e+02,6.639168593997077039e+01,5.574422136887687884e+01,5.049461822652985887e+01,5.547283406243570170e+01,7.199754509509860156e+01
1.200000000000000000e+02,1.200000000000000000e+02,1.200000000000000000e+02,1.200000000000000000e+02,1.200000000000000000e+02,1.200000000000000000e+02,1.200000000000000000e+02,1.200000000000000000e+02,1.200000000000000000e+02,1.200000000000000000e+02,8.649956060553668635e+01,6.534347137301263486e-03,8.788111051203603097e+01,9.699156197139662083e+01,1.036007354078953000e+02,1.037219813004224278e+02,1.034097989925383985e+02,1.027507045444679648e+02,1.032681217794317945e+02,1.000852517979950420e+02,6.538524318711047556e+01,5.593541841209984966e+01,5.079065251477727116e+01,5.535135585563656946e+01,7.197101569882386229e+01
1.200000000000000000e+02,1.200000000000000000e+02,1.200000000000000000e+02,1.200000000000000000e+02,1.200000000000000000e+02,1.200000000000000000e+02,1.200000000000000000e+02,1.200000000000000000e+02,1.200000000000000000e+02,1.200000000000000000e+02,7.342867761229335093e-03,8.265340263084341643e+01,9.960727570020331711e+01,9.705880310351874130e+01,1.018088360831923751e+02,1.047621010210141606e+02,1.042564931634179715e+02,1.037648917361790808e+02,1.029039882568259827e+02,1.002708593138167430e+02,6.502699181065776202e+01,5.542693003397246088e+01,5.096240283549681038e+01,5.546969499179037655e+01,7.187056355048289902e+01
1.200000000000000000e+02,1.200000000000000000e+02,1.200000000000000000e+02,1.200000000000000000e+02,1.200000000000000000e+02,1.200000000000000000e+02,1.200000000000000000e+02,1.200000000000000000e+02,1.200000000000000000e+02,1.200000000000000000e+02,2.549931779144924082e+00,5.596384575682234776e-03,6.710205297496460730e+01,1.026207081943244219e+02,1.006054379489299890e+02,1.035736951702348136e+02,1.050869668396141350e+02,1.044086772249195718e+02,1.036852455212266477e+02,9.979778563354865639e+01,6.528855583529997375e+01,5.530108049211384724e+01,5.072659683923112794e+01,5.554466402257523328e+01,7.192435847210012412e+01
1.200000000000000000e+02,1.200000000000000000e+02,1.200000000000000000e+02,1.200000000000000000e+02,1.200000000000000000e+02,1.200000000000000000e+02,1.200000000000000000e+02,1.200000000000000000e+02,1.200000000000000000e+02,1.200000000000000000e+02,1.266102781743114924e+01,6.619075116278726537e-03,4.779867675769064306e+01,1.021703311283811502e+02,1.039757285078455453e+02,1.023666734534680671e+02,1.043232450335060975e+02,1.050731510109808511e+02,1.041738455042022480e+02,1.003008624839443428e+02,6.447921012998256174e+01,5.558965174333579995e+01,5.070994129231148406e+01,5.538890338123359669e+01,7.193709371536542108e+01
1.200000000000000000e+02,1.200000000000000000e+02,1.200000000000000000e+02,1.200000000000000000e+02,1.200000000000000000e+02,1.200000000000000000e+02,1.200000000000000000e+02,1.200000000000000000e+02,1.200000000000000000e+02,1.200000000000000000e+02,4.252294803246369805e-03,4.409667156999799373e-03,6.482148886049697012e+01,9.131018924384234481e+01,1.039183186310811635e+02,1.047045261143220642e+02,1.033455063778468457e+02,1.046177281821657203e+02,1.046922022583487291e+02,1.007262767830959405e+02,6.474917559638352316e+01,5.514754761809572159e+01,5.098399775035754544e+01,5.538531257814739206e+01,7.181864422670699355e+01
1.200000000000000000e+02,1.200000000000000000e+02,1.200000000000000000e+02,1.200000000000000000e+02,1.200000000000000000e+02,1.200000000000000000e+02,1.200000000000000000e+02,1.200000000000000000e+02,1.200000000000000000e+02,1.200000000000000000e+02,8.145397355816920992e+01,4.071967320163633573e-03,7.755353328356743248e+01,8.967676097919775202e+01,9.859765409083244947e+01,1.045969900645700648e+02,1.051039648899514418e+02,1.038979875608805941e+02,1.044607112903900514e+02,1.011143683236874438e+02,6.531221845460156317e+01,5.509170292370201594e+01,5.084777437205048756e+01,5.558637669880243948e+01,7.182405493910528094e+01
1.200000000000000000e+02,1.200000000000000000e+02,1.200000000000000000e+02,1.200000000000000000e+02,1.200000000000000000e+02,1.200000000000000000e+02,1.200000000000000000e+02,1.200000000000000000e+02,1.200000000000000000e+02,1.200000000000000000e+02,7.572607051840258077e-03,4.318081633040963922e-03,9.177673739913328177e+01,9.170924513322353278e+01,9.700221068397456747e+01,1.016769428113473737e+02,1.048746530208208441e+02,1.052882428624831306e+02,1.039752647573576780e+02,1.010732047033876455e+02,6.574854100258197320e+01,5.534678862796696563e+01,5.078640110772266070e+01,5.556075910120693351e+01,7.195946189097894319e+01
1.200000000000000000e+02,1.200000000000000000e+02,1.200000000000000000e+02,1.200000000000000000e+02,1.200000000000000000e+02,1.200000000000000000e+02,1.200000000000000000e+02,1.200000000000000000e+02,1.200000000000000000e+02,1.200000000000000000e+02,8.192605448386779468e-03,4.885618014150658502e-03,9.960598106258990470e+01,9.672108402976257935e+01,9.678612846598248609e+01,1.004795310415921392e+02,1.031976665561020781e+02,1.049555196888465076e+02,1.051076033188194714e+02,1.008225742239954741e+02,6.582926102983965677e+01,5.548755229993717109e+01,5.091174350633939127e+01,5.554330296967036418e+01,7.194874319531186302e+01
1.200000000000000000e+02,1.200000000000000000e+02,1.200000000000000000e+02,1.200000000000000000e+02,1.200000000000000000e+02,1.200000000000000000e+02,1.200000000000000000e+02,1.200000000000000000e+02,1.200000000000000000e+02,1.200000000000000000e+02,1.087633031039085714e-02,6.091593765994525803e-03,1.009672767167401872e+02,1.012729842101971656e+02,9.909064370306745673e+01,9.955739286031291613e+01,1.023923659383981715e+02,1.039933061821549387e+02,1.047221522171723649e+02,1.017970357807210604e+02,6.574523729767986424e+01,5.547556772732584562e+01,5.093603263022175298e+01,5.563526099920654389e+01,7.195391175917215776e+01
1.200000000000000000e+02,1.200000000000000000e+02,1.200000000000000000e+02,1.200000000000000000e+02,1.200000000000000000e+02,1.200000000000000000e+02,1.200000000000000000e+02,1.200000000000000000e+02,1.200000000000000000e+02,1.200000000000000000e+02,1.600165382929121319e-02,8.358168480586004989e+01,9.530158401725078932e+01,1.037650373585369294e+02,1.018317090992302951e+02,1.005669864207725368e+02,1.012472509230697568e+02,1.035122095605524635e+02,1.041959490091852416e+02,1.014944796813961290e+02,6.717954370737628267e+01,5.550271756380035981e+01,5.084705309183492972e+01,5.564004969363252684e+01,7.201668178524411701e+01
1.200000000000000000e+02,1.200000000000000000e+02,1.200000000000000000e+02,1.200000000000000000e+02,1.200000000000000000e+02,1.200000000000000000e+02,1.200000000000000000e+02,1.200000000000000000e+02,1.200000000000000000e+02,1.200000000000000000e+02,3.090515575340043244e-02,1.952137665601864913e-02,7.416064465674372741e+01,1.019966992721545154e+02,1.040833727122020633e+02,1.021871796137483557e+02,1.015919542633747028e+02,1.023285611305333589e+02,1.039672909554797968e+02,1.011976000512536871e+02,6.702722206134446026e+01,5.639053905722956017e+01,5.082940399734147263e+01,5.555078568373428283e+01,7.200830526047256797e+01
1.200000000000000000e+02,1.200000000000000000e+02,1.200000000000000000e+02,1.200000000000000000e+02,1.200000000000000000e+02,1.200000000000000000e+02,1.200000000000000000e+02,1.200000000000000000e+02,1.200000000000000000e+02,1.200000000000000000e+02,3.800813364453322490e-02,5.041773115754105694e-02,7.742668104018542863e+01,9.899471616684053288e+01,1.037420861473840006e+02,1.039520184054807572e+02,1.024975147136005518e+02,1.023337761876744878e+02,1.028283950129060571e+02,1.012267052425989959e+02,6.675668278942467282e+01,5.646871396731921067e+01,5.127874922090251886e+01,5.551032581572633973e+01,7.193748664469272569e+01
1.200000000000000000e+02,1.200000000000000000e+02,1.200000000000000000e+02,1.200000000000000000e+02,1.200000000000000000e+02,1.200000000000000000e+02,1.200000000000000000e+02,1.200000000000000000e+02,1.200000000000000000e+02,1.200000000000000000e+02,3.709471776650073022e-02,1.349049939166485079e-01,8.893698994744221409e+01,9.265317210580974461e+01,1.021382944842365958e+02,1.041998141099905837e+02,1.037611907545804684e+02,1.027827608983079273e+02,1.026611567724583978e+02,1.001881924663122305e+02,6.721691307953194894e+01,5.638437753738964631e+01,5.134451819836162656e+01,5.572315818629915896e+01,7.190228820808242460e+01
1.200000000000000000e+02,1.200000000000000000e+02,1.200000000000000000e+02,1.200000000000000000e+02,1.200000000000000000e+02,1.200000000000000000e+02,1.200000000000000000e+02,1.200000000000000000e+02,1.200000000000000000e+02,1.200000000000000000e+02,3.394699381779374414e-02,1.055862808628181249e+01,9.814574615242025857e+01,9.661920144117668485e+01,9.839208883965955010e+01,1.034308488523384568e+02,1.042224161314885720e+02,1.036011260233063211e+02,1.028285265919704301e+02,9.981038733237437555e+01,6.597986384798079484e+01,5.693902151514382126e+01,5.127475825637803553e+01,5.571970920598115384e+01,7.201635582308750827e+01
1.200000000000000000e+02,1.200000000000000000e+02,1.200000000000000000e+02,1.200000000000000000e+02,1.200000000000000000e+02,1.200000000000000000e+02,1.200000000000000000e+02,1.200000000000000000e+02,1.200000000000000000e+02,1.200000000000000000e+02,8.607822310135271948e+01,2.085111082497890322e+01,1.021726605583385918e+02,1.013271384354227109e+02,1.000891973949549936e+02,1.011140490984399349e+02,1.039611081295152957e+02,1.040908642142107539e+02,1.032793500195622443e+02,9.980255275269225024e+01,6.507227134262763002e+01,5.655448609821183936e+01,5.165494442577119116e+01,5.562054669334467150e+01,7.197044219465104220e+01
1.200000000000000000e+02,1.200000000000000000e+02,1.200000000000000000e+02,1.200000000000000000e+02,1.200000000000000000e+02,1.200000000000000000e+02,1.200000000000000000e+02,1.200000000000000000e+02,1.200000000000000000e+02,1.200000000000000000e+02,4.866329178124990940e-02,4.424764210234975792e+00,9.844629512823121331e+01,1.043363212937348692e+02,1.026287500612161665e+02,1.019359024400907003e+02,1.025340850447698671e+02,1.041230013012036295e+02,1.037033901453369822e+02,9.991113693841565180e+01,6.482418976920772025e+01,5.600640055950320573e+01,5.165206645723473144e+01,5.581815390888949935e+01,7.187728550862257748e+01
1.200000000000000000e+02,1.200000000000000000e+02,1.200000000000000000e+02,1.200000000000000000e+02,1.200000000000000000e+02,1.200000000000000000e+02,1.200000000000000000e+02,1.200000000000000000e+02,1.200000000000000000e+02,1.200000000000000000e+02,2.659470651075081585e-02,7.768203149337184199e-02,8.955121219473348049e+01,1.035380473955794400e+02,1.047066015265631762e+02,1.033212964815306236e+02,1.029844756294700261e+02,1.032759830704824537e+02,1.038882477163603824e+02,1.001650476246656609e+02,6.457166190690956853e+01,5.584095071782087416e+01,5.145726183871627768e+01,5.585967170497794143e+01,7.198029988736995222e+01
1.200000000000000000e+02,1.200000000000000000e+02,1.200000000000000000e+02,1.200000000000000000e+02,1.200000000000000000e+02,1.200000000000000000e+02,1.200000000000000000e+02,1.200000000000000000e+02,1.200000000000000000e+02,1.200000000000000000e+02,2.018293970299471843e-02,2.742469613495009811e-02,8.556799788844170962e+01,9.844370300917802297e+01,1.048485805796080257e+02,1.047037938815487479e+02,1.037181907128382790e+02,1.035679735676670390e+02,1.034146582670501289e+02,1.004113743415536106e+02,6.454155757125728599e+01,5.556836181148902654e+01,5.146973393569339095e+01,5.579129618638420141e+01,7.198517807561256632e+01
1.200000000000000000e+02,1.200000000000000000e+02,1.200000000000000000e+02,1.200000000000000000e+02,1.200000000000000000e+02,1.200000000000000000e+02,1.200000000000000000e+02,1.200000000000000000e+02,1.200000000000000000e+02,1.200000000000000000e+02,1.673151796842607675e-02,1.423969899510706127e-01,8.813401199779157480e+01,9.615958829479640713e+01,1.017599421426831299e+02,1.051903723229079048e+02,1.046046010870328047e+02,1.039294016213168703e+02,1.036362325562152051e+02,1.001801585134782044e+02,6.480991632861804419e+01,5.529120338564214876e+01,5.139435685181960878e+01,5.587249731619458970e+01,7.195157165218772377e+01
1.200000000000000000e+02,1.200000000000000000e+02,1.200000000000000000e+02,1.200000000000000000e+02,1.200000000000000000e+02,1.200000000000000000e+02,1.200000000000000000e+02,1.200000000000000000e+02,1.200000000000000000e+02,1.200000000000000000e+02,1.117914203388128622e-02,2.486707712888101796e+01,9.270781381147422451e+01,9.696509370951558537e+01,1.004550386907493760e+02,1.032758998538167532e+02,1.052011621115571671e+02,1.044736873224998703e+02,1.037920593571863748e+02,1.003419714201099282e+02,6.466849088421199099e+01,5.526829530806565316e+01,5.120758656345133630e+01,5.591055830208227917e+01,7.203056250510381631e+01
1.200000000000000000e+02,1.200000000000000000e+02,1.200000000000000000e+02,1.200000000000000000e+02,1.200000000000000000e+02,1.200000000000000000e+02,1.200000000000000000e+02,1.200000000000000000e+02,1.200000000000000000e+02,1.200000000000000000e+02,1.546988965567499923e-02,2.916882531484181129e+01,9.699229540723705156e+01,9.893247386887640005e+01,1.005835939860165240e+02,1.025869002954736686e+02,1.040180049671154308e+02,1.050768687645338133e+02,1.041096725312048363e+02,1.004082767190547543e+02,6.483404376337267649e+01,5.516980374929422482e+01,5.112959039080751467e+01,5.584766916429562400e+01,7.208044227102132595e+01
1.200000000000000000e+02,1.200000000000000000e+02,1.200000000000000000e+02,1.200000000000000000e+02,1.200000000000000000e+02,1.200000000000000000e+02,1.200000000000000000e+02,1.200000000000000000e+02,1.200000000000000000e+02,1.200000000000000000e+02,2.405728384696922961e-02,3.580958555891601236e+01,9.333190523051837317e+01,1.014442641447532765e+02,1.013815473219690233e+02,1.024406675202167776e+02,1.037336584444528711e+02,1.043593933610711844e+02,1.046763174838161916e+02,1.005734554555794205e+02,6.485918593890718853e+01,5.520202730600601626e+01,5.105851222662224842e+01,5.582683453451323885e+01,7.206815567562625802e+01
1.200000000000000000e+02,1.200000000000000000e+02,1.200000000000000000e+02,1.200000000000000000e+02,1.200000000000000000e+02,1.200000000000000000e+02,1.200000000000000000e+02,1.200000000000000000e+02,1.200000000000000000e+02,1.200000000000000000e+02,3.516875794144694312e-02,2.666500728666775899e+01,9.196603517214471424e+01,9.951939121586799786e+01,1.029712940743771128e+02,1.026435223094508302e+02,1.034883586248930669e+02,1.043397140015879074e+02,1.042603224569358105e+02,1.011133246812502193e+02,6.490781974310910130e+01,5.514672531429730640e+01,5.104405243896260913e+01,5.581279223315097227e+01,7.207981196216805131e+01
1.200000000000000000e+02,1.200000000000000000e+02,1.200000000000000000e+02,1.200000000000000000e+02,1.200000000000000000e+02,1.200000000000000000e+02,1.200000000000000000e+02,1.200000000000000000e+02,1.200000000000000000e+02,1.200000000000000000e+02,4.067121193024617054e-02,1.735799052506650497e+01,9.230688974547273062e+01,9.852020053035847980e+01,1.017459542229325109e+02,1.036885825823861040e+02,1.033781117490806736e+02,1.040824062744213592e+02,1.044048699364997645e+02,1.009556170796085723e+02,6.562593122071390894e+01,5.503059531572052521e+01,5.097726631245223672e+01,5.581680257118203770e+01,7.208996843691139134e+01
1.200000000000000000e+02,1.200000000000000000e+02,1.200000000000000000e+02,1.200000000000000000e+02,1.200000000000000000e+02,1.200000000000000000e+02,1.200000000000000000e+02,1.200000000000000000e+02,1.200000000000000000e+02,1.200000000000000000e+02,2.243059421648578924e-02,2.950225149944202130e+01,9.515898340262323529e+01,9.840759987530213948e+01,1.011626773481633563e+02,1.027908115409387193e+02,1.040862274726372334e+02,1.038173201870768594e+02,1.041836191348257472e+02,1.011941084822633030e+02,6.571865369994480943e+01,5.531806706287940045e+01,5.083966394134580469e+01,5.578297013729650189e+01,7.210811902904387694e+01
1.200000000000000000e+02,1.200000000000000000e+02,1.200000000000000000e+02,1.200000000000000000e+02,1.200000000000000000e+02,1.200000000000000000e+02,1.200000000000000000e+02,1.200000000000000000e+02,1.200000000000000000e+02,1.200000000000000000e+02,2.851599920108195338e-02,2.745221879894499395e+01,9.712170346051735237e+01,1.001859605428612667e+02,1.010223833616941391e+02,1.024824202892987302e+02,1.033615575725767144e+02,1.043158857214662731e+02,1.038586145768648805e+02,1.010917802668342915e+02,6.622057727838495111e+01,5.542954830856585602e+01,5.088951117913656219e+01,5.569185361500395004e+01,7.209554375152306704e+01
1.200000000000000000e+02,1.200000000000000000e+02,1.200000000000000000e+02,1.200000000000000000e+02,1.200000000000000000e+02,1.200000000000000000e+02,1.200000000000000000e+02,1.200000000000000000e+02,1.200000000000000000e+02,1.200000000000000000e+02,3.127855874951781384e-02,2.502994243620546300e+01,9.309406337954322908e+01,1.016906542558119213e+02,1.021516683200130018e+02,1.023853463286510959e+02,1.032213097864290319e+02,1.036956536759012835e+02,1.042276375359265614e+02,1.007578973948542540e+02,6.634957979470883060e+01,5.577059403479372435e+01,5.089991920754671639e+01,5.568415766949999579e+01,7.204394843488222477e+01
1.200000000000000000e+02,1.200000000000000000e+02,1.200000000000000000e+02,1.200000000000000000e+02,1.200000000000000000e+02,1.200000000000000000e+02,1.200000000000000000e+02,1.200000000000000000e+02,1.200000000000000000e+02,1.200000000000000000e+02,2.765272775335453348e-02,1.400934033934449197e+01,9.125033098619704219e+01,9.935699393946511293e+01,1.032311044616151463e+02,1.030983544216259560e+02,1.031698925630348072e+02,1.036503092343717896e+02,1.036869894643447907e+02,1.010441683865389990e+02,6.592932049600980804e+01,5.599987185509814935e+01,5.103207401909529750e+01,5.565456853514271529e+01,7.203939281695035390e+01
1.200000000000000000e+02,1.200000000000000000e+02,1.200000000000000000e+02,1.200000000000000000e+02,1.200000000000000000e+02,1.200000000000000000e+02,1.200000000000000000e+02,1.200000000000000000e+02,1.200000000000000000e+02,1.200000000000000000e+02,2.361416363368748841e-02,1.365006139964873633e+01,9.250242441584028086e+01,9.819886451679926154e+01,1.016984749850841325e+02,1.038691029033870024e+02,1.035969634668512356e+02,1.036333319967202158e+02,1.036843427510360414e+02,1.006171726856917559e+02,6.628216525508609891e+01,5.585238048874730055e+01,5.116079656797917607e+01,5.567978622913935283e+01,7.201028178084564502e+01
1.200000000000000000e+02,1.200000000000000000e+02,1.200000000000000000e+02,1.200000000000000000e+02,1.200000000000000000e+02,1.200000000000000000e+02,1.200000000000000000e+02,1.200000000000000000e+02,1.200000000000000000e+02,1.200000000000000000e+02,1.327835141035704422e-02,3.527400633665102703e+01,9.643623142068663867e+01,9.881424242094882970e+01,1.010617368493828536e+02,1.027852258881283376e+02,1.041472907106019932e+02,1.038563278514620549e+02,1.036911235226311021e+02,1.005704221768011308e+02,6.584981694049699286e+01,5.608092415239060102e+01,5.110076193606061423e+01,5.571507678678330677e+01,7.201205020614186481e+01
1.200000000000000000e+02,1.200000000000000000e+02,1.200000000000000000e+02,1.200000000000000000e+02,1.200000000000000000e+02,1.200000000000000000e+02,1.200000000000000000e+02,1.200000000000000000e+02,1.200000000000000000e+02,1.200000000000000000e+02,1.680241538374900243e-02,3.965201320233912696e+01,9.818928429003393887e+01,1.011705282218124751e+02,1.014333542081363504e+02,1.025002865824121301e+02,1.033469026603435736e+02,1.042493229108182078e+02,1.037686996976011358e+02,1.006070089474844025e+02,6.568635905018588517e+01,5.596661368215875143e+01,5.122013849311611011e+01,5.565360507862011730e+01,7.201187784284181248e+01
1.200000000000000000e+02,1.200000000000000000e+02,1.200000000000000000e+02,1.200000000000000000e+02,1.200000000000000000e+02,1.200000000000000000e+02,1.200000000000000000e+02,1.200000000000000000e+02,1.200000000000000000e+02,1.200000000000000000e+02,2.166071538921199996e-02,4.206744613005151479e+01,9.323756216872872926e+01,1.024484159265767147e+02,1.028947967722641863e+02,1.027578007463883694e+02,1.032942078517132103e+02,1.036440063165129573e+02,1.040463251210948812e+02,1.005692500627825581e+02,6.578129376693190977e+01,5.588309409285544405e+01,5.121983248523061150e+01,5.569371221841957009e+01,7.195319987394513817e+01
1.200000000000000000e+02,1.200000000000000000e+02,1.200000000000000000e+02,1.200000000000000000e+02,1.200000000000000000e+02,1.200000000000000000e+02,1.200000000000000000e+02,1.200000000000000000e+02,1.200000000000000000e+02,1.200000000000000000e+02,2.417272555024268382e-02,3.043968215921274734e+01,9.124735968177820666e+01,9.942597648214005801e+01,1.038045231488565605e+02,1.036692925440561623e+02,1.034854821438273831e+02,1.037352812253377579e+02,1.035845419666988789e+02,1.007340100532332769e+02,6.564150717025212600e+01,5.599501461902372057e+01,5.120232645087316570e+01,5.569468754756812245e+01,7.196641672679550084e+01
1.200000000000000000e+02,1.200000000000000000e+02,1.200000000000000000e+02,1.200000000000000000e+02,1.200000000000000000e+02,1.200000000000000000e+02,1.200000000000000000e+02,1.200000000000000000e+02,1.200000000000000000e+02,1.200000000000000000e+02,2.364115775513027720e-02,2.414187511296072230e+01,9.284410707014033903e+01,9.781297809260821907e+01,1.017994881137569507e+02,1.043227290658103783e+02,1.040369511083291627e+02,1.038805574465246622e+02,1.037511093779137639e+02,1.003942599493184389e+02,6.570745082359810851e+01,5.592838964580474936e+01,5.130625058988157150e+01,5.568452391263561907e+01,7.195476785896772753e+01
1.200000000000000000e+02,1.200000000000000000e+02,1.200000000000000000e+02,1.200000000000000000e+02,1.200000000000000000e+02,1.200000000000000000e+02,1.200000000000000000e+02,1.200000000000000000e+02,1.200000000000000000e+02,1.200000000000000000e+02,1.286264107481835568e-02,4.246072131711295583e+01,9.689746976610636864e+01,9.844784629924092201e+01,1.007376036777394006e+02,1.029232908347554201e+02,1.045153053776179917e+02,1.041902132385512090e+02,1.038611900219915611e+02,1.005615897212146876e+02,6.529096041176363485e+01,5.588625575652488919e+01,5.131395712355430305e+01,5.575611061041994532e+01,7.194676137483726563e+01
1.200000000000000000e+02,1.200000000000000000e+02,1.200000000000000000e+02,1.200000000000000000e+02,1.200000000000000000e+02,1.200000000000000000e+02,1.200000000000000000e+02,1.200000000000000000e+02,1.200000000000000000e+02,1.200000000000000000e+02,1.552186400364663488e-02,4.640819214102798895e+01,9.901825935744545859e+01,1.009884822288389188e+02,1.010250228912429264e+02,1.022918017727421898e+02,1.035131972474257083e+02,1.045512471062829007e+02,1.040088846941723659e+02,1.006666835520766625e+02,6.549081989218818478e+01,5.564400227315726255e+01,5.128100473226606937e+01,5.577967194682806706e+01,7.199373226964910089e+01
1.200000000000000000e+02,1.200000000000000000e+02,1.200000000000000000e+02,1.200000000000000000e+02,1.200000000000000000e+02,1.200000000000000000e+02,1.200000000000000000e+02,1.200000000000000000e+02,1.200000000000000000e+02,1.200000000000000000e+02,1.858968033647910578e-02,4.882834380901805815e+01,9.495069055120038115e+01,1.026137927787910797e+02,1.026007483722618758e+02,1.024273641581878564e+02,1.031915048500089398e+02,1.038262054284600424e+02,1.042924403408701295e+02,1.006878656163309813e+02,6.568901462611468389e+01,5.574356485955296847e+01,5.115944938178199664e+01,5.576466058388558622e+01,7.200705265525077436e+01
1.200000000000000000e+02,1.200000000000000000e+02,1.200000000000000000e+02,1.200000000000000000e+02,1.200000000000000000e+02,1.200000000000000000e+02,1.200000000000000000e+02,1.200000000000000000e+02,1.200000000000000000e+02,1.200000000000000000e+02,1.942852328663418476e-02,3.802849766145904198e+01,9.298694834405021936e+01,1.001280377647333211e+02,1.037604105981395435e+02,1.033818969867630670e+02,1.032513302940987643e+02,1.037151743462222555e+02,1.037695682115752902e+02,1.009173757849767838e+02,6.559365785213198308e+01,5.589451339187630197e+01,5.121758657330649100e+01,5.570880138034791429e+01,7.199764809005202437e+01
1.200000000000000000e+02,1.200000000000000000e+02,1.200000000000000000e+02,1.200000000000000000e+02,1.200000000000000000e+02,1.200000000000000000e+02,1.200000000000000000e+02,1.200000000000000000e+02,1.200000000000000000e+02,1.200000000000000000e+02,1.838752033687838031e-02,3.156818633195683788e+01,9.410626566201537457e+01,9.865161743584293674e+01,1.021093772770977495e+02,1.041941082082319241e+02,1.037945388786804557e+02,1.037349298265129676e+02,1.037883726056037261e+02,1.005800885262159028e+02,6.582098207728371619e+01,5.578444049827116658e+01,5.132583414436346914e+01,5.575483542858665231e+01,7.196691614519114921e+01
1.200000000000000000e+02,1.200000000000000000e+02,1.200000000000000000e+02,1.200000000000000000e+02,1.200000000000000000e+02,1.200000000000000000e+02,1.200000000000000000e+02,1.200000000000000000e+02,1.200000000000000000e+02,1.200000000000000000e+02,1.002680665164876715e-02,5.036078252746974471e+01,9.761470057714566906e+01,9.910529124710015481e+01,1.011848373717740088e+02,1.030321414147531698e+02,1.043584304020845082e+02,1.040048491967237396e+02,1.037888002835579044e+02,1.006489012623168406e+02,6.552184255829729409e+01,5.582158209703895579e+01,5.125736997939116435e+01,5.583275056129519243e+01,7.200624096599898394e+01
1.200000000000000000e+02,1.200000000000000000e+02,1.200000000000000000e+02,1.200000000000000000e+02,1.200000000000000000e+02,1.200000000000000000e+02,1.200000000000000000e+02,1.200000000000000000e+02,1.200000000000000000e+02,1.200000000000000000e+02,1.166809902856745518e-02,5.808539792884029396e+01,9.950572888527767645e+01,1.014027298985410397e+02,1.014236205847564349e+02,1.025222081932348743e+02,1.035097172684307338e+02,1.043965786905496742e+02,1.038814773055754728e+02,1.006649506310441069e+02,6.566099369917007778e+01,5.569293829401053841e+01,5.122547657133935672e+01,5.579585835724015652e+01,7.205786645204148044e+01
1.200000000000000000e+02,1.200000000000000000e+02,1.200000000000000000e+02,1.200000000000000000e+02,1.200000000000000000e+02,1.200000000000000000e+02,1.200000000000000000e+02,1.200000000000000000e+02,1.200000000000000000e+02,1.200000000000000000e+02,1.395119901252480157e-02,6.377286134751504676e+01,9.591024375847959504e+01,1.028772216721875026e+02,1.029068678146243911e+02,1.026766000754261512e+02,1.032891004881992103e+02,1.037618761488757713e+02,1.041569088693903922e+02,1.006276482034206907e+02,6.576650270242194551e+01,5.580317168400188166e+01,5.115537653826073239e+01,5.576257720398258755e+01,7.203162715857419585e+01
1.200000000000000000e+02,1.200000000000000000e+02,1.200000000000000000e+02,1.200000000000000000e+02,1.200000000000000000e+02,1.200000000000000000e+02,1.200000000000000000e+02,1.200000000000000000e+02,1.200000000000000000e+02,1.200000000000000000e+02,1.520217702998192567e-02,5.443300835872017274e+01,9.425543098335036518e+01,1.004829432350208265e+02,1.039773376944264669e+02,1.036177568763282437e+02,1.034011926500353411e+02,1.037298198426838667e+02,1.036772299894768707e+02,1.008161588953558834e+02,6.560074866403301996e+01,5.593364476184468259e+01,5.121936473543401291e+01,5.572232188095672001e+01,7.200869216692930763e+01
1.200000000000000000e+02,1.200000000000000000e+02,1.200000000000000000e+02,1.200000000000000000e+02,1.200000000000000000e+02,1.200000000000000000e+02,1.200000000000000000e+02,1.200000000000000000e+02,1.200000000000000000e+02,1.200000000000000000e+02,1.506266846016152475e-02,4.554469031469306373e+01,9.540018074534978609e+01,9.904972201985637525e+01,1.023027620195018699e+02,1.043848083813658576e+02,1.039727822510649986e+02,1.038146124850493237e+02,1.037534003698919776e+02,1.004770436139390455e+02,6.574016812654356556e+01,5.581681246910100924e+01,5.132037855245169311e+01,5.575829621740454911e+01,7.198247521932782433e+01
1.200000000000000000e+02,1.200000000000000000e+02,1.200000000000000000e+02,1.200000000000000000e+02,1.200000000000000000e+02,1.200000000000000000e+02,1.200000000000000000e+02,1.200000000000000000e+02,1.200000000000000000e+02,1.200000000000000000e+02,8.179962659456392962e-03,6.164730448643362593e+01,9.864180966192893152e+01,9.948084265877056964e+01,1.013223256028928034e+02,1.031667877470500230e+02,1.045225682984879114e+02,1.041328718064981587e+02,1.038186068636589710e+02,1.005779762665883794e+02,6.537427678339517456e+01,5.581755247639653561e+01,5.126480943439229065e+01,5.582235029124512238e+01,7.200925570186623759e+01
1.200000000000000000e+02,1.200000000000000000e+02,1.200000000000000000e+02,1.200000000000000000e+02,1.200000000000000000e+02,1.200000000000000000e+02,1.200000000000000000e+02,1.200000000000000000e+02,1.200000000000000000e+02,1.200000000000000000e+02,9.186117171546758289e-03,7.185314541691565182e+01,1.004086262768624778e+02,1.017259820096403047e+02,1.015204176408313117e+02,1.025700729597095773e+02,1.036164968898788175e+02,1.045315377799507246e+02,1.039660220947332476e+02,1.006497437597578113e+02,6.551005747319396733e+01,5.563162094122338175e+01,5.123191176568379746e+01,5.579254599342306875e+01,7.204893582446798916e+01
1.200000000000000000e+02,1.200000000000000000e+02,1.200000000000000000e+02,1.200000000000000000e+02,1.200000000000000000e+02,1.200000000000000000e+02,1.200000000000000000e+02,1.200000000000000000e+02,1.200000000000000000e+02,1.200000000000000000e+02,1.072145556861583450e-02,8.040003318834548907e+01,9.747514663273648239e+01,1.032115373732475376e+02,1.030172829291895198e+02,1.026798923737997313e+02,1.033081971511503383e+02,1.038504424627585649e+02,1.042616935230921911e+02,1.006666842703962743e+02,6.567270325002684217e+01,5.571166545101626610e+01,5.113716162156871547e+01,5.576404677106260976e+01,7.202641375137284285e+01
1.200000000000000000e+02,1.200000000000000000e+02,1.200000000000000000e+02,1.200000000000000000e+02,1.200000000000000000e+02,1.200000000000000000e+02,1.200000000000000000e+02,1.200000000000000000e+02,1.200000000000000000e+02,1.200000000000000000e+02,1.174263639199582196e-02,7.385119808243935324e+01,9.608782929584153010e+01,1.011298254755566575e+02,1.041337581605788500e+02,1.036469038996926599e+02,1.033785900018057902e+02,1.037430820831402087e+02,1.037504172994454308e+02,1.008862811607943115e+02,6.557994058707261331e+01,5.585254408221653932e+01,5.118195992371431657e+01,5.571494219900589684e+01,7.200728465281159174e+01
1.200000000000000000e+02,1.200000000000000000e+02,1.200000000000000000e+02,1.200000000000000000e+02,1.200000000000000000e+02,1.200000000000000000e+02,1.200000000000000000e+02,1.200000000000000000e+02,1.200000000000000000e+02,1.200000000000000000e+02,1.179456805859459972e-02,6.409755315265003617e+01,9.708213208878876799e+01,9.982647657321729184e+01,1.026232830899393207e+02,1.044597264380960553e+02,1.039709075840265911e+02,1.037923455606707961e+02,1.037684051051444811e+02,1.005351617658910328e+02,6.577526091824991283e+01,5.576098857270419984e+01,5.128203801154096908e+01,5.574430256169715392e+01,7.197804585303008196e+01
1.200000000000000000e+02,1.200000000000000000e+02,1.200000000000000000e+02,1.200000000000000000e+02,1.200000000000000000e+02,1.200000000000000000e+02,1.200000000000000000e+02,1.200000000000000000e+02,1.200000000000000000e+02,1.200000000000000000e+02,1.595943156260238097e-02,7.968590944971772672e+01,9.990112365147773232e+01,1.001715517184564561e+02,1.016910282461433184e+02,1.033319409917474587e+02,1.045547783591171367e+02,1.041221916273871813e+02,1.038056730624791868e+02,1.005987842127987051e+02,6.541795312432364540e+01,5.578345770091246436e+01,5.122988504368154850e+01,5.581048187266915761e+01,7.200428924578460510e+01
1.200000000000000000e+02,1.200000000000000000e+02,1.200000000000000000e+02,1.200000000000000000e+02,1.200000000000000000e+02,1.200000000000000000e+02,1.200000000000000000e+02,1.200000000000000000e+02,1.200000000000000000e+02,1.200000000000000000e+02,2.807833693277963019e-02,8.750204455662279202e+01,1.014612236917480317e+02,1.022323761407762532e+02,1.018329101634786724e+02,1.027450050962352179e+02,1.036968530251863285e+02,1.045411145250372584e+02,1.039566531294476590e+02,1.006519814698957020e+02,6.552790243486272459e+01,5.560364448232137136e+01,5.119586890823413938e+01,5.578155620927297065e+01,7.204818260495063953e+01
1.200000000000000000e+02,1.200000000000000000e+02,1.200000000000000000e+02,1.200000000000000000e+02,1.200000000000000000e+02,1.200000000000000000e+02,1.200000000000000000e+02,1.200000000000000000e+02,1.200000000000000000e+02,1.200000000000000000e+02,1.763044789096123235e-02,9.284013170618065658e+01,9.890158632143483430e+01,1.036416464617486355e+02,1.032624541342769078e+02,1.028203417183793391e+02,1.033815933774263698e+02,1.038823662690598724e+02,1.042605733279700218e+02,1.006671796255564288e+02,6.568065810336088362e+01,5.567887291965851659e+01,5.109452811468239730e+01,5.574757201255332006e+01,7.202714326306920611e+01
1.200000000000000000e+02,1.200000000000000000e+02,1.200000000000000000e+02,1.200000000000000000e+02,1.200000000000000000e+02,1.200000000000000000e+02,1.200000000000000000e+02,1.200000000000000000e+02,1.200000000000000000e+02,1.200000000000000000e+02,3.046022618186022476e-02,9.517469233973640996e+01,9.881804264577053232e+01,1.015768379557313494e+02,1.043668605255525250e+02,1.037734106123715634e+02,1.034338536547195986e+02,1.037616003858775144e+02,1.037555750426875107e+02,1.008841120586246660e+02,6.558775840976930738e+01,5.582692341476580822e+01,5.113296961566744869e+01,5.568884684515137451e+01,7.200370623912667156e+01
1.200000000000000000e+02,1.200000000000000000e+02,1.200000000000000000e+02,1.200000000000000000e+02,1.200000000000000000e+02,1.200000000000000000e+02,1.200000000000000000e+02,1.200000000000000000e+02,1.200000000000000000e+02,1.200000000000000000e+02,8.306067969064025169e-02,9.659160153480586075e+01,1.001156242592110601e+02,1.013469108826350009e+02,1.027480196897665792e+02,1.046008260906238974e+02,1.040354403835597168e+02,1.038039970422415195e+02,1.037583859235123214e+02,1.005274615444526063e+02,6.576958443288268086e+01,5.574475218583176428e+01,5.123843838876554457e+01,5.571021521311946856e+01,7.196679815727699747e+01
1.200000000000000000e+02,1.200000000000000000e+02,1.200000000000000000e+02,1.200000000000000000e+02,1.200000000000000000e+02,1.200000000000000000e+02,1.200000000000000000e+02,1.200000000000000000e+02,1.200000000000000000e+02,1.200000000000000000e+02,1.596949626840006964e+01,9.731417149766383545e+01,1.010321023939125524e+02,1.022012591323909874e+02,1.026600222397085815e+02,1.033258253685774264e+02,1.046428515234018306e+02,1.041516435124244566e+02,1.037954534272732587e+02,1.005751098148691653e+02,6.538812014493804270e+01,5.576022851690643733e+01,5.119528988379155976e+01,5.577723695022707773e+01,7.198690955968041294e+01
1.200000000000000000e+02,1.200000000000000000e+02,1.200000000000000000e+02,1.200000000000000000e+02,1.200000000000000000e+02,1.200000000000000000e+02,1.200000000000000000e+02,1.200000000000000000e+02,1.200000000000000000e+02,1.200000000000000000e+02,1.650921856321273040e+01,9.774261216721420453e+01,1.016068938716780252e+02,1.026932308294409353e+02,1.032772752774133949e+02,1.034107477013739498e+02,1.036340323632091867e+02,1.045947205470272792e+02,1.039655250721834534e+02,1.006301308605694658e+02,6.546652646434645817e+01,5.555970867298074722e+01,5.115947447093233791e+01,5.575277147354972129e+01,7.203104744225224465e+01
1.200000000000000000e+02,1.200000000000000000e+02,1.200000000000000000e+02,1.200000000000000000e+02,1.200000000000000000e+02,1.200000000000000000e+02,1.200000000000000000e+02,1.200000000000000000e+02,1.200000000000000000e+02,1.200000000000000000e+02,1.846115498609174566e+01,9.514547699681041593e+01,1.020807548183336735e+02,1.031713379615789421e+02,1.034583975566240923e+02,1.038780496590322713e+02,1.038599624164840520e+02,1.037964475044533970e+02,1.042906291366955145e+02,1.006621080472966696e+02,6.561746420762395360e+01,5.561004674755986343e+01,5.104575284006863001e+01,5.571735501811838276e+01,7.201260382905553570e+01
1.200000000000000000e+02,1.200000000000000000e+02,1.200000000000000000e+02,1.200000000000000000e+02,1.200000000000000000e+02,1.200000000000000000e+02,1.200000000000000000e+02,1.200000000000000000e+02,1.200000000000000000e+02,1.200000000000000000e+02,6.949057383773881824e+00,9.461145845184968550e+01,1.000777364500141715e+02,1.036632309619572112e+02,1.038622475730092276e+02,1.038350450698729190e+02,1.042170170133489648e+02,1.041148674305023576e+02,1.036633245371029375e+02,1.008953484717044660e+02,6.554509322616894451e+01,5.575240732212112960e+01,5.106903939823576621e+01,5.565120042085906960e+01,7.198800516484477896e+01
1.200000000000000000e+02,1.200000000000000000e+02,1.200000000000000000e+02,1.200000000000000000e+02,1.200000000000000000e+02,1.200000000000000000e+02,1.200000000000000000e+02,1.200000000000000000e+02,1.200000000000000000e+02,1.200000000000000000e+02,4.976581228040270588e+00,9.581956200119094547e+01,9.927213870167307164e+01,1.021549116911351263e+02,1.043467007175423049e+02,1.041926973639295397e+02,1.040204850984159464e+02,1.043845575561315400e+02,1.040231656914078684e+02,1.004338932213595399e+02,6.574449785669973778e+01,5.567865133199720162e+01,5.117015645320107353e+01,5.566435558682364615e+01,7.194659163571763827e+01
1.200000000000000000e+02,1.200000000000000000e+02,1.200000000000000000e+02,1.200000000000000000e+02,1.200000000000000000e+02,1.200000000000000000e+02,1.200000000000000000e+02,1.200000000000000000e+02,1.200000000000000000e+02,1.200000000000000000e+02,3.132432333919166112e+01,9.910254284762601173e+01,9.972845154390114430e+01,1.014929219084237531e+02,1.031862245303007910e+02,1.046506300105273937e+02,1.043566503798799374e+02,1.040916388080848947e+02,1.042262112205330453e+02,1.007658304826119746e+02,6.522150653664661490e+01,5.569815670249699480e+01,5.113042452246535419e+01,5.572985322848035139e+01,7.196254992354086255e+01
1.200000000000000000e+02,1.200000000000000000e+02,1.200000000000000000e+02,1.200000000000000000e+02,1.200000000000000000e+02,1.200000000000000000e+02,1.200000000000000000e+02,1.200000000000000000e+02,1.200000000000000000e+02,1.200000000000000000e+02,3.532993691604850994e+01,1.008627757726045644e+02,1.020796145549118137e+02,1.016627522389586034e+02,1.027196472175813966e+02,1.037333294243989883e+02,1.047723049458713689e+02,1.044230939811653229e+02,1.038826356527568890e+02,1.009688108894817731e+02,6.563763536804376031e+01,5.541437203202427497e+01,5.109349734428648304e+01,5.570809905549941732e+01,7.200739085556976704e+01
1.200000000000000000e+02,1.200000000000000000e+02,1.200000000000000000e+02,1.200000000000000000e+02,1.200000000000000000e+02,1.200000000000000000e+02,1.200000000000000000e+02,1.200000000000000000e+02,1.200000000000000000e+02,1.200000000000000000e+02,4.036877275137734244e+01,9.746027990796635265e+01,1.035593366078245765e+02,1.032950962607293519e+02,1.027725766835340977e+02,1.034530132945309333e+02,1.040285692004470093e+02,1.047866625906957267e+02,1.042137452649836860e+02,1.005886360632265735e+02,6.603213327845799085e+01,5.562628991379405363e+01,5.093471530011682091e+01,5.567154779034716938e+01,7.199196804667455751e+01
1.200000000000000000e+02,1.200000000000000000e+02,1.200000000000000000e+02,1.200000000000000000e+02,1.200000000000000000e+02,1.200000000000000000e+02,1.200000000000000000e+02,1.200000000000000000e+02,1.200000000000000000e+02,1.200000000000000000e+02,2.739210183115141106e+01,9.651169955310922433e+01,1.009266571590432733e+02,1.044209317749801613e+02,1.038788906859428351e+02,1.034587079269408889e+02,1.039085634076293445e+02,1.041678288044329150e+02,1.045279380755323331e+02,1.008906803273049348e+02,6.544350036375043089e+01,5.591147434897072799e+01,5.102685591630734763e+01,5.558121898580434106e+01,7.196717052834515016e+01
1.200000000000000000e+02,1.200000000000000000e+02,1.200000000000000000e+02,1.200000000000000000e+02,1.200000000000000000e+02,1.200000000000000000e+02,1.200000000000000000e+02,1.200000000000000000e+02,1.200000000000000000e+02,1.200000000000000000e+02,2.040604883218947663e+01,9.829718950141644029e+01,9.964972138880557395e+01,1.024093457452156741e+02,1.047055911841221842e+02,1.041779116983659463e+02,1.038980034682386844e+02,1.041794702334085088e+02,1.040006190410103954e+02,1.012324241649072434e+02,6.575953740693336158e+01,5.555060943446969901e+01,5.119207264908951061e+01,5.562758123531030208e+01,7.191197942126640896e+01
1.200000000000000000e+02,1.200000000000000000e+02,1.200000000000000000e+02,1.200000000000000000e+02,1.200000000000000000e+02,1.200000000000000000e+02,1.200000000000000000e+02,1.200000000000000000e+02,1.200000000000000000e+02,1.200000000000000000e+02,4.530037790971709200e+01,1.017944634167308919e+02,1.005363605110491818e+02,1.013804102853595026e+02,1.031450793902935317e+02,1.047720115999682662e+02,1.043322323981331152e+02,1.041661775401413763e+02,1.041105179553684508e+02,1.007764775579049825e+02,6.640270365974286904e+01,5.563822012537893613e+01,5.098984223823522655e+01,5.571909278470855753e+01,7.194955191368660508e+01
1.200000000000000000e+02,1.200000000000000000e+02,1.200000000000000000e+02,1.200000000000000000e+02,1.200000000000000000e+02,1.200000000000000000e+02,1.200000000000000000e+02,1.200000000000000000e+02,1.200000000000000000e+02,1.200000000000000000e+02,5.644746522276729195e+01,1.033227343579274873e+02,1.033484279969547259e+02,1.018859280141076766e+02,1.024404137474788143e+02,1.035473429565240480e+02,1.047545455968377865e+02,1.043922538985889048e+02,1.041065353617807574e+02,1.009158621303810577e+02,6.585525249590011754e+01,5.607674178514474761e+01,5.097512083743758637e+01,5.559526678207888040e+01,7.200287845478787574e+01
1.200000000000000000e+02,1.200000000000000000e+02,1.200000000000000000e+02,1.200000000000000000e+02,1.200000000000000000e+02,1.200000000000000000e+02,1.200000000000000000e+02,1.200000000000000000e+02,1.200000000000000000e+02,1.200000000000000000e+02,6.782815459690809234e+01,1.005403045517347635e+02,1.048638207564828093e+02,1.039630029607665023e+02,1.027608134631857126e+02,1.031328630883427451e+02,1.037893801430360838e+02,1.046959281952234306e+02,1.041829211336483780e+02,1.009918983844618054e+02,6.600744295774121895e+01,5.582174060627586698e+01,5.120977867050851984e+01,5.556256996161690864e+01,7.191713901405333331e+01
1.200000000000000000e+02,1.200000000000000000e+02,1.200000000000000000e+02,1.200000000000000000e+02,1.200000000000000000e+02,1.200000000000000000e+02,1.200000000000000000e+02,1.200000000000000000e+02,1.200000000000000000e+02,1.200000000000000000e+02,6.014278546003875903e+01,9.996099177453577056e+01,1.024797813244364733e+02,1.052169350358521029e+02,1.042178163121961205e+02,1.033461639523624882e+02,1.035994084180864832e+02,1.039344690022732891e+02,1.044079973209950651e+02,1.009498783971784519e+02,6.631940029838322914e+01,5.586950949116442189e+01,5.108795128182731560e+01,5.568502742226537805e+01,7.189989660705974472e+01
1.200000000000000000e+02,1.200000000000000000e+02,1.200000000000000000e+02,1.200000000000000000e+02,1.200000000000000000e+02,1.200000000000000000e+02,1.200000000000000000e+02,1.200000000000000000e+02,1.200000000000000000e+02,1.200000000000000000e+02,5.209111383667749351e+01,1.016797530345074136e+02,1.014090080825927629e+02,1.033094965388356741e+02,1.051912026555091302e+02,1.043141938309729397e+02,1.037411605139257489e+02,1.039011885512983753e+02,1.038132786499712523e+02,1.011104325100877190e+02,6.620982074327812938e+01,5.617661227777084321e+01,5.107168643627790772e+01,5.560495875637445096e+01,7.196973813414541610e+01
1.200000000000000000e+02,1.200000000000000000e+02,1.200000000000000000e+02,1.200000000000000000e+02,1.200000000000000000e+02,1.200000000000000000e+02,1.200000000000000000e+02,1.200000000000000000e+02,1.200000000000000000e+02,1.200000000000000000e+02,7.826885502429729513e+01,1.045080004254847523e+02,1.023582875470444975e+02,1.023560841953903093e+02,1.036874352950286209e+02,1.050442225496960162e+02,1.043382135573795324e+02,1.039909274493174109e+02,1.038731965719536561e+02,1.006856954080802211e+02,6.633404112392994989e+01,5.615832494927999363e+01,5.127225320403214681e+01,5.556683562724554548e+01,7.190457937758785079e+01
1.200000000000000000e+02,1.200000000000000000e+02,1.200000000000000000e+02,1.200000000000000000e+02,1.200000000000000000e+02,1.200000000000000000e+02,1.200000000000000000e+02,1.200000000000000000e+02,1.200000000000000000e+02,1.200000000000000000e+02,9.245901965875708584e+01,1.053293398644495227e+02,1.048982649061136101e+02,1.029364402100218143e+02,1.030048661386154976e+02,1.038651498475426820e+02,1.048751883652971202e+02,1.043159670335405593e+02,1.039249384534904408e+02,1.007635688102457152e+02,6.589304835609057420e+01,5.617330349992318617e+01,5.129599681805368050e+01,5.567893146186684561e+01,7.187852417863635424e+01
1.200000000000000000e+02,1.200000000000000000e+02,1.200000000000000000e+02,1.200000000000000000e+02,1.200000000000000000e+02,1.200000000000000000e+02,1.200000000000000000e+02,1.200000000000000000e+02,1.200000000000000000e+02,1.200000000000000000e+02,1.049460926964082716e+02,1.029732700125865250e+02,1.059884365555158183e+02,1.049674575574605058e+02,1.033975173405401620e+02,1.034610534374002953e+02,1.039560606465664279e+02,1.047097573413623195e+02,1.040595444151907856e+02,1.008074674906533801e+02,6.601371347371281217e+01,5.598599555424115692e+01,5.127425892618022374e+01,5.569077309473779991e+01,7.194310482682800512e+01
1.200000000000000000e+02,1.200000000000000000e+02,1.200000000000000000e+02,1.200000000000000000e+02,1.200000000000000000e+02,1.200000000000000000e+02,1.200000000000000000e+02,1.200000000000000000e+02,1.200000000000000000e+02,1.200000000000000000e+02,1.068634583027146192e+02,1.041609754036013413e+02,1.032688949280556017e+02,1.059727870005205688e+02,1.049115364464432929e+02,1.037459614689119576e+02,1.037814786414491692e+02,1.039959459539899171e+02,1.043504792619486494e+02,1.007888890568616915e+02,6.613247914776452774e+01,5.610318240682879321e+01,5.119261154344064124e+01,5.565540600998874510e+01,7.193681431641557822e+01
1.200000000000000000e+02,1.200000000000000000e+02,1.200000000000000000e+02,1.200000000000000000e+02,1.200000000000000000e+02,1.200000000000000000e+02,1.200000000000000000e+02,1.200000000000000000e+02,1.200000000000000000e+02,1.200000000000000000e+02,1.076405701007844442e+02,1.059975940695934042e+02,1.038940308047985326e+02,1.034224609309521412e+02,1.057452886740671545e+02,1.048097337162289762e+02,1.039955162764386500e+02,1.039868521140132600e+02,1.037998232352732515e+02,1.009960704879330109e+02,6.595473542995156890e+01,5.624975140615377001e+01,5.128570357598601248e+01,5.560745294151698204e+01,7.190407180006727117e+01
1.200000000000000000e+02,1.200000000000000000e+02,1.200000000000000000e+02,1.200000000000000000e+02,1.200000000000000000e+02,1.200000000000000000e+02,1.200000000000000000e+02,1.200000000000000000e+02,1.200000000000000000e+02,1.200000000000000000e+02,1.079737183665223199e+02,1.070253373154942125e+02,1.054921737428607429e+02,1.038845534312703478e+02,1.035158253594922968e+02,1.054662012689904884e+02,1.046968858234265127e+02,1.041489747612427408e+02,1.038908085571846556e+02,1.006009047958426379e+02,6.610960235348503033e+01,5.611158141410744804e+01,5.141755787641142916e+01,5.566770471016192090e+01,7.186910894667352068e+01
1.200000000000000000e+02,1.200000000000000000e+02,1.200000000000000000e+02,1.200000000000000000e+02,1.200000000000000000e+02,1.200000000000000000e+02,1.200000000000000000e+02,1.200000000000000000e+02,1.200000000000000000e+02,1.200000000000000000e+02,1.082382672442508778e+02,1.075130437824142149e+02,1.064040585958808691e+02,1.052039476712494235e+02,1.039935580665956110e+02,1.035898794004606174e+02,1.052002365042300198e+02,1.045740422581155400e+02,1.040140248768675661e+02,1.007091043730183770e+02,6.567481487281978048e+01,5.610810005763202923e+01,5.135780003963071039e+01,5.575862050805485381e+01,7.191043916493300969e+01
1.200000000000000000e+02,1.200000000000000000e+02,1.200000000000000000e+02,1.200000000000000000e+02,1.200000000000000000e+02,1.200000000000000000e+02,1.200000000000000000e+02,1.200000000000000000e+02,1.200000000000000000e+02,1.200000000000000000e+02,1.083571147962808539e+02,1.079671614726917710e+02,1.070110472783655524e+02,1.058423227267448823e+02,1.050418634835157974e+02,1.041424923991122569e+02,1.036635205904000117e+02,1.049587974193864710e+02,1.042397017573572526e+02,1.008267707297230515e+02,6.580709773351129854e+01,5.588646767776738500e+01,5.132215243751296896e+01,5.573157451524497219e+01,7.196640683792242044e+01
1.200000000000000000e+02,1.200000000000000000e+02,1.200000000000000000e+02,1.200000000000000000e+02,1.200000000000000000e+02,1.200000000000000000e+02,1.200000000000000000e+02,1.200000000000000000e+02,1.200000000000000000e+02,1.200000000000000000e+02,1.084256843517316895e+02,1.081789150506659070e+02,1.076401283824119730e+02,1.065226696600557403e+02,1.053657532776334875e+02,1.049419726339710053e+02,1.042852868952822973e+02,1.037255999643012245e+02,1.045375039699276840e+02,1.008973412781506198e+02,6.602665020307607335e+01,5.596074819654727861e+01,5.121463390742481181e+01,5.570393165118991163e+01,7.194472787093336308e+01
1.200000000000000000e+02,1.200000000000000000e+02,1.200000000000000000e+02,1.200000000000000000e+02,1.200000000000000000e+02,1.200000000000000000e+02,1.200000000000000000e+02,1.200000000000000000e+02,1.200000000000000000e+02,1.200000000000000000e+02,1.084806762567628056e+02,1.083050566625701521e+02,1.079357026660378409e+02,1.072831397291485729e+02,1.060859384465933317e+02,1.049806763104104732e+02,1.048671015147053964e+02,1.043839630903016058e+02,1.035666084539493426e+02,1.011294706325174104e+02,6.598782716623929900e+01,5.613162715006186687e+01,5.126039260549423204e+01,5.565269233708934138e+01,7.192566885473388538e+01
1.200000000000000000e+02,1.200000000000000000e+02,1.200000000000000000e+02,1.200000000000000000e+02,1.200000000000000000e+02,1.200000000000000000e+02,1.200000000000000000e+02,1.200000000000000000e+02,1.200000000000000000e+02,1.200000000000000000e+02,1.085052173315906998e+02,1.084121589465094644e+02,1.081355873842915969e+02,1.076361635295831718e+02,1.069195337240833652e+02,1.057207036724723537e+02,1.046813635596134162e+02,1.047843955285316753e+02,1.042174429967905382e+02,1.004089047055972372e+02,6.620612289295479513e+01,5.605708014815920137e+01,5.137940356061923808e+01,5.568716809635414933e+01,7.189527490138434018e+01
1.200000000000000000e+02,1.200000000000000000e+02,1.200000000000000000e+02,1.200000000000000000e+02,1.200000000000000000e+02,1.200000000000000000e+02,1.200000000000000000e+02,1.200000000000000000e+02,1.200000000000000000e+02,1.200000000000000000e+02,1.085216468669787702e+02,1.084586178605293583e+02,1.083096972278047616e+02,1.079193605513723924e+02,1.072934648331276577e+02,1.065659729698871416e+02,1.054300701346800508e+02,1.044422631949850171e+02,1.044802668768034692e+02,1.009730789489322405e+02,6.538752135851235892e+01,5.608082041500629344e+01,5.133203607996473039e+01,5.576757201244681283e+01,7.192626680301434305e+01
1.200000000000000000e+02,1.200000000000000000e+02,1.200000000000000000e+02,1.200000000000000000e+02,1.200000000000000000e+02,1.200000000000000000e+02,1.200000000000000000e+02,1.200000000000000000e+02,1.200000000000000000e+02,1.200000000000000000e+02,1.085341543566821088e+02,1.084912829336020650e+02,1.083856308445797083e+02,1.081712049266472064e+02,1.076649620796025317e+02,1.069259492859312672e+02,1.062337272955752070e+02,1.051925402327961763e+02,1.040452036638008479e+02,1.012092325938899791e+02,6.608365731709920965e+01,5.565915293233648242e+01,5.128831935745431281e+01,5.574110780412635791e+01,7.198001189813491862e+01
1.200000000000000000e+02,1.200000000000000000e+02,1.200000000000000000e+02,1.200000000000000000e+02,1.200000000000000000e+02,1.200000000000000000e+02,1.200000000000000000e+02,1.200000000000000000e+02,1.200000000000000000e+02,1.200000000000000000e+02,1.085394862927826125e+02,1.085166508138530617e+02,1.084430944487946249e+02,1.082812058335557595e+02,1.079966971893490069e+02,1.073836758988739319e+02,1.065509014692184024e+02,1.059149308162336496e+02,1.047840970695437477e+02,1.006922372644691279e+02,6.654755740931052799e+01,5.602916715239805967e+01,5.106859935223934599e+01,5.569722247314032870e+01,7.195931992672076660e+01
1.200000000000000000e+02,1.200000000000000000e+02,1.200000000000000000e+02,1.200000000000000000e+02,1.200000000000000000e+02,1.200000000000000000e+02,1.200000000000000000e+02,1.200000000000000000e+02,1.200000000000000000e+02,1.200000000000000000e+02,1.085436605688519478e+02,1.085273907715633754e+02,1.084879171634153892e+02,1.083731598586068969e+02,1.081422536966830990e+02,1.077886993263275457e+02,1.070872375218228001e+02,1.061706684163050198e+02,1.054148712620409043e+02,1.013809203139838218e+02,6.567653275349316289e+01,5.637803666010925951e+01,5.124912105225995163e+01,5.557743627593524849e+01,7.192754308194271573e+01
1.200000000000000000e+02,1.200000000000000000e+02,1.200000000000000000e+02,1.200000000000000000e+02,1.200000000000000000e+02,1.200000000000000000e+02,1.200000000000000000e+02,1.200000000000000000e+02,1.200000000000000000e+02,1.200000000000000000e+02,1.085467995525062577e+02,1.085361958782516751e+02,1.085070998703852894e+02,1.084445822999967390e+02,1.082787166147685838e+02,1.079681439683802751e+02,1.075511207260880440e+02,1.067737042754561969e+02,1.056023817774381115e+02,1.020465309475949169e+02,6.650612494556968102e+01,5.580534573580685276e+01,5.146464089988769786e+01,5.567670713572815089e+01,7.185494578608619065e+01
1.200000000000000000e+02,1.200000000000000000e+02,1.200000000000000000e+02,1.200000000000000000e+02,1.200000000000000000e+02,1.200000000000000000e+02,1.200000000000000000e+02,1.200000000000000000e+02,1.200000000000000000e+02,1.200000000000000000e+02,1.085480702927244181e+02,1.085422921032008077e+02,1.085231926595169938e+02,1.084751613275298894e+02,1.083829422145466879e+02,1.081579465139446938e+02,1.077597028793203862e+02,1.072774150529639314e+02,1.062579076057010070e+02,1.021889324273375053e+02,6.774869814529766643e+01,5.613785880829984620e+01,5.113461172513584074e+01,5.580175070023400252e+01,7.192968604409870181e+01
1.200000000000000000e+02,1.200000000000000000e+02,1.200000000000000000e+02,1.200000000000000000e+02,1.200000000000000000e+02,1.200000000000000000e+02,1.200000000000000000e+02,1.200000000000000000e+02,1.200000000000000000e+02,1.200000000000000000e+02,1.085491799259126680e+02,1.085448996158354475e+02,1.085344472893569190e+02,1.085027514905605130e+02,1.084285302811642708e+02,1.083001367530671217e+02,1.080101281259647834e+02,1.075089368495424935e+02,1.067963408201259341e+02,1.029192538977641789e+02,6.804789412912170121e+01,5.697548771618948393e+01,5.121178724317107367e+01,5.560165661148871408e+01,7.200052554204505384e+01
1.200000000000000000e+02,1.200000000000000000e+02,1.200000000000000000e+02,1.200000000000000000e+02,1.200000000000000000e+02,1.200000000000000000e+02,1.200000000000000000e+02,1.200000000000000000e+02,1.200000000000000000e+02,1.200000000000000000e+02,1.085498908226994104e+02,1.085472280215186771e+02,1.085392988910031562e+02,1.085217123891282540e+02,1.084726152198107059e+02,1.083641234298446250e+02,1.081931364342826782e+02,1.078245745194757461e+02,1.070494278940378905e+02,1.036474768412696790e+02,6.928410898842912502e+01,5.718937518414523424e+01,5.165461814417018616e+01,5.560553535696863747e+01,7.186388182677984560e+01
1.200000000000000000e+02,1.200000000000000000e+02,1.200000000000000000e+02,1.200000000000000000e+02,1.200000000000000000e+02,1.200000000000000000e+02,1.200000000000000000e+02,1.200000000000000000e+02,1.200000000000000000e+02,1.200000000000000000e+02,1.085502083999811873e+02,1.085487055412259423e+02,1.085437788835472475e+02,1.085300526284890594e+02,1.085022362521928585e+02,1.084304573967944947e+02,1.082786375533639500e+02,1.080497592548883574e+02,1.074366272514193668e+02,1.040253741711513271e+02,7.098086068796155246e+01,5.790959750347343515e+01,5.172683204506589760e+01,5.582992223888349059e+01,7.186958689010491241e+01
1.200000000000000000e+02,1.200000000000000000e+02,1.200000000000000000e+02,1.200000000000000000e+02,1.200000000000000000e+02,1.200000000000000000e+02,1.200000000000000000e+02,1.200000000000000000e+02,1.200000000000000000e+02,1.200000000000000000e+02,1.085506095109317783e+02,1.085494591333158780e+02,1.085466522829097187e+02,1.085381250015210810e+02,1.085157299170216021e+02,1.084739356313889687e+02,1.083734361037360117e+02,1.081598502929714130e+02,1.077172874707516570e+02,1.045821493366889001e+02,7.211768853134462631e+01,5.921815933903717166e+01,5.198624450226525795e+01,5.580631951658650536e+01,7.198889076944773535e+01
1.200000000000000000e+02,1.200000000000000000e+02,1.200000000000000000e+02,1.200000000000000000e+02,1.200000000000000000e+02,1.200000000000000000e+02,1.200000000000000000e+02,1.200000000000000000e+02,1.200000000000000000e+02,1.200000000000000000e+02,1.085507870040654979e+02,1.085500918419064647e+02,1.085479354561535104e+02,1.085430231891431561e+02,1.085291629559620787e+02,1.084944737690292840e+02,1.084338672478505856e+02,1.082895885933439644e+02,1.078627542764001817e+02,1.050807304502466053e+02,7.355488912005053237e+01,6.030022441114400777e+01,5.266915842729746089e+01,5.583296560693523958e+01,7.192579219103535593e+01
1.200000000000000000e+02,1.200000000000000000e+02,1.200000000000000000e+02,1.200000000000000000e+02,1.200000000000000000e+02,1.200000000000000000e+02,1.200000000000000000e+02,1.200000000000000000e+02,1.200000000000000000e+02,1.200000000000000000e+02,1.085508790100686696e+02,1.085504556002183421e+02,1.085491731165833755e+02,1.085453290661107673e+02,1.085371699534749155e+02,1.085157712777903640e+02,1.084638852444565771e+02,1.083708492728776065e+02,1.080404676928282015e+02,1.053897477490892669e+02,7.513735765874692163e+01,6.160490588496819697e+01,5.329265465754542674e+01,5.610239381010066495e+01,7.188697114200380156e+01
1.200000000000000000e+02,1.200000000000000000e+02,1.200000000000000000e+02,1.200000000000000000e+02,1.200000000000000000e+02,1.200000000000000000e+02,1.200000000000000000e+02,1.200000000000000000e+02,1.200000000000000000e+02,1.200000000000000000e+02,1.085509589428314854e+02,1.085506439406894685e+02,1.085498690446582515e+02,1.085476024306777703e+02,1.085410936218764704e+02,1.085281330705167164e+02,1.084960482565873718e+02,1.084135567761173462e+02,1.081569647625210848e+02,1.057283824186889944e+02,7.637761541618982619e+01,6.324419272731317676e+01,5.404412293096863351e+01,5.632130273982836144e+01,7.197308665689071461e+01
1.200000000000000000e+02,1.200000000000000000e+02,1.200000000000000000e+02,1.200000000000000000e+02,1.200000000000000000e+02,1.200000000000000000e+02,1.200000000000000000e+02,1.200000000000000000e+02,1.200000000000000000e+02,1.200000000000000000e+02,1.085509980467511326e+02,1.085508139280379112e+02,1.085502301920740251e+02,1.085488493489086181e+02,1.085450353325951056e+02,1.085344995279534572e+02,1.085142689047148821e+02,1.084604780793471974e+02,1.082234542573586822e+02,1.060075355990608870e+02,7.762506464124409433e+01,6.479769239989973073e+01,5.511136842783803047e+01,5.657922738461650169e+01,7.199214189797989150e+01
1.200000000000000000e+02,1.200000000000000000e+02,1.200000000000000000e+02,1.200000000000000000e+02,1.200000000000000000e+02,1.200000000000000000e+02,1.200000000000000000e+02,1.200000000000000000e+02,1.200000000000000000e+02,1.200000000000000000e+02,1.085510935793112424e+02,1.085509627595418607e+02,1.085506167648249090e+02,1.085495497747651399e+02,1.085471730528859808e+02,1.085410123717661577e+02,1.085242184765089632e+02,1.084869275120913557e+02,1.082957901324237042e+02,1.062005751544005108e+02,7.881755671674055463e+01,6.640441994898696976e+01,5.626389705500680805e+01,5.703410114647397222e+01,7.201489282845410855e+01
1.200000000000000000e+02,1.200000000000000000e+02,1.200000000000000000e+02,1.200000000000000000e+02,1.200000000000000000e+02,1.200000000000000000e+02,1.200000000000000000e+02,1.200000000000000000e+02,1.200000000000000000e+02,1.200000000000000000e+02,1.085511149918613540e+02,1.085510169118737025e+02,1.085507954571884426e+02,1.085501868010141777e+02,1.085483377372871843e+02,1.085443990548549635e+02,1.085344413222562423e+02,1.085022923778032578e+02,1.083403955609890232e+02,1.063872011530465755e+02,7.979575870930528936e+01,6.808967686335913072e+01,5.753910085132807239e+01,5.756483252442333054e+01,7.213678277193378108e+01
1.200000000000000000e+02,1.200000000000000000e+02,1.200000000000000000e+02,1.200000000000000000e+02,1.200000000000000000e+02,1.200000000000000000e+02,1.200000000000000000e+02,1.200000000000000000e+02,1.200000000000000000e+02,1.200000000000000000e+02,1.085511273982142910e+02,1.085510623157323806e+02,1.085508991116898727e+02,1.085505082290192718e+02,1.085494651727140365e+02,1.085463632489509251e+02,1.085396805795217006e+02,1.085181138734937463e+02,1.083689710265399384e+02,1.065352554378355308e+02,8.070121215643773382e+01,6.967484168188975957e+01,5.900266421661578420e+01,5.819080402242727246e+01,7.227990930325589147e+01
1.200000000000000000e+02,1.200000000000000000e+02,1.200000000000000000e+02,1.200000000000000000e+02,1.200000000000000000e+02,1.200000000000000000e+02,1.200000000000000000e+02,1.200000000000000000e+02,1.200000000000000000e+02,1.200000000000000000e+02,1.085511296607793383e+02,1.085510900800273504e+02,1.085509904772242180e+02,1.085507009507898033e+02,1.085500182979987613e+02,1.085482698410962570e+02,1.085428983589374781e+02,1.085263694257049423e+02,1.083973507039691384e+02,1.066465956377962101e+02,8.150778517903640363e+01,7.120495439960777162e+01,6.054228180539425352e+01,5.898567424935779258e+01,7.246800458372872811e+01
1.200000000000000000e+02,1.200000000000000000e+02,1.200000000000000000e+02,1.200000000000000000e+02,1.200000000000000000e+02,1.200000000000000000e+02,1.200000000000000000e+02,1.200000000000000000e+02,1.200000000000000000e+02,1.200000000000000000e+02,1.085511270343645691e+02,1.085511008352068814e+02,1.085510417744765448e+02,1.085508747075994762e+02,1.085503647804370786e+02,1.085491843314921852e+02,1.085460086680442657e+02,1.085317809708837586e+02,1.084146601509148269e+02,1.067475317908122889e+02,8.218307518942944512e+01,7.267133212491026484e+01,6.214966579496882559e+01,5.990020873651587152e+01,7.275278637792600023e+01
1.200000000000000000e+02,1.200000000000000000e+02,1.200000000000000000e+02,1.200000000000000000e+02,1.200000000000000000e+02,1.200000000000000000e+02,1.200000000000000000e+02,1.200000000000000000e+02,1.200000000000000000e+02,1.200000000000000000e+02,1.085511855218340287e+02,1.085511573123780238e+02,1.085511062677487644e+02,1.085509941086263836e+02,1.085507015314782535e+02,1.085498042957673874e+02,1.085475025928997752e+02,1.085369500090583728e+02,1.084271149646541801e+02,1.068274596190539683e+02,8.278530332430698024e+01,7.401301622894496290e+01,6.381983534494558086e+01,6.093360061124706561e+01,7.310849413813765807e+01
1.200000000000000000e+02,1.200000000000000000e+02,1.200000000000000000e+02,1.200000000000000000e+02,1.200000000000000000e+02,1.200000000000000000e+02,1.200000000000000000e+02,1.200000000000000000e+02,1.200000000000000000e+02,1.200000000000000000e+02,1.085511831074110205e+02,1.085511636450247579e+02,1.085511327492315985e+02,1.085510512722507031e+02,1.085508569153443830e+02,1.085503505743117501e+02,1.085485371324430304e+02,1.085395557068710275e+02,1.084385411078861097e+02,1.068912465556542912e+02,8.330633854777788372e+01,7.525303958671207738e+01,6.548847111852023772e+01,6.209973130110947892e+01,7.354598855981713257e+01
1.200000000000000000e+02,1.200000000000000000e+02,1.200000000000000000e+02,1.200000000000000000e+02,1.200000000000000000e+02,1.200000000000000000e+02,1.200000000000000000e+02,1.200000000000000000e+02,1.200000000000000000e+02,1.200000000000000000e+02,1.085511816985162454e+02,1.085511633198054682e+02,1.085511455938352015e+02,1.085511006276196184e+02,1.085509604922848865e+02,1.085506064354349860e+02,1.085494590336770244e+02,1.085414814941219106e+02,1.084458230436162580e+02,1.069471287963819748e+02,8.374788863811546946e+01,7.638584917868701041e+01,6.713773173359156488e+01,6.336322480376075816e+01,7.408276619669693730e+01
1.200000000000000000e+02,1.200000000000000000e+02,1.200000000000000000e+02,1.200000000000000000e+02,1.200000000000000000e+02,1.200000000000000000e+02,1.200000000000000000e+02,1.200000000000000000e+02,1.200000000000000000e+02,1.200000000000000000e+02,1.085511746217659095e+02,1.085511670367787218e+02,1.085511498661993386e+02,1.085511243602656464e+02,1.085510493315542107e+02,1.085507907485890655e+02,1.085498895488950808e+02,1.085431712126839017e+02,1.084515600014149754e+02,1.069921776479412188e+02,8.413441232888879995e+01,7.739934448565334435e+01,6.874575523619698458e+01,6.470787459281484644e+01,7.470406153177617625e+01
1.200000000000000000e+02,1.200000000000000000e+02,1.200000000000000000e+02,1.200000000000000000e+02,1.200000000000000000e+02,1.200000000000000000e+02,1.200000000000000000e+02,1.200000000000000000e+02,1.200000000000000000e+02,1.200000000000000000e+02,1.085511636442340944e+02,1.085511618682085100e+02,1.085511592054319721e+02,1.085511370393672621e+02,1.085510908433348902e+02,1.085509458487895955e+02,1.085502205027343763e+02,1.085440527874071392e+02,1.084565297346941577e+02,1.070294673938216903e+02,8.446576781829692493e+01,7.830996190766781240e+01,7.027824384110910216e+01,6.611565845905070660e+01,7.540837847864298737e+01
1.200000000000000000e+02,1.200000000000000000e+02,1.200000000000000000e+02,1.200000000000000000e+02,1.200000000000000000e+02,1.200000000000000000e+02,1.200000000000000000e+02,1.200000000000000000e+02,1.200000000000000000e+02,1.200000000000000000e+02,1.085512119345876840e+02,1.085511993355915763e+02,1.085511910319435884e+02,1.085511799809146964e+02,1.085511375626018093e+02,1.085510310070364426e+02,1.085505033394807981e+02,1.085447716440016137e+02,1.084599748990322752e+02,1.070616102398650753e+02,8.474861265267431065e+01,7.912002387534350589e+01,7.172434936318812504e+01,6.755143625254314088e+01,7.618991812974536515e+01
1.200000000000000000e+02,1.200000000000000000e+02,1.200000000000000000e+02,1.200000000000000000e+02,1.200000000000000000e+02,1.200000000000000000e+02,1.200000000000000000e+02,1.200000000000000000e+02,1.200000000000000000e+02,1.200000000000000000e+02,1.085512054034969509e+02,1.085511976326769741e+02,1.085511917653288521e+02,1.085511853185604849e+02,1.085511693824431632e+02,1.085510867462789406e+02,1.085506341308213223e+02,1.085453570559667895e+02,1.084628319414518671e+02,1.070880979937545732e+02,8.499383271027740250e+01,7.983357350127694474e+01,7.307127643416036733e+01,6.899108942373896980e+01,7.702940811683265565e+01
1.200000000000000000e+02,1.200000000000000000e+02,1.200000000000000000e+02,1.200000000000000000e+02,1.200000000000000000e+02,1.200000000000000000e+02,1.200000000000000000e+02,1.200000000000000000e+02,1.200000000000000000e+02,1.200000000000000000e+02,1.085512001637221573e+02,1.085511911619509249e+02,1.085511918733814696e+02,1.085511888047171567e+02,1.085511794825342804e+02,1.085511370634441164e+02,1.085507411357509397e+02,1.085456921197034177e+02,1.084652394698908182e+02,1.071104521277106727e+02,8.520375029533404643e+01,8.046291609028432390e+01,7.430758724563111173e+01,7.040905380212943498e+01,7.791289333136204220e+01
1.200000000000000000e+02,1.200000000000000000e+02,1.200000000000000000e+02,1.200000000000000000e+02,1.200000000000000000e+02,1.200000000000000000e+02,1.200000000000000000e+02,1.200000000000000000e+02,1.200000000000000000e+02,1.200000000000000000e+02,1.085511905998451851e+02,1.085511891344136330e+02,1.085511862225654625e+02,1.085511917013028267e+02,1.085511877882891412e+02,1.085511558919369151e+02,1.085508294118078965e+02,1.085459759688550463e+02,1.084670524835412948e+02,1.071296063771324611e+02,8.538356644292528586e+01,8.101398723578820693e+01,7.543319708413758917e+01,7.177811566428972867e+01,7.882207487161100801e+01
1.200000000000000000e+02,1.200000000000000000e+02,1.200000000000000000e+02,1.200000000000000000e+02,1.200000000000000000e+02,1.200000000000000000e+02,1.200000000000000000e+02,1.200000000000000000e+02,1.200000000000000000e+02,1.200000000000000000e+02,1.085511775700883135e+02,1.085511806741162388e+02,1.085511866463685919e+02,1.085511874648479562e+02,1.085511947613640586e+02,1.085511727450565758e+02,1.085508694013390425e+02,1.085462059928978817e+02,1.084685914702653378e+02,1.071456674003190273e+02,8.553864536302941701e+01,8.149409296775314715e+01,7.644762367446161022e+01,7.308025346475000106e+01,7.973527679565077619e+01
1.200000000000000000e+02,1.200000000000000000e+02,1.200000000000000000e+02,1.200000000000000000e+02,1.200000000000000000e+02,1.200000000000000000e+02,1.200000000000000000e+02,1.200000000000000000e+02,1.200000000000000000e+02,1.200000000000000000e+02,1.085512219890971295e+02,1.085512134391277215e+02,1.085512121305856112e+02,1.085512144322630803e+02,1.085512105258367797e+02,1.085511990585074358e+02,1.085509150494824411e+02,1.085463565205023002e+02,1.084698904800387709e+02,1.071593479584819022e+02,8.567143420255538899e+01,8.191225879517293151e+01,7.735303572195066124e+01,7.429974844555387392e+01,8.063539432627517556e+01
1.200000000000000000e+02,1.200000000000000000e+02,1.200000000000000000e+02,1.200000000000000000e+02,1.200000000000000000e+02,1.200000000000000000e+02,1.200000000000000000e+02,1.200000000000000000e+02,1.200000000000000000e+02,1.200000000000000000e+02,1.085512141202890035e+02,1.085512093140120840e+02,1.085512088208128745e+02,1.085512129530043239e+02,1.085512185354775454e+02,1.085512027404137996e+02,1.085509447972240764e+02,1.085464848888430680e+02,1.084709227646346790e+02,1.071710567931539089e+02,8.578527620389969854e+01,8.227467309108989468e+01,7.815613225381764551e+01,7.542481114999716851e+01,8.150536424150600112e+01
1.200000000000000000e+02,1.200000000000000000e+02,1.200000000000000000e+02,1.200000000000000000e+02,1.200000000000000000e+02,1.200000000000000000e+02,1.200000000000000000e+02,1.200000000000000000e+02,1.200000000000000000e+02,1.200000000000000000e+02,1.085512076180729082e+02,1.085512012201240424e+02,1.085512055695726161e+02,1.085512102461553496e+02,1.085512180449057382e+02,1.085512132102879121e+02,1.085509572994108396e+02,1.085465881414627489e+02,1.084718087507079787e+02,1.071809749614893548e+02,8.588312715374786421e+01,8.258783999142039534e+01,7.886324630505239952e+01,7.645048776859449902e+01,8.233049759405774637e+01
1.200000000000000000e+02,1.200000000000000000e+02,1.200000000000000000e+02,1.200000000000000000e+02,1.200000000000000000e+02,1.200000000000000000e+02,1.200000000000000000e+02,1.200000000000000000e+02,1.200000000000000000e+02,1.200000000000000000e+02,1.085511970887881006e+02,1.085511975779384102e+02,1.085511978797881909e+02,1.085512082370825624e+02,1.085512163066673992e+02,1.085512147193573469e+02,1.085509755617444938e+02,1.085466587652308164e+02,1.084725568006973617e+02,1.071894549177583258e+02,8.596688254084355663e+01,8.285819360068987294e+01,7.948184858144664133e+01,7.737467685592996247e+01,8.310107494584725885e+01
1.200000000000000000e+02,1.200000000000000000e+02,1.200000000000000000e+02,1.200000000000000000e+02,1.200000000000000000e+02,1.200000000000000000e+02,1.200000000000000000e+02,1.200000000000000000e+02,1.200000000000000000e+02,1.200000000000000000e+02,1.085511833021720776e+02,1.085511879420006096e+02,1.085511962345482573e+02,1.085512013060975960e+02,1.085512157824039576e+02,1.085512145260362900e+02,1.085509833030707370e+02,1.085467270015539896e+02,1.084731724639803048e+02,1.071967112064915284e+02,8.603863039166125759e+01,8.309079013614018550e+01,8.002056627041355341e+01,7.819865783435818685e+01,8.380984781783557480e+01
1.200000000000000000e+02,1.200000000000000000e+02,1.200000000000000000e+02,1.200000000000000000e+02,1.200000000000000000e+02,1.200000000000000000e+02,1.200000000000000000e+02,1.200000000000000000e+02,1.200000000000000000e+02,1.200000000000000000e+02,1.085512261682481068e+02,1.085512189959673321e+02,1.085512195145471850e+02,1.085512248402511801e+02,1.085512271668481645e+02,1.085512283192968681e+02,1.085509966162184980e+02,1.085467825687314303e+02,1.084737107260850024e+02,1.072028896419077313e+02,8.610012711454517387e+01,8.329050889377424483e+01,8.048733846788128687e+01,7.892712618607599495e+01,8.445295133391292097e+01
1.200000000000000000e+02,1.200000000000000000e+02,1.200000000000000000e+02,1.200000000000000000e+02,1.200000000000000000e+02,1.200000000000000000e+02,1.200000000000000000e+02,1.200000000000000000e+02,1.200000000000000000e+02,1.200000000000000000e+02,1.085512177504456730e+02,1.085512140399667658e+02,1.085512151135455241e+02,1.085512214392482093e+02,1.085512312192111466e+02,1.085512261266596425e+02,1.085510043033279999e+02,1.085468229869264292e+02,1.084741591456445349e+02,1.072081787099181582e+02,8.615269595878810094e+01,8.346179619463269717e+01,8.089006869516060760e+01,7.956602238914530290e+01,8.502996587901827752e+01
1.200000000000000000e+02,1.200000000000000000e+02,1.200000000000000000e+02,1.200000000000000000e+02,1.200000000000000000e+02,1.200000000000000000e+02,1.200000000000000000e+02,1.200000000000000000e+02,1.200000000000000000e+02,1.200000000000000000e+02,1.085512107441426934e+02,1.085512053082466934e+02,1.085512108522961654e+02,1.085512174103680678e+02,1.085512280883148151e+02,1.085512304406870641e+02,1.085510051383192973e+02,1.085468604855902299e+02,1.084745381020118060e+02,1.072126963566374229e+02,8.619765356164880643e+01,8.360834623596868198e+01,8.123645224737953185e+01,8.012252164263119880e+01,8.554228595855022377e+01
1.200000000000000000e+02,1.200000000000000000e+02,1.200000000000000000e+02,1.200000000000000000e+02,1.200000000000000000e+02,1.200000000000000000e+02,1.200000000000000000e+02,1.200000000000000000e+02,1.200000000000000000e+02,1.200000000000000000e+02,1.085511998244008680e+02,1.085512010596249013e+02,1.085512024154831607e+02,1.085512141378885502e+02,1.085512246692571949e+02,1.085512279882999991e+02,1.085510116077559957e+02,1.085468862663307164e+02,1.084748654988500505e+02,1.072165504612652853e+02,8.623607464197104377e+01,8.373356017194406320e+01,8.153337493895399746e+01,8.060461372807962732e+01,8.599311498766090267e+01
1.200000000000000000e+02,1.200000000000000000e+02,1.200000000000000000e+02,1.200000000000000000e+02,1.200000000000000000e+02,1.200000000000000000e+02,1.200000000000000000e+02,1.200000000000000000e+02,1.200000000000000000e+02,1.200000000000000000e+02,1.085511857205355000e+02,1.085511909704885625e+02,1.085512000698893615e+02,1.085512063146238404e+02,1.085512224865849475e+02,1.085512254036124062e+02,1.085510115743776254e+02,1.085469134864001290e+02,1.084751388003397494e+02,1.072198471173819740e+02,8.626886058638643817e+01,8.384041634414707289e+01,8.178722386723840998e+01,8.102015149145911721e+01,8.638696100614144768e+01
1.200000000000000000e+02,1.200000000000000000e+02,1.200000000000000000e+02,1.200000000000000000e+02,1.200000000000000000e+02,1.200000000000000000e+02,1.200000000000000000e+02,1.200000000000000000e+02,1.200000000000000000e+02,1.200000000000000000e+02,1.085512279363853310e+02,1.085512213112442907e+02,1.085512225132059427e+02,1.085512287671165836e+02,1.085512325165058627e+02,1.085512365822548873e+02,1.085510197221074264e+02,1.085469376857357702e+02,1.084753806453574896e+02,1.072226589642073122e+02,8.629683772954304288e+01,8.393145964242623336e+01,8.200379436452936943e+01,8.137684154660581726e+01,8.672877313690604240e+01
1.200000000000000000e+02,1.200000000000000000e+02,1.200000000000000000e+02,1.200000000000000000e+02,1.200000000000000000e+02,1.200000000000000000e+02,1.200000000000000000e+02,1.200000000000000000e+02,1.200000000000000000e+02,1.200000000000000000e+02,1.085512192895233738e+02,1.085512160241907509e+02,1.085512176796859762e+02,1.085512247455590966e+02,1.085512356349680800e+02,1.085512328570160179e+02,1.085510225720965991e+02,1.085469540375713393e+02,1.084755804677556199e+02,1.072250601417654252e+02,8.632067863812662267e+01,8.400895207954583555e+01,8.218817496897663943e+01,8.168201267930896847e+01,8.702383000085198717e+01
1.200000000000000000e+02,1.200000000000000000e+02,1.200000000000000000e+02,1.200000000000000000e+02,1.200000000000000000e+02,1.200000000000000000e+02,1.200000000000000000e+02,1.200000000000000000e+02,1.200000000000000000e+02,1.200000000000000000e+02,1.085512120700024781e+02,1.085512070318345366e+02,1.085512130391780943e+02,1.085512202241358182e+02,1.085512317508051154e+02,1.085512359664882354e+02,1.085510201601639437e+02,1.085469701262970830e+02,1.084757507454605303e+02,1.072271051710997085e+02,8.634098782989634913e+01,8.407483839214965826e+01,8.234489908000321634e+01,8.194233828666985175e+01,8.727742115250119070e+01
1.200000000000000000e+02,1.200000000000000000e+02,1.200000000000000000e+02,1.200000000000000000e+02,1.200000000000000000e+02,1.200000000000000000e+02,1.200000000000000000e+02,1.200000000000000000e+02,1.200000000000000000e+02,1.200000000000000000e+02,1.085512009866386194e+02,1.085512025288928868e+02,1.085512043075599138e+02,1.085512165203904686e+02,1.085512277616113579e+02,1.085512324898345469e+02,1.085510240964622852e+02,1.085469789967120420e+02,1.084758982917863506e+02,1.072288475913156702e+02,8.635826889757910862e+01,8.413080539608743891e+01,8.247793510200519052e+01,8.216388826309685101e+01,8.749454193694991488e+01
1.200000000000000000e+02,1.200000000000000000e+02,1.200000000000000000e+02,1.200000000000000000e+02,1.200000000000000000e+02,1.200000000000000000e+02,1.200000000000000000e+02,1.200000000000000000e+02,1.200000000000000000e+02,1.200000000000000000e+02,1.085511867487647919e+02,1.085511922531125180e+02,1.085512016730678226e+02,1.085512083635811535e+02,1.085512250853298468e+02,1.085512291715180737e+02,1.085510218472501691e+02,1.085469922019135964e+02,1.084760193828331296e+02,1.072303341150700788e+02,8.637296411789199624e+01,8.417830283938923230e+01,8.259073029165537605e+01,8.235208342747344545e+01,8.767987155045652514e+01
1.200000000000000000e+02,1.200000000000000000e+02,1.200000000000000000e+02,1.200000000000000000e+02,1.200000000000000000e+02,1.200000000000000000e+02,1.200000000000000000e+02,1.200000000000000000e+02,1.200000000000000000e+02,1.200000000000000000e+02,1.085512286883740671e+02,1.085512222929664006e+02,1.085512237745322039e+02,1.085512303765860480e+02,1.085512346266311141e+02,1.085512396378389184e+02,1.085510282862399691e+02,1.085470042279667382e+02,1.084761316446526394e+02,1.072315972070487646e+02,8.638545912756656264e+01,8.421858395909761441e+01,8.268626959165383994e+01,8.251169064830774857e+01,8.783767451177106977e+01
1.200000000000000000e+02,1.200000000000000000e+02,1.200000000000000000e+02,1.200000000000000000e+02,1.200000000000000000e+02,1.200000000000000000e+02,1.200000000000000000e+02,1.200000000000000000e+02,1.200000000000000000e+02,1.200000000000000000e+02,1.085512199446744290e+02,1.085512168660675201e+02,1.085512187621541784e+02,1.085512261202481028e+02,1.085512373908780717e+02,1.085512354166336024e+02,1.085510297570882017e+02,1.085470106266162844e+02,1.084762203026628811e+02,1.072326746848239480e+02,8.639606213949582525e+01,8.425272589179128602e+01,8.276712861121410469e+01,8.264687799381603384e+01,8.797175994980507596e+01
1.200000000000000000e+02,1.200000000000000000e+02,1.200000000000000000e+02,1.200000000000000000e+02,1.200000000000000000e+02,1.200000000000000000e+02,1.200000000000000000e+02,1.200000000000000000e+02,1.200000000000000000e+02,1.200000000000000000e+02,1.085512126345874861e+02,1.085512077644378905e+02,1.085512139629179416e+02,1.085512213997838273e+02,1.085512332446346591e+02,1.085512380981260918e+02,1.085510262003637934e+02,1.085470182493446174e+02,1.084762959820601509e+02,1.072335872818452458e+02,8.640506880610971052e+01,8.428163802965104878e+01,8.283552105841923208e+01,8.276126670406262065e+01,8.808550289462969829e+01
1.200000000000000000e+02,1.200000000000000000e+02,1.200000000000000000e+02,1.200000000000000000e+02,1.200000000000000000e+02,1.200000000000000000e+02,1.200000000000000000e+02,1.200000000000000000e+02,1.200000000000000000e+02,1.200000000000000000e+02,1.085512014816559798e+02,1.085512031537631401e+02,1.085512051095757471e+02,1.085512175186483859e+02,1.085512290330023575e+02,1.085512342946125273e+02,1.085510291872229800e+02,1.085470198977149181e+02,1.084763627064700415e+02,1.072343623125406680e+02,8.641270446635441260e+01,8.430611881167341437e+01,8.289332985891293504e+01,8.285797925606300396e+01,8.818186226176210596e+01
1.200000000000000000e+02,1.200000000000000000e+02,1.200000000000000000e+02,1.200000000000000000e+02,1.200000000000000000e+02,1.200000000000000000e+02,1.200000000000000000e+02,1.200000000000000000e+02,1.200000000000000000e+02,1.200000000000000000e+02,1.085511871868953051e+02,1.085511927988368797e+02,1.085512023532813259e+02,1.085512092277861882e+02,1.085512261597467898e+02,1.085512306992749103e+02,1.085510261630055595e+02,1.085470270000220125e+02,1.084764146738056922e+02,1.072350230274003877e+02,8.641917621066222921e+01,8.432683150789118542e+01,8.294217804404416938e+01,8.293968825631259278e+01,8.826340832704204331e+01
1.200000000000000000e+02,1.200000000000000000e+02,1.200000000000000000e+02,1.200000000000000000e+02,1.200000000000000000e+02,1.200000000000000000e+02,1.200000000000000000e+02,1.200000000000000000e+02,1.200000000000000000e+02,1.200000000000000000e+02,1.085512290088785932e+02,1.085512227110016426e+02,1.085512243100331204e+02,1.085512310561481399e+02,1.085512355088198291e+02,1.085512408872852745e+02,1.085510319125893943e+02,1.085470338186785568e+02,1.084764679594262304e+02,1.072355813560152740e+02,8.642466741874704894e+01,8.434434950260794039e+01,8.298343613403069696e+01,8.300869143249639137e+01,8.833235542712289146e+01
1.200000000000000000e+02,1.200000000000000000e+02,1.200000000000000000e+02,1.200000000000000000e+02,1.200000000000000000e+02,1.200000000000000000e+02,1.200000000000000000e+02,1.200000000000000000e+02,1.200000000000000000e+02,1.200000000000000000e+02,1.085512202239520576e+02,1.085512172246488660e+02,1.085512192224822172e+02,1.085512267017239765e+02,1.085512381268566173e+02,1.085512364831986076e+02,1.085510328225534522e+02,1.085470357884209136e+02,1.084765062995695359e+02,1.072360580094536573e+02,8.642930941746870133e+01,8.435916607239960285e+01,8.301827093857386330e+01,8.306693840247123717e+01,8.839061443811729646e+01
1.200000000000000000e+02,1.200000000000000000e+02,1.200000000000000000e+02,1.200000000000000000e+02,1.200000000000000000e+02,1.200000000000000000e+02,1.200000000000000000e+02,1.200000000000000000e+02,1.200000000000000000e+02,1.200000000000000000e+02,1.085512128753212266e+02,1.085512080765673204e+02,1.085512143559051026e+02,1.085512218985927007e+02,1.085512338729895703e+02,1.085512389896622096e+02,1.085510288112307364e+02,1.085470396392697268e+02,1.084765390313120292e+02,1.072364587872361597e+02,8.643324671645663670e+01,8.437168398143677450e+01,8.304768159670051375e+01,8.311608906773516026e+01,8.843981404618287456e+01
1.200000000000000000e+02,1.200000000000000000e+02,1.200000000000000000e+02,1.200000000000000000e+02,1.200000000000000000e+02,1.200000000000000000e+02,1.200000000000000000e+02,1.200000000000000000e+02,1.200000000000000000e+02,1.200000000000000000e+02,1.085512016927497712e+02,1.085512034201074130e+02,1.085512054509648010e+02,1.085512179424585639e+02,1.085512295707196984e+02,1.085512350538212871e+02,1.085510313915801532e+02,1.085470380910165744e+02,1.084765691473508014e+02,1.072367980679407680e+02,8.643657479933688137e+01,8.438226674931496518e+01,8.307250009841509097e+01,8.315755899630535453e+01,8.848134469762844390e+01
1.200000000000000000e+02,1.200000000000000000e+02,1.200000000000000000e+02,1.200000000000000000e+02,1.200000000000000000e+02,1.200000000000000000e+02,1.200000000000000000e+02,1.200000000000000000e+02,1.200000000000000000e+02,1.200000000000000000e+02,1.085511873737535780e+02,1.085511930314793290e+02,1.085512026430386783e+02,1.085512095950739990e+02,1.085512266145918971e+02,1.085512313472067945e+02,1.085510280377249757e+02,1.085470424474760023e+02,1.084765899400594122e+02,1.072370881004660816e+02,8.643938860715587680e+01,8.439120555815892999e+01,8.309344663258734442e+01,8.319253643162765854e+01,8.851639420432807981e+01
1.200000000000000000e+02,1.200000000000000000e+02,1.200000000000000000e+02,1.200000000000000000e+02,1.200000000000000000e+02,1.200000000000000000e+02,1.200000000000000000e+02,1.200000000000000000e+02,1.200000000000000000e+02,1.200000000000000000e+02,1.085512291455970484e+02,1.085512228892459632e+02,1.085512245381806338e+02,1.085512313453113649e+02,1.085512358829590198e+02,1.085512414177359943e+02,1.085510334951584923e+02,1.085470469326453440e+02,1.084766166519088415e+02,1.072373313408262874e+02,8.644177556255812078e+01,8.439875450766000142e+01,8.311112053309659586e+01,8.322203854496346764e+01,8.854596242980380794e+01
1.200000000000000000e+02,1.200000000000000000e+02,1.200000000000000000e+02,1.200000000000000000e+02,1.200000000000000000e+02,1.200000000000000000e+02,1.200000000000000000e+02,1.200000000000000000e+02,1.200000000000000000e+02,1.200000000000000000e+02,1.085512203430932772e+02,1.085512173775787801e+02,1.085512194186692057e+02,1.085512269492181616e+02,1.085512384397185599e+02,1.085512369373752506e+02,1.085510341595118575e+02,1.085470469240039506e+02,1.084766324014597956e+02,1.072375403029377878e+02,8.644378487272254574e+01,8.440513421254618720e+01,8.312602941769110032e+01,8.324691812092628140e+01,8.857090510243259018e+01
1.200000000000000000e+02,1.200000000000000000e+02,1.200000000000000000e+02,1.200000000000000000e+02,1.200000000000000000e+02,1.200000000000000000e+02,1.200000000000000000e+02,1.200000000000000000e+02,1.200000000000000000e+02,1.200000000000000000e+02,1.085512129780296959e+02,1.085512082096985012e+02,1.085512145234554566e+02,1.085512221110321178e+02,1.085512341402029648e+02,1.085512393705551943e+02,1.085510299506004941e+02,1.085470490816559987e+02,1.084766459248653945e+02,1.072377138303741759e+02,8.644549054731776039e+01,8.441051515136111050e+01,8.313861090636818574e+01,8.326789651479055010e+01,8.859194174879937123e+01
1.200000000000000000e+02,1.200000000000000000e+02,1.200000000000000000e+02,1.200000000000000000e+02,1.200000000000000000e+02,1.200000000000000000e+02,1.200000000000000000e+02,1.200000000000000000e+02,1.200000000000000000e+02,1.200000000000000000e+02,1.085512017828206979e+02,1.085512035337258254e+02,1.085512055965331939e+02,1.085512181230688924e+02,1.085512297996384916e+02,1.085512353782246748e+02,1.085510323543116584e+02,1.085470461049718125e+02,1.084766597077805272e+02,1.072378603034149478e+02,8.644692795625427095e+01,8.441506275221594535e+01,8.314922009894308985e+01,8.328558926602880774e+01,8.860968116993915089e+01
1.200000000000000000e+02,1.200000000000000000e+02,1.200000000000000000e+02,1.200000000000000000e+02,1.200000000000000000e+02,1.200000000000000000e+02,1.200000000000000000e+02,1.200000000000000000e+02,1.200000000000000000e+02,1.200000000000000000e+02,1.085511874534882537e+02,1.085511931307336937e+02,1.085512027666171520e+02,1.085512097516204619e+02,1.085512268084228680e+02,1.085512316244322051e+02,1.085510288552343212e+02,1.085470492380807315e+02,1.084766666422607813e+02,1.072379868255500810e+02,8.644814070639600345e+01,8.441889974497379967e+01,8.315817217042990706e+01,8.330050502695162606e+01,8.862464263322901559e+01
1.200000000000000000e+02,1.200000000000000000e+02,1.200000000000000000e+02,1.200000000000000000e+02,1.200000000000000000e+02,1.200000000000000000e+02,1.200000000000000000e+02,1.200000000000000000e+02,1.200000000000000000e+02,1.200000000000000000e+02,1.085512292039417304e+02,1.085512229652977680e+02,1.085512246355011285e+02,1.085512314685984308e+02,1.085512360424190206e+02,1.085512416449767841e+02,1.085510341849675484e+02,1.085470526835280793e+02,1.084766815807476945e+02,1.072380914931472375e+02,8.644917238297330186e+01,8.442213715120800543e+01,8.316572308475655007e+01,8.331308410555291744e+01,8.863725646492717658e+01
1.200000000000000000e+02,1.200000000000000000e+02,1.200000000000000000e+02,1.200000000000000000e+02,1.200000000000000000e+02,1.200000000000000000e+02,1.200000000000000000e+02,1.200000000000000000e+02,1.200000000000000000e+02,1.200000000000000000e+02,1.085512203939399285e+02,1.085512174428358207e+02,1.085512195023629118e+02,1.085512270547705782e+02,1.085512385731380363e+02,1.085512371318934299e+02,1.085510347418543518e+02,1.085470517970432951e+02,1.084766873487726855e+02,1.072381830589131084e+02,8.645003493405502581e+01,8.442487404260440087e+01,8.317208980249117189e+01,8.332369049486237600e+01,8.864789385696640522e+01
1.200000000000000000e+02,1.200000000000000000e+02,1.200000000000000000e+02,1.200000000000000000e+02,1.200000000000000000e+02,1.200000000000000000e+02,1.200000000000000000e+02,1.200000000000000000e+02,1.200000000000000000e+02,1.200000000000000000e+02,1.085512130218653226e+02,1.085512082665116083e+02,1.085512145949425644e+02,1.085512222016426307e+02,1.085512342542029671e+02,1.085512395337757567e+02,1.085510304460399738e+02,1.085470532054163897e+02,1.084766924120530263e+02,1.072382571790590617e+02,8.645077059946453346e+01,8.442717785544297726e+01,8.317746392604591676e+01,8.333263210938794430e+01,8.865686309474688187e+01
1.200000000000000000e+02,1.200000000000000000e+02,1.200000000000000000e+02,1.200000000000000000e+02,1.200000000000000000e+02,1.200000000000000000e+02,1.200000000000000000e+02,1.200000000000000000e+02,1.200000000000000000e+02,1.200000000000000000e+02,1.085512018212645842e+02,1.085512035822145833e+02,1.085512056586479588e+02,1.085512182001195782e+02,1.085512298973078060e+02,1.085512355172612189e+02,1.085510327725392870e+02,1.085470495975682894e+02,1.084766990212912674e+02,1.072383195136841181e+02,8.645138776118459134e+01,8.442912665815887863e+01,8.318199254380792240e+01,8.334017490159992292e+01,8.866442465807359952e+01
1.200000000000000000e+02,1.200000000000000000e+02,1.200000000000000000e+02,1.200000000000000000e+02,1.200000000000000000e+02,1.200000000000000000e+02,1.200000000000000000e+02,1.200000000000000000e+02,1.200000000000000000e+02,1.200000000000000000e+02,1.085511874875217870e+02,1.085511931730950153e+02,1.085512028193518859e+02,1.085512098184146339e+02,1.085512268911458449e+02,1.085512317432097689e+02,1.085510292099365728e+02,1.085470521921651681e+02,1.084766998840757282e+02,1.072383748392949485e+02,8.645190710660693867e+01,8.443076917959440664e+01,8.318581505307284374e+01,8.334653220109551341e+01,8.867080297511898834e+01
1.200000000000000000e+02,1.200000000000000000e+02,1.200000000000000000e+02,1.200000000000000000e+02,1.200000000000000000e+02,1.200000000000000000e+02,1.200000000000000000e+02,1.200000000000000000e+02,1.200000000000000000e+02,1.200000000000000000e+02,1.085512292288463811e+02,1.085512229977580603e+02,1.085512246770343125e+02,1.085512315212049543e+02,1.085512361104846804e+02,1.085512417423596645e+02,1.085510344838556591e+02,1.085470551809812321e+02,1.084767096776493389e+02,1.072384192888320342e+02,8.645235273669311482e+01,8.443215380890154620e+01,8.318903891248938010e+01,8.335189502340402612e+01,8.867617910198424624e+01
1.200000000000000000e+02,1.200000000000000000e+02,1.200000000000000000e+02,1.200000000000000000e+02,1.200000000000000000e+02,1.200000000000000000e+02,1.200000000000000000e+02,1.200000000000000000e+02,1.200000000000000000e+02,1.200000000000000000e+02,1.085512204156447638e+02,1.085512174706898634e+02,1.085512195380828047e+02,1.085512270998152218e+02,1.085512386300905376e+02,1.085512372152371086e+02,1.085510349939134329e+02,1.085470539097315879e+02,1.084767110934273404e+02,1.072384599329578947e+02,8.645272010043689193e+01,8.443332659678056018e+01,8.319175569362087685e+01,8.335641695586606659e+01,8.868071368432984514e+01
1.200000000000000000e+02,1.200000000000000000e+02,1.200000000000000000e+02,1.200000000000000000e+02,1.200000000000000000e+02,1.200000000000000000e+02,1.200000000000000000e+02,1.200000000000000000e+02,1.200000000000000000e+02,1.200000000000000000e+02,1.085512130405779487e+02,1.085512082907624887e+02,1.085512146254542074e+02,1.085512222403136633e+02,1.085512343028726576e+02,1.085512396036916556e+02,1.085510306602178332e+02,1.085470549906351891e+02,1.084767124753448684e+02,1.072384910059839171e+02,8.645303742810105518e+01,8.443431015136337692e+01,8.319405113293227316e+01,8.336022842246534026e+01,8.868453721740543472e+01
1.200000000000000000e+02,1.200000000000000000e+02,1.200000000000000000e+02,1.200000000000000000e+02,1.200000000000000000e+02,1.200000000000000000e+02,1.200000000000000000e+02,1.200000000000000000e+02,1.200000000000000000e+02,1.200000000000000000e+02,1.085512018376759613e+02,1.085512036029128922e+02,1.085512056851608236e+02,1.085512182330051729e+02,1.085512299390074986e+02,1.085512355768097876e+02,1.085510329531311129e+02,1.085470511074407085e+02,1.084767159692048466e+02,1.072385169601135289e+02,8.645330123795879729e+01,8.443514462846920310e+01,8.319598297393305586e+01,8.336344567377446424e+01,8.868776015294207582e+01
1.200000000000000000e+02,1.200000000000000000e+02,1.200000000000000000e+02,1.200000000000000000e+02,1.200000000000000000e+02,1.200000000000000000e+02,1.200000000000000000e+02,1.200000000000000000e+02,1.200000000000000000e+02,1.200000000000000000e+02,1.085511875020507944e+02,1.085511931911782284e+02,1.085512028418618939e+02,1.085512098469247064e+02,1.085512269264649774e+02,1.085512317940680873e+02,1.085510293629440213e+02,1.085470534676037886e+02,1.084767141996748592e+02,1.072385415433353302e+02,8.645352217344994017e+01,8.443584670959594973e+01,8.319761521851742714e+01,8.336615579986789726e+01,8.869048034835900296e+01
1.200000000000000000e+02,1.200000000000000000e+02,1.200000000000000000e+02,1.200000000000000000e+02,1.200000000000000000e+02,1.200000000000000000e+02,1.200000000000000000e+02,1.200000000000000000e+02,1.200000000000000000e+02,1.200000000000000000e+02,1.085512292394785163e+02,1.085512230116151358e+02,1.085512246947634907e+02,1.085512315436602648e+02,1.085512361395478393e+02,1.085512417840508022e+02,1.085510346126637842e+02,1.085470562580433125e+02,1.084767217662848822e+02,1.072385600227575679e+02,8.645371582276762012e+01,8.443643771032667189e+01,8.319899170460239191e+01,8.336844338085539619e+01,8.869277210487760499e+01
1.200000000000000000e+02,1.200000000000000000e+02,1.200000000000000000e+02,1.200000000000000000e+02,1.200000000000000000e+02,1.200000000000000000e+02,1.200000000000000000e+02,1.200000000000000000e+02,1.200000000000000000e+02,1.200000000000000000e+02,1.085512204249110084e+02,1.085512174825808387e+02,1.085512195533309807e+02,1.085512271190433893e+02,1.085512386544089622e+02,1.085512372509104750e+02,1.085510351024419862e+02,1.085470548198928924e+02,1.084767213009658633e+02,1.072385787302028746e+02,8.645387044258458786e+01,8.443694080014829240e+01,8.320015033745340816e+01,8.337037226118792432e+01,8.869470605086279136e+01
1.200000000000000000e+02,1.200000000000000000e+02,1.200000000000000000e+02,1.200000000000000000e+02,1.200000000000000000e+02,1.200000000000000000e+02,1.200000000000000000e+02,1.200000000000000000e+02,1.200000000000000000e+02,1.200000000000000000e+02,1.085512130485668933e+02,1.085512083011154942e+02,1.085512146384794647e+02,1.085512222568217737e+02,1.085512343236544552e+02,1.085512396336114307e+02,1.085510307523579172e+02,1.085470557589868008e+02,1.084767210937984174e+02,1.072385912772894159e+02,8.645400817068467347e+01,8.443735926721582530e+01,8.320113157561362982e+01,8.337199721410027564e+01,8.869633677520216963e+01
1.200000000000000000e+02,1.200000000000000000e+02,1.200000000000000000e+02,1.200000000000000000e+02,1.200000000000000000e+02,1.200000000000000000e+02,1.200000000000000000e+02,1.200000000000000000e+02,1.200000000000000000e+02,1.200000000000000000e+02,1.085512018446825380e+02,1.085512036117494574e+02,1.085512056964792578e+02,1.085512182470440052e+02,1.085512299568134438e+02,1.085512356022871501e+02,1.085510330307632358e+02,1.085470517567258071e+02,1.084767232444810929e+02,1.072386015884121377e+02,8.645412037699065877e+01,8.443771694821428753e+01,8.320195497153346764e+01,8.337337071130531285e+01,8.869771073975415732e+01
1.200000000000000000e+02,1.200000000000000000e+02,1.200000000000000000e+02,1.200000000000000000e+02,1.200000000000000000e+02,1.200000000000000000e+02,1.200000000000000000e+02,1.200000000000000000e+02,1.200000000000000000e+02,1.200000000000000000e+02,1.085511875082538182e+02,1.085511931988984742e+02,1.085512028514717713e+02,1.085512098590958772e+02,1.085512269415464601e+02,1.085512318158232574e+02,1.085510294286708159e+02,1.085470540156496071e+02,1.084767203412578738e+02,1.072386129634054868e+02,8.645421335353215397e+01,8.443801674517391120e+01,8.320265231371149639e+01,8.337452607527414727e+01,8.869887185315941736e+01
1.200000000000000000e+02,1.200000000000000000e+02,1.200000000000000000e+02,1.200000000000000000e+02,1.200000000000000000e+02,1.200000000000000000e+02,1.200000000000000000e+02,1.200000000000000000e+02,1.200000000000000000e+02,1.200000000000000000e+02,1.085512292440178328e+02,1.085512230175311998e+02,1.085512247023324619e+02,1.085512315532468364e+02,1.085512361519580935e+02,1.085512418018824405e+02,1.085510346679620852e+02,1.085470567205256742e+02,1.084767269496663573e+02,1.072386202929026524e+02,8.645429900683258495e+01,8.443826834272472581e+01,8.320324026692499331e+01,8.337550256155026318e+01,8.869984893554136818e+01
1.200000000000000000e+02,1.200000000000000000e+02,1.200000000000000000e+02,1.200000000000000000e+02,1.200000000000000000e+02,1.200000000000000000e+02,1.200000000000000000e+02,1.200000000000000000e+02,1.200000000000000000e+02,1.200000000000000000e+02,1.085512204288672251e+02,1.085512174876575813e+02,1.085512195598409164e+02,1.085512271272523890e+02,1.085512386647932317e+02,1.085512372661653444e+02,1.085510351490074186e+02,1.085470552104644497e+02,1.084767256756557714e+02,1.072386295880666864e+02,8.645436248759743592e+01,8.443848508857254842e+01,8.320373382008497742e+01,8.337632580089206158e+01,8.870067427704873353e+01
1.200000000000000000e+02,1.200000000000000000e+02,1.200000000000000000e+02,1.200000000000000000e+02,1.200000000000000000e+02,1.200000000000000000e+02,1.200000000000000000e+02,1.200000000000000000e+02,1.200000000000000000e+02,1.200000000000000000e+02,1.085512130519778111e+02,1.085512083055356527e+02,1.085512146440403995e+02,1.085512222638696613e+02,1.085512343325284803e+02,1.085512396464041842e+02,1.085510307918699482e+02,1.085470560885191276e+02,1.084767247858613217e+02,1.072386341907768923e+02,8.645442330582078228e+01,8.443866198368576192e+01,8.320415410122681976e+01,8.337701835261340477e+01,8.870137014355701410e+01
1.200000000000000000e+02,1.200000000000000000e+02,1.200000000000000000e+02,1.200000000000000000e+02,1.200000000000000000e+02,1.200000000000000000e+02,1.200000000000000000e+02,1.200000000000000000e+02,1.200000000000000000e+02,1.200000000000000000e+02,1.085512018476740366e+02,1.085512036155222120e+02,1.085512057013115594e+02,1.085512182530377032e+02,1.085512299644167342e+02,1.085512356131787755e+02,1.085510330640387195e+02,1.085470520350516921e+02,1.084767263599474916e+02,1.072386377971615161e+02,8.645447061352554385e+01,8.443881586867736644e+01,8.320450436029707930e+01,8.337760552842608774e+01,8.870195574970968266e+01
1.200000000000000000e+02,1.200000000000000000e+02,1.200000000000000000e+02,1.200000000000000000e+02,1.200000000000000000e+02,1.200000000000000000e+02,1.200000000000000000e+02,1.200000000000000000e+02,1.200000000000000000e+02,1.200000000000000000e+02,1.085511875109022668e+02,1.085511932021946393e+02,1.085512028555746582e+02,1.085512098642922751e+02,1.085512269479863363e+02,1.085512318251223718e+02,1.085510294568309178e+02,1.085470542504728257e+02,1.084767229703521139e+02,1.072386435135010601e+02,8.645450883013738519e+01,8.443894374145652648e+01,8.320480263592934023e+01,8.337809775194904205e+01,8.870245203257758249e+01
1.200000000000000000e+02,1.200000000000000000e+02,1.200000000000000000e+02,1.200000000000000000e+02,1.200000000000000000e+02,1.200000000000000000e+02,1.200000000000000000e+02,1.200000000000000000e+02,1.200000000000000000e+02,1.200000000000000000e+02,1.085512292459559518e+02,1.085512230200571366e+02,1.085512247055640245e+02,1.085512315573398467e+02,1.085512361572573212e+02,1.085512418095037930e+02,1.085510346916454694e+02,1.085470569186078649e+02,1.084767291679042671e+02,1.072386460680452700e+02,8.645454827917821206e+01,8.443905030545408863e+01,8.320505399520119738e+01,8.337851497291138969e+01,8.870286844518709302e+01
1.200000000000000000e+02,1.200000000000000000e+02,1.200000000000000000e+02,1.200000000000000000e+02,1.200000000000000000e+02,1.200000000000000000e+02,1.200000000000000000e+02,1.200000000000000000e+02,1.200000000000000000e+02,1.200000000000000000e+02,1.085512204305563841e+02,1.085512174898251203e+02,1.085512195626203464e+02,1.085512271307572547e+02,1.085512386692273736e+02,1.085512372726845882e+02,1.085510351689439688e+02,1.085470553776871867e+02,1.084767275473111852e+02,1.072386513338158238e+02,8.645457277699546239e+01,8.443914470355146307e+01,8.320526364661282059e+01,8.337886654287609645e+01,8.870322095033893106e+01
1.200000000000000000e+02,1.200000000000000000e+02,1.200000000000000000e+02,1.200000000000000000e+02,1.200000000000000000e+02,1.200000000000000000e+02,1.200000000000000000e+02,1.200000000000000000e+02,1.200000000000000000e+02,1.200000000000000000e+02,1.085512130534341537e+02,1.085512083074228968e+02,1.085512146464146781e+02,1.085512222668788098e+02,1.085512343363177052e+02,1.085512396518707874e+02,1.085510308087812490e+02,1.085470562295634238e+02,1.084767263650886946e+02,1.072386525365953958e+02,8.645460070549557940e+01,8.443921839011734676e+01,8.320544446820707662e+01,8.337916129592157688e+01,8.870351804664043982e+01
1.200000000000000000e+02,1.200000000000000000e+02,1.200000000000000000e+02,1.200000000000000000e+02,1.200000000000000000e+02,1.200000000000000000e+02,1.200000000000000000e+02,1.200000000000000000e+02,1.200000000000000000e+02,1.200000000000000000e+02,1.085512018489513224e+02,1.085512036171330550e+02,1.085512057033747766e+02,1.085512182555967655e+02,1.085512299676633461e+02,1.085512356178325319e+02,1.085510330782769444e+02,1.085470521541450779e+02,1.084767276922643902e+02,1.072386532743609422e+02,8.645462026515524201e+01,8.443928521263900677e+01,8.320559275229636853e+01,8.337941296990841522e+01,8.870376734178995548e+01
1.200000000000000000e+02,1.200000000000000000e+02,1.200000000000000000e+02,1.200000000000000000e+02,1.200000000000000000e+02,1.200000000000000000e+02,1.200000000000000000e+02,1.200000000000000000e+02,1.200000000000000000e+02,1.200000000000000000e+02,1.085511875120330529e+02,1.085511932036019971e+02,1.085512028573264303e+02,1.085512098665109875e+02,1.085512269507361367e+02,1.085512318290953431e+02,1.085510294688773172e+02,1.085470543509267003e+02,1.084767240944648847e+02,1.072386565702367420e+02,8.645463507246206802e+01,8.443933964368848422e+01,8.320572066930414223e+01,8.337962222895315278e+01,8.870397998567777620e+01
1.200000000000000000e+02,1.200000000000000000e+02,1.200000000000000000e+02,1.200000000000000000e+02,1.200000000000000000e+02,1.200000000000000000e+02,1.200000000000000000e+02,1.200000000000000000e+02,1.200000000000000000e+02,1.200000000000000000e+02,1.085512292467834925e+02,1.085512230211355842e+02,1.085512247069438132e+02,1.085512315590873982e+02,1.085512361595201156e+02,1.085512418127598124e+02,1.085510347017746682e+02,1.085470570033257474e+02,1.084767301161930391e+02,1.072386570827538321e+02,8.645465477252402309e+01,8.443938425660464020e+01,8.320582833649115173e+01,8.337980079344427509e+01,8.870415717859465587e+01
1.200000000000000000e+02,1.200000000000000000e+02,1.200000000000000000e+02,1.200000000000000000e+02,1.200000000000000000e+02,1.200000000000000000e+02,1.200000000000000000e+02,1.200000000000000000e+02,1.200000000000000000e+02,1.200000000000000000e+02,1.085512204312775992e+02,1.085512174907506306e+02,1.085512195638070665e+02,1.085512271322537003e+02,1.085512386711207427e+02,1.085512372754695747e+02,1.085510351774690605e+02,1.085470554491926407e+02,1.084767283473211990e+02,1.072386606256651476e+02,8.645466261007625519e+01,8.443942639653984372e+01,8.320591678806968616e+01,8.337995107468751144e+01,8.870430792485234406e+01
1.200000000000000000e+02,1.200000000000000000e+02,1.200000000000000000e+02,1.200000000000000000e+02,1.200000000000000000e+02,1.200000000000000000e+02,1.200000000000000000e+02,1.200000000000000000e+02,1.200000000000000000e+02,1.200000000000000000e+02,1.085512130540559781e+02,1.085512083082286807e+02,1.085512146474284521e+02,1.085512222681636132e+02,1.085512343379356963e+02,1.085512396542059292e+02,1.085510308160114334e+02,1.085470562898643578e+02,1.084767270400184600e+02,1.072386603749698679e+02,8.645467648396936511e+01,8.443945600179785060e+01,8.320599538091219927e+01,8.338007605452543203e+01,8.870443485470487133e+01
1.200000000000000000e+02,1.200000000000000000e+02,1.200000000000000000e+02,1.200000000000000000e+02,1.200000000000000000e+02,1.200000000000000000e+02,1.200000000000000000e+02,1.200000000000000000e+02,1.200000000000000000e+02,1.200000000000000000e+02,1.085512018494967066e+02,1.085512036178208604e+02,1.085512057042557075e+02,1.085512182566894808e+02,1.085512299690496292e+02,1.085512356198203747e+02,1.085510330843633540e+02,1.085470522050534044e+02,1.084767282616053592e+02,1.072386598865776222e+02,8.645468418736217586e+01,8.443948564058673867e+01,8.320605743766239470e+01,8.338018453527902807e+01,8.870454062762549086e+01
1.200000000000000000e+02,1.200000000000000000e+02,1.200000000000000000e+02,1.200000000000000000e+02,1.200000000000000000e+02,1.200000000000000000e+02,1.200000000000000000e+02,1.200000000000000000e+02,1.200000000000000000e+02,1.200000000000000000e+02,1.085511875125158667e+02,1.085511932042029031e+02,1.085512028580743902e+02,1.085512098674582830e+02,1.085512269519103228e+02,1.085512318307922612e+02,1.085510294740260946e+02,1.085470543938614156e+02,1.084767245747859050e+02,1.072386621479888333e+02,8.645468899314002442e+01,8.443950870627790550e+01,8.320611262399954455e+01,8.338027301871552766e+01,8.870463222050325669e+01
1.200000000000000000e+02,1.200000000000000000e+02,1.200000000000000000e+02,1.200000000000000000e+02,1.200000000000000000e+02,1.200000000000000000e+02,1.200000000000000000e+02,1.200000000000000000e+02,1.200000000000000000e+02,1.200000000000000000e+02,1.085512292471368454e+02,1.085512230215960727e+02,1.085512247075329384e+02,1.085512315598335675e+02,1.085512361604862832e+02,1.085512418141505009e+02,1.085510347061035219e+02,1.085470570395304435e+02,1.084767305213508735e+02,1.072386617878785842e+02,8.645470025617568410e+01,8.443952686201602376e+01,8.320615894439012550e+01,8.338034971508251658e+01,8.870470731439966983e+01
1.200000000000000000e+02,1.200000000000000000e+02,1.200000000000000000e+02,1.200000000000000000e+02,1.200000000000000000e+02,1.200000000000000000e+02,1.200000000000000000e+02,1.200000000000000000e+02,1.200000000000000000e+02,1.200000000000000000e+02,1.085512204315855769e+02,1.085512174911457919e+02,1.085512195643137545e+02,1.085512271328926914e+02,1.085512386719291840e+02,1.085512372766590090e+02,1.085510351811119989e+02,1.085470554797476836e+02,1.084767286891003408e+02,1.072386645946279486e+02,8.645470097671839937e+01,8.443954668485432080e+01,8.320619565123094219e+01,8.338041407508951863e+01,8.870477194594276682e+01
1.200000000000000000e+02,1.200000000000000000e+02,1.200000000000000000e+02,1.200000000000000000e+02,1.200000000000000000e+02,1.200000000000000000e+02,1.200000000000000000e+02,1.200000000000000000e+02,1.200000000000000000e+02,1.200000000000000000e+02,1.085512130543214795e+02,1.085512083085727539e+02,1.085512146478613005e+02,1.085512222687121806e+02,1.085512343386265570e+02,1.085512396552032328e+02,1.085510308191006601e+02,1.085470563156291917e+02,1.084767273283414255e+02,1.072386637229312356e+02,8.645470884705221692e+01,8.443955746539768370e+01,8.320623059832729496e+01,8.338046658387321486e+01,8.870482624234698221e+01
1.200000000000000000e+02,1.200000000000000000e+02,1.200000000000000000e+02,1.200000000000000000e+02,1.200000000000000000e+02,1.200000000000000000e+02,1.200000000000000000e+02,1.200000000000000000e+02,1.200000000000000000e+02,1.200000000000000000e+02,1.085512018497295514e+02,1.085512036181144992e+02,1.085512057046318546e+02,1.085512182571560089e+02,1.085512299696415397e+02,1.085512356206693312e+02,1.085510330869636988e+02,1.085470522268032454e+02,1.084767285048073830e+02,1.072386627107003250e+02,8.645471148618911172e+01,8.443957122535510962e+01,8.320625584064433156e+01,8.338051393795002753e+01,8.870487075228459162e+01
1.200000000000000000e+02,1.200000000000000000e+02,1.200000000000000000e+02,1.200000000000000000e+02,1.200000000000000000e+02,1.200000000000000000e+02,1.200000000000000000e+02,1.200000000000000000e+02,1.200000000000000000e+02,1.200000000000000000e+02,1.085511875127220094e+02,1.085511932044595085e+02,1.085512028583937649e+02,1.085512098678627666e+02,1.085512269524116675e+02,1.085512318315169580e+02,1.085510294762256933e+02,1.085470544122033658e+02,1.084767247799509846e+02,1.072386645301982639e+02,8.645471202013277434e+01,8.443958089710081083e+01,8.320627997462214864e+01,8.338055086303509711e+01,8.870491067236471849e+01
1.200000000000000000e+02,1.200000000000000000e+02,1.200000000000000000e+02,1.200000000000000000e+02,1.200000000000000000e+02,1.200000000000000000e+02,1.200000000000000000e+02,1.200000000000000000e+02,1.200000000000000000e+02,1.200000000000000000e+02,1.085512292472876936e+02,1.085512230217926941e+02,1.085512247077844847e+02,1.085512315601521465e+02,1.085512361608988527e+02,1.085512418147444009e+02,1.085510347079526952e+02,1.085470570549963298e+02,1.084767306944026899e+02,1.072386637973324781e+02,8.645471967970483718e+01,8.443958775499810088e+01,8.320630010278640043e+01,8.338058407150903406e+01,8.870494218214966509e+01
1.200000000000000000e+02,1.200000000000000000e+02,1.200000000000000000e+02,1.200000000000000000e+02,1.200000000000000000e+02,1.200000000000000000e+02,1.200000000000000000e+02,1.200000000000000000e+02,1.200000000000000000e+02,1.200000000000000000e+02,1.085512204317170415e+02,1.085512174913145174e+02,1.085512195645300864e+02,1.085512271331654972e+02,1.085512386722743514e+02,1.085512372771669760e+02,1.085510351826681301e+02,1.085470554927993732e+02,1.084767288350757894e+02,1.072386662896361571e+02,8.645471736067042912e+01,8.443959804802911151e+01,8.320631471687191549e+01,8.338061175063681674e+01,8.870497005198525642e+01
1.200000000000000000e+02,1.200000000000000000e+02,1.200000000000000000e+02,1.200000000000000000e+02,1.200000000000000000e+02,1.200000000000000000e+02,1.200000000000000000e+02,1.200000000000000000e+02,1.200000000000000000e+02,1.200000000000000000e+02,1.085512130544348395e+02,1.085512083087196515e+02,1.085512146480461126e+02,1.085512222689464181e+02,1.085512343389215602e+02,1.085512396556291037e+02,1.085510308204202374e+02,1.085470563266342197e+02,1.084767274514810680e+02,1.072386651526960151e+02,8.645472266704483388e+01,8.443960079016470388e+01,8.320633102900805511e+01,8.338063332001586048e+01,8.870499334098511213e+01
1.200000000000000000e+02,1.200000000000000000e+02,1.200000000000000000e+02,1.200000000000000000e+02,1.200000000000000000e+02,1.200000000000000000e+02,1.200000000000000000e+02,1.200000000000000000e+02,1.200000000000000000e+02,1.200000000000000000e+02,1.085512018498289848e+02,1.085512036182398958e+02,1.085512057047924372e+02,1.085512182573552167e+02,1.085512299698942940e+02,1.085512356210318643e+02,1.085510330880743481e+02,1.085470522360929380e+02,1.084767286086731559e+02,1.072386639167310705e+02,8.645472314343155062e+01,8.443960776971150040e+01,8.320634055296505949e+01,8.338065457740358966e+01,8.870501169703865685e+01
1.200000000000000000e+02,1.200000000000000000e+02,1.200000000000000000e+02,1.200000000000000000e+02,1.200000000000000000e+02,1.200000000000000000e+02,1.200000000000000000e+02,1.200000000000000000e+02,1.200000000000000000e+02,1.200000000000000000e+02,1.085511875128100314e+02,1.085511932045690457e+02,1.085512028585301181e+02,1.085512098680354569e+02,1.085512269526257541e+02,1.085512318318264136e+02,1.085510294771651729e+02,1.085470544200371279e+02,1.084767248675697005e+02,1.072386655474925590e+02,8.645472185308064184e+01,8.443961172216413047e+01,8.320635142869862477e+01,8.338066949045885679e+01,8.870502955697601521e+01
1.200000000000000000e+02,1.200000000000000000e+02,1.200000000000000000e+02,1.200000000000000000e+02,1.200000000000000000e+02,1.200000000000000000e+02,1.200000000000000000e+02,1.200000000000000000e+02,1.200000000000000000e+02,1.200000000000000000e+02,1.085512292473520972e+02,1.085512230218766518e+02,1.085512247078919046e+02,1.085512315602881870e+02,1.085512361610749963e+02,1.085512418149979936e+02,1.085510347087424634e+02,1.085470570616015351e+02,1.084767307683051314e+02,1.072386646554317906e+02,8.645472797381877683e+01,8.443961375585220708e+01,8.320636037366827509e+01,8.338068413221424180e+01,8.870504245952291456e+01
1.200000000000000000e+02,1.200000000000000000e+02,1.200000000000000000e+02,1.200000000000000000e+02,1.200000000000000000e+02,1.200000000000000000e+02,1.200000000000000000e+02,1.200000000000000000e+02,1.200000000000000000e+02,1.200000000000000000e+02,1.085512204317732028e+02,1.085512174913865664e+02,1.085512195646224853e+02,1.085512271332819978e+02,1.085512386724217748e+02,1.085512372773838621e+02,1.085510351833326723e+02,1.085470554983733820e+02,1.084767288974138921e+02,1.072386670134469142e+02,8.645472435677756096e+01,8.443961997965502064e+01,8.320636555485450003e+01,8.338069615062683226e+01,8.870505463455295114e+01
1.200000000000000000e+02,1.200000000000000000e+02,1.200000000000000000e+02,1.200000000000000000e+02,1.200000000000000000e+02,1.200000000000000000e+02,1.200000000000000000e+02,1.200000000000000000e+02,1.200000000000000000e+02,1.200000000000000000e+02,1.085512130544832416e+02,1.085512083087824067e+02,1.085512146481250113e+02,1.085512222690464483e+02,1.085512343390475394e+02,1.085512396558109884e+02,1.085510308209837405e+02,1.085470563313339909e+02,1.084767275040663037e+02,1.072386657632335272e+02,8.645472856826778241e+01,8.443961928940898076e+01,8.320637391042922104e+01,8.338070451044757192e+01,8.870506468527509014e+01
1.200000000000000000e+02,1.200000000000000000e+02,1.200000000000000000e+02,1.200000000000000000e+02,1.200000000000000000e+02,1.200000000000000000e+02,1.200000000000000000e+02,1.200000000000000000e+02,1.200000000000000000e+02,1.200000000000000000e+02,1.085512018498714326e+02,1.085512036182934139e+02,1.085512057048610473e+02,1.085512182574402544e+02,1.085512299700021686e+02,1.085512356211866631e+02,1.085510330885486781e+02,1.085470522400600686e+02,1.084767286530269672e+02,1.072386644317240894e+02,8.645472812111103167e+01,8.443962337374976812e+01,8.320637672310181188e+01,8.338071462576935744e+01,8.870507187507671176e+01
1.200000000000000000e+02,1.200000000000000000e+02,1.200000000000000000e+02,1.200000000000000000e+02,1.200000000000000000e+02,1.200000000000000000e+02,1.200000000000000000e+02,1.200000000000000000e+02,1.200000000000000000e+02,1.200000000000000000e+02,1.085511875128476476e+02,1.085511932046158137e+02,1.085512028585883400e+02,1.085512098681092397e+02,1.085512269527171441e+02,1.085512318319585745e+02,1.085510294775663311e+02,1.085470544233825052e+02,1.084767249049849909e+02,1.072386659818880759e+02,8.645472605175424974e+01,8.443962488409923139e+01,8.320638193793209325e+01,8.338072014064118775e+01,8.870508031646281211e+01
1.200000000000000000e+02,1.200000000000000000e+02,1.200000000000000000e+02,1.200000000000000000e+02,1.200000000000000000e+02,1.200000000000000000e+02,1.200000000000000000e+02,1.200000000000000000e+02,1.200000000000000000e+02,1.200000000000000000e+02,1.085512292473796236e+02,1.085512230219124916e+02,1.085512247079377630e+02,1.085512315603462810e+02,1.085512361611502143e+02,1.085512418151062946e+02,1.085510347090797154e+02,1.085470570644221766e+02,1.084767307998628922e+02,1.072386650218462734e+02,8.645473151539005130e+01,8.443962485788695460e+01,8.320638610797455215e+01,8.338072685515513172e+01,8.870508527459804782e+01
1.200000000000000000e+02,1.200000000000000000e+02,1.200000000000000000e+02,1.200000000000000000e+02,1.200000000000000000e+02,1.200000000000000000e+02,1.200000000000000000e+02,1.200000000000000000e+02,1.200000000000000000e+02,1.200000000000000000e+02,1.085512204317971623e+02,1.085512174914173329e+02,1.085512195646619205e+02,1.085512271333317358e+02,1.085512386724846863e+02,1.085512372774764742e+02,1.085510351836164773e+02,1.085470555007536433e+02,1.084767289240331394e+02,1.072386673225169602e+02,8.645472734408801330e+01,8.443962934416583721e+01,8.320638726155374343e+01,8.338073218703073053e+01,8.870509074863241494e+01
1.200000000000000000e+02,1.200000000000000000e+02,1.200000000000000000e+02,1.200000000000000000e+02,1.200000000000000000e+02,1.200000000000000000e+02,1.200000000000000000e+02,1.200000000000000000e+02,1.200000000000000000e+02,1.200000000000000000e+02,1.085512130545039042e+02,1.085512083088091799e+02,1.085512146481587195e+02,1.085512222690891377e+02,1.085512343391012990e+02,1.085512396558886223e+02,1.085510308212243871e+02,1.085470563333409189e+02,1.084767275265207331e+02,1.072386660239336749e+02,8.645473108805650497e+01,8.443962718832774783e+01,8.320639221987272549e+01,8.338073490683493105e+01,8.870509514714792942e+01
1.200000000000000000e+02,1.200000000000000000e+02,1.200000000000000000e+02,1.200000000000000000e+02,1.200000000000000000e+02,1.200000000000000000e+02,1.200000000000000000e+02,1.200000000000000000e+02,1.200000000000000000e+02,1.200000000000000000e+02,1.085512018498895657e+02,1.085512036183162934e+02,1.085512057048902932e+02,1.085512182574765774e+02,1.085512299700482828e+02,1.085512356212527578e+02,1.085510330887511969e+02,1.085470522417541304e+02,1.084767286719663559e+02,1.072386646516254416e+02,8.645473024654403105e+01,8.443963003644802257e+01,8.320639216698700125e+01,8.338074026486324897e+01,8.870509756938304236e+01
1.200000000000000000e+02,1.200000000000000000e+02,1.200000000000000000e+02,1.200000000000000000e+02,1.200000000000000000e+02,1.200000000000000000e+02,1.200000000000000000e+02,1.200000000000000000e+02,1.200000000000000000e+02,1.200000000000000000e+02,1.085511875128636916e+02,1.085511932046358083e+02,1.085512028586131947e+02,1.085512098681407025e+02,1.085512269527561671e+02,1.085512318320149916e+02,1.085510294777376572e+02,1.085470544248110087e+02,1.084767249209614732e+02,1.072386661673734807e+02,8.645472784455172643e+01,8.443963050404876469e+01,8.320639496474265684e+01,8.338074176700447993e+01,8.870510198938187330e+01
1.200000000000000000e+02,1.200000000000000000e+02,1.200000000000000000e+02,1.200000000000000000e+02,1.200000000000000000e+02,1.200000000000000000e+02,1.200000000000000000e+02,1.200000000000000000e+02,1.200000000000000000e+02,1.200000000000000000e+02,1.085512292473913618e+02,1.085512230219278109e+02,1.085512247079573314e+02,1.085512315603710647e+02,1.085512361611823309e+02,1.085512418151525225e+02,1.085510347092237424e+02,1.085470570656266318e+02,1.084767308133380936e+02,1.072386651783033074e+02,8.645473302760630929e+01,8.443962959828549231e+01,8.320639709599866762e+01,8.338074509682125779e+01,8.870510355551834891e+01
1.200000000000000000e+02,1.200000000000000000e+02,1.200000000000000000e+02,1.200000000000000000e+02,1.200000000000000000e+02,1.200000000000000000e+02,1.200000000000000000e+02,1.200000000000000000e+02,1.200000000000000000e+02,1.200000000000000000e+02,1.085512204318074225e+02,1.085512174914304637e+02,1.085512195646787745e+02,1.085512271333529668e+02,1.085512386725115590e+02,1.085512372775160372e+02,1.085510351837376533e+02,1.085470555017700178e+02,1.084767289353995352e+02,1.072386674544877394e+02,8.645472861963715161e+01,8.443963334266517506e+01,8.320639652987821933e+01,8.338074757373401269e+01,8.870510616843849050e+01
1.200000000000000000e+02,1.200000000000000000e+02,1.200000000000000000e+02,1.200000000000000000e+02,1.200000000000000000e+02,1.200000000000000000e+02,1.200000000000000000e+02,1.200000000000000000e+02,1.200000000000000000e+02,1.200000000000000000e+02,1.085512130545127292e+02,1.085512083088206055e+02,1.085512146481731008e+02,1.085512222691073703e+02,1.085512343391242638e+02,1.085512396559217621e+02,1.085510308213271458e+02,1.085470563341978760e+02,1.084767275361086973e+02,1.072386661352505257e+02,8.645473216397661531e+01,8.443963056103983433e+01,8.320640003764209780e+01,8.338074788540309612e+01,8.870510815363024903e+01
1.200000000000000000e+02,1.200000000000000000e+02,1.200000000000000000e+02,1.200000000000000000e+02,1.200000000000000000e+02,1.200000000000000000e+02,1.200000000000000000e+02,1.200000000000000000e+02,1.200000000000000000e+02,1.200000000000000000e+02,1.085512018498973248e+02,1.085512036183260420e+02,1.085512057049028130e+02,1.085512182574920814e+02,1.085512299700679506e+02,1.085512356212809664e+02,1.085510330888376842e+02,1.085470522424774913e+02,1.084767286800533697e+02,1.072386647455212199e+02,8.645473115407729381e+01,8.443963288131195100e+01,8.320639876122319833e+01,8.338075121219006292e+01,8.870510854024978187e+01
1.200000000000000000e+02,1.200000000000000000e+02,1.200000000000000000e+02,1.200000000000000000e+02,1.200000000000000000e+02,1.200000000000000000e+02,1.200000000000000000e+02,1.200000000000000000e+02,1.200000000000000000e+02,1.200000000000000000e+02,1.085511875128705412e+02,1.085511932046443349e+02,1.085512028586237960e+02,1.085512098681541744e+02,1.085512269527728364e+02,1.085512318320390932e+02,1.085510294778108005e+02,1.085470544254209670e+02,1.084767249277833230e+02,1.072386662465737857e+02,8.645472861005249854e+01,8.443963290367476304e+01,8.320640052693801181e+01,8.338075100099500503e+01,8.870511124322521823e+01
1.200000000000000000e+02,1.200000000000000000e+02,1.200000000000000000e+02,1.200000000000000000e+02,1.200000000000000000e+02,1.200000000000000000e+02,1.200000000000000000e+02,1.200000000000000000e+02,1.200000000000000000e+02,1.200000000000000000e+02,1.085512292473963640e+02,1.085512230219343337e+02,1.085512247079657016e+02,1.085512315603816660e+02,1.085512361611960443e+02,1.085512418151722756e+02,1.085510347092852328e+02,1.085470570661409084e+02,1.084767308190918840e+02,1.072386652451087059e+02,8.645473367330167491e+01,8.443963162235667141e+01,8.320640178767381201e+01,8.338075288562730236e+01,8.870511136106621564e+01
1.200000000000000000e+02,1.200000000000000000e+02,1.200000000000000000e+02,1.200000000000000000e+02,1.200000000000000000e+02,1.200000000000000000e+02,1.200000000000000000e+02,1.200000000000000000e+02,1.200000000000000000e+02,1.200000000000000000e+02,1.085512204318117710e+02,1.085512174914360770e+02,1.085512195646859510e+02,1.085512271333620475e+02,1.085512386725230414e+02,1.085512372775329197e+02,1.085510351837893808e+02,1.085470555022040173e+02,1.084767289402528689e+02,1.072386675108376437e+02,8.645472916427833354e+01,8.443963504995707581e+01,8.320640048727601368e+01,8.338075414353737358e+01,8.870511275236202664e+01
1.200000000000000000e+02,1.200000000000000000e+02,1.200000000000000000e+02,1.200000000000000000e+02,1.200000000000000000e+02,1.200000000000000000e+02,1.200000000000000000e+02,1.200000000000000000e+02,1.200000000000000000e+02,1.200000000000000000e+02,1.085512130545164950e+02,1.085512083088254798e+02,1.085512146481792541e+02,1.085512222691151578e+02,1.085512343391340835e+02,1.085512396559359445e+02,1.085510308213710147e+02,1.085470563345637629e+02,1.084767275402026598e+02,1.072386661827813725e+02,8.645473262337857534e+01,8.443963200113070400e+01,8.320640337568156042e+01,8.338075342698712689e+01,8.870511370712280552e+01
1.200000000000000000e+02,1.200000000000000000e+02,1.200000000000000000e+02,1.200000000000000000e+02,1.200000000000000000e+02,1.200000000000000000e+02,1.200000000000000000e+02,1.200000000000000000e+02,1.200000000000000000e+02,1.200000000000000000e+02,1.085512018499006217e+02,1.085512036183302200e+02,1.085512057049081420e+02,1.085512182574986895e+02,1.085512299700763350e+02,1.085512356212930314e+02,1.085510330888746324e+02,1.085470522427863358e+02,1.084767286835064084e+02,1.072386647856134516e+02,8.645473154158014495e+01,8.443963409602022807e+01,8.320640157683810401e+01,8.338075588647873815e+01,8.870511322458193604e+01
1.200000000000000000e+02,1.200000000000000000e+02,1.200000000000000000e+02,1.200000000000000000e+02,1.200000000000000000e+02,1.200000000000000000e+02,1.200000000000000000e+02,1.200000000000000000e+02,1.200000000000000000e+02,1.200000000000000000e+02,1.085511875128734545e+02,1.085511932046479586e+02,1.085512028586283435e+02,1.085512098681599014e+02,1.085512269527799560e+02,1.085512318320493534e+02,1.085510294778420644e+02,1.085470544256814236e+02,1.084767249306961503e+02,1.072386662803911861e+02,8.645472893690944716e+01,8.443963392827373582e+01,8.320640290189140842e+01,8.338075494372601781e+01,8.870511519442732151e+01
1.200000000000000000e+02,1.200000000000000000e+02,1.200000000000000000e+02,1.200000000000000000e+02,1.200000000000000000e+02,1.200000000000000000e+02,1.200000000000000000e+02,1.200000000000000000e+02,1.200000000000000000e+02,1.200000000000000000e+02,1.085512292473984957e+02,1.085512230219371332e+02,1.085512247079692685e+02,1.085512315603861850e+02,1.085512361612018992e+02,1.085512418151807310e+02,1.085510347093114802e+02,1.085470570663604946e+02,1.084767308215486707e+02,1.072386652736336003e+02,8.645473394900334085e+01,8.443963248660011800e+01,8.320640379093173067e+01,8.338075621129502224e+01,8.870511469387815850e+01
1.200000000000000000e+02,1.200000000000000000e+02,1.200000000000000000e+02,1.200000000000000000e+02,1.200000000000000000e+02,1.200000000000000000e+02,1.200000000000000000e+02,1.200000000000000000e+02,1.200000000000000000e+02,1.200000000000000000e+02,1.085512204318136469e+02,1.085512174914384644e+02,1.085512195646890348e+02,1.085512271333659129e+02,1.085512386725279583e+02,1.085512372775401246e+02,1.085510351838114929e+02,1.085470555023893127e+02,1.084767289423251810e+02,1.072386675348981839e+02,8.645472939683133973e+01,8.443963577894105299e+01,8.320640217701156871e+01,8.338075694871609755e+01,8.870511556356676408e+01
1.200000000000000000e+02,1.200000000000000000e+02,1.200000000000000000e+02,1.200000000000000000e+02,1.200000000000000000e+02,1.200000000000000000e+02,1.200000000000000000e+02,1.200000000000000000e+02,1.200000000000000000e+02,1.200000000000000000e+02,1.085512130545181009e+02,1.085512083088275688e+02,1.085512146481818689e+02,1.085512222691184974e+02,1.085512343391382473e+02,1.085512396559419699e+02,1.085510308213897588e+02,1.085470563347200255e+02,1.084767275419507087e+02,1.072386662030762778e+02,8.645473281953567835e+01,8.443963261602435466e+01,8.320640480096282943e+01,8.338075579313716901e+01,8.870511607835518930e+01
1.200000000000000000e+02,1.200000000000000000e+02,1.200000000000000000e+02,1.200000000000000000e+02,1.200000000000000000e+02,1.200000000000000000e+02,1.200000000000000000e+02,1.200000000000000000e+02,1.200000000000000000e+02,1.200000000000000000e+02,1.085512018499020286e+02,1.085512036183319822e+02,1.085512057049104300e+02,1.085512182575015458e+02,1.085512299700799446e+02,1.085512356212981615e+02,1.085510330888903923e+02,1.085470522429182267e+02,1.084767286849808414e+02,1.072386648027321883e+02,8.645473170703745325e+01,8.443963461467934906e+01,8.320640277905381765e+01,8.338075788231104468e+01,8.870511522470089005e+01
1.200000000000000000e+02,1.200000000000000000e+02,1.200000000000000000e+02,1.200000000000000000e+02,1.200000000000000000e+02,1.200000000000000000e+02,1.200000000000000000e+02,1.200000000000000000e+02,1.200000000000000000e+02,1.200000000000000000e+02,1.085511875128747050e+02,1.085511932046495360e+02,1.085512028586302620e+02,1.085512098681623598e+02,1.085512269527829829e+02,1.085512318320537730e+02,1.085510294778553657e+02,1.085470544257926235e+02,1.084767249319398985e+02,1.072386662948306792e+02,8.645472907647183547e+01,8.443963436575948833e+01,8.320640391595297558e+01,8.338075662719765546e+01,8.870511688151468377e+01
1.200000000000000000e+02,1.200000000000000000e+02,1.200000000000000000e+02,1.200000000000000000e+02,1.200000000000000000e+02,1.200000000000000000e+02,1.200000000000000000e+02,1.200000000000000000e+02,1.200000000000000000e+02,1.200000000000000000e+02,1.085512292473994336e+02,1.085512230219382985e+02,1.085512247079707890e+02,1.085512315603881319e+02,1.085512361612043861e+02,1.085512418151843121e+02,1.085510347093227068e+02,1.085470570664542578e+02,1.084767308225977018e+02,1.072386652858132692e+02,8.645473406672333283e+01,8.443963285561676457e+01,8.320640464628624500e+01,8.338075763129266704e+01,8.870511611692538168e+01
1.200000000000000000e+02,1.200000000000000000e+02,1.200000000000000000e+02,1.200000000000000000e+02,1.200000000000000000e+02,1.200000000000000000e+02,1.200000000000000000e+02,1.200000000000000000e+02,1.200000000000000000e+02,1.200000000000000000e+02,1.085512204318144143e+02,1.085512174914394876e+02,1.085512195646903280e+02,1.085512271333675756e+02,1.085512386725300473e+02,1.085512372775431942e+02,1.085510351838209289e+02,1.085470555024684387e+02,1.084767289432100199e+02,1.072386675451716513e+02,8.645472949612745595e+01,8.443963609020433125e+01,8.320640289849782789e+01,8.338075814647505979e+01,8.870511676389799050e+01
1.200000000000000000e+02,1.200000000000000000e+02,1.200000000000000000e+02,1.200000000000000000e+02,1.200000000000000000e+02,1.200000000000000000e+02,1.200000000000000000e+02,1.200000000000000000e+02,1.200000000000000000e+02,1.200000000000000000e+02,1.085512130545188114e+02,1.085512083088284498e+02,1.085512146481829916e+02,1.085512222691198900e+02,1.085512343391400520e+02,1.085512396559445563e+02,1.085510308213977453e+02,1.085470563347867312e+02,1.084767275426971196e+02,1.072386662117418865e+02,8.645473290329140070e+01,8.443963287857302191e+01,8.320640540953199604e+01,8.338075680343925455e+01,8.870511709082688867e+01
1.200000000000000000e+02,1.200000000000000000e+02,1.200000000000000000e+02,1.200000000000000000e+02,1.200000000000000000e+02,1.200000000000000000e+02,1.200000000000000000e+02,1.200000000000000000e+02,1.200000000000000000e+02,1.200000000000000000e+02,1.085512018499026254e+02,1.085512036183327496e+02,1.085512057049113821e+02,1.085512182575027396e+02,1.085512299700814509e+02,1.085512356213003642e+02,1.085510330888971282e+02,1.085470522429745159e+02,1.084767286856103823e+02,1.072386648100416267e+02,8.645473177768487005e+01,8.443963483613759990e+01,8.320640329237809851e+01,8.338075873449449205e+01,8.870511607871434023e+01
1.200000000000000000e+02,1.200000000000000000e+02,1.200000000000000000e+02,1.200000000000000000e+02,1.200000000000000000e+02,1.200000000000000000e+02,1.200000000000000000e+02,1.200000000000000000e+02,1.200000000000000000e+02,1.200000000000000000e+02,1.085511875128752308e+02,1.085511932046501755e+02,1.085512028586311146e+02,1.085512098681633972e+02,1.085512269527843046e+02,1.085512318320556204e+02,1.085510294778610643e+02,1.085470544258401304e+02,1.084767249324709439e+02,1.072386663009961012e+02,8.645472913606259624e+01,8.443963455255813244e+01,8.320640434893883253e+01,8.338075734600897704e+01,8.870511760186964523e+01
1.200000000000000000e+02,1.200000000000000000e+02,1.200000000000000000e+02,1.200000000000000000e+02,1.200000000000000000e+02,1.200000000000000000e+02,1.200000000000000000e+02,1.200000000000000000e+02,1.200000000000000000e+02,1.200000000000000000e+02,1.085512292473998173e+02,1.085512230219388385e+02,1.085512247079714285e+02,1.085512315603889562e+02,1.085512361612054519e+02,1.085512418151858611e+02,1.085510347093274675e+02,1.085470570664943182e+02,1.084767308230455995e+02,1.072386652910137741e+02,8.645473411698768018e+01,8.443963301318032677e+01,8.320640501150715806e+01,8.338075823760556204e+01,8.870511672454016150e+01
1.200000000000000000e+02,1.200000000000000000e+02,1.200000000000000000e+02,1.200000000000000000e+02,1.200000000000000000e+02,1.200000000000000000e+02,1.200000000000000000e+02,1.200000000000000000e+02,1.200000000000000000e+02,1.200000000000000000e+02,1.085512204318147695e+02,1.085512174914399139e+02,1.085512195646909248e+02,1.085512271333682719e+02,1.085512386725309284e+02,1.085512372775445158e+02,1.085510351838249790e+02,1.085470555025022179e+02,1.084767289435878297e+02,1.072386675495582296e+02,8.645472953852519993e+01,8.443963622310819517e+01,8.320640320655938638e+01,8.338075865789616614e+01,8.870511727641729749e+01
1.200000000000000000e+02,1.200000000000000000e+02,1.200000000000000000e+02,1.200000000000000000e+02,1.200000000000000000e+02,1.200000000000000000e+02,1.200000000000000000e+02,1.200000000000000000e+02,1.200000000000000000e+02,1.200000000000000000e+02,1.085512130545190814e+02,1.085512083088288335e+02,1.085512146481834463e+02,1.085512222691205153e+02,1.085512343391408052e+02,1.085512396559456647e+02,1.085510308214011559e+02,1.085470563348152382e+02,1.084767275430157980e+02,1.072386662154419383e+02,8.645473293905362766e+01,8.443963299067664252e+01,8.320640566938000404e+01,8.338075723481976809e+01,8.870511752313370835e+01
1.200000000000000000e+02,1.200000000000000000e+02,1.200000000000000000e+02,1.200000000000000000e+02,1.200000000000000000e+02,1.200000000000000000e+02,1.200000000000000000e+02,1.200000000000000000e+02,1.200000000000000000e+02,1.200000000000000000e+02,1.085512018499028812e+02,1.085512036183330906e+02,1.085512057049118084e+02,1.085512182575032369e+02,1.085512299700821188e+02,1.085512356213013021e+02,1.085510330888999988e+02,1.085470522429985891e+02,1.084767286858791948e+02,1.072386648131625861e+02,8.645473180785008083e+01,8.443963493069632875e+01,8.320640351155830672e+01,8.338075909836126698e+01,8.870511644336239954e+01
1.200000000000000000e+02,1.200000000000000000e+02,1.200000000000000000e+02,1.200000000000000000e+02,1.200000000000000000e+02,1.200000000000000000e+02,1.200000000000000000e+02,1.200000000000000000e+02,1.200000000000000000e+02,1.200000000000000000e+02,1.085511875128754582e+02,1.085511932046504597e+02,1.085512028586314557e+02,1.085512098681638520e+02,1.085512269527848304e+02,1.085512318320564447e+02,1.085510294778635227e+02,1.085470544258604093e+02,1.084767249326976923e+02,1.072386663036286478e+02,8.645472916150673370e+01,8.443963463231781930e+01,8.320640453381599855e+01,8.338075765292833808e+01,8.870511790944800623e+01
1.200000000000000000e+02,1.200000000000000000e+02,1.200000000000000000e+02,1.200000000000000000e+02,1.200000000000000000e+02,1.200000000000000000e+02,1.200000000000000000e+02,1.200000000000000000e+02,1.200000000000000000e+02,1.200000000000000000e+02,1.085512292473999736e+02,1.085512230219390517e+02,1.085512247079717127e+02,1.085512315603892688e+02,1.085512361612059209e+02,1.085512418151865148e+02,1.085510347093295280e+02,1.085470570665114138e+02,1.084767308232368634e+02,1.072386652932342912e+02,8.645473413844970878e+01,8.443963308045714200e+01,8.320640516744987281e+01,8.338075849649015936e+01,8.870511698398061640e+01
1.200000000000000000e+02,1.200000000000000000e+02,1.200000000000000000e+02,1.200000000000000000e+02,1.200000000000000000e+02,1.200000000000000000e+02,1.200000000000000000e+02,1.200000000000000000e+02,1.200000000000000000e+02,1.200000000000000000e+02,1.085512204318149259e+02,1.085512174914400987e+02,1.085512195646911380e+02,1.085512271333685703e+02,1.085512386725312979e+02,1.085512372775450700e+02,1.085510351838266843e+02,1.085470555025166277e+02,1.084767289437491371e+02,1.072386675514312486e+02,8.645472955662825143e+01,8.443963627985579024e+01,8.320640333809613765e+01,8.338075887626371241e+01,8.870511749525371670e+01
1.200000000000000000e+02,1.200000000000000000e+02,1.200000000000000000e+02,1.200000000000000000e+02,1.200000000000000000e+02,1.200000000000000000e+02,1.200000000000000000e+02,1.200000000000000000e+02,1.200000000000000000e+02,1.200000000000000000e+02,1.085512130545192093e+02,1.085512083088290183e+02,1.085512146481836737e+02,1.085512222691207569e+02,1.085512343391411321e+02,1.085512396559461195e+02,1.085510308214026196e+02,1.085470563348274027e+02,1.084767275431518669e+02,1.072386662170218159e+02,8.645473295432346106e+01,8.443963303854283708e+01,8.320640578033045642e+01,8.338075741901144511e+01,8.870511770772080240e+01
1.200000000000000000e+02,1.200000000000000000e+02,1.200000000000000000e+02,1.200000000000000000e+02,1.200000000000000000e+02,1.200000000000000000e+02,1.200000000000000000e+02,1.200000000000000000e+02,1.200000000000000000e+02,1.200000000000000000e+02,1.085512018499029665e+02,1.085512036183332185e+02,1.085512057049119932e+02,1.085512182575034643e+02,1.085512299700823746e+02,1.085512356213017142e+02,1.085510330889012209e+02,1.085470522430088351e+02,1.084767286859939759e+02,1.072386648144951948e+02,8.645473182073008900e+01,8.443963497107120020e+01,8.320640360514425993e+01,8.338075925372584152e+01,8.870511659906054547e+01
1.200000000000000000e+02,1.200000000000000000e+02,1.200000000000000000e+02,1.200000000000000000e+02,1.200000000000000000e+02,1.200000000000000000e+02,1.200000000000000000e+02,1.200000000000000000e+02,1.200000000000000000e+02,1.200000000000000000e+02,1.085511875128755719e+02,1.085511932046506018e+02,1.085512028586315836e+02,1.085512098681640367e+02,1.085512269527850719e+02,1.085512318320567715e+02,1.085510294778645459e+02,1.085470544258690495e+02,1.084767249327945109e+02,1.072386663047526838e+02,8.645472917237094634e+01,8.443963466637380577e+01,8.320640461275520749e+01,8.338075778397735860e+01,8.870511804077841589e+01
1.200000000000000000e+02,1.200000000000000000e+02,1.200000000000000000e+02,1.200000000000000000e+02,1.200000000000000000e+02,1.200000000000000000e+02,1.200000000000000000e+02,1.200000000000000000e+02,1.200000000000000000e+02,1.200000000000000000e+02,1.085512292474000304e+02,1.085512230219391370e+02,1.085512247079718264e+02,1.085512315603894393e+02,1.085512361612061056e+02,1.085512418151867848e+02,1.085510347093304091e+02,1.085470570665186898e+02,1.084767308233185190e+02,1.072386652941824110e+02,8.645473414761359265e+01,8.443963310918313425e+01,8.320640523403460520e+01,8.338075860702920750e+01,8.870511709475697160e+01
1.200000000000000000e+02,1.200000000000000000e+02,1.200000000000000000e+02,1.200000000000000000e+02,1.200000000000000000e+02,1.200000000000000000e+02,1.200000000000000000e+02,1.200000000000000000e+02,1.200000000000000000e+02,1.200000000000000000e+02,1.085512204318149827e+02,1.085512174914401839e+02,1.085512195646912517e+02,1.085512271333686982e+02,1.085512386725314542e+02,1.085512372775453116e+02,1.085510351838274090e+02,1.085470555025228094e+02,1.084767289438180313e+02,1.072386675522309645e+02,8.645472956435796164e+01,8.443963630408597965e+01,8.320640339425992238e+01,8.338075896950270760e+01,8.870511758869288599e+01
1.200000000000000000e+02,1.200000000000000000e+02,1.200000000000000000e+02,1.200000000000000000e+02,1.200000000000000000e+02,1.200000000000000000e+02,1.200000000000000000e+02,1.200000000000000000e+02,1.200000000000000000e+02,1.200000000000000000e+02,1.085512130545192662e+02,1.085512083088290893e+02,1.085512146481837590e+02,1.085512222691208848e+02,1.085512343391412884e+02,1.085512396559463184e+02,1.085510308214032449e+02,1.085470563348325896e+02,1.084767275432099893e+02,1.072386662176963910e+02,8.645473296084340120e+01,8.443963305898087413e+01,8.320640582770428750e+01,8.338075749765793887e+01,8.870511778653620638e+01
1.200000000000000000e+02,1.200000000000000000e+02,1.200000000000000000e+02,1.200000000000000000e+02,1.200000000000000000e+02,1.200000000000000000e+02,1.200000000000000000e+02,1.200000000000000000e+02,1.200000000000000000e+02,1.200000000000000000e+02,1.085512018499030233e+02,1.085512036183332754e+02,1.085512057049120784e+02,1.085512182575035496e+02,1.085512299700825167e+02,1.085512356213018990e+02,1.085510330889017325e+02,1.085470522430132121e+02,1.084767286860429749e+02,1.072386648150642117e+02,8.645473182622960451e+01,8.443963498831053016e+01,8.320640364510381914e+01,8.338075932006370294e+01,8.870511666554078545e+01
1.200000000000000000e+02,1.200000000000000000e+02,1.200000000000000000e+02,1.200000000000000000e+02,1.200000000000000000e+02,1.200000000000000000e+02,1.200000000000000000e+02,1.200000000000000000e+02,1.200000000000000000e+02,1.200000000000000000e+02,1.085511875128756145e+02,1.085511932046506445e+02,1.085512028586316688e+02,1.085512098681641362e+02,1.085512269527851714e+02,1.085512318320569136e+02,1.085510294778650007e+02,1.085470544258727443e+02,1.084767249328358503e+02,1.072386663052326270e+02,8.645472917700979565e+01,8.443963468091504865e+01,8.320640464646082535e+01,8.338075783993294010e+01,8.870511809685413596e+01
1.200000000000000000e+02,1.200000000000000000e+02,1.200000000000000000e+02,1.200000000000000000e+02,1.200000000000000000e+02,1.200000000000000000e+02,1.200000000000000000e+02,1.200000000000000000e+02,1.200000000000000000e+02,1.200000000000000000e+02,1.085512292474000731e+02,1.085512230219391654e+02,1.085512247079718691e+02,1.085512315603895246e+02,1.085512361612062051e+02,1.085512418151869127e+02,1.085510347093307786e+02,1.085470570665218304e+02,1.084767308233533925e+02,1.072386652945872498e+02,8.645473415152640939e+01,8.443963312144862243e+01,8.320640526246508273e+01,8.338075865422737820e+01,8.870511714205646570e+01
1.200000000000000000e+02,1.200000000000000000e+02,1.200000000000000000e+02,1.200000000000000000e+02,1.200000000000000000e+02,1.200000000000000000e+02,1.200000000000000000e+02,1.200000000000000000e+02,1.200000000000000000e+02,1.200000000000000000e+02,1.085512204318149969e+02,1.085512174914402408e+02,1.085512195646912943e+02,1.085512271333687551e+02,1.085512386725315395e+02,1.085512372775454253e+02,1.085510351838277359e+02,1.085470555025254242e+02,1.084767289438474620e+02,1.072386675525724371e+02,8.645472956765837580e+01,8.443963631443186557e+01,8.320640341824086761e+01,8.338075900931410445e+01,8.870511762858971849e+01
1.200000000000000000e+02,1.200000000000000000e+02,1.200000000000000000e+02,1.200000000000000000e+02,1.200000000000000000e+02,1.200000000000000000e+02,1.200000000000000000e+02,1.200000000000000000e+02,1.200000000000000000e+02,1.200000000000000000e+02,1.085512130545193088e+02,1.085512083088291178e+02,1.085512146481837732e+02,1.085512222691209274e+02,1.085512343391413310e+02,1.085512396559464037e+02,1.085510308214035149e+02,1.085470563348347923e+02,1.084767275432347873e+02,1.072386662179844308e+02,8.645473296362727922e+01,8.443963306770756105e+01,8.320640584793206074e+01,8.338075753123861489e+01,8.870511782018898828e+01
1.200000000000000000e+02,1.200000000000000000e+02,1.200000000000000000e+02,1.200000000000000000e+02,1.200000000000000000e+02,1.200000000000000000e+02,1.200000000000000000e+02,1.200000000000000000e+02,1.200000000000000000e+02,1.200000000000000000e+02,1.085512018499030376e+02,1.085512036183333180e+02,1.085512057049121069e+02,1.085512182575036206e+02,1.085512299700825736e+02,1.085512356213019558e+02,1.085510330889019741e+02,1.085470522430151021e+02,1.084767286860639075e+02,1.072386648153071462e+02,8.645473182857783456e+01,8.443963499567144027e+01,8.320640366216581185e+01,8.338075934838876435e+01,8.870511669392668352e+01
1.200000000000000000e+02,1.200000000000000000e+02,1.200000000000000000e+02,1.200000000000000000e+02,1.200000000000000000e+02,1.200000000000000000e+02,1.200000000000000000e+02,1.200000000000000000e+02,1.200000000000000000e+02,1.200000000000000000e+02,1.085511875128756287e+02,1.085511932046506445e+02,1.085512028586317115e+02,1.085512098681641504e+02,1.085512269527852283e+02,1.085512318320569989e+02,1.085510294778651854e+02,1.085470544258743217e+02,1.084767249328535286e+02,1.072386663054375475e+02,8.645472917899046195e+01,8.443963468712392739e+01,8.320640466085251319e+01,8.338075786382496801e+01,8.870511812079743663e+01
1.200000000000000000e+02,1.200000000000000000e+02,1.200000000000000000e+02,1.200000000000000000e+02,1.200000000000000000e+02,1.200000000000000000e+02,1.200000000000000000e+02,1.200000000000000000e+02,1.200000000000000000e+02,1.200000000000000000e+02,1.085512292474000731e+02,1.085512230219391938e+02,1.085512247079718975e+02,1.085512315603895388e+02,1.085512361612062335e+02,1.085512418151869554e+02,1.085510347093309349e+02,1.085470570665231378e+02,1.084767308233682854e+02,1.072386652947601107e+02,8.645473415319708010e+01,8.443963312668576293e+01,8.320640527460440694e+01,8.338075867438014654e+01,8.870511716225252030e+01
1.200000000000000000e+02,1.200000000000000000e+02,1.200000000000000000e+02,1.200000000000000000e+02,1.200000000000000000e+02,1.200000000000000000e+02,1.200000000000000000e+02,1.200000000000000000e+02,1.200000000000000000e+02,1.200000000000000000e+02,1.085512204318150253e+02,1.085512174914402266e+02,1.085512195646913227e+02,1.085512271333687835e+02,1.085512386725315679e+02,1.085512372775454537e+02,1.085510351838278638e+02,1.085470555025265469e+02,1.084767289438599960e+02,1.072386675527182547e+02,8.645472956906762363e+01,8.443963631884929555e+01,8.320640342848030002e+01,8.338075902631284464e+01,8.870511764562498058e+01
1.200000000000000000e+02,1.200000000000000000e+02,1.200000000000000000e+02,1.200000000000000000e+02,1.200000000000000000e+02,1.200000000000000000e+02,1.200000000000000000e+02,1.200000000000000000e+02,1.200000000000000000e+02,1.200000000000000000e+02,1.085512130545193088e+02,1.085512083088291462e+02,1.085512146481838158e+02,1.085512222691209558e+02,1.085512343391413452e+02,1.085512396559464321e+02,1.085510308214036144e+02,1.085470563348357587e+02,1.084767275432453886e+02,1.072386662181073973e+02,8.645473296481597458e+01,8.443963307143368979e+01,8.320640585656892085e+01,8.338075754557696939e+01,8.870511783455809507e+01
1.200000000000000000e+02,1.200000000000000000e+02,1.200000000000000000e+02,1.200000000000000000e+02,1.200000000000000000e+02,1.200000000000000000e+02,1.200000000000000000e+02,1.200000000000000000e+02,1.200000000000000000e+02,1.200000000000000000e+02,1.085512018499030660e+02,1.085512036183333180e+02,1.085512057049121211e+02,1.085512182575036206e+02,1.085512299700826020e+02,1.085512356213019842e+02,1.085510330889020594e+02,1.085470522430158837e+02,1.084767286860728319e+02,1.072386648154108997e+02,8.645473182958043878e+01,8.443963499881441237e+01,8.320640366945097810e+01,8.338075936048302594e+01,8.870511670604697940e+01
1.200000000000000000e+02,1.200000000000000000e+02,1.200000000000000000e+02,1.200000000000000000e+02,1.200000000000000000e+02,1.200000000000000000e+02,1.200000000000000000e+02,1.200000000000000000e+02,1.200000000000000000e+02,1.200000000000000000e+02,1.085511875128756429e+02,1.085511932046506729e+02,1.085512028586316973e+02,1.085512098681641504e+02,1.085512269527852141e+02,1.085512318320569989e+02,1.085510294778652565e+02,1.085470544258749754e+02,1.084767249328610461e+02,1.072386663055250438e+02,8.645472917983619254e+01,8.443963468977499076e+01,8.320640466699751414e+01,8.338075787402642902e+01,8.870511813102079657e+01
1.200000000000000000e+02,1.200000000000000000e+02,1.200000000000000000e+02,1.200000000000000000e+02,1.200000000000000000e+02,1.200000000000000000e+02,1.200000000000000000e+02,1.200000000000000000e+02,1.200000000000000000e+02,1.200000000000000000e+02,1.085512292474000873e+02,1.085512230219392080e+02,1.085512247079719259e+02,1.085512315603895530e+02,1.085512361612062335e+02,1.085512418151869838e+02,1.085510347093309917e+02,1.085470570665237204e+02,1.084767308233746235e+02,1.072386652948338934e+02,8.645473415391047922e+01,8.443963312892189776e+01,8.320640527978761725e+01,8.338075868298504645e+01,8.870511717087588011e+01
1.200000000000000000e+02,1.200000000000000000e+02,1.200000000000000000e+02,1.200000000000000000e+02,1.200000000000000000e+02,1.200000000000000000e+02,1.200000000000000000e+02,1.200000000000000000e+02,1.200000000000000000e+02,1.200000000000000000e+02,1.085512204318150253e+02,1.085512174914402266e+02,1.085512195646913227e+02,1.085512271333687977e+02,1.085512386725315821e+02,1.085512372775454821e+02,1.085510351838279064e+02,1.085470555025270301e+02,1.084767289438653677e+02,1.072386675527805124e+02,8.645472956966929701e+01,8.443963632073553072e+01,8.320640343285231211e+01,8.338075903357096763e+01,8.870511765289873551e+01
1.200000000000000000e+02,1.200000000000000000e+02,1.200000000000000000e+02,1.200000000000000000e+02,1.200000000000000000e+02,1.200000000000000000e+02,1.200000000000000000e+02,1.200000000000000000e+02,1.200000000000000000e+02,1.200000000000000000e+02,1.085512130545193230e+02,1.085512083088291320e+02,1.085512146481838300e+02,1.085512222691209558e+02,1.085512343391413737e+02,1.085512396559464747e+02,1.085510308214036570e+02,1.085470563348361566e+02,1.084767275432498934e+02,1.072386662181599206e+02,8.645473296532350105e+01,8.443963307302463761e+01,8.320640586025675134e+01,8.338075755169913350e+01,8.870511784069344685e+01
1.200000000000000000e+02,1.200000000000000000e+02,1.200000000000000000e+02,1.200000000000000000e+02,1.200000000000000000e+02,1.200000000000000000e+02,1.200000000000000000e+02,1.200000000000000000e+02,1.200000000000000000e+02,1.200000000000000000e+02,1.085512018499030518e+02,1.085512036183333322e+02,1.085512057049121353e+02,1.085512182575036206e+02,1.085512299700826020e+02,1.085512356213019984e+02,1.085510330889021162e+02,1.085470522430162248e+02,1.084767286860766546e+02,1.072386648154551665e+02,8.645473183000855499e+01,8.443963500015638601e+01,8.320640367256157788e+01,8.338075936564709423e+01,8.870511671122207531e+01
1.200000000000000000e+02,1.200000000000000000e+02,1.200000000000000000e+02,1.200000000000000000e+02,1.200000000000000000e+02,1.200000000000000000e+02,1.200000000000000000e+02,1.200000000000000000e+02,1.200000000000000000e+02,1.200000000000000000e+02,1.085511875128756571e+02,1.085511932046506587e+02,1.085512028586316973e+02,1.085512098681641788e+02,1.085512269527852567e+02,1.085512318320570273e+02,1.085510294778653133e+02,1.085470544258752881e+02,1.084767249328642578e+02,1.072386663055624183e+02,8.645472918019727615e+01,8.443963469090695639e+01,8.320640466962129267e+01,8.338075787838225494e+01,8.870511813538597323e+01
1.200000000000000000e+02,1.200000000000000000e+02,1.200000000000000000e+02,1.200000000000000000e+02,1.200000000000000000e+02,1.200000000000000000e+02,1.200000000000000000e+02,1.200000000000000000e+02,1.200000000000000000e+02,1.200000000000000000e+02,1.085512292474000873e+02,1.085512230219392080e+02,1.085512247079719117e+02,1.085512315603895530e+02,1.085512361612062335e+02,1.085512418151869980e+02,1.085510347093310344e+02,1.085470570665239620e+02,1.084767308233773662e+02,1.072386652948654131e+02,8.645473415421507468e+01,8.443963312987668246e+01,8.320640528200080155e+01,8.338075868665913504e+01,8.870511717455785572e+01
1.200000000000000000e+02,1.200000000000000000e+02,1.200000000000000000e+02,1.200000000000000000e+02,1.200000000000000000e+02,1.200000000000000000e+02,1.200000000000000000e+02,1.200000000000000000e+02,1.200000000000000000e+02,1.200000000000000000e+02,1.085512204318150395e+02,1.085512174914402408e+02,1.085512195646913227e+02,1.085512271333687977e+02,1.085512386725315963e+02,1.085512372775454963e+02,1.085510351838279490e+02,1.085470555025272290e+02,1.084767289438676414e+02,1.072386675528070867e+02,8.645472956992621505e+01,8.443963632154088828e+01,8.320640343471910683e+01,8.338075903667007083e+01,8.870511765600446097e+01
1.200000000000000000e+02,1.200000000000000000e+02,1.200000000000000000e+02,1.200000000000000000e+02,1.200000000000000000e+02,1.200000000000000000e+02,1.200000000000000000e+02,1.200000000000000000e+02,1.200000000000000000e+02,1.200000000000000000e+02,1.085512130545193088e+02,1.085512083088291462e+02,1.085512146481838158e+02,1.085512222691209701e+02,1.085512343391413594e+02,1.085512396559464747e+02,1.085510308214036854e+02,1.085470563348363271e+02,1.084767275432518403e+02,1.072386662181823311e+02,8.645473296554021658e+01,8.443963307370395910e+01,8.320640586183137088e+01,8.338075755431319180e+01,8.870511784331309002e+01
1.200000000000000000e+02,1.200000000000000000e+02,1.200000000000000000e+02,1.200000000000000000e+02,1.200000000000000000e+02,1.200000000000000000e+02,1.200000000000000000e+02,1.200000000000000000e+02,1.200000000000000000e+02,1.200000000000000000e+02,1.085512018499030660e+02,1.085512036183333180e+02,1.085512057049121211e+02,1.085512182575036206e+02,1.085512299700826020e+02,1.085512356213019984e+02,1.085510330889021304e+02,1.085470522430163811e+02,1.084767286860782889e+02,1.072386648154740953e+02,8.645473183019134922e+01,8.443963500072939610e+01,8.320640367388978120e+01,8.338075936785206466e+01,8.870511671343176374e+01
1.200000000000000000e+02,1.200000000000000000e+02,1.200000000000000000e+02,1.200000000000000000e+02,1.200000000000000000e+02,1.200000000000000000e+02,1.200000000000000000e+02,1.200000000000000000e+02,1.200000000000000000e+02,1.200000000000000000e+02,1.085511875128756571e+02,1.085511932046506871e+02,1.085512028586317115e+02,1.085512098681641930e+02,1.085512269527852425e+02,1.085512318320570273e+02,1.085510294778652991e+02,1.085470544258754160e+02,1.084767249328656362e+02,1.072386663055783487e+02,8.645472918035147813e+01,8.443963469139028177e+01,8.320640467074163382e+01,8.338075788024212898e+01,8.870511813724984052e+01
1.200000000000000000e+02,1.200000000000000000e+02,1.200000000000000000e+02,1.200000000000000000e+02,1.200000000000000000e+02,1.200000000000000000e+02,1.200000000000000000e+02,1.200000000000000000e+02,1.200000000000000000e+02,1.200000000000000000e+02,1.085512292474001015e+02,1.085512230219392080e+02,1.085512247079719259e+02,1.085512315603895530e+02,1.085512361612062477e+02,1.085512418151869980e+02,1.085510347093310344e+02,1.085470570665240757e+02,1.084767308233785030e+02,1.072386652948788708e+02,8.645473415434510400e+01,8.443963313028439188e+01,8.320640528294576654e+01,8.338075868822794234e+01,8.870511717612998837e+01
1.200000000000000000e+02,1.200000000000000000e+02,1.200000000000000000e+02,1.200000000000000000e+02,1.200000000000000000e+02,1.200000000000000000e+02,1.200000000000000000e+02,1.200000000000000000e+02,1.200000000000000000e+02,1.200000000000000000e+02,1.085512204318150111e+02,1.085512174914402408e+02,1.085512195646913085e+02,1.085512271333688119e+02,1.085512386725315963e+02,1.085512372775454821e+02,1.085510351838279490e+02,1.085470555025273285e+02,1.084767289438686362e+02,1.072386675528184270e+02,8.645472957003593706e+01,8.443963632188477675e+01,8.320640343551620788e+01,8.338075903799334299e+01,8.870511765733056109e+01
1.200000000000000000e+02,1.200000000000000000e+02,1.200000000000000000e+02,1.200000000000000000e+02,1.200000000000000000e+02,1.200000000000000000e+02,1.200000000000000000e+02,1.200000000000000000e+02,1.200000000000000000e+02,1.200000000000000000e+02,1.085512130545193230e+02,1.085512083088291320e+02,1.085512146481838158e+02,1.085512222691209558e+02,1.085512343391413737e+02,1.085512396559464747e+02,1.085510308214036996e+02,1.085470563348364124e+02,1.084767275432526645e+02,1.072386662181919093e+02,8.645473296563275767e+01,8.443963307399404528e+01,8.320640586250368642e+01,8.338075755542935497e+01,8.870511784443166903e+01
1.200000000000000000e+02,1.200000000000000000e+02,1.200000000000000000e+02,1.200000000000000000e+02,1.200000000000000000e+02,1.200000000000000000e+02,1.200000000000000000e+02,1.200000000000000000e+02,1.200000000000000000e+02,1.200000000000000000e+02,1.085512018499030660e+02,1.085512036183333322e+02,1.085512057049121353e+02,1.085512182575036206e+02,1.085512299700826020e+02,1.085512356213020126e+02,1.085510330889021162e+02,1.085470522430164237e+02,1.084767286860789710e+02,1.072386648154821671e+02,8.645473183026939523e+01,8.443963500097406438e+01,8.320640367445690799e+01,8.338075936879350536e+01,8.870511671437525081e+01
1.200000000000000000e+02,1.200000000000000000e+02,1.200000000000000000e+02,1.200000000000000000e+02,1.200000000000000000e+02,1.200000000000000000e+02,1.200000000000000000e+02,1.200000000000000000e+02,1.200000000000000000e+02,1.200000000000000000e+02,1.085511875128756287e+02,1.085511932046506729e+02,1.085512028586317257e+02,1.085512098681641930e+02,1.085512269527852425e+02,1.085512318320570273e+02,1.085510294778653133e+02,1.085470544258754586e+02,1.084767249328662047e+02,1.072386663055851699e+02,8.645472918041733124e+01,8.443963469159665181e+01,8.320640467121998540e+01,8.338075788103623154e+01,8.870511813804567680e+01
1.200000000000000000e+02,1.200000000000000000e+02,1.200000000000000000e+02,1.200000000000000000e+02,1.200000000000000000e+02,1.200000000000000000e+02,1.200000000000000000e+02,1.200000000000000000e+02,1.200000000000000000e+02,1.200000000000000000e+02,1.085512292474001015e+02,1.085512230219392080e+02,1.085512247079719117e+02,1.085512315603895672e+02,1.085512361612062620e+02,1.085512418151869980e+02,1.085510347093310486e+02,1.085470570665241041e+02,1.084767308233790146e+02,1.072386652948846120e+02,8.645473415440064002e+01,8.443963313045846064e+01,8.320640528334925534e+01,8.338075868889777098e+01,8.870511717680130914e+01
1.200000000000000000e+02,1.200000000000000000e+02,1.200000000000000000e+02,1.200000000000000000e+02,1.200000000000000000e+02,1.200000000000000000e+02,1.200000000000000000e+02,1.200000000000000000e+02,1.200000000000000000e+02,1.200000000000000000e+02,1.085512204318150111e+02,1.085512174914402550e+02,1.085512195646913369e+02,1.085512271333687835e+02,1.085512386725316105e+02,1.085512372775454821e+02,1.085510351838279490e+02,1.085470555025273711e+02,1.084767289438690483e+02,1.072386675528232871e+02,8.645472957008277604e+01,8.443963632203161751e+01,8.320640343585654364e+01,8.338075903855833815e+01,8.870511765789677838e+01
1.200000000000000000e+02,1.200000000000000000e+02,1.200000000000000000e+02,1.200000000000000000e+02,1.200000000000000000e+02,1.200000000000000000e+02,1.200000000000000000e+02,1.200000000000000000e+02,1.200000000000000000e+02,1.200000000000000000e+02,1.085512130545193230e+02,1.085512083088291320e+02,1.085512146481838300e+02,1.085512222691209701e+02,1.085512343391413594e+02,1.085512396559464747e+02,1.085510308214037138e+02,1.085470563348364266e+02,1.084767275432530056e+02,1.072386662181959878e+02,8.645473296567224963e+01,8.443963307411787866e+01,8.320640586279077411e+01,8.338075755590594440e+01,8.870511784490922480e+01
1.200000000000000000e+02,1.200000000000000000e+02,1.200000000000000000e+02,1.200000000000000000e+02,1.200000000000000000e+02,1.200000000000000000e+02,1.200000000000000000e+02,1.200000000000000000e+02,1.200000000000000000e+02,1.200000000000000000e+02,1.085512018499030518e+02,1.085512036183333464e+02,1.085512057049121211e+02,1.085512182575036348e+02,1.085512299700826162e+02,1.085512356213019984e+02,1.085510330889021446e+02,1.085470522430164806e+02,1.084767286860792694e+02,1.072386648154856204e+02,8.645473183030273390e+01,8.443963500107851416e+01,8.320640367469904675e+01,8.338075936919553044e+01,8.870511671477810012e+01
1.200000000000000000e+02,1.200000000000000000e+02,1.200000000000000000e+02,1.200000000000000000e+02,1.200000000000000000e+02,1.200000000000000000e+02,1.200000000000000000e+02,1.200000000000000000e+02,1.200000000000000000e+02,1.200000000000000000e+02,1.085511875128756571e+02,1.085511932046506729e+02,1.085512028586317257e+02,1.085512098681641646e+02,1.085512269527852567e+02,1.085512318320570415e+02,1.085510294778653133e+02,1.085470544258754870e+02,1.084767249328664889e+02,1.072386663055880831e+02,8.645472918044539767e+01,8.443963469168477332e+01,8.320640467142420960e+01,8.338075788137531674e+01,8.870511813838550097e+01
1.200000000000000000e+02,1.200000000000000000e+02,1.200000000000000000e+02,1.200000000000000000e+02,1.200000000000000000e+02,1.200000000000000000e+02,1.200000000000000000e+02,1.200000000000000000e+02,1.200000000000000000e+02,1.200000000000000000e+02,1.085512292474000873e+02,1.085512230219391938e+02,1.085512247079719117e+02,1.085512315603895814e+02,1.085512361612062477e+02,1.085512418151869980e+02,1.085510347093310770e+02,1.085470570665241041e+02,1.084767308233792136e+02,1.072386652948870989e+02,8.645473415442434373e+01,8.443963313053278341e+01,8.320640528352157617e+01,8.338075868918376443e+01,8.870511717708788524e+01
1.200000000000000000e+02,1.200000000000000000e+02,1.200000000000000000e+02,1.200000000000000000e+02,1.200000000000000000e+02,1.200000000000000000e+02,1.200000000000000000e+02,1.200000000000000000e+02,1.200000000000000000e+02,1.200000000000000000e+02,1.085512204318150253e+02,1.085512174914402408e+02,1.085512195646913369e+02,1.085512271333688119e+02,1.085512386725315963e+02,1.085512372775454679e+02,1.085510351838279632e+02,1.085470555025273995e+02,1.084767289438692188e+02,1.072386675528253619e+02,8.645472957010279913e+01,8.443963632209430159e+01,8.320640343600186384e+01,8.338075903879961004e+01,8.870511765813854765e+01
1.200000000000000000e+02,1.200000000000000000e+02,1.200000000000000000e+02,1.200000000000000000e+02,1.200000000000000000e+02,1.200000000000000000e+02,1.200000000000000000e+02,1.200000000000000000e+02,1.200000000000000000e+02,1.200000000000000000e+02,1.085512130545193230e+02,1.085512083088291462e+02,1.085512146481838300e+02,1.085512222691209701e+02,1.085512343391413594e+02,1.085512396559464889e+02,1.085510308214036996e+02,1.085470563348364408e+02,1.084767275432531903e+02,1.072386662181977357e+02,8.645473296568913213e+01,8.443963307417075725e+01,8.320640586291335694e+01,8.338075755610942963e+01,8.870511784511319320e+01
1.200000000000000000e+02,1.200000000000000000e+02,1.200000000000000000e+02,1.200000000000000000e+02,1.200000000000000000e+02,1.200000000000000000e+02,1.200000000000000000e+02,1.200000000000000000e+02,1.200000000000000000e+02,1.200000000000000000e+02,1.085512018499030660e+02,1.085512036183333322e+02,1.085512057049121211e+02,1.085512182575036348e+02,1.085512299700826020e+02,1.085512356213020126e+02,1.085510330889021446e+02,1.085470522430164806e+02,1.084767286860793973e+02,1.072386648154871125e+02,8.645473183031694475e+01,8.443963500112313625e+01,8.320640367480243071e+01,8.338075936936716914e+01,8.870511671495012251e+01
1.200000000000000000e+02,1.200000000000000000e+02,1.200000000000000000e+02,1.200000000000000000e+02,1.200000000000000000e+02,1.200000000000000000e+02,1.200000000000000000e+02,1.200000000000000000e+02,1.200000000000000000e+02,1.200000000000000000e+02,1.085511875128756429e+02,1.085511932046506871e+02,1.085512028586317257e+02,1.085512098681641646e+02,1.085512269527852425e+02,1.085512318320570131e+02,1.085510294778653133e+02,1.085470544258755154e+02,1.084767249328665741e+02,1.072386663055893194e+02,8.645472918045749111e+01,8.443963469172238945e+01,8.320640467151143582e+01,8.338075788152009693e+01,8.870511813853059380e+01
1.200000000000000000e+02,1.200000000000000000e+02,1.200000000000000000e+02,1.200000000000000000e+02,1.200000000000000000e+02,1.200000000000000000e+02,1.200000000000000000e+02,1.200000000000000000e+02,1.200000000000000000e+02,1.200000000000000000e+02,1.085512292474000873e+02,1.085512230219392222e+02,1.085512247079719117e+02,1.085512315603895530e+02,1.085512361612062620e+02,1.085512418151869980e+02,1.085510347093310486e+02,1.085470570665241326e+02,1.084767308233793273e+02,1.072386652948881220e+02,8.645473415443446186e+01,8.443963313056457309e+01,8.320640528359508892e+01,8.338075868930590673e+01,8.870511717721029754e+01
1.200000000000000000e+02,1.200000000000000000e+02,1.200000000000000000e+02,1.200000000000000000e+02,1.200000000000000000e+02,1.200000000000000000e+02,1.200000000000000000e+02,1.200000000000000000e+02,1.200000000000000000e+02,1.200000000000000000e+02,1.085512204318150253e+02,1.085512174914402408e+02,1.085512195646913369e+02,1.085512271333687977e+02,1.085512386725316105e+02,1.085512372775454963e+02,1.085510351838279632e+02,1.085470555025273853e+02,1.084767289438693041e+02,1.072386675528262430e+02,8.645472957011132564e+01,8.443963632212104642e+01,8.320640343606395106e+01,8.338075903890258189e+01,8.870511765824176109e+01
1.200000000000000000e+02,1.200000000000000000e+02,1.200000000000000000e+02,1.200000000000000000e+02,1.200000000000000000e+02,1.200000000000000000e+02,1.200000000000000000e+02,1.200000000000000000e+02,1.200000000000000000e+02,1.200000000000000000e+02,1.085512130545193088e+02,1.085512083088291320e+02,1.085512146481838158e+02,1.085512222691209701e+02,1.085512343391413594e+02,1.085512396559464747e+02,1.085510308214036996e+02,1.085470563348364550e+02,1.084767275432532330e+02,1.072386662181984889e+02,8.645473296569637967e+01,8.443963307419336672e+01,8.320640586296566710e+01,8.338075755619635743e+01,8.870511784520022047e+01
1.200000000000000000e+02,1.200000000000000000e+02,1.200000000000000000e+02,1.200000000000000000e+02,1.200000000000000000e+02,1.200000000000000000e+02,1.200000000000000000e+02,1.200000000000000000e+02,1.200000000000000000e+02,1.200000000000000000e+02,1.085512018499030802e+02,1.085512036183333180e+02,1.085512057049121069e+02,1.085512182575036348e+02,1.085512299700826304e+02,1.085512356213020126e+02,1.085510330889021446e+02,1.085470522430164806e+02,1.084767286860794684e+02,1.072386648154877236e+02,8.645473183032304121e+01,8.443963500114222143e+01,8.320640367484656963e+01,8.338075936944042610e+01,8.870511671502357842e+01
1.200000000000000000e+02,1.200000000000000000e+02,1.200000000000000000e+02,1.200000000000000000e+02,1.200000000000000000e+02,1.200000000000000000e+02,1.200000000000000000e+02,1.200000000000000000e+02,1.200000000000000000e+02,1.200000000000000000e+02,1.085511875128756429e+02,1.085511932046506729e+02,1.085512028586317115e+02,1.085512098681641646e+02,1.085512269527852567e+02,1.085512318320570273e+02,1.085510294778653133e+02,1.085470544258754870e+02,1.084767249328666310e+02,1.072386663055898595e+02,8.645472918046256439e+01,8.443963469173846192e+01,8.320640467154871089e+01,8.338075788158189994e+01,8.870511813859252470e+01
1.200000000000000000e+02,1.200000000000000000e+02,1.200000000000000000e+02,1.200000000000000000e+02,1.200000000000000000e+02,1.200000000000000000e+02,1.200000000000000000e+02,1.200000000000000000e+02,1.200000000000000000e+02,1.200000000000000000e+02,1.085512292474001015e+02,1.085512230219392080e+02,1.085512247079719117e+02,1.085512315603895672e+02,1.085512361612062620e+02,1.085512418151869980e+02,1.085510347093310628e+02,1.085470570665241183e+02,1.084767308233793415e+02,1.072386652948885626e+02,8.645473415443883880e+01,8.443963313057807341e+01,8.320640528362653754e+01,8.338075868935808899e+01,8.870511717726257928e+01
1.200000000000000000e+02,1.200000000000000000e+02,1.200000000000000000e+02,1.200000000000000000e+02,1.200000000000000000e+02,1.200000000000000000e+02,1.200000000000000000e+02,1.200000000000000000e+02,1.200000000000000000e+02,1.200000000000000000e+02,1.085512204318150253e+02,1.085512174914402550e+02,1.085512195646913227e+02,1.085512271333687977e+02,1.085512386725315963e+02,1.085512372775454821e+02,1.085510351838279490e+02,1.085470555025273995e+02,1.084767289438693183e+02,1.072386675528266267e+02,8.645472957011497783e+01,8.443963632213252879e+01,8.320640343609041167e+01,8.338075903894660712e+01,8.870511765828588580e+01
1.200000000000000000e+02,1.200000000000000000e+02,1.200000000000000000e+02,1.200000000000000000e+02,1.200000000000000000e+02,1.200000000000000000e+02,1.200000000000000000e+02,1.200000000000000000e+02,1.200000000000000000e+02,1.200000000000000000e+02,1.085512130545193230e+02,1.085512083088291320e+02,1.085512146481838158e+02,1.085512222691209558e+02,1.085512343391413594e+02,1.085512396559464747e+02,1.085510308214037138e+02,1.085470563348364266e+02,1.084767275432532614e+02,1.072386662181988015e+02,8.645473296569943500e+01,8.443963307420300168e+01,8.320640586298804919e+01,8.338075755623343355e+01,8.870511784523746712e+01
1.200000000000000000e+02,1.200000000000000000e+02,1.200000000000000000e+02,1.200000000000000000e+02,1.200000000000000000e+02,1.200000000000000000e+02,1.200000000000000000e+02,1.200000000000000000e+02,1.200000000000000000e+02,1.200000000000000000e+02,1.085512018499030660e+02,1.085512036183333180e+02,1.085512057049121211e+02,1.085512182575036491e+02,1.085512299700826020e+02,1.085512356213019984e+02,1.085510330889021446e+02,1.085470522430164948e+02,1.084767286860794542e+02,1.072386648154879936e+02,8.645473183032564179e+01,8.443963500115032161e+01,8.320640367486544164e+01,8.338075936947174682e+01,8.870511671505494178e+01
1.200000000000000000e+02,1.200000000000000000e+02,1.200000000000000000e+02,1.200000000000000000e+02,1.200000000000000000e+02,1.200000000000000000e+02,1.200000000000000000e+02,1.200000000000000000e+02,1.200000000000000000e+02,1.200000000000000000e+02,1.085511875128756287e+02,1.085511932046506729e+02,1.085512028586317257e+02,1.085512098681641788e+02,1.085512269527852567e+02,1.085512318320570273e+02,1.085510294778653275e+02,1.085470544258754870e+02,1.084767249328666452e+02,1.072386663055900726e+02,8.645472918046476707e+01,8.443963469174532577e+01,8.320640467156458442e+01,8.338075788160831792e+01,8.870511813861901373e+01
1.200000000000000000e+02,1.200000000000000000e+02,1.200000000000000000e+02,1.200000000000000000e+02,1.200000000000000000e+02,1.200000000000000000e+02,1.200000000000000000e+02,1.200000000000000000e+02,1.200000000000000000e+02,1.200000000000000000e+02,1.085512292474000873e+02,1.085512230219392080e+02,1.085512247079719117e+02,1.085512315603895672e+02,1.085512361612062335e+02,1.085512418151869980e+02,1.085510347093310486e+02,1.085470570665241468e+02,1.084767308233793415e+02,1.072386652948887757e+02,8.645473415444061516e+01,8.443963313058388565e+01,8.320640528363995259e+01,8.338075868938034318e+01,8.870511717728486190e+01
1.200000000000000000e+02,1.200000000000000000e+02,1.200000000000000000e+02,1.200000000000000000e+02,1.200000000000000000e+02,1.200000000000000000e+02,1.200000000000000000e+02,1.200000000000000000e+02,1.200000000000000000e+02,1.200000000000000000e+02,1.085512204318150395e+02,1.085512174914402550e+02,1.085512195646913369e+02,1.085512271333687977e+02,1.085512386725315963e+02,1.085512372775454679e+02,1.085510351838279632e+02,1.085470555025273853e+02,1.084767289438693325e+02,1.072386675528267830e+02,8.645472957011654103e+01,8.443963632213736048e+01,8.320640343610175194e+01,8.338075903896537966e+01,8.870511765830468676e+01
1.200000000000000000e+02,1.200000000000000000e+02,1.200000000000000000e+02,1.200000000000000000e+02,1.200000000000000000e+02,1.200000000000000000e+02,1.200000000000000000e+02,1.200000000000000000e+02,1.200000000000000000e+02,1.200000000000000000e+02,1.085512130545193088e+02,1.085512083088291178e+02,1.085512146481838158e+02,1.085512222691209701e+02,1.085512343391413737e+02,1.085512396559464889e+02,1.085510308214037138e+02,1.085470563348364408e+02,1.084767275432532614e+02,1.072386662181989294e+02,8.645473296570074240e+01,8.443963307420713704e+01,8.320640586299757047e+01,8.338075755624927865e+01,8.870511784525331223e+01
1.200000000000000000e+02,1.200000000000000000e+02,1.200000000000000000e+02,1.200000000000000000e+02,1.200000000000000000e+02,1.200000000000000000e+02,1.200000000000000000e+02,1.200000000000000000e+02,1.200000000000000000e+02,1.200000000000000000e+02,1.085512018499030660e+02,1.085512036183333180e+02,1.085512057049121069e+02,1.085512182575036491e+02,1.085512299700826162e+02,1.085512356213020126e+02,1.085510330889021589e+02,1.085470522430164806e+02,1.084767286860794826e+02,1.072386648154881073e+02,8.645473183032673603e+01,8.443963500115378906e+01,8.320640367487351341e+01,8.338075936948510503e+01,8.870511671506832840e+01
1.200000000000000000e+02,1.200000000000000000e+02,1.200000000000000000e+02,1.200000000000000000e+02,1.200000000000000000e+02,1.200000000000000000e+02,1.200000000000000000e+02,1.200000000000000000e+02,1.200000000000000000e+02,1.200000000000000000e+02,1.085511875128756571e+02,1.085511932046507013e+02,1.085512028586317257e+02,1.085512098681641788e+02,1.085512269527852425e+02,1.085512318320570273e+02,1.085510294778653133e+02,1.085470544258755012e+02,1.084767249328666452e+02,1.072386663055901863e+02,8.645472918046567656e+01,8.443963469174825320e+01,8.320640467157139142e+01,8.338075788161962976e+01,8.870511813863026873e+01
1.200000000000000000e+02,1.200000000000000000e+02,1.200000000000000000e+02,1.200000000000000000e+02,1.200000000000000000e+02,1.200000000000000000e+02,1.200000000000000000e+02,1.200000000000000000e+02,1.200000000000000000e+02,1.200000000000000000e+02,1.085512292474001015e+02,1.085512230219392222e+02,1.085512247079719117e+02,1.085512315603895530e+02,1.085512361612062477e+02,1.085512418151869980e+02,1.085510347093310486e+02,1.085470570665241468e+02,1.084767308233793699e+02,1.072386652948888468e+02,8.645473415444143939e+01,8.443963313058634412e+01,8.320640528364566535e+01,8.338075868938985025e+01,8.870511717729442580e+01
1.200000000000000000e+02,1.200000000000000000e+02,1.200000000000000000e+02,1.200000000000000000e+02,1.200000000000000000e+02,1.200000000000000000e+02,1.200000000000000000e+02,1.200000000000000000e+02,1.200000000000000000e+02,1.200000000000000000e+02,1.085512204318150111e+02,1.085512174914402408e+02,1.085512195646913227e+02,1.085512271333687835e+02,1.085512386725316105e+02,1.085512372775454821e+02,1.085510351838279490e+02,1.085470555025273853e+02,1.084767289438693609e+02,1.072386675528268398e+02,8.645472957011718051e+01,8.443963632213944948e+01,8.320640343610656942e+01,8.338075903897340879e+01,8.870511765831273010e+01
1.200000000000000000e+02,1.200000000000000000e+02,1.200000000000000000e+02,1.200000000000000000e+02,1.200000000000000000e+02,1.200000000000000000e+02,1.200000000000000000e+02,1.200000000000000000e+02,1.200000000000000000e+02,1.200000000000000000e+02,1.085512130545193230e+02,1.085512083088291178e+02,1.085512146481838300e+02,1.085512222691209558e+02,1.085512343391413594e+02,1.085512396559464889e+02,1.085510308214036996e+02,1.085470563348364550e+02,1.084767275432532756e+02,1.072386662181990005e+02,8.645473296570129662e+01,8.443963307420885656e+01,8.320640586300166319e+01,8.338075755625605723e+01,8.870511784526011922e+01
1.200000000000000000e+02,1.200000000000000000e+02,1.200000000000000000e+02,1.200000000000000000e+02,1.200000000000000000e+02,1.200000000000000000e+02,1.200000000000000000e+02,1.200000000000000000e+02,1.200000000000000000e+02,1.200000000000000000e+02,1.085512018499030518e+02,1.085512036183333464e+02,1.085512057049121211e+02,1.085512182575036348e+02,1.085512299700826162e+02,1.085512356213020126e+02,1.085510330889021446e+02,1.085470522430164948e+02,1.084767286860794826e+02,1.072386648154881499e+02,8.645473183032721920e+01,8.443963500115528120e+01,8.320640367487692401e+01,8.338075936949081779e+01,8.870511671507405538e+01
1.200000000000000000e+02,1.200000000000000000e+02,1.200000000000000000e+02,1.200000000000000000e+02,1.200000000000000000e+02,1.200000000000000000e+02,1.200000000000000000e+02,1.200000000000000000e+02,1.200000000000000000e+02,1.200000000000000000e+02,1.085511875128756429e+02,1.085511932046506587e+02,1.085512028586317257e+02,1.085512098681641646e+02,1.085512269527852567e+02,1.085512318320570273e+02,1.085510294778653275e+02,1.085470544258755154e+02,1.084767249328666452e+02,1.072386663055902289e+02,8.645472918046608868e+01,8.443963469174950376e+01,8.320640467157426201e+01,8.338075788162439039e+01,8.870511813863512884e+01
1.200000000000000000e+02,1.200000000000000000e+02,1.200000000000000000e+02,1.200000000000000000e+02,1.200000000000000000e+02,1.200000000000000000e+02,1.200000000000000000e+02,1.200000000000000000e+02,1.200000000000000000e+02,1.200000000000000000e+02,1.085512292474001015e+02,1.085512230219392080e+02,1.085512247079718975e+02,1.085512315603895672e+02,1.085512361612062762e+02,1.085512418151869838e+02,1.085510347093310486e+02,1.085470570665241468e+02,1.084767308233793699e+02,1.072386652948888752e+02,8.645473415444176624e+01,8.443963313058740994e+01,8.320640528364810962e+01,8.338075868939390034e+01,8.870511717729849011e+01
1.200000000000000000e+02,1.200000000000000000e+02,1.200000000000000000e+02,1.200000000000000000e+02,1.200000000000000000e+02,1.200000000000000000e+02,1.200000000000000000e+02,1.200000000000000000e+02,1.200000000000000000e+02,1.200000000000000000e+02,1.085512204318150253e+02,1.085512174914402408e+02,1.085512195646913369e+02,1.085512271333687835e+02,1.085512386725316105e+02,1.085512372775454963e+02,1.085510351838279632e+02,1.085470555025273853e+02,1.084767289438693467e+02,1.072386675528268825e+02,8.645472957011747894e+01,8.443963632214035897e+01,8.320640343610862999e+01,8.338075903897681940e+01,8.870511765831616913e+01
1.200000000000000000e+02,1.200000000000000000e+02,1.200000000000000000e+02,1.200000000000000000e+02,1.200000000000000000e+02,1.200000000000000000e+02,1.200000000000000000e+02,1.200000000000000000e+02,1.200000000000000000e+02,1.200000000000000000e+02,1.085512130545193088e+02,1.085512083088291320e+02,1.085512146481838158e+02,1.085512222691209985e+02,1.085512343391413594e+02,1.085512396559464889e+02,1.085510308214037281e+02,1.085470563348364550e+02,1.084767275432532614e+02,1.072386662181990147e+02,8.645473296570155242e+01,8.443963307420962394e+01,8.320640586300339692e+01,8.338075755625895624e+01,8.870511784526301824e+01
1.200000000000000000e+02,1.200000000000000000e+02,1.200000000000000000e+02,1.200000000000000000e+02,1.200000000000000000e+02,1.200000000000000000e+02,1.200000000000000000e+02,1.200000000000000000e+02,1.200000000000000000e+02,1.200000000000000000e+02,1.085512018499030802e+02,1.085512036183333180e+02,1.085512057049121353e+02,1.085512182575036206e+02,1.085512299700826446e+02,1.085512356213019984e+02,1.085510330889021446e+02,1.085470522430164948e+02,1.084767286860795110e+02,1.072386648154881641e+02,8.645473183032740394e+01,8.443963500115592069e+01,8.320640367487840194e+01,8.338075936949324785e+01,8.870511671507649964e+01
1.200000000000000000e+02,1.200000000000000000e+02,1.200000000000000000e+02,1.200000000000000000e+02,1.200000000000000000e+02,1.200000000000000000e+02,1.200000000000000000e+02,1.200000000000000000e+02,1.200000000000000000e+02,1.200000000000000000e+02,1.085511875128756429e+02,1.085511932046506871e+02,1.085512028586317257e+02,1.085512098681641646e+02,1.085512269527852425e+02,1.085512318320570557e+02,1.085510294778652991e+02,1.085470544258754870e+02,1.084767249328666594e+02,1.072386663055902432e+02,8.645472918046624500e+01,8.443963469175002956e+01,8.320640467157552678e+01,8.338075788162645097e+01,8.870511813863714679e+01
1.200000000000000000e+02,1.200000000000000000e+02,1.200000000000000000e+02,1.200000000000000000e+02,1.200000000000000000e+02,1.200000000000000000e+02,1.200000000000000000e+02,1.200000000000000000e+02,1.200000000000000000e+02,1.200000000000000000e+02,1.085512292474001015e+02,1.085512230219392080e+02,1.085512247079719259e+02,1.085512315603895672e+02,1.085512361612062477e+02,1.085512418151869980e+02,1.085510347093310770e+02,1.085470570665241326e+02,1.084767308233793557e+02,1.072386652948888894e+02,8.645473415444192256e+01,8.443963313058783626e+01,8.320640528364916122e+01,8.338075868939563406e+01,8.870511717730022383e+01
1.200000000000000000e+02,1.200000000000000000e+02,1.200000000000000000e+02,1.200000000000000000e+02,1.200000000000000000e+02,1.200000000000000000e+02,1.200000000000000000e+02,1.200000000000000000e+02,1.200000000000000000e+02,1.200000000000000000e+02,1.085512204318150395e+02,1.085512174914402408e+02,1.085512195646913227e+02,1.085512271333688119e+02,1.085512386725315963e+02,1.085512372775454821e+02,1.085510351838279490e+02,1.085470555025274280e+02,1.084767289438693609e+02,1.072386675528268682e+02,8.645472957011762105e+01,8.443963632214075687e+01,8.320640343610949685e+01,8.338075903897828312e+01,8.870511765831761863e+01
1.200000000000000000e+02,1.200000000000000000e+02,1.200000000000000000e+02,1.200000000000000000e+02,1.200000000000000000e+02,1.200000000000000000e+02,1.200000000000000000e+02,1.200000000000000000e+02,1.200000000000000000e+02,1.200000000000000000e+02,1.085512130545193230e+02,1.085512083088291320e+02,1.085512146481838300e+02,1.085512222691209558e+02,1.085512343391413737e+02,1.085512396559464747e+02,1.085510308214036996e+02,1.085470563348364408e+02,1.084767275432533040e+02,1.072386662181990431e+02,8.645473296570160926e+01,8.443963307420997921e+01,8.320640586300413588e+01,8.338075755626014995e+01,8.870511784526419774e+01
1.200000000000000000e+02,1.200000000000000000e+02,1.200000000000000000e+02,1.200000000000000000e+02,1.200000000000000000e+02,1.200000000000000000e+02,1.200000000000000000e+02,1.200000000000000000e+02,1.200000000000000000e+02,1.200000000000000000e+02,1.085512018499030660e+02,1.085512036183333322e+02,1.085512057049121353e+02,1.085512182575036348e+02,1.085512299700826020e+02,1.085512356213020126e+02,1.085510330889021446e+02,1.085470522430164806e+02,1.084767286860794826e+02,1.072386648154881925e+02,8.645473183032750342e+01,8.443963500115616228e+01,8.320640367487904143e+01,8.338075936949429945e+01,8.870511671507752283e+01
1.200000000000000000e+02,1.200000000000000000e+02,1.200000000000000000e+02,1.200000000000000000e+02,1.200000000000000000e+02,1.200000000000000000e+02,1.200000000000000000e+02,1.200000000000000000e+02,1.200000000000000000e+02,1.200000000000000000e+02,1.085511875128756429e+02,1.085511932046506729e+02,1.085512028586317257e+02,1.085512098681641646e+02,1.085512269527852425e+02,1.085512318320570273e+02,1.085510294778653133e+02,1.085470544258755012e+02,1.084767249328666452e+02,1.072386663055902289e+02,8.645472918046635868e+01,8.443963469175028536e+01,8.320640467157600995e+01,8.338075788162734625e+01,8.870511813863804207e+01
1.200000000000000000e+02,1.200000000000000000e+02,1.200000000000000000e+02,1.200000000000000000e+02,1.200000000000000000e+02,1.200000000000000000e+02,1.200000000000000000e+02,1.200000000000000000e+02,1.200000000000000000e+02,1.200000000000000000e+02,1.085512292474001015e+02,1.085512230219392222e+02,1.085512247079719117e+02,1.085512315603895672e+02,1.085512361612062620e+02,1.085512418151869980e+02,1.085510347093310344e+02,1.085470570665241468e+02,1.084767308233793699e+02,1.072386652948888894e+02,8.645473415444193677e+01,8.443963313058809206e+01,8.320640528364961597e+01,8.338075868939633040e+01,8.870511717730096279e+01
1.200000000000000000e+02,1.200000000000000000e+02,1.200000000000000000e+02,1.200000000000000000e+02,1.200000000000000000e+02,1.200000000000000000e+02,1.200000000000000000e+02,1.200000000000000000e+02,1.200000000000000000e+02,1.200000000000000000e+02,1.085512204318150253e+02,1.085512174914402408e+02,1.085512195646913369e+02,1.085512271333687977e+02,1.085512386725315963e+02,1.085512372775454821e+02,1.085510351838279632e+02,1.085470555025273853e+02,1.084767289438693609e+02,1.072386675528269109e+02,8.645472957011766368e+01,8.443963632214085635e+01,8.320640343610990897e+01,8.338075903897892260e+01,8.870511765831821549e+01
1.200000000000000000e+02,1.200000000000000000e+02,1.200000000000000000e+02,1.200000000000000000e+02,1.200000000000000000e+02,1.200000000000000000e+02,1.200000000000000000e+02,1.200000000000000000e+02,1.200000000000000000e+02,1.200000000000000000e+02,1.085512130545193088e+02,1.085512083088291320e+02,1.085512146481838300e+02,1.085512222691209843e+02,1.085512343391413594e+02,1.085512396559464747e+02,1.085510308214037138e+02,1.085470563348364550e+02,1.084767275432532614e+02,1.072386662181990431e+02,8.645473296570170874e+01,8.443963307421010711e+01,8.320640586300443431e+01,8.338075755626071839e+01,8.870511784526476617e+01
1.200000000000000000e+02,1.200000000000000000e+02,1.200000000000000000e+02,1.200000000000000000e+02,1.200000000000000000e+02,1.200000000000000000e+02,1.200000000000000000e+02,1.200000000000000000e+02,1.200000000000000000e+02,1.200000000000000000e+02,1.085512018499030660e+02,1.085512036183333180e+02,1.085512057049121069e+02,1.085512182575036348e+02,1.085512299700826304e+02,1.085512356213019984e+02,1.085510330889021446e+02,1.085470522430164948e+02,1.084767286860795110e+02,1.072386648154881783e+02,8.645473183032754605e+01,8.443963500115631859e+01,8.320640367487928302e+01,8.338075936949471156e+01,8.870511671507800600e+01
1.200000000000000000e+02,1.200000000000000000e+02,1.200000000000000000e+02,1.200000000000000000e+02,1.200000000000000000e+02,1.200000000000000000e+02,1.200000000000000000e+02,1.200000000000000000e+02,1.200000000000000000e+02,1.200000000000000000e+02,1.085511875128756571e+02,1.085511932046506729e+02,1.085512028586317257e+02,1.085512098681641788e+02,1.085512269527852425e+02,1.085512318320570273e+02,1.085510294778653275e+02,1.085470544258755012e+02,1.084767249328666594e+02,1.072386663055902574e+02,8.645472918046633026e+01,8.443963469175035641e+01,8.320640467157629416e+01,8.338075788162772994e+01,8.870511813863839734e+01
1.200000000000000000e+02,1.200000000000000000e+02,1.200000000000000000e+02,1.200000000000000000e+02,1.200000000000000000e+02,1.200000000000000000e+02,1.200000000000000000e+02,1.200000000000000000e+02,1.200000000000000000e+02,1.200000000000000000e+02,1.085512292474000873e+02,1.085512230219391938e+02,1.085512247079719117e+02,1.085512315603895672e+02,1.085512361612062477e+02,1.085512418151869838e+02,1.085510347093310770e+02,1.085470570665241468e+02,1.084767308233793557e+02,1.072386652948889036e+02,8.645473415444202203e+01,8.443963313058813469e+01,8.320640528364978650e+01,8.338075868939671409e+01,8.870511717730128964e+01
1.200000000000000000e+02,1.200000000000000000e+02,1.200000000000000000e+02,1.200000000000000000e+02,1.200000000000000000e+02,1.200000000000000000e+02,1.200000000000000000e+02,1.200000000000000000e+02,1.200000000000000000e+02,1.200000000000000000e+02,1.085512204318150253e+02,1.085512174914402550e+02,1.085512195646913369e+02,1.085512271333687835e+02,1.085512386725316105e+02,1.085512372775454821e+02,1.085510351838279490e+02,1.085470555025274138e+02,1.084767289438693467e+02,1.072386675528268682e+02,8.645472957011769211e+01,8.443963632214098425e+01,8.320640343611003686e+01,8.338075903897916419e+01,8.870511765831854234e+01
1.200000000000000000e+02,1.200000000000000000e+02,1.200000000000000000e+02,1.200000000000000000e+02,1.200000000000000000e+02,1.200000000000000000e+02,1.200000000000000000e+02,1.200000000000000000e+02,1.200000000000000000e+02,1.200000000000000000e+02,1.085512130545193230e+02,1.085512083088291320e+02,1.085512146481838300e+02,1.085512222691209701e+02,1.085512343391413452e+02,1.085512396559464889e+02,1.085510308214037138e+02,1.085470563348364408e+02,1.084767275432532898e+02,1.072386662181990289e+02,8.645473296570166610e+01,8.443963307421016395e+01,8.320640586300461905e+01,8.338075755626091734e+01,8.870511784526500776e+01
1.200000000000000000e+02,1.200000000000000000e+02,1.200000000000000000e+02,1.200000000000000000e+02,1.200000000000000000e+02,1.200000000000000000e+02,1.200000000000000000e+02,1.200000000000000000e+02,1.200000000000000000e+02,1.200000000000000000e+02,1.085512018499030802e+02,1.085512036183333322e+02,1.085512057049121211e+02,1.085512182575036348e+02,1.085512299700826162e+02,1.085512356213019984e+02,1.085510330889021446e+02,1.085470522430164948e+02,1.084767286860794826e+02,1.072386648154881925e+02,8.645473183032756026e+01,8.443963500115630438e+01,8.320640367487939670e+01,8.338075936949496736e+01,8.870511671507817653e+01
1.200000000000000000e+02,1.200000000000000000e+02,1.200000000000000000e+02,1.200000000000000000e+02,1.200000000000000000e+02,1.200000000000000000e+02,1.200000000000000000e+02,1.200000000000000000e+02,1.200000000000000000e+02,1.200000000000000000e+02,1.085511875128756429e+02,1.085511932046506729e+02,1.085512028586317257e+02,1.085512098681641788e+02,1.085512269527852567e+02,1.085512318320570415e+02,1.085510294778653133e+02,1.085470544258755012e+02,1.084767249328666594e+02,1.072386663055902432e+02,8.645472918046640132e+01,8.443963469175041325e+01,8.320640467157633680e+01,8.338075788162790047e+01,8.870511813863861050e+01
1.200000000000000000e+02,1.200000000000000000e+02,1.200000000000000000e+02,1.200000000000000000e+02,1.200000000000000000e+02,1.200000000000000000e+02,1.200000000000000000e+02,1.200000000000000000e+02,1.200000000000000000e+02,1.200000000000000000e+02,1.085512292474000873e+02,1.085512230219392080e+02,1.085512247079718975e+02,1.085512315603895672e+02,1.085512361612062762e+02,1.085512418151869980e+02,1.085510347093310628e+02,1.085470570665241183e+02,1.084767308233793699e+02,1.072386652948889179e+02,8.645473415444197940e+01,8.443963313058817732e+01,8.320640528364988597e+01,8.338075868939681357e+01,8.870511717730141754e+01
1.200000000000000000e+02,1.200000000000000000e+02,1.200000000000000000e+02,1.200000000000000000e+02,1.200000000000000000e+02,1.200000000000000000e+02,1.200000000000000000e+02,1.200000000000000000e+02,1.200000000000000000e+02,1.200000000000000000e+02,1.085512204318150253e+02,1.085512174914402408e+02,1.085512195646913227e+02,1.085512271333687977e+02,1.085512386725315963e+02,1.085512372775454963e+02,1.085510351838279632e+02,1.085470555025274138e+02,1.084767289438693325e+02,1.072386675528268967e+02,8.645472957011772053e+01,8.443963632214094162e+01,8.320640343611010792e+01,8.338075903897930630e+01,8.870511765831861339e+01
1.200000000000000000e+02,1.200000000000000000e+02,1.200000000000000000e+02,1.200000000000000000e+02,1.200000000000000000e+02,1.200000000000000000e+02,1.200000000000000000e+02,1.200000000000000000e+02,1.200000000000000000e+02,1.200000000000000000e+02,1.085512130545193230e+02,1.085512083088291320e+02,1.085512146481838158e+02,1.085512222691209701e+02,1.085512343391413594e+02,1.085512396559464889e+02,1.085510308214037138e+02,1.085470563348364550e+02,1.084767275432532898e+02,1.072386662181990147e+02,8.645473296570170874e+01,8.443963307421019238e+01,8.320640586300460484e+01,8.338075755626101682e+01,8.870511784526507881e+01
1.200000000000000000e+02,1.200000000000000000e+02,1.200000000000000000e+02,1.200000000000000000e+02,1.200000000000000000e+02,1.200000000000000000e+02,1.200000000000000000e+02,1.200000000000000000e+02,1.200000000000000000e+02,1.200000000000000000e+02,1.085512018499030518e+02,1.085512036183333464e+02,1.085512057049121353e+02,1.085512182575036348e+02,1.085512299700826162e+02,1.085512356213020126e+02,1.085510330889021589e+02,1.085470522430164948e+02,1.084767286860794826e+02,1.072386648154882067e+02,8.645473183032753184e+01,8.443963500115637544e+01,8.320640367487948197e+01,8.338075936949498157e+01,8.870511671507824758e+01
1.200000000000000000e+02,1.200000000000000000e+02,1.200000000000000000e+02,1.200000000000000000e+02,1.200000000000000000e+02,1.200000000000000000e+02,1.200000000000000000e+02,1.200000000000000000e+02,1.200000000000000000e+02,1.200000000000000000e+02,1.085511875128756429e+02,1.085511932046506729e+02,1.085512028586317257e+02,1.085512098681641788e+02,1.085512269527852567e+02,1.085512318320570273e+02,1.085510294778653275e+02,1.085470544258755012e+02,1.084767249328666452e+02,1.072386663055902432e+02,8.645472918046640132e+01,8.443963469175038483e+01,8.320640467157640785e+01,8.338075788162795732e+01,8.870511813863863892e+01
1.200000000000000000e+02,1.200000000000000000e+02,1.200000000000000000e+02,1.200000000000000000e+02,1.200000000000000000e+02,1.200000000000000000e+02,1.200000000000000000e+02,1.200000000000000000e+02,1.200000000000000000e+02,1.200000000000000000e+02,1.085512292474001015e+02,1.085512230219392080e+02,1.085512247079719117e+02,1.085512315603895672e+02,1.085512361612062477e+02,1.085512418151869980e+02,1.085510347093310486e+02,1.085470570665241468e+02,1.084767308233793841e+02,1.072386652948888894e+02,8.645473415444200782e+01,8.443963313058820574e+01,8.320640528364987176e+01,8.338075868939687041e+01,8.870511717730147438e+01
1.200000000000000000e+02,1.200000000000000000e+02,1.200000000000000000e+02,1.200000000000000000e+02,1.200000000000000000e+02,1.200000000000000000e+02,1.200000000000000000e+02,1.200000000000000000e+02,1.200000000000000000e+02,1.200000000000000000e+02,1.085512204318150253e+02,1.085512174914402408e+02,1.085512195646913227e+02,1.085512271333687977e+02,1.085512386725316105e+02,1.085512372775454679e+02,1.085510351838279632e+02,1.085470555025273995e+02,1.084767289438693609e+02,1.072386675528268967e+02,8.645472957011766368e+01,8.443963632214101267e+01,8.320640343611015055e+01,8.338075903897930630e+01,8.870511765831865603e+01
1.200000000000000000e+02,1.200000000000000000e+02,1.200000000000000000e+02,1.200000000000000000e+02,1.200000000000000000e+02,1.200000000000000000e+02,1.200000000000000000e+02,1.200000000000000000e+02,1.200000000000000000e+02,1.200000000000000000e+02,1.085512130545193230e+02,1.085512083088291320e+02,1.085512146481838158e+02,1.085512222691209843e+02,1.085512343391413594e+02,1.085512396559464747e+02,1.085510308214036996e+02,1.085470563348364550e+02,1.084767275432532756e+02,1.072386662181990573e+02,8.645473296570172295e+01,8.443963307421014974e+01,8.320640586300469010e+01,8.338075755626107366e+01,8.870511784526507881e+01
1.200000000000000000e+02,1.200000000000000000e+02,1.200000000000000000e+02,1.200000000000000000e+02,1.200000000000000000e+02,1.200000000000000000e+02,1.200000000000000000e+02,1.200000000000000000e+02,1.200000000000000000e+02,1.200000000000000000e+02,1.085512018499030518e+02,1.085512036183333464e+02,1.085512057049121353e+02,1.085512182575036206e+02,1.085512299700826162e+02,1.085512356213020126e+02,1.085510330889021446e+02,1.085470522430164948e+02,1.084767286860795110e+02,1.072386648154881925e+02,8.645473183032758868e+01,8.443963500115638965e+01,8.320640367487945355e+01,8.338075936949503841e+01,8.870511671507829021e+01
1.200000000000000000e+02,1.200000000000000000e+02,1.200000000000000000e+02,1.200000000000000000e+02,1.200000000000000000e+02,1.200000000000000000e+02,1.200000000000000000e+02,1.200000000000000000e+02,1.200000000000000000e+02,1.200000000000000000e+02,1.085511875128756287e+02,1.085511932046506729e+02,1.085512028586317399e+02,1.085512098681641788e+02,1.085512269527852567e+02,1.085512318320570415e+02,1.085510294778653275e+02,1.085470544258755012e+02,1.084767249328666594e+02,1.072386663055902574e+02,8.645472918046638711e+01,8.443963469175045589e+01,8.320640467157642206e+01,8.338075788162794311e+01,8.870511813863868156e+01
1.200000000000000000e+02,1.200000000000000000e+02,1.200000000000000000e+02,1.200000000000000000e+02,1.200000000000000000e+02,1.200000000000000000e+02,1.200000000000000000e+02,1.200000000000000000e+02,1.200000000000000000e+02,1.200000000000000000e+02,1.085512292474000873e+02,1.085512230219392222e+02,1.085512247079719117e+02,1.085512315603895672e+02,1.085512361612062620e+02,1.085512418151869980e+02,1.085510347093310628e+02,1.085470570665241326e+02,1.084767308233793557e+02,1.072386652948888894e+02,8.645473415444203624e+01,8.443963313058817732e+01,8.320640528364994282e+01,8.338075868939691304e+01,8.870511717730147438e+01
1.200000000000000000e+02,1.200000000000000000e+02,1.200000000000000000e+02,1.200000000000000000e+02,1.200000000000000000e+02,1.200000000000000000e+02,1.200000000000000000e+02,1.200000000000000000e+02,1.200000000000000000e+02,1.200000000000000000e+02,1.085512204318150253e+02,1.085512174914402266e+02,1.085512195646913227e+02,1.085512271333687977e+02,1.085512386725315963e+02,1.085512372775454963e+02,1.085510351838279490e+02,1.085470555025273995e+02,1.084767289438693609e+02,1.072386675528268967e+02,8.645472957011769211e+01,8.443963632214104109e+01,8.320640343611012213e+01,8.338075903897937735e+01,8.870511765831874129e+01
1.200000000000000000e+02,1.200000000000000000e+02,1.200000000000000000e+02,1.200000000000000000e+02,1.200000000000000000e+02,1.200000000000000000e+02,1.200000000000000000e+02,1.200000000000000000e+02,1.200000000000000000e+02,1.200000000000000000e+02,1.085512130545193088e+02,1.085512083088291462e+02,1.085512146481838158e+02,1.085512222691209701e+02,1.085512343391413737e+02,1.085512396559464747e+02,1.085510308214037281e+02,1.085470563348364266e+02,1.084767275432532756e+02,1.072386662181990573e+02,8.645473296570170874e+01,8.443963307421019238e+01,8.320640586300469010e+01,8.338075755626103103e+01,8.870511784526516408e+01
1.200000000000000000e+02,1.200000000000000000e+02,1.200000000000000000e+02,1.200000000000000000e+02,1.200000000000000000e+02,1.200000000000000000e+02,1.200000000000000000e+02,1.200000000000000000e+02,1.200000000000000000e+02,1.200000000000000000e+02,1.085512018499030660e+02,1.085512036183333322e+02,1.085512057049121211e+02,1.085512182575036348e+02,1.085512299700826304e+02,1.085512356213019984e+02,1.085510330889021446e+02,1.085470522430164948e+02,1.084767286860794826e+02,1.072386648154881925e+02,8.645473183032758868e+01,8.443963500115637544e+01,8.320640367487949618e+01,8.338075936949506684e+01,8.870511671507827600e+01
1.200000000000000000e+02,1.200000000000000000e+02,1.200000000000000000e+02,1.200000000000000000e+02,1.200000000000000000e+02,1.200000000000000000e+02,1.200000000000000000e+02,1.200000000000000000e+02,1.200000000000000000e+02,1.200000000000000000e+02,1.085511875128756429e+02,1.085511932046506729e+02,1.085512028586317257e+02,1.085512098681641788e+02,1.085512269527852425e+02,1.085512318320570415e+02,1.085510294778653133e+02,1.085470544258755012e+02,1.084767249328666452e+02,1.072386663055902432e+02,8.645472918046638711e+01,8.443963469175044168e+01,8.320640467157642206e+01,8.338075788162798574e+01,8.870511813863869577e+01
1.200000000000000000e+02,1.200000000000000000e+02,1.200000000000000000e+02,1.200000000000000000e+02,1.200000000000000000e+02,1.200000000000000000e+02,1.200000000000000000e+02,1.200000000000000000e+02,1.200000000000000000e+02,1.200000000000000000e+02,1.085512292474000873e+02,1.085512230219392080e+02,1.085512247079719259e+02,1.085512315603895672e+02,1.085512361612062477e+02,1.085512418151869980e+02,1.085510347093310770e+02,1.085470570665241326e+02,1.084767308233793557e+02,1.072386652948889179e+02,8.645473415444199361e+01,8.443963313058817732e+01,8.320640528364994282e+01,8.338075868939691304e+01,8.870511717730150281e+01
1.200000000000000000e+02,1.200000000000000000e+02,1.200000000000000000e+02,1.200000000000000000e+02,1.200000000000000000e+02,1.200000000000000000e+02,1.200000000000000000e+02,1.200000000000000000e+02,1.200000000000000000e+02,1.200000000000000000e+02,1.085512204318150253e+02,1.085512174914402550e+02,1.085512195646913369e+02,1.085512271333687977e+02,1.085512386725316105e+02,1.085512372775454821e+02,1.085510351838279632e+02,1.085470555025274138e+02,1.084767289438693467e+02,1.072386675528268825e+02,8.645472957011773474e+01,8.443963632214099846e+01,8.320640343611015055e+01,8.338075903897934893e+01,8.870511765831871287e+01
1.200000000000000000e+02,1.200000000000000000e+02,1.200000000000000000e+02,1.200000000000000000e+02,1.200000000000000000e+02,1.200000000000000000e+02,1.200000000000000000e+02,1.200000000000000000e+02,1.200000000000000000e+02,1.200000000000000000e+02,1.085512130545193230e+02,1.085512083088291462e+02,1.085512146481838300e+02,1.085512222691209701e+02,1.085512343391413594e+02,1.085512396559464747e+02,1.085510308214036996e+02,1.085470563348364550e+02,1.084767275432532898e+02,1.072386662181990289e+02,8.645473296570169452e+01,8.443963307421019238e+01,8.320640586300469010e+01,8.338075755626108787e+01,8.870511784526516408e+01
1.200000000000000000e+02,1.200000000000000000e+02,1.200000000000000000e+02,1.200000000000000000e+02,1.200000000000000000e+02,1.200000000000000000e+02,1.200000000000000000e+02,1.200000000000000000e+02,1.200000000000000000e+02,1.200000000000000000e+02,1.085512018499030518e+02,1.085512036183333464e+02,1.085512057049121211e+02,1.085512182575036206e+02,1.085512299700826162e+02,1.085512356213020126e+02,1.085510330889021446e+02,1.085470522430164806e+02,1.084767286860794968e+02,1.072386648154882067e+02,8.645473183032754605e+01,8.443963500115636123e+01,8.320640367487949618e+01,8.338075936949506684e+01,8.870511671507831863e+01
1.200000000000000000e+02,1.200000000000000000e+02,1.200000000000000000e+02,1.200000000000000000e+02,1.200000000000000000e+02,1.200000000000000000e+02,1.200000000000000000e+02,1.200000000000000000e+02,1.200000000000000000e+02,1.200000000000000000e+02,1.085511875128756429e+02,1.085511932046506729e+02,1.085512028586317115e+02,1.085512098681641788e+02,1.085512269527852283e+02,1.085512318320570273e+02,1.085510294778653275e+02,1.085470544258755154e+02,1.084767249328666452e+02,1.072386663055902574e+02,8.645472918046640132e+01,8.443963469175041325e+01,8.320640467157642206e+01,8.338075788162801416e+01,8.870511813863870998e+01
1.200000000000000000e+02,1.200000000000000000e+02,1.200000000000000000e+02,1.200000000000000000e+02,1.200000000000000000e+02,1.200000000000000000e+02,1.200000000000000000e+02,1.200000000000000000e+02,1.200000000000000000e+02,1.200000000000000000e+02,1.085512292474000873e+02,1.085512230219392080e+02,1.085512247079718975e+02,1.085512315603895672e+02,1.085512361612062762e+02,1.085512418151869838e+02,1.085510347093310486e+02,1.085470570665241468e+02,1.084767308233793841e+02,1.072386652948888894e+02,8.645473415444200782e+01,8.443963313058821996e+01,8.320640528364992861e+01,8.338075868939691304e+01,8.870511717730150281e+01
1.200000000000000000e+02,1.200000000000000000e+02,1.200000000000000000e+02,1.200000000000000000e+02,1.200000000000000000e+02,1.200000000000000000e+02,1.200000000000000000e+02,1.200000000000000000e+02,1.200000000000000000e+02,1.200000000000000000e+02,1.085512204318150111e+02,1.085512174914402550e+02,1.085512195646913369e+02,1.085512271333687977e+02,1.085512386725315963e+02,1.085512372775454963e+02,1.085510351838279632e+02,1.085470555025273995e+02,1.084767289438693609e+02,1.072386675528269109e+02,8.645472957011766368e+01,8.443963632214099846e+01,8.320640343611017897e+01,8.338075903897937735e+01,8.870511765831871287e+01
1.200000000000000000e+02,1.200000000000000000e+02,1.200000000000000000e+02,1.200000000000000000e+02,1.200000000000000000e+02,1.200000000000000000e+02,1.200000000000000000e+02,1.200000000000000000e+02,1.200000000000000000e+02,1.200000000000000000e+02,1.085512130545193088e+02,1.085512083088291178e+02,1.085512146481838158e+02,1.085512222691209843e+02,1.085512343391413594e+02,1.085512396559464605e+02,1.085510308214037281e+02,1.085470563348364550e+02,1.084767275432532756e+02,1.072386662181990431e+02,8.645473296570175137e+01,8.443963307421016395e+01,8.320640586300470432e+01,8.338075755626110208e+01,8.870511784526514987e+01
1.200000000000000000e+02,1.200000000000000000e+02,1.200000000000000000e+02,1.200000000000000000e+02,1.200000000000000000e+02,1.200000000000000000e+02,1.200000000000000000e+02,1.200000000000000000e+02,1.200000000000000000e+02,1.200000000000000000e+02,1.085512018499030660e+02,1.085512036183333322e+02,1.085512057049121211e+02,1.085512182575036491e+02,1.085512299700826304e+02,1.085512356213019984e+02,1.085510330889021304e+02,1.085470522430165090e+02,1.084767286860794826e+02,1.072386648154881925e+02,8.645473183032757447e+01,8.443963500115641807e+01,8.320640367487946776e+01,8.338075936949506684e+01,8.870511671507831863e+01
1.200000000000000000e+02,1.200000000000000000e+02,1.200000000000000000e+02,1.200000000000000000e+02,1.200000000000000000e+02,1.200000000000000000e+02,1.200000000000000000e+02,1.200000000000000000e+02,1.200000000000000000e+02,1.200000000000000000e+02,1.085511875128756287e+02,1.085511932046506871e+02,1.085512028586317115e+02,1.085512098681641788e+02,1.085512269527852567e+02,1.085512318320570415e+02,1.085510294778653133e+02,1.085470544258754870e+02,1.084767249328666594e+02,1.072386663055902574e+02,8.645472918046638711e+01,8.443963469175044168e+01,8.320640467157645048e+01,8.338075788162798574e+01,8.870511813863870998e+01
1.200000000000000000e+02,1.200000000000000000e+02,1.200000000000000000e+02,1.200000000000000000e+02,1.200000000000000000e+02,1.200000000000000000e+02,1.200000000000000000e+02,1.200000000000000000e+02,1.200000000000000000e+02,1.200000000000000000e+02,1.085512292474000873e+02,1.085512230219392080e+02,1.085512247079719117e+02,1.085512315603895672e+02,1.085512361612062477e+02,1.085512418151869980e+02,1.085510347093310628e+02,1.085470570665241326e+02,1.084767308233793557e+02,1.072386652948889179e+02,8.645473415444203624e+01,8.443963313058817732e+01,8.320640528364994282e+01,8.338075868939694146e+01,8.870511717730148860e+01
1.200000000000000000e+02,1.200000000000000000e+02,1.200000000000000000e+02,1.200000000000000000e+02,1.200000000000000000e+02,1.200000000000000000e+02,1.200000000000000000e+02,1.200000000000000000e+02,1.200000000000000000e+02,1.200000000000000000e+02,1.085512204318150111e+02,1.085512174914402408e+02,1.085512195646913369e+02,1.085512271333687835e+02,1.085512386725316105e+02,1.085512372775454963e+02,1.085510351838279490e+02,1.085470555025273995e+02,1.084767289438693609e+02,1.072386675528268682e+02,8.645472957011772053e+01,8.443963632214102688e+01,8.320640343611013634e+01,8.338075903897937735e+01,8.870511765831872708e+01
1.200000000000000000e+02,1.200000000000000000e+02,1.200000000000000000e+02,1.200000000000000000e+02,1.200000000000000000e+02,1.200000000000000000e+02,1.200000000000000000e+02,1.200000000000000000e+02,1.200000000000000000e+02,1.200000000000000000e+02,1.085512130545193230e+02,1.085512083088291178e+02,1.085512146481838158e+02,1.085512222691209701e+02,1.085512343391413594e+02,1.085512396559464889e+02,1.085510308214037138e+02,1.085470563348364266e+02,1.084767275432532756e+02,1.072386662181990573e+02,8.645473296570166610e+01,8.443963307421022080e+01,8.320640586300471853e+01,8.338075755626107366e+01,8.870511784526514987e+01
1.200000000000000000e+02,1.200000000000000000e+02,1.200000000000000000e+02,1.200000000000000000e+02,1.200000000000000000e+02,1.200000000000000000e+02,1.200000000000000000e+02,1.200000000000000000e+02,1.200000000000000000e+02,1.200000000000000000e+02,1.085512018499030660e+02,1.085512036183333464e+02,1.085512057049121211e+02,1.085512182575036206e+02,1.085512299700826020e+02,1.085512356213020126e+02,1.085510330889021589e+02,1.085470522430164806e+02,1.084767286860794826e+02,1.072386648154882067e+02,8.645473183032758868e+01,8.443963500115634702e+01,8.320640367487951039e+01,8.338075936949508105e+01,8.870511671507831863e+01
1.200000000000000000e+02,1.200000000000000000e+02,1.200000000000000000e+02,1.200000000000000000e+02,1.200000000000000000e+02,1.200000000000000000e+02,1.200000000000000000e+02,1.200000000000000000e+02,1.200000000000000000e+02,1.200000000000000000e+02,1.085511875128756429e+02,1.085511932046506729e+02,1.085512028586317257e+02,1.085512098681641788e+02,1.085512269527852567e+02,1.085512318320570273e+02,1.085510294778653133e+02,1.085470544258755154e+02,1.084767249328666594e+02,1.072386663055902289e+02,8.645472918046640132e+01,8.443963469175044168e+01,8.320640467157640785e+01,8.338075788162801416e+01,8.870511813863872419e+01
1.200000000000000000e+02,1.200000000000000000e+02,1.200000000000000000e+02,1.200000000000000000e+02,1.200000000000000000e+02,1.200000000000000000e+02,1.200000000000000000e+02,1.200000000000000000e+02,1.200000000000000000e+02,1.200000000000000000e+02,1.085512292474000873e+02,1.085512230219392080e+02,1.085512247079718975e+02,1.085512315603895672e+02,1.085512361612062477e+02,1.085512418151869980e+02,1.085510347093310628e+02,1.085470570665241183e+02,1.084767308233793699e+02,1.072386652948889036e+02,8.645473415444197940e+01,8.443963313058821996e+01,8.320640528364997124e+01,8.338075868939689883e+01,8.870511717730151702e+01
1.200000000000000000e+02,1.200000000000000000e+02,1.200000000000000000e+02,1.200000000000000000e+02,1.200000000000000000e+02,1.200000000000000000e+02,1.200000000000000000e+02,1.200000000000000000e+02,1.200000000000000000e+02,1.200000000000000000e+02,1.085512204318150253e+02,1.085512174914402408e+02,1.085512195646913227e+02,1.085512271333687835e+02,1.085512386725315963e+02,1.085512372775454963e+02,1.085510351838279490e+02,1.085470555025274138e+02,1.084767289438693467e+02,1.072386675528268825e+02,8.645472957011772053e+01,8.443963632214097004e+01,8.320640343611017897e+01,8.338075903897939156e+01,8.870511765831871287e+01
1.200000000000000000e+02,1.200000000000000000e+02,1.200000000000000000e+02,1.200000000000000000e+02,1.200000000000000000e+02,1.200000000000000000e+02,1.200000000000000000e+02,1.200000000000000000e+02,1.200000000000000000e+02,1.200000000000000000e+02,1.085512130545193088e+02,1.085512083088291462e+02,1.085512146481838300e+02,1.085512222691209843e+02,1.085512343391413594e+02,1.085512396559464747e+02,1.085510308214037138e+02,1.085470563348364408e+02,1.084767275432532898e+02,1.072386662181990289e+02,8.645473296570173716e+01,8.443963307421019238e+01,8.320640586300466168e+01,8.338075755626111629e+01,8.870511784526519250e+01
1.200000000000000000e+02,1.200000000000000000e+02,1.200000000000000000e+02,1.200000000000000000e+02,1.200000000000000000e+02,1.200000000000000000e+02,1.200000000000000000e+02,1.200000000000000000e+02,1.200000000000000000e+02,1.200000000000000000e+02,1.085512018499030660e+02,1.085512036183333322e+02,1.085512057049121211e+02,1.085512182575036348e+02,1.085512299700826304e+02,1.085512356213019984e+02,1.085510330889021304e+02,1.085470522430164948e+02,1.084767286860794826e+02,1.072386648154881925e+02,8.645473183032754605e+01,8.443963500115638965e+01,8.320640367487949618e+01,8.338075936949503841e+01,8.870511671507833285e+01
1.200000000000000000e+02,1.200000000000000000e+02,1.200000000000000000e+02,1.200000000000000000e+02,1.200000000000000000e+02,1.200000000000000000e+02,1.200000000000000000e+02,1.200000000000000000e+02,1.200000000000000000e+02,1.200000000000000000e+02,1.085511875128756287e+02,1.085511932046506729e+02,1.085512028586317115e+02,1.085512098681641646e+02,1.085512269527852425e+02,1.085512318320570415e+02,1.085510294778653133e+02,1.085470544258754870e+02,1.084767249328666594e+02,1.072386663055902574e+02,8.645472918046640132e+01,8.443963469175041325e+01,8.320640467157643627e+01,8.338075788162801416e+01,8.870511813863869577e+01
1.200000000000000000e+02,1.200000000000000000e+02,1.200000000000000000e+02,1.200000000000000000e+02,1.200000000000000000e+02,1.200000000000000000e+02,1.200000000000000000e+02,1.200000000000000000e+02,1.200000000000000000e+02,1.200000000000000000e+02,1.085512292474001015e+02,1.085512230219391938e+02,1.085512247079719259e+02,1.085512315603895672e+02,1.085512361612062477e+02,1.085512418151869980e+02,1.085510347093310628e+02,1.085470570665241326e+02,1.084767308233793699e+02,1.072386652948889036e+02,8.645473415444200782e+01,8.443963313058819153e+01,8.320640528364992861e+01,8.338075868939691304e+01,8.870511717730153123e+01
1.200000000000000000e+02,1.200000000000000000e+02,1.200000000000000000e+02,1.200000000000000000e+02,1.200000000000000000e+02,1.200000000000000000e+02,1.200000000000000000e+02,1.200000000000000000e+02,1.200000000000000000e+02,1.200000000000000000e+02,1.085512204318150253e+02,1.085512174914402408e+02,1.085512195646913227e+02,1.085512271333687977e+02,1.085512386725316105e+02,1.085512372775454821e+02,1.085510351838279632e+02,1.085470555025274138e+02,1.084767289438693467e+02,1.072386675528268825e+02,8.645472957011772053e+01,8.443963632214099846e+01,8.320640343611017897e+01,8.338075903897934893e+01,8.870511765831869866e+01
1.200000000000000000e+02,1.200000000000000000e+02,1.200000000000000000e+02,1.200000000000000000e+02,1.200000000000000000e+02,1.200000000000000000e+02,1.200000000000000000e+02,1.200000000000000000e+02,1.200000000000000000e+02,1.200000000000000000e+02,1.085512130545193230e+02,1.085512083088291320e+02,1.085512146481838442e+02,1.085512222691209558e+02,1.085512343391413737e+02,1.085512396559464747e+02,1.085510308214037138e+02,1.085470563348364550e+02,1.084767275432532898e+02,1.072386662181990431e+02,8.645473296570169452e+01,8.443963307421019238e+01,8.320640586300470432e+01,8.338075755626110208e+01,8.870511784526516408e+01
1.200000000000000000e+02,1.200000000000000000e+02,1.200000000000000000e+02,1.200000000000000000e+02,1.200000000000000000e+02,1.200000000000000000e+02,1.200000000000000000e+02,1.200000000000000000e+02,1.200000000000000000e+02,1.200000000000000000e+02,1.085512018499030660e+02,1.085512036183333464e+02,1.085512057049121211e+02,1.085512182575036491e+02,1.085512299700826020e+02,1.085512356213020126e+02,1.085510330889021446e+02,1.085470522430164806e+02,1.084767286860794826e+02,1.072386648154882067e+02,8.645473183032756026e+01,8.443963500115637544e+01,8.320640367487948197e+01,8.338075936949506684e+01,8.870511671507830442e+01
1.200000000000000000e+02,1.200000000000000000e+02,1.200000000000000000e+02,1.200000000000000000e+02,1.200000000000000000e+02,1.200000000000000000e+02,1.200000000000000000e+02,1.200000000000000000e+02,1.200000000000000000e+02,1.200000000000000000e+02,1.085511875128756429e+02,1.085511932046506871e+02,1.085512028586317257e+02,1.085512098681641646e+02,1.085512269527852567e+02,1.085512318320570131e+02,1.085510294778653133e+02,1.085470544258755154e+02,1.084767249328666594e+02,1.072386663055902432e+02,8.645472918046640132e+01,8.443963469175042746e+01,8.320640467157642206e+01,8.338075788162798574e+01,8.870511813863870998e+01
1.200000000000000000e+02,1.200000000000000000e+02,1.200000000000000000e+02,1.200000000000000000e+02,1.200000000000000000e+02,1.200000000000000000e+02,1.200000000000000000e+02,1.200000000000000000e+02,1.200000000000000000e+02,1.200000000000000000e+02,1.085512292474001015e+02,1.085512230219392080e+02,1.085512247079719117e+02,1.085512315603895530e+02,1.085512361612062477e+02,1.085512418151869980e+02,1.085510347093310486e+02,1.085470570665241326e+02,1.084767308233793841e+02,1.072386652948888894e+02,8.645473415444200782e+01,8.443963313058819153e+01,8.320640528364992861e+01,8.338075868939691304e+01,8.870511717730147438e+01
1.200000000000000000e+02,1.200000000000000000e+02,1.200000000000000000e+02,1.200000000000000000e+02,1.200000000000000000e+02,1.200000000000000000e+02,1.200000000000000000e+02,1.200000000000000000e+02,1.200000000000000000e+02,1.200000000000000000e+02,1.085512204318150111e+02,1.085512174914402408e+02,1.085512195646913511e+02,1.085512271333687977e+02,1.085512386725315963e+02,1.085512372775454821e+02,1.085510351838279632e+02,1.085470555025273853e+02,1.084767289438693609e+02,1.072386675528268967e+02,8.645472957011767789e+01,8.443963632214098425e+01,8.320640343611016476e+01,8.338075903897936314e+01,8.870511765831872708e+01
1.200000000000000000e+02,1.200000000000000000e+02,1.200000000000000000e+02,1.200000000000000000e+02,1.200000000000000000e+02,1.200000000000000000e+02,1.200000000000000000e+02,1.200000000000000000e+02,1.200000000000000000e+02,1.200000000000000000e+02,1.085512130545193230e+02,1.085512083088291320e+02,1.085512146481838158e+02,1.085512222691209843e+02,1.085512343391413594e+02,1.085512396559464747e+02,1.085510308214037138e+02,1.085470563348364550e+02,1.084767275432532614e+02,1.072386662181990431e+02,8.645473296570172295e+01,8.443963307421017817e+01,8.320640586300469010e+01,8.338075755626107366e+01,8.870511784526514987e+01
1.200000000000000000e+02,1.200000000000000000e+02,1.200000000000000000e+02,1.200000000000000000e+02,1.200000000000000000e+02,1.200000000000000000e+02,1.200000000000000000e+02,1.200000000000000000e+02,1.200000000000000000e+02,1.200000000000000000e+02,1.085512018499030660e+02,1.085512036183333322e+02,1.085512057049121069e+02,1.085512182575036348e+02,1.085512299700826304e+02,1.085512356213020126e+02,1.085510330889021304e+02,1.085470522430164948e+02,1.084767286860794968e+02,1.072386648154881641e+02,8.645473183032757447e+01,8.443963500115638965e+01,8.320640367487948197e+01,8.338075936949505262e+01,8.870511671507831863e+01
1.200000000000000000e+02,1.200000000000000000e+02,1.200000000000000000e+02,1.200000000000000000e+02,1.200000000000000000e+02,1.200000000000000000e+02,1.200000000000000000e+02,1.200000000000000000e+02,1.200000000000000000e+02,1.200000000000000000e+02,1.085511875128756429e+02,1.085511932046506871e+02,1.085512028586317257e+02,1.085512098681641788e+02,1.085512269527852567e+02,1.085512318320570273e+02,1.085510294778653275e+02,1.085470544258754870e+02,1.084767249328666594e+02,1.072386663055902574e+02,8.645472918046637290e+01,8.443963469175044168e+01,8.320640467157643627e+01,8.338075788162798574e+01,8.870511813863870998e+01
1.200000000000000000e+02,1.200000000000000000e+02,1.200000000000000000e+02,1.200000000000000000e+02,1.200000000000000000e+02,1.200000000000000000e+02,1.200000000000000000e+02,1.200000000000000000e+02,1.200000000000000000e+02,1.200000000000000000e+02,1.085512292474001015e+02,1.085512230219392222e+02,1.085512247079719117e+02,1.085512315603895672e+02,1.085512361612062477e+02,1.085512418151869980e+02,1.085510347093310628e+02,1.085470570665241326e+02,1.084767308233793557e+02,1.072386652948889036e+02,8.645473415444205045e+01,8.443963313058816311e+01,8.320640528364994282e+01,8.338075868939691304e+01,8.870511717730150281e+01
1.200000000000000000e+02,1.200000000000000000e+02,1.200000000000000000e+02,1.200000000000000000e+02,1.200000000000000000e+02,1.200000000000000000e+02,1.200000000000000000e+02,1.200000000000000000e+02,1.200000000000000000e+02,1.200000000000000000e+02,1.085512204318150395e+02,1.085512174914402408e+02,1.085512195646913369e+02,1.085512271333687835e+02,1.085512386725315963e+02,1.085512372775454963e+02,1.085510351838279490e+02,1.085470555025273995e+02,1.084767289438693609e+02,1.072386675528268682e+02,8.645472957011772053e+01,8.443963632214104109e+01,8.320640343611012213e+01,8.338075903897936314e+01,8.870511765831871287e+01
1.200000000000000000e+02,1.200000000000000000e+02,1.200000000000000000e+02,1.200000000000000000e+02,1.200000000000000000e+02,1.200000000000000000e+02,1.200000000000000000e+02,1.200000000000000000e+02,1.200000000000000000e+02,1.200000000000000000e+02,1.085512130545193088e+02,1.085512083088291320e+02,1.085512146481838300e+02,1.085512222691209843e+02,1.085512343391413594e+02,1.085512396559464747e+02,1.085510308214037281e+02,1.085470563348364408e+02,1.084767275432532756e+02,1.072386662181990431e+02,8.645473296570166610e+01,8.443963307421022080e+01,8.320640586300470432e+01,8.338075755626104524e+01,8.870511784526519250e+01
1.200000000000000000e+02,1.200000000000000000e+02,1.200000000000000000e+02,1.200000000000000000e+02,1.200000000000000000e+02,1.200000000000000000e+02,1.200000000000000000e+02,1.200000000000000000e+02,1.200000000000000000e+02,1.200000000000000000e+02,1.085512018499030660e+02,1.085512036183333322e+02,1.085512057049121353e+02,1.085512182575036206e+02,1.085512299700826304e+02,1.085512356213019842e+02,1.085510330889021446e+02,1.085470522430164948e+02,1.084767286860794826e+02,1.072386648154881925e+02,8.645473183032757447e+01,8.443963500115634702e+01,8.320640367487951039e+01,8.338075936949508105e+01,8.870511671507830442e+01
1.200000000000000000e+02,1.200000000000000000e+02,1.200000000000000000e+02,1.200000000000000000e+02,1.200000000000000000e+02,1.200000000000000000e+02,1.200000000000000000e+02,1.200000000000000000e+02,1.200000000000000000e+02,1.200000000000000000e+02,1.085511875128756429e+02,1.085511932046506729e+02,1.085512028586317257e+02,1.085512098681641788e+02,1.085512269527852425e+02,1.085512318320570273e+02,1.085510294778652991e+02,1.085470544258755012e+02,1.084767249328666594e+02,1.072386663055902432e+02,8.645472918046640132e+01,8.443963469175042746e+01,8.320640467157640785e+01,8.338075788162799995e+01,8.870511813863870998e+01
1.200000000000000000e+02,1.200000000000000000e+02,1.200000000000000000e+02,1.200000000000000000e+02,1.200000000000000000e+02,1.200000000000000000e+02,1.200000000000000000e+02,1.200000000000000000e+02,1.200000000000000000e+02,1.200000000000000000e+02,1.085512292474001015e+02,1.085512230219391938e+02,1.085512247079719117e+02,1.085512315603895672e+02,1.085512361612062477e+02,1.085512418151869980e+02,1.085510347093310628e+02,1.085470570665241183e+02,1.084767308233793557e+02,1.072386652948889036e+02,8.645473415444196519e+01,8.443963313058820574e+01,8.320640528364997124e+01,8.338075868939689883e+01,8.870511717730154544e+01
1.200000000000000000e+02,1.200000000000000000e+02,1.200000000000000000e+02,1.200000000000000000e+02,1.200000000000000000e+02,1.200000000000000000e+02,1.200000000000000000e+02,1.200000000000000000e+02,1.200000000000000000e+02,1.200000000000000000e+02,1.085512204318150111e+02,1.085512174914402408e+02,1.085512195646913369e+02,1.085512271333687977e+02,1.085512386725316105e+02,1.085512372775454963e+02,1.085510351838279632e+02,1.085470555025274280e+02,1.084767289438693325e+02,1.072386675528268682e+02,8.645472957011773474e+01,8.443963632214095583e+01,8.320640343611017897e+01,8.338075903897937735e+01,8.870511765831869866e+01
1.200000000000000000e+02,1.200000000000000000e+02,1.200000000000000000e+02,1.200000000000000000e+02,1.200000000000000000e+02,1.200000000000000000e+02,1.200000000000000000e+02,1.200000000000000000e+02,1.200000000000000000e+02,1.200000000000000000e+02,1.085512130545193088e+02,1.085512083088291320e+02,1.085512146481838300e+02,1.085512222691209701e+02,1.085512343391413594e+02,1.085512396559464747e+02,1.085510308214037138e+02,1.085470563348364408e+02,1.084767275432532898e+02,1.072386662181990431e+02,8.645473296570168031e+01,8.443963307421022080e+01,8.320640586300463326e+01,8.338075755626110208e+01,8.870511784526517829e+01
1.200000000000000000e+02,1.200000000000000000e+02,1.200000000000000000e+02,1.200000000000000000e+02,1.200000000000000000e+02,1.200000000000000000e+02,1.200000000000000000e+02,1.200000000000000000e+02,1.200000000000000000e+02,1.200000000000000000e+02,1.085512018499030660e+02,1.085512036183333322e+02,1.085512057049121069e+02,1.085512182575036348e+02,1.085512299700826162e+02,1.085512356213020126e+02,1.085510330889021446e+02,1.085470522430164806e+02,1.084767286860794826e+02,1.072386648154882067e+02,8.645473183032754605e+01,8.443963500115636123e+01,8.320640367487951039e+01,8.338075936949503841e+01,8.870511671507831863e+01
1.200000000000000000e+02,1.200000000000000000e+02,1.200000000000000000e+02,1.200000000000000000e+02,1.200000000000000000e+02,1.200000000000000000e+02,1.200000000000000000e+02,1.200000000000000000e+02,1.200000000000000000e+02,1.200000000000000000e+02,1.085511875128756429e+02,1.085511932046506871e+02,1.085512028586317257e+02,1.085512098681641646e+02,1.085512269527852567e+02,1.085512318320570131e+02,1.085510294778653275e+02,1.085470544258754870e+02,1.084767249328666594e+02,1.072386663055902432e+02,8.645472918046642974e+01,8.443963469175039904e+01,8.320640467157642206e+01,8.338075788162801416e+01,8.870511813863866735e+01
1.200000000000000000e+02,1.200000000000000000e+02,1.200000000000000000e+02,1.200000000000000000e+02,1.200000000000000000e+02,1.200000000000000000e+02,1.200000000000000000e+02,1.200000000000000000e+02,1.200000000000000000e+02,1.200000000000000000e+02,1.085512292474001015e+02,1.085512230219392080e+02,1.085512247079719117e+02,1.085512315603895672e+02,1.085512361612062620e+02,1.085512418151869980e+02,1.085510347093310628e+02,1.085470570665241326e+02,1.084767308233793699e+02,1.072386652948889179e+02,8.645473415444197940e+01,8.443963313058821996e+01,8.320640528364991440e+01,8.338075868939691304e+01,8.870511717730153123e+01
1.200000000000000000e+02,1.200000000000000000e+02,1.200000000000000000e+02,1.200000000000000000e+02,1.200000000000000000e+02,1.200000000000000000e+02,1.200000000000000000e+02,1.200000000000000000e+02,1.200000000000000000e+02,1.200000000000000000e+02,1.085512204318150253e+02,1.085512174914402550e+02,1.085512195646913227e+02,1.085512271333687977e+02,1.085512386725316105e+02,1.085512372775454821e+02,1.085510351838279490e+02,1.085470555025273995e+02,1.084767289438693467e+02,1.072386675528268967e+02,8.645472957011769211e+01,8.443963632214098425e+01,8.320640343611017897e+01,8.338075903897933472e+01,8.870511765831871287e+01
1.200000000000000000e+02,1.200000000000000000e+02,1.200000000000000000e+02,1.200000000000000000e+02,1.200000000000000000e+02,1.200000000000000000e+02,1.200000000000000000e+02,1.200000000000000000e+02,1.200000000000000000e+02,1.200000000000000000e+02,1.085512130545193230e+02,1.085512083088291462e+02,1.085512146481838016e+02,1.085512222691209701e+02,1.085512343391413594e+02,1.085512396559464889e+02,1.085510308214037138e+02,1.085470563348364408e+02,1.084767275432532756e+02,1.072386662181990289e+02,8.645473296570172295e+01,8.443963307421019238e+01,8.320640586300467589e+01,8.338075755626110208e+01,8.870511784526512145e+01
1.200000000000000000e+02,1.200000000000000000e+02,1.200000000000000000e+02,1.200000000000000000e+02,1.200000000000000000e+02,1.200000000000000000e+02,1.200000000000000000e+02,1.200000000000000000e+02,1.200000000000000000e+02,1.200000000000000000e+02,1.085512018499030518e+02,1.085512036183333322e+02,1.085512057049121211e+02,1.085512182575036206e+02,1.085512299700826020e+02,1.085512356213019984e+02,1.085510330889021589e+02,1.085470522430164806e+02,1.084767286860794826e+02,1.072386648154881925e+02,8.645473183032757447e+01,8.443963500115638965e+01,8.320640367487948197e+01,8.338075936949505262e+01,8.870511671507833285e+01
1.200000000000000000e+02,1.200000000000000000e+02,1.200000000000000000e+02,1.200000000000000000e+02,1.200000000000000000e+02,1.200000000000000000e+02,1.200000000000000000e+02,1.200000000000000000e+02,1.200000000000000000e+02,1.200000000000000000e+02,1.085511875128756429e+02,1.085511932046506729e+02,1.085512028586317115e+02,1.085512098681641646e+02,1.085512269527852567e+02,1.085512318320570273e+02,1.085510294778653133e+02,1.085470544258755012e+02,1.084767249328666594e+02,1.072386663055902574e+02,8.645472918046640132e+01,8.443963469175044168e+01,8.320640467157643627e+01,8.338075788162798574e+01,8.870511813863869577e+01
1.200000000000000000e+02,1.200000000000000000e+02,1.200000000000000000e+02,1.200000000000000000e+02,1.200000000000000000e+02,1.200000000000000000e+02,1.200000000000000000e+02,1.200000000000000000e+02,1.200000000000000000e+02,1.200000000000000000e+02,1.085512292474000873e+02,1.085512230219392080e+02,1.085512247079719117e+02,1.085512315603895530e+02,1.085512361612062620e+02,1.085512418151869980e+02,1.085510347093310628e+02,1.085470570665241183e+02,1.084767308233793699e+02,1.072386652948888894e+02,8.645473415444202203e+01,8.443963313058817732e+01,8.320640528364992861e+01,8.338075868939692725e+01,8.870511717730148860e+01
1.200000000000000000e+02,1.200000000000000000e+02,1.200000000000000000e+02,1.200000000000000000e+02,1.200000000000000000e+02,1.200000000000000000e+02,1.200000000000000000e+02,1.200000000000000000e+02,1.200000000000000000e+02,1.200000000000000000e+02,1.085512204318150111e+02,1.085512174914402550e+02,1.085512195646913511e+02,1.085512271333687977e+02,1.085512386725315963e+02,1.085512372775454821e+02,1.085510351838279632e+02,1.085470555025273995e+02,1.084767289438693467e+02,1.072386675528268967e+02,8.645472957011769211e+01,8.443963632214104109e+01,8.320640343611013634e+01,8.338075903897934893e+01,8.870511765831874129e+01
1.200000000000000000e+02,1.200000000000000000e+02,1.200000000000000000e+02,1.200000000000000000e+02,1.200000000000000000e+02,1.200000000000000000e+02,1.200000000000000000e+02,1.200000000000000000e+02,1.200000000000000000e+02,1.200000000000000000e+02,1.085512130545193230e+02,1.085512083088291320e+02,1.085512146481838300e+02,1.085512222691209843e+02,1.085512343391413594e+02,1.085512396559464747e+02,1.085510308214037138e+02,1.085470563348364408e+02,1.084767275432532898e+02,1.072386662181990431e+02,8.645473296570173716e+01,8.443963307421019238e+01,8.320640586300470432e+01,8.338075755626107366e+01,8.870511784526512145e+01
1.200000000000000000e+02,1.200000000000000000e+02,1.200000000000000000e+02,1.200000000000000000e+02,1.200000000000000000e+02,1.200000000000000000e+02,1.200000000000000000e+02,1.200000000000000000e+02,1.200000000000000000e+02,1.200000000000000000e+02,1.085512018499030518e+02,1.085512036183333464e+02,1.085512057049121211e+02,1.085512182575036206e+02,1.085512299700826304e+02,1.085512356213020126e+02,1.085510330889021446e+02,1.085470522430164948e+02,1.084767286860794968e+02,1.072386648154881925e+02,8.645473183032756026e+01,8.443963500115638965e+01,8.320640367487946776e+01,8.338075936949508105e+01,8.870511671507830442e+01
1.200000000000000000e+02,1.200000000000000000e+02,1.200000000000000000e+02,1.200000000000000000e+02,1.200000000000000000e+02,1.200000000000000000e+02,1.200000000000000000e+02,1.200000000000000000e+02,1.200000000000000000e+02,1.200000000000000000e+02,1.085511875128756429e+02,1.085511932046506871e+02,1.085512028586317257e+02,1.085512098681641788e+02,1.085512269527852425e+02,1.085512318320570415e+02,1.085510294778653133e+02,1.085470544258754870e+02,1.084767249328666594e+02,1.072386663055902432e+02,8.645472918046638711e+01,8.443963469175042746e+01,8.320640467157643627e+01,8.338075788162797153e+01,8.870511813863870998e+01
1.200000000000000000e+02,1.200000000000000000e+02,1.200000000000000000e+02,1.200000000000000000e+02,1.200000000000000000e+02,1.200000000000000000e+02,1.200000000000000000e+02,1.200000000000000000e+02,1.200000000000000000e+02,1.200000000000000000e+02,1.085512292474000873e+02,1.085512230219392222e+02,1.085512247079719117e+02,1.085512315603895672e+02,1.085512361612062477e+02,1.085512418151869838e+02,1.085510347093310628e+02,1.085470570665241468e+02,1.084767308233793557e+02,1.072386652948889036e+02,8.645473415444203624e+01,8.443963313058819153e+01,8.320640528364992861e+01,8.338075868939692725e+01,8.870511717730151702e+01
1.200000000000000000e+02,1.200000000000000000e+02,1.200000000000000000e+02,1.200000000000000000e+02,1.200000000000000000e+02,1.200000000000000000e+02,1.200000000000000000e+02,1.200000000000000000e+02,1.200000000000000000e+02,1.200000000000000000e+02,1.085512204318150253e+02,1.085512174914402408e+02,1.085512195646913369e+02,1.085512271333687835e+02,1.085512386725315963e+02,1.085512372775454821e+02,1.085510351838279632e+02,1.085470555025273995e+02,1.084767289438693609e+02,1.072386675528268825e+02,8.645472957011767789e+01,8.443963632214104109e+01,8.320640343611016476e+01,8.338075903897937735e+01,8.870511765831872708e+01
1.200000000000000000e+02,1.200000000000000000e+02,1.200000000000000000e+02,1.200000000000000000e+02,1.200000000000000000e+02,1.200000000000000000e+02,1.200000000000000000e+02,1.200000000000000000e+02,1.200000000000000000e+02,1.200000000000000000e+02,1.085512130545193230e+02,1.085512083088291320e+02,1.085512146481838300e+02,1.085512222691209701e+02,1.085512343391413594e+02,1.085512396559464889e+02,1.085510308214037281e+02,1.085470563348364408e+02,1.084767275432532756e+02,1.072386662181990431e+02,8.645473296570170874e+01,8.443963307421017817e+01,8.320640586300470432e+01,8.338075755626107366e+01,8.870511784526516408e+01
1.200000000000000000e+02,1.200000000000000000e+02,1.200000000000000000e+02,1.200000000000000000e+02,1.200000000000000000e+02,1.200000000000000000e+02,1.200000000000000000e+02,1.200000000000000000e+02,1.200000000000000000e+02,1.200000000000000000e+02,1.085512018499030518e+02,1.085512036183333464e+02,1.085512057049121353e+02,1.085512182575036348e+02,1.085512299700826162e+02,1.085512356213019984e+02,1.085510330889021446e+02,1.085470522430164948e+02,1.084767286860794826e+02,1.072386648154881783e+02,8.645473183032758868e+01,8.443963500115637544e+01,8.320640367487946776e+01,8.338075936949506684e+01,8.870511671507830442e+01
1.200000000000000000e+02,1.200000000000000000e+02,1.200000000000000000e+02,1.200000000000000000e+02,1.200000000000000000e+02,1.200000000000000000e+02,1.200000000000000000e+02,1.200000000000000000e+02,1.200000000000000000e+02,1.200000000000000000e+02,1.085511875128756571e+02,1.085511932046506587e+02,1.085512028586317257e+02,1.085512098681641788e+02,1.085512269527852567e+02,1.085512318320570415e+02,1.085510294778653133e+02,1.085470544258755012e+02,1.084767249328666594e+02,1.072386663055902432e+02,8.645472918046637290e+01,8.443963469175044168e+01,8.320640467157642206e+01,8.338075788162798574e+01,8.870511813863872419e+01
1.200000000000000000e+02,1.200000000000000000e+02,1.200000000000000000e+02,1.200000000000000000e+02,1.200000000000000000e+02,1.200000000000000000e+02,1.200000000000000000e+02,1.200000000000000000e+02,1.200000000000000000e+02,1.200000000000000000e+02,1.085512292474001015e+02,1.085512230219391938e+02,1.085512247079718975e+02,1.085512315603895814e+02,1.085512361612062477e+02,1.085512418151869980e+02,1.085510347093310628e+02,1.085470570665241183e+02,1.084767308233793557e+02,1.072386652948889036e+02,8.645473415444200782e+01,8.443963313058817732e+01,8.320640528364997124e+01,8.338075868939691304e+01,8.870511717730147438e+01
1.200000000000000000e+02,1.200000000000000000e+02,1.200000000000000000e+02,1.200000000000000000e+02,1.200000000000000000e+02,1.200000000000000000e+02,1.200000000000000000e+02,1.200000000000000000e+02,1.200000000000000000e+02,1.200000000000000000e+02,1.085512204318150253e+02,1.085512174914402266e+02,1.085512195646913369e+02,1.085512271333687835e+02,1.085512386725316105e+02,1.085512372775454821e+02,1.085510351838279632e+02,1.085470555025274138e+02,1.084767289438693467e+02,1.072386675528268682e+02,8.645472957011772053e+01,8.443963632214099846e+01,8.320640343611013634e+01,8.338075903897937735e+01,8.870511765831872708e+01
1.200000000000000000e+02,1.200000000000000000e+02,1.200000000000000000e+02,1.200000000000000000e+02,1.200000000000000000e+02,1.200000000000000000e+02,1.200000000000000000e+02,1.200000000000000000e+02,1.200000000000000000e+02,1.200000000000000000e+02,1.085512130545193088e+02,1.085512083088291462e+02,1.085512146481838158e+02,1.085512222691209843e+02,1.085512343391413594e+02,1.085512396559464889e+02,1.085510308214037138e+02,1.085470563348364408e+02,1.084767275432532898e+02,1.072386662181990289e+02,8.645473296570168031e+01,8.443963307421022080e+01,8.320640586300469010e+01,8.338075755626105945e+01,8.870511784526513566e+01
1.200000000000000000e+02,1.200000000000000000e+02,1.200000000000000000e+02,1.200000000000000000e+02,1.200000000000000000e+02,1.200000000000000000e+02,1.200000000000000000e+02,1.200000000000000000e+02,1.200000000000000000e+02,1.200000000000000000e+02,1.085512018499030660e+02,1.085512036183333180e+02,1.085512057049121211e+02,1.085512182575036206e+02,1.085512299700826446e+02,1.085512356213019984e+02,1.085510330889021589e+02,1.085470522430164948e+02,1.084767286860794684e+02,1.072386648154882067e+02,8.645473183032753184e+01,8.443963500115637544e+01,8.320640367487949618e+01,8.338075936949506684e+01,8.870511671507830442e+01
1.200000000000000000e+02,1.200000000000000000e+02,1.200000000000000000e+02,1.200000000000000000e+02,1.200000000000000000e+02,1.200000000000000000e+02,1.200000000000000000e+02,1.200000000000000000e+02,1.200000000000000000e+02,1.200000000000000000e+02,1.085511875128756429e+02,1.085511932046506871e+02,1.085512028586316973e+02,1.085512098681641788e+02,1.085512269527852425e+02,1.085512318320570415e+02,1.085510294778653133e+02,1.085470544258755154e+02,1.084767249328666452e+02,1.072386663055902289e+02,8.645472918046641553e+01,8.443963469175041325e+01,8.320640467157642206e+01,8.338075788162799995e+01,8.870511813863869577e+01
1.200000000000000000e+02,1.200000000000000000e+02,1.200000000000000000e+02,1.200000000000000000e+02,1.200000000000000000e+02,1.200000000000000000e+02,1.200000000000000000e+02,1.200000000000000000e+02,1.200000000000000000e+02,1.200000000000000000e+02,1.085512292474001015e+02,1.085512230219392080e+02,1.085512247079719259e+02,1.085512315603895672e+02,1.085512361612062335e+02,1.085512418151869980e+02,1.085510347093310770e+02,1.085470570665241326e+02,1.084767308233793841e+02,1.072386652948889036e+02,8.645473415444197940e+01,8.443963313058820574e+01,8.320640528364992861e+01,8.338075868939691304e+01,8.870511717730154544e+01
1.200000000000000000e+02,1.200000000000000000e+02,1.200000000000000000e+02,1.200000000000000000e+02,1.200000000000000000e+02,1.200000000000000000e+02,1.200000000000000000e+02,1.200000000000000000e+02,1.200000000000000000e+02,1.200000000000000000e+02,1.085512204318150253e+02,1.085512174914402550e+02,1.085512195646913227e+02,1.085512271333688119e+02,1.085512386725316105e+02,1.085512372775454821e+02,1.085510351838279774e+02,1.085470555025274280e+02,1.084767289438693183e+02,1.072386675528269109e+02,8.645472957011769211e+01,8.443963632214097004e+01,8.320640343611017897e+01,8.338075903897936314e+01,8.870511765831869866e+01
1.200000000000000000e+02,1.200000000000000000e+02,1.200000000000000000e+02,1.200000000000000000e+02,1.200000000000000000e+02,1.200000000000000000e+02,1.200000000000000000e+02,1.200000000000000000e+02,1.200000000000000000e+02,1.200000000000000000e+02,1.085512130545193230e+02,1.085512083088291178e+02,1.085512146481838300e+02,1.085512222691209558e+02,1.085512343391413594e+02,1.085512396559464889e+02,1.085510308214037138e+02,1.085470563348364550e+02,1.084767275432533040e+02,1.072386662181990289e+02,8.645473296570175137e+01,8.443963307421019238e+01,8.320640586300466168e+01,8.338075755626107366e+01,8.870511784526517829e+01
1.200000000000000000e+02,1.200000000000000000e+02,1.200000000000000000e+02,1.200000000000000000e+02,1.200000000000000000e+02,1.200000000000000000e+02,1.200000000000000000e+02,1.200000000000000000e+02,1.200000000000000000e+02,1.200000000000000000e+02,1.085512018499030518e+02,1.085512036183333464e+02,1.085512057049121211e+02,1.085512182575036491e+02,1.085512299700826020e+02,1.085512356213020126e+02,1.085510330889021446e+02,1.085470522430164806e+02,1.084767286860794826e+02,1.072386648154882067e+02,8.645473183032751763e+01,8.443963500115640386e+01,8.320640367487948197e+01,8.338075936949502420e+01,8.870511671507830442e+01
1.200000000000000000e+02,1.200000000000000000e+02,1.200000000000000000e+02,1.200000000000000000e+02,1.200000000000000000e+02,1.200000000000000000e+02,1.200000000000000000e+02,1.200000000000000000e+02,1.200000000000000000e+02,1.200000000000000000e+02,1.085511875128756429e+02,1.085511932046506729e+02,1.085512028586317257e+02,1.085512098681641788e+02,1.085512269527852709e+02,1.085512318320570273e+02,1.085510294778653133e+02,1.085470544258755154e+02,1.084767249328666594e+02,1.072386663055902432e+02,8.645472918046641553e+01,8.443963469175038483e+01,8.320640467157645048e+01,8.338075788162798574e+01,8.870511813863868156e+01
1.200000000000000000e+02,1.200000000000000000e+02,1.200000000000000000e+02,1.200000000000000000e+02,1.200000000000000000e+02,1.200000000000000000e+02,1.200000000000000000e+02,1.200000000000000000e+02,1.200000000000000000e+02,1.200000000000000000e+02,1.085512292474000873e+02,1.085512230219392080e+02,1.085512247079719117e+02,1.085512315603895672e+02,1.085512361612062477e+02,1.085512418151869980e+02,1.085510347093310486e+02,1.085470570665241326e+02,1.084767308233793841e+02,1.072386652948889036e+02,8.645473415444200782e+01,8.443963313058823417e+01,8.320640528364990018e+01,8.338075868939691304e+01,8.870511717730153123e+01
1.200000000000000000e+02,1.200000000000000000e+02,1.200000000000000000e+02,1.200000000000000000e+02,1.200000000000000000e+02,1.200000000000000000e+02,1.200000000000000000e+02,1.200000000000000000e+02,1.200000000000000000e+02,1.200000000000000000e+02,1.085512204318150253e+02,1.085512174914402550e+02,1.085512195646913369e+02,1.085512271333687835e+02,1.085512386725316105e+02,1.085512372775454821e+02,1.085510351838279632e+02,1.085470555025273995e+02,1.084767289438693467e+02,1.072386675528269109e+02,8.645472957011769211e+01,8.443963632214102688e+01,8.320640343611017897e+01,8.338075903897933472e+01,8.870511765831872708e+01
1.200000000000000000e+02,1.200000000000000000e+02,1.200000000000000000e+02,1.200000000000000000e+02,1.200000000000000000e+02,1.200000000000000000e+02,1.200000000000000000e+02,1.200000000000000000e+02,1.200000000000000000e+02,1.200000000000000000e+02,1.085512130545193088e+02,1.085512083088291178e+02,1.085512146481838300e+02,1.085512222691209843e+02,1.085512343391413594e+02,1.085512396559464747e+02,1.085510308214037138e+02,1.085470563348364408e+02,1.084767275432532898e+02,1.072386662181990431e+02,8.645473296570175137e+01,8.443963307421017817e+01,8.320640586300470432e+01,8.338075755626110208e+01,8.870511784526514987e+01
1.200000000000000000e+02,1.200000000000000000e+02,1.200000000000000000e+02,1.200000000000000000e+02,1.200000000000000000e+02,1.200000000000000000e+02,1.200000000000000000e+02,1.200000000000000000e+02,1.200000000000000000e+02,1.200000000000000000e+02,1.085512018499030660e+02,1.085512036183333464e+02,1.085512057049121211e+02,1.085512182575036348e+02,1.085512299700826304e+02,1.085512356213019842e+02,1.085510330889021446e+02,1.085470522430164806e+02,1.084767286860794968e+02,1.072386648154881925e+02,8.645473183032756026e+01,8.443963500115641807e+01,8.320640367487948197e+01,8.338075936949506684e+01,8.870511671507831863e+01
1.200000000000000000e+02,1.200000000000000000e+02,1.200000000000000000e+02,1.200000000000000000e+02,1.200000000000000000e+02,1.200000000000000000e+02,1.200000000000000000e+02,1.200000000000000000e+02,1.200000000000000000e+02,1.200000000000000000e+02,1.085511875128756429e+02,1.085511932046506729e+02,1.085512028586317257e+02,1.085512098681641504e+02,1.085512269527852425e+02,1.085512318320570415e+02,1.085510294778652991e+02,1.085470544258754870e+02,1.084767249328666594e+02,1.072386663055902432e+02,8.645472918046638711e+01,8.443963469175042746e+01,8.320640467157646469e+01,8.338075788162797153e+01,8.870511813863870998e+01
1.200000000000000000e+02,1.200000000000000000e+02,1.200000000000000000e+02,1.200000000000000000e+02,1.200000000000000000e+02,1.200000000000000000e+02,1.200000000000000000e+02,1.200000000000000000e+02,1.200000000000000000e+02,1.200000000000000000e+02,1.085512292126359881e+02,1.085512229964497379e+02,1.085512246882231437e+02,1.085512315457394408e+02,1.085512361506374504e+02,1.085512418075884540e+02,1.085510347039462147e+02,1.085470570628363731e+02,1.084767308209545007e+02,1.072386652934449671e+02,8.645473415358577540e+01,8.443963313005843929e+01,8.320640528332873487e+01,8.338075868918961930e+01,8.870511717711609379e+01
1.200000000000000000e+02,1.200000000000000000e+02,1.200000000000000000e+02,1.200000000000000000e+02,1.200000000000000000e+02,1.200000000000000000e+02,1.200000000000000000e+02,1.200000000000000000e+02,1.200000000000000000e+02,1.200000000000000000e+02,1.085512203879616351e+02,1.085512174600526834e+02,1.085512195420033947e+02,1.085512271161581879e+02,1.085512386598239658e+02,1.085512372684888192e+02,1.085510351774806139e+02,1.085470554981628197e+02,1.084767289409841311e+02,1.072386675511132239e+02,8.645472956910305129e+01,8.443963632151245235e+01,8.320640343572895858e+01,8.338075903873331640e+01,8.870511765809850147e+01
1.200000000000000000e+02,1.200000000000000000e+02,1.200000000000000000e+02,1.200000000000000000e+02,1.200000000000000000e+02,1.200000000000000000e+02,1.200000000000000000e+02,1.200000000000000000e+02,1.200000000000000000e+02,1.200000000000000000e+02,1.085512130063255114e+02,1.085512082709773978e+02,1.085512146204825967e+02,1.085512222493543959e+02,1.085512343245188163e+02,1.085512396452884047e+02,1.085510308139477047e+02,1.085470563297778313e+02,1.084767275399146342e+02,1.072386662162147246e+02,8.645473296457241474e+01,8.443963307351062042e+01,8.320640586258397775e+01,8.338075755598778471e+01,8.870511784501105979e+01
1.200000000000000000e+02,1.200000000000000000e+02,1.200000000000000000e+02,1.200000000000000000e+02,1.200000000000000000e+02,1.200000000000000000e+02,1.200000000000000000e+02,1.200000000000000000e+02,1.200000000000000000e+02,1.200000000000000000e+02,1.085512017894739785e+02,1.085512035745656760e+02,1.085512056727560690e+02,1.085512182335787799e+02,1.085512299532275051e+02,1.085512356092069837e+02,1.085510330802900114e+02,1.085470522371540767e+02,1.084767286822676198e+02,1.072386648132443696e+02,8.645473182916963140e+01,8.443963500044122839e+01,8.320640367444855201e+01,8.338075936921569564e+01,8.870511671480481652e+01
1.200000000000000000e+02,1.200000000000000000e+02,1.200000000000000000e+02,1.200000000000000000e+02,1.200000000000000000e+02,1.200000000000000000e+02,1.200000000000000000e+02,1.200000000000000000e+02,1.200000000000000000e+02,1.200000000000000000e+02,1.085511874324129167e+02,1.085511931484989390e+02,1.085512028197157690e+02,1.085512098412790749e+02,1.085512269326134458e+02,1.085512318180592075e+02,1.085510294681891281e+02,1.085470544192269244e+02,1.084767249285206105e+02,1.072386663030880385e+02,8.645472917936213264e+01,8.443963469111183429e+01,8.320640467119076789e+01,8.338075788136895028e+01,8.870511813835933879e+01
1.200000000000000000e+02,1.200000000000000000e+02,1.200000000000000000e+02,1.200000000000000000e+02,1.200000000000000000e+02,1.200000000000000000e+02,1.200000000000000000e+02,1.200000000000000000e+02,1.200000000000000000e+02,1.200000000000000000e+02,1.085512292424423748e+02,1.085512230180565609e+02,1.085512247043800329e+02,1.085512315588038348e+02,1.085512361635977783e+02,1.085512418166502187e+02,1.085510347105606996e+02,1.085470570675425250e+02,1.084767308241435160e+02,1.072386652954656228e+02,8.645473415546639728e+01,8.443963313132371695e+01,8.320640528413751724e+01,8.338075868968613236e+01,8.870511717746255442e+01
1.200000000000000000e+02,1.200000000000000000e+02,1.200000000000000000e+02,1.200000000000000000e+02,1.200000000000000000e+02,1.200000000000000000e+02,1.200000000000000000e+02,1.200000000000000000e+02,1.200000000000000000e+02,1.200000000000000000e+02,1.085512204256415032e+02,1.085512174861850667e+02,1.085512195619859455e+02,1.085512271308075043e+02,1.085512386720403697e+02,1.085512372806517192e+02,1.085510351857971898e+02,1.085470555041242022e+02,1.084767289451731216e+02,1.072386675538367200e+02,8.645472957182764162e+01,8.443963632336321723e+01,8.320640343694014973e+01,8.338075903950044676e+01,8.870511765860375419e+01
1.200000000000000000e+02,1.200000000000000000e+02,1.200000000000000000e+02,1.200000000000000000e+02,1.200000000000000000e+02,1.200000000000000000e+02,1.200000000000000000e+02,1.200000000000000000e+02,1.200000000000000000e+02,1.200000000000000000e+02,1.085512130525097092e+02,1.085512083002747090e+02,1.085512146429286418e+02,1.085512222673688143e+02,1.085512343374505519e+02,1.085512396561418029e+02,1.085510308247751254e+02,1.085470563370124353e+02,1.084767275449917037e+02,1.072386662196808658e+02,8.645473296826580167e+01,8.443963307601694623e+01,8.320640586422544516e+01,8.338075755704706182e+01,8.870511784571922931e+01
1.200000000000000000e+02,1.200000000000000000e+02,1.200000000000000000e+02,1.200000000000000000e+02,1.200000000000000000e+02,1.200000000000000000e+02,1.200000000000000000e+02,1.200000000000000000e+02,1.200000000000000000e+02,1.200000000000000000e+02,1.085512018471587226e+02,1.085512036164729182e+02,1.085512056954450060e+02,1.085512182524959286e+02,1.085512299691582712e+02,1.085512356203902868e+02,1.085510330895592830e+02,1.085470522464161434e+02,1.084767286883118516e+02,1.072386648173871038e+02,8.645473183381497506e+01,8.443963500367760844e+01,8.320640367657256320e+01,8.338075937057703868e+01,8.870511671570145040e+01
1.200000000000000000e+02,1.200000000000000000e+02,1.200000000000000000e+02,1.200000000000000000e+02,1.200000000000000000e+02,1.200000000000000000e+02,1.200000000000000000e+02,1.200000000000000000e+02,1.200000000000000000e+02,1.200000000000000000e+02,1.085511875101707062e+02,1.085511932014598671e+02,1.085512028569946779e+02,1.085512098587340546e+02,1.085512269482019292e+02,1.085512318318624949e+02,1.085510294776541400e+02,1.085470544268626298e+02,1.084767249361848656e+02,1.072386663080083622e+02,8.645472918484793468e+01,8.443963469503815134e+01,8.320640467383886119e+01,8.338075788306956326e+01,8.870511813944824553e+01
1.200000000000000000e+02,1.200000000000000000e+02,1.200000000000000000e+02,1.200000000000000000e+02,1.200000000000000000e+02,1.200000000000000000e+02,1.200000000000000000e+02,1.200000000000000000e+02,1.200000000000000000e+02,1.200000000000000000e+02,1.085512292452453096e+02,1.085512230187200515e+02,1.085512247043817524e+02,1.085512315591249575e+02,1.085512361524250906e+02,1.085512418111345170e+02,1.085510347097649060e+02,1.085470570669223918e+02,1.084767308246200344e+02,1.072386652983610986e+02,8.645473415998388589e+01,8.443963313466208831e+01,8.320640528651695433e+01,8.338075869126342354e+01,8.870511717833650778e+01
1.200000000000000000e+02,1.200000000000000000e+02,1.200000000000000000e+02,1.200000000000000000e+02,1.200000000000000000e+02,1.200000000000000000e+02,1.200000000000000000e+02,1.200000000000000000e+02,1.200000000000000000e+02,1.200000000000000000e+02,1.085512204293616634e+02,1.085512174893311652e+02,1.085512195609056789e+02,1.085512271292166560e+02,1.085512386715239899e+02,1.085512372697285173e+02,1.085510351803724518e+02,1.085470555034981288e+02,1.084767289448098211e+02,1.072386675546530341e+02,8.645472957782946821e+01,8.443963632727619029e+01,8.320640343962855923e+01,8.338075904129499349e+01,8.870511765961799711e+01
1.200000000000000000e+02,1.200000000000000000e+02,1.200000000000000000e+02,1.200000000000000000e+02,1.200000000000000000e+02,1.200000000000000000e+02,1.200000000000000000e+02,1.200000000000000000e+02,1.200000000000000000e+02,1.200000000000000000e+02,1.085512130521938872e+02,1.085512083062019855e+02,1.085512146461799432e+02,1.085512222648733598e+02,1.085512343345169199e+02,1.085512396552177421e+02,1.085510308147266443e+02,1.085470563320042885e+02,1.084767275446892825e+02,1.072386662199325116e+02,8.645473297105341715e+01,8.443963308119685962e+01,8.320640586741893685e+01,8.338075755907355813e+01,8.870511784683506562e+01
1.200000000000000000e+02,1.200000000000000000e+02,1.200000000000000000e+02,1.200000000000000000e+02,1.200000000000000000e+02,1.200000000000000000e+02,1.200000000000000000e+02,1.200000000000000000e+02,1.200000000000000000e+02,1.200000000000000000e+02,1.085512018472283557e+02,1.085512036158138756e+02,1.085512057020742134e+02,1.085512182556443008e+02,1.085512299655323858e+02,1.085512356163440870e+02,1.085510330884690262e+02,1.085470522375422178e+02,1.084767286838918636e+02,1.072386648177539001e+02,8.645473183580688215e+01,8.443963500678273704e+01,8.320640368077533822e+01,8.338075937300361318e+01,8.870511671695477673e+01
1.200000000000000000e+02,1.200000000000000000e+02,1.200000000000000000e+02,1.200000000000000000e+02,1.200000000000000000e+02,1.200000000000000000e+02,1.200000000000000000e+02,1.200000000000000000e+02,1.200000000000000000e+02,1.200000000000000000e+02,1.085511875104645867e+02,1.085511932020070560e+02,1.085512028559542870e+02,1.085512098650749380e+02,1.085512269510963250e+02,1.085512318273912058e+02,1.085510294727376674e+02,1.085470544257483709e+02,1.084767249285891069e+02,1.072386663043943287e+02,8.645472918730123979e+01,8.443963469785506959e+01,8.320640467678481400e+01,8.338075788624378504e+01,8.870511814096657588e+01
1.200000000000000000e+02,1.200000000000000000e+02,1.200000000000000000e+02,1.200000000000000000e+02,1.200000000000000000e+02,1.200000000000000000e+02,1.200000000000000000e+02,1.200000000000000000e+02,1.200000000000000000e+02,1.200000000000000000e+02,1.085512291983812787e+02,1.085512229788338914e+02,1.085512246775875411e+02,1.085512315369401506e+02,1.085512361419986433e+02,1.085512418023109831e+02,1.085510346967847539e+02,1.085470570559083541e+02,1.084767308199256490e+02,1.072386652897099282e+02,8.645473415362990011e+01,8.443963313736394127e+01,8.320640528910556100e+01,8.338075869336971380e+01,8.870511718006612512e+01
1.200000000000000000e+02,1.200000000000000000e+02,1.200000000000000000e+02,1.200000000000000000e+02,1.200000000000000000e+02,1.200000000000000000e+02,1.200000000000000000e+02,1.200000000000000000e+02,1.200000000000000000e+02,1.200000000000000000e+02,1.085512203753251157e+02,1.085512174471483462e+02,1.085512195264703053e+02,1.085512271060035090e+02,1.085512386516081733e+02,1.085512372604268592e+02,1.085510351729903675e+02,1.085470554916971224e+02,1.084767289346147834e+02,1.072386675509502965e+02,8.645472956563614275e+01,8.443963632391890428e+01,8.320640344297012803e+01,8.338075904371552838e+01,8.870511766075463811e+01
1.200000000000000000e+02,1.200000000000000000e+02,1.200000000000000000e+02,1.200000000000000000e+02,1.200000000000000000e+02,1.200000000000000000e+02,1.200000000000000000e+02,1.200000000000000000e+02,1.200000000000000000e+02,1.200000000000000000e+02,1.085512129698279296e+02,1.085512082566724956e+02,1.085512146090057684e+02,1.085512222358562582e+02,1.085512343151318504e+02,1.085512396377686315e+02,1.085510308064852580e+02,1.085470563261384314e+02,1.084767275343038762e+02,1.072386662107052899e+02,8.645473296720389556e+01,8.443963307333832802e+01,8.320640586640277547e+01,8.338075756233126867e+01,8.870511784839834490e+01
1.200000000000000000e+02,1.200000000000000000e+02,1.200000000000000000e+02,1.200000000000000000e+02,1.200000000000000000e+02,1.200000000000000000e+02,1.200000000000000000e+02,1.200000000000000000e+02,1.200000000000000000e+02,1.200000000000000000e+02,1.085512017749234559e+02,1.085512035425043109e+02,1.085512056574832513e+02,1.085512182234196530e+02,1.085512299416452464e+02,1.085512356008160566e+02,1.085510330735650228e+02,1.085470522302966003e+02,1.084767286794834433e+02,1.072386648082988359e+02,8.645473182163482306e+01,8.443963500476954209e+01,8.320640367672253035e+01,8.338075937327076304e+01,8.870511671919227581e+01
1.200000000000000000e+02,1.200000000000000000e+02,1.200000000000000000e+02,1.200000000000000000e+02,1.200000000000000000e+02,1.200000000000000000e+02,1.200000000000000000e+02,1.200000000000000000e+02,1.200000000000000000e+02,1.200000000000000000e+02,1.085511874183733312e+02,1.085511931363759430e+02,1.085512027921823375e+02,1.085512098257431006e+02,1.085512269236272829e+02,1.085512318082370911e+02,1.085510294609675270e+02,1.085470544133894037e+02,1.084767249222736041e+02,1.072386663012027981e+02,8.645472917183829509e+01,8.443963468690867558e+01,8.320640467688642161e+01,8.338075788477060257e+01,8.870511814111651461e+01
1.200000000000000000e+02,1.200000000000000000e+02,1.200000000000000000e+02,1.200000000000000000e+02,1.200000000000000000e+02,1.200000000000000000e+02,1.200000000000000000e+02,1.200000000000000000e+02,1.200000000000000000e+02,1.200000000000000000e+02,1.085512292404315815e+02,1.085512230130800191e+02,1.085512247044014771e+02,1.085512315553393989e+02,1.085512361600073632e+02,1.085512418155992123e+02,1.085510347081520877e+02,1.085470570657853813e+02,1.084767308218513477e+02,1.072386652913081662e+02,8.645473415564110553e+01,8.443963312675289501e+01,8.320640528339549746e+01,8.338075869602239720e+01,8.870511718041483107e+01
1.200000000000000000e+02,1.200000000000000000e+02,1.200000000000000000e+02,1.200000000000000000e+02,1.200000000000000000e+02,1.200000000000000000e+02,1.200000000000000000e+02,1.200000000000000000e+02,1.200000000000000000e+02,1.200000000000000000e+02,1.085512204233592968e+02,1.085512174835713211e+02,1.085512195546050691e+02,1.085512271322340752e+02,1.085512386690839861e+02,1.085512372769507152e+02,1.085510351850192450e+02,1.085470555019284831e+02,1.084767289437733666e+02,1.072386675514254932e+02,8.645472956440148948e+01,8.443963632460005897e+01,8.320640343505060343e+01,8.338075904066428734e+01,8.870511766363054562e+01
1.200000000000000000e+02,1.200000000000000000e+02,1.200000000000000000e+02,1.200000000000000000e+02,1.200000000000000000e+02,1.200000000000000000e+02,1.200000000000000000e+02,1.200000000000000000e+02,1.200000000000000000e+02,1.200000000000000000e+02,1.085512130550616803e+02,1.085512082981253599e+02,1.085512146401520255e+02,1.085512222586066002e+02,1.085512343394513266e+02,1.085512396535895903e+02,1.085510308211108566e+02,1.085470563363810612e+02,1.084767275429046549e+02,1.072386662185901685e+02,8.645473296337294755e+01,8.443963307017290276e+01,8.320640586688050178e+01,8.338075755730156402e+01,8.870511784674732780e+01
1.200000000000000000e+02,1.200000000000000000e+02,1.200000000000000000e+02,1.200000000000000000e+02,1.200000000000000000e+02,1.200000000000000000e+02,1.200000000000000000e+02,1.200000000000000000e+02,1.200000000000000000e+02,1.200000000000000000e+02,1.085512018457724679e+02,1.085512036174930302e+02,1.085512056934466045e+02,1.085512182498766975e+02,1.085512299597231163e+02,1.085512356224765824e+02,1.085510330873730425e+02,1.085470522429437921e+02,1.084767286877774524e+02,1.072386648152030659e+02,8.645473183283195340e+01,8.443963499897694192e+01,8.320640367291102280e+01,8.338075937431874252e+01,8.870511671659647845e+01
1.200000000000000000e+02,1.200000000000000000e+02,1.200000000000000000e+02,1.200000000000000000e+02,1.200000000000000000e+02,1.200000000000000000e+02,1.200000000000000000e+02,1.200000000000000000e+02,1.200000000000000000e+02,1.200000000000000000e+02,1.085511875073506474e+02,1.085511931994330439e+02,1.085512028564271958e+02,1.085512098568272137e+02,1.085512269459383248e+02,1.085512318222495907e+02,1.085510294795674895e+02,1.085470544250392777e+02,1.084767249330516705e+02,1.072386663074012603e+02,8.645472918105828342e+01,8.443963469424987522e+01,8.320640467031864773e+01,8.338075788133456001e+01,8.870511814280021667e+01
1.200000000000000000e+02,1.200000000000000000e+02,1.200000000000000000e+02,1.200000000000000000e+02,1.200000000000000000e+02,1.200000000000000000e+02,1.200000000000000000e+02,1.200000000000000000e+02,1.200000000000000000e+02,1.200000000000000000e+02,1.085512292268887364e+02,1.085512230053211908e+02,1.085512246923730544e+02,1.085512315477169523e+02,1.085512361441209492e+02,1.085512418051202133e+02,1.085510346972678661e+02,1.085470570663872110e+02,1.084767308217692090e+02,1.072386652949541457e+02,8.645473415863956745e+01,8.443963313045549057e+01,8.320640528622254806e+01,8.338075868914937416e+01,8.870511717704168575e+01
1.200000000000000000e+02,1.200000000000000000e+02,1.200000000000000000e+02,1.200000000000000000e+02,1.200000000000000000e+02,1.200000000000000000e+02,1.200000000000000000e+02,1.200000000000000000e+02,1.200000000000000000e+02,1.200000000000000000e+02,1.085512204062376185e+02,1.085512174724482151e+02,1.085512195488947498e+02,1.085512271181689670e+02,1.085512386602439960e+02,1.085512372621757180e+02,1.085510351754826956e+02,1.085470554920614887e+02,1.084767289445012892e+02,1.072386675525107051e+02,8.645472957415506698e+01,8.443963632501159111e+01,8.320640343604191003e+01,8.338075904187761012e+01,8.870511765848362984e+01
1.200000000000000000e+02,1.200000000000000000e+02,1.200000000000000000e+02,1.200000000000000000e+02,1.200000000000000000e+02,1.200000000000000000e+02,1.200000000000000000e+02,1.200000000000000000e+02,1.200000000000000000e+02,1.200000000000000000e+02,1.085512130285544856e+02,1.085512082861585270e+02,1.085512146308220593e+02,1.085512222541078273e+02,1.085512343246640654e+02,1.085512396442512966e+02,1.085510308079822153e+02,1.085470563283040235e+02,1.084767275345354562e+02,1.072386662201112415e+02,8.645473296948266295e+01,8.443963307803089435e+01,8.320640586487419910e+01,8.338075755636043596e+01,8.870511784743966643e+01
1.200000000000000000e+02,1.200000000000000000e+02,1.200000000000000000e+02,1.200000000000000000e+02,1.200000000000000000e+02,1.200000000000000000e+02,1.200000000000000000e+02,1.200000000000000000e+02,1.200000000000000000e+02,1.200000000000000000e+02,1.085512018161236654e+02,1.085512035940715094e+02,1.085512056848796334e+02,1.085512182417725313e+02,1.085512299558779574e+02,1.085512356078192937e+02,1.085510330779907662e+02,1.085470522316410467e+02,1.084767286813844009e+02,1.072386648092048205e+02,8.645473183884919877e+01,8.443963500487073759e+01,8.320640367814614535e+01,8.338075937072756005e+01,8.870511671456239355e+01
1.200000000000000000e+02,1.200000000000000000e+02,1.200000000000000000e+02,1.200000000000000000e+02,1.200000000000000000e+02,1.200000000000000000e+02,1.200000000000000000e+02,1.200000000000000000e+02,1.200000000000000000e+02,1.200000000000000000e+02,1.085511874680870505e+02,1.085511931728793655e+02,1.085512028363645243e+02,1.085512098504521674e+02,1.085512269386428272e+02,1.085512318187496561e+02,1.085510294656186545e+02,1.085470544159303614e+02,1.084767249235845696e+02,1.072386663029491274e+02,8.645472917563640181e+01,8.443963469956167955e+01,8.320640467467963219e+01,8.338075788415926581e+01,8.870511813895713260e+01
1.200000000000000000e+02,1.200000000000000000e+02,1.200000000000000000e+02,1.200000000000000000e+02,1.200000000000000000e+02,1.200000000000000000e+02,1.200000000000000000e+02,1.200000000000000000e+02,1.200000000000000000e+02,1.200000000000000000e+02,1.085512292408323844e+02,1.085512230171880219e+02,1.085512247025687884e+02,1.085512315554062184e+02,1.085512361570830819e+02,1.085512418111517832e+02,1.085510347028645413e+02,1.085470570595154811e+02,1.084767308170812186e+02,1.072386652897918822e+02,8.645473415644619308e+01,8.443963312951787259e+01,8.320640529029702748e+01,8.338075869164089227e+01,8.870511717825758069e+01
1.200000000000000000e+02,1.200000000000000000e+02,1.200000000000000000e+02,1.200000000000000000e+02,1.200000000000000000e+02,1.200000000000000000e+02,1.200000000000000000e+02,1.200000000000000000e+02,1.200000000000000000e+02,1.200000000000000000e+02,1.085512204250100581e+02,1.085512174846435443e+02,1.085512195602716474e+02,1.085512271283571977e+02,1.085512386679553458e+02,1.085512372733907114e+02,1.085510351797955337e+02,1.085470554961487437e+02,1.084767289376341353e+02,1.072386675470557975e+02,8.645472956655197549e+01,8.443963632559170662e+01,8.320640343652507909e+01,8.338075904363998347e+01,8.870511765832284823e+01
1.200000000000000000e+02,1.200000000000000000e+02,1.200000000000000000e+02,1.200000000000000000e+02,1.200000000000000000e+02,1.200000000000000000e+02,1.200000000000000000e+02,1.200000000000000000e+02,1.200000000000000000e+02,1.200000000000000000e+02,1.085512130530049717e+02,1.085512083011775388e+02,1.085512146414145889e+02,1.085512222649091143e+02,1.085512343344626061e+02,1.085512396515902793e+02,1.085510308171014202e+02,1.085470563307717384e+02,1.084767275371043525e+02,1.072386662128518964e+02,8.645473295763906663e+01,8.443963307434394494e+01,8.320640586687869700e+01,8.338075755640407749e+01,8.870511784685724876e+01
1.200000000000000000e+02,1.200000000000000000e+02,1.200000000000000000e+02,1.200000000000000000e+02,1.200000000000000000e+02,1.200000000000000000e+02,1.200000000000000000e+02,1.200000000000000000e+02,1.200000000000000000e+02,1.200000000000000000e+02,1.085512018432640247e+02,1.085512036157435745e+02,1.085512056971424499e+02,1.085512182509746424e+02,1.085512299660421576e+02,1.085512356169362249e+02,1.085510330846975364e+02,1.085470522386141994e+02,1.084767286820510890e+02,1.072386648096578341e+02,8.645473182331970463e+01,8.443963499573278852e+01,8.320640367706327822e+01,8.338075937223342748e+01,8.870511671107395557e+01
1.200000000000000000e+02,1.200000000000000000e+02,1.200000000000000000e+02,1.200000000000000000e+02,1.200000000000000000e+02,1.200000000000000000e+02,1.200000000000000000e+02,1.200000000000000000e+02,1.200000000000000000e+02,1.200000000000000000e+02,1.085511875070646681e+02,1.085511931973893667e+02,1.085512028553639681e+02,1.085512098606759110e+02,1.085512269466603641e+02,1.085512318282130622e+02,1.085510294738309938e+02,1.085470544218418638e+02,1.084767249285082755e+02,1.072386663014186752e+02,8.645472917164750015e+01,8.443963468720517085e+01,8.320640466846676020e+01,8.338075788344646355e+01,8.870511813561023473e+01
