1.200000000000000000e+02,1.200000000000000000e+02,1.200000000000000000e+02,1.200000000000000000e+02,1.200000000000000000e+02,1.200000000000000000e+02,1.200000000000000000e+02,1.200000000000000000e+02,1.200000000000000000e+02,1.200000000000000000e+02,1.053344727826509768e+02,1.053345268974607478e+02,1.053345731527314086e+02,1.053346105341489221e+02,1.053346438976236215e+02,1.053346783422432935e+02,1.053347034280469074e+02,1.053347204691869052e+02,1.053347483564882481e+02,1.053347458810713988e+02,1.053346885391165273e+02,1.053344131464097728e+02,1.053342912877443780e+02,1.053339576774295381e+02,1.053331165072198132e+02
1.200000000000000000e+02,1.200000000000000000e+02,1.200000000000000000e+02,1.200000000000000000e+02,1.200000000000000000e+02,1.200000000000000000e+02,1.200000000000000000e+02,1.200000000000000000e+02,1.200000000000000000e+02,1.200000000000000000e+02,1.053344401074903374e+02,1.053344994938987611e+02,1.053345499847755349e+02,1.053345940882340699e+02,1.053346296572975973e+02,1.053346618936699031e+02,1.053346962906995827e+02,1.053347195618760708e+02,1.053347353329495348e+02,1.053347623236771682e+02,9.278413924557023051e+01,1.053345882580267840e+02,1.053342604695270524e+02,1.053340164769552132e+02,1.053329749758324709e+02
1.200000000000000000e+02,1.200000000000000000e+02,1.200000000000000000e+02,1.200000000000000000e+02,1.200000000000000000e+02,1.200000000000000000e+02,1.200000000000000000e+02,1.200000000000000000e+02,1.200000000000000000e+02,1.200000000000000000e+02,1.053343665507367604e+02,1.053344729361215286e+02,1.053345275354375872e+02,1.053345747400394288e+02,1.053346172718111404e+02,1.053346519249368782e+02,1.053346830808729777e+02,1.053347171213712841e+02,1.053347395876778876e+02,1.053347627789375736e+02,8.750361566467911700e+01,9.682726116760927937e+01,1.053344327200268680e+02,1.053339558100731210e+02,1.065335024468782308e+02
1.200000000000000000e+02,1.200000000000000000e+02,1.200000000000000000e+02,1.200000000000000000e+02,1.200000000000000000e+02,1.200000000000000000e+02,1.200000000000000000e+02,1.200000000000000000e+02,1.200000000000000000e+02,1.200000000000000000e+02,1.053343157657005236e+02,1.053343898736265913e+02,1.053345058693318492e+02,1.053345565859691533e+02,1.053346011600960992e+02,1.053346428562827697e+02,1.053346774153497307e+02,1.053347077949276809e+02,1.053347414359371328e+02,1.045759264995547113e+02,8.685617355228794167e+01,9.074392506306715234e+01,9.933701865806715148e+01,1.053341460103438010e+02,1.064655358566846672e+02
1.200000000000000000e+02,1.200000000000000000e+02,1.200000000000000000e+02,1.200000000000000000e+02,1.200000000000000000e+02,1.200000000000000000e+02,1.200000000000000000e+02,1.200000000000000000e+02,1.200000000000000000e+02,1.200000000000000000e+02,1.053342586885088394e+02,1.053343417140666105e+02,1.053344238202368501e+02,1.053345391748091373e+02,1.053345871321811700e+02,1.053346299149583132e+02,1.053346714853879149e+02,1.053347067393648473e+02,1.053347372014861349e+02,1.041879661127516670e+02,8.369424920684987512e+01,9.000246561391271882e+01,9.378528625818903208e+01,1.011091328865943808e+02,1.064846630172042126e+02
1.200000000000000000e+02,1.200000000000000000e+02,1.200000000000000000e+02,1.200000000000000000e+02,1.200000000000000000e+02,1.200000000000000000e+02,1.200000000000000000e+02,1.200000000000000000e+02,1.200000000000000000e+02,1.200000000000000000e+02,1.053343547955024064e+02,1.053344113891776743e+02,1.053344696472028090e+02,1.053345277540662153e+02,1.053346201752260214e+02,1.053346538723827024e+02,1.053346861016078577e+02,1.053347207755270745e+02,1.052872049043780009e+02,1.041133858307556466e+02,8.168935807720751541e+01,8.590537560938206241e+01,9.323789193445099954e+01,9.645256585992071052e+01,1.034741557936288672e+02
1.200000000000000000e+02,1.200000000000000000e+02,1.200000000000000000e+02,1.200000000000000000e+02,1.200000000000000000e+02,1.200000000000000000e+02,1.200000000000000000e+02,1.200000000000000000e+02,1.200000000000000000e+02,1.200000000000000000e+02,1.053343110710455335e+02,1.053343654901296276e+02,1.053344400768104805e+02,1.053345048448671122e+02,1.053345622801124790e+02,1.053346497779045876e+02,1.053346847681758049e+02,1.053347180164796129e+02,1.052633673754418595e+02,1.038398465068901544e+02,8.115068177661311211e+01,8.311221841020979184e+01,8.880938516939714589e+01,9.613860874589624927e+01,9.987220093664949161e+01
1.200000000000000000e+02,1.200000000000000000e+02,1.200000000000000000e+02,1.200000000000000000e+02,1.200000000000000000e+02,1.200000000000000000e+02,1.200000000000000000e+02,1.200000000000000000e+02,1.200000000000000000e+02,1.200000000000000000e+02,1.053342728802235939e+02,1.053343209977900585e+02,1.053343907963100037e+02,1.053344762448325582e+02,1.053345442689779645e+02,1.053345999553233980e+02,1.053346826098722175e+02,1.053317298334579277e+02,1.052579138000511989e+02,1.036440093448198922e+02,7.991492119773353409e+01,8.225461525274583607e+01,8.574688939369664809e+01,9.176004856401142717e+01,9.988445483268969838e+01
1.200000000000000000e+02,1.200000000000000000e+02,1.200000000000000000e+02,1.200000000000000000e+02,1.200000000000000000e+02,1.200000000000000000e+02,1.200000000000000000e+02,1.200000000000000000e+02,1.200000000000000000e+02,1.200000000000000000e+02,1.053342155045811666e+02,1.053342910283274989e+02,1.053343487753130745e+02,1.053344259810093462e+02,1.053345178767216339e+02,1.053345877069300940e+02,1.053346417435205638e+02,1.053302822054408665e+02,1.052360705746262113e+02,1.035758087154764553e+02,7.889958684731081462e+01,8.037719997973879060e+01,8.478330273637203618e+01,8.882382723718136219e+01,9.597885710032679185e+01
1.200000000000000000e+02,1.200000000000000000e+02,1.200000000000000000e+02,1.200000000000000000e+02,1.200000000000000000e+02,1.200000000000000000e+02,1.200000000000000000e+02,1.200000000000000000e+02,1.200000000000000000e+02,1.200000000000000000e+02,1.053341515640992725e+02,1.053342363959768164e+02,1.053343242284518340e+02,1.053343884807896274e+02,1.053344687383188045e+02,1.053345644171018307e+02,1.053344474830858388e+02,1.053298590789992204e+02,1.052218499377619025e+02,1.034543828755848551e+02,7.845173596455067866e+01,7.879036604750088202e+01,8.245526480338986630e+01,8.793883461525322787e+01,9.392206331129231955e+01
1.200000000000000000e+02,1.200000000000000000e+02,1.200000000000000000e+02,1.200000000000000000e+02,1.200000000000000000e+02,1.200000000000000000e+02,1.200000000000000000e+02,1.200000000000000000e+02,1.200000000000000000e+02,1.200000000000000000e+02,1.053342632981738376e+02,1.053343123581269936e+02,1.053343697865727222e+02,1.053344380890296748e+02,1.053344880971588537e+02,1.053345548435922581e+02,1.053343661661909181e+02,1.053281998491992795e+02,1.052166236791638312e+02,1.033484932021204514e+02,7.785125102602013669e+01,7.799882723192351364e+01,8.051317535530985481e+01,8.538561810943033947e+01,9.325213525230279288e+01
1.200000000000000000e+02,1.200000000000000000e+02,1.200000000000000000e+02,1.200000000000000000e+02,1.200000000000000000e+02,1.200000000000000000e+02,1.200000000000000000e+02,1.200000000000000000e+02,1.200000000000000000e+02,1.200000000000000000e+02,1.053342129654656674e+02,1.053342735292888932e+02,1.053343371584085872e+02,1.053344027037849600e+02,1.053344787869506263e+02,1.053345240102719629e+02,1.053343007215736975e+02,1.053271847947429620e+02,1.052064263067066747e+02,1.032947621044345965e+02,7.727961461278697186e+01,7.699022964739685904e+01,7.949640420847940447e+01,8.340156307987835760e+01,9.107923458549824147e+01
1.200000000000000000e+02,1.200000000000000000e+02,1.200000000000000000e+02,1.200000000000000000e+02,1.200000000000000000e+02,1.200000000000000000e+02,1.200000000000000000e+02,1.200000000000000000e+02,1.200000000000000000e+02,1.200000000000000000e+02,1.053815027877214874e+02,1.053342220509235432e+02,1.053343008055661443e+02,1.053343723854622453e+02,1.053344432789272105e+02,1.053345091185333047e+02,1.053341623341513156e+02,1.053267582580942587e+02,1.051983494137552242e+02,1.032315824286185943e+02,7.693371798232290359e+01,7.601689530634942571e+01,7.815377749610570390e+01,8.234374660128520418e+01,8.964410943437502510e+01
1.200000000000000000e+02,1.200000000000000000e+02,1.200000000000000000e+02,1.200000000000000000e+02,1.200000000000000000e+02,1.200000000000000000e+02,1.200000000000000000e+02,1.200000000000000000e+02,1.200000000000000000e+02,1.200000000000000000e+02,1.055097267921522644e+02,1.053688144950429404e+02,1.053342512951994223e+02,1.053343401757950204e+02,1.053344160026467904e+02,1.053344727509955447e+02,1.053340838087668772e+02,1.053259145535231198e+02,1.051942219354853165e+02,1.031710257918599751e+02,7.658563148942577925e+01,7.536894045408641318e+01,7.687085737937636054e+01,8.085158729089775420e+01,8.884541633413357431e+01
1.200000000000000000e+02,1.200000000000000000e+02,1.200000000000000000e+02,1.200000000000000000e+02,1.200000000000000000e+02,1.200000000000000000e+02,1.200000000000000000e+02,1.200000000000000000e+02,1.200000000000000000e+02,1.200000000000000000e+02,1.056436649888655381e+02,1.054663010168925723e+02,1.053595544604021939e+02,1.053342942804698339e+02,1.053343883378063168e+02,1.053344419770394609e+02,1.053340220582173714e+02,1.053253051856840585e+02,1.051889626732145331e+02,1.031315225413658254e+02,7.624101061801076185e+01,7.473030139316269072e+01,7.597927658224158165e+01,7.948287982383206440e+01,8.765244962980787591e+01
1.200000000000000000e+02,1.200000000000000000e+02,1.200000000000000000e+02,1.200000000000000000e+02,1.200000000000000000e+02,1.200000000000000000e+02,1.200000000000000000e+02,1.200000000000000000e+02,1.200000000000000000e+02,1.200000000000000000e+02,1.059029714213864821e+02,1.055706082170640059e+02,1.054332657432636609e+02,1.053528740922163962e+02,1.053343983216562236e+02,1.053344512820586232e+02,1.053339642382596111e+02,1.053249824739901470e+02,1.051842861348533376e+02,1.030937403184430536e+02,7.598608540985439674e+01,7.409848322910866614e+01,7.508569961271085447e+01,7.851971411039590976e+01,8.664268038781744963e+01
1.200000000000000000e+02,1.200000000000000000e+02,1.200000000000000000e+02,1.200000000000000000e+02,1.200000000000000000e+02,1.200000000000000000e+02,1.200000000000000000e+02,1.200000000000000000e+02,1.200000000000000000e+02,1.200000000000000000e+02,1.062140514969084251e+02,1.057927471604114942e+02,1.055134735920495928e+02,1.054081235183574137e+02,1.053479439612009543e+02,1.053344184637303727e+02,1.053339065763612012e+02,1.053245413741669836e+02,1.051812636031969532e+02,1.030569685707972667e+02,7.575709928767382451e+01,7.359852740523677994e+01,7.420633340995327387e+01,7.752955547634020661e+01,8.593314461387568315e+01
1.200000000000000000e+02,1.200000000000000000e+02,1.200000000000000000e+02,1.200000000000000000e+02,1.200000000000000000e+02,1.200000000000000000e+02,1.200000000000000000e+02,1.200000000000000000e+02,1.200000000000000000e+02,1.200000000000000000e+02,1.064964376907576877e+02,1.060667220144908782e+02,1.057016134806978300e+02,1.054693013081691078e+02,1.053891622128086709e+02,1.053443218664608310e+02,1.053338552629589913e+02,1.053241740763081111e+02,1.051782131612755933e+02,1.030287291004385679e+02,7.553480786369917155e+01,7.314747493844231485e+01,7.348885469129899661e+01,7.657166432878305784e+01,8.518310706510912667e+01
1.200000000000000000e+02,1.200000000000000000e+02,1.200000000000000000e+02,1.200000000000000000e+02,1.200000000000000000e+02,1.200000000000000000e+02,1.200000000000000000e+02,1.200000000000000000e+02,1.200000000000000000e+02,1.200000000000000000e+02,1.068335242194033157e+02,1.063252823032716208e+02,1.059387811557506041e+02,1.056270005070165183e+02,1.054354348258519991e+02,1.053749030250541381e+02,1.053410688384996519e+02,1.053239231016139570e+02,1.051753617063392454e+02,1.030037002623122930e+02,7.534974391515285674e+01,7.271206520792020456e+01,7.283266132047046426e+01,7.578641635478001604e+01,8.448100300018946029e+01
1.200000000000000000e+02,1.200000000000000000e+02,1.200000000000000000e+02,1.200000000000000000e+02,1.200000000000000000e+02,1.200000000000000000e+02,1.200000000000000000e+02,1.200000000000000000e+02,1.200000000000000000e+02,1.200000000000000000e+02,1.071443770663877189e+02,1.066530062258730567e+02,1.061713899473532905e+02,1.058291813193029896e+02,1.055664297047914033e+02,1.054096303591503130e+02,1.053636187641129567e+02,1.053289823715809490e+02,1.051732054897442623e+02,1.029798582330449790e+02,7.518745421633335013e+01,7.233406306088754434e+01,7.220081934631504339e+01,7.506110388415483214e+01,8.391313249649792283e+01
1.200000000000000000e+02,1.200000000000000000e+02,1.200000000000000000e+02,1.200000000000000000e+02,1.200000000000000000e+02,1.200000000000000000e+02,1.200000000000000000e+02,1.200000000000000000e+02,1.200000000000000000e+02,1.200000000000000000e+02,1.074011371457986144e+02,1.069627584059173984e+02,1.064838971269789312e+02,1.060352992048059946e+02,1.057364837630896375e+02,1.055176208263414139e+02,1.053895053753763165e+02,1.053453671561199627e+02,1.051751472574874526e+02,1.029597093599423516e+02,7.503458075177698561e+01,7.199722086550431754e+01,7.164200206581318753e+01,7.436749266114597390e+01,8.338442639777655074e+01
1.200000000000000000e+02,1.200000000000000000e+02,1.200000000000000000e+02,1.200000000000000000e+02,1.200000000000000000e+02,1.200000000000000000e+02,1.200000000000000000e+02,1.200000000000000000e+02,1.200000000000000000e+02,1.200000000000000000e+02,1.076496613201953352e+02,1.072276790456282924e+02,1.067855663367114971e+02,1.063279011727168211e+02,1.059165213266374650e+02,1.056587931065088526e+02,1.054778394975393212e+02,1.053643686321079826e+02,1.051854786941214286e+02,1.029449320625937361e+02,7.489934980928529740e+01,7.168063789221191939e+01,7.113778517548817604e+01,7.375363515610629861e+01,8.288496968722590452e+01
1.200000000000000000e+02,1.200000000000000000e+02,1.200000000000000000e+02,1.200000000000000000e+02,1.200000000000000000e+02,1.200000000000000000e+02,1.200000000000000000e+02,1.200000000000000000e+02,1.200000000000000000e+02,1.200000000000000000e+02,1.078498049124902849e+02,1.074948978051345421e+02,1.070533719044199046e+02,1.066159768294102861e+02,1.061862613353054599e+02,1.058142119551746276e+02,1.055937243132981962e+02,1.054360900088335313e+02,1.051981419292827411e+02,1.029376958991822164e+02,7.478331395395748871e+01,7.139398233767826696e+01,7.066373687349351940e+01,7.319769031923046043e+01,8.244833108324564819e+01
1.200000000000000000e+02,1.200000000000000000e+02,1.200000000000000000e+02,1.200000000000000000e+02,1.200000000000000000e+02,1.200000000000000000e+02,1.200000000000000000e+02,1.200000000000000000e+02,1.200000000000000000e+02,1.200000000000000000e+02,1.080061560702218202e+02,1.077141163545392288e+02,1.073344020537332000e+02,1.068815208265326220e+02,1.064563714648361099e+02,1.060593629213943672e+02,1.057264635756240523e+02,1.055301437337873551e+02,1.052550964253077552e+02,1.029343585909126944e+02,7.468493134744136341e+01,7.113773832646360518e+01,7.023017749555427258e+01,7.267664827472677302e+01,8.205347929797935080e+01
1.200000000000000000e+02,1.200000000000000000e+02,1.200000000000000000e+02,1.200000000000000000e+02,1.200000000000000000e+02,1.200000000000000000e+02,1.200000000000000000e+02,1.200000000000000000e+02,1.200000000000000000e+02,1.200000000000000000e+02,1.081413147131196268e+02,1.078904179326243025e+02,1.075692045719666226e+02,1.071710715339278295e+02,1.067150561379222893e+02,1.063084286674949226e+02,1.059464240890976896e+02,1.056424124527711825e+02,1.053301323522183282e+02,1.029701348202429330e+02,7.460040991512428832e+01,7.090520520056288944e+01,6.983664353212223830e+01,7.220063854099898037e+01,8.168552926967771555e+01
1.200000000000000000e+02,1.200000000000000000e+02,1.200000000000000000e+02,1.200000000000000000e+02,1.200000000000000000e+02,1.200000000000000000e+02,1.200000000000000000e+02,1.200000000000000000e+02,1.200000000000000000e+02,1.200000000000000000e+02,1.082425387122093525e+02,1.080472245277386065e+02,1.077640081680844020e+02,1.074174511416095044e+02,1.070078212388359020e+02,1.065564288672651543e+02,1.061726253814494498e+02,1.058375103679249918e+02,1.054240383255200015e+02,1.030247669185574182e+02,7.458184841141270738e+01,7.069383095286335106e+01,6.947340118770593165e+01,7.176754250389011247e+01,8.135226130246823573e+01
1.200000000000000000e+02,1.200000000000000000e+02,1.200000000000000000e+02,1.200000000000000000e+02,1.200000000000000000e+02,1.200000000000000000e+02,1.200000000000000000e+02,1.200000000000000000e+02,1.200000000000000000e+02,1.200000000000000000e+02,1.083193349431660835e+02,1.081658993724114026e+02,1.079417945734415980e+02,1.076282966135716492e+02,1.072611878599323489e+02,1.068471474235731051e+02,1.064068175795020608e+02,1.060400895085557096e+02,1.055954001350969804e+02,1.031006866895500877e+02,7.460508257383337138e+01,7.053721517255870310e+01,6.913808681764434994e+01,7.136689325794726813e+01,8.105031844292086873e+01
1.200000000000000000e+02,1.200000000000000000e+02,1.200000000000000000e+02,1.200000000000000000e+02,1.200000000000000000e+02,1.200000000000000000e+02,1.200000000000000000e+02,1.200000000000000000e+02,1.200000000000000000e+02,1.200000000000000000e+02,1.083812717486008523e+02,1.082581673477844220e+02,1.080782805755788729e+02,1.078259748639842854e+02,1.074853143654199243e+02,1.071030526756007077e+02,1.066908748362668575e+02,1.062583985636027535e+02,1.057755337223611178e+02,1.032541057736553682e+02,7.467333596361393688e+01,7.042042058879908950e+01,6.885055690732598066e+01,7.099657442075482550e+01,8.077183881688486622e+01
1.200000000000000000e+02,1.200000000000000000e+02,1.200000000000000000e+02,1.200000000000000000e+02,1.200000000000000000e+02,1.200000000000000000e+02,1.200000000000000000e+02,1.200000000000000000e+02,1.200000000000000000e+02,1.200000000000000000e+02,1.084257806574171639e+02,1.083340079667767100e+02,1.081870227355669414e+02,1.079799066474297007e+02,1.077009343368451795e+02,1.073371702215460033e+02,1.069449694365565051e+02,1.065319007154291029e+02,1.059778007491162555e+02,1.034262658804860138e+02,7.488394004715131302e+01,7.034474863721017357e+01,6.859938171309919142e+01,7.066749309300521986e+01,8.051545280403908578e+01
1.200000000000000000e+02,1.200000000000000000e+02,1.200000000000000000e+02,1.200000000000000000e+02,1.200000000000000000e+02,1.200000000000000000e+02,1.200000000000000000e+02,1.200000000000000000e+02,1.200000000000000000e+02,1.200000000000000000e+02,1.084591165238291524e+02,1.083889866903144679e+02,1.082780687790726546e+02,1.081057256920368417e+02,1.078713487493024274e+02,1.075681215547202356e+02,1.071855408649451107e+02,1.067804003581145622e+02,1.062394520548429568e+02,1.036293950514299951e+02,7.515933502325576399e+01,7.038220812536278004e+01,6.838353762362393695e+01,7.036942370186547180e+01,8.028726770876446039e+01
1.200000000000000000e+02,1.200000000000000000e+02,1.200000000000000000e+02,1.200000000000000000e+02,1.200000000000000000e+02,1.200000000000000000e+02,1.200000000000000000e+02,1.200000000000000000e+02,1.200000000000000000e+02,1.200000000000000000e+02,1.081612113286543888e+02,1.084310639285040736e+02,1.083448186323526699e+02,1.082130617492569797e+02,1.080144470587800072e+02,1.077535317451045671e+02,1.074287347292614072e+02,1.070240350618507250e+02,1.064818892710259917e+02,1.039052263340036433e+02,7.551205266842076469e+01,7.048864880401522726e+01,6.825088339709481033e+01,7.009978392580843831e+01,8.007807297678532166e+01
1.200000000000000000e+02,1.200000000000000000e+02,1.200000000000000000e+02,1.200000000000000000e+02,1.200000000000000000e+02,1.200000000000000000e+02,1.200000000000000000e+02,1.200000000000000000e+02,1.200000000000000000e+02,1.200000000000000000e+02,1.075129037156990393e+02,1.082200899041460076e+02,1.083967264095474548e+02,1.082924492009433663e+02,1.081385445910424892e+02,1.079134170936024191e+02,1.076270114698869236e+02,1.072761507415539057e+02,1.067280611270471269e+02,1.041778791419108359e+02,7.603052123976343069e+01,7.067091795398840759e+01,6.817581349315953787e+01,6.988829630706497653e+01,7.988605897734238681e+01
1.200000000000000000e+02,1.200000000000000000e+02,1.200000000000000000e+02,1.200000000000000000e+02,1.200000000000000000e+02,1.200000000000000000e+02,1.200000000000000000e+02,1.200000000000000000e+02,1.200000000000000000e+02,1.200000000000000000e+02,1.073653502497838161e+02,1.077074522286171998e+02,1.082542424942476060e+02,1.083555601111405196e+02,1.082314929161667436e+02,1.080545347243466239e+02,1.078028725245230675e+02,1.074851826478197552e+02,1.069892896861076821e+02,1.044656794148214374e+02,7.659850505416636679e+01,7.100632725167078263e+01,6.816189757484370659e+01,6.971697411526159271e+01,7.972948837348184270e+01
1.200000000000000000e+02,1.200000000000000000e+02,1.200000000000000000e+02,1.200000000000000000e+02,1.200000000000000000e+02,1.200000000000000000e+02,1.200000000000000000e+02,1.200000000000000000e+02,1.200000000000000000e+02,1.200000000000000000e+02,1.062549474089026234e+02,1.075882715899614936e+02,1.078553583308002430e+02,1.082678973018941235e+02,1.083069780760474430e+02,1.081616043413161634e+02,1.079607336313287362e+02,1.076759246931716376e+02,1.072108403531994156e+02,1.047847230222355535e+02,7.722968557880615492e+01,7.142381609291180666e+01,6.826863313905282382e+01,6.958691305653900372e+01,7.959237501428121675e+01
1.200000000000000000e+02,1.200000000000000000e+02,1.200000000000000000e+02,1.200000000000000000e+02,1.200000000000000000e+02,1.200000000000000000e+02,1.200000000000000000e+02,1.200000000000000000e+02,1.200000000000000000e+02,1.200000000000000000e+02,1.055715317881089703e+02,1.065858860011288982e+02,1.077620290627985042e+02,1.079640173452328895e+02,1.082640959062763955e+02,1.082504750300989969e+02,1.080821822572127502e+02,1.078500677497938085e+02,1.074189632256378957e+02,1.050741341956197061e+02,7.796953797548087550e+01,7.192736695269846336e+01,6.845711258498137397e+01,6.953976616971024782e+01,7.947646793863522419e+01
1.200000000000000000e+02,1.200000000000000000e+02,1.200000000000000000e+02,1.200000000000000000e+02,1.200000000000000000e+02,1.200000000000000000e+02,1.200000000000000000e+02,1.200000000000000000e+02,1.200000000000000000e+02,1.200000000000000000e+02,1.051796981778018107e+02,1.059872996002730474e+02,1.068695016938026185e+02,1.078947203965560107e+02,1.080395745205336198e+02,1.082450502142654045e+02,1.081852882258282733e+02,1.079861601866845291e+02,1.076129938866652083e+02,1.053551438036698329e+02,7.870514080798135126e+01,7.256603590901097789e+01,6.873035065953939693e+01,6.955194565770155180e+01,7.940847176983125166e+01
1.200000000000000000e+02,1.200000000000000000e+02,1.200000000000000000e+02,1.200000000000000000e+02,1.200000000000000000e+02,1.200000000000000000e+02,1.200000000000000000e+02,1.200000000000000000e+02,1.200000000000000000e+02,1.200000000000000000e+02,1.041151939381378071e+02,1.056093305368652153e+02,1.063529565337611302e+02,1.071100330779559897e+02,1.079927351820250578e+02,1.080868188848100857e+02,1.082117940328183607e+02,1.081042580298349520e+02,1.077681728065312967e+02,1.056293248536430838e+02,7.945117373814028383e+01,7.326010596117534135e+01,6.913456590301454696e+01,6.962676682233956171e+01,7.936909297064256918e+01
1.200000000000000000e+02,1.200000000000000000e+02,1.200000000000000000e+02,1.200000000000000000e+02,1.200000000000000000e+02,1.200000000000000000e+02,1.200000000000000000e+02,1.200000000000000000e+02,1.200000000000000000e+02,1.200000000000000000e+02,1.035618050635272454e+02,1.045569310356816715e+02,1.059896641552628580e+02,1.066709053260812254e+02,1.073116362754460908e+02,1.080614019731017095e+02,1.081093703238068571e+02,1.081589952989179864e+02,1.079060818251200828e+02,1.058639737154136355e+02,8.021877268176180564e+01,7.400762144664395237e+01,6.962381183706835941e+01,6.980244427117314387e+01,7.936347178169272354e+01
1.200000000000000000e+02,1.200000000000000000e+02,1.200000000000000000e+02,1.200000000000000000e+02,1.200000000000000000e+02,1.200000000000000000e+02,1.200000000000000000e+02,1.200000000000000000e+02,1.200000000000000000e+02,1.200000000000000000e+02,1.031040356000077338e+02,1.040436380587790950e+02,1.049661695139586755e+02,1.063235159322708370e+02,1.069440490386927962e+02,1.074779725303690157e+02,1.081045384545230661e+02,1.081041443153742421e+02,1.079905753011195202e+02,1.060785784904335287e+02,8.093158658991727350e+01,7.482386917349754185e+01,7.019507294299484101e+01,7.005359575931032623e+01,7.941788765148643847e+01
1.200000000000000000e+02,1.200000000000000000e+02,1.200000000000000000e+02,1.200000000000000000e+02,1.200000000000000000e+02,1.200000000000000000e+02,1.200000000000000000e+02,1.200000000000000000e+02,1.200000000000000000e+02,1.200000000000000000e+02,1.023436176190803621e+02,1.035748379812932427e+02,1.044985047124629602e+02,1.053427140740590886e+02,1.066142093314802679e+02,1.071755750887140977e+02,1.076119618977091363e+02,1.081194777213794538e+02,1.079805777700086793e+02,1.062458560429686543e+02,8.160802121344400462e+01,7.564190552763953690e+01,7.086835181172217801e+01,7.038163100166934782e+01,7.951435438085188423e+01
1.200000000000000000e+02,1.200000000000000000e+02,1.200000000000000000e+02,1.200000000000000000e+02,1.200000000000000000e+02,1.200000000000000000e+02,1.200000000000000000e+02,1.200000000000000000e+02,1.200000000000000000e+02,1.200000000000000000e+02,1.019048980413366934e+02,1.027813447654733352e+02,1.040206061395288373e+02,1.049233768676838565e+02,1.056869684444133668e+02,1.068652437461362013e+02,1.073684448459575123e+02,1.077107963752228557e+02,1.080190159797277119e+02,1.063236647163999180e+02,8.221065861811231912e+01,7.645930034744699810e+01,7.159750245089865928e+01,7.080903484711912199e+01,7.965863231783266940e+01
1.200000000000000000e+02,1.200000000000000000e+02,1.200000000000000000e+02,1.200000000000000000e+02,1.200000000000000000e+02,1.200000000000000000e+02,1.200000000000000000e+02,1.200000000000000000e+02,1.200000000000000000e+02,1.200000000000000000e+02,1.015091281607480909e+02,1.023494218436157439e+02,1.032068984017795970e+02,1.044382252335930161e+02,1.053161599345598063e+02,1.059994672727560356e+02,1.070795425508162140e+02,1.075201361919227168e+02,1.076900821000313186e+02,1.064249572637268813e+02,8.264997789947128126e+01,7.725176613452413221e+01,7.237326921612901742e+01,7.130909933012802071e+01,7.986858275965356313e+01
1.200000000000000000e+02,1.200000000000000000e+02,1.200000000000000000e+02,1.200000000000000000e+02,1.200000000000000000e+02,1.200000000000000000e+02,1.200000000000000000e+02,1.200000000000000000e+02,1.200000000000000000e+02,1.200000000000000000e+02,1.010111522212494179e+02,1.019280087956404230e+02,1.027901176661212048e+02,1.036172117221243951e+02,1.048262468685937705e+02,1.056759030235481305e+02,1.062807814460801410e+02,1.072548048674313890e+02,1.075479920431432959e+02,1.062023358940569864e+02,8.308596966413230689e+01,7.794099071585480942e+01,7.318205562495197114e+01,7.187725953623082376e+01,8.012782811232145264e+01
1.200000000000000000e+02,1.200000000000000000e+02,1.200000000000000000e+02,1.200000000000000000e+02,1.200000000000000000e+02,1.200000000000000000e+02,1.200000000000000000e+02,1.200000000000000000e+02,1.200000000000000000e+02,1.200000000000000000e+02,1.006810565412036738e+02,1.013881208121777604e+02,1.023448481964532704e+02,1.032218901149759489e+02,1.040099640785724375e+02,1.051841211683821200e+02,1.060019819015685272e+02,1.065264189121851217e+02,1.073097817369268512e+02,1.061119271778691200e+02,8.296653786822498944e+01,7.861357285624704616e+01,7.396414482349744901e+01,7.251075913883859414e+01,8.043861774736411974e+01
1.200000000000000000e+02,1.200000000000000000e+02,1.200000000000000000e+02,1.200000000000000000e+02,1.200000000000000000e+02,1.200000000000000000e+02,1.200000000000000000e+02,1.200000000000000000e+02,1.200000000000000000e+02,1.200000000000000000e+02,1.003845177569825466e+02,1.010441670436751025e+02,1.017701625541571815e+02,1.027544379661213014e+02,1.036404962571495645e+02,1.043834871774260193e+02,1.055116871839527874e+02,1.062891132469863749e+02,1.066534940277220329e+02,1.059179124794876543e+02,8.296846523267242901e+01,7.888985685461177866e+01,7.475803636711836475e+01,7.317138461066316779e+01,8.080300198945234058e+01
1.200000000000000000e+02,1.200000000000000000e+02,1.200000000000000000e+02,1.200000000000000000e+02,1.200000000000000000e+02,1.200000000000000000e+02,1.200000000000000000e+02,1.200000000000000000e+02,1.200000000000000000e+02,1.200000000000000000e+02,1.000680180357563103e+02,1.007181473917661805e+02,1.014191441887687688e+02,1.021530095909891145e+02,1.031526838901194196e+02,1.040425246738368088e+02,1.047362987521481159e+02,1.058041126134330767e+02,1.064517029395162524e+02,1.053145191624954435e+02,8.276965652805543527e+01,7.919041332346043305e+01,7.531398860651542293e+01,7.387792422720900731e+01,8.119960530406454779e+01
1.200000000000000000e+02,1.200000000000000000e+02,1.200000000000000000e+02,1.200000000000000000e+02,1.200000000000000000e+02,1.200000000000000000e+02,1.200000000000000000e+02,1.200000000000000000e+02,1.200000000000000000e+02,1.200000000000000000e+02,9.983561540267055534e+01,1.003635457934526301e+02,1.010643791075949878e+02,1.018008340443361135e+02,1.025327604841810540e+02,1.035362262639545889e+02,1.044247659112510433e+02,1.050618016429202299e+02,1.059760661359923262e+02,1.051058116790520813e+02,8.176810236904586304e+01,7.931551842693488652e+01,7.587420127223690258e+01,7.447199289030689329e+01,8.164485208033605090e+01
1.200000000000000000e+02,1.200000000000000000e+02,1.200000000000000000e+02,1.200000000000000000e+02,1.200000000000000000e+02,1.200000000000000000e+02,1.200000000000000000e+02,1.200000000000000000e+02,1.200000000000000000e+02,1.200000000000000000e+02,9.963114834454819402e+01,1.001090878314792150e+02,1.006749231704292242e+02,1.014186856694647361e+02,1.021849243530831046e+02,1.029064586499959546e+02,1.039024393827882022e+02,1.047791323180324241e+02,1.052692141606648590e+02,1.046249953205319656e+02,8.135078881115163085e+01,7.876544457192579785e+01,7.630637777827202228e+01,7.509580684728092592e+01,8.203584859231828830e+01
1.200000000000000000e+02,1.200000000000000000e+02,1.200000000000000000e+02,1.200000000000000000e+02,1.200000000000000000e+02,1.200000000000000000e+02,1.200000000000000000e+02,1.200000000000000000e+02,1.200000000000000000e+02,1.200000000000000000e+02,9.943288649683900360e+01,9.987701531036772451e+01,1.004020274360547518e+02,1.009983312858437188e+02,1.017765981782844875e+02,1.025673302698828735e+02,1.032711943865665205e+02,1.042435956406546325e+02,1.050082701949319386e+02,1.038782026452628884e+02,8.047392199022095838e+01,7.856332388679055612e+01,7.622488635005966273e+01,7.565369103483484992e+01,8.248067839709703719e+01
1.200000000000000000e+02,1.200000000000000000e+02,1.200000000000000000e+02,1.200000000000000000e+02,1.200000000000000000e+02,1.200000000000000000e+02,1.200000000000000000e+02,1.200000000000000000e+02,1.200000000000000000e+02,1.200000000000000000e+02,9.927723700331701195e+01,9.964851845033153666e+01,1.001425233695970718e+02,1.007109905538709427e+02,1.013301280353564380e+02,1.021341061941906929e+02,1.029439926510164156e+02,1.036183023250586359e+02,1.044605275422945283e+02,1.035621603538628506e+02,7.897451748376767000e+01,7.799324619378634793e+01,7.633094661044117402e+01,7.586322291015474661e+01,8.289534813067902519e+01
1.200000000000000000e+02,1.200000000000000000e+02,1.200000000000000000e+02,1.200000000000000000e+02,1.200000000000000000e+02,1.200000000000000000e+02,1.200000000000000000e+02,1.200000000000000000e+02,1.200000000000000000e+02,1.200000000000000000e+02,9.914456928819998893e+01,9.947270591801203921e+01,9.988459262765451285e+01,1.004246899989273203e+02,1.010325354069500321e+02,1.016670000208799394e+02,1.024873556542522266e+02,1.033045695719878125e+02,1.038392669914031075e+02,1.029474463161639761e+02,7.819962046095054120e+01,7.681158664534248715e+01,7.614659612903363950e+01,7.619239370342943118e+01,8.309512412779611168e+01
1.200000000000000000e+02,1.200000000000000000e+02,1.200000000000000000e+02,1.200000000000000000e+02,1.200000000000000000e+02,1.200000000000000000e+02,1.200000000000000000e+02,1.200000000000000000e+02,1.200000000000000000e+02,1.200000000000000000e+02,9.902199761175297965e+01,9.931635338781333644e+01,9.968748481761444680e+01,1.001379352685456041e+02,1.007197067285566874e+02,1.013628213918847791e+02,1.020052454941966715e+02,1.028258647648711843e+02,1.035312798044319891e+02,1.022114038355215229e+02,7.692917039296642656e+01,7.613641979028274420e+01,7.542314651967011230e+01,7.630508076905192638e+01,8.341609171089457675e+01
1.200000000000000000e+02,1.200000000000000000e+02,1.200000000000000000e+02,1.200000000000000000e+02,1.200000000000000000e+02,1.200000000000000000e+02,1.200000000000000000e+02,1.200000000000000000e+02,1.200000000000000000e+02,1.200000000000000000e+02,9.891838867377741451e+01,9.917160319557017090e+01,9.950810077146600463e+01,9.992162346020690222e+01,1.004064570697485408e+02,1.010243887496784652e+02,1.016980025673594668e+02,1.023339134803619146e+02,1.030266207163055441e+02,1.018051952244915128e+02,7.528784347685044054e+01,7.506655585583682466e+01,7.501692643482165579e+01,7.599032655247449952e+01,8.357386517102807488e+01
1.200000000000000000e+02,1.200000000000000000e+02,1.200000000000000000e+02,1.200000000000000000e+02,1.200000000000000000e+02,1.200000000000000000e+02,1.200000000000000000e+02,1.200000000000000000e+02,1.200000000000000000e+02,1.200000000000000000e+02,8.668772748783729298e+01,9.905350820452537164e+01,9.934013686291530121e+01,9.971864464635547165e+01,1.001730173721344386e+02,1.006874257930818004e+02,1.013348428622011426e+02,1.020256528708160459e+02,1.025175641347052107e+02,1.011818782114842605e+02,7.423603627606631505e+01,7.357341577290459611e+01,7.429268600456992999e+01,7.587759358287667055e+01,8.345343191406642802e+01
1.200000000000000000e+02,1.200000000000000000e+02,1.200000000000000000e+02,1.200000000000000000e+02,1.200000000000000000e+02,1.200000000000000000e+02,1.200000000000000000e+02,1.200000000000000000e+02,1.200000000000000000e+02,1.200000000000000000e+02,5.258813460232842374e+01,9.893952470859893822e+01,9.920500420025213373e+01,9.952707327242848123e+01,9.994627351683037375e+01,1.004392252414547215e+02,1.009774573416196688e+02,1.016382129081807477e+02,1.021990339576111353e+02,1.005105132540572015e+02,7.283696230702221897e+01,7.252186175670613011e+01,7.315680881677010916e+01,7.550428408917164802e+01,8.350222157113843480e+01
1.200000000000000000e+02,1.200000000000000000e+02,1.200000000000000000e+02,1.200000000000000000e+02,1.200000000000000000e+02,1.200000000000000000e+02,1.200000000000000000e+02,1.200000000000000000e+02,1.200000000000000000e+02,1.200000000000000000e+02,2.626313001483024223e+01,1.001213560003094898e+02,9.908696684088864970e+01,9.937479139771008363e+01,9.973164508070375689e+01,1.001889887615476482e+02,1.007169732260558845e+02,1.012629964031127514e+02,1.017787189141290298e+02,1.000529193756900952e+02,7.122763070704679933e+01,7.119699033778725550e+01,7.231861529794113608e+01,7.477694673656714031e+01,8.333525243162422669e+01
1.200000000000000000e+02,1.200000000000000000e+02,1.200000000000000000e+02,1.200000000000000000e+02,1.200000000000000000e+02,1.200000000000000000e+02,1.200000000000000000e+02,1.200000000000000000e+02,1.200000000000000000e+02,1.200000000000000000e+02,1.660572439008921464e+01,1.022177909089589747e+02,1.006637209563831590e+02,9.923777091500417669e+01,9.956101303162999727e+01,9.995160571773563163e+01,1.004432939603478872e+02,1.009913581238411240e+02,1.013736805566991848e+02,9.947659261923186591e+01,7.000361317808287254e+01,6.960282461143766852e+01,7.125982243873313848e+01,7.424996441331941810e+01,8.293880224335940454e+01
1.200000000000000000e+02,1.200000000000000000e+02,1.200000000000000000e+02,1.200000000000000000e+02,1.200000000000000000e+02,1.200000000000000000e+02,1.200000000000000000e+02,1.200000000000000000e+02,1.200000000000000000e+02,1.200000000000000000e+02,1.888873910789438781e+01,1.021907392353041502e+02,1.035799066655292506e+02,1.008226311662057526e+02,9.940449959402957347e+01,9.976384028470630483e+01,1.001847167971347972e+02,1.006939218804853056e+02,1.010788392461981005e+02,9.888086093686990807e+01,6.860755368315966507e+01,6.829855660140835028e+01,6.992721207955970897e+01,7.353448592551465879e+01,8.270160350088063694e+01
1.200000000000000000e+02,1.200000000000000000e+02,1.200000000000000000e+02,1.200000000000000000e+02,1.200000000000000000e+02,1.200000000000000000e+02,1.200000000000000000e+02,1.200000000000000000e+02,1.200000000000000000e+02,1.200000000000000000e+02,1.040756317753099935e+01,1.009898698078776533e+02,1.042837741596121788e+02,1.037233401540577802e+02,1.008172559837567377e+02,9.958701804307621330e+01,9.998082990670944525e+01,1.004145447177433539e+02,1.007450419866148650e+02,9.841194451253680597e+01,6.709150215522278415e+01,6.686634203661876086e+01,6.879338423102943523e+01,7.257897906795410847e+01,8.230258739825251268e+01
1.200000000000000000e+02,1.200000000000000000e+02,1.200000000000000000e+02,1.200000000000000000e+02,1.200000000000000000e+02,1.200000000000000000e+02,1.200000000000000000e+02,1.200000000000000000e+02,1.200000000000000000e+02,1.200000000000000000e+02,2.828221858696560620e+00,9.862215635236229616e+01,1.040353887010386416e+02,1.046180282427425396e+02,1.033979092643156434e+02,1.007600529379820671e+02,9.978328362561195775e+01,1.001944483746512162e+02,1.004293210598550701e+02,9.789483613094446923e+01,6.579311459351912106e+01,6.527162125718324148e+01,6.756011518824647055e+01,7.176354577865974704e+01,8.175315388370295011e+01
1.200000000000000000e+02,1.200000000000000000e+02,1.200000000000000000e+02,1.200000000000000000e+02,1.200000000000000000e+02,1.200000000000000000e+02,1.200000000000000000e+02,1.200000000000000000e+02,1.200000000000000000e+02,1.200000000000000000e+02,1.937710265739861626e+01,9.814810806399559340e+01,1.026723879730665914e+02,1.048997844417759637e+02,1.043050370142707663e+02,1.029169920772609146e+02,1.007065775864445385e+02,9.997489633903558115e+01,1.001776129023992041e+02,9.737083401014790240e+01,6.444089890513961905e+01,6.383071229844097161e+01,6.616318978871267120e+01,7.086269987248132907e+01,8.131635233105474470e+01
1.200000000000000000e+02,1.200000000000000000e+02,1.200000000000000000e+02,1.200000000000000000e+02,1.200000000000000000e+02,1.200000000000000000e+02,1.200000000000000000e+02,1.200000000000000000e+02,1.200000000000000000e+02,1.200000000000000000e+02,1.215696640657246519e+01,9.841369111078977028e+01,1.025681032896322336e+02,1.042387441129758656e+02,1.049377851773322732e+02,1.037425562789305218e+02,1.024264927088075439e+02,1.006642542806494731e+02,9.991992564216532458e+01,9.691826000913100359e+01,6.302577596061610166e+01,6.235706679485860349e+01,6.486902341914961312e+01,6.982303255619810045e+01,8.080475098083950058e+01
1.200000000000000000e+02,1.200000000000000000e+02,1.200000000000000000e+02,1.200000000000000000e+02,1.200000000000000000e+02,1.200000000000000000e+02,1.200000000000000000e+02,1.200000000000000000e+02,1.200000000000000000e+02,1.200000000000000000e+02,2.033001132848755166e+00,9.430056652239574078e+01,1.029280180736352861e+02,1.043539667720467747e+02,1.048169834982805781e+02,1.046034850550633593e+02,1.031194409247376456e+02,1.019783010477878946e+02,1.003860081127082395e+02,9.645582699381937175e+01,6.171997522469384023e+01,6.079693104677691906e+01,6.355559370324462520e+01,6.886031062579563411e+01,8.021049451441587053e+01
1.200000000000000000e+02,1.200000000000000000e+02,1.200000000000000000e+02,1.200000000000000000e+02,1.200000000000000000e+02,1.200000000000000000e+02,1.200000000000000000e+02,1.200000000000000000e+02,1.200000000000000000e+02,1.200000000000000000e+02,1.295701601813629630e-02,9.333732572818703943e+01,9.980142229350074956e+01,1.046803443146844614e+02,1.051013734750351603e+02,1.048951852916368210e+02,1.041028437918263450e+02,1.025146149700567548e+02,1.013343958515922196e+02,9.654922713454261896e+01,6.041525459543331777e+01,5.930402727415384589e+01,6.216130233243097081e+01,6.788489680321241337e+01,7.968258490504632618e+01
1.200000000000000000e+02,1.200000000000000000e+02,1.200000000000000000e+02,1.200000000000000000e+02,1.200000000000000000e+02,1.200000000000000000e+02,1.200000000000000000e+02,1.200000000000000000e+02,1.200000000000000000e+02,1.200000000000000000e+02,1.281792654106654952e-02,9.503107619454060284e+01,9.904892431142830844e+01,1.022349902800636983e+02,1.054270882473688431e+02,1.053161487625797861e+02,1.046892731410241595e+02,1.035306312076069872e+02,1.017034914389762861e+02,9.705988953258319896e+01,5.972144779540246162e+01,5.781845533874920307e+01,6.081148973641595035e+01,6.684833721139584384e+01,7.914307330636161453e+01
1.200000000000000000e+02,1.200000000000000000e+02,1.200000000000000000e+02,1.200000000000000000e+02,1.200000000000000000e+02,1.200000000000000000e+02,1.200000000000000000e+02,1.200000000000000000e+02,1.200000000000000000e+02,1.200000000000000000e+02,4.966002030662931332e+00,9.555477640500774328e+01,1.003095588933369413e+02,1.017508212651074047e+02,1.034994942753105818e+02,1.056828113549668302e+02,1.052149164194009643e+02,1.043007246837090065e+02,1.026714766119375781e+02,9.717549741727293622e+01,5.957168576035000029e+01,5.664594001790593580e+01,5.947697875945272017e+01,6.585163208773104770e+01,7.857174767797930315e+01
1.200000000000000000e+02,1.200000000000000000e+02,1.200000000000000000e+02,1.200000000000000000e+02,1.200000000000000000e+02,1.200000000000000000e+02,1.200000000000000000e+02,1.200000000000000000e+02,1.200000000000000000e+02,1.200000000000000000e+02,1.841221538062616861e-02,9.485486755648985024e+01,1.005675016727198994e+02,1.025996112064945578e+02,1.032541321322423045e+02,1.041875531286729029e+02,1.056514337447976288e+02,1.048954646947522917e+02,1.035289141476764598e+02,9.795708941635523104e+01,5.903277285607078539e+01,5.575766777495672955e+01,5.829882808563051810e+01,6.487636607390298593e+01,7.803891769295117342e+01
1.200000000000000000e+02,1.200000000000000000e+02,1.200000000000000000e+02,1.200000000000000000e+02,1.200000000000000000e+02,1.200000000000000000e+02,1.200000000000000000e+02,1.200000000000000000e+02,1.200000000000000000e+02,1.200000000000000000e+02,1.300865264411244816e-02,9.248289785033574617e+01,1.003124469280905515e+02,1.025470020773378934e+02,1.038152504517578905e+02,1.041485811447625167e+02,1.045396750818045319e+02,1.054160941991166993e+02,1.041587065061605557e+02,9.887845508655264837e+01,5.941535670374069866e+01,5.461980667379449272e+01,5.724837233584086249e+01,6.398687697976653510e+01,7.752448878889711636e+01
1.200000000000000000e+02,1.200000000000000000e+02,1.200000000000000000e+02,1.200000000000000000e+02,1.200000000000000000e+02,1.200000000000000000e+02,1.200000000000000000e+02,1.200000000000000000e+02,1.200000000000000000e+02,1.200000000000000000e+02,1.085910925486032949e-02,9.187957586077165217e+01,9.884553042627618424e+01,1.024352276616126147e+02,1.035225915381574708e+02,1.045131367039668930e+02,1.046750867196766706e+02,1.046491661947851384e+02,1.047636063851035004e+02,9.956682223393057996e+01,6.044609762941971098e+01,5.400618457123555061e+01,5.601846602094683192e+01,6.315514204216127325e+01,7.706563799703300788e+01
1.200000000000000000e+02,1.200000000000000000e+02,1.200000000000000000e+02,1.200000000000000000e+02,1.200000000000000000e+02,1.200000000000000000e+02,1.200000000000000000e+02,1.200000000000000000e+02,1.200000000000000000e+02,1.200000000000000000e+02,1.172494956857167599e-02,9.151929921764546805e+01,9.842050040890609353e+01,1.014747219141006838e+02,1.034829538842268590e+02,1.040599152321910026e+02,1.049131306242038022e+02,1.049300000887407549e+02,1.043138074890898963e+02,1.003126243409995197e+02,6.132525611930783072e+01,5.395134552707575182e+01,5.504968434430393387e+01,6.219924438912259035e+01,7.662822517954965917e+01
1.200000000000000000e+02,1.200000000000000000e+02,1.200000000000000000e+02,1.200000000000000000e+02,1.200000000000000000e+02,1.200000000000000000e+02,1.200000000000000000e+02,1.200000000000000000e+02,1.200000000000000000e+02,1.200000000000000000e+02,9.272609088440441835e-03,9.104093200100957972e+01,9.807804640404644658e+01,1.011639263360722083e+02,1.028294313729508929e+02,1.040773808369365128e+02,1.043715421474354912e+02,1.050987404619943391e+02,1.047162653007484892e+02,1.002820306844413523e+02,6.242011085601241405e+01,5.389314012443374935e+01,5.442925292097951484e+01,6.138068673451360269e+01,7.610037365223512040e+01
1.200000000000000000e+02,1.200000000000000000e+02,1.200000000000000000e+02,1.200000000000000000e+02,1.200000000000000000e+02,1.200000000000000000e+02,1.200000000000000000e+02,1.200000000000000000e+02,1.200000000000000000e+02,1.200000000000000000e+02,1.106803512181351104e-02,9.036016435791520962e+01,9.763281482115527865e+01,1.008160897348453489e+02,1.025764805038862733e+02,1.036167085306293245e+02,1.044465054982029812e+02,1.045310727140903992e+02,1.048732096129461695e+02,1.008675379471091418e+02,6.287633641488774572e+01,5.402245558180682394e+01,5.380280650829799072e+01,6.075608061512934199e+01,7.566133239019400492e+01
1.200000000000000000e+02,1.200000000000000000e+02,1.200000000000000000e+02,1.200000000000000000e+02,1.200000000000000000e+02,1.200000000000000000e+02,1.200000000000000000e+02,1.200000000000000000e+02,1.200000000000000000e+02,1.200000000000000000e+02,1.505625874674155519e-02,8.188784939139560493e+01,9.716794764038573362e+01,1.003841414560920526e+02,1.022442537378612428e+02,1.033861910693518951e+02,1.041094903285798807e+02,1.046681782446092654e+02,1.043394865430503273e+02,1.011996650734941028e+02,6.405801514726793755e+01,5.404667894458199129e+01,5.326828559876322799e+01,6.009442950323803956e+01,7.531888335038530613e+01
1.200000000000000000e+02,1.200000000000000000e+02,1.200000000000000000e+02,1.200000000000000000e+02,1.200000000000000000e+02,1.200000000000000000e+02,1.200000000000000000e+02,1.200000000000000000e+02,1.200000000000000000e+02,1.200000000000000000e+02,1.917558076765140188e-02,6.464011307671653128e+01,9.669185856806781487e+01,9.999696609725633323e+01,1.018256137454681038e+02,1.030840776224616917e+02,1.038793805788744038e+02,1.044113970179639068e+02,1.045428386717190534e+02,1.008063780128759248e+02,6.502756498307815036e+01,5.458649033044812882e+01,5.277000513797734982e+01,5.946068748121418679e+01,7.492221551108417543e+01
1.200000000000000000e+02,1.200000000000000000e+02,1.200000000000000000e+02,1.200000000000000000e+02,1.200000000000000000e+02,1.200000000000000000e+02,1.200000000000000000e+02,1.200000000000000000e+02,1.200000000000000000e+02,1.200000000000000000e+02,2.103152477981852508e-02,4.523628567095212105e+01,9.732768427734896477e+01,9.959386217513471706e+01,1.014847509470332341e+02,1.026847987871507399e+02,1.036190484054110073e+02,1.041726449884467200e+02,1.043546204647565645e+02,1.011103686858004522e+02,6.481983270618471238e+01,5.517008732097982460e+01,5.262039135082230246e+01,5.886641483975227374e+01,7.452815737990492551e+01
1.200000000000000000e+02,1.200000000000000000e+02,1.200000000000000000e+02,1.200000000000000000e+02,1.200000000000000000e+02,1.200000000000000000e+02,1.200000000000000000e+02,1.200000000000000000e+02,1.200000000000000000e+02,1.200000000000000000e+02,1.194254312876244159e-02,5.205465639750258333e+01,9.861432594104130089e+01,1.003072837818547072e+02,1.011212767095492211e+02,1.023767405979974257e+02,1.032439591734086406e+02,1.039632276097045320e+02,1.041096535989768626e+02,1.011082494536689467e+02,6.546340171987827716e+01,5.508286065874942494e+01,5.258703255338178195e+01,5.848220346289807026e+01,7.414765541729408937e+01
1.200000000000000000e+02,1.200000000000000000e+02,1.200000000000000000e+02,1.200000000000000000e+02,1.200000000000000000e+02,1.200000000000000000e+02,1.200000000000000000e+02,1.200000000000000000e+02,1.200000000000000000e+02,1.200000000000000000e+02,1.455435524654108068e-02,5.518544442419694462e+01,9.969640324594172398e+01,1.017157397573106437e+02,1.017255770786869959e+02,1.020376127580869792e+02,1.029597006917668836e+02,1.036149197063847396e+02,1.039571716193998725e+02,1.008721016402638782e+02,6.593305097007011284e+01,5.545835823013629806e+01,5.223612438892455145e+01,5.818123594262582543e+01,7.389250875230706583e+01
1.200000000000000000e+02,1.200000000000000000e+02,1.200000000000000000e+02,1.200000000000000000e+02,1.200000000000000000e+02,1.200000000000000000e+02,1.200000000000000000e+02,1.200000000000000000e+02,1.200000000000000000e+02,1.200000000000000000e+02,1.895008256901397486e-02,5.577257635407215020e+01,9.653010284278887809e+01,1.030118629560423642e+02,1.029271725623238183e+02,1.025044943925394989e+02,1.026413955205804882e+02,1.033492713980761977e+02,1.036445125917200443e+02,1.007821486971390641e+02,6.576408187241730730e+01,5.593966957941302098e+01,5.216259719279727847e+01,5.771540994665146229e+01,7.366778380602517018e+01
1.200000000000000000e+02,1.200000000000000000e+02,1.200000000000000000e+02,1.200000000000000000e+02,1.200000000000000000e+02,1.200000000000000000e+02,1.200000000000000000e+02,1.200000000000000000e+02,1.200000000000000000e+02,1.200000000000000000e+02,2.272353550344300907e-02,4.271563733920864081e+01,9.442958966583243807e+01,1.009422684674183159e+02,1.040797933946904976e+02,1.034565106607637688e+02,1.029769033470987551e+02,1.030519237472395275e+02,1.033913414457309869e+02,1.005456673848550793e+02,6.573905652584059567e+01,5.596736891036179884e+01,5.228101500389678336e+01,5.743266151958862764e+01,7.333428445392765127e+01
1.200000000000000000e+02,1.200000000000000000e+02,1.200000000000000000e+02,1.200000000000000000e+02,1.200000000000000000e+02,1.200000000000000000e+02,1.200000000000000000e+02,1.200000000000000000e+02,1.200000000000000000e+02,1.200000000000000000e+02,2.455662995976107960e-02,3.116824325223868897e+01,9.442812385358908500e+01,9.943944324016240444e+01,1.026662521907245207e+02,1.044117582467324183e+02,1.036956761463529944e+02,1.032727284578686380e+02,1.031152529043926194e+02,1.002816448732553027e+02,6.557903538801403442e+01,5.601394579464795243e+01,5.218072427182389106e+01,5.731460589165962460e+01,7.313047778791363385e+01
1.200000000000000000e+02,1.200000000000000000e+02,1.200000000000000000e+02,1.200000000000000000e+02,1.200000000000000000e+02,1.200000000000000000e+02,1.200000000000000000e+02,1.200000000000000000e+02,1.200000000000000000e+02,1.200000000000000000e+02,1.436794846439256972e-02,4.348360235549199615e+01,9.681684136420621201e+01,9.931424914144503191e+01,1.017094359761500755e+02,1.034257348975149853e+02,1.044543264252703665e+02,1.037894630910151932e+02,1.032409752751164973e+02,9.999754883313703147e+01,6.522130508382804237e+01,5.605331926755026473e+01,5.209113514498954345e+01,5.709209833223129493e+01,7.302301524497535468e+01
1.200000000000000000e+02,1.200000000000000000e+02,1.200000000000000000e+02,1.200000000000000000e+02,1.200000000000000000e+02,1.200000000000000000e+02,1.200000000000000000e+02,1.200000000000000000e+02,1.200000000000000000e+02,1.200000000000000000e+02,1.880402770741994301e-02,4.485002466882875893e+01,9.823454262556977312e+01,1.010370544343092121e+02,1.016136789180770990e+02,1.028907843328026814e+02,1.037611081235115762e+02,1.043679510870136511e+02,1.035886811055359971e+02,1.000156251499244746e+02,6.476434403418680574e+01,5.592301844098504660e+01,5.207223273770919292e+01,5.689763250118723192e+01,7.284802629980805477e+01
1.200000000000000000e+02,1.200000000000000000e+02,1.200000000000000000e+02,1.200000000000000000e+02,1.200000000000000000e+02,1.200000000000000000e+02,1.200000000000000000e+02,1.200000000000000000e+02,1.200000000000000000e+02,1.200000000000000000e+02,2.531858085436792735e-02,4.220289442844789818e+01,9.441177260797624626e+01,1.022394482337374342e+02,1.027707562654080959e+02,1.028561019956409694e+02,1.035401643850910318e+02,1.038801715215333275e+02,1.040103856436138301e+02,1.002066884248034455e+02,6.463974426766625925e+01,5.566936946994868407e+01,5.198739877914672292e+01,5.679410550104203992e+01,7.270470449749863917e+01
1.200000000000000000e+02,1.200000000000000000e+02,1.200000000000000000e+02,1.200000000000000000e+02,1.200000000000000000e+02,1.200000000000000000e+02,1.200000000000000000e+02,1.200000000000000000e+02,1.200000000000000000e+02,1.200000000000000000e+02,2.900744647941249157e-02,2.657169333425034807e+01,9.234495407466067718e+01,9.976727783086160173e+01,1.036440308481489581e+02,1.036091622666957193e+02,1.035618222262194053e+02,1.038806913888585086e+02,1.036663920401593657e+02,1.004788756542090482e+02,6.472326350535260531e+01,5.555206775590418999e+01,5.183358639925635458e+01,5.668459265947374348e+01,7.262684986236537554e+01
1.200000000000000000e+02,1.200000000000000000e+02,1.200000000000000000e+02,1.200000000000000000e+02,1.200000000000000000e+02,1.200000000000000000e+02,1.200000000000000000e+02,1.200000000000000000e+02,1.200000000000000000e+02,1.200000000000000000e+02,2.914580481047855318e-02,1.784131131940569404e+01,9.307356743335756732e+01,9.833032259233623051e+01,1.019143984824785463e+02,1.042266272761390411e+02,1.040321425006269465e+02,1.039438845078722409e+02,1.038084156077003257e+02,1.002370059874696011e+02,6.490136292654624128e+01,5.550859971756938194e+01,5.174852727004587649e+01,5.655862716007669633e+01,7.255353825842389881e+01
1.200000000000000000e+02,1.200000000000000000e+02,1.200000000000000000e+02,1.200000000000000000e+02,1.200000000000000000e+02,1.200000000000000000e+02,1.200000000000000000e+02,1.200000000000000000e+02,1.200000000000000000e+02,1.200000000000000000e+02,1.699687716710924362e-02,3.384940492823970715e+01,9.635611701753134639e+01,9.871306332201984901e+01,1.010191698839450680e+02,1.029581469566748098e+02,1.044705108603588570e+02,1.042197027629771213e+02,1.038984992177175428e+02,1.004470306472840235e+02,6.456250187435280452e+01,5.545332007807792962e+01,5.168751056163416990e+01,5.649182584405892982e+01,7.248287754812434969e+01
1.200000000000000000e+02,1.200000000000000000e+02,1.200000000000000000e+02,1.200000000000000000e+02,1.200000000000000000e+02,1.200000000000000000e+02,1.200000000000000000e+02,1.200000000000000000e+02,1.200000000000000000e+02,1.200000000000000000e+02,2.172867516831419182e-02,3.341776594394710287e+01,9.804076828221622009e+01,1.009322740707704895e+02,1.012506608422085748e+02,1.024544808296015077e+02,1.035186122862673130e+02,1.045406402753291815e+02,1.040439152548051851e+02,1.005931001890961767e+02,6.486651306072450041e+01,5.514489715036379636e+01,5.157309269852760281e+01,5.644476058791037332e+01,7.245837375098182065e+01
1.200000000000000000e+02,1.200000000000000000e+02,1.200000000000000000e+02,1.200000000000000000e+02,1.200000000000000000e+02,1.200000000000000000e+02,1.200000000000000000e+02,1.200000000000000000e+02,1.200000000000000000e+02,1.200000000000000000e+02,2.729760355343891984e-02,3.030765596308612686e+01,9.324440668298883850e+01,1.022845931289181465e+02,1.026853178672731559e+02,1.026074536850130698e+02,1.032895811934288020e+02,1.038219975131765693e+02,1.042936569735407772e+02,1.006450595039481186e+02,6.520864612351053324e+01,5.523789585962308024e+01,5.131590196411021054e+01,5.635270633342486235e+01,7.244442729371668577e+01
1.200000000000000000e+02,1.200000000000000000e+02,1.200000000000000000e+02,1.200000000000000000e+02,1.200000000000000000e+02,1.200000000000000000e+02,1.200000000000000000e+02,1.200000000000000000e+02,1.200000000000000000e+02,1.200000000000000000e+02,2.920361283843408984e-02,1.559501866122288760e+01,9.083703443118488963e+01,9.943426930467944658e+01,1.036626080714249127e+02,1.035085443465842587e+02,1.033925371203784493e+02,1.037772690789177261e+02,1.037574974644594619e+02,1.008586998665962255e+02,6.522576028544482085e+01,5.545814010021351947e+01,5.127716155813261878e+01,5.617694354208157392e+01,7.239676369263412425e+01
1.200000000000000000e+02,1.200000000000000000e+02,1.200000000000000000e+02,1.200000000000000000e+02,1.200000000000000000e+02,1.200000000000000000e+02,1.200000000000000000e+02,1.200000000000000000e+02,1.200000000000000000e+02,1.200000000000000000e+02,2.989784655507352409e-02,1.048257534551199299e+01,9.187850535841444355e+01,9.783879693055418159e+01,1.017906056367946235e+02,1.042025918096715031e+02,1.039264208852168139e+02,1.038449627486656226e+02,1.038252273797573366e+02,1.005094411244737529e+02,6.547220974435042251e+01,5.541567286995891806e+01,5.135457735139537760e+01,5.612390236433466839e+01,7.229764994851717574e+01
1.200000000000000000e+02,1.200000000000000000e+02,1.200000000000000000e+02,1.200000000000000000e+02,1.200000000000000000e+02,1.200000000000000000e+02,1.200000000000000000e+02,1.200000000000000000e+02,1.200000000000000000e+02,1.200000000000000000e+02,1.732719167065863847e-02,2.738230365444249159e+01,9.576308971295432571e+01,9.833476100326559788e+01,1.008435752253346180e+02,1.028990394315290473e+02,1.044184396518423767e+02,1.041266268665968084e+02,1.038703768378033629e+02,1.006239894417282272e+02,6.517763838993906234e+01,5.546189756826833417e+01,5.126833944886177363e+01,5.614483311513330221e+01,7.228098784558950740e+01
1.200000000000000000e+02,1.200000000000000000e+02,1.200000000000000000e+02,1.200000000000000000e+02,1.200000000000000000e+02,1.200000000000000000e+02,1.200000000000000000e+02,1.200000000000000000e+02,1.200000000000000000e+02,1.200000000000000000e+02,2.291615943827335009e-02,2.552264007823127301e+01,9.757121081319954214e+01,1.007326170952710385e+02,1.011177176942800884e+02,1.023993204346070911e+02,1.034802649901348133e+02,1.044793927465872798e+02,1.039840937525308107e+02,1.006879711398729000e+02,6.539810708896733615e+01,5.533007761023935700e+01,5.119316554456244006e+01,5.605916257971745154e+01,7.230023959355123964e+01
1.200000000000000000e+02,1.200000000000000000e+02,1.200000000000000000e+02,1.200000000000000000e+02,1.200000000000000000e+02,1.200000000000000000e+02,1.200000000000000000e+02,1.200000000000000000e+02,1.200000000000000000e+02,1.200000000000000000e+02,3.388725145252027143e-02,2.243442064259227209e+01,9.223330479847783181e+01,1.020928127710416646e+02,1.025884383689921577e+02,1.025670054408274154e+02,1.032812162333625565e+02,1.037919217381647883e+02,1.042441736655527080e+02,1.006806880272720974e+02,6.559895855903779704e+01,5.548485504238718846e+01,5.107831302481701385e+01,5.596435247741528940e+01,7.224335319052072180e+01
1.200000000000000000e+02,1.200000000000000000e+02,1.200000000000000000e+02,1.200000000000000000e+02,1.200000000000000000e+02,1.200000000000000000e+02,1.200000000000000000e+02,1.200000000000000000e+02,1.200000000000000000e+02,1.200000000000000000e+02,5.218515243743197807e-02,1.020790209522459158e+01,8.962677013790387548e+01,9.907844040700584287e+01,1.035407457364462829e+02,1.034546007376068957e+02,1.033875760739536105e+02,1.037851227557481621e+02,1.037384796175584682e+02,1.008779466138325063e+02,6.550348149440945633e+01,5.567453019822011129e+01,5.113114268354030401e+01,5.586577189097536689e+01,7.218025500401209626e+01
1.200000000000000000e+02,1.200000000000000000e+02,1.200000000000000000e+02,1.200000000000000000e+02,1.200000000000000000e+02,1.200000000000000000e+02,1.200000000000000000e+02,1.200000000000000000e+02,1.200000000000000000e+02,1.200000000000000000e+02,8.685176033920342931e-02,7.773472512464318029e+00,9.071383458373856001e+01,9.740692521630616341e+01,1.016236769154880051e+02,1.041158902982801209e+02,1.038938903549172608e+02,1.038516168662039831e+02,1.038411290571477679e+02,1.005404845849528783e+02,6.569655231487178071e+01,5.560238565686626089e+01,5.123491215166195190e+01,5.586707815956483358e+01,7.211620880987341309e+01
1.200000000000000000e+02,1.200000000000000000e+02,1.200000000000000000e+02,1.200000000000000000e+02,1.200000000000000000e+02,1.200000000000000000e+02,1.200000000000000000e+02,1.200000000000000000e+02,1.200000000000000000e+02,1.200000000000000000e+02,8.492469016141232885e+01,1.491346004769543487e+00,9.456553755767316716e+01,9.785161764822920816e+01,1.006502730679391959e+02,1.028122208543442611e+02,1.043554834327194527e+02,1.041058158105624756e+02,1.038822975416483274e+02,1.006749586358656927e+02,6.538625785378147270e+01,5.564535577407180966e+01,5.117545280889237347e+01,5.590646490845907834e+01,7.212003464896154981e+01
1.200000000000000000e+02,1.200000000000000000e+02,1.200000000000000000e+02,1.200000000000000000e+02,1.200000000000000000e+02,1.200000000000000000e+02,1.200000000000000000e+02,1.200000000000000000e+02,1.200000000000000000e+02,1.200000000000000000e+02,8.477804651357958221e+01,1.016132127877763559e-02,9.616385494490272379e+01,1.000616285880423675e+02,1.008508230026599080e+02,1.023034084159135659e+02,1.034351644426694179e+02,1.044344153413017438e+02,1.039729034596659289e+02,1.007284101029585059e+02,6.560875419349748938e+01,5.551768928962234639e+01,5.114189870701471108e+01,5.584819103856845146e+01,7.214139328140527141e+01
1.200000000000000000e+02,1.200000000000000000e+02,1.200000000000000000e+02,1.200000000000000000e+02,1.200000000000000000e+02,1.200000000000000000e+02,1.200000000000000000e+02,1.200000000000000000e+02,1.200000000000000000e+02,1.200000000000000000e+02,1.170580451771697020e-02,5.604957489577211925e-03,9.719996679316319899e+01,1.012223255689248447e+02,1.021259010242608980e+02,1.023958059987829330e+02,1.032310005462964284e+02,1.037709210381643743e+02,1.042153230186612518e+02,1.006991024552485925e+02,6.577805974778372899e+01,5.567649804361073507e+01,5.106488312971203669e+01,5.579503722493254969e+01,7.209682253547174469e+01
1.200000000000000000e+02,1.200000000000000000e+02,1.200000000000000000e+02,1.200000000000000000e+02,1.200000000000000000e+02,1.200000000000000000e+02,1.200000000000000000e+02,1.200000000000000000e+02,1.200000000000000000e+02,1.200000000000000000e+02,1.231179470521340941e-02,1.058481889647901707e-02,9.177468936991466819e+01,1.023698376778284427e+02,1.029047952003679853e+02,1.031112573045379435e+02,1.032673090118752413e+02,1.037579293982176267e+02,1.037336821841386580e+02,1.008822067280792112e+02,6.563987433243880787e+01,5.584888189054365881e+01,5.114520649686019027e+01,5.573554844094150695e+01,7.205758793009236740e+01
1.200000000000000000e+02,1.200000000000000000e+02,1.200000000000000000e+02,1.200000000000000000e+02,1.200000000000000000e+02,1.200000000000000000e+02,1.200000000000000000e+02,1.200000000000000000e+02,1.200000000000000000e+02,1.200000000000000000e+02,1.512390146824644892e-02,1.745554082447416111e-02,8.229539303438873787e+01,1.001495857788075483e+02,1.039531230207782926e+02,1.036255176283251700e+02,1.036310666791961950e+02,1.037623107448369808e+02,1.038275555217033173e+02,1.005637172993248072e+02,6.580894161073192095e+01,5.575234679778903768e+01,5.125985129193382051e+01,5.576744611412240715e+01,7.201692692100228044e+01
1.200000000000000000e+02,1.200000000000000000e+02,1.200000000000000000e+02,1.200000000000000000e+02,1.200000000000000000e+02,1.200000000000000000e+02,1.200000000000000000e+02,1.200000000000000000e+02,1.200000000000000000e+02,1.200000000000000000e+02,7.266860680369308621e-03,2.317183050155727786e-01,8.293859376966305774e+01,9.443211777016909991e+01,1.028367434319776237e+02,1.045427971157244542e+02,1.039701839262385903e+02,1.039024661094853741e+02,1.038150020455007194e+02,1.006854590111992280e+02,6.551753308399072750e+01,5.578594422531834596e+01,5.120431829026755111e+01,5.582678436611704598e+01,7.203892862000989794e+01
1.200000000000000000e+02,1.200000000000000000e+02,1.200000000000000000e+02,1.200000000000000000e+02,1.200000000000000000e+02,1.200000000000000000e+02,1.200000000000000000e+02,1.200000000000000000e+02,1.200000000000000000e+02,1.200000000000000000e+02,8.015225336423529257e+01,9.477023321501061234e-03,8.985065890226573515e+01,9.405629574545297089e+01,9.915537849855942909e+01,1.039587532474103000e+02,1.047524094066317417e+02,1.041303538020571153e+02,1.038160364125731263e+02,1.006881996499642469e+02,6.571579044303089745e+01,5.567333373559174703e+01,5.118238491741534091e+01,5.578377354790201537e+01,7.207188754928375829e+01
1.200000000000000000e+02,1.200000000000000000e+02,1.200000000000000000e+02,1.200000000000000000e+02,1.200000000000000000e+02,1.200000000000000000e+02,1.200000000000000000e+02,1.200000000000000000e+02,1.200000000000000000e+02,1.200000000000000000e+02,7.604679286154808437e+01,4.878614505634327678e-03,9.649465376477550649e+01,9.703768697217925876e+01,9.874312388049411027e+01,1.014730278650459638e+02,1.044518636147369222e+02,1.047835317996257629e+02,1.039753994302976423e+02,1.005846058578584348e+02,6.580225095966328297e+01,5.582095188072466385e+01,5.112911502060127589e+01,5.574986935581960523e+01,7.203681976546826604e+01
1.200000000000000000e+02,1.200000000000000000e+02,1.200000000000000000e+02,1.200000000000000000e+02,1.200000000000000000e+02,1.200000000000000000e+02,1.200000000000000000e+02,1.200000000000000000e+02,1.200000000000000000e+02,1.200000000000000000e+02,5.505387939391741085e-03,3.603428739428846377e-03,1.013241541876180634e+02,1.003917502072521160e+02,1.000703803519537445e+02,1.011965734898551830e+02,1.027440444217346709e+02,1.046350079116110976e+02,1.045134921660778105e+02,1.006911788562779861e+02,6.555549367379443026e+01,5.594293606398171192e+01,5.121707750297121464e+01,5.571547006664444268e+01,7.201044318822908963e+01
1.200000000000000000e+02,1.200000000000000000e+02,1.200000000000000000e+02,1.200000000000000000e+02,1.200000000000000000e+02,1.200000000000000000e+02,1.200000000000000000e+02,1.200000000000000000e+02,1.200000000000000000e+02,1.200000000000000000e+02,3.202944391853400526e-03,3.735248777124978558e-03,1.001437271636488333e+02,1.038025832064879239e+02,1.018255716702105218e+02,1.017058345090149629e+02,1.026214185997372255e+02,1.034633764802468079e+02,1.044446297503196206e+02,1.011573942759079472e+02,6.560511646384281903e+01,5.578489209779036884e+01,5.131517321417815936e+01,5.576190668466910694e+01,7.198623117441806585e+01
1.200000000000000000e+02,1.200000000000000000e+02,1.200000000000000000e+02,1.200000000000000000e+02,1.200000000000000000e+02,1.200000000000000000e+02,1.200000000000000000e+02,1.200000000000000000e+02,1.200000000000000000e+02,1.200000000000000000e+02,3.127153127523043911e-03,8.136737807313569704e+01,9.001107463907919737e+01,1.045199257431842597e+02,1.043227456019335619e+02,1.025582199551115110e+02,1.026901994933814706e+02,1.034739723096041644e+02,1.036509007406618821e+02,1.011607469005013940e+02,6.624842702358419899e+01,5.575354175286835812e+01,5.123945889974827139e+01,5.582134981799632811e+01,7.201743113540558738e+01
1.200000000000000000e+02,1.200000000000000000e+02,1.200000000000000000e+02,1.200000000000000000e+02,1.200000000000000000e+02,1.200000000000000000e+02,1.200000000000000000e+02,1.200000000000000000e+02,1.200000000000000000e+02,1.200000000000000000e+02,8.428751441643939302e+01,8.666623266206076437e+01,7.691078919731910446e+01,9.970487108364004314e+01,1.054647320576573577e+02,1.044102274854756018e+02,1.030027813665278273e+02,1.033003027652267036e+02,1.037616996173340880e+02,1.006280169846856438e+02,6.638195646272296813e+01,5.610278553421463243e+01,5.120084448348012529e+01,5.577868407825815922e+01,7.205145325560629033e+01
1.200000000000000000e+02,1.200000000000000000e+02,1.200000000000000000e+02,1.200000000000000000e+02,1.200000000000000000e+02,1.200000000000000000e+02,1.200000000000000000e+02,1.200000000000000000e+02,1.200000000000000000e+02,1.200000000000000000e+02,1.101111817934953031e-02,4.886412566222245873e-03,5.979718769140098544e+01,9.519114677841633920e+01,1.028530232845448751e+02,1.055749921421611930e+02,1.043871866820709755e+02,1.032920619379809466e+02,1.034637926772733181e+02,1.008065788851446172e+02,6.583510881141607740e+01,5.621713889798090236e+01,5.136715569092901035e+01,5.575109274506344548e+01,7.201992070346283015e+01
1.200000000000000000e+02,1.200000000000000000e+02,1.200000000000000000e+02,1.200000000000000000e+02,1.200000000000000000e+02,1.200000000000000000e+02,1.200000000000000000e+02,1.200000000000000000e+02,1.200000000000000000e+02,1.200000000000000000e+02,1.033887795822967422e-02,4.746803012910596163e-03,6.254326390146420778e+01,8.917496972044790482e+01,9.993871457829168037e+01,1.041044397321714570e+02,1.054199343790491099e+02,1.043354890425567731e+02,1.032696785770173165e+02,1.004898037524021817e+02,6.620812010055911401e+01,5.597682966644342883e+01,5.141892808469211218e+01,5.583486401309843927e+01,7.200325012192082852e+01
1.200000000000000000e+02,1.200000000000000000e+02,1.200000000000000000e+02,1.200000000000000000e+02,1.200000000000000000e+02,1.200000000000000000e+02,1.200000000000000000e+02,1.200000000000000000e+02,1.200000000000000000e+02,1.200000000000000000e+02,6.744695751913761493e-03,5.336178744864535084e-03,5.414354688837806862e+01,9.067958191555344172e+01,9.565879379996746934e+01,1.022523708743188848e+02,1.045977323037312061e+02,1.051757888561032672e+02,1.040645782275469884e+02,1.001203105778206464e+02,6.587187216583670590e+01,5.630164692271807070e+01,5.129187916221128773e+01,5.584521013428632585e+01,7.205071730609361680e+01
1.200000000000000000e+02,1.200000000000000000e+02,1.200000000000000000e+02,1.200000000000000000e+02,1.200000000000000000e+02,1.200000000000000000e+02,1.200000000000000000e+02,1.200000000000000000e+02,1.200000000000000000e+02,1.200000000000000000e+02,8.275374848092792490e+01,8.463749579220564101e+01,7.181391228845457420e+01,9.611726781979808720e+01,9.636015320534899331e+01,9.913294695536974643e+01,1.034890423956845780e+02,1.047294005891479145e+02,1.047080025681192410e+02,1.007129740088137453e+02,6.507851981598996360e+01,5.627258247752382658e+01,5.150005588371824672e+01,5.575499116314014003e+01,7.203988963292373171e+01
1.200000000000000000e+02,1.200000000000000000e+02,1.200000000000000000e+02,1.200000000000000000e+02,1.200000000000000000e+02,1.200000000000000000e+02,1.200000000000000000e+02,1.200000000000000000e+02,1.200000000000000000e+02,1.200000000000000000e+02,8.199770367361085732e+01,8.357286137606212151e+01,4.159794512142680389e+01,1.004210194963213496e+02,9.928198426767200147e+01,9.941488327800819036e+01,1.011906005426521773e+02,1.041497184820783701e+02,1.044725492178889255e+02,1.012350450794316572e+02,6.563765150847542884e+01,5.575316140280589394e+01,5.158866164599471915e+01,5.587042125316908425e+01,7.197283114901040335e+01
1.200000000000000000e+02,1.200000000000000000e+02,1.200000000000000000e+02,1.200000000000000000e+02,1.200000000000000000e+02,1.200000000000000000e+02,1.200000000000000000e+02,1.200000000000000000e+02,1.200000000000000000e+02,1.200000000000000000e+02,6.126759171026392552e-03,8.498951819794096707e+01,2.359887453027184723e+00,9.801479603699964116e+01,1.022860616890720138e+02,1.009306240352254207e+02,1.012532381060181734e+02,1.024560617964817055e+02,1.042634877026849978e+02,1.011058436203688586e+02,6.634756354163151570e+01,5.593924475787572703e+01,5.134471816626886209e+01,5.594915337325288363e+01,7.204480406826671413e+01
1.200000000000000000e+02,1.200000000000000000e+02,1.200000000000000000e+02,1.200000000000000000e+02,1.200000000000000000e+02,1.200000000000000000e+02,1.200000000000000000e+02,1.200000000000000000e+02,1.200000000000000000e+02,1.200000000000000000e+02,7.311496242439787657e-03,1.494166248653315543e-02,5.893258801145061926e-03,9.420185478143221758e+01,1.009070843982783572e+02,1.028893364945232634e+02,1.019514672635924626e+02,1.024088896843454677e+02,1.030259453940541619e+02,1.011563127978623697e+02,6.622016749615120546e+01,5.631313414277816065e+01,5.141852485765609515e+01,5.583179351606155194e+01,7.208610328657131561e+01
1.200000000000000000e+02,1.200000000000000000e+02,1.200000000000000000e+02,1.200000000000000000e+02,1.200000000000000000e+02,1.200000000000000000e+02,1.200000000000000000e+02,1.200000000000000000e+02,1.200000000000000000e+02,1.200000000000000000e+02,1.308444894019793539e-02,6.059638692656937019e-03,1.201855076603682536e-02,9.410122980871416587e+01,1.000802886830374376e+02,1.019770030456611920e+02,1.031502808700726774e+02,1.026291133501690780e+02,1.029218970912449436e+02,1.003246534261707836e+02,6.651688961267795719e+01,5.618732348496659768e+01,5.161396290977957335e+01,5.588389008245489720e+01,7.201506106324916345e+01
1.200000000000000000e+02,1.200000000000000000e+02,1.200000000000000000e+02,1.200000000000000000e+02,1.200000000000000000e+02,1.200000000000000000e+02,1.200000000000000000e+02,1.200000000000000000e+02,1.200000000000000000e+02,1.200000000000000000e+02,8.979462702976682920e+01,4.482000212210603129e-03,3.105704536654475945e+01,9.027279228215915907e+01,1.010155810612705665e+02,1.022947320076980446e+02,1.024617407523507211e+02,1.032893063984858486e+02,1.028722939783602328e+02,1.001214178932199701e+02,6.584005859636704372e+01,5.638437860253236522e+01,5.150015618897845115e+01,5.600277504574966514e+01,7.206177006044740097e+01
1.200000000000000000e+02,1.200000000000000000e+02,1.200000000000000000e+02,1.200000000000000000e+02,1.200000000000000000e+02,1.200000000000000000e+02,1.200000000000000000e+02,1.200000000000000000e+02,1.200000000000000000e+02,1.200000000000000000e+02,8.775500542616174471e+01,6.130841314791676822e-03,4.477586785072864473e+01,9.326441903020452173e+01,9.861423080909777639e+01,1.033589740531031396e+02,1.032674771048763205e+02,1.027187715164850630e+02,1.031611516899475305e+02,9.991304962701782699e+01,6.547677964174260978e+01,5.628341592446276564e+01,5.155342235425363384e+01,5.591498406492068796e+01,7.213112965816294775e+01
1.200000000000000000e+02,1.200000000000000000e+02,1.200000000000000000e+02,1.200000000000000000e+02,1.200000000000000000e+02,1.200000000000000000e+02,1.200000000000000000e+02,1.200000000000000000e+02,1.200000000000000000e+02,1.200000000000000000e+02,1.429586736486310010e-02,8.445951331346145707e+01,5.907332214446736884e+01,9.109772734070968170e+01,1.000482588287205488e+02,1.015804860684643529e+02,1.042762407009893053e+02,1.036992348933477217e+02,1.026590490603307018e+02,9.989013076206185815e+01,6.502370240380302846e+01,5.619416841000449381e+01,5.160025642607742213e+01,5.590785046964539617e+01,7.205977744657265305e+01
1.200000000000000000e+02,1.200000000000000000e+02,1.200000000000000000e+02,1.200000000000000000e+02,1.200000000000000000e+02,1.200000000000000000e+02,1.200000000000000000e+02,1.200000000000000000e+02,1.200000000000000000e+02,1.200000000000000000e+02,3.692622541238130829e-01,7.698526723621748147e+01,2.859586239354170800e+01,9.330384456565850826e+01,9.797428762928258550e+01,1.025593602105438151e+02,1.028740516848654778e+02,1.045837313927622461e+02,1.036421196557344899e+02,9.938992577519735505e+01,6.459797143784243190e+01,5.596568278711666977e+01,5.165714106252890048e+01,5.595174288726214940e+01,7.204602666971443625e+01
1.200000000000000000e+02,1.200000000000000000e+02,1.200000000000000000e+02,1.200000000000000000e+02,1.200000000000000000e+02,1.200000000000000000e+02,1.200000000000000000e+02,1.200000000000000000e+02,1.200000000000000000e+02,1.200000000000000000e+02,1.659998251160404692e+01,3.458819141950446319e-02,1.188721736241917827e-02,9.665384142247199861e+01,9.839282421272241663e+01,1.008361293623472505e+02,1.037254689162104597e+02,1.034468191324401687e+02,1.043771746950007326e+02,1.002274316687855986e+02,6.368366825582391755e+01,5.559091663984433751e+01,5.162918580757421694e+01,5.601871709732910176e+01,7.206800179204140022e+01
1.200000000000000000e+02,1.200000000000000000e+02,1.200000000000000000e+02,1.200000000000000000e+02,1.200000000000000000e+02,1.200000000000000000e+02,1.200000000000000000e+02,1.200000000000000000e+02,1.200000000000000000e+02,1.200000000000000000e+02,8.098825395275981975e+01,4.732518356451932001e-03,9.789108660767776859e-01,9.650423706914867239e+01,1.000273877826208064e+02,1.007436858946288112e+02,1.023135562226958228e+02,1.042870613863861422e+02,1.034407551490118777e+02,1.008717043843276571e+02,6.457188401026951396e+01,5.491798887403177787e+01,5.146574941228785605e+01,5.605394368611205635e+01,7.211612104332444062e+01
1.200000000000000000e+02,1.200000000000000000e+02,1.200000000000000000e+02,1.200000000000000000e+02,1.200000000000000000e+02,1.200000000000000000e+02,1.200000000000000000e+02,1.200000000000000000e+02,1.200000000000000000e+02,1.200000000000000000e+02,7.518378058493925664e+01,3.581508968860289046e-03,2.809926093211596765e+01,9.526775959059199295e+01,1.015982036316824946e+02,1.016600315630352469e+02,1.020394403608247131e+02,1.031364607462082148e+02,1.042948433006194193e+02,1.000644767452238568e+02,6.549210536648962488e+01,5.524437743155998959e+01,5.111836590844874451e+01,5.601270838635977611e+01,7.215080513493512626e+01
1.200000000000000000e+02,1.200000000000000000e+02,1.200000000000000000e+02,1.200000000000000000e+02,1.200000000000000000e+02,1.200000000000000000e+02,1.200000000000000000e+02,1.200000000000000000e+02,1.200000000000000000e+02,1.200000000000000000e+02,7.593411274703929337e+01,4.196036095301441428e-03,5.403225710056321418e+01,9.600779317195282658e+01,1.015859973058213512e+02,1.032571274233361578e+02,1.026084295036280309e+02,1.027996877728162701e+02,1.033752290329980070e+02,1.008760893973373243e+02,6.438086022581488521e+01,5.571302229816062379e+01,5.125784647062172894e+01,5.587504962992683488e+01,7.214399986849544177e+01
1.200000000000000000e+02,1.200000000000000000e+02,1.200000000000000000e+02,1.200000000000000000e+02,1.200000000000000000e+02,1.200000000000000000e+02,1.200000000000000000e+02,1.200000000000000000e+02,1.200000000000000000e+02,1.200000000000000000e+02,2.217471804169806812e-02,6.249845910861239265e-03,7.347376594513713144e+01,9.263925362632598137e+01,1.019453088805424983e+02,1.035196350660541924e+02,1.039224744270529186e+02,1.031981336274249372e+02,1.030155920744475395e+02,1.003124592854911015e+02,6.534638629200152593e+01,5.497223218552920088e+01,5.148981517801561836e+01,5.599470733781041076e+01,7.209075273410992679e+01
1.200000000000000000e+02,1.200000000000000000e+02,1.200000000000000000e+02,1.200000000000000000e+02,1.200000000000000000e+02,1.200000000000000000e+02,1.200000000000000000e+02,1.200000000000000000e+02,1.200000000000000000e+02,1.200000000000000000e+02,1.369684466327061034e-01,1.002731110053220812e-02,6.094027578834015202e+01,9.132462886433970084e+01,9.947371630014308153e+01,1.038668981279329984e+02,1.042208201177005122e+02,1.041853887484378021e+02,1.033346728915546322e+02,9.984483536830158812e+01,6.509372975924257787e+01,5.532285407354978446e+01,5.103506649818424989e+01,5.614858567430485436e+01,7.220510660532495706e+01
1.200000000000000000e+02,1.200000000000000000e+02,1.200000000000000000e+02,1.200000000000000000e+02,1.200000000000000000e+02,1.200000000000000000e+02,1.200000000000000000e+02,1.200000000000000000e+02,1.200000000000000000e+02,1.200000000000000000e+02,8.488900199765760135e+01,7.264277875399849904e+01,3.479004971016349401e+01,9.365719590197174682e+01,9.734354658060273380e+01,1.021287960221658437e+02,1.046060557607964796e+02,1.044361795149590364e+02,1.040365394767737968e+02,1.001198911741540485e+02,6.426916915360307314e+01,5.539911903829535333e+01,5.107894344009376653e+01,5.588656684504505989e+01,7.230845472816250208e+01
1.200000000000000000e+02,1.200000000000000000e+02,1.200000000000000000e+02,1.200000000000000000e+02,1.200000000000000000e+02,1.200000000000000000e+02,1.200000000000000000e+02,1.200000000000000000e+02,1.200000000000000000e+02,1.200000000000000000e+02,7.792575242364161170e+01,8.028461918531064612e+01,9.622789296746974586e+00,9.543816128309219948e+01,9.782040963017630020e+01,1.002452618338118384e+02,1.033923140906408804e+02,1.048532168265379738e+02,1.042094127712856420e+02,1.006354929945804031e+02,6.452240610942520505e+01,5.489866764826981438e+01,5.116665353361506874e+01,5.587176313514707005e+01,7.214125073675148769e+01
1.200000000000000000e+02,1.200000000000000000e+02,1.200000000000000000e+02,1.200000000000000000e+02,1.200000000000000000e+02,1.200000000000000000e+02,1.200000000000000000e+02,1.200000000000000000e+02,1.200000000000000000e+02,1.200000000000000000e+02,7.508288316898027404e+01,1.106108222290520977e-02,2.670891673791143450e+00,9.466999937848225954e+01,9.971728652141453608e+01,1.001640714756083241e+02,1.018784651383821256e+02,1.040231935112880564e+02,1.046434911047900442e+02,1.007142959969685592e+02,6.518933398533393131e+01,5.495964707034837460e+01,5.090095887143431241e+01,5.593564423494611049e+01,7.214568494200260318e+01
1.200000000000000000e+02,1.200000000000000000e+02,1.200000000000000000e+02,1.200000000000000000e+02,1.200000000000000000e+02,1.200000000000000000e+02,1.200000000000000000e+02,1.200000000000000000e+02,1.200000000000000000e+02,1.200000000000000000e+02,7.668434661514169193e+01,1.172137201736041072e-02,8.856680735283838146e+00,9.498271591749569609e+01,1.000282770350287507e+02,1.015960493672458824e+02,1.016369671406533826e+02,1.028531812666831229e+02,1.041015342491522233e+02,1.011509391097951323e+02,6.519867328563351805e+01,5.533295238339684374e+01,5.089412408845682023e+01,5.578659989248968998e+01,7.218407464792906580e+01
1.200000000000000000e+02,1.200000000000000000e+02,1.200000000000000000e+02,1.200000000000000000e+02,1.200000000000000000e+02,1.200000000000000000e+02,1.200000000000000000e+02,1.200000000000000000e+02,1.200000000000000000e+02,1.200000000000000000e+02,1.150859170201764224e-02,1.673150433462389924e-02,1.787551126662850365e+01,9.397201795039042338e+01,1.008385044568494351e+02,1.019459739524466073e+02,1.026185311462620717e+02,1.025994568246610612e+02,1.032156555607466544e+02,1.009124295619774898e+02,6.575965265239011615e+01,5.525010658154179310e+01,5.109456403029957272e+01,5.577816669705323704e+01,7.209635634070974675e+01
1.200000000000000000e+02,1.200000000000000000e+02,1.200000000000000000e+02,1.200000000000000000e+02,1.200000000000000000e+02,1.200000000000000000e+02,1.200000000000000000e+02,1.200000000000000000e+02,1.200000000000000000e+02,1.200000000000000000e+02,3.621781686959694123e-03,7.371638962642211368e+01,1.270909754043456985e+01,9.346530278384744861e+01,1.006134235533016721e+02,1.027681309289288691e+02,1.028105680193582714e+02,1.032246109935742879e+02,1.030027678514968557e+02,1.002459796769497302e+02,6.581132609363136510e+01,5.543122352113083195e+01,5.100416479275857284e+01,5.589980375232845944e+01,7.211192512197946769e+01
1.200000000000000000e+02,1.200000000000000000e+02,1.200000000000000000e+02,1.200000000000000000e+02,1.200000000000000000e+02,1.200000000000000000e+02,1.200000000000000000e+02,1.200000000000000000e+02,1.200000000000000000e+02,1.200000000000000000e+02,8.349517629966963739e+01,7.383475457071600090e+01,8.418939685666213327e-03,9.267042159558955916e+01,1.002012961006835496e+02,1.028357413048823332e+02,1.035509898501427131e+02,1.032406238624115815e+02,1.033695232667492689e+02,1.000634526021451052e+02,6.511507298259198251e+01,5.557122507596751149e+01,5.097959866503167348e+01,5.583016348284505170e+01,7.219354621482236212e+01
1.200000000000000000e+02,1.200000000000000000e+02,1.200000000000000000e+02,1.200000000000000000e+02,1.200000000000000000e+02,1.200000000000000000e+02,1.200000000000000000e+02,1.200000000000000000e+02,1.200000000000000000e+02,1.200000000000000000e+02,4.169276163178202259e-03,8.097131645343459638e+01,3.761656703076772523e-03,9.418579325657549361e+01,9.952119496142074695e+01,1.025880073133936747e+02,1.037541148521082448e+02,1.038759683258681150e+02,1.032410676164536341e+02,1.002534052114623506e+02,6.488063536948318699e+01,5.532108754059769495e+01,5.102095962534496465e+01,5.576040771129708418e+01,7.213988319816387218e+01
1.200000000000000000e+02,1.200000000000000000e+02,1.200000000000000000e+02,1.200000000000000000e+02,1.200000000000000000e+02,1.200000000000000000e+02,1.200000000000000000e+02,1.200000000000000000e+02,1.200000000000000000e+02,1.200000000000000000e+02,5.622333116122293396e-03,8.417265979680233556e+01,3.201068432105128644e-03,9.448593222598810826e+01,1.004687842959708490e+02,1.021217552102126120e+02,1.036264403459256300e+02,1.041325665807375458e+02,1.037672080302485682e+02,9.998778729963241574e+01,6.505470402654533757e+01,5.527345283873844295e+01,5.091506148885336813e+01,5.574637224973242411e+01,7.208557078235406834e+01
1.200000000000000000e+02,1.200000000000000000e+02,1.200000000000000000e+02,1.200000000000000000e+02,1.200000000000000000e+02,1.200000000000000000e+02,1.200000000000000000e+02,1.200000000000000000e+02,1.200000000000000000e+02,1.200000000000000000e+02,1.609687225860911494e-02,8.777903377717078115e+01,3.182750270351865710e-03,9.139026221217314117e+01,1.010745673380663021e+02,1.028005000361398800e+02,1.033455787665778587e+02,1.040789679713347624e+02,1.040327469655715618e+02,1.003541956551457304e+02,6.450935728631023380e+01,5.542947158021842569e+01,5.092991019061508240e+01,5.567051406462437058e+01,7.206125037433211844e+01
1.200000000000000000e+02,1.200000000000000000e+02,1.200000000000000000e+02,1.200000000000000000e+02,1.200000000000000000e+02,1.200000000000000000e+02,1.200000000000000000e+02,1.200000000000000000e+02,1.200000000000000000e+02,1.200000000000000000e+02,7.494883144917523055e+01,1.360529627836001149e-03,8.287231635982779210e+01,8.718401364419842992e+01,9.945921178310290145e+01,1.033048381770552453e+02,1.038820864254039407e+02,1.039488734962575904e+02,1.040156674628023836e+02,1.006515029276353630e+02,6.473248199456214991e+01,5.507921810672657870e+01,5.107385529755806886e+01,5.568025049524628400e+01,7.200583419684366504e+01
1.200000000000000000e+02,1.200000000000000000e+02,1.200000000000000000e+02,1.200000000000000000e+02,1.200000000000000000e+02,1.200000000000000000e+02,1.200000000000000000e+02,1.200000000000000000e+02,1.200000000000000000e+02,1.200000000000000000e+02,7.499849932960400167e+01,1.513087755829418566e-03,8.357616481140227904e+01,5.299062358327550015e+01,9.704821510232696369e+01,1.022796829741372733e+02,1.042651700709724309e+02,1.044002317368123158e+02,1.039998089243642596e+02,1.006481470869496206e+02,6.519910933398492148e+01,5.503623633878017074e+01,5.092242111529584747e+01,5.578265234306996945e+01,7.202046301910985449e+01
1.200000000000000000e+02,1.200000000000000000e+02,1.200000000000000000e+02,1.200000000000000000e+02,1.200000000000000000e+02,1.200000000000000000e+02,1.200000000000000000e+02,1.200000000000000000e+02,1.200000000000000000e+02,1.200000000000000000e+02,7.903647307836216385e+01,7.971263708856415064e+01,2.543227359404771470e-03,2.879101543005583608e+01,9.520030810587448400e+01,1.007736122098140896e+02,1.035530504022346605e+02,1.046836330825697843e+02,1.043986485507945190e+02,1.007130795886020138e+02,6.522360401585129352e+01,5.526801750792396462e+01,5.085064105891259345e+01,5.572036294494241560e+01,7.209211209061955117e+01
1.200000000000000000e+02,1.200000000000000000e+02,1.200000000000000000e+02,1.200000000000000000e+02,1.200000000000000000e+02,1.200000000000000000e+02,1.200000000000000000e+02,1.200000000000000000e+02,1.200000000000000000e+02,1.200000000000000000e+02,7.020440416283443667e-03,7.085721316632084665e+01,1.862838926693366481e-03,4.923851206274650849e+01,9.151741132729767969e+01,9.943535204415212547e+01,1.025897182383283024e+02,1.041713032405821338e+02,1.046091753292224951e+02,1.011212091238725463e+02,6.536116098931211127e+01,5.525594753798247893e+01,5.095123774864646293e+01,5.568110509736665392e+01,7.205749586108467497e+01
1.200000000000000000e+02,1.200000000000000000e+02,1.200000000000000000e+02,1.200000000000000000e+02,1.200000000000000000e+02,1.200000000000000000e+02,1.200000000000000000e+02,1.200000000000000000e+02,1.200000000000000000e+02,1.200000000000000000e+02,6.996313874117066511e+00,3.722133409671472392e-03,2.148956979381570244e-03,7.712047792119236078e+01,9.328085463995282112e+01,9.812988432085414559e+01,1.015983666034462800e+02,1.035702838593392414e+02,1.042421898289940287e+02,1.013294414358456379e+02,6.605407575862915337e+01,5.529534216207284913e+01,5.091869056060535570e+01,5.574227497604881165e+01,7.204523358505245767e+01
1.200000000000000000e+02,1.200000000000000000e+02,1.200000000000000000e+02,1.200000000000000000e+02,1.200000000000000000e+02,1.200000000000000000e+02,1.200000000000000000e+02,1.200000000000000000e+02,1.200000000000000000e+02,1.200000000000000000e+02,8.439702462993110998e+01,8.272408409386395078e+01,8.203631720582323794e+01,9.475089262880497643e+01,9.674575492588760994e+01,9.903541576613653774e+01,1.010785602634824727e+02,1.028255364586732554e+02,1.038967697663464520e+02,1.010921158693059567e+02,6.649912604742564781e+01,5.572640773417880666e+01,5.088514309695006688e+01,5.571583107059680628e+01,7.208811364373988795e+01
1.200000000000000000e+02,1.200000000000000000e+02,1.200000000000000000e+02,1.200000000000000000e+02,1.200000000000000000e+02,1.200000000000000000e+02,1.200000000000000000e+02,1.200000000000000000e+02,1.200000000000000000e+02,1.200000000000000000e+02,7.799690359497436987e+01,3.046244829605383991e-03,7.930067235664964187e+01,7.823893814907926014e+01,9.967075615560844426e+01,1.002577953621227351e+02,1.014852898866421640e+02,1.026113522434771568e+02,1.033342593668850640e+02,1.009508911393686788e+02,6.632903812517557185e+01,5.606221380635404472e+01,5.108181581360728529e+01,5.567007909006504462e+01,7.206592071269811584e+01
1.200000000000000000e+02,1.200000000000000000e+02,1.200000000000000000e+02,1.200000000000000000e+02,1.200000000000000000e+02,1.200000000000000000e+02,1.200000000000000000e+02,1.200000000000000000e+02,1.200000000000000000e+02,1.200000000000000000e+02,7.700309905098794161e+01,1.409050739287710741e+00,8.551292700797039004e+01,2.763083523475983228e+01,1.016030206267892311e+02,1.014161203902451831e+02,1.018392309134225968e+02,1.027335913442112627e+02,1.032438400951583901e+02,1.005597266050513099e+02,6.637364523258058568e+01,5.603951055240128909e+01,5.124967817899436540e+01,5.575204618101803788e+01,7.203266537198159369e+01
1.200000000000000000e+02,1.200000000000000000e+02,1.200000000000000000e+02,1.200000000000000000e+02,1.200000000000000000e+02,1.200000000000000000e+02,1.200000000000000000e+02,1.200000000000000000e+02,1.200000000000000000e+02,1.200000000000000000e+02,8.108454261848228839e+01,7.928012497033257944e+01,2.665978246302494296e-03,6.902958709881861665e+00,9.354633700585922895e+01,1.028241660939272748e+02,1.022888757593754718e+02,1.026803321861155354e+02,1.032029167842838149e+02,1.004806413597636094e+02,6.610516944052844224e+01,5.620904310201009935e+01,5.121895576118193816e+01,5.581130048319585768e+01,7.207297888359778426e+01
1.200000000000000000e+02,1.200000000000000000e+02,1.200000000000000000e+02,1.200000000000000000e+02,1.200000000000000000e+02,1.200000000000000000e+02,1.200000000000000000e+02,1.200000000000000000e+02,1.200000000000000000e+02,1.200000000000000000e+02,6.226064726258153346e-03,7.153652920420128680e+01,1.797776896750910352e-03,2.811722557791606647e+01,9.284943285438828298e+01,9.907512406035436925e+01,1.033294912572196438e+02,1.027945364830287502e+02,1.029469491003042947e+02,1.003357034049668783e+02,6.604869993791324134e+01,5.630766381834035172e+01,5.132507648043075221e+01,5.574759886215327498e+01,7.208290169628436672e+01
1.200000000000000000e+02,1.200000000000000000e+02,1.200000000000000000e+02,1.200000000000000000e+02,1.200000000000000000e+02,1.200000000000000000e+02,1.200000000000000000e+02,1.200000000000000000e+02,1.200000000000000000e+02,1.200000000000000000e+02,1.192442269363155383e+01,7.216286155332987562e+01,3.306157533239148256e-03,7.208394769052709705e+01,9.637650399384411060e+01,9.981456547592014772e+01,1.014160044184602327e+02,1.035630223469167674e+02,1.028915934383372530e+02,9.993827032384824349e+01,6.579051121619876596e+01,5.644784079694645840e+01,5.148697984116190440e+01,5.577404297438975078e+01,7.201331810717687176e+01
1.200000000000000000e+02,1.200000000000000000e+02,1.200000000000000000e+02,1.200000000000000000e+02,1.200000000000000000e+02,1.200000000000000000e+02,1.200000000000000000e+02,1.200000000000000000e+02,1.200000000000000000e+02,1.200000000000000000e+02,8.308923893037464836e+01,8.099849832874497224e+01,8.118725398011514471e+01,8.573505359474994236e+01,9.813600579243065170e+01,1.016290473229952767e+02,1.024969622739832005e+02,1.025405322931723617e+02,1.034492029711680487e+02,9.974645360601866173e+01,6.503015060779570433e+01,5.640127516226274906e+01,5.167908873414445026e+01,5.587241319919819205e+01,7.201008210110794039e+01
1.200000000000000000e+02,1.200000000000000000e+02,1.200000000000000000e+02,1.200000000000000000e+02,1.200000000000000000e+02,1.200000000000000000e+02,1.200000000000000000e+02,1.200000000000000000e+02,1.200000000000000000e+02,1.200000000000000000e+02,7.687949452944739903e+01,9.031533027717173923e+01,7.580410466766726074e+01,8.416021759478104514e+01,9.627401903868181421e+01,1.021460041530601899e+02,1.034862359048792655e+02,1.036736269702365831e+02,1.028795264843303556e+02,1.001191774727616206e+02,6.448251364220459436e+01,5.595414699270352088e+01,5.176418045942776303e+01,5.600149103387119709e+01,7.205635089960026107e+01
1.200000000000000000e+02,1.200000000000000000e+02,1.200000000000000000e+02,1.200000000000000000e+02,1.200000000000000000e+02,1.200000000000000000e+02,1.200000000000000000e+02,1.200000000000000000e+02,1.200000000000000000e+02,1.200000000000000000e+02,7.586029271333399038e+01,8.990621311426328077e+01,8.186282718051769791e+01,3.848386566559118904e+01,9.995235521048692817e+01,9.991983013095658350e+01,1.035690093823413207e+02,1.042364917029739786e+02,1.039461885717753091e+02,9.977241384919290113e+01,6.474546705718675810e+01,5.554049628065724420e+01,5.160640750211624805e+01,5.608263283238464680e+01,7.212689105764891906e+01
1.200000000000000000e+02,1.200000000000000000e+02,1.200000000000000000e+02,1.200000000000000000e+02,1.200000000000000000e+02,1.200000000000000000e+02,1.200000000000000000e+02,1.200000000000000000e+02,1.200000000000000000e+02,1.200000000000000000e+02,5.222980956496775344e-03,8.383977210970670058e+01,1.000258569947108309e-02,1.101564846910735440e+01,9.073449231795629544e+01,1.020898534862063229e+02,1.016714354889756891e+02,1.041378107257365428e+02,1.042765551473754044e+02,1.006597860972431420e+02,6.436117924929070000e+01,5.557463523246455850e+01,5.142880143531387205e+01,5.603812797227300990e+01,7.216873090744766728e+01
1.200000000000000000e+02,1.200000000000000000e+02,1.200000000000000000e+02,1.200000000000000000e+02,1.200000000000000000e+02,1.200000000000000000e+02,1.200000000000000000e+02,1.200000000000000000e+02,1.200000000000000000e+02,1.200000000000000000e+02,8.168409747163154577e+01,7.706229055771929382e+01,2.830054271890244510e-03,1.250409676606989962e+01,8.880907641188892399e+01,9.688393924305589167e+01,1.032250710312923729e+02,1.026407655673275343e+02,1.041059603548776096e+02,1.009349386827724686e+02,6.540647493758011422e+01,5.534704566964349226e+01,5.146814823810296957e+01,5.599058802709555493e+01,7.214133390160552040e+01
1.200000000000000000e+02,1.200000000000000000e+02,1.200000000000000000e+02,1.200000000000000000e+02,1.200000000000000000e+02,1.200000000000000000e+02,1.200000000000000000e+02,1.200000000000000000e+02,1.200000000000000000e+02,1.200000000000000000e+02,8.131340084047398875e+01,8.093010763374094552e+01,8.203324224580182999e+01,2.842110658775800047e+00,9.121752317435630175e+01,9.670470127837053553e+01,9.981317901043362895e+01,1.038735888185350973e+02,1.029822768294589395e+02,1.007254771172921579e+02,6.588369309472540181e+01,5.583030130545495950e+01,5.138853686194639181e+01,5.606476795130661372e+01,7.213092053181135554e+01
1.200000000000000000e+02,1.200000000000000000e+02,1.200000000000000000e+02,1.200000000000000000e+02,1.200000000000000000e+02,1.200000000000000000e+02,1.200000000000000000e+02,1.200000000000000000e+02,1.200000000000000000e+02,1.200000000000000000e+02,8.210671980627142830e+01,8.176469459177170052e+01,7.756259617039074783e+01,7.123213384671759490e-03,9.404456235500542505e+01,9.823968192868288440e+01,1.001360584645804011e+02,1.014165692522299338e+02,1.040081363994841581e+02,9.994271987222400355e+01,6.550953862854196075e+01,5.610359403581112758e+01,5.161646195321166886e+01,5.607271968122141459e+01,7.220250946179949381e+01
1.200000000000000000e+02,1.200000000000000000e+02,1.200000000000000000e+02,1.200000000000000000e+02,1.200000000000000000e+02,1.200000000000000000e+02,1.200000000000000000e+02,1.200000000000000000e+02,1.200000000000000000e+02,1.200000000000000000e+02,7.597656530320489286e-03,8.045690958004043125e+01,7.946803665005727169e+01,3.218658670254924588e-03,9.906337417644630250e+01,9.941497296890327107e+01,1.010303560338901576e+02,1.018861028418566832e+02,1.021298584169786778e+02,1.008243169070642580e+02,6.460272387943429351e+01,5.578774614480652616e+01,5.175270722322922978e+01,5.621747895828814734e+01,7.222834017788963479e+01
1.200000000000000000e+02,1.200000000000000000e+02,1.200000000000000000e+02,1.200000000000000000e+02,1.200000000000000000e+02,1.200000000000000000e+02,1.200000000000000000e+02,1.200000000000000000e+02,1.200000000000000000e+02,1.200000000000000000e+02,8.233733270402776583e-03,7.896870282812402309e+01,3.291423485676905729e-03,2.783213327678446102e-03,9.812164098809996915e+01,1.027678348094770939e+02,1.014040489539837466e+02,1.024035463235116481e+02,1.026055710654712811e+02,9.940146869786107686e+01,6.580919865917073253e+01,5.527146027988802501e+01,5.151676314504736354e+01,5.629933587209229273e+01,7.233376298499052837e+01
1.200000000000000000e+02,1.200000000000000000e+02,1.200000000000000000e+02,1.200000000000000000e+02,1.200000000000000000e+02,1.200000000000000000e+02,1.200000000000000000e+02,1.200000000000000000e+02,1.200000000000000000e+02,1.200000000000000000e+02,8.477287802915101089e-02,8.322812454427445061e+01,8.266832372297521658e+01,7.920585315657378089e+01,9.043161005658845397e+01,1.032327409860237708e+02,1.038718398007641355e+02,1.023269636045910858e+02,1.029077938069393241e+02,9.963178096961411256e+01,6.430888119934087399e+01,5.599835515137915110e+01,5.120458368571360097e+01,5.614018843103232115e+01,7.237153461215017103e+01
1.200000000000000000e+02,1.200000000000000000e+02,1.200000000000000000e+02,1.200000000000000000e+02,1.200000000000000000e+02,1.200000000000000000e+02,1.200000000000000000e+02,1.200000000000000000e+02,1.200000000000000000e+02,1.200000000000000000e+02,8.059400269174129505e+01,5.954671359864046470e-03,7.905718917301857118e+01,8.416869877231330577e+01,7.584994054739239289e+01,9.952293321254678915e+01,1.045984227491626228e+02,1.042488138129321413e+02,1.025612771057452761e+02,9.988825226469435847e+01,6.419151129222746022e+01,5.541238787061176652e+01,5.159523997511151094e+01,5.595251215620965013e+01,7.225244977828306503e+01
1.200000000000000000e+02,1.200000000000000000e+02,1.200000000000000000e+02,1.200000000000000000e+02,1.200000000000000000e+02,1.200000000000000000e+02,1.200000000000000000e+02,1.200000000000000000e+02,1.200000000000000000e+02,1.200000000000000000e+02,7.596855823886296832e+01,1.629677545833254371e+01,7.990952506987022730e+01,3.358856394416944325e-03,4.461876831449457370e+01,9.465097809280690910e+01,1.025219668483415631e+02,1.049678211018958507e+02,1.040945301536112595e+02,9.931999612479843620e+01,6.458554250902504634e+01,5.521076259573460732e+01,5.142290249885748921e+01,5.617479014555075167e+01,7.213878550115242660e+01
1.200000000000000000e+02,1.200000000000000000e+02,1.200000000000000000e+02,1.200000000000000000e+02,1.200000000000000000e+02,1.200000000000000000e+02,1.200000000000000000e+02,1.200000000000000000e+02,1.200000000000000000e+02,1.200000000000000000e+02,9.581210919417123759e-03,8.468806106701484282e+01,8.870195561326693223e+01,3.082536243152241701e-03,3.014140660596648402e+01,8.865545817613183033e+01,9.947429369592174453e+01,1.037270916002285759e+02,1.047368963692730830e+02,1.004559440149076295e+02,6.356127106872017407e+01,5.549014721550231144e+01,5.131099475172977264e+01,5.612377610372341508e+01,7.229064278794470511e+01
1.200000000000000000e+02,1.200000000000000000e+02,1.200000000000000000e+02,1.200000000000000000e+02,1.200000000000000000e+02,1.200000000000000000e+02,1.200000000000000000e+02,1.200000000000000000e+02,1.200000000000000000e+02,1.200000000000000000e+02,2.034435052056774440e-01,7.339278278418932189e+01,9.608671749786186922e+01,2.902741183336786639e-03,2.246164247768210487e+01,8.921242736148462882e+01,9.528310728713815081e+01,1.018227672813814024e+02,1.039673709117122087e+02,1.011453153985461597e+02,6.455902691219392864e+01,5.484941541451862435e+01,5.152632349546026092e+01,5.607459147649407072e+01,7.225772237295633715e+01
1.200000000000000000e+02,1.200000000000000000e+02,1.200000000000000000e+02,1.200000000000000000e+02,1.200000000000000000e+02,1.200000000000000000e+02,1.200000000000000000e+02,1.200000000000000000e+02,1.200000000000000000e+02,1.200000000000000000e+02,8.469101499226540852e+01,7.348989592555875561e+01,1.461192523505919867e-03,2.658916657297203529e-03,3.991123841564587593e+01,9.511909752085780667e+01,9.626519808214236207e+01,9.879271059637186170e+01,1.028292529274213507e+02,1.006645625368344099e+02,6.568048291808604233e+01,5.508243955808330838e+01,5.124435227533009396e+01,5.624644971096839896e+01,7.225178920252949410e+01
1.200000000000000000e+02,1.200000000000000000e+02,1.200000000000000000e+02,1.200000000000000000e+02,1.200000000000000000e+02,1.200000000000000000e+02,1.200000000000000000e+02,1.200000000000000000e+02,1.200000000000000000e+02,1.200000000000000000e+02,7.967248161379083626e+01,8.117270022167683408e+01,1.285890138727138537e-03,8.310152485965312508e+01,3.558135140368889182e+01,9.947711993738116121e+01,9.954719981160138786e+01,9.963057222032936977e+01,1.005990036572926982e+02,1.000433974123324958e+02,6.527480500495620674e+01,5.565979237791588474e+01,5.125511690091379791e+01,5.614462712680851553e+01,7.237929179335347385e+01
1.200000000000000000e+02,1.200000000000000000e+02,1.200000000000000000e+02,1.200000000000000000e+02,1.200000000000000000e+02,1.200000000000000000e+02,1.200000000000000000e+02,1.200000000000000000e+02,1.200000000000000000e+02,1.200000000000000000e+02,7.848906535290328179e+01,8.383579573630690618e+01,1.800593885955777563e-03,2.792602062734888396e-03,2.110989832853648451e+01,9.766549752796679229e+01,1.022952522246320655e+02,1.014005619471753050e+02,1.012179589420844934e+02,9.842990652274544061e+01,6.479172827229362497e+01,5.543729267143051942e+01,5.149592395242774501e+01,5.614677485852448768e+01,7.232616551996265741e+01
1.200000000000000000e+02,1.200000000000000000e+02,1.200000000000000000e+02,1.200000000000000000e+02,1.200000000000000000e+02,1.200000000000000000e+02,1.200000000000000000e+02,1.200000000000000000e+02,1.200000000000000000e+02,1.200000000000000000e+02,4.148867386221864351e+00,8.245363196204478129e+01,2.823283073153457032e-03,2.070291511359114486e-03,3.455612984558373313e+01,9.708906897615055698e+01,1.016297857969359768e+02,1.031062910633682179e+02,1.021005761762632602e+02,9.870617862871331738e+01,6.315197111603924185e+01,5.525732745501368015e+01,5.131707218764978506e+01,5.627128932447914167e+01,7.234791321068821901e+01
1.200000000000000000e+02,1.200000000000000000e+02,1.200000000000000000e+02,1.200000000000000000e+02,1.200000000000000000e+02,1.200000000000000000e+02,1.200000000000000000e+02,1.200000000000000000e+02,1.200000000000000000e+02,1.200000000000000000e+02,1.650413934747782463e+01,4.643839828015382254e-03,3.783958572878406198e-03,2.030147458258100245e-03,6.075343464274205729e+01,9.518570487032528149e+01,1.018106562559730293e+02,1.028873613538314800e+02,1.031112303226003490e+02,9.902447267915437124e+01,6.322113453373600578e+01,5.469466472299723847e+01,5.118312405923958153e+01,5.613460303468679058e+01,7.241864803631813174e+01
1.200000000000000000e+02,1.200000000000000000e+02,1.200000000000000000e+02,1.200000000000000000e+02,1.200000000000000000e+02,1.200000000000000000e+02,1.200000000000000000e+02,1.200000000000000000e+02,1.200000000000000000e+02,1.200000000000000000e+02,1.378418772118283897e+01,8.299024834040341148e+01,6.907231887280335059e+01,2.315835343383979266e-03,8.333244101423653660e+01,9.466743687748171965e+01,1.012967775677136899e+02,1.034493891356097635e+02,1.030759478434721643e+02,9.944132991757294349e+01,6.322802188198173212e+01,5.484604492517720331e+01,5.105131185128023930e+01,5.602415206540309356e+01,7.231023560344041812e+01
1.200000000000000000e+02,1.200000000000000000e+02,1.200000000000000000e+02,1.200000000000000000e+02,1.200000000000000000e+02,1.200000000000000000e+02,1.200000000000000000e+02,1.200000000000000000e+02,1.200000000000000000e+02,1.200000000000000000e+02,8.416292176716079609e+01,7.868522080324041212e+01,7.372725208103980776e+01,8.419641802467711500e+01,9.477968748131306143e+01,9.555938880324868023e+01,1.002301398749978034e+02,1.034407899739377399e+02,1.038100161289651595e+02,9.946461445379723898e+01,6.309025331881450427e+01,5.481059374192374634e+01,5.129748704504108048e+01,5.600827070337564351e+01,7.223935777052051321e+01
1.200000000000000000e+02,1.200000000000000000e+02,1.200000000000000000e+02,1.200000000000000000e+02,1.200000000000000000e+02,1.200000000000000000e+02,1.200000000000000000e+02,1.200000000000000000e+02,1.200000000000000000e+02,1.200000000000000000e+02,7.471204626314349728e-03,7.613762762506159731e+01,7.898751962803287086e+01,7.811871660588434452e+01,7.375462136470579821e+01,9.921187733168486034e+01,9.973395260048235400e+01,1.024412682338386844e+02,1.040281652388412397e+02,1.002768083583618903e+02,6.288280301687564133e+01,5.439821423215108354e+01,5.140085057365352839e+01,5.623386513122377295e+01,7.225279744920482017e+01
1.200000000000000000e+02,1.200000000000000000e+02,1.200000000000000000e+02,1.200000000000000000e+02,1.200000000000000000e+02,1.200000000000000000e+02,1.200000000000000000e+02,1.200000000000000000e+02,1.200000000000000000e+02,1.200000000000000000e+02,7.272110230854130983e-03,7.344882685240268927e+01,8.118086422131817415e+01,3.078542636121505815e-03,3.263231674847884989e+01,1.022264110567350031e+02,1.012831255097357683e+02,1.017300983950699873e+02,1.031889719447782738e+02,1.006913715474044864e+02,6.400794574048946117e+01,5.398500241629453456e+01,5.114482609268289792e+01,5.637919484043676732e+01,7.243393619848922071e+01
1.200000000000000000e+02,1.200000000000000000e+02,1.200000000000000000e+02,1.200000000000000000e+02,1.200000000000000000e+02,1.200000000000000000e+02,1.200000000000000000e+02,1.200000000000000000e+02,1.200000000000000000e+02,1.200000000000000000e+02,1.175621727342288439e-02,7.649101735233463728e+01,7.966468215960414057e+01,3.307076553367877501e-03,3.164599141984972519e+01,9.374269129555409563e+01,1.033638467894350867e+02,1.024472855696981952e+02,1.025464359010254469e+02,1.000296581665334799e+02,6.492734674636339776e+01,5.447141837692308997e+01,5.082511394245499758e+01,5.627633387667084008e+01,7.254717984584756607e+01
1.200000000000000000e+02,1.200000000000000000e+02,1.200000000000000000e+02,1.200000000000000000e+02,1.200000000000000000e+02,1.200000000000000000e+02,1.200000000000000000e+02,1.200000000000000000e+02,1.200000000000000000e+02,1.200000000000000000e+02,7.791457255186071507e+01,8.236130354840749135e+01,7.995279550714826655e+01,1.938576817455568745e-03,4.026839160097527071e+01,8.999402165882254678e+01,9.937966051946902724e+01,1.038369269792728460e+02,1.028895583465653090e+02,9.951141145318858605e+01,6.422115432021084303e+01,5.504303933516613512e+01,5.099230545611369791e+01,5.611710599481983053e+01,7.249779300620305378e+01
1.200000000000000000e+02,1.200000000000000000e+02,1.200000000000000000e+02,1.200000000000000000e+02,1.200000000000000000e+02,1.200000000000000000e+02,1.200000000000000000e+02,1.200000000000000000e+02,1.200000000000000000e+02,1.200000000000000000e+02,7.286998378751165717e+01,3.548154287375724324e-03,8.327416655955961744e+01,8.009757415374565426e+01,3.634103485562717140e+01,9.218477629585160571e+01,9.781027031323029064e+01,1.016921670766412831e+02,1.037876284993467948e+02,9.972383789578860558e+01,6.352445553624512797e+01,5.467206264617288269e+01,5.125333144870635493e+01,5.621551388652259362e+01,7.241928767957126922e+01
1.200000000000000000e+02,1.200000000000000000e+02,1.200000000000000000e+02,1.200000000000000000e+02,1.200000000000000000e+02,1.200000000000000000e+02,1.200000000000000000e+02,1.200000000000000000e+02,1.200000000000000000e+02,1.200000000000000000e+02,7.285682274668708658e+01,4.239780189875256428e-03,6.754990800149814241e-03,7.732026008020865504e+01,4.706571499711033724e+00,9.359096313039577808e+01,9.845392177496366060e+01,1.010617568246002520e+02,1.025311350478377221e+02,1.002861665574056076e+02,6.378492406473628762e+01,5.424513452001736624e+01,5.100251830598948999e+01,5.634464884551453423e+01,7.249821677975828038e+01
1.200000000000000000e+02,1.200000000000000000e+02,1.200000000000000000e+02,1.200000000000000000e+02,1.200000000000000000e+02,1.200000000000000000e+02,1.200000000000000000e+02,1.200000000000000000e+02,1.200000000000000000e+02,1.200000000000000000e+02,7.726826101381186618e+01,7.771325562570481793e+01,1.326487842296713637e+01,3.257871890825022980e-03,3.642852930944410778e-03,9.552086415297156918e+01,9.869243626126537094e+01,1.011443270599614834e+02,1.023790951574253683e+02,9.949087046800359246e+01,6.435376993612842966e+01,5.443018062461067075e+01,5.071256942475712748e+01,5.616170233772622566e+01,7.256681886944657833e+01
1.200000000000000000e+02,1.200000000000000000e+02,1.200000000000000000e+02,1.200000000000000000e+02,1.200000000000000000e+02,1.200000000000000000e+02,1.200000000000000000e+02,1.200000000000000000e+02,1.200000000000000000e+02,1.200000000000000000e+02,1.027120728457390532e-02,7.009039941729750467e+01,2.957662120921495698e-03,2.344823840017203759e-02,4.942005874956587400e-03,9.696628709308596683e+01,1.000960806908610721e+02,1.008921412404191926e+02,1.022402353364327183e+02,9.953580765048067747e+01,6.351353221269845051e+01,5.470706780302769090e+01,5.081824991619952669e+01,5.596462339407490560e+01,7.243091926502205524e+01
1.200000000000000000e+02,1.200000000000000000e+02,1.200000000000000000e+02,1.200000000000000000e+02,1.200000000000000000e+02,1.200000000000000000e+02,1.200000000000000000e+02,1.200000000000000000e+02,1.200000000000000000e+02,1.200000000000000000e+02,7.914536787519335803e+01,6.407773596975621899e+01,7.556504051997622184e+01,7.952527258008861288e+00,2.480602268996903348e+01,9.319023819408363352e+01,1.021952329123339496e+02,1.019076789587644214e+02,1.017666483622904110e+02,9.936008050282445936e+01,6.367880467059190153e+01,5.425325557408553578e+01,5.095832887784650467e+01,5.602772122132878962e+01,7.231043474609973032e+01
1.200000000000000000e+02,1.200000000000000000e+02,1.200000000000000000e+02,1.200000000000000000e+02,1.200000000000000000e+02,1.200000000000000000e+02,1.200000000000000000e+02,1.200000000000000000e+02,1.200000000000000000e+02,1.200000000000000000e+02,7.381979640023956790e+01,7.101707521165207027e+01,6.546033950143211655e+01,1.378687963916082771e-03,4.809066381072928209e+01,9.446157790321105097e+01,1.004702549738228612e+02,1.037691571369911117e+02,1.025203887436263699e+02,9.870556860263481269e+01,6.357428401687231911e+01,5.438038209984263460e+01,5.070048908317114211e+01,5.610024764724681745e+01,7.236413474825576486e+01
1.200000000000000000e+02,1.200000000000000000e+02,1.200000000000000000e+02,1.200000000000000000e+02,1.200000000000000000e+02,1.200000000000000000e+02,1.200000000000000000e+02,1.200000000000000000e+02,1.200000000000000000e+02,1.200000000000000000e+02,7.137761028443497935e+01,7.356002078101826669e+01,6.681482637228224064e+01,1.758920679779772591e-03,7.517585570369315917e+01,9.345263711425214126e+01,1.010535652146184731e+02,1.027744267149618764e+02,1.040554461136076583e+02,9.919574267791031730e+01,6.243491426047152260e+01,5.448122742926297235e+01,5.075865510065743536e+01,5.593862671139872589e+01,7.240850988488436712e+01
1.200000000000000000e+02,1.200000000000000000e+02,1.200000000000000000e+02,1.200000000000000000e+02,1.200000000000000000e+02,1.200000000000000000e+02,1.200000000000000000e+02,1.200000000000000000e+02,1.200000000000000000e+02,1.200000000000000000e+02,7.312857284640776356e+01,7.078777235399471124e+01,7.181419594615215374e+01,6.695589539229497689e+01,9.068780615687538216e+01,9.352094711361959867e+01,9.987489798069472613e+01,1.032941663396675267e+02,1.033859976765795778e+02,1.004920741671977140e+02,6.267014379108746880e+01,5.380118099607386739e+01,5.090400873564637152e+01,5.596640105940434040e+01,7.230743808080477208e+01
1.200000000000000000e+02,1.200000000000000000e+02,1.200000000000000000e+02,1.200000000000000000e+02,1.200000000000000000e+02,1.200000000000000000e+02,1.200000000000000000e+02,1.200000000000000000e+02,1.200000000000000000e+02,1.200000000000000000e+02,6.534304075312346964e-03,6.792078468617157228e+01,7.401321423974044933e+01,6.332670315386767612e+01,6.227059594010604826e+01,9.689599174345137556e+01,9.883094413475794227e+01,1.023525923099262087e+02,1.039347578713998530e+02,1.000276735128313419e+02,6.433878658317236443e+01,5.372344791502437289e+01,5.059669965179064377e+01,5.608573257926697408e+01,7.234106699526105899e+01
1.200000000000000000e+02,1.200000000000000000e+02,1.200000000000000000e+02,1.200000000000000000e+02,1.200000000000000000e+02,1.200000000000000000e+02,1.200000000000000000e+02,1.200000000000000000e+02,1.200000000000000000e+02,1.200000000000000000e+02,5.265098331235013723e-02,7.574094421550459799e+01,8.010549554709058384e+01,7.729096465694298956e+01,3.149807429472622378e+00,9.952579912089022685e+01,9.979007622190354709e+01,1.012185898340237316e+02,1.032512762487598792e+02,1.005388660647743251e+02,6.393551593474829531e+01,5.457827735754821674e+01,5.051439252076554709e+01,5.595063691397378847e+01,7.242291276268700528e+01
1.200000000000000000e+02,1.200000000000000000e+02,1.200000000000000000e+02,1.200000000000000000e+02,1.200000000000000000e+02,1.200000000000000000e+02,1.200000000000000000e+02,1.200000000000000000e+02,1.200000000000000000e+02,1.200000000000000000e+02,8.400235192470324819e+01,8.065059134686042341e+01,7.690838350042068328e+01,8.394819995159474502e+01,2.737537775878104776e-03,9.356585062486777815e+01,1.013588746231113333e+02,1.014094180677706873e+02,1.022113359683896192e+02,1.002418669150030439e+02,6.449613040507381356e+01,5.437189162862196667e+01,5.093962009643515643e+01,5.592499116197533482e+01,7.235026579275367453e+01
1.200000000000000000e+02,1.200000000000000000e+02,1.200000000000000000e+02,1.200000000000000000e+02,1.200000000000000000e+02,1.200000000000000000e+02,1.200000000000000000e+02,1.200000000000000000e+02,1.200000000000000000e+02,1.200000000000000000e+02,7.813392187862896776e+01,8.700867144295422406e+01,7.719954034949164168e+01,8.673221318440988625e+01,2.236647636547156159e-03,9.476510362610406446e+01,9.954317024216364018e+01,1.023088082637092953e+02,1.021280809420331224e+02,9.931781577098877278e+01,6.459991206922839524e+01,5.450946429644550051e+01,5.081665745570490600e+01,5.617713161765189511e+01,7.236370583222350206e+01
1.200000000000000000e+02,1.200000000000000000e+02,1.200000000000000000e+02,1.200000000000000000e+02,1.200000000000000000e+02,1.200000000000000000e+02,1.200000000000000000e+02,1.200000000000000000e+02,1.200000000000000000e+02,1.200000000000000000e+02,9.668950686330357938e-03,8.585108963864111331e+01,8.046758831220996910e+01,2.446972184118019391e-03,2.484965606866494561e-03,9.262021944654384242e+01,1.014618803168637413e+02,1.018302798237722584e+02,1.026136501593537673e+02,9.908567859143241208e+01,6.348651590751632767e+01,5.473868742120919251e+01,5.074853720751251274e+01,5.609991761860875670e+01,7.252855533570399871e+01
1.200000000000000000e+02,1.200000000000000000e+02,1.200000000000000000e+02,1.200000000000000000e+02,1.200000000000000000e+02,1.200000000000000000e+02,1.200000000000000000e+02,1.200000000000000000e+02,1.200000000000000000e+02,1.200000000000000000e+02,6.477130408532402565e-03,8.102481933364623501e+01,8.309062653586742897e+01,3.401856028697389060e-03,3.827702955720573529e-03,8.894230630073818133e+01,1.000050942315212978e+02,1.036198961194073149e+02,1.026012929140912888e+02,9.932410769040247089e+01,6.292523393703487500e+01,5.425991452114292457e+01,5.085766005046434657e+01,5.599796401670459289e+01,7.245845031928344326e+01
1.200000000000000000e+02,1.200000000000000000e+02,1.200000000000000000e+02,1.200000000000000000e+02,1.200000000000000000e+02,1.200000000000000000e+02,1.200000000000000000e+02,1.200000000000000000e+02,1.200000000000000000e+02,1.200000000000000000e+02,8.224289268302642597e+01,8.125222227250762330e+01,8.271438775217960426e+01,8.192193524326388854e+01,1.094309258813717760e-03,8.498148245500264863e+01,9.796233029049500374e+01,1.024970457459719171e+02,1.041550615080717677e+02,9.941700781999752223e+01,6.302371237927777514e+01,5.389697147095692031e+01,5.065495455604445141e+01,5.603038000108753636e+01,7.238126025806056418e+01
1.200000000000000000e+02,1.200000000000000000e+02,1.200000000000000000e+02,1.200000000000000000e+02,1.200000000000000000e+02,1.200000000000000000e+02,1.200000000000000000e+02,1.200000000000000000e+02,1.200000000000000000e+02,1.200000000000000000e+02,8.003812493586862331e+01,8.485521115552958804e+01,8.357982534451474521e+01,7.558758347804682387e+01,9.431922077299391850e-04,8.796879361220506155e+01,9.561072932800958313e+01,1.012451892315501283e+02,1.032615693754031270e+02,1.006992049836387082e+02,6.315265944367020978e+01,5.389929744395845290e+01,5.046853805487752709e+01,5.591281006699731648e+01,7.238425770350136190e+01
1.200000000000000000e+02,1.200000000000000000e+02,1.200000000000000000e+02,1.200000000000000000e+02,1.200000000000000000e+02,1.200000000000000000e+02,1.200000000000000000e+02,1.200000000000000000e+02,1.200000000000000000e+02,1.200000000000000000e+02,8.154443793925962325e+01,8.333882933394284009e+01,8.472799632642481527e+01,7.554277717260745817e+01,9.241333190251081395e-04,9.351389224702882075e+01,9.662837404808112751e+01,9.977022444026714254e+01,1.024826906222876488e+02,1.000681419801445458e+02,6.474151228850190876e+01,5.395665135372502874e+01,5.049059379827937022e+01,5.580971988482948376e+01,7.230098926965456485e+01
1.200000000000000000e+02,1.200000000000000000e+02,1.200000000000000000e+02,1.200000000000000000e+02,1.200000000000000000e+02,1.200000000000000000e+02,1.200000000000000000e+02,1.200000000000000000e+02,1.200000000000000000e+02,1.200000000000000000e+02,1.120884180241522518e-02,8.106588374154438270e+01,8.290191996787368112e+01,7.923490437139724918e+01,9.785270004412020654e-04,9.431585388286990224e+01,9.924464076129601153e+01,1.000720527749813726e+02,1.015559783543169914e+02,9.951939821758524829e+01,6.420975265982772839e+01,5.474749135543698486e+01,5.054516855951515453e+01,5.584690792205020671e+01,7.225347217142513045e+01
1.200000000000000000e+02,1.200000000000000000e+02,1.200000000000000000e+02,1.200000000000000000e+02,1.200000000000000000e+02,1.200000000000000000e+02,1.200000000000000000e+02,1.200000000000000000e+02,1.200000000000000000e+02,1.200000000000000000e+02,1.457875581268323895e-01,8.076417579685218584e+01,8.003986678846142411e+01,8.177151606239009141e+01,1.240212249510402008e-03,8.870211870376128616e+01,1.001581271998111760e+02,1.014191361824560147e+02,1.015249254516263591e+02,9.902171358995667561e+01,6.349882808069850881e+01,5.453068997829092268e+01,5.091163928910692249e+01,5.590263592552425820e+01,7.230038484219180361e+01
1.200000000000000000e+02,1.200000000000000000e+02,1.200000000000000000e+02,1.200000000000000000e+02,1.200000000000000000e+02,1.200000000000000000e+02,1.200000000000000000e+02,1.200000000000000000e+02,1.200000000000000000e+02,1.200000000000000000e+02,9.778160154356920941e+01,9.927177670632627837e+01,9.074399324546884316e+01,9.396895420805903143e+01,9.336629770383503057e+01,6.962791130399909889e+01,9.774068155732052787e+01,1.020563483077214357e+02,1.022051493897065200e+02,9.878776153226225176e+01,6.321437958540271040e+01,5.410264979295137522e+01,5.079232848651319188e+01,5.609224466151575683e+01,7.235224283874136120e+01
1.200000000000000000e+02,1.200000000000000000e+02,1.200000000000000000e+02,1.200000000000000000e+02,1.200000000000000000e+02,1.200000000000000000e+02,1.200000000000000000e+02,1.200000000000000000e+02,1.200000000000000000e+02,1.200000000000000000e+02,9.388614005155886844e+01,5.115040442995350857e-03,9.352978829951916850e+01,9.271827059625441336e+01,9.368518481349362048e+01,1.800067001932901078e+01,9.352975490787765978e+01,1.008036840240643102e+02,1.025976318808602201e+02,9.898934198008458907e+01,6.284996185532098423e+01,5.415530173697356986e+01,5.051882866987519094e+01,5.600923529354356845e+01,7.246875351279800270e+01
1.200000000000000000e+02,1.200000000000000000e+02,1.200000000000000000e+02,1.200000000000000000e+02,1.200000000000000000e+02,1.200000000000000000e+02,1.200000000000000000e+02,1.200000000000000000e+02,1.200000000000000000e+02,1.200000000000000000e+02,9.653158296315432096e+01,5.259546393789185648e-03,9.581336823983558304e+01,9.329641358491360847e+01,9.757092788813302775e+01,2.371876290451638628e-03,9.309223795219376996e+01,9.819948690303309036e+01,1.018751324328115686e+02,9.916983188784722358e+01,6.263995337970138877e+01,5.411407543447760560e+01,5.062280472102095530e+01,5.582898261537521023e+01,7.239033659833063439e+01
1.200000000000000000e+02,1.200000000000000000e+02,1.200000000000000000e+02,1.200000000000000000e+02,1.200000000000000000e+02,1.200000000000000000e+02,1.200000000000000000e+02,1.200000000000000000e+02,1.200000000000000000e+02,1.200000000000000000e+02,2.445730205092775181e-02,9.016046066540543791e+01,1.023700960228877790e+02,9.397293623862081802e+01,1.796195959709109054e-03,2.199438590786186205e-03,9.495432759235687570e+01,9.839573251281615285e+01,1.001750209410375589e+02,9.870265690998871833e+01,6.254371394213731605e+01,5.387700585422555832e+01,5.074265328454015389e+01,5.591364407699593642e+01,7.227132953382974279e+01
1.200000000000000000e+02,1.200000000000000000e+02,1.200000000000000000e+02,1.200000000000000000e+02,1.200000000000000000e+02,1.200000000000000000e+02,1.200000000000000000e+02,1.200000000000000000e+02,1.200000000000000000e+02,1.200000000000000000e+02,7.706440500593471299e+00,8.269091160216345315e+01,1.080599633185709507e+02,9.725576877402825460e+01,1.858114559505760202e-03,5.572850116175636671e-03,9.391186061086628456e+01,1.008766146939997128e+02,1.005334153091366431e+02,9.749574222376787702e+01,6.195040469075156153e+01,5.362736296654436075e+01,5.065937448125619369e+01,5.604125166550232962e+01,7.233849760569057707e+01
1.200000000000000000e+02,1.200000000000000000e+02,1.200000000000000000e+02,1.200000000000000000e+02,1.200000000000000000e+02,1.200000000000000000e+02,1.200000000000000000e+02,1.200000000000000000e+02,1.200000000000000000e+02,1.200000000000000000e+02,2.256792856411968984e+01,8.593854291999693373e+01,1.076137453088172984e-02,1.231388739277260863e-03,9.605683956600809381e+01,1.906284040403887978e-03,9.027003632214710649e+01,1.003502989206808280e+02,1.025834545859579094e+02,9.776462666078163011e+01,6.053893166064840869e+01,5.321738500037012187e+01,5.050081770672009185e+01,5.603271799618327975e+01,7.243103331633633957e+01
1.200000000000000000e+02,1.200000000000000000e+02,1.200000000000000000e+02,1.200000000000000000e+02,1.200000000000000000e+02,1.200000000000000000e+02,1.200000000000000000e+02,1.200000000000000000e+02,1.200000000000000000e+02,1.200000000000000000e+02,9.333173320814655938e+01,9.416374987190414458e+01,6.475007264542887234e-03,3.403174347901027019e+00,9.153940666856986752e+01,1.321948710922237619e-03,9.160624863794225803e+01,9.854970320622075519e+01,1.021151498447990775e+02,9.933951268012582148e+01,6.069678805587201964e+01,5.246551430076085865e+01,5.028090917760493994e+01,5.596912127021690964e+01,7.243928840966513860e+01
1.200000000000000000e+02,1.200000000000000000e+02,1.200000000000000000e+02,1.200000000000000000e+02,1.200000000000000000e+02,1.200000000000000000e+02,1.200000000000000000e+02,1.200000000000000000e+02,1.200000000000000000e+02,1.200000000000000000e+02,8.740265279215769567e+01,8.655263398315545323e-03,5.660436040260201883e-03,6.114118357335660114e+00,9.768742691253262933e+01,1.137048964247506806e-03,9.564665427114039176e+01,9.920301573526808170e+01,1.011109131841062378e+02,9.886911347123194105e+01,6.255281480135752759e+01,5.252585385050730338e+01,4.994408139476886532e+01,5.588369195094798414e+01,7.241579386338972313e+01
1.200000000000000000e+02,1.200000000000000000e+02,1.200000000000000000e+02,1.200000000000000000e+02,1.200000000000000000e+02,1.200000000000000000e+02,1.200000000000000000e+02,1.200000000000000000e+02,1.200000000000000000e+02,1.200000000000000000e+02,8.739066397234336137e+01,8.857838286323934440e+00,2.946612294417131229e-03,1.417989554647901751e-03,1.073860450226133025e+02,1.132054823431065914e-03,9.514513664745636845e+01,1.011742003990175647e+02,1.016475614563355521e+02,9.816660413147801023e+01,6.198016258644339160e+01,5.352539855454038786e+01,5.004127776226893332e+01,5.576370625461377273e+01,7.238521988744092539e+01
1.200000000000000000e+02,1.200000000000000000e+02,1.200000000000000000e+02,1.200000000000000000e+02,1.200000000000000000e+02,1.200000000000000000e+02,1.200000000000000000e+02,1.200000000000000000e+02,1.200000000000000000e+02,1.200000000000000000e+02,5.104607018895875037e-03,9.144286841268643024e-03,2.675278654355937175e-03,9.616009893115449358e+01,1.157785009410479802e+02,1.134879318720544410e-03,9.085526510192536875e+01,1.012977716314949106e+02,1.027514717957475057e+02,9.876382335650176003e+01,6.093863613762403730e+01,5.319249085534999466e+01,5.062146540617128920e+01,5.589941246462083058e+01,7.235327964178993909e+01
1.200000000000000000e+02,1.200000000000000000e+02,1.200000000000000000e+02,1.200000000000000000e+02,1.200000000000000000e+02,1.200000000000000000e+02,1.200000000000000000e+02,1.200000000000000000e+02,1.200000000000000000e+02,1.200000000000000000e+02,9.668328707858188409e+01,8.287352353362979329e+01,9.434305711239967707e+01,9.491883330257611817e+01,1.774630047517183678e-03,1.233383234820104556e-03,8.802215951586755693e+01,9.925565464856950371e+01,1.029189277922725694e+02,9.949551075797383248e+01,6.181618903850767310e+01,5.243465797127912253e+01,5.047826471835116280e+01,5.628581588701909055e+01,7.249440963625717416e+01
1.200000000000000000e+02,1.200000000000000000e+02,1.200000000000000000e+02,1.200000000000000000e+02,1.200000000000000000e+02,1.200000000000000000e+02,1.200000000000000000e+02,1.200000000000000000e+02,1.200000000000000000e+02,1.200000000000000000e+02,9.482783359295025605e+01,8.047293410472485675e+01,9.574002389946795688e+01,1.440583056051315120e-03,1.039582630148048281e+01,2.470733246217646662e-03,8.815473307566500694e+01,9.743300464697433938e+01,1.018180734559362861e+02,9.959576654309594801e+01,6.282018405313998244e+01,5.293276890554918168e+01,5.000723060820379118e+01,5.623871610767334772e+01,7.275750931011582168e+01
1.200000000000000000e+02,1.200000000000000000e+02,1.200000000000000000e+02,1.200000000000000000e+02,1.200000000000000000e+02,1.200000000000000000e+02,1.200000000000000000e+02,1.200000000000000000e+02,1.200000000000000000e+02,1.200000000000000000e+02,9.396341143464017875e+01,8.089685098176765621e+01,9.440415299134072313e+01,6.531715689079645995e-04,7.228900969491961880e-04,1.090930343613338328e-02,8.962378850703152011e+01,9.700970507859165082e+01,1.006397309757210650e+02,9.902197764437504190e+01,6.288849950208219042e+01,5.359218811835943796e+01,5.026802395213996988e+01,5.597859581907052728e+01,7.271388339520477473e+01
1.200000000000000000e+02,1.200000000000000000e+02,1.200000000000000000e+02,1.200000000000000000e+02,1.200000000000000000e+02,1.200000000000000000e+02,1.200000000000000000e+02,1.200000000000000000e+02,1.200000000000000000e+02,1.200000000000000000e+02,1.230035393450009361e-02,8.316488362416789926e+01,9.265251929847084966e+01,5.565030164531500076e-04,7.701483447699617249e-04,2.222615423594788098e+01,9.653287086873390876e+01,9.738490928930836787e+01,1.001350878387596879e+02,9.829948841083781019e+01,6.241948479919436465e+01,5.356383954546705439e+01,5.067935563611769112e+01,5.615675881396048652e+01,7.255900751271582294e+01
1.200000000000000000e+02,1.200000000000000000e+02,1.200000000000000000e+02,1.200000000000000000e+02,1.200000000000000000e+02,1.200000000000000000e+02,1.200000000000000000e+02,1.200000000000000000e+02,1.200000000000000000e+02,1.200000000000000000e+02,1.074919251580243040e+00,8.556587442064305549e+01,9.261170726582655277e+01,6.334886086749847399e-04,8.027567306950361171e-04,4.570112552508794579e+01,1.025061454764541793e+02,1.010251845693862975e+02,1.000820442108494746e+02,9.778540724603399781e+01,6.187738422910209124e+01,5.331593823948384170e+01,5.062520737905182955e+01,5.641728965971373810e+01,7.269087735671192263e+01
1.200000000000000000e+02,1.200000000000000000e+02,1.200000000000000000e+02,1.200000000000000000e+02,1.200000000000000000e+02,1.200000000000000000e+02,1.200000000000000000e+02,1.200000000000000000e+02,1.200000000000000000e+02,1.200000000000000000e+02,7.612800527231432568e+01,7.711045304882401297e+01,8.004004886700241173e+01,7.173741983587271420e+01,9.493398601428187315e-04,7.019950675097616966e+01,1.018872175372804918e+02,1.046811828892378031e+02,1.022929904257869680e+02,9.745197349581414414e+01,6.126726196498508159e+01,5.323658831205317199e+01,5.044065797910975846e+01,5.635706293329293004e+01,7.284076806939700077e+01
1.200000000000000000e+02,1.200000000000000000e+02,1.200000000000000000e+02,1.200000000000000000e+02,1.200000000000000000e+02,1.200000000000000000e+02,1.200000000000000000e+02,1.200000000000000000e+02,1.200000000000000000e+02,1.200000000000000000e+02,7.137185484330738916e+01,8.375268757697403998e+01,8.095311876332786483e+01,6.851496487558632964e+01,8.377585018012303130e-04,8.064670738450242027e+01,9.715340103462631305e+01,1.050450288086617832e+02,1.047816031569812196e+02,9.879417930902229728e+01,6.054330004390890707e+01,5.309850562828699339e+01,5.046943250104688872e+01,5.621722826658714212e+01,7.277460156086900156e+01
1.200000000000000000e+02,1.200000000000000000e+02,1.200000000000000000e+02,1.200000000000000000e+02,1.200000000000000000e+02,1.200000000000000000e+02,1.200000000000000000e+02,1.200000000000000000e+02,1.200000000000000000e+02,1.200000000000000000e+02,7.069054992265937187e+01,8.441417247256113399e+01,8.118785317793731338e+01,6.997106567510904540e+01,8.275322128074774413e-04,8.932315702218336639e+01,9.406608306166782540e+01,1.021922078669371388e+02,1.053885116698558448e+02,1.006325860493588351e+02,6.159816952167134474e+01,5.271318534197165917e+01,5.053568548949776584e+01,5.624946785661323645e+01,7.267110851285185902e+01
1.200000000000000000e+02,1.200000000000000000e+02,1.200000000000000000e+02,1.200000000000000000e+02,1.200000000000000000e+02,1.200000000000000000e+02,1.200000000000000000e+02,1.200000000000000000e+02,1.200000000000000000e+02,1.200000000000000000e+02,7.376334616109529918e+01,8.073131989709060008e+01,7.913414482095878100e+01,7.387356616590156477e+01,1.079294509438313539e-03,9.045562683777977497e+01,9.715626895730635226e+01,9.911625648988916737e+01,1.036900689901567034e+02,1.013823539501922681e+02,6.364288651137726305e+01,5.307098408966433567e+01,5.043786400668337677e+01,5.633745688563174525e+01,7.269195966220196681e+01
1.200000000000000000e+02,1.200000000000000000e+02,1.200000000000000000e+02,1.200000000000000000e+02,1.200000000000000000e+02,1.200000000000000000e+02,1.200000000000000000e+02,1.200000000000000000e+02,1.200000000000000000e+02,1.200000000000000000e+02,1.427784665623983706e-02,7.789469523333654877e+01,7.610786408894990984e+01,7.680236076686097135e+01,1.707699455212286508e-03,7.627165405020738831e+01,9.786156660692441278e+01,1.005904546227363170e+02,1.012848873036076611e+02,1.005371530191020781e+02,6.482210728518478504e+01,5.395215942439487833e+01,5.062133185757557641e+01,5.633970436888417055e+01,7.275652299423782665e+01
1.200000000000000000e+02,1.200000000000000000e+02,1.200000000000000000e+02,1.200000000000000000e+02,1.200000000000000000e+02,1.200000000000000000e+02,1.200000000000000000e+02,1.200000000000000000e+02,1.200000000000000000e+02,1.200000000000000000e+02,9.146731712235369116e+01,8.690308175090996201e+01,8.342090504044553256e+01,8.646300301869470673e+01,8.733505793550267526e+01,4.050417128802591549e+01,9.463928546069791992e+01,1.006662676643743737e+02,1.021361059011743038e+02,9.886496057256545100e+01,6.438909199071866851e+01,5.442110316809361592e+01,5.099734143980119683e+01,5.647417767672765621e+01,7.277723815611490465e+01
1.200000000000000000e+02,1.200000000000000000e+02,1.200000000000000000e+02,1.200000000000000000e+02,1.200000000000000000e+02,1.200000000000000000e+02,1.200000000000000000e+02,1.200000000000000000e+02,1.200000000000000000e+02,1.200000000000000000e+02,8.913633928166416354e+01,9.016433506624967720e+01,8.309946834391018911e+01,8.542264819039246504e+01,8.859613223219723466e+01,1.312746028576880497e-03,9.226396038568040581e+01,9.854377540836775040e+01,1.018109306493487907e+02,9.943356405677154441e+01,6.282349066464918508e+01,5.422548959194705986e+01,5.106574831397593783e+01,5.666781103327225111e+01,7.287797671895314977e+01
1.200000000000000000e+02,1.200000000000000000e+02,1.200000000000000000e+02,1.200000000000000000e+02,1.200000000000000000e+02,1.200000000000000000e+02,1.200000000000000000e+02,1.200000000000000000e+02,1.200000000000000000e+02,1.200000000000000000e+02,9.034332204030761204e+01,8.825585251222211980e+01,8.466818248985194373e+01,8.500057103931165159e+01,9.244223136693887000e+01,7.735755083961188020e-04,9.555727982416011912e+01,9.757918520891195158e+01,1.001806317866224845e+02,9.894702218495945090e+01,6.358001867350555614e+01,5.364150387727911351e+01,5.079029106458423115e+01,5.661426099018473934e+01,7.297785760688292100e+01
1.200000000000000000e+02,1.200000000000000000e+02,1.200000000000000000e+02,1.200000000000000000e+02,1.200000000000000000e+02,1.200000000000000000e+02,1.200000000000000000e+02,1.200000000000000000e+02,1.200000000000000000e+02,1.200000000000000000e+02,1.492650624418059326e-02,8.526536867923655905e+01,8.519165612429570444e+01,8.584435689966333882e+01,9.546456650764378082e+01,7.261720224397477316e-04,9.815234360393569091e+01,1.005426321824428015e+02,9.983676798837763045e+01,9.741855357876961818e+01,6.297791961670746019e+01,5.428151740967660288e+01,5.046694799934277142e+01,5.633729391452357049e+01,7.288715021036639996e+01
1.200000000000000000e+02,1.200000000000000000e+02,1.200000000000000000e+02,1.200000000000000000e+02,1.200000000000000000e+02,1.200000000000000000e+02,1.200000000000000000e+02,1.200000000000000000e+02,1.200000000000000000e+02,1.200000000000000000e+02,1.523528958616383704e-02,8.396635298174382456e+01,8.453638153090673768e+01,8.694374775539532152e+01,7.350025883596197126e-04,8.241844761991660865e-04,9.474982441756996820e+01,1.027429433987336154e+02,1.021277358556001218e+02,9.725279173374818242e+01,6.065825640226195503e+01,5.415867413696269494e+01,5.087279455945354556e+01,5.609235752915201800e+01,7.265844606901659120e+01
1.200000000000000000e+02,1.200000000000000000e+02,1.200000000000000000e+02,1.200000000000000000e+02,1.200000000000000000e+02,1.200000000000000000e+02,1.200000000000000000e+02,1.200000000000000000e+02,1.200000000000000000e+02,1.200000000000000000e+02,8.421365597800861735e+01,7.868521439697128983e+01,7.493516068181355649e+01,7.897493599979253531e+01,2.826392248008608170e-04,8.178730409835239357e+01,8.864079630247340447e+01,1.013228261003431214e+02,1.036727506712468454e+02,9.896800159940751485e+01,6.022957433165164787e+01,5.277426699655145370e+01,5.094244092560347781e+01,5.630334193077666782e+01,7.248697037953185429e+01
1.200000000000000000e+02,1.200000000000000000e+02,1.200000000000000000e+02,1.200000000000000000e+02,1.200000000000000000e+02,1.200000000000000000e+02,1.200000000000000000e+02,1.200000000000000000e+02,1.200000000000000000e+02,1.200000000000000000e+02,7.910459852539132442e+01,8.383292563795286867e+01,7.611766218412019214e+01,7.980192377258185843e+01,7.964723027917789011e+01,6.395035430595731466e-04,6.913668921531753142e+01,9.818328057578396795e+01,1.029779789699251040e+02,9.997867601523756775e+01,6.223687310343427015e+01,5.245135171100980642e+01,5.025218151335158723e+01,5.635727308048706163e+01,7.262512347502566001e+01
1.200000000000000000e+02,1.200000000000000000e+02,1.200000000000000000e+02,1.200000000000000000e+02,1.200000000000000000e+02,1.200000000000000000e+02,1.200000000000000000e+02,1.200000000000000000e+02,1.200000000000000000e+02,1.200000000000000000e+02,7.934215880191237602e+01,8.266843154952728412e+01,7.869127660614064723e+01,8.079603971979298649e+01,7.339552745785890409e+01,5.276065002414039810e-04,7.579550429619597196e+01,9.500265336292072504e+01,1.012646122575022929e+02,9.958287141045182977e+01,6.332203893180244592e+01,5.360026293736727609e+01,5.012398957014544010e+01,5.598837813358032633e+01,7.264837778882358066e+01
1.200000000000000000e+02,1.200000000000000000e+02,1.200000000000000000e+02,1.200000000000000000e+02,1.200000000000000000e+02,1.200000000000000000e+02,1.200000000000000000e+02,1.200000000000000000e+02,1.200000000000000000e+02,1.200000000000000000e+02,1.173271255063299684e-02,7.883164402483740218e+01,8.001146244299779653e+01,8.118944535795517936e+01,7.345135936555867318e+01,5.495010583584739603e-04,8.868389289737500292e+01,9.102465186634940153e+01,9.914165819257623014e+01,9.874483117527576326e+01,6.279516323032571989e+01,5.410176309231633951e+01,5.084209761725698939e+01,5.598202636045790825e+01,7.243837215253311967e+01
1.200000000000000000e+02,1.200000000000000000e+02,1.200000000000000000e+02,1.200000000000000000e+02,1.200000000000000000e+02,1.200000000000000000e+02,1.200000000000000000e+02,1.200000000000000000e+02,1.200000000000000000e+02,1.200000000000000000e+02,5.279849792791611873e-02,7.711940293076320074e+01,7.955918923281501520e+01,7.993578549810294476e+01,7.767139768011270462e+01,6.482227785704422224e-04,9.589534250274198257e+01,9.564885075064603370e+01,9.658770172557359501e+01,9.734808074257551880e+01,6.223422968214369888e+01,5.359251182823797421e+01,5.112123802004384743e+01,5.647504853024790350e+01,7.250078073425467551e+01
1.200000000000000000e+02,1.200000000000000000e+02,1.200000000000000000e+02,1.200000000000000000e+02,1.200000000000000000e+02,1.200000000000000000e+02,1.200000000000000000e+02,1.200000000000000000e+02,1.200000000000000000e+02,1.200000000000000000e+02,4.492245490156694665e-02,8.405366519633162170e+01,8.070282000457720528e+01,8.026505785940265980e+01,8.318618132963835876e+01,7.919319149725254192e+01,9.351474657649566780e+01,9.960169661961543852e+01,9.852481929735363053e+01,9.537131264790386354e+01,6.107452872522756593e+01,5.335378349174295920e+01,5.071824227287709874e+01,5.665215306328247635e+01,7.284638306718099443e+01
1.200000000000000000e+02,1.200000000000000000e+02,1.200000000000000000e+02,1.200000000000000000e+02,1.200000000000000000e+02,1.200000000000000000e+02,1.200000000000000000e+02,1.200000000000000000e+02,1.200000000000000000e+02,1.200000000000000000e+02,8.674752873997728386e+01,7.137371511038008265e+00,8.210201746729622130e+01,7.937031595385327876e+01,8.335432708274683478e+01,7.955493150706423933e+01,4.126052100426806390e+01,9.952302264672057674e+01,1.006450631161546170e+02,9.590948708767361097e+01,5.878126850556285632e+01,5.311791746823461580e+01,5.053791186636364330e+01,5.637815165845749021e+01,7.293637754948068164e+01
1.200000000000000000e+02,1.200000000000000000e+02,1.200000000000000000e+02,1.200000000000000000e+02,1.200000000000000000e+02,1.200000000000000000e+02,1.200000000000000000e+02,1.200000000000000000e+02,1.200000000000000000e+02,1.200000000000000000e+02,1.696423784468549523e-02,8.151768157245507851e+00,8.431254099405661862e+01,8.021388708858594896e+01,8.191409314034231670e+01,8.530862729134676670e+01,1.937325566962873943e-03,9.513442669802167018e+01,1.008711483355903056e+02,9.689154636456801484e+01,5.836583364315866618e+01,5.217758671730786091e+01,5.058836849778365519e+01,5.626000210129256374e+01,7.273756556306932453e+01
1.200000000000000000e+02,1.200000000000000000e+02,1.200000000000000000e+02,1.200000000000000000e+02,1.200000000000000000e+02,1.200000000000000000e+02,1.200000000000000000e+02,1.200000000000000000e+02,1.200000000000000000e+02,1.200000000000000000e+02,1.849186107282883504e-02,8.992789328215627620e+01,9.118946003584714788e+01,8.173248920266519235e+01,8.099315050871422272e+01,1.058228312015756147e-03,1.342498780060010638e-03,9.289286387309357451e+01,9.852747898939213655e+01,9.690424137563572060e+01,5.861967156859593331e+01,5.177178570952347769e+01,5.035797821067730951e+01,5.635675434278132911e+01,7.266173000728352349e+01
1.200000000000000000e+02,1.200000000000000000e+02,1.200000000000000000e+02,1.200000000000000000e+02,1.200000000000000000e+02,1.200000000000000000e+02,1.200000000000000000e+02,1.200000000000000000e+02,1.200000000000000000e+02,1.200000000000000000e+02,5.974673383052601927e-02,7.388611183682012098e-03,9.867189720724654478e+01,8.460387073909180344e+01,8.182744131527611842e+01,8.143719787686870158e-04,2.889167132316550288e-03,9.456958450468255251e+01,9.927927517440168970e+01,9.546977806969508151e+01,5.802390163602274242e+01,5.157638763494115608e+01,5.028632547913488793e+01,5.635071609659836156e+01,7.273937492075000932e+01
1.200000000000000000e+02,1.200000000000000000e+02,1.200000000000000000e+02,1.200000000000000000e+02,1.200000000000000000e+02,1.200000000000000000e+02,1.200000000000000000e+02,1.200000000000000000e+02,1.200000000000000000e+02,1.200000000000000000e+02,8.078430578455196229e-03,8.100016636951365001e+01,3.357676994448332251e-03,8.579805865024943046e+01,8.259824234961820366e+01,8.324812563733782156e+01,3.302415166695258459e-04,9.262365982143838039e+01,1.004343251714929721e+02,9.693612730930261989e+01,5.629542455010841451e+01,5.082773306931718338e+01,5.024303778797496989e+01,5.643684429290904347e+01,7.277975155150058129e+01
1.200000000000000000e+02,1.200000000000000000e+02,1.200000000000000000e+02,1.200000000000000000e+02,1.200000000000000000e+02,1.200000000000000000e+02,1.200000000000000000e+02,1.200000000000000000e+02,1.200000000000000000e+02,1.200000000000000000e+02,8.494419482310952674e+01,8.305597063978738959e+01,1.902297795415293091e+00,1.111310304194430615e-03,8.481459078132871809e+01,7.758342473468232470e+01,2.616800348260047934e-04,9.400928650486113725e+01,9.926609791721224951e+01,9.775723273512504363e+01,5.837180039322550584e+01,4.960994954004841873e+01,4.980279891564327244e+01,5.653203408196596058e+01,7.289974853234302543e+01
1.200000000000000000e+02,1.200000000000000000e+02,1.200000000000000000e+02,1.200000000000000000e+02,1.200000000000000000e+02,1.200000000000000000e+02,1.200000000000000000e+02,1.200000000000000000e+02,1.200000000000000000e+02,1.200000000000000000e+02,3.391026492522091623e-02,9.006082869383745049e+01,7.029906123347928054e-03,4.980793572909615996e+00,8.513041058020554885e+01,7.862251228393502345e+01,2.444752412367088516e-04,9.708532430184024520e+01,1.001047680934978246e+02,9.671299120762000712e+01,5.977232775448391067e+01,5.070707451187747949e+01,4.910483867778765443e+01,5.636815589316104536e+01,7.301067377237035316e+01
1.200000000000000000e+02,1.200000000000000000e+02,1.200000000000000000e+02,1.200000000000000000e+02,1.200000000000000000e+02,1.200000000000000000e+02,1.200000000000000000e+02,1.200000000000000000e+02,1.200000000000000000e+02,1.200000000000000000e+02,4.143408468329740774e-02,7.575351161804532579e-03,2.229094375311231266e-02,4.473272328219314531e+00,9.171220797625616683e+01,8.195346623724057622e+01,2.584040362141757025e-04,9.530147095253889233e+01,1.018535639141983182e+02,9.731886427023343344e+01,5.847378644149328863e+01,5.170311568689817250e+01,4.967694162096893962e+01,5.605900330778482044e+01,7.295208327058318787e+01
1.200000000000000000e+02,1.200000000000000000e+02,1.200000000000000000e+02,1.200000000000000000e+02,1.200000000000000000e+02,1.200000000000000000e+02,1.200000000000000000e+02,1.200000000000000000e+02,1.200000000000000000e+02,1.200000000000000000e+02,1.802855166527336447e-02,1.958455274882836150e+01,7.380111924571033910e+01,1.239998443227892074e-03,9.773538095611762344e+01,8.635904507437577138e+01,2.827042916516768717e-04,8.830688658990658269e+01,1.013211046224499086e+02,9.874981104312831803e+01,5.885787453671586889e+01,5.099627326721677889e+01,5.032156951973689019e+01,5.645837512854937756e+01,7.282702886221504457e+01
1.200000000000000000e+02,1.200000000000000000e+02,1.200000000000000000e+02,1.200000000000000000e+02,1.200000000000000000e+02,1.200000000000000000e+02,1.200000000000000000e+02,1.200000000000000000e+02,1.200000000000000000e+02,1.200000000000000000e+02,9.412290725946917402e-03,1.453468621627756008e+01,8.062683519396550480e+01,1.364484191492780409e-03,5.246228083943078602e+00,4.405748408588933650e-04,8.507711739412256691e+01,8.153512250159762687e+01,9.769087929696217998e+01,9.865664394300333129e+01,6.082549273814543511e+01,5.098095332840723870e+01,4.997349322296630447e+01,5.689131667877526155e+01,7.314664567874694967e+01
1.200000000000000000e+02,1.200000000000000000e+02,1.200000000000000000e+02,1.200000000000000000e+02,1.200000000000000000e+02,1.200000000000000000e+02,1.200000000000000000e+02,1.200000000000000000e+02,1.200000000000000000e+02,1.200000000000000000e+02,5.509916121699486545e-03,8.609644194240516413e+01,8.824332914482643275e+01,8.485654512719850118e+01,2.370413604087497816e+01,5.742474618724218161e+00,8.728317768461610626e+01,4.398770717732901403e+01,9.342904792056306462e+01,9.644472153973244133e+01,6.126677520502428109e+01,5.211262289236792355e+01,4.987141314971066919e+01,5.671275509661415981e+01,7.341298854132682550e+01
1.200000000000000000e+02,1.200000000000000000e+02,1.200000000000000000e+02,1.200000000000000000e+02,1.200000000000000000e+02,1.200000000000000000e+02,1.200000000000000000e+02,1.200000000000000000e+02,1.200000000000000000e+02,1.200000000000000000e+02,6.141447243331521130e-03,8.278087216130417403e+01,1.295877414324618337e+00,8.120466039819426385e+01,1.473984467736382165e+01,8.928066569265732944e-02,4.778890539128844155e-04,2.597253260944432895e+01,9.136520954755756918e+01,9.352660013227232128e+01,5.922934376171392046e+01,5.257054786386854772e+01,5.047014608550355064e+01,5.665092353101710643e+01,7.328387885049690453e+01
1.200000000000000000e+02,1.200000000000000000e+02,1.200000000000000000e+02,1.200000000000000000e+02,1.200000000000000000e+02,1.200000000000000000e+02,1.200000000000000000e+02,1.200000000000000000e+02,1.200000000000000000e+02,1.200000000000000000e+02,1.327653856753132494e-02,8.587701766444895668e+01,9.519637741971425271e+01,3.424120432632061801e-03,8.896608405386957370e-04,2.216041879869314751e-03,6.627254781035100918e-04,5.754373081561486458e+01,9.013991637438503801e+01,9.161223328516062736e+01,5.622160069505064683e+01,5.172943065661315387e+01,5.075024871300230700e+01,5.699888305540610389e+01,7.324973286923838600e+01
1.200000000000000000e+02,1.200000000000000000e+02,1.200000000000000000e+02,1.200000000000000000e+02,1.200000000000000000e+02,1.200000000000000000e+02,1.200000000000000000e+02,1.200000000000000000e+02,1.200000000000000000e+02,1.200000000000000000e+02,2.286102889130918214e+01,9.449598654864186642e+01,8.621515811910539639e+01,1.033813464014545325e+01,1.051718497808422402e-03,1.286167109208899472e-03,1.261038487882202653e-03,7.920093696130281558e+01,9.071750602006048325e+01,9.154909511161308444e+01,5.385872715720684312e+01,5.046185800742517813e+01,5.035823082628741076e+01,5.713351782446326865e+01,7.344824245715184929e+01
1.200000000000000000e+02,1.200000000000000000e+02,1.200000000000000000e+02,1.200000000000000000e+02,1.200000000000000000e+02,1.200000000000000000e+02,1.200000000000000000e+02,1.200000000000000000e+02,1.200000000000000000e+02,1.200000000000000000e+02,7.938581534701178555e+01,1.037612219322181728e+00,8.309348568145500735e+01,1.650407401757696491e+01,8.041301353667736862e+01,5.512022395694319860e-04,2.433371914007719482e-03,9.445817565408160021e+01,9.130010658253938516e+01,9.118014507296931015e+01,5.384473663147777955e+01,4.950525761627798715e+01,4.988909537734058830e+01,5.688879478816813418e+01,7.347976045070691953e+01
1.200000000000000000e+02,1.200000000000000000e+02,1.200000000000000000e+02,1.200000000000000000e+02,1.200000000000000000e+02,1.200000000000000000e+02,1.200000000000000000e+02,1.200000000000000000e+02,1.200000000000000000e+02,1.200000000000000000e+02,8.077349874514968064e+01,5.555943119288699705e+01,8.823407322697703137e+01,8.217985337459580819e+01,8.289756626257555183e+01,4.358995892173163854e-04,1.402107295839004841e+01,1.053229791507815634e+02,9.690335500652308554e+01,8.958772212204088703e+01,5.297183149802282998e+01,4.980844949380640685e+01,4.973298706045324735e+01,5.670219260181658427e+01,7.329747714688845406e+01
1.200000000000000000e+02,1.200000000000000000e+02,1.200000000000000000e+02,1.200000000000000000e+02,1.200000000000000000e+02,1.200000000000000000e+02,1.200000000000000000e+02,1.200000000000000000e+02,1.200000000000000000e+02,1.200000000000000000e+02,1.428562296981638821e-02,8.384327602637975474e+01,1.390840794477603026e+01,7.517403721992668864e+01,9.084422344564626428e+01,4.749640480514620349e-04,4.621447329763784495e+01,1.098187962018883894e+02,1.037047747602349261e+02,9.176804877949354022e+01,4.987989357345498576e+01,4.949766687257814368e+01,5.026003766405506923e+01,5.680283853449427767e+01,7.321331879624921157e+01
1.200000000000000000e+02,1.200000000000000000e+02,1.200000000000000000e+02,1.200000000000000000e+02,1.200000000000000000e+02,1.200000000000000000e+02,1.200000000000000000e+02,1.200000000000000000e+02,1.200000000000000000e+02,1.200000000000000000e+02,3.634465434525046418e-02,7.979910100864334765e+01,2.762545051835014576e+01,7.622011813413602965e+01,9.197735039026872528e+01,6.866292635212566976e-04,6.960260297789749018e+01,1.074112853852056020e+02,1.082734005973126870e+02,9.639952512136738960e+01,4.977985864549462747e+01,4.755226873718405045e+01,5.043686173481842872e+01,5.730755514325515065e+01,7.335560716602964249e+01
1.200000000000000000e+02,1.200000000000000000e+02,1.200000000000000000e+02,1.200000000000000000e+02,1.200000000000000000e+02,1.200000000000000000e+02,1.200000000000000000e+02,1.200000000000000000e+02,1.200000000000000000e+02,1.200000000000000000e+02,2.745273836118737876e+01,9.015842727620149502e-03,8.129174702188088020e+01,8.431059114546371802e+01,8.952222850725401315e+01,9.951129443480774203e-04,7.730746873291172960e+01,9.785666705726066539e+01,1.088947127826508137e+02,1.006593701183761880e+02,5.320257681596523724e+01,4.664992991311989812e+01,4.962107233979815391e+01,5.761271813123702401e+01,7.375081186962816560e+01
1.200000000000000000e+02,1.200000000000000000e+02,1.200000000000000000e+02,1.200000000000000000e+02,1.200000000000000000e+02,1.200000000000000000e+02,1.200000000000000000e+02,1.200000000000000000e+02,1.200000000000000000e+02,1.200000000000000000e+02,3.297467747843416119e-02,2.499738520868458025e+01,7.253057254479863047e+01,3.365983545692942565e-03,9.414358421183652900e-04,7.684459529746980877e+01,6.355434978956385805e+01,9.283890656744192427e+01,1.032597166591110778e+02,1.029151490008885474e+02,5.765159758821131675e+01,4.759956881625299729e+01,4.912301118941815758e+01,5.736163777397514707e+01,7.398695893372664045e+01
1.200000000000000000e+02,1.200000000000000000e+02,1.200000000000000000e+02,1.200000000000000000e+02,1.200000000000000000e+02,1.200000000000000000e+02,1.200000000000000000e+02,1.200000000000000000e+02,1.200000000000000000e+02,1.200000000000000000e+02,1.215712522203024441e-02,1.886615743085203789e+01,7.617097414962842095e+01,2.572440076948376547e-03,9.912193137146156019e+00,7.725185778292157579e+01,4.574612880145365601e+00,9.423044331559700026e+01,9.840285749495033940e+01,1.001662291867923216e+02,6.154927805731426815e+01,4.908262254256106871e+01,4.947813065256691800e+01,5.726320421186885312e+01,7.389508392018842642e+01
1.200000000000000000e+02,1.200000000000000000e+02,1.200000000000000000e+02,1.200000000000000000e+02,1.200000000000000000e+02,1.200000000000000000e+02,1.200000000000000000e+02,1.200000000000000000e+02,1.200000000000000000e+02,1.200000000000000000e+02,1.215700441369601398e-02,8.619818898216830405e+01,8.370893714694238952e+01,2.183573531243127464e-03,1.810942790775707566e-03,8.845140652221795108e+01,3.287046108493819896e-03,9.508250835789988287e+01,9.888510948497167874e+01,9.645626432168583619e+01,6.073354600634606726e+01,5.046751013182362300e+01,4.991280506940913853e+01,5.757154834219227979e+01,7.393146354811712229e+01
1.200000000000000000e+02,1.200000000000000000e+02,1.200000000000000000e+02,1.200000000000000000e+02,1.200000000000000000e+02,1.200000000000000000e+02,1.200000000000000000e+02,1.200000000000000000e+02,1.200000000000000000e+02,1.200000000000000000e+02,1.134769543184336871e-01,8.229812791351614010e+01,9.143215498655526119e+01,1.948604655253634819e-03,3.494987562004109229e-03,1.432813546227633449e-03,7.621049876618634852e-03,9.856247356296250928e+01,9.945042606089458559e+01,9.678621450252724401e+01,5.735074494239088239e+01,5.019448095802409426e+01,5.008121144725087248e+01,5.776483445932141336e+01,7.417865810356934730e+01
1.200000000000000000e+02,1.200000000000000000e+02,1.200000000000000000e+02,1.200000000000000000e+02,1.200000000000000000e+02,1.200000000000000000e+02,1.200000000000000000e+02,1.200000000000000000e+02,1.200000000000000000e+02,1.200000000000000000e+02,2.688782071856087086e+01,8.446893307500457126e+01,9.130121898204055242e+01,2.120282289643877268e-03,8.485369192956768813e+01,1.698029926036705817e+01,2.721107159828073563e+01,9.779482502458600379e+01,1.028915292567845086e+02,9.706025780330594444e+01,5.802343177220786430e+01,4.873660712412628015e+01,4.948072745922119253e+01,5.764360348922443933e+01,7.427458655704117518e+01
1.200000000000000000e+02,1.200000000000000000e+02,1.200000000000000000e+02,1.200000000000000000e+02,1.200000000000000000e+02,1.200000000000000000e+02,1.200000000000000000e+02,1.200000000000000000e+02,1.200000000000000000e+02,1.200000000000000000e+02,8.713714843688981659e+01,9.498808559025756892e+01,2.920272957375002424e-03,7.736304272356112222e+01,8.811639794797976322e+01,8.719535959708895945e+00,5.823982554591626837e+01,9.620623916332375813e+01,1.025922214500298679e+02,9.951000665449105043e+01,5.875049618483862446e+01,9.529130845762939828e+01,9.474587123683203060e+01,5.705021245891669679e+01,7.411675658079491313e+01
1.200000000000000000e+02,1.200000000000000000e+02,1.200000000000000000e+02,1.200000000000000000e+02,1.200000000000000000e+02,1.200000000000000000e+02,1.200000000000000000e+02,1.200000000000000000e+02,1.200000000000000000e+02,1.200000000000000000e+02,8.957755407728717501e+01,3.201719429317605864e-02,2.208001232547871595e+01,7.595577743990396868e+01,7.867196894442967520e-04,7.447096929137882789e-04,7.707173109827557766e+01,9.356889424653564902e+01,1.019943838459789589e+02,9.952438539062421796e+01,6.136647049181648583e+01,9.578549801249485540e+01,9.492560792207660825e+01,5.627854659028007234e+01,7.365138476511191357e+01
1.200000000000000000e+02,1.200000000000000000e+02,1.200000000000000000e+02,1.200000000000000000e+02,1.200000000000000000e+02,1.200000000000000000e+02,1.200000000000000000e+02,1.200000000000000000e+02,1.200000000000000000e+02,1.200000000000000000e+02,1.457597227102275066e-02,5.840373559320103519e-03,8.422397806679846610e+01,8.219472010805364448e+01,5.753060735283431742e-04,1.070344919747338820e-03,9.406077278568305644e+01,9.265799596165194885e+01,9.986083413020097055e+01,9.937802793041161920e+01,6.188940830819682759e+01,9.644790721598576511e+01,9.527648857637093727e+01,9.916958783458846938e+01,7.314101207670785243e+01
1.200000000000000000e+02,1.200000000000000000e+02,1.200000000000000000e+02,1.200000000000000000e+02,1.200000000000000000e+02,1.200000000000000000e+02,1.200000000000000000e+02,1.200000000000000000e+02,1.200000000000000000e+02,1.200000000000000000e+02,4.015749375454396447e-02,4.209446079531060057e-03,8.136030781746663365e+01,9.007247480124397043e+01,7.016535031462234687e-04,1.734564512393051670e-03,1.004626205968065307e+02,9.853438522461695470e+01,9.772677979390547875e+01,9.803930743033627948e+01,6.211785368520077100e+01,5.217671364340382212e+01,9.558191836262447794e+01,9.937933503136756030e+01,7.321419520316034379e+01
1.200000000000000000e+02,1.200000000000000000e+02,1.200000000000000000e+02,1.200000000000000000e+02,1.200000000000000000e+02,1.200000000000000000e+02,1.200000000000000000e+02,1.200000000000000000e+02,1.200000000000000000e+02,1.200000000000000000e+02,9.939531371885800937e+00,4.084221188905245471e-03,8.455746462265567231e+01,9.243897582820194714e+01,8.308970097379143738e+01,3.030122686662560256e-03,9.600582091226418413e+01,1.025745914339505447e+02,1.004547266621393504e+02,9.594271130415697257e+01,6.119379118518901350e+01,5.243612132216382093e+01,5.023030921874923393e+01,9.943956185689197014e+01,7.339716219685411147e+01
1.200000000000000000e+02,1.200000000000000000e+02,1.200000000000000000e+02,1.200000000000000000e+02,1.200000000000000000e+02,1.200000000000000000e+02,1.200000000000000000e+02,1.200000000000000000e+02,1.200000000000000000e+02,1.200000000000000000e+02,2.359748340644012288e+01,7.730007430632916510e+01,1.713913454575863651e-02,1.095119218583252927e-03,7.441857537591779703e+01,1.191507905019532909e-03,9.334709715436572708e+01,1.017503519162637531e+02,1.028671812217037171e+02,9.721606957835328444e+01,5.862733161940143845e+01,5.234858091425368087e+01,5.027163045352639159e+01,5.689409274128608729e+01,7.352245453807299214e+01
1.200000000000000000e+02,1.200000000000000000e+02,1.200000000000000000e+02,1.200000000000000000e+02,1.200000000000000000e+02,1.200000000000000000e+02,1.200000000000000000e+02,1.200000000000000000e+02,1.200000000000000000e+02,1.200000000000000000e+02,1.484995657612007669e+01,7.784558271976985111e+01,3.521446912085134801e-02,1.865253216656816804e+01,7.458853756253158451e+01,9.533169134757945229e-04,9.642597247026094465e+01,1.006889090848203523e+02,1.028528892678083508e+02,9.872450391205249787e+01,5.915389863185174590e+01,5.125789344106130585e+01,5.026949734745726062e+01,5.679054370281551911e+01,7.342583113960299102e+01
1.200000000000000000e+02,1.200000000000000000e+02,1.200000000000000000e+02,1.200000000000000000e+02,1.200000000000000000e+02,1.200000000000000000e+02,1.200000000000000000e+02,1.200000000000000000e+02,1.200000000000000000e+02,1.200000000000000000e+02,1.008744973501113362e+00,8.328683570330888131e+01,7.299323684971663617e-01,5.152180778987380805e+00,8.309851443842572394e+01,9.056268780463535943e-04,9.681256204305759638e+01,1.022383256348250598e+02,1.026446032689996315e+02,9.882951069487353379e+01,6.048229998701587817e+01,5.136393206333642070e+01,4.983838126817208547e+01,5.671719866625853967e+01,7.328803586894723310e+01
1.200000000000000000e+02,1.200000000000000000e+02,1.200000000000000000e+02,1.200000000000000000e+02,1.200000000000000000e+02,1.200000000000000000e+02,1.200000000000000000e+02,1.200000000000000000e+02,1.200000000000000000e+02,1.200000000000000000e+02,2.732100527140506685e+01,9.127934833696176042e+01,2.311295542759167140e-03,1.325003169917701598e-03,9.065829935955866858e+01,8.798776744695504604e-04,9.177227122544023530e+01,1.026407916471788866e+02,1.037939228857901099e+02,9.906764997455989885e+01,6.044923690844042596e+01,5.188901524418913169e+01,4.991919807711749968e+01,5.647228178242603036e+01,7.318806953198837562e+01
1.200000000000000000e+02,1.200000000000000000e+02,1.200000000000000000e+02,1.200000000000000000e+02,1.200000000000000000e+02,1.200000000000000000e+02,1.200000000000000000e+02,1.200000000000000000e+02,1.200000000000000000e+02,1.200000000000000000e+02,2.558415254683434059e-02,1.347688578285067607e+01,1.801533750607175717e-03,2.028673457435763248e-03,9.686663735936883768e+01,8.150201318279569297e-04,8.672000242605342635e+01,1.002318871499179807e+02,1.041229983559805845e+02,1.002444137746511075e+02,6.087481021739316844e+01,5.160344004633379456e+01,5.018289007707721794e+01,5.652198080874263297e+01,7.302282999104124883e+01
1.200000000000000000e+02,1.200000000000000000e+02,1.200000000000000000e+02,1.200000000000000000e+02,1.200000000000000000e+02,1.200000000000000000e+02,1.200000000000000000e+02,1.200000000000000000e+02,1.200000000000000000e+02,1.200000000000000000e+02,8.386190487433245266e+01,3.240616046910437120e+01,7.992905650208729185e+01,8.955054736119654990e+01,4.742170426492164026e+00,1.076832515562355617e-03,8.554187055710254128e+01,9.715118502784675059e+01,1.027465410051984094e+02,1.006919586137589135e+02,6.276938852736653018e+01,5.159752266062087500e+01,4.990933834783229628e+01,5.666819135976056288e+01,7.307963017084199464e+01
1.200000000000000000e+02,1.200000000000000000e+02,1.200000000000000000e+02,1.200000000000000000e+02,1.200000000000000000e+02,1.200000000000000000e+02,1.200000000000000000e+02,1.200000000000000000e+02,1.200000000000000000e+02,1.200000000000000000e+02,8.745261764684704531e+01,8.921899311307804226e+01,8.181743749988520165e+01,8.868040936238899974e+01,2.352073202907791583e+01,2.414605917656612814e-03,8.677684242539265824e+01,9.586643030250841946e+01,1.007585321537224416e+02,9.992293813534097069e+01,6.389218638816607410e+01,5.263917676368574661e+01,4.970204633889883894e+01,5.646220285548798756e+01,7.317127556266272848e+01
1.200000000000000000e+02,1.200000000000000000e+02,1.200000000000000000e+02,1.200000000000000000e+02,1.200000000000000000e+02,1.200000000000000000e+02,1.200000000000000000e+02,1.200000000000000000e+02,1.200000000000000000e+02,1.200000000000000000e+02,8.357085186930878970e-03,8.105305683202976752e+01,8.672233413580065076e+01,9.011347509170703063e+01,9.158640994252790568e-04,1.590666560174158403e-02,8.854965115487316041e+01,9.586184527247138476e+01,9.966754638314472459e+01,9.866971174715010306e+01,6.346695865577724760e+01,5.342411102634503806e+01,5.010984652237443981e+01,5.626123048950849892e+01,7.302788034707977260e+01
1.200000000000000000e+02,1.200000000000000000e+02,1.200000000000000000e+02,1.200000000000000000e+02,1.200000000000000000e+02,1.200000000000000000e+02,1.200000000000000000e+02,1.200000000000000000e+02,1.200000000000000000e+02,1.200000000000000000e+02,1.127819477627259026e+01,7.832003310724870460e+01,8.817995036892396854e+01,1.649852780576090789e-03,1.010799034037971602e-03,2.117531163262538030e+01,9.550199220129302091e+01,9.641162076345393928e+01,9.922130446964197859e+01,9.778948274010643615e+01,6.245048456568136430e+01,5.338733560051021954e+01,5.043538254744242977e+01,5.640704502587024649e+01,7.289879237340038287e+01
1.200000000000000000e+02,1.200000000000000000e+02,1.200000000000000000e+02,1.200000000000000000e+02,1.200000000000000000e+02,1.200000000000000000e+02,1.200000000000000000e+02,1.200000000000000000e+02,1.200000000000000000e+02,1.200000000000000000e+02,2.388621432265514954e+01,8.210638422846095352e+01,8.674294151619785964e+01,1.061966682133199846e+01,1.094466909639088548e-03,3.275790510126013544e+01,1.015623324851765261e+02,1.001110573439403453e+02,9.921358832232071734e+01,9.708366987015745053e+01,6.161542532361482927e+01,5.316559490201172622e+01,5.032335076105572114e+01,5.648337924938060439e+01,7.297069623864329913e+01
1.200000000000000000e+02,1.200000000000000000e+02,1.200000000000000000e+02,1.200000000000000000e+02,1.200000000000000000e+02,1.200000000000000000e+02,1.200000000000000000e+02,1.200000000000000000e+02,1.200000000000000000e+02,1.200000000000000000e+02,4.221033847281598916e+00,8.554770034241431631e+01,8.528472320674336515e+01,8.506273404877794064e+01,7.854050979850755709e+01,6.161432718701410494e+01,1.017311385039451466e+02,1.038475590189522819e+02,1.014497523185863912e+02,9.663138495397127770e+01,6.052537279351038535e+01,5.311165806039208093e+01,5.021887076499655933e+01,5.629042619067642050e+01,7.296204429443096728e+01
1.200000000000000000e+02,1.200000000000000000e+02,1.200000000000000000e+02,1.200000000000000000e+02,1.200000000000000000e+02,1.200000000000000000e+02,1.200000000000000000e+02,1.200000000000000000e+02,1.200000000000000000e+02,1.200000000000000000e+02,8.384066795899062186e+01,4.258701381009295517e+01,2.536611661945160825e-03,7.680922201286938389e+01,8.364307092757918838e+01,4.656508484972759732e+01,9.957184157663652968e+01,1.046535356425285102e+02,1.039757127873792228e+02,9.791109107240149001e+01,5.939837865404871309e+01,5.273767045677549703e+01,5.035736568697448234e+01,5.615303589083053737e+01,7.278323897085834915e+01
1.200000000000000000e+02,1.200000000000000000e+02,1.200000000000000000e+02,1.200000000000000000e+02,1.200000000000000000e+02,1.200000000000000000e+02,1.200000000000000000e+02,1.200000000000000000e+02,1.200000000000000000e+02,1.200000000000000000e+02,7.997894855308281592e+01,5.502531750519661813e+00,1.911229019024886355e+01,7.489292890100500699e+01,8.796263167376264391e+01,1.602160325386070738e+01,9.135411285563603201e+01,1.038880941775067441e+02,1.048682562595659533e+02,9.968947804999530149e+01,6.017568303965603604e+01,5.206268074800303935e+01,5.036500509341764342e+01,5.623782002256605494e+01,7.266780856645534925e+01
1.200000000000000000e+02,1.200000000000000000e+02,1.200000000000000000e+02,1.200000000000000000e+02,1.200000000000000000e+02,1.200000000000000000e+02,1.200000000000000000e+02,1.200000000000000000e+02,1.200000000000000000e+02,1.200000000000000000e+02,1.876851985339780121e-02,1.320417407003613430e-01,7.629578905620191698e+00,8.085819590653358091e+01,2.001353554394775299e-03,3.830449735054455764e-03,8.948055399785343411e+01,9.799136878942654505e+01,1.048369121848778889e+02,1.005730174465077624e+02,6.191630481072741787e+01,5.220474673844829994e+01,5.014034871570633101e+01,5.629797839092400125e+01,7.271697380973449754e+01
1.200000000000000000e+02,1.200000000000000000e+02,1.200000000000000000e+02,1.200000000000000000e+02,1.200000000000000000e+02,1.200000000000000000e+02,1.200000000000000000e+02,1.200000000000000000e+02,1.200000000000000000e+02,1.200000000000000000e+02,2.570239548846409844e-02,1.851061877645606216e-02,8.496689525752503869e+01,8.834122011984180745e+01,1.670855889021845026e-03,1.320197549094311897e-02,9.267637726333228443e+01,9.704830221026868742e+01,1.006404256471209777e+02,1.010734396451828161e+02,6.299164387504871598e+01,5.283900360565635168e+01,5.023310043945477332e+01,5.624395181533776622e+01,7.276540196272632954e+01
1.200000000000000000e+02,1.200000000000000000e+02,1.200000000000000000e+02,1.200000000000000000e+02,1.200000000000000000e+02,1.200000000000000000e+02,1.200000000000000000e+02,1.200000000000000000e+02,1.200000000000000000e+02,1.200000000000000000e+02,7.537025024348012470e-03,7.686721537321830056e+01,8.316493753380612475e+01,1.834946253890210564e-03,1.851890898547245206e-03,9.885523912100438793e+00,9.385198667438716313e+01,9.935695688238200773e+01,1.002498835655722331e+02,9.827248073409076312e+01,6.409308048049744855e+01,5.310539799545238537e+01,5.049777991922933040e+01,5.635685714164085880e+01,7.276297674744347432e+01
1.200000000000000000e+02,1.200000000000000000e+02,1.200000000000000000e+02,1.200000000000000000e+02,1.200000000000000000e+02,1.200000000000000000e+02,1.200000000000000000e+02,1.200000000000000000e+02,1.200000000000000000e+02,1.200000000000000000e+02,1.676143821187317684e+01,7.422844377176764397e+01,1.556444095713326384e-02,3.747577711696921110e+00,8.444091698712394134e+01,1.596010272886569226e+01,9.642992133005940047e+01,9.995751323009069722e+01,1.017258680393156141e+02,9.808264868736669939e+01,6.158890544303539372e+01,5.353288233415955943e+01,5.044864983290975857e+01,5.652352688007012915e+01,7.286913101958577954e+01
1.200000000000000000e+02,1.200000000000000000e+02,1.200000000000000000e+02,1.200000000000000000e+02,1.200000000000000000e+02,1.200000000000000000e+02,1.200000000000000000e+02,1.200000000000000000e+02,1.200000000000000000e+02,1.200000000000000000e+02,1.140990579500768476e+01,7.798650311513068800e+01,7.674370242182457051e-03,2.666602203525785253e+00,1.405464956155754114e-03,1.679271993520053385e+01,9.690544380808140090e+01,1.015755633174329233e+02,1.017725312769991746e+02,9.913364430887637013e+01,6.147754701884797868e+01,5.252149227360254713e+01,5.041716639426871893e+01,5.643561530920275260e+01,7.297455617383414506e+01
1.200000000000000000e+02,1.200000000000000000e+02,1.200000000000000000e+02,1.200000000000000000e+02,1.200000000000000000e+02,1.200000000000000000e+02,1.200000000000000000e+02,1.200000000000000000e+02,1.200000000000000000e+02,1.200000000000000000e+02,9.376601654642978748e-03,8.512916631119671251e+01,4.664274529529111035e-03,4.835661702326000955e-03,1.459882428134853328e-03,3.473909017964452772e+01,9.689239991629884230e+01,1.021036411051048987e+02,1.029254997478782485e+02,9.874910827105253475e+01,6.297599681421478834e+01,5.268139147101658182e+01,4.985858479172166113e+01,5.629431145764382194e+01,7.288856606067678001e+01
1.200000000000000000e+02,1.200000000000000000e+02,1.200000000000000000e+02,1.200000000000000000e+02,1.200000000000000000e+02,1.200000000000000000e+02,1.200000000000000000e+02,1.200000000000000000e+02,1.200000000000000000e+02,1.200000000000000000e+02,8.004216558127384695e-02,9.258328299037113140e+01,3.479991903326863818e-03,6.808402426960054842e-03,2.112517088978815589e-03,6.012985757364202755e+01,9.350896055671412910e+01,1.021888011135908982e+02,1.034755984625193008e+02,9.946894966384091674e+01,6.225447323154495649e+01,5.383314179556513324e+01,4.998159620446793383e+01,5.591952717995536659e+01,7.275812180555836051e+01
1.200000000000000000e+02,1.200000000000000000e+02,1.200000000000000000e+02,1.200000000000000000e+02,1.200000000000000000e+02,1.200000000000000000e+02,1.200000000000000000e+02,1.200000000000000000e+02,1.200000000000000000e+02,1.200000000000000000e+02,7.437342958711624874e+01,1.668043699441303218e+01,7.539814368532532285e+01,8.300821303829360431e+01,1.379997704715772927e-03,7.872659312819303068e+01,9.065825392512104486e+01,1.004904621755447636e+02,1.036365876937284440e+02,1.001776360172859057e+02,6.259985551767913137e+01,5.352012448085399399e+01,5.074788030484754842e+01,5.597078359271318959e+01,7.250002061652290308e+01
1.200000000000000000e+02,1.200000000000000000e+02,1.200000000000000000e+02,1.200000000000000000e+02,1.200000000000000000e+02,1.200000000000000000e+02,1.200000000000000000e+02,1.200000000000000000e+02,1.200000000000000000e+02,1.200000000000000000e+02,7.407149418731627577e+01,3.840934967819805479e+01,7.345537785998384095e+01,8.425309977837829933e+01,1.489703547363107304e-03,9.378130678724879488e+01,9.192738129321742235e+01,9.785960985057117512e+01,1.026912533570361177e+02,1.004442760501038663e+02,6.379333135752146688e+01,5.340377916034996986e+01,5.069001164851589891e+01,5.642829830839791327e+01,7.255793360726713104e+01
1.200000000000000000e+02,1.200000000000000000e+02,1.200000000000000000e+02,1.200000000000000000e+02,1.200000000000000000e+02,1.200000000000000000e+02,1.200000000000000000e+02,1.200000000000000000e+02,1.200000000000000000e+02,1.200000000000000000e+02,7.983807213973321382e+01,8.947024714193249295e+00,7.877194823824530090e+01,8.516601986384168299e+01,1.460183479784402409e-03,1.016479581839051178e+02,9.772859990794651708e+01,9.717675819066923282e+01,1.006355025532714365e+02,9.995324762105576610e+01,6.448519543666812126e+01,5.407841351631065407e+01,5.051646898514168527e+01,5.640488659683749262e+01,7.284612888892502269e+01
1.200000000000000000e+02,1.200000000000000000e+02,1.200000000000000000e+02,1.200000000000000000e+02,1.200000000000000000e+02,1.200000000000000000e+02,1.200000000000000000e+02,1.200000000000000000e+02,1.200000000000000000e+02,1.200000000000000000e+02,1.131254466620986408e-02,7.426995787092137391e+01,8.543299813416888355e+01,3.605850195983782876e-03,1.508493555652180591e-03,1.008021413553974384e+02,1.026556881227703570e+02,9.989805858086242552e+01,9.958659658179571750e+01,9.841853391221320635e+01,6.424117080510359301e+01,5.460708238400608394e+01,5.082706023150885954e+01,5.626012508202676088e+01,7.280337892814353040e+01
1.200000000000000000e+02,1.200000000000000000e+02,1.200000000000000000e+02,1.200000000000000000e+02,1.200000000000000000e+02,1.200000000000000000e+02,1.200000000000000000e+02,1.200000000000000000e+02,1.200000000000000000e+02,1.200000000000000000e+02,1.930855733208789005e+01,6.869957014265106920e+01,9.234581295137446943e+01,1.661291628889121075e+00,3.104889591147302983e-03,9.206103341511038707e+01,1.041103839112668084e+02,1.028886008404662675e+02,1.009311973168084791e+02,9.730248559736197933e+01,6.259846086393741871e+01,5.463190633678782149e+01,5.110807092193326184e+01,5.640853899137265159e+01,7.269989657896809376e+01
1.200000000000000000e+02,1.200000000000000000e+02,1.200000000000000000e+02,1.200000000000000000e+02,1.200000000000000000e+02,1.200000000000000000e+02,1.200000000000000000e+02,1.200000000000000000e+02,1.200000000000000000e+02,1.200000000000000000e+02,3.021645161981977878e+01,7.084628568135450166e+01,2.300147218529412230e-03,8.481544666383732078e+01,1.336690994490165535e-03,8.372073702808160078e+01,1.005074599433824858e+02,1.045347366421856634e+02,1.026892239245563019e+02,9.784378041719605790e+01,6.098390390028114894e+01,5.396873592909907558e+01,5.110660503600387017e+01,5.652784186984604986e+01,7.277189109435522596e+01
1.200000000000000000e+02,1.200000000000000000e+02,1.200000000000000000e+02,1.200000000000000000e+02,1.200000000000000000e+02,1.200000000000000000e+02,1.200000000000000000e+02,1.200000000000000000e+02,1.200000000000000000e+02,1.200000000000000000e+02,8.445607398336397864e+01,7.835667628117674610e+01,1.610444869471141738e+00,7.754440127691746909e+01,1.186758160442408271e-03,8.761447743510170483e+01,9.550691245112051320e+01,1.029908879145786358e+02,1.040893831653168036e+02,9.874525296892809934e+01,6.100487495521002046e+01,5.320764021132360710e+01,5.082988022741140099e+01,5.646245270206998157e+01,7.280197558235722965e+01
1.200000000000000000e+02,1.200000000000000000e+02,1.200000000000000000e+02,1.200000000000000000e+02,1.200000000000000000e+02,1.200000000000000000e+02,1.200000000000000000e+02,1.200000000000000000e+02,1.200000000000000000e+02,1.200000000000000000e+02,7.978502636150253124e+01,8.610114067757632483e+01,5.709822376778595637e-02,8.138686811058089177e+01,1.225147064066399536e-03,9.468989483101611881e+01,9.695419522177611782e+01,9.992466483687221057e+01,1.035445066698282375e+02,9.975928240878174336e+01,6.139470914399378643e+01,5.312170279263545325e+01,5.056953545564397245e+01,5.629124218959104553e+01,7.271725927360485286e+01
1.200000000000000000e+02,1.200000000000000000e+02,1.200000000000000000e+02,1.200000000000000000e+02,1.200000000000000000e+02,1.200000000000000000e+02,1.200000000000000000e+02,1.200000000000000000e+02,1.200000000000000000e+02,1.200000000000000000e+02,2.531458861997153836e-02,6.297518486380674664e-03,2.332643444793554982e-03,9.044284770911883697e+01,1.308973399708963144e-03,9.703049005311940789e+01,1.000270179454746824e+02,1.006692632045427729e+02,1.016610021900035292e+02,9.979896837322085901e+01,6.211019413757179564e+01,5.302343266719297077e+01,5.062957214201423994e+01,5.620050513148765248e+01,7.259341085948402394e+01
1.200000000000000000e+02,1.200000000000000000e+02,1.200000000000000000e+02,1.200000000000000000e+02,1.200000000000000000e+02,1.200000000000000000e+02,1.200000000000000000e+02,1.200000000000000000e+02,1.200000000000000000e+02,1.200000000000000000e+02,1.840938958816594820e-02,1.445432680406530679e+01,7.136138143989950322e+01,9.773774981372638138e+01,1.432823590611082346e-03,9.389760788368455735e+01,1.016764863929054030e+02,1.020997796472671695e+02,1.021626477551327952e+02,9.873251484045772486e+01,6.243729861122152158e+01,5.292595307242068259e+01,5.057176693643144461e+01,5.631386905448732705e+01,7.256270198903774826e+01
1.200000000000000000e+02,1.200000000000000000e+02,1.200000000000000000e+02,1.200000000000000000e+02,1.200000000000000000e+02,1.200000000000000000e+02,1.200000000000000000e+02,1.200000000000000000e+02,1.200000000000000000e+02,1.200000000000000000e+02,7.434330712090272443e-03,8.102634948430423378e+01,7.427946955817364483e+01,8.689315073635362971e-03,2.242427753643527321e-03,8.966790958409264078e+01,1.007952541966063933e+02,1.031160417322419391e+02,1.028042028768347649e+02,9.911489322472151287e+01,6.168426115752617989e+01,5.287143318718755580e+01,5.034075345758938624e+01,5.633182828795490593e+01,7.267779967989450540e+01
1.200000000000000000e+02,1.200000000000000000e+02,1.200000000000000000e+02,1.200000000000000000e+02,1.200000000000000000e+02,1.200000000000000000e+02,1.200000000000000000e+02,1.200000000000000000e+02,1.200000000000000000e+02,1.200000000000000000e+02,1.369445016482798670e-02,7.738498132258423823e+01,8.184282219448253670e+01,3.917777212281585708e+00,6.182569239193134655e-03,8.832737791229908453e+01,9.856385910753738244e+01,1.029544675786562777e+02,1.033916505831333552e+02,9.940940358834025403e+01,6.222593836399735778e+01,5.255412147799590628e+01,5.012120387030724800e+01,5.618378833513101256e+01,7.271750048690745416e+01
1.200000000000000000e+02,1.200000000000000000e+02,1.200000000000000000e+02,1.200000000000000000e+02,1.200000000000000000e+02,1.200000000000000000e+02,1.200000000000000000e+02,1.200000000000000000e+02,1.200000000000000000e+02,1.200000000000000000e+02,1.004367517882951688e+01,7.844178669624852773e+01,5.310631516998173124e-03,1.762826899645792431e-03,2.950096531225848029e+00,8.878575449083756155e+01,9.743477827815159742e+01,1.017041249417140989e+02,1.035226746317397328e+02,9.967487942784472921e+01,6.253362402904069484e+01,5.290288337837149157e+01,4.988638175429688459e+01,5.601570341231062145e+01,7.264023772311627170e+01
1.200000000000000000e+02,1.200000000000000000e+02,1.200000000000000000e+02,1.200000000000000000e+02,1.200000000000000000e+02,1.200000000000000000e+02,1.200000000000000000e+02,1.200000000000000000e+02,1.200000000000000000e+02,1.200000000000000000e+02,9.629593128434758148e-03,8.434195463047389296e+01,1.874986106330671864e+00,2.060113872529387852e-03,2.287839009244409283e+01,9.528330544315173256e+01,9.724947426093096681e+01,1.008979809414490632e+02,1.028147241340435301e+02,9.997434234846461720e+01,6.255716174016034614e+01,5.309234999106050168e+01,5.003778459269322099e+01,5.586270733509091713e+01,7.254358992936565187e+01
1.200000000000000000e+02,1.200000000000000000e+02,1.200000000000000000e+02,1.200000000000000000e+02,1.200000000000000000e+02,1.200000000000000000e+02,1.200000000000000000e+02,1.200000000000000000e+02,1.200000000000000000e+02,1.200000000000000000e+02,4.022130934169929062e-02,9.205348499391458006e+01,8.520133146389788692e+01,2.079734996082737743e-03,3.074603972601110868e+01,1.007100311789952514e+02,1.005075721568651943e+02,1.005568595237910472e+02,1.022519893710895360e+02,9.967172227479571234e+01,6.300919049703743724e+01,5.291307148382456660e+01,5.012816555618580594e+01,5.593276815680049197e+01,7.246264609053565664e+01
1.200000000000000000e+02,1.200000000000000000e+02,1.200000000000000000e+02,1.200000000000000000e+02,1.200000000000000000e+02,1.200000000000000000e+02,1.200000000000000000e+02,1.200000000000000000e+02,1.200000000000000000e+02,1.200000000000000000e+02,7.455481621863918917e+01,9.947209032799690931e+00,7.850025024260561679e+01,8.162158439806106003e+01,5.633607234267685726e+01,9.997562048344782681e+01,1.036483860972438578e+02,1.024517506537530664e+02,1.018970803504443978e+02,9.927548921207434773e+01,6.304042665614706209e+01,5.302882655374118315e+01,4.993038205244272376e+01,5.597075824974277225e+01,7.252593028441305023e+01
1.200000000000000000e+02,1.200000000000000000e+02,1.200000000000000000e+02,1.200000000000000000e+02,1.200000000000000000e+02,1.200000000000000000e+02,1.200000000000000000e+02,1.200000000000000000e+02,1.200000000000000000e+02,1.200000000000000000e+02,7.385225516140795321e+01,3.089355666627873021e+01,7.819596559944535841e+01,8.208510289651685810e+01,3.645251431195504210e+01,9.691868408011092129e+01,1.037751457595266800e+02,1.044605695448294398e+02,1.030798772757751181e+02,9.894201891360918921e+01,6.271854558024730153e+01,5.315972359471821562e+01,4.985617591764417966e+01,5.581414512053517996e+01,7.254929797985926143e+01
1.200000000000000000e+02,1.200000000000000000e+02,1.200000000000000000e+02,1.200000000000000000e+02,1.200000000000000000e+02,1.200000000000000000e+02,1.200000000000000000e+02,1.200000000000000000e+02,1.200000000000000000e+02,1.200000000000000000e+02,7.910942280696311002e+01,2.698822184685618630e+00,8.533300020711138245e+01,8.426674198480692723e+01,4.822140181622685401e-02,9.017987298236178617e+01,1.023482410083127547e+02,1.047870656565878846e+02,1.044123160297340860e+02,9.968610697901873152e+01,6.230359084664168989e+01,5.310408954579654761e+01,4.988346103938206966e+01,5.571243104458743289e+01,7.244450538983389265e+01
1.200000000000000000e+02,1.200000000000000000e+02,1.200000000000000000e+02,1.200000000000000000e+02,1.200000000000000000e+02,1.200000000000000000e+02,1.200000000000000000e+02,1.200000000000000000e+02,1.200000000000000000e+02,1.200000000000000000e+02,7.925555163042675641e-03,7.533912409305901292e+01,9.182716977302550276e+01,4.034176315561441122e-03,3.385529286550275230e-03,8.939847700388175156e+01,9.717290037628173138e+01,1.041999371741365792e+02,1.047594734637747820e+02,1.006271443989447647e+02,6.301033671206634779e+01,5.294682145120534500e+01,4.985476944375209030e+01,5.568895461770382127e+01,7.237675047400065864e+01
1.200000000000000000e+02,1.200000000000000000e+02,1.200000000000000000e+02,1.200000000000000000e+02,1.200000000000000000e+02,1.200000000000000000e+02,1.200000000000000000e+02,1.200000000000000000e+02,1.200000000000000000e+02,1.200000000000000000e+02,1.594842753606303631e+01,6.942196965112253793e+01,2.324324389341247618e-03,2.729809682003252625e-03,5.716004942072919030e-03,9.380996151346579381e+01,9.722111195035550679e+01,1.003828577835269442e+02,1.046531092272081338e+02,1.009911817168998454e+02,6.406874210408325609e+01,5.328221663564806931e+01,4.978857514590939104e+01,5.564495728537773545e+01,7.235484472297881098e+01
1.200000000000000000e+02,1.200000000000000000e+02,1.200000000000000000e+02,1.200000000000000000e+02,1.200000000000000000e+02,1.200000000000000000e+02,1.200000000000000000e+02,1.200000000000000000e+02,1.200000000000000000e+02,1.200000000000000000e+02,2.718427866173400531e+01,7.119819683556238488e+01,1.067052588468527137e-03,1.564799156185543629e-03,5.307329498429421477e+00,9.303946511763106741e+01,1.002529730467226727e+02,1.007538523804326331e+02,1.018379084255073934e+02,1.012537297257257194e+02,6.459009236760755357e+01,5.375889085371719744e+01,4.994987645903007945e+01,5.559563506991403870e+01,7.232326973973505346e+01
1.200000000000000000e+02,1.200000000000000000e+02,1.200000000000000000e+02,1.200000000000000000e+02,1.200000000000000000e+02,1.200000000000000000e+02,1.200000000000000000e+02,1.200000000000000000e+02,1.200000000000000000e+02,1.200000000000000000e+02,8.331051658827971096e+01,7.977204520130626975e+01,8.237736118086512249e+01,1.141923872033092204e-03,2.384214219366467091e+01,9.504282254748189018e+01,9.959967082152243734e+01,1.026474855074839496e+02,1.023475581519422377e+02,9.929989524637508680e+01,6.534212037068699885e+01,5.392043528879916181e+01,5.013749955738162356e+01,5.567330282995305168e+01,7.229718203711146884e+01
1.200000000000000000e+02,1.200000000000000000e+02,1.200000000000000000e+02,1.200000000000000000e+02,1.200000000000000000e+02,1.200000000000000000e+02,1.200000000000000000e+02,1.200000000000000000e+02,1.200000000000000000e+02,1.200000000000000000e+02,7.859512087121450463e+01,6.445617250897630636e-03,7.586822682728323741e+01,1.148606327742402594e-03,5.183035130581879457e+01,9.756297083641982226e+01,1.009138768929672807e+02,1.018533570648240953e+02,1.035126248717466666e+02,9.974836770846424372e+01,6.353794287622431369e+01,5.434952763360330863e+01,5.008829264588509034e+01,5.574110031001968935e+01,7.234852609540071455e+01
1.200000000000000000e+02,1.200000000000000000e+02,1.200000000000000000e+02,1.200000000000000000e+02,1.200000000000000000e+02,1.200000000000000000e+02,1.200000000000000000e+02,1.200000000000000000e+02,1.200000000000000000e+02,1.200000000000000000e+02,9.988062325273897035e-03,1.273906797302601746e+01,7.781782501792424966e+01,1.355958748986759973e-03,7.539838070430975847e+01,9.676783813210266771e+01,1.024880278363809509e+02,1.029183743646145359e+02,1.026038288217541776e+02,1.005694218908343629e+02,6.414722026840132685e+01,5.373591716699846899e+01,5.016873268721816714e+01,5.563237015404763497e+01,7.237113384526352888e+01
1.200000000000000000e+02,1.200000000000000000e+02,1.200000000000000000e+02,1.200000000000000000e+02,1.200000000000000000e+02,1.200000000000000000e+02,1.200000000000000000e+02,1.200000000000000000e+02,1.200000000000000000e+02,1.200000000000000000e+02,1.005142322169863198e-02,8.405848415370523186e-03,3.237787980998551252e+00,1.918140539951745461e-03,8.273767524924129191e+01,9.428884108106493045e+01,1.018619786686347339e+02,1.040924827572031717e+02,1.035319852270156531e+02,9.954160204632735542e+01,6.537842606668023393e+01,5.427156119435265680e+01,4.989889621929626173e+01,5.557005352934893239e+01,7.226680579209289590e+01
1.200000000000000000e+02,1.200000000000000000e+02,1.200000000000000000e+02,1.200000000000000000e+02,1.200000000000000000e+02,1.200000000000000000e+02,1.200000000000000000e+02,1.200000000000000000e+02,1.200000000000000000e+02,1.200000000000000000e+02,1.083290366380830830e-02,7.305200826176120188e+01,2.595523169664432572e+01,7.544669581993927920e+01,7.054949987681428070e+01,9.509746135393342570e+01,9.955212952269765481e+01,1.035948216612870567e+02,1.044737366374492353e+02,1.002511261819829542e+02,6.385328009445716191e+01,5.523518728983334114e+01,5.024271677565092631e+01,5.537523479631698109e+01,7.218877085063380150e+01
1.200000000000000000e+02,1.200000000000000000e+02,1.200000000000000000e+02,1.200000000000000000e+02,1.200000000000000000e+02,1.200000000000000000e+02,1.200000000000000000e+02,1.200000000000000000e+02,1.200000000000000000e+02,1.200000000000000000e+02,1.801040205472490285e+01,7.188293477236138074e+01,1.149324539855504135e+01,8.262927839828179799e+01,2.890931563239515611e+01,9.630631609546315985e+01,9.903318039788400995e+01,1.018256001835142541e+02,1.040316562830392257e+02,1.012169253155653337e+02,6.437628329758832990e+01,5.444856144261967046e+01,5.088988380119517529e+01,5.554635462411913949e+01,7.204130400162286207e+01
1.200000000000000000e+02,1.200000000000000000e+02,1.200000000000000000e+02,1.200000000000000000e+02,1.200000000000000000e+02,1.200000000000000000e+02,1.200000000000000000e+02,1.200000000000000000e+02,1.200000000000000000e+02,1.200000000000000000e+02,4.711186084726261214e+00,7.851499977444690614e+01,8.198198251805339964e+01,1.695244873011842552e-03,9.999933669721803753e+00,9.510970267657523891e+01,9.976135968728273440e+01,1.011377220018061678e+02,1.027275906591034129e+02,1.008282072215628062e+02,6.603113304119415261e+01,5.451285427450972776e+01,5.056505608463203316e+01,5.591697512653729518e+01,7.215263645936533976e+01
1.200000000000000000e+02,1.200000000000000000e+02,1.200000000000000000e+02,1.200000000000000000e+02,1.200000000000000000e+02,1.200000000000000000e+02,1.200000000000000000e+02,1.200000000000000000e+02,1.200000000000000000e+02,1.200000000000000000e+02,1.114528112318343908e-02,8.691489675198438647e+01,7.486703432563398053e+01,1.144575766461977976e-03,3.312107164349327348e+01,9.653086380675323142e+01,9.949080089591532783e+01,1.015295941564366160e+02,1.021416306462052006e+02,9.983656186233201879e+01,6.571163113920526655e+01,5.560045894376169429e+01,5.051138696497189073e+01,5.573503750862774808e+01,7.236102668044260611e+01
1.200000000000000000e+02,1.200000000000000000e+02,1.200000000000000000e+02,1.200000000000000000e+02,1.200000000000000000e+02,1.200000000000000000e+02,1.200000000000000000e+02,1.200000000000000000e+02,1.200000000000000000e+02,1.200000000000000000e+02,4.876926228813974890e-02,9.379096571692687689e+01,7.677644840994165065e+01,1.218780957179641791e-03,6.513232536329512357e+01,9.770604082113621303e+01,1.015131080955805487e+02,1.014041644700258473e+02,1.023038317581593333e+02,9.944540731510245735e+01,6.440174375479591617e+01,5.558044354522965591e+01,5.112215312819837720e+01,5.566553411863090872e+01,7.221154671051513674e+01
1.200000000000000000e+02,1.200000000000000000e+02,1.200000000000000000e+02,1.200000000000000000e+02,1.200000000000000000e+02,1.200000000000000000e+02,1.200000000000000000e+02,1.200000000000000000e+02,1.200000000000000000e+02,1.200000000000000000e+02,7.283820453381125049e+01,8.320240391230864674e+00,8.391996458212138066e+01,8.241685505879659956e+01,8.548289153886999259e+01,9.735839462902298180e+01,1.024559292293160553e+02,1.032314189877089206e+02,1.021383069701519730e+02,9.945462574375216036e+01,6.402905293833006795e+01,5.483066889674644528e+01,5.116768609978629456e+01,5.600293203737995640e+01,7.216208599638818555e+01
1.200000000000000000e+02,1.200000000000000000e+02,1.200000000000000000e+02,1.200000000000000000e+02,1.200000000000000000e+02,1.200000000000000000e+02,1.200000000000000000e+02,1.200000000000000000e+02,1.200000000000000000e+02,1.200000000000000000e+02,7.377193435482558925e+01,2.875217055053777906e-02,2.339130145655494264e+00,7.633562202595490476e+01,7.462663951179537491e+01,9.704486075498313369e+01,1.018481536091098292e+02,1.039323329966040319e+02,1.036683525443573188e+02,9.912704623908688006e+01,6.403759205873858207e+01,5.476238391002370776e+01,5.073642346714820661e+01,5.600606554188698283e+01,7.234987799837462319e+01
1.200000000000000000e+02,1.200000000000000000e+02,1.200000000000000000e+02,1.200000000000000000e+02,1.200000000000000000e+02,1.200000000000000000e+02,1.200000000000000000e+02,1.200000000000000000e+02,1.200000000000000000e+02,1.200000000000000000e+02,8.006473614599092059e+01,8.078519557528061196e-03,2.088573019535768438e+01,8.065592099972828066e+01,2.629823109634987333e+01,9.956598953023038234e+01,1.007862127815097324e+02,1.034258387807419410e+02,1.041868498761191546e+02,1.002934540569295763e+02,6.334080919501261775e+01,5.495774635864927404e+01,5.076269841501255087e+01,5.571550806176923487e+01,7.230065563535826811e+01
1.200000000000000000e+02,1.200000000000000000e+02,1.200000000000000000e+02,1.200000000000000000e+02,1.200000000000000000e+02,1.200000000000000000e+02,1.200000000000000000e+02,1.200000000000000000e+02,1.200000000000000000e+02,1.200000000000000000e+02,1.216884094612274980e-02,7.238811618727724806e+01,1.665780547650285381e+00,3.727442451496169092e-03,1.458608621221514490e+01,9.230007088374047441e+01,1.018785099818826865e+02,1.024867562828237055e+02,1.037919714363356860e+02,1.007673514257378287e+02,6.451639911616130973e+01,5.454416752234763521e+01,5.102993741434647745e+01,5.574430419036869466e+01,7.209526837810490463e+01
1.200000000000000000e+02,1.200000000000000000e+02,1.200000000000000000e+02,1.200000000000000000e+02,1.200000000000000000e+02,1.200000000000000000e+02,1.200000000000000000e+02,1.200000000000000000e+02,1.200000000000000000e+02,1.200000000000000000e+02,3.344325710573473032e+01,3.187572024117640672e-03,9.449706852314085381e+01,7.476284454477327007e-03,3.790987096504451870e+01,9.045353007977291782e+01,9.825518341330577243e+01,1.030710648297577023e+02,1.031052584913629460e+02,1.004415431219352115e+02,6.527836552656614799e+01,5.500533801005450840e+01,5.090457490567116139e+01,5.596075103819549668e+01,7.212652152158695174e+01
1.200000000000000000e+02,1.200000000000000000e+02,1.200000000000000000e+02,1.200000000000000000e+02,1.200000000000000000e+02,1.200000000000000000e+02,1.200000000000000000e+02,1.200000000000000000e+02,1.200000000000000000e+02,1.200000000000000000e+02,6.512820406540669183e+00,7.674280421878009406e+01,8.313380263881627741e+01,3.465956814560838262e-01,6.531509716069759008e+01,9.269918193733833789e+01,9.825782312207739722e+01,1.009372858574331815e+02,1.034811387583634996e+02,1.000162905693591711e+02,6.484200228100502272e+01,5.543466012593335535e+01,5.111084455603100452e+01,5.594224408758586264e+01,7.227544007644029023e+01
1.200000000000000000e+02,1.200000000000000000e+02,1.200000000000000000e+02,1.200000000000000000e+02,1.200000000000000000e+02,1.200000000000000000e+02,1.200000000000000000e+02,1.200000000000000000e+02,1.200000000000000000e+02,1.200000000000000000e+02,8.735914953496752844e+01,8.150394044011073902e+01,8.506426882342083218e+01,1.848522050989435776e-03,8.869560447847442219e+01,9.459123357059674220e+01,9.902058433009240446e+01,1.014033488007760582e+02,1.020869908854725736e+02,1.003572718224484959e+02,6.438116792686622603e+01,5.512125694876390725e+01,5.134032667547528916e+01,5.606888197993263390e+01,7.227609274699166519e+01
1.200000000000000000e+02,1.200000000000000000e+02,1.200000000000000000e+02,1.200000000000000000e+02,1.200000000000000000e+02,1.200000000000000000e+02,1.200000000000000000e+02,1.200000000000000000e+02,1.200000000000000000e+02,1.200000000000000000e+02,9.555457852331051063e-03,8.825747044373575534e+01,3.832100097123425364e-03,8.296035874570857516e+01,1.013554935546992652e+02,9.722471680309270425e+01,9.925108295335017772e+01,1.015362310389323284e+02,1.026542915072470237e+02,9.940745570971577649e+01,6.495220809747637247e+01,5.483030434997633762e+01,5.112479735019411464e+01,5.620827674772863247e+01,7.236845993750711159e+01
1.200000000000000000e+02,1.200000000000000000e+02,1.200000000000000000e+02,1.200000000000000000e+02,1.200000000000000000e+02,1.200000000000000000e+02,1.200000000000000000e+02,1.200000000000000000e+02,1.200000000000000000e+02,1.200000000000000000e+02,3.633743240619609072e+00,8.940633268032821945e+01,1.036500701751625364e+01,2.661194264296244585e-03,8.331224706544520586e+01,1.024941773577387067e+02,1.000922976277218766e+02,1.012194422991762224e+02,1.025045934036164397e+02,9.984402217665231660e+01,6.406217194910568935e+01,5.523674220589703765e+01,5.090976794173408138e+01,5.606377124890319408e+01,7.243781928464836994e+01
1.200000000000000000e+02,1.200000000000000000e+02,1.200000000000000000e+02,1.200000000000000000e+02,1.200000000000000000e+02,1.200000000000000000e+02,1.200000000000000000e+02,1.200000000000000000e+02,1.200000000000000000e+02,1.200000000000000000e+02,4.690220544701875077e-02,5.949958812838076344e-03,1.240243687110713540e-02,5.698208474397266875e-03,6.779948163978237119e+01,1.052220138662649447e+02,1.030472864152127812e+02,1.014934132202184998e+02,1.019697072699155029e+02,9.962433430457267036e+01,6.450597990313522700e+01,5.497708181634652647e+01,5.113802459589105354e+01,5.591428100646582777e+01,7.232082812164466645e+01
1.200000000000000000e+02,1.200000000000000000e+02,1.200000000000000000e+02,1.200000000000000000e+02,1.200000000000000000e+02,1.200000000000000000e+02,1.200000000000000000e+02,1.200000000000000000e+02,1.200000000000000000e+02,1.200000000000000000e+02,8.211810541890517356e+01,1.283766635040208826e+01,7.664717791460797969e+01,2.260760968782127116e-03,7.926452453755909744e+01,9.389953543179574069e+01,1.054567928444602387e+02,1.033241272361630791e+02,1.020274802595202175e+02,9.891027641857269259e+01,6.426674832929735715e+01,5.525202163934699939e+01,5.111442934238760216e+01,5.603998981978752170e+01,7.222190419062847866e+01
1.200000000000000000e+02,1.200000000000000000e+02,1.200000000000000000e+02,1.200000000000000000e+02,1.200000000000000000e+02,1.200000000000000000e+02,1.200000000000000000e+02,1.200000000000000000e+02,1.200000000000000000e+02,1.200000000000000000e+02,8.310487380225167442e+01,1.603530028868842194e+01,7.568408386903692531e+01,2.154761276030057581e-03,9.023891797281913796e+01,9.309034573850345851e+01,9.967125984652257387e+01,1.052402507781215775e+02,1.032022132508330259e+02,9.881553413036881750e+01,6.298921708343321768e+01,5.523220673474590114e+01,5.130246704122075840e+01,5.605524352615096007e+01,7.230257375511074258e+01
1.200000000000000000e+02,1.200000000000000000e+02,1.200000000000000000e+02,1.200000000000000000e+02,1.200000000000000000e+02,1.200000000000000000e+02,1.200000000000000000e+02,1.200000000000000000e+02,1.200000000000000000e+02,1.200000000000000000e+02,9.830749938195527948e-03,7.716824831136798934e+01,8.271066403927876820e+01,2.122020467614661472e-03,9.870257785057638955e+01,9.711403393169428000e+01,9.849743036306423960e+01,1.020010643555689143e+02,1.046542589982896203e+02,9.957981709005154869e+01,6.247909074968627152e+01,5.442952510822357226e+01,5.138920929101600876e+01,5.617176435875560259e+01,7.231063122842301993e+01
1.200000000000000000e+02,1.200000000000000000e+02,1.200000000000000000e+02,1.200000000000000000e+02,1.200000000000000000e+02,1.200000000000000000e+02,1.200000000000000000e+02,1.200000000000000000e+02,1.200000000000000000e+02,1.200000000000000000e+02,9.041581761774413195e+00,6.986376586741764072e+01,9.183365874642453264e+01,1.968939498474951266e-03,1.011062797073091986e+02,1.014149744351842628e+02,1.002479377625822821e+02,1.011136177453557821e+02,1.027765108374452581e+02,1.006421582717654530e+02,6.312843254136220850e+01,5.394846303221720518e+01,5.101215828963037069e+01,5.626074807397599642e+01,7.239239109553163587e+01
1.200000000000000000e+02,1.200000000000000000e+02,1.200000000000000000e+02,1.200000000000000000e+02,1.200000000000000000e+02,1.200000000000000000e+02,1.200000000000000000e+02,1.200000000000000000e+02,1.200000000000000000e+02,1.200000000000000000e+02,3.438854612025367175e+01,7.179215736275028803e+01,9.113314485489155459e+01,1.907104066174135143e-03,9.682147916309358493e+01,1.039691126688127554e+02,1.024801945377137997e+02,1.019363014749594498e+02,1.022304021486148997e+02,9.958185353260059003e+01,6.419729499015882368e+01,5.412794584830622568e+01,5.074650523850775130e+01,5.609222326594277064e+01,7.244538517034656877e+01
1.200000000000000000e+02,1.200000000000000000e+02,1.200000000000000000e+02,1.200000000000000000e+02,1.200000000000000000e+02,1.200000000000000000e+02,1.200000000000000000e+02,1.200000000000000000e+02,1.200000000000000000e+02,1.200000000000000000e+02,1.075389785982315694e+01,7.993156690584866908e+01,1.858900446160678200e-03,8.422224127561587181e+01,9.104474708223057178e+01,1.029033322739144580e+02,1.045205703135234643e+02,1.030224937729471435e+02,1.026309207778835741e+02,9.926566651851618417e+01,6.325589502090049621e+01,5.444318063275878217e+01,5.082627724500536459e+01,5.598883008190438915e+01,7.234775855614185502e+01
1.200000000000000000e+02,1.200000000000000000e+02,1.200000000000000000e+02,1.200000000000000000e+02,1.200000000000000000e+02,1.200000000000000000e+02,1.200000000000000000e+02,1.200000000000000000e+02,1.200000000000000000e+02,1.200000000000000000e+02,8.331504396266133483e+01,1.420056767049361277e-02,3.805262273292496066e-03,8.319091358181997009e+01,6.069766637673039611e+01,9.985530239902362837e+01,1.045273744451114055e+02,1.045629614794610234e+02,1.030521886031942103e+02,9.952171752591840459e+01,6.296810647959156171e+01,5.387523982189441796e+01,5.088604397039605942e+01,5.608254866578693765e+01,7.231935505924258223e+01
1.200000000000000000e+02,1.200000000000000000e+02,1.200000000000000000e+02,1.200000000000000000e+02,1.200000000000000000e+02,1.200000000000000000e+02,1.200000000000000000e+02,1.200000000000000000e+02,1.200000000000000000e+02,1.200000000000000000e+02,7.902067241725164592e+01,7.495058185429187780e+00,1.180890648402720469e-02,2.932497141483747516e-03,4.379551058577943934e+01,9.736564242271529679e+01,1.028550409673408836e+02,1.049816580237143882e+02,1.041938861054443208e+02,9.952015311422564992e+01,6.336735308700941260e+01,5.370733559192017736e+01,5.049074145809679948e+01,5.611038598608049455e+01,7.241207480289045861e+01
1.200000000000000000e+02,1.200000000000000000e+02,1.200000000000000000e+02,1.200000000000000000e+02,1.200000000000000000e+02,1.200000000000000000e+02,1.200000000000000000e+02,1.200000000000000000e+02,1.200000000000000000e+02,1.200000000000000000e+02,8.021793202001597026e-03,6.550957051118266428e+00,1.961885195997340250e-02,4.656938798044861320e-03,7.069195498112054565e+01,9.050959628083764130e+01,1.012430278027210875e+02,1.040843782195591558e+02,1.047656700390664497e+02,1.003064746858548517e+02,6.302923974264776774e+01,5.402572274883558379e+01,5.034216367012400184e+01,5.586133664501604557e+01,7.243624131943732891e+01
1.200000000000000000e+02,1.200000000000000000e+02,1.200000000000000000e+02,1.200000000000000000e+02,1.200000000000000000e+02,1.200000000000000000e+02,1.200000000000000000e+02,1.200000000000000000e+02,1.200000000000000000e+02,1.200000000000000000e+02,1.322295551061662168e-02,3.478237539476868468e-03,7.878166095318404893e-03,1.055228996697043717e-02,8.756949803004214061e+01,9.035381779550850467e+01,9.763372299831267753e+01,1.030739473980391381e+02,1.043283841564285979e+02,1.010210012220690174e+02,6.359805121717840137e+01,5.373669346062358443e+01,5.054724351976877017e+01,5.576678540462904721e+01,7.228357071372843734e+01
1.200000000000000000e+02,1.200000000000000000e+02,1.200000000000000000e+02,1.200000000000000000e+02,1.200000000000000000e+02,1.200000000000000000e+02,1.200000000000000000e+02,1.200000000000000000e+02,1.200000000000000000e+02,1.200000000000000000e+02,5.779260500226543584e+00,7.315977497200472612e+01,2.506597717218413731e-03,1.520923976372363384e+01,1.002995604227595123e+02,9.460622925669366623e+01,9.688711185860894659e+01,1.009325466397707771e+02,1.037431179224231528e+02,1.009348703567614507e+02,6.473331066119210675e+01,5.370910368818664438e+01,5.038785672436132757e+01,5.590677090621208123e+01,7.224931646352186476e+01
1.200000000000000000e+02,1.200000000000000000e+02,1.200000000000000000e+02,1.200000000000000000e+02,1.200000000000000000e+02,1.200000000000000000e+02,1.200000000000000000e+02,1.200000000000000000e+02,1.200000000000000000e+02,1.200000000000000000e+02,2.573358334206574227e+01,7.257479819459351233e+01,2.183087739484412728e-03,3.305563725002954101e+01,1.067994193685675555e+02,1.011269174122843566e+02,9.807416199456979200e+01,1.000462043393947766e+02,1.024171468474575306e+02,1.006768920592088676e+02,6.506964844482000387e+01,5.421495110883865465e+01,5.021204615174552544e+01,5.582669401349235017e+01,7.235675559073267493e+01
1.200000000000000000e+02,1.200000000000000000e+02,1.200000000000000000e+02,1.200000000000000000e+02,1.200000000000000000e+02,1.200000000000000000e+02,1.200000000000000000e+02,1.200000000000000000e+02,1.200000000000000000e+02,1.200000000000000000e+02,7.590699925274297932e+00,7.891713388581126765e+01,2.662857772347029025e-03,5.730255362672276220e+01,1.041897551569994107e+02,1.062665950228575724e+02,1.017180718019446601e+02,1.000863659585560583e+02,1.015415368817718331e+02,9.991345073134395705e+01,6.510615825606697626e+01,5.448147676065992329e+01,5.033161872592195607e+01,5.568393757368507124e+01,7.231266055077725241e+01
1.200000000000000000e+02,1.200000000000000000e+02,1.200000000000000000e+02,1.200000000000000000e+02,1.200000000000000000e+02,1.200000000000000000e+02,1.200000000000000000e+02,1.200000000000000000e+02,1.200000000000000000e+02,1.200000000000000000e+02,1.382884648974185351e-02,8.706274698475061768e+01,3.512636781792232051e-03,7.508758184112822676e+01,9.692769503833271472e+01,1.067834106476812366e+02,1.054932942587469569e+02,1.021786357645742385e+02,1.011015745429471764e+02,9.907549435393285364e+01,6.467421936041822050e+01,5.463267788608310838e+01,5.038416554182717988e+01,5.569393469321848045e+01,7.223146907166326969e+01
1.200000000000000000e+02,1.200000000000000000e+02,1.200000000000000000e+02,1.200000000000000000e+02,1.200000000000000000e+02,1.200000000000000000e+02,1.200000000000000000e+02,1.200000000000000000e+02,1.200000000000000000e+02,1.200000000000000000e+02,6.388258196344163975e-02,9.447231403720006426e+01,4.390172497648520827e-03,6.836074038477003967e+01,9.335395943465306345e+01,1.028668859659039612e+02,1.068129296688770182e+02,1.048614571066937202e+02,1.022848819351729475e+02,9.834671057477163458e+01,6.366919742967992590e+01,5.473344964854963735e+01,5.039752768037144648e+01,5.565660958843369599e+01,7.223157463647369525e+01
1.200000000000000000e+02,1.200000000000000000e+02,1.200000000000000000e+02,1.200000000000000000e+02,1.200000000000000000e+02,1.200000000000000000e+02,1.200000000000000000e+02,1.200000000000000000e+02,1.200000000000000000e+02,1.200000000000000000e+02,7.350966707761115515e+01,9.334383357534871806e+00,7.810393652891133343e+01,5.555496542413681027e+01,9.421185221436398649e+01,9.942546259113359497e+01,1.047444299676615600e+02,1.062902481937339445e+02,1.041327944263260008e+02,9.887071591770973100e+01,6.233590489230191167e+01,5.445712057624539426e+01,5.051211838186587499e+01,5.558662454554644938e+01,7.218358104528901720e+01
1.200000000000000000e+02,1.200000000000000000e+02,1.200000000000000000e+02,1.200000000000000000e+02,1.200000000000000000e+02,1.200000000000000000e+02,1.200000000000000000e+02,1.200000000000000000e+02,1.200000000000000000e+02,1.200000000000000000e+02,7.381561475191109878e+01,2.016830574070261761e+01,8.121585782537917453e+01,2.137513377814116566e+01,9.602878111418431217e+01,9.900746022666001522e+01,1.021960134956592867e+02,1.053155089074284945e+02,1.054133238532468226e+02,1.000811402698459887e+02,6.231872168771781162e+01,5.374959702060279909e+01,5.051924786969762948e+01,5.561767913479020109e+01,7.211561581874235571e+01
1.200000000000000000e+02,1.200000000000000000e+02,1.200000000000000000e+02,1.200000000000000000e+02,1.200000000000000000e+02,1.200000000000000000e+02,1.200000000000000000e+02,1.200000000000000000e+02,1.200000000000000000e+02,1.200000000000000000e+02,8.005228679317141882e+01,5.032161966022017860e-03,5.126454669003584208e-03,1.205028306567427343e+01,9.541090396708278831e+01,1.002516500114957552e+02,1.015795324616768767e+02,1.035964830156483885e+02,1.051064554775728084e+02,1.011465654478871983e+02,6.330846902086315708e+01,5.352152655339799026e+01,5.027956464872693942e+01,5.564545837491619551e+01,7.212027919682115851e+01
1.200000000000000000e+02,1.200000000000000000e+02,1.200000000000000000e+02,1.200000000000000000e+02,1.200000000000000000e+02,1.200000000000000000e+02,1.200000000000000000e+02,1.200000000000000000e+02,1.200000000000000000e+02,1.200000000000000000e+02,1.306782857438761741e-02,7.253090049025334451e+01,3.736738467721222295e-03,3.501658175192169153e+01,9.462382461078293261e+01,1.000309132892146238e+02,1.022937690069112051e+02,1.030632793853108637e+02,1.040571028777485054e+02,1.013213343284927390e+02,6.442858636272653428e+01,5.374715001147810511e+01,5.019938246735870280e+01,5.557021501776326033e+01,7.213524951383627126e+01
1.200000000000000000e+02,1.200000000000000000e+02,1.200000000000000000e+02,1.200000000000000000e+02,1.200000000000000000e+02,1.200000000000000000e+02,1.200000000000000000e+02,1.200000000000000000e+02,1.200000000000000000e+02,1.200000000000000000e+02,1.962100582836580287e+01,6.848844005255306372e-03,4.315672018378438092e-03,6.254337892669520471e+01,9.439883488761124397e+01,1.006495607826865211e+02,1.020034944432845521e+02,1.034238717164345758e+02,1.036794464419511144e+02,1.008798429499547638e+02,6.502379140931795121e+01,5.398544424226917471e+01,5.026715348262124650e+01,5.558808822416750672e+01,7.210888840223164209e+01
1.200000000000000000e+02,1.200000000000000000e+02,1.200000000000000000e+02,1.200000000000000000e+02,1.200000000000000000e+02,1.200000000000000000e+02,1.200000000000000000e+02,1.200000000000000000e+02,1.200000000000000000e+02,1.200000000000000000e+02,2.198889569877552219e+01,7.466526618943711924e+01,3.345207291104571219e-03,8.634844631477928090e+01,9.464738389895207149e+01,1.004967223739391073e+02,1.028434426190401325e+02,1.030243347699634313e+02,1.038317996626901589e+02,1.007248093563146796e+02,6.510987982965012577e+01,5.413227744798957275e+01,5.021232466434521768e+01,5.566181810269419827e+01,7.215789077304243904e+01
1.200000000000000000e+02,1.200000000000000000e+02,1.200000000000000000e+02,1.200000000000000000e+02,1.200000000000000000e+02,1.200000000000000000e+02,1.200000000000000000e+02,1.200000000000000000e+02,1.200000000000000000e+02,1.200000000000000000e+02,8.429638733997495592e+01,8.226182601922340609e+01,7.854596436025479989e+01,9.939091857159957044e+01,9.674623970034924980e+01,9.990690248765211834e+01,1.027235364266357465e+02,1.038354274823101093e+02,1.033688499687692683e+02,1.008045957501572474e+02,6.536081865663497581e+01,5.431602507787148681e+01,5.006751879945115746e+01,5.559589010369571582e+01,7.222633713531817534e+01
1.200000000000000000e+02,1.200000000000000000e+02,1.200000000000000000e+02,1.200000000000000000e+02,1.200000000000000000e+02,1.200000000000000000e+02,1.200000000000000000e+02,1.200000000000000000e+02,1.200000000000000000e+02,1.200000000000000000e+02,7.964727935121045732e+01,1.194931330492284394e+00,7.587369460360994822e+01,7.369374123918079533e+01,1.016122370867805103e+02,1.002591322659461781e+02,1.020472901458871746e+02,1.037201594101840953e+02,1.040887988961971331e+02,1.003302086803718680e+02,6.564272398370094663e+01,5.472203411299587117e+01,5.004274814294374352e+01,5.542562882442323513e+01,7.218029740433367181e+01
1.200000000000000000e+02,1.200000000000000000e+02,1.200000000000000000e+02,1.200000000000000000e+02,1.200000000000000000e+02,1.200000000000000000e+02,1.200000000000000000e+02,1.200000000000000000e+02,1.200000000000000000e+02,1.200000000000000000e+02,1.375525457133807208e-02,7.360591152085920186e+00,5.214756872003043636e-03,3.700952049416403611e+01,1.033360702311784678e+02,1.027219635839098686e+02,1.019682560244757212e+02,1.030871866582240983e+02,1.039691421225906964e+02,1.009218502601291050e+02,6.503266912439096359e+01,5.509812251005153882e+01,5.024838029850094046e+01,5.532666990990070133e+01,7.205432442355198930e+01
1.200000000000000000e+02,1.200000000000000000e+02,1.200000000000000000e+02,1.200000000000000000e+02,1.200000000000000000e+02,1.200000000000000000e+02,1.200000000000000000e+02,1.200000000000000000e+02,1.200000000000000000e+02,1.200000000000000000e+02,1.241692403100335546e-02,1.519405394545638929e-02,6.431759129798218615e-03,5.311979099264804915e+01,9.466045567241442882e+01,1.042758812854669088e+02,1.033563043246270325e+02,1.029219051129443301e+02,1.034000611223582240e+02,1.008805307825544872e+02,6.576270116079818706e+01,5.488193018021259917e+01,5.048263970535476375e+01,5.538208161400870466e+01,7.197260848098383690e+01
1.200000000000000000e+02,1.200000000000000000e+02,1.200000000000000000e+02,1.200000000000000000e+02,1.200000000000000000e+02,1.200000000000000000e+02,1.200000000000000000e+02,1.200000000000000000e+02,1.200000000000000000e+02,1.200000000000000000e+02,1.136210185619308116e-02,7.316909963631407265e+01,7.048374013411509362e-03,7.785052044209572841e+01,9.020696301136354123e+01,1.003784783007452148e+02,1.045432784416008616e+02,1.037312327427114695e+02,1.032576031289551537e+02,1.003316917987514501e+02,6.595524617498831788e+01,5.531850500105343116e+01,5.040687334004160647e+01,5.546610964433314450e+01,7.198811936563981817e+01
1.200000000000000000e+02,1.200000000000000000e+02,1.200000000000000000e+02,1.200000000000000000e+02,1.200000000000000000e+02,1.200000000000000000e+02,1.200000000000000000e+02,1.200000000000000000e+02,1.200000000000000000e+02,1.200000000000000000e+02,2.064116935764182159e+01,7.329865744256180449e+01,6.588863031811276194e-03,9.154804603791639295e+01,9.241487460810051857e+01,9.794988914885541931e+01,1.026567780604452480e+02,1.045743330028519722e+02,1.037268082465383969e+02,1.002219936353158403e+02,6.517783397005941026e+01,5.561767998635917110e+01,5.063146009462801089e+01,5.538796616179184440e+01,7.201428261386794816e+01
1.200000000000000000e+02,1.200000000000000000e+02,1.200000000000000000e+02,1.200000000000000000e+02,1.200000000000000000e+02,1.200000000000000000e+02,1.200000000000000000e+02,1.200000000000000000e+02,1.200000000000000000e+02,1.200000000000000000e+02,1.352835564041311223e+00,8.191326819801797399e+01,5.455982236135690708e-03,1.015100265702106697e+02,9.655619296293669152e+01,9.785068553617615805e+01,1.012604303549644840e+02,1.036739298795601059e+02,1.042872584003386294e+02,1.005144268954134219e+02,6.497503729895601055e+01,5.524418557450457001e+01,5.085882981647608148e+01,5.547516194023674529e+01,7.194022702035181283e+01
1.200000000000000000e+02,1.200000000000000000e+02,1.200000000000000000e+02,1.200000000000000000e+02,1.200000000000000000e+02,1.200000000000000000e+02,1.200000000000000000e+02,1.200000000000000000e+02,1.200000000000000000e+02,1.200000000000000000e+02,9.577573886418050755e-03,9.081526746695330132e+01,5.076517003549678789e-03,1.026009096528821374e+02,1.024054402776032049e+02,9.917233401970557338e+01,1.005527300674522024e+02,1.028902531029969509e+02,1.039067041934530664e+02,1.008443983051388528e+02,6.531959446888281207e+01,5.514286666010740134e+01,5.070479494674320620e+01,5.559013818389959027e+01,7.197834420016720003e+01
1.200000000000000000e+02,1.200000000000000000e+02,1.200000000000000000e+02,1.200000000000000000e+02,1.200000000000000000e+02,1.200000000000000000e+02,1.200000000000000000e+02,1.200000000000000000e+02,1.200000000000000000e+02,1.200000000000000000e+02,1.202472701882324919e-02,6.028350338699630662e+00,5.903507760940228041e-03,9.471791616495237065e+01,1.049274898385843358e+02,1.027782544296597820e+02,1.007623670552113140e+02,1.020568108037086574e+02,1.035058966975707904e+02,1.007445686968900134e+02,6.558677517370657029e+01,5.539610678650180375e+01,5.066956051026502195e+01,5.548942740815444807e+01,7.202139249004198973e+01
1.200000000000000000e+02,1.200000000000000000e+02,1.200000000000000000e+02,1.200000000000000000e+02,1.200000000000000000e+02,1.200000000000000000e+02,1.200000000000000000e+02,1.200000000000000000e+02,1.200000000000000000e+02,1.200000000000000000e+02,7.366537079787241282e+01,1.995322530592367727e+01,8.529275458709274460e+01,8.731504168000365951e+01,1.020539441648401322e+02,1.050606147516499362e+02,1.030505595260290335e+02,1.017953476015058101e+02,1.027070482230159314e+02,1.006067211041932268e+02,6.561628397508162891e+01,5.549388147597920096e+01,5.086275446117657140e+01,5.546314682040704014e+01,7.193457816846104436e+01
1.200000000000000000e+02,1.200000000000000000e+02,1.200000000000000000e+02,1.200000000000000000e+02,1.200000000000000000e+02,1.200000000000000000e+02,1.200000000000000000e+02,1.200000000000000000e+02,1.200000000000000000e+02,1.200000000000000000e+02,7.532285082371934948e+01,6.605037668600181530e-03,1.277401569051433583e+01,7.612441008899723727e+01,9.778352112963544585e+01,1.040052127865391185e+02,1.048240950799466447e+02,1.032658624781439869e+02,1.022561767938949515e+02,9.990039245993983741e+01,6.573408546954685505e+01,5.551305640265553620e+01,5.092481146851028484e+01,5.559034289079072977e+01,7.191620013344660833e+01
1.200000000000000000e+02,1.200000000000000000e+02,1.200000000000000000e+02,1.200000000000000000e+02,1.200000000000000000e+02,1.200000000000000000e+02,1.200000000000000000e+02,1.200000000000000000e+02,1.200000000000000000e+02,1.200000000000000000e+02,8.285082633124378049e+01,7.930846958253269463e+01,2.649142322454608944e+01,8.224856221092659325e+01,9.655543617119212740e+01,1.015445755955699951e+02,1.045522449270942360e+02,1.045321018328351101e+02,1.032029117194761056e+02,9.931673767578458012e+01,6.490741155465343581e+01,5.573393018934434195e+01,5.091353811981060318e+01,5.562506105418809454e+01,7.199478910856174707e+01
1.200000000000000000e+02,1.200000000000000000e+02,1.200000000000000000e+02,1.200000000000000000e+02,1.200000000000000000e+02,1.200000000000000000e+02,1.200000000000000000e+02,1.200000000000000000e+02,1.200000000000000000e+02,1.200000000000000000e+02,1.569441167357972164e-02,7.078973769017369477e+01,1.515791916087788138e+01,9.371367588021990969e+01,9.372433659186992827e+01,1.006307285730019885e+02,1.032105307542159380e+02,1.045939925326731839e+02,1.040407108738241391e+02,9.987859644960586536e+01,6.385687755878619498e+01,5.544880238267451489e+01,5.107058345641538466e+01,5.559849768578263252e+01,7.200456440261207547e+01
1.200000000000000000e+02,1.200000000000000000e+02,1.200000000000000000e+02,1.200000000000000000e+02,1.200000000000000000e+02,1.200000000000000000e+02,1.200000000000000000e+02,1.200000000000000000e+02,1.200000000000000000e+02,1.200000000000000000e+02,1.682119408898472912e+01,6.482962930625103121e-03,8.042420568827866878e-02,9.987377363804606034e+01,9.857303974358238463e+01,9.841887525976353857e+01,1.026239095071053953e+02,1.039739792151694644e+02,1.042172831432158375e+02,1.003931920677970169e+02,6.420469064173292395e+01,5.484208320788959412e+01,5.103094338423886711e+01,5.568470901573714116e+01,7.197666976624050506e+01
1.200000000000000000e+02,1.200000000000000000e+02,1.200000000000000000e+02,1.200000000000000000e+02,1.200000000000000000e+02,1.200000000000000000e+02,1.200000000000000000e+02,1.200000000000000000e+02,1.200000000000000000e+02,1.200000000000000000e+02,8.212968337905117266e+00,8.319427328945016598e+01,8.406135494879413272e+01,1.001216141006303531e+02,1.020142275034131387e+02,1.008984271562118806e+02,1.008354900455405243e+02,1.036545520929074371e+02,1.040599404689020560e+02,1.005456666778872830e+02,6.460750406394757306e+01,5.490481405111810176e+01,5.078692607627863964e+01,5.569480046527350936e+01,7.202168591258885044e+01
1.200000000000000000e+02,1.200000000000000000e+02,1.200000000000000000e+02,1.200000000000000000e+02,1.200000000000000000e+02,1.200000000000000000e+02,1.200000000000000000e+02,1.200000000000000000e+02,1.200000000000000000e+02,1.200000000000000000e+02,8.414069973282832393e+01,1.526610510233669150e-02,8.473835818832152711e+01,7.732960678069625260e+01,1.036448164543477901e+02,1.028332459209087801e+02,1.022300905441087906e+02,1.022007084557940715e+02,1.039399142776268690e+02,1.006967224728765160e+02,6.462248339262957586e+01,5.497683600999582154e+01,5.084799171698667664e+01,5.560377825126377616e+01,7.202186806672865771e+01
1.200000000000000000e+02,1.200000000000000000e+02,1.200000000000000000e+02,1.200000000000000000e+02,1.200000000000000000e+02,1.200000000000000000e+02,1.200000000000000000e+02,1.200000000000000000e+02,1.200000000000000000e+02,1.200000000000000000e+02,5.883241069719366223e+00,1.527102984141846420e+00,8.708767908398204818e-03,5.237356820714840921e+01,1.017046820030160035e+02,1.044173631942992557e+02,1.032716306524585832e+02,1.030419821793796871e+02,1.027633847369294813e+02,1.007805368492130214e+02,6.503158174925555102e+01,5.475036653734365899e+01,5.088400495683060143e+01,5.568727132320031359e+01,7.198055042548595850e+01
1.200000000000000000e+02,1.200000000000000000e+02,1.200000000000000000e+02,1.200000000000000000e+02,1.200000000000000000e+02,1.200000000000000000e+02,1.200000000000000000e+02,1.200000000000000000e+02,1.200000000000000000e+02,1.200000000000000000e+02,2.238177060818054981e-02,6.042775811857163323e-03,2.159205022688664641e-02,7.197128659604692302e+01,9.257541234231808858e+01,1.039023374714258807e+02,1.045495522143082070e+02,1.035341731979392250e+02,1.033049324305822978e+02,9.983938742635216101e+01,6.549770973040175193e+01,5.489748253163308078e+01,5.066725173483730060e+01,5.574513996468973431e+01,7.206149193058179492e+01
1.200000000000000000e+02,1.200000000000000000e+02,1.200000000000000000e+02,1.200000000000000000e+02,1.200000000000000000e+02,1.200000000000000000e+02,1.200000000000000000e+02,1.200000000000000000e+02,1.200000000000000000e+02,1.200000000000000000e+02,1.069812204412109828e-02,6.122409971656288946e-03,1.282548556883882540e+01,8.941630526959860958e+01,8.975884597297449830e+01,9.848126063289842591e+01,1.046685988271988634e+02,1.044791899923337724e+02,1.034680753171176519e+02,1.001405608386027950e+02,6.444666397441577033e+01,5.528508021193553645e+01,5.064393353544618748e+01,5.561480671702177858e+01,7.210978861049935063e+01
1.200000000000000000e+02,1.200000000000000000e+02,1.200000000000000000e+02,1.200000000000000000e+02,1.200000000000000000e+02,1.200000000000000000e+02,1.200000000000000000e+02,1.200000000000000000e+02,1.200000000000000000e+02,1.200000000000000000e+02,7.740483286602791238e-03,9.507307658084437207e+01,4.537237564442184379e+01,1.017787719813543248e+02,9.588431508267389347e+01,9.669704098578388596e+01,1.012252152467658561e+02,1.048871760994354645e+02,1.041177703919908879e+02,1.001742467867688475e+02,6.459182408109809614e+01,5.484618438396334739e+01,5.083948706542235385e+01,5.557478348004549673e+01,7.203248420523696893e+01
1.200000000000000000e+02,1.200000000000000000e+02,1.200000000000000000e+02,1.200000000000000000e+02,1.200000000000000000e+02,1.200000000000000000e+02,1.200000000000000000e+02,1.200000000000000000e+02,1.200000000000000000e+02,1.200000000000000000e+02,1.088969206717971087e-02,9.629672074396334835e+01,2.144207248391137810e+01,1.061766395113680232e+02,1.021841307898487514e+02,9.919263306083418286e+01,1.001178882680107876e+02,1.026309447331814226e+02,1.046418810713811069e+02,1.005322027374228497e+02,6.459627534125650072e+01,5.486287985501896003e+01,5.065740415041066314e+01,5.567195850864766982e+01,7.201381802403412280e+01
1.200000000000000000e+02,1.200000000000000000e+02,1.200000000000000000e+02,1.200000000000000000e+02,1.200000000000000000e+02,1.200000000000000000e+02,1.200000000000000000e+02,1.200000000000000000e+02,1.200000000000000000e+02,1.200000000000000000e+02,4.521773245055826958e-03,1.047665849077486939e+02,6.265400047447217347e+00,9.709296251207298667e+01,1.061582724181891990e+02,1.025355003697823264e+02,1.011109026670579141e+02,1.019905493577051203e+02,1.031473793474891778e+02,1.011092744353788220e+02,6.476191509776880650e+01,5.488547349742823656e+01,5.065082771508778592e+01,5.557401404703905001e+01,7.207039181647199655e+01
1.200000000000000000e+02,1.200000000000000000e+02,1.200000000000000000e+02,1.200000000000000000e+02,1.200000000000000000e+02,1.200000000000000000e+02,1.200000000000000000e+02,1.200000000000000000e+02,1.200000000000000000e+02,1.200000000000000000e+02,7.572361606502252609e-03,5.510341468569945889e-02,1.018361222029908267e-02,9.047788323628645912e+01,1.023337237826917772e+02,1.055569350031765623e+02,1.028325085139899784e+02,1.022841789422552665e+02,1.028186272256208298e+02,1.001805284456999914e+02,6.556500616529230285e+01,5.482107333406793970e+01,5.069598528138966742e+01,5.556546064099483573e+01,7.200370343210045121e+01
1.200000000000000000e+02,1.200000000000000000e+02,1.200000000000000000e+02,1.200000000000000000e+02,1.200000000000000000e+02,1.200000000000000000e+02,1.200000000000000000e+02,1.200000000000000000e+02,1.200000000000000000e+02,1.200000000000000000e+02,3.904984450758227504e-02,7.513067597936702313e+00,7.569234698757021818e+00,9.166437376896912781e+01,9.893911590725282679e+01,1.037824412059881212e+02,1.050255863008880652e+02,1.030608771638513588e+02,1.027804464303968075e+02,9.998756355211112634e+01,6.482148039895449187e+01,5.515401418473774697e+01,5.061945820758758430e+01,5.561163125114416061e+01,7.200968163777774578e+01
1.200000000000000000e+02,1.200000000000000000e+02,1.200000000000000000e+02,1.200000000000000000e+02,1.200000000000000000e+02,1.200000000000000000e+02,1.200000000000000000e+02,1.200000000000000000e+02,1.200000000000000000e+02,1.200000000000000000e+02,7.756508830907850438e+01,2.009745063062810116e-02,6.109361118807344582e+01,9.436184965380105893e+01,9.959869780380759607e+01,1.021534652146628304e+02,1.041851894885342347e+02,1.046173335928208559e+02,1.029966119350387856e+02,9.983113411212816857e+01,6.466833053170761048e+01,5.491038957863397485e+01,5.070077969269843265e+01,5.556391562939161588e+01,7.204448248202344018e+01
1.200000000000000000e+02,1.200000000000000000e+02,1.200000000000000000e+02,1.200000000000000000e+02,1.200000000000000000e+02,1.200000000000000000e+02,1.200000000000000000e+02,1.200000000000000000e+02,1.200000000000000000e+02,1.200000000000000000e+02,8.107956724271967630e+01,1.119370269071128660e-02,7.415088781917212657e+01,9.860720804108109405e+01,1.006192190251672116e+02,1.026640399187317740e+02,1.035903458774239283e+02,1.042184604549444344e+02,1.040835005245957063e+02,9.965150139036184385e+01,6.446500902124351740e+01,5.493998734867695788e+01,5.058798180942833511e+01,5.557299311984944978e+01,7.201544312317054164e+01
1.200000000000000000e+02,1.200000000000000000e+02,1.200000000000000000e+02,1.200000000000000000e+02,1.200000000000000000e+02,1.200000000000000000e+02,1.200000000000000000e+02,1.200000000000000000e+02,1.200000000000000000e+02,1.200000000000000000e+02,1.165532961167520254e-02,7.877563361070615144e+01,9.198892909943242557e+01,9.293310250370305425e+01,1.028156361289710077e+02,1.029380699345095422e+02,1.040790009539939831e+02,1.042275785270051074e+02,1.038948228827072313e+02,1.003509534261346658e+02,6.380219462459886870e+01,5.495492176987832522e+01,5.064084834466043361e+01,5.549933718448687614e+01,7.201630575752564312e+01
1.200000000000000000e+02,1.200000000000000000e+02,1.200000000000000000e+02,1.200000000000000000e+02,1.200000000000000000e+02,1.200000000000000000e+02,1.200000000000000000e+02,1.200000000000000000e+02,1.200000000000000000e+02,1.200000000000000000e+02,5.562098898428163629e+00,7.282895980724683227e+01,6.511774106402582163e+01,9.795972613364696713e+01,9.840643656825066898e+01,1.042770752527581095e+02,1.039995946145278083e+02,1.047257918683685745e+02,1.042267897585634131e+02,1.003166418891037637e+02,6.423801026193800112e+01,5.447732869381963638e+01,5.074233611093997354e+01,5.553148487295887747e+01,7.196228051168276352e+01
1.200000000000000000e+02,1.200000000000000000e+02,1.200000000000000000e+02,1.200000000000000000e+02,1.200000000000000000e+02,1.200000000000000000e+02,1.200000000000000000e+02,1.200000000000000000e+02,1.200000000000000000e+02,1.200000000000000000e+02,1.744755974675315358e+01,1.148842183606672840e-02,1.808958460618471520e+01,1.015430790043257048e+02,1.007252271426727361e+02,1.008694967062734520e+02,1.049103765140099114e+02,1.044846585265604233e+02,1.047349873154630018e+02,1.007727481498615987e+02,6.425118279977252200e+01,5.442647623351226116e+01,5.052566015713355085e+01,5.562312806576523627e+01,7.198973239632898924e+01
1.200000000000000000e+02,1.200000000000000000e+02,1.200000000000000000e+02,1.200000000000000000e+02,1.200000000000000000e+02,1.200000000000000000e+02,1.200000000000000000e+02,1.200000000000000000e+02,1.200000000000000000e+02,1.200000000000000000e+02,3.562004008841520956e-03,4.775229805129032647e-03,2.878186601565813518e+01,9.426906591277706582e+01,1.029201879268727140e+02,1.022788232390524996e+02,1.022236315449458601e+02,1.051735203746059710e+02,1.044411300936693436e+02,1.013546129903476896e+02,6.495637714446945665e+01,5.432315940730625670e+01,5.041321012146103442e+01,5.553454959928221513e+01,7.205417511745626769e+01
1.200000000000000000e+02,1.200000000000000000e+02,1.200000000000000000e+02,1.200000000000000000e+02,1.200000000000000000e+02,1.200000000000000000e+02,1.200000000000000000e+02,1.200000000000000000e+02,1.200000000000000000e+02,1.200000000000000000e+02,8.073430365576562906e+01,3.312716770423290540e-03,4.534527221089155091e+01,9.242244348681059307e+01,1.001185759813119205e+02,1.036336080245493037e+02,1.032444881971637898e+02,1.030422031478032352e+02,1.050151689450030972e+02,1.011136152942332274e+02,6.601912011168595029e+01,5.464262517434428901e+01,5.029872319720638529e+01,5.547246375832441601e+01,7.200800386345709114e+01
1.200000000000000000e+02,1.200000000000000000e+02,1.200000000000000000e+02,1.200000000000000000e+02,1.200000000000000000e+02,1.200000000000000000e+02,1.200000000000000000e+02,1.200000000000000000e+02,1.200000000000000000e+02,1.200000000000000000e+02,7.753428446462987722e+01,3.315068877372610769e-03,7.333345749163389371e+01,9.267889984126810532e+01,9.984468953236826394e+01,1.023253190636231267e+02,1.040597963035772011e+02,1.038590092890070053e+02,1.033423334072242881e+02,1.016334921694988367e+02,6.588003276827264187e+01,5.528943788152422911e+01,5.038740749258011675e+01,5.541081036982542685e+01,7.198572908390337943e+01
1.200000000000000000e+02,1.200000000000000000e+02,1.200000000000000000e+02,1.200000000000000000e+02,1.200000000000000000e+02,1.200000000000000000e+02,1.200000000000000000e+02,1.200000000000000000e+02,1.200000000000000000e+02,1.200000000000000000e+02,6.490535316032515663e-03,4.017171495461731474e-03,8.937205542545716241e+01,9.477607134078371587e+01,9.900545392795834232e+01,1.026238394072691023e+02,1.033115607124553037e+02,1.043174300666881607e+02,1.040182872285506335e+02,1.004585276295357090e+02,6.661894349481620736e+01,5.528221568097321637e+01,5.067094358246256292e+01,5.543758259766167384e+01,7.195803616061792241e+01
1.200000000000000000e+02,1.200000000000000000e+02,1.200000000000000000e+02,1.200000000000000000e+02,1.200000000000000000e+02,1.200000000000000000e+02,1.200000000000000000e+02,1.200000000000000000e+02,1.200000000000000000e+02,1.200000000000000000e+02,1.164697084789973261e-02,5.485153368791626134e-03,9.187163079551946510e+01,9.670032938675163336e+01,9.943161588539776119e+01,1.016288331351502023e+02,1.038863448206163298e+02,1.037769721250068926e+02,1.042505197924925824e+02,1.009452714999618905e+02,6.555036508249608573e+01,5.567133859122925088e+01,5.062459163370814963e+01,5.555554984160367837e+01,7.198122506351734273e+01
1.200000000000000000e+02,1.200000000000000000e+02,1.200000000000000000e+02,1.200000000000000000e+02,1.200000000000000000e+02,1.200000000000000000e+02,1.200000000000000000e+02,1.200000000000000000e+02,1.200000000000000000e+02,1.200000000000000000e+02,4.981279167939234309e-01,7.720047611862518977e+01,7.914796947427285545e+01,1.006767004626556457e+02,9.965035064963002753e+01,1.015392475842568132e+02,1.029400054419452744e+02,1.044900074842423834e+02,1.037844989648664864e+02,1.011341477343516715e+02,6.610548415120152299e+01,5.535326696343074104e+01,5.072836119565160118e+01,5.547653447152944040e+01,7.204050576091209734e+01
1.200000000000000000e+02,1.200000000000000000e+02,1.200000000000000000e+02,1.200000000000000000e+02,1.200000000000000000e+02,1.200000000000000000e+02,1.200000000000000000e+02,1.200000000000000000e+02,1.200000000000000000e+02,1.200000000000000000e+02,7.672326073821102987e+00,8.304218570591841342e+01,4.927361746514242213e+01,1.006048181759417162e+02,1.019552292477870736e+02,1.012470825918698694e+02,1.026766119053050801e+02,1.036372775390412357e+02,1.045484518236442000e+02,1.006528868280966122e+02,6.653072690764093977e+01,5.574500679692836513e+01,5.061159122176714220e+01,5.545188865166892356e+01,7.195838465892707347e+01
1.200000000000000000e+02,1.200000000000000000e+02,1.200000000000000000e+02,1.200000000000000000e+02,1.200000000000000000e+02,1.200000000000000000e+02,1.200000000000000000e+02,1.200000000000000000e+02,1.200000000000000000e+02,1.200000000000000000e+02,6.596919563624052685e-02,1.318561850465887683e-02,3.734806223334292241e+01,9.651316388089668408e+01,1.026719457116384291e+02,1.026485022811048964e+02,1.022467525302288180e+02,1.033306887537979293e+02,1.038037344688845565e+02,1.013866823411122908e+02,6.581218767411623105e+01,5.616567145505678837e+01,5.084168337625054335e+01,5.535533203345745079e+01,7.191161441344708294e+01
1.200000000000000000e+02,1.200000000000000000e+02,1.200000000000000000e+02,1.200000000000000000e+02,1.200000000000000000e+02,1.200000000000000000e+02,1.200000000000000000e+02,1.200000000000000000e+02,1.200000000000000000e+02,1.200000000000000000e+02,1.085399635889750386e-01,2.559255673345645424e-02,5.866803532163158508e+01,9.291516292669007271e+01,1.006991763342711010e+02,1.034327183720276366e+02,1.030889593541546390e+02,1.029136770442321307e+02,1.034963772644171485e+02,1.008534607541069335e+02,6.679725648708583208e+01,5.580557454202376277e+01,5.114230295954209993e+01,5.545532763773275065e+01,7.182454979571198805e+01
1.200000000000000000e+02,1.200000000000000000e+02,1.200000000000000000e+02,1.200000000000000000e+02,1.200000000000000000e+02,1.200000000000000000e+02,1.200000000000000000e+02,1.200000000000000000e+02,1.200000000000000000e+02,1.200000000000000000e+02,9.887181663161413725e-02,3.325536683091047330e+00,8.336720298712485544e+01,9.257197048798525429e+01,9.920572915915140300e+01,1.023975100269329630e+02,1.037483400251146008e+02,1.033824529725576156e+02,1.031535028625835508e+02,1.004681438906652886e+02,6.643425211148809240e+01,5.635478700889764525e+01,5.099547830308485175e+01,5.561567618913800004e+01,7.187789180023308688e+01
1.200000000000000000e+02,1.200000000000000000e+02,1.200000000000000000e+02,1.200000000000000000e+02,1.200000000000000000e+02,1.200000000000000000e+02,1.200000000000000000e+02,1.200000000000000000e+02,1.200000000000000000e+02,1.200000000000000000e+02,7.834093181655735805e+01,1.072073500465158674e-02,9.809418078860576884e+01,9.609058140880911481e+01,9.859523291034267345e+01,1.018321304137842844e+02,1.031751478979594339e+02,1.038741933570614293e+02,1.033680281673403556e+02,1.002235815289645586e+02,6.573271080499385732e+01,5.640526704980449324e+01,5.126669034627858679e+01,5.552064710857663954e+01,7.195627532427688777e+01
1.200000000000000000e+02,1.200000000000000000e+02,1.200000000000000000e+02,1.200000000000000000e+02,1.200000000000000000e+02,1.200000000000000000e+02,1.200000000000000000e+02,1.200000000000000000e+02,1.200000000000000000e+02,1.200000000000000000e+02,8.243719636240801663e+01,7.027977830888841593e-03,1.049397597945030327e+02,1.007189420563680784e+02,9.968685386376230895e+01,1.012286358964049953e+02,1.030947718934495754e+02,1.035365632901085036e+02,1.036948938233445858e+02,1.002541236096090955e+02,6.541383975582417065e+01,5.602245896468742359e+01,5.140654245330465244e+01,5.564230144797789990e+01,7.187310205126175333e+01
1.200000000000000000e+02,1.200000000000000000e+02,1.200000000000000000e+02,1.200000000000000000e+02,1.200000000000000000e+02,1.200000000000000000e+02,1.200000000000000000e+02,1.200000000000000000e+02,1.200000000000000000e+02,1.200000000000000000e+02,6.705087770081032995e-03,7.850371041930939953e+01,1.038886624047647018e+02,1.054361597116836862e+02,1.019223386227560866e+02,1.014519557457831809e+02,1.025723804324700410e+02,1.037165970350737467e+02,1.034799629946166419e+02,1.003934054112349088e+02,6.532182914655034267e+01,5.589432523825637844e+01,5.125473174518386799e+01,5.573596095412768392e+01,7.193648519369641292e+01
1.200000000000000000e+02,1.200000000000000000e+02,1.200000000000000000e+02,1.200000000000000000e+02,1.200000000000000000e+02,1.200000000000000000e+02,1.200000000000000000e+02,1.200000000000000000e+02,1.200000000000000000e+02,1.200000000000000000e+02,1.122908520289946088e-02,6.476667816846480401e-03,6.896894786448429215e+01,1.068216610048776118e+02,1.052455034993793390e+02,1.026131138414331474e+02,1.024400929680312231e+02,1.032862319972552854e+02,1.037849586539637983e+02,1.002189977722625969e+02,6.526234169555438314e+01,5.588364003597362029e+01,5.124769273756064791e+01,5.565580023032777035e+01,7.196916583052959027e+01
1.200000000000000000e+02,1.200000000000000000e+02,1.200000000000000000e+02,1.200000000000000000e+02,1.200000000000000000e+02,1.200000000000000000e+02,1.200000000000000000e+02,1.200000000000000000e+02,1.200000000000000000e+02,1.200000000000000000e+02,1.721660314002296938e-02,1.075233693807402247e-02,6.433499582244780868e+01,1.017598174520731220e+02,1.070657429195224495e+02,1.049818573448001189e+02,1.030568987914115837e+02,1.030142947583474751e+02,1.034361224680315559e+02,1.005486528137722075e+02,6.492430519426271474e+01,5.576170839305439131e+01,5.133610883430453953e+01,5.567746432666197620e+01,7.190577611496205179e+01
1.200000000000000000e+02,1.200000000000000000e+02,1.200000000000000000e+02,1.200000000000000000e+02,1.200000000000000000e+02,1.200000000000000000e+02,1.200000000000000000e+02,1.200000000000000000e+02,1.200000000000000000e+02,1.200000000000000000e+02,3.545911375357144873e-02,7.796759928649865667e-01,7.628174650161179216e+01,8.851340852957699212e+01,1.044927172398134019e+02,1.067366609145165484e+02,1.047426546210567011e+02,1.033476407174712222e+02,1.031206484892009598e+02,1.002922280421259558e+02,6.535774818220363613e+01,5.547053589037372490e+01,5.130539637484105242e+01,5.578047141187244762e+01,7.192742841978083845e+01
1.200000000000000000e+02,1.200000000000000000e+02,1.200000000000000000e+02,1.200000000000000000e+02,1.200000000000000000e+02,1.200000000000000000e+02,1.200000000000000000e+02,1.200000000000000000e+02,1.200000000000000000e+02,1.200000000000000000e+02,8.424905283721594174e+01,2.010125938903509635e+01,9.032499589453784949e+01,9.004443429069348781e+01,9.683351069404129419e+01,1.054433769397676457e+02,1.062652142942106508e+02,1.045320077879871974e+02,1.033073052465734349e+02,9.992018429382582667e+01,6.512531216344467566e+01,5.566520141005601374e+01,5.114530330467943031e+01,5.580073040327188494e+01,7.200312902917099223e+01
1.200000000000000000e+02,1.200000000000000000e+02,1.200000000000000000e+02,1.200000000000000000e+02,1.200000000000000000e+02,1.200000000000000000e+02,1.200000000000000000e+02,1.200000000000000000e+02,1.200000000000000000e+02,1.200000000000000000e+02,1.249513918445327582e-01,1.638660344933323643e+01,9.927865467755739814e+01,9.614941656436634787e+01,9.648428978837405623e+01,1.007555429213208100e+02,1.056975430583898117e+02,1.057759737425334094e+02,1.041247873866437743e+02,1.000130761533192612e+02,6.445230095604695464e+01,5.558527494423272941e+01,5.124032793485303472e+01,5.573681179172569244e+01,7.202488718884229968e+01
1.200000000000000000e+02,1.200000000000000000e+02,1.200000000000000000e+02,1.200000000000000000e+02,1.200000000000000000e+02,1.200000000000000000e+02,1.200000000000000000e+02,1.200000000000000000e+02,1.200000000000000000e+02,1.200000000000000000e+02,5.597869345301200589e-02,6.175980985030978809e-01,1.003928705999784086e+02,1.008022113206157542e+02,9.922399841510373619e+01,9.997564827419999745e+01,1.028222950565448031e+02,1.056278703663115124e+02,1.050992019132240074e+02,1.005767149291528000e+02,6.439713616867427959e+01,5.512573358692873882e+01,5.123827581724125935e+01,5.581280117926143447e+01,7.199785277558507346e+01
1.200000000000000000e+02,1.200000000000000000e+02,1.200000000000000000e+02,1.200000000000000000e+02,1.200000000000000000e+02,1.200000000000000000e+02,1.200000000000000000e+02,1.200000000000000000e+02,1.200000000000000000e+02,1.200000000000000000e+02,2.913433006929719987e-02,8.306010838425482989e-02,9.573663119650849751e+01,1.027180489554221339e+02,1.015186631229207705e+02,1.011213121908063215e+02,1.020309085734953385e+02,1.039349783415667332e+02,1.051929633462635252e+02,1.013271390597741686e+02,6.496705953260446620e+01,5.498279864895172864e+01,5.099366805110780376e+01,5.584485380334312765e+01,7.206058581454483658e+01
1.200000000000000000e+02,1.200000000000000000e+02,1.200000000000000000e+02,1.200000000000000000e+02,1.200000000000000000e+02,1.200000000000000000e+02,1.200000000000000000e+02,1.200000000000000000e+02,1.200000000000000000e+02,1.200000000000000000e+02,1.458416513432746024e-02,1.687572444414818662e+01,9.381552836323220390e+01,1.015571856174055370e+02,1.031346710194758316e+02,1.020565329455575210e+02,1.023696455118006696e+02,1.032682814050310895e+02,1.042901920095090276e+02,1.016060837798112431e+02,6.580518689894556417e+01,5.518930927504551676e+01,5.089585968384216841e+01,5.573023589277541134e+01,7.208617038701770241e+01
1.200000000000000000e+02,1.200000000000000000e+02,1.200000000000000000e+02,1.200000000000000000e+02,1.200000000000000000e+02,1.200000000000000000e+02,1.200000000000000000e+02,1.200000000000000000e+02,1.200000000000000000e+02,1.200000000000000000e+02,1.708769985723735882e-02,2.276218736025602496e+01,9.368149662405112110e+01,1.009911242348474474e+02,1.032205241992652702e+02,1.032254469360930358e+02,1.025144265422259764e+02,1.031979030825260253e+02,1.037820382156788241e+02,1.012943053341395796e+02,6.636636473271560988e+01,5.546864556041525418e+01,5.097783563279558194e+01,5.569919509086394527e+01,7.202686159784013853e+01
1.200000000000000000e+02,1.200000000000000000e+02,1.200000000000000000e+02,1.200000000000000000e+02,1.200000000000000000e+02,1.200000000000000000e+02,1.200000000000000000e+02,1.200000000000000000e+02,1.200000000000000000e+02,1.200000000000000000e+02,2.147783401232191552e-02,2.501075403432828637e+01,9.009552555274457575e+01,1.007760773690854847e+02,1.033127781720936440e+02,1.037751301241399062e+02,1.032910431877261885e+02,1.029032771973185163e+02,1.035208965061557507e+02,1.009843858970607755e+02,6.658010178871347762e+01,5.567837384978308535e+01,5.102172982933058876e+01,5.576473560067395141e+01,7.203196166488602614e+01
1.200000000000000000e+02,1.200000000000000000e+02,1.200000000000000000e+02,1.200000000000000000e+02,1.200000000000000000e+02,1.200000000000000000e+02,1.200000000000000000e+02,1.200000000000000000e+02,1.200000000000000000e+02,1.200000000000000000e+02,2.601733746819382548e-02,1.880285485969261217e+01,8.953321485347092334e+01,9.818210790775300723e+01,1.032129099772044469e+02,1.041794999518509144e+02,1.039561373177653678e+02,1.033802005332352678e+02,1.030099660308481333e+02,1.006545358537560872e+02,6.656856239930534969e+01,5.599111932555900495e+01,5.098843183643279531e+01,5.576240319336665152e+01,7.208862108422948722e+01
1.200000000000000000e+02,1.200000000000000000e+02,1.200000000000000000e+02,1.200000000000000000e+02,1.200000000000000000e+02,1.200000000000000000e+02,1.200000000000000000e+02,1.200000000000000000e+02,1.200000000000000000e+02,1.200000000000000000e+02,2.963341178227384479e-02,1.786947579854721369e+01,9.200065537397534854e+01,9.728977464484944448e+01,1.013241098246372758e+02,1.042101079585549996e+02,1.044651254734914545e+02,1.039961507171666995e+02,1.032729105849790585e+02,1.000333548546787341e+02,6.616817279899281345e+01,5.628897589216468589e+01,5.110178976377776650e+01,5.567428581183862235e+01,7.208187183982040835e+01
1.200000000000000000e+02,1.200000000000000000e+02,1.200000000000000000e+02,1.200000000000000000e+02,1.200000000000000000e+02,1.200000000000000000e+02,1.200000000000000000e+02,1.200000000000000000e+02,1.200000000000000000e+02,1.200000000000000000e+02,1.941013085051602333e-02,3.445054602981142011e+01,9.593165359331686659e+01,9.830791050115919916e+01,1.005915077644007027e+02,1.028355998295177471e+02,1.045995403320198704e+02,1.044842095656704117e+02,1.037719066416515261e+02,1.000988859809184248e+02,6.514484076657265632e+01,5.625829588634407941e+01,5.132073537957367648e+01,5.567495927389229138e+01,7.200615086364739170e+01
1.200000000000000000e+02,1.200000000000000000e+02,1.200000000000000000e+02,1.200000000000000000e+02,1.200000000000000000e+02,1.200000000000000000e+02,1.200000000000000000e+02,1.200000000000000000e+02,1.200000000000000000e+02,1.200000000000000000e+02,2.844412186193111258e-02,3.246104123133743258e+01,9.745697911337352082e+01,1.005708417082664141e+02,1.010237114056774175e+02,1.023184952163107653e+02,1.036222615973667587e+02,1.046853877642155766e+02,1.041719788919656651e+02,1.004659494215403299e+02,6.493907404088770363e+01,5.572287965921764652e+01,5.139393893045828321e+01,5.576787084704992026e+01,7.198376671882618894e+01
1.200000000000000000e+02,1.200000000000000000e+02,1.200000000000000000e+02,1.200000000000000000e+02,1.200000000000000000e+02,1.200000000000000000e+02,1.200000000000000000e+02,1.200000000000000000e+02,1.200000000000000000e+02,1.200000000000000000e+02,3.607756171431418524e-02,2.822389812265735998e+01,9.256637172250943024e+01,1.018054611349248262e+02,1.023470827525248410e+02,1.024716226520421998e+02,1.033069904185457801e+02,1.040197869945205014e+02,1.044043854199587287e+02,1.007299331100777522e+02,6.530915975211871682e+01,5.553914514344948117e+01,5.118305431964873264e+01,5.579935233246109050e+01,7.201765268757787908e+01
1.200000000000000000e+02,1.200000000000000000e+02,1.200000000000000000e+02,1.200000000000000000e+02,1.200000000000000000e+02,1.200000000000000000e+02,1.200000000000000000e+02,1.200000000000000000e+02,1.200000000000000000e+02,1.200000000000000000e+02,3.250829231481824205e-02,1.391270010653524558e+01,9.074047718760735393e+01,9.893817848915476532e+01,1.032431314810802547e+02,1.032203548793461749e+02,1.033197576021099451e+02,1.038725012624188224e+02,1.039799492257160836e+02,1.009555365878053408e+02,6.551168699958085995e+01,5.571550737154762345e+01,5.112555041449333970e+01,5.569302924930568821e+01,7.201553152286736292e+01
1.200000000000000000e+02,1.200000000000000000e+02,1.200000000000000000e+02,1.200000000000000000e+02,1.200000000000000000e+02,1.200000000000000000e+02,1.200000000000000000e+02,1.200000000000000000e+02,1.200000000000000000e+02,1.200000000000000000e+02,2.622721820586586608e-02,1.180358304527245217e+01,9.244825481198769523e+01,9.770786892051587813e+01,1.013847532172577246e+02,1.038466357061940357e+02,1.037026423258490126e+02,1.038187967275811161e+02,1.039577038064949193e+02,1.007464187389048362e+02,6.574541199209321007e+01,5.572825959116687500e+01,5.126403100883561592e+01,5.568980317268731994e+01,7.194379602998404266e+01
1.200000000000000000e+02,1.200000000000000000e+02,1.200000000000000000e+02,1.200000000000000000e+02,1.200000000000000000e+02,1.200000000000000000e+02,1.200000000000000000e+02,1.200000000000000000e+02,1.200000000000000000e+02,1.200000000000000000e+02,1.425403500461511208e-02,3.339269896019411021e+01,9.677242061872533441e+01,9.861885568249367395e+01,1.006832913603717685e+02,1.025577965772252895e+02,1.041299545276924334e+02,1.039702354066035781e+02,1.038802430335446445e+02,1.008166328643138598e+02,6.564845439162894536e+01,5.572556611111991742e+01,5.126195324485410509e+01,5.580695521875748000e+01,7.195872506831454984e+01
1.200000000000000000e+02,1.200000000000000000e+02,1.200000000000000000e+02,1.200000000000000000e+02,1.200000000000000000e+02,1.200000000000000000e+02,1.200000000000000000e+02,1.200000000000000000e+02,1.200000000000000000e+02,1.200000000000000000e+02,1.726351170745176605e-02,3.677289228280490363e+01,9.867583497680281823e+01,1.012777663255022418e+02,1.012316257435209366e+02,1.022209117909581408e+02,1.031940772121365200e+02,1.042580319085443818e+02,1.038922991813445833e+02,1.007639982897898534e+02,6.588661299579587194e+01,5.568080863566046901e+01,5.118731423059700347e+01,5.582027479572004580e+01,7.204757026298966593e+01
1.200000000000000000e+02,1.200000000000000000e+02,1.200000000000000000e+02,1.200000000000000000e+02,1.200000000000000000e+02,1.200000000000000000e+02,1.200000000000000000e+02,1.200000000000000000e+02,1.200000000000000000e+02,1.200000000000000000e+02,2.108123687589804826e-02,3.943485026758889944e+01,9.339256307193804219e+01,1.027280939134788866e+02,1.028946760365025455e+02,1.025746825784311227e+02,1.030955278374709820e+02,1.035558554556415203e+02,1.040881313670806350e+02,1.006834918566967900e+02,6.592538284184755071e+01,5.588241376902117707e+01,5.112817386873209813e+01,5.576079012368357724e+01,7.205875042682315268e+01
1.200000000000000000e+02,1.200000000000000000e+02,1.200000000000000000e+02,1.200000000000000000e+02,1.200000000000000000e+02,1.200000000000000000e+02,1.200000000000000000e+02,1.200000000000000000e+02,1.200000000000000000e+02,1.200000000000000000e+02,2.257486069315055993e-02,2.872092985609138438e+01,9.111020121723981902e+01,9.963350013890131152e+01,1.039537822923091284e+02,1.036133382032852239e+02,1.033278195640314578e+02,1.036023655098952219e+02,1.035502277650651877e+02,1.008203030976392824e+02,6.573526074434570887e+01,5.599540407606723136e+01,5.123561595664902057e+01,5.571537316367076187e+01,7.201938233010443469e+01
1.200000000000000000e+02,1.200000000000000000e+02,1.200000000000000000e+02,1.200000000000000000e+02,1.200000000000000000e+02,1.200000000000000000e+02,1.200000000000000000e+02,1.200000000000000000e+02,1.200000000000000000e+02,1.200000000000000000e+02,2.188633533763389635e-02,2.364976874842539800e+01,9.261995728959517749e+01,9.788642995188740770e+01,1.019643626511683863e+02,1.043868547104695068e+02,1.039537279543349939e+02,1.037511940634102672e+02,1.036711988971787264e+02,1.004217405969354928e+02,6.585465086718127736e+01,5.588443776116641004e+01,5.132440603610759666e+01,5.576940978208146760e+01,7.198866440393035759e+01
1.200000000000000000e+02,1.200000000000000000e+02,1.200000000000000000e+02,1.200000000000000000e+02,1.200000000000000000e+02,1.200000000000000000e+02,1.200000000000000000e+02,1.200000000000000000e+02,1.200000000000000000e+02,1.200000000000000000e+02,1.270096245030428658e-02,4.302949450687814448e+01,9.674410030614843947e+01,9.843688745053187006e+01,1.008501424482527966e+02,1.030369046129635393e+02,1.045235036166105260e+02,1.040980320043815794e+02,1.037619026876652839e+02,1.005340343591586674e+02,6.541419419048415307e+01,5.591864071941902381e+01,5.126938110164160634e+01,5.581779711154786838e+01,7.202123692200503058e+01
1.200000000000000000e+02,1.200000000000000000e+02,1.200000000000000000e+02,1.200000000000000000e+02,1.200000000000000000e+02,1.200000000000000000e+02,1.200000000000000000e+02,1.200000000000000000e+02,1.200000000000000000e+02,1.200000000000000000e+02,1.568694699444790272e-02,4.709489984889513181e+01,9.890730232178297854e+01,1.009506977916948074e+02,1.010805194937887279e+02,1.023985928297996679e+02,1.035809465914287983e+02,1.045245069709440315e+02,1.039204434435112461e+02,1.006034138309531158e+02,6.552974614992635338e+01,5.572323056346485970e+01,5.127111641450849788e+01,5.577940514705013442e+01,7.204456968241755987e+01
1.200000000000000000e+02,1.200000000000000000e+02,1.200000000000000000e+02,1.200000000000000000e+02,1.200000000000000000e+02,1.200000000000000000e+02,1.200000000000000000e+02,1.200000000000000000e+02,1.200000000000000000e+02,1.200000000000000000e+02,1.916710069168189520e-02,4.922192618484709214e+01,9.473927920877531506e+01,1.025555691788149062e+02,1.026128765757986230e+02,1.025023860940789433e+02,1.032777730263265568e+02,1.038568252838156667e+02,1.042463337917545942e+02,1.006130459950627483e+02,6.565679821009408101e+01,5.579525397201043546e+01,5.119433044665078825e+01,5.577012254151116366e+01,7.201328554377383284e+01
1.200000000000000000e+02,1.200000000000000000e+02,1.200000000000000000e+02,1.200000000000000000e+02,1.200000000000000000e+02,1.200000000000000000e+02,1.200000000000000000e+02,1.200000000000000000e+02,1.200000000000000000e+02,1.200000000000000000e+02,2.007079801501499700e-02,3.739136629527720146e+01,9.280447050089603067e+01,9.997686166412269415e+01,1.037358810116578240e+02,1.034188585967469578e+02,1.033257268843772891e+02,1.037768402058965620e+02,1.037723440930595302e+02,1.008593875089863019e+02,6.551951191358801907e+01,5.591057071681728274e+01,5.124841239508071311e+01,5.573568763062824161e+01,7.200420695641338398e+01
1.200000000000000000e+02,1.200000000000000000e+02,1.200000000000000000e+02,1.200000000000000000e+02,1.200000000000000000e+02,1.200000000000000000e+02,1.200000000000000000e+02,1.200000000000000000e+02,1.200000000000000000e+02,1.200000000000000000e+02,1.879088669094448535e-02,3.021864707498983194e+01,9.401889523461576914e+01,9.849509305963282202e+01,1.020028429319170016e+02,1.041939131509409151e+02,1.038421916310870898e+02,1.037991081900809291e+02,1.038263252817865236e+02,1.005566200583908483e+02,6.573429713405062103e+01,5.577837532656069186e+01,5.134435342171420302e+01,5.577471134154377808e+01,7.198285956135865149e+01
1.200000000000000000e+02,1.200000000000000000e+02,1.200000000000000000e+02,1.200000000000000000e+02,1.200000000000000000e+02,1.200000000000000000e+02,1.200000000000000000e+02,1.200000000000000000e+02,1.200000000000000000e+02,1.200000000000000000e+02,1.026520834499835243e-02,4.922191914257291501e+01,9.765395425565580467e+01,9.901591151590284312e+01,1.010629792801773306e+02,1.029605262797081480e+02,1.043750044207900345e+02,1.040541603976044343e+02,1.038385451858870283e+02,1.006598074940255856e+02,6.545616838151001105e+01,5.579771656699315230e+01,5.127397714773922388e+01,5.584434924852943993e+01,7.201503564041119887e+01
1.200000000000000000e+02,1.200000000000000000e+02,1.200000000000000000e+02,1.200000000000000000e+02,1.200000000000000000e+02,1.200000000000000000e+02,1.200000000000000000e+02,1.200000000000000000e+02,1.200000000000000000e+02,1.200000000000000000e+02,1.193295856470432195e-02,5.673385224355246947e+01,9.960660874892822392e+01,1.014181891031836074e+02,1.013447508516995015e+02,1.024318738160562816e+02,1.034657886852728268e+02,1.044233885876345340e+02,1.039265700616751786e+02,1.006948094340453963e+02,6.563639010319626266e+01,5.566216063040054252e+01,5.123756230894711194e+01,5.581053753986417831e+01,7.206131083359481693e+01
1.200000000000000000e+02,1.200000000000000000e+02,1.200000000000000000e+02,1.200000000000000000e+02,1.200000000000000000e+02,1.200000000000000000e+02,1.200000000000000000e+02,1.200000000000000000e+02,1.200000000000000000e+02,1.200000000000000000e+02,1.426537530005137118e-02,6.252629399808540711e+01,9.587031647752270658e+01,1.029553011465924186e+02,1.029024569920686218e+02,1.026109216302094183e+02,1.032259262875539605e+02,1.037393190846195381e+02,1.041884403507065997e+02,1.006632476381510912e+02,6.577607391106799639e+01,5.578161371816811709e+01,5.116039610617314537e+01,5.577920782741460215e+01,7.203829180618198791e+01
1.200000000000000000e+02,1.200000000000000000e+02,1.200000000000000000e+02,1.200000000000000000e+02,1.200000000000000000e+02,1.200000000000000000e+02,1.200000000000000000e+02,1.200000000000000000e+02,1.200000000000000000e+02,1.200000000000000000e+02,1.550115742211421316e-02,5.326468645670446023e+01,9.408674533415846497e+01,1.005091765826993964e+02,1.040251857782588729e+02,1.036013651832093529e+02,1.033491086987317402e+02,1.036892581183814031e+02,1.036702917248853026e+02,1.008492563834436879e+02,6.563182898770484996e+01,5.592533110635482529e+01,5.122260247155602286e+01,5.573681911720595394e+01,7.201841225627107690e+01
1.200000000000000000e+02,1.200000000000000000e+02,1.200000000000000000e+02,1.200000000000000000e+02,1.200000000000000000e+02,1.200000000000000000e+02,1.200000000000000000e+02,1.200000000000000000e+02,1.200000000000000000e+02,1.200000000000000000e+02,1.525635989327546287e-02,4.438419655585407497e+01,9.520045869498916602e+01,9.899922129231546819e+01,1.023342683980887386e+02,1.044093190683713317e+02,1.039504729614891829e+02,1.037755779322550609e+02,1.037307883820855210e+02,1.004839030713679193e+02,6.578450740654558615e+01,5.582025352780215144e+01,5.132408165443892045e+01,5.577157215264488599e+01,7.199258181314553440e+01
1.200000000000000000e+02,1.200000000000000000e+02,1.200000000000000000e+02,1.200000000000000000e+02,1.200000000000000000e+02,1.200000000000000000e+02,1.200000000000000000e+02,1.200000000000000000e+02,1.200000000000000000e+02,1.200000000000000000e+02,8.303222476216520070e-03,6.063703412417505234e+01,9.850788383885401345e+01,9.939228236036095154e+01,1.013115116407355742e+02,1.031909298231348515e+02,1.045305858553507079e+02,1.041089963715167670e+02,1.037914263191050850e+02,1.005714800670180296e+02,6.539926390181642546e+01,5.583341861510212567e+01,5.126898460281881142e+01,5.583415761237396424e+01,7.201953240537982026e+01
1.200000000000000000e+02,1.200000000000000000e+02,1.200000000000000000e+02,1.200000000000000000e+02,1.200000000000000000e+02,1.200000000000000000e+02,1.200000000000000000e+02,1.200000000000000000e+02,1.200000000000000000e+02,1.200000000000000000e+02,9.337633658536117695e-03,7.054884529327271991e+01,1.003545865446635474e+02,1.016571099285984019e+02,1.014801137779328997e+02,1.025736252637757815e+02,1.036310759497137042e+02,1.045288265921598310e+02,1.039435265804262514e+02,1.006351803396306650e+02,6.552171778278771797e+01,5.564630070946567031e+01,5.123922858705788030e+01,5.580162201540776579e+01,7.205816512919692229e+01
1.200000000000000000e+02,1.200000000000000000e+02,1.200000000000000000e+02,1.200000000000000000e+02,1.200000000000000000e+02,1.200000000000000000e+02,1.200000000000000000e+02,1.200000000000000000e+02,1.200000000000000000e+02,1.200000000000000000e+02,1.091082914065502792e-02,7.885992072044996348e+01,9.740306366380154657e+01,1.031859268510766867e+02,1.029786448251513775e+02,1.026634242486996129e+02,1.033157565479764486e+02,1.038564548894490258e+02,1.042528048764240083e+02,1.006477948977675112e+02,6.567246121770760681e+01,5.572641313092537985e+01,5.114442513210714480e+01,5.577167872645910762e+01,7.203312795785254252e+01
1.200000000000000000e+02,1.200000000000000000e+02,1.200000000000000000e+02,1.200000000000000000e+02,1.200000000000000000e+02,1.200000000000000000e+02,1.200000000000000000e+02,1.200000000000000000e+02,1.200000000000000000e+02,1.200000000000000000e+02,1.196612908361159751e-02,7.223021927589626046e+01,9.597855248757338131e+01,1.011087942142576281e+02,1.041176374406387737e+02,1.036256313993432769e+02,1.033739998629097840e+02,1.037500545787516586e+02,1.037499185081273367e+02,1.008733954697465407e+02,6.556379771168255388e+01,5.586614720783101262e+01,5.119166789861277778e+01,5.572051627761411652e+01,7.201200552569518720e+01
1.200000000000000000e+02,1.200000000000000000e+02,1.200000000000000000e+02,1.200000000000000000e+02,1.200000000000000000e+02,1.200000000000000000e+02,1.200000000000000000e+02,1.200000000000000000e+02,1.200000000000000000e+02,1.200000000000000000e+02,1.206014048875102621e-02,6.280922856123338249e+01,9.694317374584464631e+01,9.979474054524565929e+01,1.026154761258288488e+02,1.044495478988553145e+02,1.039600647030831766e+02,1.037930833481579072e+02,1.037729037963941181e+02,1.005289735716096402e+02,6.575589060798965590e+01,5.576515946048437655e+01,5.129489411004389865e+01,5.575042487439002770e+01,7.198052602853653070e+01
1.200000000000000000e+02,1.200000000000000000e+02,1.200000000000000000e+02,1.200000000000000000e+02,1.200000000000000000e+02,1.200000000000000000e+02,1.200000000000000000e+02,1.200000000000000000e+02,1.200000000000000000e+02,1.200000000000000000e+02,1.116942334213076767e-02,7.692930861871893455e+01,9.976224777968690205e+01,1.001211317890020922e+02,1.016840800226835171e+02,1.033287542895410240e+02,1.045489724566543401e+02,1.041173985028878377e+02,1.038079959121782281e+02,1.005989080646484837e+02,6.540339980872073511e+01,5.578100617568533437e+01,5.124020953681042556e+01,5.581886432589931246e+01,7.200674514182603048e+01
1.200000000000000000e+02,1.200000000000000000e+02,1.200000000000000000e+02,1.200000000000000000e+02,1.200000000000000000e+02,1.200000000000000000e+02,1.200000000000000000e+02,1.200000000000000000e+02,1.200000000000000000e+02,1.200000000000000000e+02,1.489762529397894476e-02,8.519585509029167270e+01,1.013163992482816553e+02,1.021685771270287262e+02,1.018156919838375956e+02,1.027469329221295880e+02,1.036957611045149434e+02,1.045384522610248723e+02,1.039549257694486926e+02,1.006527402592029716e+02,6.552190273941022269e+01,5.560008092193015727e+01,5.120278189985847916e+01,5.578943464945189135e+01,7.205199279049915617e+01
1.200000000000000000e+02,1.200000000000000000e+02,1.200000000000000000e+02,1.200000000000000000e+02,1.200000000000000000e+02,1.200000000000000000e+02,1.200000000000000000e+02,1.200000000000000000e+02,1.200000000000000000e+02,1.200000000000000000e+02,1.324973037888016805e-02,9.222156886839475476e+01,9.895487633487857693e+01,1.035576539120222037e+02,1.032297186933009527e+02,1.028171894146458953e+02,1.033866172381332973e+02,1.038824265128184692e+02,1.042598409367197974e+02,1.006656044201214115e+02,6.567798388781167773e+01,5.567784379910757764e+01,5.110024858312839058e+01,5.575424842543232273e+01,7.203079804380740825e+01
1.200000000000000000e+02,1.200000000000000000e+02,1.200000000000000000e+02,1.200000000000000000e+02,1.200000000000000000e+02,1.200000000000000000e+02,1.200000000000000000e+02,1.200000000000000000e+02,1.200000000000000000e+02,1.200000000000000000e+02,1.868565765842133616e-02,9.461203602481187147e+01,9.863722149747003698e+01,1.016968431650844167e+02,1.043109175469247845e+02,1.037564308701078772e+02,1.034367773275239415e+02,1.037674072810342096e+02,1.037562066180461215e+02,1.008835215119185165e+02,6.558370897261683297e+01,5.582692698512363449e+01,5.113908061857375742e+01,5.569548438940166335e+01,7.200704727572852448e+01
1.200000000000000000e+02,1.200000000000000000e+02,1.200000000000000000e+02,1.200000000000000000e+02,1.200000000000000000e+02,1.200000000000000000e+02,1.200000000000000000e+02,1.200000000000000000e+02,1.200000000000000000e+02,1.200000000000000000e+02,3.471237708270669825e-02,9.621894067260969052e+01,9.968714920648302780e+01,1.012830614141835781e+02,1.028737142931844630e+02,1.045620878196481556e+02,1.040271926148480759e+02,1.038093408392071098e+02,1.037639385288200060e+02,1.005278216130903104e+02,6.576760037430307193e+01,5.574378366216576808e+01,5.124407264231034986e+01,5.571730530397836390e+01,7.197056518853578666e+01
1.200000000000000000e+02,1.200000000000000000e+02,1.200000000000000000e+02,1.200000000000000000e+02,1.200000000000000000e+02,1.200000000000000000e+02,1.200000000000000000e+02,1.200000000000000000e+02,1.200000000000000000e+02,1.200000000000000000e+02,1.413575886696117045e+01,9.712875921632500820e+01,1.008223260667786718e+02,1.018747240915330394e+02,1.026360182597554314e+02,1.034424781879176294e+02,1.046159618730207512e+02,1.041484017093567758e+02,1.038014525239366179e+02,1.005795889192026920e+02,6.538799843504685327e+01,5.576051820394017966e+01,5.119957055114944211e+01,5.578390207874814166e+01,7.199123073540258133e+01
1.200000000000000000e+02,1.200000000000000000e+02,1.200000000000000000e+02,1.200000000000000000e+02,1.200000000000000000e+02,1.200000000000000000e+02,1.200000000000000000e+02,1.200000000000000000e+02,1.200000000000000000e+02,1.200000000000000000e+02,1.383047237351301995e+01,9.756451649948570548e+01,1.014463556445457613e+02,1.025385890786394754e+02,1.030260425067989871e+02,1.034004224956295559e+02,1.037375083794844386e+02,1.045763837350280312e+02,1.039651455141702456e+02,1.006360504451560445e+02,6.547193501087696177e+01,5.556135461197102643e+01,5.116390759514978015e+01,5.575839550521494914e+01,7.203517438438436216e+01
1.200000000000000000e+02,1.200000000000000000e+02,1.200000000000000000e+02,1.200000000000000000e+02,1.200000000000000000e+02,1.200000000000000000e+02,1.200000000000000000e+02,1.200000000000000000e+02,1.200000000000000000e+02,1.200000000000000000e+02,1.504859439865628801e+01,9.530810480870151480e+01,1.019078648462116945e+02,1.030242156729316179e+02,1.033526694738885965e+02,1.036840341233851746e+02,1.038533903806834502e+02,1.038859592706562296e+02,1.042784860145415564e+02,1.006636735146986297e+02,6.562670530084187703e+01,5.561456948812331547e+01,5.105067218961394104e+01,5.572283393256978457e+01,7.201609616393372448e+01
1.200000000000000000e+02,1.200000000000000000e+02,1.200000000000000000e+02,1.200000000000000000e+02,1.200000000000000000e+02,1.200000000000000000e+02,1.200000000000000000e+02,1.200000000000000000e+02,1.200000000000000000e+02,1.200000000000000000e+02,5.912657251125443381e+00,9.496063656418485266e+01,1.002100922435430022e+02,1.034879513690286359e+02,1.037282898975870182e+02,1.037704886917719023e+02,1.040678591224949372e+02,1.041083553616993242e+02,1.037394366846042146e+02,1.008879108968937288e+02,6.555068425898839735e+01,5.575958332415775232e+01,5.107493884392835781e+01,5.565675895278217666e+01,7.199142705224183203e+01
1.200000000000000000e+02,1.200000000000000000e+02,1.200000000000000000e+02,1.200000000000000000e+02,1.200000000000000000e+02,1.200000000000000000e+02,1.200000000000000000e+02,1.200000000000000000e+02,1.200000000000000000e+02,1.200000000000000000e+02,5.535566378274339172e+00,9.610378758129427013e+01,9.962960129439368018e+01,1.022429773848298424e+02,1.041716675842625648e+02,1.040719530083602962e+02,1.039892458162778723e+02,1.042710582559119672e+02,1.040162401172972295e+02,1.004983560566016649e+02,6.573976994534829998e+01,5.568488380851989916e+01,5.117702052456503026e+01,5.567005830189430782e+01,7.195001573684511698e+01
1.200000000000000000e+02,1.200000000000000000e+02,1.200000000000000000e+02,1.200000000000000000e+02,1.200000000000000000e+02,1.200000000000000000e+02,1.200000000000000000e+02,1.200000000000000000e+02,1.200000000000000000e+02,1.200000000000000000e+02,3.106103788278274891e+01,9.890370960559542368e+01,1.001137949299755405e+02,1.017785472567837672e+02,1.032403746521937649e+02,1.044803105030153887e+02,1.042486079963481842e+02,1.040862140097756168e+02,1.041408518197559800e+02,1.007648587107387783e+02,6.530850250723717920e+01,5.570016086711174097e+01,5.113672874077860797e+01,5.573560328604457226e+01,7.196593828881267996e+01
1.200000000000000000e+02,1.200000000000000000e+02,1.200000000000000000e+02,1.200000000000000000e+02,1.200000000000000000e+02,1.200000000000000000e+02,1.200000000000000000e+02,1.200000000000000000e+02,1.200000000000000000e+02,1.200000000000000000e+02,3.460804336552024552e+01,1.003348717254613263e+02,1.020870145112578484e+02,1.020028353958409753e+02,1.029305960027366780e+02,1.037640729201130085e+02,1.046111924322348870e+02,1.043268610712490840e+02,1.038957935625134894e+02,1.009038341867705810e+02,6.565422554613108730e+01,5.546563502780779231e+01,5.109812990414629752e+01,5.571313957130440997e+01,7.201058150188478635e+01
1.200000000000000000e+02,1.200000000000000000e+02,1.200000000000000000e+02,1.200000000000000000e+02,1.200000000000000000e+02,1.200000000000000000e+02,1.200000000000000000e+02,1.200000000000000000e+02,1.200000000000000000e+02,1.200000000000000000e+02,3.875494707408070383e+01,9.691539808302984227e+01,1.032844797713001270e+02,1.033682650384525772e+02,1.030425341690038152e+02,1.035982498711174458e+02,1.040445279780816179e+02,1.046383901776493417e+02,1.041288915787802125e+02,1.006141330491232395e+02,6.595581827610898529e+01,5.564571405515160762e+01,5.096309717848117060e+01,5.567561728031901680e+01,7.199449061193014643e+01
1.200000000000000000e+02,1.200000000000000000e+02,1.200000000000000000e+02,1.200000000000000000e+02,1.200000000000000000e+02,1.200000000000000000e+02,1.200000000000000000e+02,1.200000000000000000e+02,1.200000000000000000e+02,1.200000000000000000e+02,2.474946982486804359e+01,9.619872934290525279e+01,1.005635169048373143e+02,1.042851006304588850e+02,1.039723321425940838e+02,1.036594698687411409e+02,1.039988128720579823e+02,1.041755624717732758e+02,1.043937920060717488e+02,1.008222885008649996e+02,6.549441298015007362e+01,5.587637190973823209e+01,5.104045526210170181e+01,5.559701510942321079e+01,7.196907030001221983e+01
1.200000000000000000e+02,1.200000000000000000e+02,1.200000000000000000e+02,1.200000000000000000e+02,1.200000000000000000e+02,1.200000000000000000e+02,1.200000000000000000e+02,1.200000000000000000e+02,1.200000000000000000e+02,1.200000000000000000e+02,1.802530518445126617e+01,9.815355762540426099e+01,9.942188544935473260e+01,1.021771478984158676e+02,1.046550040900995526e+02,1.042723882689818424e+02,1.040377026524746498e+02,1.042252208816375258e+02,1.040037537234325953e+02,1.011001133103861775e+02,6.569544032924436294e+01,5.559299513344348753e+01,5.117635847834871043e+01,5.563444830653591566e+01,7.192054612205383535e+01
1.200000000000000000e+02,1.200000000000000000e+02,1.200000000000000000e+02,1.200000000000000000e+02,1.200000000000000000e+02,1.200000000000000000e+02,1.200000000000000000e+02,1.200000000000000000e+02,1.200000000000000000e+02,1.200000000000000000e+02,4.388380700982773419e+01,1.017373168839051090e+02,1.004486137726398596e+02,1.012203176476764526e+02,1.030084688684434013e+02,1.047741023119449437e+02,1.044189612399413107e+02,1.042549459812526607e+02,1.041218908300414938e+02,1.007660694999258624e+02,6.619762503933547748e+01,5.563220519890407445e+01,5.101780257376514527e+01,5.570927263307208221e+01,7.195082976471772440e+01
1.200000000000000000e+02,1.200000000000000000e+02,1.200000000000000000e+02,1.200000000000000000e+02,1.200000000000000000e+02,1.200000000000000000e+02,1.200000000000000000e+02,1.200000000000000000e+02,1.200000000000000000e+02,1.200000000000000000e+02,5.488768793246962474e+01,1.032691756442054469e+02,1.033411254773306922e+02,1.018197032934231743e+02,1.023338397019632708e+02,1.034796460897132278e+02,1.047869638558845082e+02,1.044674985253305408e+02,1.041534767334804030e+02,1.008994754848385753e+02,6.580231772314223804e+01,5.596668589984109587e+01,5.099023733004846548e+01,5.561133862120394156e+01,7.199452624625851627e+01
1.200000000000000000e+02,1.200000000000000000e+02,1.200000000000000000e+02,1.200000000000000000e+02,1.200000000000000000e+02,1.200000000000000000e+02,1.200000000000000000e+02,1.200000000000000000e+02,1.200000000000000000e+02,1.200000000000000000e+02,6.679787578323218611e+01,1.003123725990588184e+02,1.048740156316842729e+02,1.039557693947405568e+02,1.027082768895568137e+02,1.030682014694069011e+02,1.037692386275180922e+02,1.047427241030390945e+02,1.042451560444490894e+02,1.009903074473966598e+02,6.595099973245393699e+01,5.578364279642974566e+01,5.116677563703320430e+01,5.557656443257998546e+01,7.192655214931598096e+01
1.200000000000000000e+02,1.200000000000000000e+02,1.200000000000000000e+02,1.200000000000000000e+02,1.200000000000000000e+02,1.200000000000000000e+02,1.200000000000000000e+02,1.200000000000000000e+02,1.200000000000000000e+02,1.200000000000000000e+02,5.928279035801870833e+01,9.958682523175897927e+01,1.023950372754290044e+02,1.052323110589454274e+02,1.042043971701891962e+02,1.033061261107391715e+02,1.035669935227877261e+02,1.039446570317653453e+02,1.044583929933676956e+02,1.009915017472525278e+02,6.623724706842780563e+01,5.583314529471102361e+01,5.107888514775169142e+01,5.566844573225737491e+01,7.190750475909770500e+01
1.200000000000000000e+02,1.200000000000000000e+02,1.200000000000000000e+02,1.200000000000000000e+02,1.200000000000000000e+02,1.200000000000000000e+02,1.200000000000000000e+02,1.200000000000000000e+02,1.200000000000000000e+02,1.200000000000000000e+02,4.923180243588154781e+01,1.012834046275034723e+02,1.011806491523031468e+02,1.032773401236894841e+02,1.052007294438429028e+02,1.042972716783494604e+02,1.037137260130492535e+02,1.038928576693543562e+02,1.038398309130933228e+02,1.011590000822038036e+02,6.621037367599916479e+01,5.609000571594194895e+01,5.106935180055538837e+01,5.561023755979883987e+01,7.196078094811461767e+01
1.200000000000000000e+02,1.200000000000000000e+02,1.200000000000000000e+02,1.200000000000000000e+02,1.200000000000000000e+02,1.200000000000000000e+02,1.200000000000000000e+02,1.200000000000000000e+02,1.200000000000000000e+02,1.200000000000000000e+02,7.495560784080915084e+01,1.042417553826467582e+02,1.020427869914235970e+02,1.022094153609653944e+02,1.036761892959972755e+02,1.050472011180888501e+02,1.043218210408163173e+02,1.039757881749014530e+02,1.038818536301449598e+02,1.007184816556787297e+02,6.638596164066400718e+01,5.610845464414129680e+01,5.122764581654784166e+01,5.558097437970219090e+01,7.191339941866374375e+01
1.200000000000000000e+02,1.200000000000000000e+02,1.200000000000000000e+02,1.200000000000000000e+02,1.200000000000000000e+02,1.200000000000000000e+02,1.200000000000000000e+02,1.200000000000000000e+02,1.200000000000000000e+02,1.200000000000000000e+02,8.926164209839301122e+01,1.053845321186323645e+02,1.046580396354065527e+02,1.026927873228798092e+02,1.029068306711770475e+02,1.038618666164871911e+02,1.048738332009583587e+02,1.043032900296660443e+02,1.039211332163307162e+02,1.007845709350715566e+02,6.593697382979773636e+01,5.617072125507758784e+01,5.125628727570219922e+01,5.566563513480893022e+01,7.189316311176882834e+01
1.200000000000000000e+02,1.200000000000000000e+02,1.200000000000000000e+02,1.200000000000000000e+02,1.200000000000000000e+02,1.200000000000000000e+02,1.200000000000000000e+02,1.200000000000000000e+02,1.200000000000000000e+02,1.200000000000000000e+02,1.044819896614189503e+02,1.028983785200448153e+02,1.060174391876468150e+02,1.047594476684244853e+02,1.032108486399337437e+02,1.033933864622023719e+02,1.039553583916113126e+02,1.047068340685649446e+02,1.040523665414915087e+02,1.008173684749286139e+02,6.605074793861300009e+01,5.598755627342374197e+01,5.126000854444060906e+01,5.567536130291043150e+01,7.194069754221895607e+01
1.200000000000000000e+02,1.200000000000000000e+02,1.200000000000000000e+02,1.200000000000000000e+02,1.200000000000000000e+02,1.200000000000000000e+02,1.200000000000000000e+02,1.200000000000000000e+02,1.200000000000000000e+02,1.200000000000000000e+02,1.065434986321279780e+02,1.038253026986140242e+02,1.033045967376866088e+02,1.059927416310680002e+02,1.047368227557929856e+02,1.036036851463658479e+02,1.037334302626180715e+02,1.039959937935485499e+02,1.043484085363891438e+02,1.007911231150414579e+02,6.616442541733455585e+01,5.610617339814783122e+01,5.117922504724623423e+01,5.565266061221382898e+01,7.193401695403309759e+01
1.200000000000000000e+02,1.200000000000000000e+02,1.200000000000000000e+02,1.200000000000000000e+02,1.200000000000000000e+02,1.200000000000000000e+02,1.200000000000000000e+02,1.200000000000000000e+02,1.200000000000000000e+02,1.200000000000000000e+02,1.075735887990936561e+02,1.055519538218389215e+02,1.036512890399528004e+02,1.034892525017780684e+02,1.057540899156022647e+02,1.046663289867296811e+02,1.038874847815134785e+02,1.039519796997551424e+02,1.038006851909789674e+02,1.009987791612042543e+02,6.597539817935184203e+01,5.626140093577603096e+01,5.127032107868103594e+01,5.560124570363959862e+01,7.190810647483861828e+01
1.200000000000000000e+02,1.200000000000000000e+02,1.200000000000000000e+02,1.200000000000000000e+02,1.200000000000000000e+02,1.200000000000000000e+02,1.200000000000000000e+02,1.200000000000000000e+02,1.200000000000000000e+02,1.200000000000000000e+02,1.079091996255386903e+02,1.069340860015198444e+02,1.050225374738601261e+02,1.036984553259614756e+02,1.035792305113907616e+02,1.054652271672368045e+02,1.045813110262246539e+02,1.040672505282218907e+02,1.038654583685229085e+02,1.006054304134719644e+02,6.612555374350702664e+01,5.612425683258595654e+01,5.141002724684211955e+01,5.565596269588650102e+01,7.186886088320697752e+01
1.200000000000000000e+02,1.200000000000000000e+02,1.200000000000000000e+02,1.200000000000000000e+02,1.200000000000000000e+02,1.200000000000000000e+02,1.200000000000000000e+02,1.200000000000000000e+02,1.200000000000000000e+02,1.200000000000000000e+02,1.081864284490772690e+02,1.074070248612353993e+02,1.063038593155136056e+02,1.047653226787279550e+02,1.038401521473139724e+02,1.036358831505542923e+02,1.051920340130706819e+02,1.044822780565960869e+02,1.039524372394903367e+02,1.006928905395566147e+02,6.569180062699365408e+01,5.611945430218299435e+01,5.135541572092932228e+01,5.574996358850802380e+01,7.190520334823592918e+01
1.200000000000000000e+02,1.200000000000000000e+02,1.200000000000000000e+02,1.200000000000000000e+02,1.200000000000000000e+02,1.200000000000000000e+02,1.200000000000000000e+02,1.200000000000000000e+02,1.200000000000000000e+02,1.200000000000000000e+02,1.083448948087705048e+02,1.078716630209106029e+02,1.068667747865232940e+02,1.057476427587426571e+02,1.046585657561433038e+02,1.040088643035243052e+02,1.036885379966674066e+02,1.049457838062729707e+02,1.041674458702282351e+02,1.007800632196433526e+02,6.579836160353087848e+01,5.589978225515261556e+01,5.132117197013657517e+01,5.572573421463670229e+01,7.196197371246122998e+01
1.200000000000000000e+02,1.200000000000000000e+02,1.200000000000000000e+02,1.200000000000000000e+02,1.200000000000000000e+02,1.200000000000000000e+02,1.200000000000000000e+02,1.200000000000000000e+02,1.200000000000000000e+02,1.200000000000000000e+02,1.084107970350687538e+02,1.081573904189929465e+02,1.074990069100835939e+02,1.063479002780536717e+02,1.052847491582346464e+02,1.046206056628923307e+02,1.041651928615451510e+02,1.037312179318035987e+02,1.045212366751702291e+02,1.008375171599951159e+02,6.597483541739633495e+01,5.596287463756534919e+01,5.121646612127599951e+01,5.569852204709464871e+01,7.194113168263604052e+01
1.200000000000000000e+02,1.200000000000000000e+02,1.200000000000000000e+02,1.200000000000000000e+02,1.200000000000000000e+02,1.200000000000000000e+02,1.200000000000000000e+02,1.200000000000000000e+02,1.200000000000000000e+02,1.200000000000000000e+02,1.084699658125361310e+02,1.082763986692845180e+02,1.079034431428202794e+02,1.071016523085847609e+02,1.058901331942074080e+02,1.049160768188138491e+02,1.046047198208225524e+02,1.042747368710946461e+02,1.035563649393630357e+02,1.011056775395646667e+02,6.591055727035762857e+01,5.611158779744000924e+01,5.125943985498508937e+01,5.564892108170314344e+01,7.192179511375562129e+01
1.200000000000000000e+02,1.200000000000000000e+02,1.200000000000000000e+02,1.200000000000000000e+02,1.200000000000000000e+02,1.200000000000000000e+02,1.200000000000000000e+02,1.200000000000000000e+02,1.200000000000000000e+02,1.200000000000000000e+02,1.085025723214955065e+02,1.083911597084413216e+02,1.080884308756199488e+02,1.075930647985725983e+02,1.067078627750126429e+02,1.055130672409619024e+02,1.046322041998890313e+02,1.045735982297508997e+02,1.041174099077615836e+02,1.003809974913502856e+02,6.615964440186216677e+01,5.602296073487927686e+01,5.137051937458156203e+01,5.568291182272403006e+01,7.189209034576317947e+01
1.200000000000000000e+02,1.200000000000000000e+02,1.200000000000000000e+02,1.200000000000000000e+02,1.200000000000000000e+02,1.200000000000000000e+02,1.200000000000000000e+02,1.200000000000000000e+02,1.200000000000000000e+02,1.200000000000000000e+02,1.085178869360990603e+02,1.084535660186618173e+02,1.082745400771034383e+02,1.078497393533424713e+02,1.072404613240061053e+02,1.063365401586989094e+02,1.052184740973779355e+02,1.044054417630512575e+02,1.043109410689295800e+02,1.008711305337991035e+02,6.532095472903324662e+01,5.605824510637127389e+01,5.132015510478301223e+01,5.576104046482845433e+01,7.192271368241654272e+01
1.200000000000000000e+02,1.200000000000000000e+02,1.200000000000000000e+02,1.200000000000000000e+02,1.200000000000000000e+02,1.200000000000000000e+02,1.200000000000000000e+02,1.200000000000000000e+02,1.200000000000000000e+02,1.200000000000000000e+02,1.085318072540967052e+02,1.084835799669036618e+02,1.083770139076514596e+02,1.081188118363772901e+02,1.075705628496999253e+02,1.068650205486128471e+02,1.059987974712755232e+02,1.049832163563939815e+02,1.040153368857078959e+02,1.010575907405991387e+02,6.590639845151859788e+01,5.561499900639031324e+01,5.128476745533600223e+01,5.573639655633933643e+01,7.197584849212610436e+01
1.200000000000000000e+02,1.200000000000000000e+02,1.200000000000000000e+02,1.200000000000000000e+02,1.200000000000000000e+02,1.200000000000000000e+02,1.200000000000000000e+02,1.200000000000000000e+02,1.200000000000000000e+02,1.200000000000000000e+02,1.085388324286592194e+02,1.085119445729660441e+02,1.084292067131356987e+02,1.082677303303509575e+02,1.079252403224040080e+02,1.072640195678695534e+02,1.064845491088328941e+02,1.056847274925891043e+02,1.045804276558595660e+02,1.006480110752695225e+02,6.630052099545120825e+01,5.591055948061416103e+01,5.105247750209250057e+01,5.570041518272173420e+01,7.195798533264998298e+01
1.200000000000000000e+02,1.200000000000000000e+02,1.200000000000000000e+02,1.200000000000000000e+02,1.200000000000000000e+02,1.200000000000000000e+02,1.200000000000000000e+02,1.200000000000000000e+02,1.200000000000000000e+02,1.200000000000000000e+02,1.085426538509060350e+02,1.085260988248483756e+02,1.084795834253965552e+02,1.083504872965079642e+02,1.081226058004645978e+02,1.076978871922081851e+02,1.069436669713313819e+02,1.061012387618534234e+02,1.051935977624828382e+02,1.011682546199788817e+02,6.555927922936976415e+01,5.621616999389873826e+01,5.119041009627058969e+01,5.557554945289077608e+01,7.193261935730437528e+01
1.200000000000000000e+02,1.200000000000000000e+02,1.200000000000000000e+02,1.200000000000000000e+02,1.200000000000000000e+02,1.200000000000000000e+02,1.200000000000000000e+02,1.200000000000000000e+02,1.200000000000000000e+02,1.200000000000000000e+02,1.085462664050541690e+02,1.085341134142949073e+02,1.085047469710198129e+02,1.084311906260312810e+02,1.082445361877758501e+02,1.079411356569656988e+02,1.074422159082203052e+02,1.066090035624227426e+02,1.055288837139795675e+02,1.017958552007506512e+02,6.614032899100352836e+01,5.571206217257944360e+01,5.138450262634225396e+01,5.565284361465407414e+01,7.185746875458553973e+01
1.200000000000000000e+02,1.200000000000000000e+02,1.200000000000000000e+02,1.200000000000000000e+02,1.200000000000000000e+02,1.200000000000000000e+02,1.200000000000000000e+02,1.200000000000000000e+02,1.200000000000000000e+02,1.200000000000000000e+02,1.085478909361674766e+02,1.085412270727636184e+02,1.085192613620938431e+02,1.084711274660737814e+02,1.083629956136271346e+02,1.081096411180774055e+02,1.077243774380727217e+02,1.071526935739345561e+02,1.060739085966190629e+02,1.020762203509282529e+02,6.724493436789128964e+01,5.589555869552194878e+01,5.109358223244190356e+01,5.577098519724357573e+01,7.192045748088844448e+01
1.200000000000000000e+02,1.200000000000000000e+02,1.200000000000000000e+02,1.200000000000000000e+02,1.200000000000000000e+02,1.200000000000000000e+02,1.200000000000000000e+02,1.200000000000000000e+02,1.200000000000000000e+02,1.200000000000000000e+02,1.085489051908145939e+02,1.085445400756740781e+02,1.085325120904879697e+02,1.084959470843198517e+02,1.084220277902971077e+02,1.082722437317264337e+02,1.079454846049382155e+02,1.074644691124060927e+02,1.066541838831098090e+02,1.026858919882578789e+02,6.772780769992739636e+01,5.660167974289341686e+01,5.109712278407337749e+01,5.559847415713242924e+01,7.199180886330462670e+01
1.200000000000000000e+02,1.200000000000000000e+02,1.200000000000000000e+02,1.200000000000000000e+02,1.200000000000000000e+02,1.200000000000000000e+02,1.200000000000000000e+02,1.200000000000000000e+02,1.200000000000000000e+02,1.200000000000000000e+02,1.085497600705750614e+02,1.085466580425232053e+02,1.085386118718015354e+02,1.085184637540647543e+02,1.084616608474470354e+02,1.083541918796156409e+02,1.081561153066395775e+02,1.077418566626728307e+02,1.069919630305719807e+02,1.034304818497585075e+02,6.876826809402027152e+01,5.690014238312404871e+01,5.145516072656915441e+01,5.556837838514121586e+01,7.187656415658763365e+01
1.200000000000000000e+02,1.200000000000000000e+02,1.200000000000000000e+02,1.200000000000000000e+02,1.200000000000000000e+02,1.200000000000000000e+02,1.200000000000000000e+02,1.200000000000000000e+02,1.200000000000000000e+02,1.200000000000000000e+02,1.085501484408509185e+02,1.085484558111983375e+02,1.085426840902813268e+02,1.085288085814026431e+02,1.084971315379407741e+02,1.084138665327439384e+02,1.082641622451229466e+02,1.080024140945860012e+02,1.073321876684282472e+02,1.039074053923961003e+02,7.038737750940450155e+01,5.749099460970807485e+01,5.156612649210306643e+01,5.574904379680182132e+01,7.186360866168726602e+01
1.200000000000000000e+02,1.200000000000000000e+02,1.200000000000000000e+02,1.200000000000000000e+02,1.200000000000000000e+02,1.200000000000000000e+02,1.200000000000000000e+02,1.200000000000000000e+02,1.200000000000000000e+02,1.200000000000000000e+02,1.085505308367077788e+02,1.085493492575966599e+02,1.085462039283053457e+02,1.085361710118311578e+02,1.085135968394869082e+02,1.084663483479902055e+02,1.083495772747217245e+02,1.081394080609966295e+02,1.076541424141560270e+02,1.044129249188917044e+02,7.167986908038577099e+01,5.867023330107068801e+01,5.175869531966272774e+01,5.575507879226644548e+01,7.196374056183614698e+01
1.200000000000000000e+02,1.200000000000000000e+02,1.200000000000000000e+02,1.200000000000000000e+02,1.200000000000000000e+02,1.200000000000000000e+02,1.200000000000000000e+02,1.200000000000000000e+02,1.200000000000000000e+02,1.200000000000000000e+02,1.085507517705126759e+02,1.085499339604968583e+02,1.085477234942637352e+02,1.085422540380625946e+02,1.085258832851322524e+02,1.084909872850803794e+02,1.084230818579328997e+02,1.082566138234119109e+02,1.078317540440340281e+02,1.049456388324564244e+02,7.303476161533892252e+01,5.980601055447967695e+01,5.233731200901151936e+01,5.575478469333824449e+01,7.192829439901856858e+01
1.200000000000000000e+02,1.200000000000000000e+02,1.200000000000000000e+02,1.200000000000000000e+02,1.200000000000000000e+02,1.200000000000000000e+02,1.200000000000000000e+02,1.200000000000000000e+02,1.200000000000000000e+02,1.200000000000000000e+02,1.085508572941527063e+02,1.085503934570095481e+02,1.085488709540088337e+02,1.085449340854897144e+02,1.085359193982685753e+02,1.085105672552726475e+02,1.084584322305293966e+02,1.083558118967308133e+02,1.079938880858411920e+02,1.053043677477381834e+02,7.462303872746083755e+01,6.103698809371132228e+01,5.296123023978528011e+01,5.596428737119369146e+01,7.187816974130717540e+01
1.200000000000000000e+02,1.200000000000000000e+02,1.200000000000000000e+02,1.200000000000000000e+02,1.200000000000000000e+02,1.200000000000000000e+02,1.200000000000000000e+02,1.200000000000000000e+02,1.200000000000000000e+02,1.200000000000000000e+02,1.085509331398480555e+02,1.085506056548542944e+02,1.085497605592428272e+02,1.085470547056842605e+02,1.085403888267096448e+02,1.085261920355634828e+02,1.084881762326394607e+02,1.084051954566308211e+02,1.081330531512278128e+02,1.056286779868059682e+02,7.597011947670608834e+01,6.261252388264243507e+01,5.365349355113681185e+01,5.618377577924174915e+01,7.193588051023992591e+01
1.200000000000000000e+02,1.200000000000000000e+02,1.200000000000000000e+02,1.200000000000000000e+02,1.200000000000000000e+02,1.200000000000000000e+02,1.200000000000000000e+02,1.200000000000000000e+02,1.200000000000000000e+02,1.200000000000000000e+02,1.085509851153885705e+02,1.085507670338418080e+02,1.085501597462547494e+02,1.085486647540275698e+02,1.085440941381981332e+02,1.085332966726671771e+02,1.085113582054673174e+02,1.084489073865681092e+02,1.082086573583497113e+02,1.059334032602633044e+02,7.720822114119371804e+01,6.420620122170819855e+01,5.463636321498000825e+01,5.640981105579020749e+01,7.196538718255763456e+01
1.200000000000000000e+02,1.200000000000000000e+02,1.200000000000000000e+02,1.200000000000000000e+02,1.200000000000000000e+02,1.200000000000000000e+02,1.200000000000000000e+02,1.200000000000000000e+02,1.200000000000000000e+02,1.200000000000000000e+02,1.085510844552905922e+02,1.085509448353634667e+02,1.085505323270777893e+02,1.085494209602884155e+02,1.085468697521479555e+02,1.085394734687902201e+02,1.085222434720644458e+02,1.084824914081358713e+02,1.082771872588624404e+02,1.061470542627797329e+02,7.844129018883411675e+01,6.579445767704486059e+01,5.576704413420838335e+01,5.680479661811141057e+01,7.197445757996949567e+01
1.200000000000000000e+02,1.200000000000000000e+02,1.200000000000000000e+02,1.200000000000000000e+02,1.200000000000000000e+02,1.200000000000000000e+02,1.200000000000000000e+02,1.200000000000000000e+02,1.200000000000000000e+02,1.200000000000000000e+02,1.085511056761093585e+02,1.085510024175980135e+02,1.085507667020752933e+02,1.085500349904248196e+02,1.085481044228000655e+02,1.085439135846719836e+02,1.085320240871137827e+02,1.084990385284297929e+02,1.083314513535883350e+02,1.063326344398644494e+02,7.948518375579288886e+01,6.747973354937320778e+01,5.699579212473067713e+01,5.730866050266589440e+01,7.206574311052933979e+01
1.200000000000000000e+02,1.200000000000000000e+02,1.200000000000000000e+02,1.200000000000000000e+02,1.200000000000000000e+02,1.200000000000000000e+02,1.200000000000000000e+02,1.200000000000000000e+02,1.200000000000000000e+02,1.200000000000000000e+02,1.085511220158636405e+02,1.085510472629586189e+02,1.085508743573972197e+02,1.085504613368873095e+02,1.085492023869855274e+02,1.085459549726068076e+02,1.085389146856107061e+02,1.085143353463066944e+02,1.083621111892130386e+02,1.064948909032619753e+02,8.040780660171286343e+01,6.910931859367565266e+01,5.841043679875411954e+01,5.789187476018778966e+01,7.219832459342590880e+01
1.200000000000000000e+02,1.200000000000000000e+02,1.200000000000000000e+02,1.200000000000000000e+02,1.200000000000000000e+02,1.200000000000000000e+02,1.200000000000000000e+02,1.200000000000000000e+02,1.200000000000000000e+02,1.200000000000000000e+02,1.085511248137444369e+02,1.085510830414859385e+02,1.085509651103629096e+02,1.085506570692031545e+02,1.085499417897528645e+02,1.085478323172301032e+02,1.085422030514701817e+02,1.085250514729707589e+02,1.083900888286252950e+02,1.066145445432851915e+02,8.125368113696760020e+01,7.065907291808038337e+01,5.993618180325583467e+01,5.863184582638426434e+01,7.236210264543329629e+01
1.200000000000000000e+02,1.200000000000000000e+02,1.200000000000000000e+02,1.200000000000000000e+02,1.200000000000000000e+02,1.200000000000000000e+02,1.200000000000000000e+02,1.200000000000000000e+02,1.200000000000000000e+02,1.200000000000000000e+02,1.085511225479038444e+02,1.085510941868867576e+02,1.085510320494212522e+02,1.085508313771161681e+02,1.085502866488899372e+02,1.085490600413836404e+02,1.085453002714330779e+02,1.085305431715946725e+02,1.084109972000298114e+02,1.067176131182562671e+02,8.196808628022851906e+01,7.215899337365694066e+01,6.152448091871158908e+01,5.950895897512926069e+01,7.261326363390780614e+01
1.200000000000000000e+02,1.200000000000000000e+02,1.200000000000000000e+02,1.200000000000000000e+02,1.200000000000000000e+02,1.200000000000000000e+02,1.200000000000000000e+02,1.200000000000000000e+02,1.200000000000000000e+02,1.200000000000000000e+02,1.085511828262018952e+02,1.085511517352159103e+02,1.085510967947096077e+02,1.085509803239848310e+02,1.085506285230559484e+02,1.085496673918221546e+02,1.085472955106109083e+02,1.085357507664241581e+02,1.084238812027142416e+02,1.068045799187767102e+02,8.259090750224470412e+01,7.354740787881442543e+01,6.318539920254170283e+01,6.050012256016194812e+01,7.294398593506298312e+01
1.200000000000000000e+02,1.200000000000000000e+02,1.200000000000000000e+02,1.200000000000000000e+02,1.200000000000000000e+02,1.200000000000000000e+02,1.200000000000000000e+02,1.200000000000000000e+02,1.200000000000000000e+02,1.200000000000000000e+02,1.085511806345124057e+02,1.085511603894241262e+02,1.085511243874664586e+02,1.085510356860449974e+02,1.085508355376493057e+02,1.085502288328147245e+02,1.085482972871237166e+02,1.085391280445491446e+02,1.084355611543538913e+02,1.068720906067712662e+02,8.314010370907307390e+01,7.482264096138268883e+01,6.486492549970304822e+01,6.162540694640929217e+01,7.334960283188625851e+01
1.200000000000000000e+02,1.200000000000000000e+02,1.200000000000000000e+02,1.200000000000000000e+02,1.200000000000000000e+02,1.200000000000000000e+02,1.200000000000000000e+02,1.200000000000000000e+02,1.200000000000000000e+02,1.200000000000000000e+02,1.085511795590445274e+02,1.085511601708925724e+02,1.085511415452064057e+02,1.085510875188494424e+02,1.085509339142938785e+02,1.085505719810442002e+02,1.085492561902379265e+02,1.085410092922646896e+02,1.084441004392760561e+02,1.069301200111367649e+02,8.360539307219430327e+01,7.599637575265734313e+01,6.652722478127758166e+01,6.286139951825715855e+01,7.385276726145809789e+01
1.200000000000000000e+02,1.200000000000000000e+02,1.200000000000000000e+02,1.200000000000000000e+02,1.200000000000000000e+02,1.200000000000000000e+02,1.200000000000000000e+02,1.200000000000000000e+02,1.200000000000000000e+02,1.200000000000000000e+02,1.085511729251298192e+02,1.085511643866577032e+02,1.085511456076813488e+02,1.085511190653470095e+02,1.085510282839058220e+02,1.085507447774376146e+02,1.085498281411158246e+02,1.085427817044220546e+02,1.084499584960670973e+02,1.069786102473665039e+02,8.400861976829102673e+01,7.705157078097776946e+01,6.815835161568656986e+01,6.418226889659702294e+01,7.444627763236748308e+01
1.200000000000000000e+02,1.200000000000000000e+02,1.200000000000000000e+02,1.200000000000000000e+02,1.200000000000000000e+02,1.200000000000000000e+02,1.200000000000000000e+02,1.200000000000000000e+02,1.200000000000000000e+02,1.200000000000000000e+02,1.085511620898659544e+02,1.085511599410591970e+02,1.085511557730690129e+02,1.085511308363491310e+02,1.085510834554432193e+02,1.085509116069520701e+02,1.085501380322168359e+02,1.085438901617260257e+02,1.084551711743170728e+02,1.070178473963705557e+02,8.435826309135758549e+01,7.799741865647602879e+01,6.972382141579730330e+01,6.557527960637959552e+01,7.512245377974961968e+01
1.200000000000000000e+02,1.200000000000000000e+02,1.200000000000000000e+02,1.200000000000000000e+02,1.200000000000000000e+02,1.200000000000000000e+02,1.200000000000000000e+02,1.200000000000000000e+02,1.200000000000000000e+02,1.200000000000000000e+02,1.085512108033902905e+02,1.085511977321052512e+02,1.085511890163800643e+02,1.085511754658479333e+02,1.085511280637048372e+02,1.085510198747585093e+02,1.085504445448787720e+02,1.085445844321946538e+02,1.084590561484944971e+02,1.070515309535996948e+02,8.465596454843802121e+01,7.884316663686213644e+01,7.120468655825972348e+01,6.700858417872132122e+01,7.588021074693305934e+01
1.200000000000000000e+02,1.200000000000000000e+02,1.200000000000000000e+02,1.200000000000000000e+02,1.200000000000000000e+02,1.200000000000000000e+02,1.200000000000000000e+02,1.200000000000000000e+02,1.200000000000000000e+02,1.200000000000000000e+02,1.085512044602563435e+02,1.085511963007792957e+02,1.085511897622006927e+02,1.085511828865801931e+02,1.085511627854462233e+02,1.085510709998885375e+02,1.085506129245450353e+02,1.085452184797070316e+02,1.084619835961213568e+02,1.070797828524189583e+02,8.491308796054289587e+01,7.958970030594932155e+01,7.259116163150599732e+01,6.845318633603432090e+01,7.670306402585339356e+01
1.200000000000000000e+02,1.200000000000000000e+02,1.200000000000000000e+02,1.200000000000000000e+02,1.200000000000000000e+02,1.200000000000000000e+02,1.200000000000000000e+02,1.200000000000000000e+02,1.200000000000000000e+02,1.200000000000000000e+02,1.085511993329657798e+02,1.085511900928052711e+02,1.085511902847326979e+02,1.085511861597372132e+02,1.085511763865575148e+02,1.085511268950945833e+02,1.085507121326121336e+02,1.085456182225380104e+02,1.084645400821579386e+02,1.071032812755485821e+02,8.513458848756133079e+01,8.024778025021420547e+01,7.386950631504090836e+01,6.988568172383790511e+01,7.757465731338857040e+01
1.200000000000000000e+02,1.200000000000000000e+02,1.200000000000000000e+02,1.200000000000000000e+02,1.200000000000000000e+02,1.200000000000000000e+02,1.200000000000000000e+02,1.200000000000000000e+02,1.200000000000000000e+02,1.200000000000000000e+02,1.085511898790131511e+02,1.085511881825287759e+02,1.085511850201091590e+02,1.085511897495254203e+02,1.085511840519335749e+02,1.085511514882632156e+02,1.085508110706193037e+02,1.085458955571343580e+02,1.084665193877149676e+02,1.071234392464997001e+02,8.532390910684266316e+01,8.082595012117359090e+01,7.503619892178444672e+01,7.127798370593626487e+01,7.847932201480267622e+01
1.200000000000000000e+02,1.200000000000000000e+02,1.200000000000000000e+02,1.200000000000000000e+02,1.200000000000000000e+02,1.200000000000000000e+02,1.200000000000000000e+02,1.200000000000000000e+02,1.200000000000000000e+02,1.200000000000000000e+02,1.085511769416916792e+02,1.085511798641403800e+02,1.085511855417471452e+02,1.085511861007183825e+02,1.085511922543942802e+02,1.085511669965544570e+02,1.085508606010671997e+02,1.085461483055544107e+02,1.084681114897482388e+02,1.071404719236811474e+02,8.548702272958028914e+01,8.133018948366934353e+01,7.609167932587143923e+01,7.260868595321164776e+01,7.939541930149768234e+01
1.200000000000000000e+02,1.200000000000000000e+02,1.200000000000000000e+02,1.200000000000000000e+02,1.200000000000000000e+02,1.200000000000000000e+02,1.200000000000000000e+02,1.200000000000000000e+02,1.200000000000000000e+02,1.200000000000000000e+02,1.085512215247269978e+02,1.085512128360880411e+02,1.085512113043291293e+02,1.085512131834248066e+02,1.085512089921352725e+02,1.085511956020549462e+02,1.085509041866876174e+02,1.085463178055045148e+02,1.084694935549862436e+02,1.071548656601965632e+02,8.562715653107368041e+01,8.176948776295196808e+01,7.703654388172617473e+01,7.386184909092861517e+01,8.030409419879147492e+01
1.200000000000000000e+02,1.200000000000000000e+02,1.200000000000000000e+02,1.200000000000000000e+02,1.200000000000000000e+02,1.200000000000000000e+02,1.200000000000000000e+02,1.200000000000000000e+02,1.200000000000000000e+02,1.200000000000000000e+02,1.085512137187496222e+02,1.085512087852781065e+02,1.085512081470463812e+02,1.085512120020304820e+02,1.085512169319823386e+02,1.085512007030696822e+02,1.085509381522836634e+02,1.085464464359829861e+02,1.084705986910872468e+02,1.071672112079865400e+02,8.574713945188166520e+01,8.215103331808305143e+01,7.787631160970694566e+01,7.502370367423073105e+01,8.118855969872984701e+01
1.200000000000000000e+02,1.200000000000000000e+02,1.200000000000000000e+02,1.200000000000000000e+02,1.200000000000000000e+02,1.200000000000000000e+02,1.200000000000000000e+02,1.200000000000000000e+02,1.200000000000000000e+02,1.200000000000000000e+02,1.085512072739385445e+02,1.085512007678674422e+02,1.085512049708951707e+02,1.085512094950033628e+02,1.085512169254603236e+02,1.085512109303581667e+02,1.085509530626764985e+02,1.085465596446933887e+02,1.084715232944481755e+02,1.071777005447316498e+02,8.585027846570388022e+01,8.248095473463604321e+01,7.861769426373416536e+01,7.608706573821969243e+01,8.203272452499868450e+01
1.200000000000000000e+02,1.200000000000000000e+02,1.200000000000000000e+02,1.200000000000000000e+02,1.200000000000000000e+02,1.200000000000000000e+02,1.200000000000000000e+02,1.200000000000000000e+02,1.200000000000000000e+02,1.200000000000000000e+02,1.085511967856277806e+02,1.085511971957816399e+02,1.085511973785166759e+02,1.085512075532499097e+02,1.085512154556001008e+02,1.085512132719121325e+02,1.085509710226845215e+02,1.085466365810077320e+02,1.084723177857247123e+02,1.071866352413082666e+02,8.593871597128925544e+01,8.276592426673983027e+01,7.926756830191207825e+01,7.704911317172400231e+01,8.282518403066566748e+01
1.200000000000000000e+02,1.200000000000000000e+02,1.200000000000000000e+02,1.200000000000000000e+02,1.200000000000000000e+02,1.200000000000000000e+02,1.200000000000000000e+02,1.200000000000000000e+02,1.200000000000000000e+02,1.200000000000000000e+02,1.085511830349787914e+02,1.085511876052655538e+02,1.085511958156264853e+02,1.085512007547119850e+02,1.085512149786095080e+02,1.085512134562966793e+02,1.085509803462059040e+02,1.085467065455407010e+02,1.084729709869577761e+02,1.071942942740349451e+02,8.601443314934320483e+01,8.301143502946231933e+01,7.983437484223065894e+01,7.790979463464356058e+01,8.355794442654907073e+01
1.200000000000000000e+02,1.200000000000000000e+02,1.200000000000000000e+02,1.200000000000000000e+02,1.200000000000000000e+02,1.200000000000000000e+02,1.200000000000000000e+02,1.200000000000000000e+02,1.200000000000000000e+02,1.200000000000000000e+02,1.085512259732141587e+02,1.085512187403932103e+02,1.085512191786881147e+02,1.085512244152753425e+02,1.085512265844903794e+02,1.085512272945863543e+02,1.085509943564108681e+02,1.085467665858149502e+02,1.084735357342737387e+02,1.072008233054135218e+02,8.607936049013220270e+01,8.322235563793027779e+01,8.032636606972623383e+01,7.867281540760819780e+01,8.422579281217602443e+01
1.200000000000000000e+02,1.200000000000000000e+02,1.200000000000000000e+02,1.200000000000000000e+02,1.200000000000000000e+02,1.200000000000000000e+02,1.200000000000000000e+02,1.200000000000000000e+02,1.200000000000000000e+02,1.200000000000000000e+02,1.085512175801670622e+02,1.085512138213030511e+02,1.085512148307552991e+02,1.085512210645217124e+02,1.085512307469233946e+02,1.085512254118580415e+02,1.085510021517480084e+02,1.085468096667322726e+02,1.084740110978791279e+02,1.072064039677060379e+02,8.613491780052591196e+01,8.340335250926652577e+01,8.075141207332914917e+01,7.934383123895339907e+01,8.482724643463690484e+01
1.200000000000000000e+02,1.200000000000000000e+02,1.200000000000000000e+02,1.200000000000000000e+02,1.200000000000000000e+02,1.200000000000000000e+02,1.200000000000000000e+02,1.200000000000000000e+02,1.200000000000000000e+02,1.200000000000000000e+02,1.085512105977434061e+02,1.085512051172310635e+02,1.085512106116585613e+02,1.085512171015495682e+02,1.085512276655911137e+02,1.085512298600500145e+02,1.085510035910531030e+02,1.085468487198081817e+02,1.084744118087921834e+02,1.072111768866731438e+02,8.618242692957491613e+01,8.355835161604640859e+01,8.111737669522767646e+01,7.992959157262704650e+01,8.536316312659607775e+01
1.200000000000000000e+02,1.200000000000000000e+02,1.200000000000000000e+02,1.200000000000000000e+02,1.200000000000000000e+02,1.200000000000000000e+02,1.200000000000000000e+02,1.200000000000000000e+02,1.200000000000000000e+02,1.200000000000000000e+02,1.085511996960837564e+02,1.085512008974686182e+02,1.085512022051507159e+02,1.085512138762979362e+02,1.085512243329865214e+02,1.085512274613791561e+02,1.085510103174777470e+02,1.085468766637453228e+02,1.084747566828731351e+02,1.072152508950597394e+02,8.622304898560318520e+01,8.369084355797335206e+01,8.143144539691751049e+01,8.043793251186126270e+01,8.583611998471037907e+01
1.200000000000000000e+02,1.200000000000000000e+02,1.200000000000000000e+02,1.200000000000000000e+02,1.200000000000000000e+02,1.200000000000000000e+02,1.200000000000000000e+02,1.200000000000000000e+02,1.200000000000000000e+02,1.200000000000000000e+02,1.085511856068957144e+02,1.085511908289034437e+02,1.085511998931647071e+02,1.085512060856439689e+02,1.085512222022529301e+02,1.085512250022309502e+02,1.085510104225187860e+02,1.085469052972037503e+02,1.084750462145760821e+02,1.072187340876852772e+02,8.625773514429081956e+01,8.380396650334985509e+01,8.170017692052734049e+01,8.087682505118102938e+01,8.625028368583558347e+01
1.200000000000000000e+02,1.200000000000000000e+02,1.200000000000000000e+02,1.200000000000000000e+02,1.200000000000000000e+02,1.200000000000000000e+02,1.200000000000000000e+02,1.200000000000000000e+02,1.200000000000000000e+02,1.200000000000000000e+02,1.085512278533709178e+02,1.085512212026551850e+02,1.085512223740297628e+02,1.085512285902557750e+02,1.085512322786261024e+02,1.085512362512964444e+02,1.085510188323191727e+02,1.085469306006675367e+02,1.084753014508300595e+02,1.072217077135157410e+02,8.628733792785311607e+01,8.390040803634059330e+01,8.192960383680397740e+01,8.125405385891343713e+01,8.661051074617279255e+01
1.200000000000000000e+02,1.200000000000000000e+02,1.200000000000000000e+02,1.200000000000000000e+02,1.200000000000000000e+02,1.200000000000000000e+02,1.200000000000000000e+02,1.200000000000000000e+02,1.200000000000000000e+02,1.200000000000000000e+02,1.085512192171897681e+02,1.085512159312799696e+02,1.085512175597819891e+02,1.085512245939078184e+02,1.085512354432431152e+02,1.085512325677111676e+02,1.085510218107879865e+02,1.085469481125765014e+02,1.084755125626955419e+02,1.072242477144740462e+02,8.631257593211904577e+01,8.398252460115078577e+01,8.212506724998944208e+01,8.157713629719779647e+01,8.692199706716426988e+01
1.200000000000000000e+02,1.200000000000000000e+02,1.200000000000000000e+02,1.200000000000000000e+02,1.200000000000000000e+02,1.200000000000000000e+02,1.200000000000000000e+02,1.200000000000000000e+02,1.200000000000000000e+02,1.200000000000000000e+02,1.085512120076461002e+02,1.085512069509438078e+02,1.085512129373045980e+02,1.085512200936088902e+02,1.085512315861299015e+02,1.085512357372925152e+02,1.085510194998750535e+02,1.085469650482115185e+02,1.084756928634184021e+02,1.072264113078511656e+02,8.633408440096309278e+01,8.405236960720789341e+01,8.229129606798770169e+01,8.185300379499817325e+01,8.719008489432583531e+01
1.200000000000000000e+02,1.200000000000000000e+02,1.200000000000000000e+02,1.200000000000000000e+02,1.200000000000000000e+02,1.200000000000000000e+02,1.200000000000000000e+02,1.200000000000000000e+02,1.200000000000000000e+02,1.200000000000000000e+02,1.085512009319953393e+02,1.085512024598529166e+02,1.085512042189922113e+02,1.085512164104723354e+02,1.085512276200486639e+02,1.085512322921418615e+02,1.085510235600968372e+02,1.085469746380458673e+02,1.084758488224837549e+02,1.072282558576404909e+02,8.635239052031943174e+01,8.411172315758511786e+01,8.243246088141978589e+01,8.208795120165005699e+01,8.741990180390259013e+01
1.200000000000000000e+02,1.200000000000000000e+02,1.200000000000000000e+02,1.200000000000000000e+02,1.200000000000000000e+02,1.200000000000000000e+02,1.200000000000000000e+02,1.200000000000000000e+02,1.200000000000000000e+02,1.200000000000000000e+02,1.085511867003959026e+02,1.085511921928793413e+02,1.085512015978686122e+02,1.085512082681203623e+02,1.085512249674717253e+02,1.085512290018904480e+02,1.085510213845262797e+02,1.085469885172094138e+02,1.084759771099141830e+02,1.072298298038611506e+02,8.636796322371742463e+01,8.416210864049597262e+01,8.255219687886625479e+01,8.228764309627607076e+01,8.761625567721858943e+01
1.200000000000000000e+02,1.200000000000000000e+02,1.200000000000000000e+02,1.200000000000000000e+02,1.200000000000000000e+02,1.200000000000000000e+02,1.200000000000000000e+02,1.200000000000000000e+02,1.200000000000000000e+02,1.200000000000000000e+02,1.085512286529900621e+02,1.085512222468129835e+02,1.085512237154535455e+02,1.085512303013856581e+02,1.085512345291938061e+02,1.085512395023227725e+02,1.085510278935017823e+02,1.085470010739312698e+02,1.084760956299740400e+02,1.072311676205624167e+02,8.638120828159007658e+01,8.420485099630249692e+01,8.265364526159157776e+01,8.245708724758414121e+01,8.778357524310573012e+01
1.200000000000000000e+02,1.200000000000000000e+02,1.200000000000000000e+02,1.200000000000000000e+02,1.200000000000000000e+02,1.200000000000000000e+02,1.200000000000000000e+02,1.200000000000000000e+02,1.200000000000000000e+02,1.200000000000000000e+02,1.085512199138506872e+02,1.085512168264727251e+02,1.085512187113213400e+02,1.085512260561504405e+02,1.085512373093842484e+02,1.085512352994433485e+02,1.085510294302266487e+02,1.085470079324524590e+02,1.084761895852868179e+02,1.072323091415852616e+02,8.639245099682291595e+01,8.424108852652447865e+01,8.273952697556028113e+01,8.260066124943278965e+01,8.792584149338313182e+01
1.200000000000000000e+02,1.200000000000000000e+02,1.200000000000000000e+02,1.200000000000000000e+02,1.200000000000000000e+02,1.200000000000000000e+02,1.200000000000000000e+02,1.200000000000000000e+02,1.200000000000000000e+02,1.200000000000000000e+02,1.085512126080162290e+02,1.085512077299897129e+02,1.085512139195129748e+02,1.085512213446855583e+02,1.085512331755247573e+02,1.085512379998750419e+02,1.085510259186746254e+02,1.085470159623469613e+02,1.084762698067431899e+02,1.072332764230783368e+02,8.640200334596583787e+01,8.427178176408183674e+01,8.281218403002137052e+01,8.272218314061228739e+01,8.804658482117953611e+01
1.200000000000000000e+02,1.200000000000000000e+02,1.200000000000000000e+02,1.200000000000000000e+02,1.200000000000000000e+02,1.200000000000000000e+02,1.200000000000000000e+02,1.200000000000000000e+02,1.200000000000000000e+02,1.200000000000000000e+02,1.085512014583568572e+02,1.085512031243622886e+02,1.085512050719035386e+02,1.085512174718253959e+02,1.085512289736115576e+02,1.085512342117523872e+02,1.085510289487130109e+02,1.085470179431469688e+02,1.084763404372630191e+02,1.072340981218888771e+02,8.641010388278429843e+01,8.429777539555070121e+01,8.287360794303667433e+01,8.282495292259901021e+01,8.814891612392807474e+01
1.200000000000000000e+02,1.200000000000000000e+02,1.200000000000000000e+02,1.200000000000000000e+02,1.200000000000000000e+02,1.200000000000000000e+02,1.200000000000000000e+02,1.200000000000000000e+02,1.200000000000000000e+02,1.200000000000000000e+02,1.085511871662738344e+02,1.085511927731571689e+02,1.085512023212912851e+02,1.085512091872714677e+02,1.085512261095072262e+02,1.085512306280291881e+02,1.085510259612374426e+02,1.085470253362853725e+02,1.084763957227486628e+02,1.072347986773661148e+02,8.641697116532689904e+01,8.431977209388824690e+01,8.292551789113176142e+01,8.291179588394395239e+01,8.823554518861766383e+01
1.200000000000000000e+02,1.200000000000000000e+02,1.200000000000000000e+02,1.200000000000000000e+02,1.200000000000000000e+02,1.200000000000000000e+02,1.200000000000000000e+02,1.200000000000000000e+02,1.200000000000000000e+02,1.200000000000000000e+02,1.085512289937905592e+02,1.085512226913313754e+02,1.085512242848469242e+02,1.085512310242173157e+02,1.085512354676073841e+02,1.085512408289748834e+02,1.085510317410850405e+02,1.085470324054672915e+02,1.084764518500049917e+02,1.072353909408946748e+02,8.642279879494942918e+01,8.433837873595746260e+01,8.296936733657911134e+01,8.298514519890134977e+01,8.830880840689177091e+01
1.200000000000000000e+02,1.200000000000000000e+02,1.200000000000000000e+02,1.200000000000000000e+02,1.200000000000000000e+02,1.200000000000000000e+02,1.200000000000000000e+02,1.200000000000000000e+02,1.200000000000000000e+02,1.200000000000000000e+02,1.085512202108043454e+02,1.085512172077705486e+02,1.085512192008328327e+02,1.085512266744001693e+02,1.085512380923162681e+02,1.085512364334492759e+02,1.085510326775492871e+02,1.085470345844500599e+02,1.084764926167010799e+02,1.072358964898924398e+02,8.642772664349134004e+01,8.435411785089935677e+01,8.300639349040928039e+01,8.304706824109563001e+01,8.837072660848261307e+01
1.200000000000000000e+02,1.200000000000000000e+02,1.200000000000000000e+02,1.200000000000000000e+02,1.200000000000000000e+02,1.200000000000000000e+02,1.200000000000000000e+02,1.200000000000000000e+02,1.200000000000000000e+02,1.200000000000000000e+02,1.085512128639878000e+02,1.085512080618750730e+02,1.085512143374113094e+02,1.085512218751540985e+02,1.085512338435031978e+02,1.085512389477743085e+02,1.085510286877861148e+02,1.085470386166370105e+02,1.084765274118508955e+02,1.072363218582286635e+02,8.643190663438076626e+01,8.436741709081326235e+01,8.303765631163516048e+01,8.309932533478477978e+01,8.842302477484535927e+01
1.200000000000000000e+02,1.200000000000000000e+02,1.200000000000000000e+02,1.200000000000000000e+02,1.200000000000000000e+02,1.200000000000000000e+02,1.200000000000000000e+02,1.200000000000000000e+02,1.200000000000000000e+02,1.200000000000000000e+02,1.085512016828108131e+02,1.085512034075699290e+02,1.085512054348992024e+02,1.085512179225212037e+02,1.085512295454837073e+02,1.085512350181686116e+02,1.085510312868527905e+02,1.085470372220497950e+02,1.084765592888321635e+02,1.072366820381518124e+02,8.643544066312959728e+01,8.437866119016842958e+01,8.306403967036325753e+01,8.314341877446770468e+01,8.846717614051472367e+01
1.200000000000000000e+02,1.200000000000000000e+02,1.200000000000000000e+02,1.200000000000000000e+02,1.200000000000000000e+02,1.200000000000000000e+02,1.200000000000000000e+02,1.200000000000000000e+02,1.200000000000000000e+02,1.200000000000000000e+02,1.085511873649555099e+02,1.085511930205265259e+02,1.085512026294021695e+02,1.085512095777969535e+02,1.085512265932009797e+02,1.085512313167690053e+02,1.085510279487503027e+02,1.085470417095140476e+02,1.084765815795292099e+02,1.072369898269828639e+02,8.643842910665480872e+01,8.438815954460262958e+01,8.308630774754421111e+01,8.318061094504166419e+01,8.850444049555521531e+01
1.200000000000000000e+02,1.200000000000000000e+02,1.200000000000000000e+02,1.200000000000000000e+02,1.200000000000000000e+02,1.200000000000000000e+02,1.200000000000000000e+02,1.200000000000000000e+02,1.200000000000000000e+02,1.200000000000000000e+02,1.085512291391595028e+02,1.085512228808540840e+02,1.085512245274405529e+02,1.085512313317083368e+02,1.085512358653690654e+02,1.085512413927386461e+02,1.085510334200571378e+02,1.085470463068752878e+02,1.084766095652971956e+02,1.072372481417099408e+02,8.644096407068732901e+01,8.439618172720575728e+01,8.310509741017266094e+01,8.321198190998360644e+01,8.853587945256542469e+01
1.200000000000000000e+02,1.200000000000000000e+02,1.200000000000000000e+02,1.200000000000000000e+02,1.200000000000000000e+02,1.200000000000000000e+02,1.200000000000000000e+02,1.200000000000000000e+02,1.200000000000000000e+02,1.200000000000000000e+02,1.085512203374830733e+02,1.085512173703784242e+02,1.085512194094338554e+02,1.085512269375691119e+02,1.085512384250057636e+02,1.085512369159870616e+02,1.085510340959613984e+02,1.085470463931185776e+02,1.084766263976906941e+02,1.072374698918799965e+02,8.644309876151450567e+01,8.440296152180781064e+01,8.312094811158600294e+01,8.323843805836301613e+01,8.856240132402943743e+01
1.200000000000000000e+02,1.200000000000000000e+02,1.200000000000000000e+02,1.200000000000000000e+02,1.200000000000000000e+02,1.200000000000000000e+02,1.200000000000000000e+02,1.200000000000000000e+02,1.200000000000000000e+02,1.200000000000000000e+02,1.085512129731932021e+02,1.085512082034298089e+02,1.085512145155676222e+02,1.085512221010337868e+02,1.085512341276252783e+02,1.085512393526105939e+02,1.085510298965052840e+02,1.085470486317118173e+02,1.084766408404496758e+02,1.072376542630064336e+02,8.644491059572621339e+01,8.440868061615144313e+01,8.313432442273403922e+01,8.326074620822834049e+01,8.858477059402943610e+01
1.200000000000000000e+02,1.200000000000000000e+02,1.200000000000000000e+02,1.200000000000000000e+02,1.200000000000000000e+02,1.200000000000000000e+02,1.200000000000000000e+02,1.200000000000000000e+02,1.200000000000000000e+02,1.200000000000000000e+02,1.085512017785791983e+02,1.085512035283758507e+02,1.085512055896792702e+02,1.085512181145675186e+02,1.085512297888655411e+02,1.085512353629227817e+02,1.085510323086122497e+02,1.085470457235104078e+02,1.084766554038317565e+02,1.072378099255207502e+02,8.644643785484753096e+01,8.441351394899982097e+01,8.314560429197273095e+01,8.327956034533505658e+01,8.860363425897611478e+01
1.200000000000000000e+02,1.200000000000000000e+02,1.200000000000000000e+02,1.200000000000000000e+02,1.200000000000000000e+02,1.200000000000000000e+02,1.200000000000000000e+02,1.200000000000000000e+02,1.200000000000000000e+02,1.200000000000000000e+02,1.085511874497333906e+02,1.085511931260599141e+02,1.085512027607985885e+02,1.085512097442500874e+02,1.085512267992990303e+02,1.085512316113625388e+02,1.085510288164196311e+02,1.085470489151135070e+02,1.084766630000790286e+02,1.072379442316735521e+02,8.644772662253652129e+01,8.441759232254395329e+01,8.315512222081171956e+01,8.329542167964845589e+01,8.861954394641651334e+01
1.200000000000000000e+02,1.200000000000000000e+02,1.200000000000000000e+02,1.200000000000000000e+02,1.200000000000000000e+02,1.200000000000000000e+02,1.200000000000000000e+02,1.200000000000000000e+02,1.200000000000000000e+02,1.200000000000000000e+02,1.085512292011940900e+02,1.085512229617164337e+02,1.085512246309186537e+02,1.085512314627941777e+02,1.085512360349103034e+02,1.085512416342603075e+02,1.085510341522457907e+02,1.085470524101947234e+02,1.084766784999979023e+02,1.072380554897459035e+02,8.644882259194639573e+01,8.442103360213202734e+01,8.316315050994383284e+01,8.330879803106832071e+01,8.863295742556252321e+01
1.200000000000000000e+02,1.200000000000000000e+02,1.200000000000000000e+02,1.200000000000000000e+02,1.200000000000000000e+02,1.200000000000000000e+02,1.200000000000000000e+02,1.200000000000000000e+02,1.200000000000000000e+02,1.200000000000000000e+02,1.085512203915453711e+02,1.085512174397627660e+02,1.085512194984218297e+02,1.085512270498008007e+02,1.085512385668562558e+02,1.085512371227167421e+02,1.085510347142389094e+02,1.085470515656418939e+02,1.084766847434406003e+02,1.072381526334753659e+02,8.644973950302346566e+01,8.442394265782583318e+01,8.316991992799033540e+01,8.332007661846994040e+01,8.864426909774061869e+01
1.200000000000000000e+02,1.200000000000000000e+02,1.200000000000000000e+02,1.200000000000000000e+02,1.200000000000000000e+02,1.200000000000000000e+02,1.200000000000000000e+02,1.200000000000000000e+02,1.200000000000000000e+02,1.200000000000000000e+02,1.085512130198008975e+02,1.085512082638361306e+02,1.085512145915762403e+02,1.085512221973759210e+02,1.085512342488347031e+02,1.085512395260781489e+02,1.085510304225526852e+02,1.085470530097319397e+02,1.084766902093544303e+02,1.072382314726085895e+02,8.645052111829073738e+01,8.442639183583894180e+01,8.317563374078520155e+01,8.332958496543447779e+01,8.865380685853003229e+01
1.200000000000000000e+02,1.200000000000000000e+02,1.200000000000000000e+02,1.200000000000000000e+02,1.200000000000000000e+02,1.200000000000000000e+02,1.200000000000000000e+02,1.200000000000000000e+02,1.200000000000000000e+02,1.200000000000000000e+02,1.085512018194540360e+02,1.085512035799310553e+02,1.085512056557228675e+02,1.085512181964914049e+02,1.085512298927079229e+02,1.085512355107034921e+02,1.085510327527265133e+02,1.085470494319422698e+02,1.084766971596216791e+02,1.072382977983205166e+02,8.645117711103679881e+01,8.442846336029109011e+01,8.318044888461437836e+01,8.333760556877282966e+01,8.866184775444888544e+01
1.200000000000000000e+02,1.200000000000000000e+02,1.200000000000000000e+02,1.200000000000000000e+02,1.200000000000000000e+02,1.200000000000000000e+02,1.200000000000000000e+02,1.200000000000000000e+02,1.200000000000000000e+02,1.200000000000000000e+02,1.085511874859189732e+02,1.085511931711000244e+02,1.085512028168684537e+02,1.085512098152692602e+02,1.085512268872500954e+02,1.085512317376073668e+02,1.085510291931395983e+02,1.085470520521746494e+02,1.084766983107881089e+02,1.072383564986091216e+02,8.645172926456461937e+01,8.443020947521979735e+01,8.318451306989445015e+01,8.334436571149508666e+01,8.866863019659429312e+01
1.200000000000000000e+02,1.200000000000000000e+02,1.200000000000000000e+02,1.200000000000000000e+02,1.200000000000000000e+02,1.200000000000000000e+02,1.200000000000000000e+02,1.200000000000000000e+02,1.200000000000000000e+02,1.200000000000000000e+02,1.085512292276734456e+02,1.085512229962293276e+02,1.085512246750783589e+02,1.085512315187275760e+02,1.085512361072789105e+02,1.085512417377671852e+02,1.085510344697070906e+02,1.085470550626971686e+02,1.084767083485450456e+02,1.072384038005297811e+02,8.645220260917407984e+01,8.443168154255837976e+01,8.318794077150828059e+01,8.335006817552780944e+01,8.867434703833977494e+01
1.200000000000000000e+02,1.200000000000000000e+02,1.200000000000000000e+02,1.200000000000000000e+02,1.200000000000000000e+02,1.200000000000000000e+02,1.200000000000000000e+02,1.200000000000000000e+02,1.200000000000000000e+02,1.200000000000000000e+02,1.085512204146225343e+02,1.085512174693780594e+02,1.085512195364005947e+02,1.085512270976939533e+02,1.085512386274080541e+02,1.085512372113067414e+02,1.085510349819880389e+02,1.085470538097247726e+02,1.084767099707126761e+02,1.072384468552755834e+02,8.645259337999732452e+01,8.443292812645118772e+01,8.319082948130235877e+01,8.335487646938250350e+01,8.867916887579076501e+01
1.200000000000000000e+02,1.200000000000000000e+02,1.200000000000000000e+02,1.200000000000000000e+02,1.200000000000000000e+02,1.200000000000000000e+02,1.200000000000000000e+02,1.200000000000000000e+02,1.200000000000000000e+02,1.200000000000000000e+02,1.085512130396966199e+02,1.085512082896203481e+02,1.085512146240172484e+02,1.085512222384924712e+02,1.085512343005803331e+02,1.085512396003946947e+02,1.085510306500884070e+02,1.085470549061742958e+02,1.084767115270861808e+02,1.072384799650147755e+02,8.645293047425299449e+01,8.443397395835557973e+01,8.319326993095899070e+01,8.335892938062559665e+01,8.868323459558465061e+01
1.200000000000000000e+02,1.200000000000000000e+02,1.200000000000000000e+02,1.200000000000000000e+02,1.200000000000000000e+02,1.200000000000000000e+02,1.200000000000000000e+02,1.200000000000000000e+02,1.200000000000000000e+02,1.200000000000000000e+02,1.085512018369030329e+02,1.085512036019380560e+02,1.085512056839121726e+02,1.085512182314564313e+02,1.085512299370434022e+02,1.085512355740021064e+02,1.085510329445932456e+02,1.085470510360388232e+02,1.084767151684920350e+02,1.072385076395858761e+02,8.645321097406018396e+01,8.443486098885773572e+01,8.319532407765510129e+01,8.336235021027715675e+01,8.868666172414708626e+01
1.200000000000000000e+02,1.200000000000000000e+02,1.200000000000000000e+02,1.200000000000000000e+02,1.200000000000000000e+02,1.200000000000000000e+02,1.200000000000000000e+02,1.200000000000000000e+02,1.200000000000000000e+02,1.200000000000000000e+02,1.085511875013665275e+02,1.085511931903265577e+02,1.085512028408017500e+02,1.085512098455819938e+02,1.085512269248013979e+02,1.085512317916702898e+02,1.085510293557132542e+02,1.085470534073134274e+02,1.084767135235532152e+02,1.072385336759901406e+02,8.645344599985979528e+01,8.443560741527592484e+01,8.319705947805630331e+01,8.336523199153542407e+01,8.868955408315645172e+01
1.200000000000000000e+02,1.200000000000000000e+02,1.200000000000000000e+02,1.200000000000000000e+02,1.200000000000000000e+02,1.200000000000000000e+02,1.200000000000000000e+02,1.200000000000000000e+02,1.200000000000000000e+02,1.200000000000000000e+02,1.085512292389777400e+02,1.085512230109624880e+02,1.085512246939284893e+02,1.085512315426026646e+02,1.085512361381789361e+02,1.085512417820853415e+02,1.085510346065783551e+02,1.085470562071501490e+02,1.084767211955143154e+02,1.072385533825174804e+02,8.645365154382488981e+01,8.443623583311371306e+01,8.319852296856804230e+01,8.336766431421624191e+01,8.869199100161340255e+01
1.200000000000000000e+02,1.200000000000000000e+02,1.200000000000000000e+02,1.200000000000000000e+02,1.200000000000000000e+02,1.200000000000000000e+02,1.200000000000000000e+02,1.200000000000000000e+02,1.200000000000000000e+02,1.200000000000000000e+02,1.085512204244745789e+02,1.085512174820207889e+02,1.085512195526128494e+02,1.085512271181377884e+02,1.085512386532635105e+02,1.085512372492288904e+02,1.085510350973162161e+02,1.085470547769006089e+02,1.084767208191437646e+02,1.072385731261160515e+02,8.645381620356423014e+01,8.443677049316562488e+01,8.319975498324131991e+01,8.336971524583637461e+01,8.869404734594917272e+01
1.200000000000000000e+02,1.200000000000000000e+02,1.200000000000000000e+02,1.200000000000000000e+02,1.200000000000000000e+02,1.200000000000000000e+02,1.200000000000000000e+02,1.200000000000000000e+02,1.200000000000000000e+02,1.200000000000000000e+02,1.085512130481906183e+02,1.085512083006278772e+02,1.085512146378659963e+02,1.085512222560442837e+02,1.085512343226755831e+02,1.085512396322011170e+02,1.085510307480075198e+02,1.085470557227043287e+02,1.084767206870834713e+02,1.072385865479781586e+02,8.645396240549563061e+01,8.443721559609575422e+01,8.320079811389445013e+01,8.337144311916479467e+01,8.869578127762373754e+01
1.200000000000000000e+02,1.200000000000000000e+02,1.200000000000000000e+02,1.200000000000000000e+02,1.200000000000000000e+02,1.200000000000000000e+02,1.200000000000000000e+02,1.200000000000000000e+02,1.200000000000000000e+02,1.200000000000000000e+02,1.085512018443525335e+02,1.085512036113332499e+02,1.085512056959461518e+02,1.085512182463827742e+02,1.085512299559747618e+02,1.085512356010863328e+02,1.085510330270986827e+02,1.085470517260745567e+02,1.084767229012267364e+02,1.072385975975354029e+02,8.645408176330542460e+01,8.443759574911383936e+01,8.320167371199934792e+01,8.337290340679192013e+01,8.869724226968580183e+01
1.200000000000000000e+02,1.200000000000000000e+02,1.200000000000000000e+02,1.200000000000000000e+02,1.200000000000000000e+02,1.200000000000000000e+02,1.200000000000000000e+02,1.200000000000000000e+02,1.200000000000000000e+02,1.200000000000000000e+02,1.085511875079616431e+02,1.085511931985348610e+02,1.085512028510191413e+02,1.085512098585226113e+02,1.085512269408360737e+02,1.085512318147979727e+02,1.085510294255689701e+02,1.085470539897840041e+02,1.084767200515485257e+02,1.072386095958703862e+02,8.645418077490018050e+01,8.443791450468999926e+01,8.320241508335936942e+01,8.337413196085927325e+01,8.869847676925820679e+01
1.200000000000000000e+02,1.200000000000000000e+02,1.200000000000000000e+02,1.200000000000000000e+02,1.200000000000000000e+02,1.200000000000000000e+02,1.200000000000000000e+02,1.200000000000000000e+02,1.200000000000000000e+02,1.200000000000000000e+02,1.085512292438040447e+02,1.085512230172525676e+02,1.085512247019759684e+02,1.085512315527953291e+02,1.085512361513735442e+02,1.085512418010420532e+02,1.085510346653529581e+02,1.085470566987032583e+02,1.084767267051991126e+02,1.072386174514527823e+02,8.645427152091707512e+01,8.443818209628375371e+01,8.320304017260563967e+01,8.337517016937536596e+01,8.869951573628402741e+01
1.200000000000000000e+02,1.200000000000000000e+02,1.200000000000000000e+02,1.200000000000000000e+02,1.200000000000000000e+02,1.200000000000000000e+02,1.200000000000000000e+02,1.200000000000000000e+02,1.200000000000000000e+02,1.200000000000000000e+02,1.085512204286808782e+02,1.085512174874184694e+02,1.085512195595342888e+02,1.085512271268657543e+02,1.085512386643041083e+02,1.085512372654464599e+02,1.085510351468106904e+02,1.085470551920389539e+02,1.084767254693610710e+02,1.072386271906252375e+02,8.645433929888588409e+01,8.443841233496080179e+01,8.320356504790794361e+01,8.337604546110634374e+01,8.870039326464596741e+01
1.200000000000000000e+02,1.200000000000000000e+02,1.200000000000000000e+02,1.200000000000000000e+02,1.200000000000000000e+02,1.200000000000000000e+02,1.200000000000000000e+02,1.200000000000000000e+02,1.200000000000000000e+02,1.200000000000000000e+02,1.085512130518171716e+02,1.085512083053274637e+02,1.085512146437784935e+02,1.085512222635377100e+02,1.085512343321104822e+02,1.085512396458013740e+02,1.085510307900063225e+02,1.085470560729759484e+02,1.084767246117806820e+02,1.072386321680310601e+02,8.645440374295941410e+01,8.443860061258180849e+01,8.320401174765638075e+01,8.337678191109607440e+01,8.870113314099644697e+01
1.200000000000000000e+02,1.200000000000000000e+02,1.200000000000000000e+02,1.200000000000000000e+02,1.200000000000000000e+02,1.200000000000000000e+02,1.200000000000000000e+02,1.200000000000000000e+02,1.200000000000000000e+02,1.200000000000000000e+02,1.085512018475331359e+02,1.085512036153445337e+02,1.085512057010839584e+02,1.085512182527554188e+02,1.085512299640586065e+02,1.085512356126655504e+02,1.085510330624695001e+02,1.085470520219259214e+02,1.084767262130710890e+02,1.072386360905939853e+02,8.645445410991858637e+01,8.443876409967944596e+01,8.320438428954932419e+01,8.337740610906070060e+01,8.870175586193950323e+01
1.200000000000000000e+02,1.200000000000000000e+02,1.200000000000000000e+02,1.200000000000000000e+02,1.200000000000000000e+02,1.200000000000000000e+02,1.200000000000000000e+02,1.200000000000000000e+02,1.200000000000000000e+02,1.200000000000000000e+02,1.085511875107775097e+02,1.085511932020393999e+02,1.085512028553814048e+02,1.085512098640475500e+02,1.085512269476830056e+02,1.085512318246842085e+02,1.085510294555030839e+02,1.085470542394002251e+02,1.084767228464187241e+02,1.072386420737435344e+02,8.645449490761043876e+01,8.443890007254756824e+01,8.320470135973435788e+01,8.337792955619846680e+01,8.870228344539496845e+01
1.200000000000000000e+02,1.200000000000000000e+02,1.200000000000000000e+02,1.200000000000000000e+02,1.200000000000000000e+02,1.200000000000000000e+02,1.200000000000000000e+02,1.200000000000000000e+02,1.200000000000000000e+02,1.200000000000000000e+02,1.085512292458646613e+02,1.085512230199381492e+02,1.085512247054118262e+02,1.085512315571470765e+02,1.085512361570077076e+02,1.085512418091447131e+02,1.085510346905288941e+02,1.085470569092688891e+02,1.084767290633482872e+02,1.072386448534025334e+02,8.645453653427891538e+01,8.443901346945676778e+01,8.320496857145049319e+01,8.337837311077657887e+01,8.870272625570345326e+01
1.200000000000000000e+02,1.200000000000000000e+02,1.200000000000000000e+02,1.200000000000000000e+02,1.200000000000000000e+02,1.200000000000000000e+02,1.200000000000000000e+02,1.200000000000000000e+02,1.200000000000000000e+02,1.200000000000000000e+02,1.085512204304768318e+02,1.085512174897230580e+02,1.085512195624894360e+02,1.085512271305921672e+02,1.085512386690185309e+02,1.085512372723774348e+02,1.085510351680041339e+02,1.085470553698040561e+02,1.084767274590986830e+02,1.072386503091176024e+02,8.645456286924229516e+01,8.443911363149797467e+01,8.320519159378467577e+01,8.337874689051196242e+01,8.870310102397704100e+01
1.200000000000000000e+02,1.200000000000000000e+02,1.200000000000000000e+02,1.200000000000000000e+02,1.200000000000000000e+02,1.200000000000000000e+02,1.200000000000000000e+02,1.200000000000000000e+02,1.200000000000000000e+02,1.200000000000000000e+02,1.085512130533655579e+02,1.085512083073340079e+02,1.085512146463028813e+02,1.085512222667370708e+02,1.085512343361392169e+02,1.085512396516132441e+02,1.085510308079841053e+02,1.085470562229150318e+02,1.084767262906641179e+02,1.072386516721533525e+02,8.645459234763139023e+01,8.443919218020529627e+01,8.320538369329142370e+01,8.337906037548604843e+01,8.870341689670875951e+01
1.200000000000000000e+02,1.200000000000000000e+02,1.200000000000000000e+02,1.200000000000000000e+02,1.200000000000000000e+02,1.200000000000000000e+02,1.200000000000000000e+02,1.200000000000000000e+02,1.200000000000000000e+02,1.200000000000000000e+02,1.085512018488911679e+02,1.085512036170571974e+02,1.085512057032775886e+02,1.085512182554762717e+02,1.085512299675104089e+02,1.085512356176132727e+02,1.085510330776058794e+02,1.085470521485318756e+02,1.084767276294801377e+02,1.072386525451200328e+02,8.645461321480841832e+01,8.443926310413218062e+01,8.320554148993704757e+01,8.337932784833188293e+01,8.870368202785780909e+01
1.200000000000000000e+02,1.200000000000000000e+02,1.200000000000000000e+02,1.200000000000000000e+02,1.200000000000000000e+02,1.200000000000000000e+02,1.200000000000000000e+02,1.200000000000000000e+02,1.200000000000000000e+02,1.200000000000000000e+02,1.085511875119797907e+02,1.085511932035357177e+02,1.085512028572439078e+02,1.085512098664064666e+02,1.085512269506066474e+02,1.085512318289081577e+02,1.085510294683095651e+02,1.085470543461924251e+02,1.084767240414951743e+02,1.072386559550661644e+02,8.645462912513009712e+01,8.443932099485957110e+01,8.320567743049910803e+01,8.337955043256570775e+01,8.870390802795591867e+01
1.200000000000000000e+02,1.200000000000000000e+02,1.200000000000000000e+02,1.200000000000000000e+02,1.200000000000000000e+02,1.200000000000000000e+02,1.200000000000000000e+02,1.200000000000000000e+02,1.200000000000000000e+02,1.200000000000000000e+02,1.085512292467445121e+02,1.085512230210847946e+02,1.085512247068788128e+02,1.085512315590050889e+02,1.085512361594135200e+02,1.085512418126064489e+02,1.085510347012973256e+02,1.085470569993333356e+02,1.084767300715106870e+02,1.072386565638124267e+02,8.645464975569518629e+01,8.443936852610231369e+01,8.320579186534295957e+01,8.337974023597155337e+01,8.870409648574035089e+01
1.200000000000000000e+02,1.200000000000000000e+02,1.200000000000000000e+02,1.200000000000000000e+02,1.200000000000000000e+02,1.200000000000000000e+02,1.200000000000000000e+02,1.200000000000000000e+02,1.200000000000000000e+02,1.200000000000000000e+02,1.085512204312436495e+02,1.085512174907070460e+02,1.085512195637511610e+02,1.085512271321832429e+02,1.085512386710315553e+02,1.085512372753383801e+02,1.085510351770673623e+02,1.085470554458231049e+02,1.084767283096272479e+02,1.072386601879075272e+02,8.645465837819016031e+01,8.443941312772190599e+01,8.320588602526528632e+01,8.337989999658277895e+01,8.870425673307171621e+01
1.200000000000000000e+02,1.200000000000000000e+02,1.200000000000000000e+02,1.200000000000000000e+02,1.200000000000000000e+02,1.200000000000000000e+02,1.200000000000000000e+02,1.200000000000000000e+02,1.200000000000000000e+02,1.200000000000000000e+02,1.085512130540266895e+02,1.085512083081907377e+02,1.085512146473807036e+02,1.085512222681030892e+02,1.085512343378594977e+02,1.085512396540959230e+02,1.085510308156707140e+02,1.085470562870229827e+02,1.084767270082192141e+02,1.072386600056986055e+02,8.645467291423815936e+01,8.443944480945566511e+01,8.320596943296699521e+01,8.338003297176224748e+01,8.870439167645243117e+01
1.200000000000000000e+02,1.200000000000000000e+02,1.200000000000000000e+02,1.200000000000000000e+02,1.200000000000000000e+02,1.200000000000000000e+02,1.200000000000000000e+02,1.200000000000000000e+02,1.200000000000000000e+02,1.200000000000000000e+02,1.085512018494709992e+02,1.085512036177884596e+02,1.085512057042142118e+02,1.085512182566379806e+02,1.085512299689843161e+02,1.085512356197267394e+02,1.085510330840765789e+02,1.085470522026546831e+02,1.084767282347818877e+02,1.072386595750791400e+02,8.645468117619822124e+01,8.443947619978536068e+01,8.320603555094903925e+01,8.338014819620455853e+01,8.870450420830249527e+01
1.200000000000000000e+02,1.200000000000000000e+02,1.200000000000000000e+02,1.200000000000000000e+02,1.200000000000000000e+02,1.200000000000000000e+02,1.200000000000000000e+02,1.200000000000000000e+02,1.200000000000000000e+02,1.200000000000000000e+02,1.085511875124931152e+02,1.085511932041746235e+02,1.085512028580391615e+02,1.085512098674136610e+02,1.085512269518550141e+02,1.085512318307123252e+02,1.085510294737835153e+02,1.085470543918385147e+02,1.084767245521570942e+02,1.072386618852291917e+02,8.645468645315118295e+01,8.443950074292745001e+01,8.320609416285307702e+01,8.338024236765559749e+01,8.870460150197260418e+01
1.200000000000000000e+02,1.200000000000000000e+02,1.200000000000000000e+02,1.200000000000000000e+02,1.200000000000000000e+02,1.200000000000000000e+02,1.200000000000000000e+02,1.200000000000000000e+02,1.200000000000000000e+02,1.200000000000000000e+02,1.085512292471201619e+02,1.085512230215743870e+02,1.085512247075051988e+02,1.085512315597984383e+02,1.085512361604407658e+02,1.085512418140850031e+02,1.085510347058995535e+02,1.085470570378247288e+02,1.084767305022636918e+02,1.072386615662312579e+02,8.645469811364836232e+01,8.443952014490788827e+01,8.320614337265003257e+01,8.338032386163921217e+01,8.870468140421439784e+01
1.200000000000000000e+02,1.200000000000000000e+02,1.200000000000000000e+02,1.200000000000000000e+02,1.200000000000000000e+02,1.200000000000000000e+02,1.200000000000000000e+02,1.200000000000000000e+02,1.200000000000000000e+02,1.200000000000000000e+02,1.085512204315710534e+02,1.085512174911271899e+02,1.085512195642898945e+02,1.085512271328625928e+02,1.085512386718911131e+02,1.085512372766030040e+02,1.085510351809403744e+02,1.085470554783081525e+02,1.084767286729993288e+02,1.072386644076625970e+02,8.645469916946053957e+01,8.443954101896547115e+01,8.320618251665433718e+01,8.338039226827081052e+01,8.870475009138425548e+01
1.200000000000000000e+02,1.200000000000000000e+02,1.200000000000000000e+02,1.200000000000000000e+02,1.200000000000000000e+02,1.200000000000000000e+02,1.200000000000000000e+02,1.200000000000000000e+02,1.200000000000000000e+02,1.200000000000000000e+02,1.085512130543089597e+02,1.085512083085565394e+02,1.085512146478408937e+02,1.085512222686863453e+02,1.085512343385940142e+02,1.085512396551562659e+02,1.085510308189551409e+02,1.085470563144153999e+02,1.084767273147589748e+02,1.072386635652216285e+02,8.645470732260621105e+01,8.443955268621763821e+01,8.320621951946122863e+01,8.338044819025354570e+01,8.870480780855262992e+01
1.200000000000000000e+02,1.200000000000000000e+02,1.200000000000000000e+02,1.200000000000000000e+02,1.200000000000000000e+02,1.200000000000000000e+02,1.200000000000000000e+02,1.200000000000000000e+02,1.200000000000000000e+02,1.200000000000000000e+02,1.085512018497185949e+02,1.085512036181006721e+02,1.085512057046141337e+02,1.085512182571340247e+02,1.085512299696136580e+02,1.085512356206293560e+02,1.085510330868412012e+02,1.085470522257786286e+02,1.084767284933507625e+02,1.072386625776684070e+02,8.645471020030304032e+01,8.443956719411839629e+01,8.320624649574011755e+01,8.338049842326599048e+01,8.870485520378298361e+01
1.200000000000000000e+02,1.200000000000000000e+02,1.200000000000000000e+02,1.200000000000000000e+02,1.200000000000000000e+02,1.200000000000000000e+02,1.200000000000000000e+02,1.200000000000000000e+02,1.200000000000000000e+02,1.200000000000000000e+02,1.085511875127123034e+02,1.085511932044474008e+02,1.085512028583787156e+02,1.085512098678437241e+02,1.085512269523880491e+02,1.085512318314828235e+02,1.085510294761220678e+02,1.085470544113392890e+02,1.084767247702863386e+02,1.072386644179842250e+02,8.645471093547538999e+01,8.443957749675820423e+01,8.320627209229016330e+01,8.338053777665955124e+01,8.870489755751481198e+01
1.200000000000000000e+02,1.200000000000000000e+02,1.200000000000000000e+02,1.200000000000000000e+02,1.200000000000000000e+02,1.200000000000000000e+02,1.200000000000000000e+02,1.200000000000000000e+02,1.200000000000000000e+02,1.200000000000000000e+02,1.085512292472805882e+02,1.085512230217834428e+02,1.085512247077726471e+02,1.085512315601371540e+02,1.085512361608794123e+02,1.085512418147164340e+02,1.085510347078655826e+02,1.085470570542677535e+02,1.084767306862508747e+02,1.072386637026780249e+02,8.645471876478997331e+01,8.443958488681445829e+01,8.320629345411677491e+01,8.338057303335295956e+01,8.870493112001550173e+01
1.200000000000000000e+02,1.200000000000000000e+02,1.200000000000000000e+02,1.200000000000000000e+02,1.200000000000000000e+02,1.200000000000000000e+02,1.200000000000000000e+02,1.200000000000000000e+02,1.200000000000000000e+02,1.200000000000000000e+02,1.085512204317108456e+02,1.085512174913065735e+02,1.085512195645198972e+02,1.085512271331526790e+02,1.085512386722581084e+02,1.085512372771430307e+02,1.085510351825948163e+02,1.085470554921845547e+02,1.084767288281995548e+02,1.072386662097942178e+02,8.645471658893443134e+01,8.443959562872362312e+01,8.320630910878051623e+01,8.338060244011096245e+01,8.870496072126164222e+01
1.200000000000000000e+02,1.200000000000000000e+02,1.200000000000000000e+02,1.200000000000000000e+02,1.200000000000000000e+02,1.200000000000000000e+02,1.200000000000000000e+02,1.200000000000000000e+02,1.200000000000000000e+02,1.200000000000000000e+02,1.085512130544294962e+02,1.085512083087127451e+02,1.085512146480374156e+02,1.085512222689353905e+02,1.085512343389076619e+02,1.085512396556090380e+02,1.085510308203580649e+02,1.085470563261157935e+02,1.084767274456805950e+02,1.072386650853486287e+02,8.645472201608262708e+01,8.443959874948738786e+01,8.320632629863324325e+01,8.338062546671147857e+01,8.870498547066590334e+01
1.200000000000000000e+02,1.200000000000000000e+02,1.200000000000000000e+02,1.200000000000000000e+02,1.200000000000000000e+02,1.200000000000000000e+02,1.200000000000000000e+02,1.200000000000000000e+02,1.200000000000000000e+02,1.200000000000000000e+02,1.085512018498243094e+02,1.085512036182339983e+02,1.085512057047848771e+02,1.085512182573458233e+02,1.085512299698823568e+02,1.085512356210147829e+02,1.085510330880220522e+02,1.085470522356553289e+02,1.084767286037806144e+02,1.072386638599227950e+02,8.645472259434359330e+01,8.443960604840670214e+01,8.320633656293483682e+01,8.338064795323921885e+01,8.870500505853827633e+01
1.200000000000000000e+02,1.200000000000000000e+02,1.200000000000000000e+02,1.200000000000000000e+02,1.200000000000000000e+02,1.200000000000000000e+02,1.200000000000000000e+02,1.200000000000000000e+02,1.200000000000000000e+02,1.200000000000000000e+02,1.085511875128058819e+02,1.085511932045639014e+02,1.085512028585236806e+02,1.085512098680273425e+02,1.085512269526156501e+02,1.085512318318118474e+02,1.085510294771208919e+02,1.085470544196681288e+02,1.084767248634424845e+02,1.072386654995747222e+02,8.645472138992370503e+01,8.443961027025019916e+01,8.320634806314099308e+01,8.338066390305408504e+01,8.870502395749025482e+01
1.200000000000000000e+02,1.200000000000000000e+02,1.200000000000000000e+02,1.200000000000000000e+02,1.200000000000000000e+02,1.200000000000000000e+02,1.200000000000000000e+02,1.200000000000000000e+02,1.200000000000000000e+02,1.200000000000000000e+02,1.085512292473490845e+02,1.085512230218726870e+02,1.085512247078868313e+02,1.085512315602817921e+02,1.085512361610667114e+02,1.085512418149860707e+02,1.085510347087052594e+02,1.085470570612904027e+02,1.084767307648240688e+02,1.072386646150127518e+02,8.645472758314615191e+01,8.443961253116830790e+01,8.320635753484776842e+01,8.338067941929956817e+01,8.870503773642747092e+01
1.200000000000000000e+02,1.200000000000000000e+02,1.200000000000000000e+02,1.200000000000000000e+02,1.200000000000000000e+02,1.200000000000000000e+02,1.200000000000000000e+02,1.200000000000000000e+02,1.200000000000000000e+02,1.200000000000000000e+02,1.085512204317705311e+02,1.085512174913831700e+02,1.085512195646181226e+02,1.085512271332765266e+02,1.085512386724148257e+02,1.085512372773736445e+02,1.085510351833013942e+02,1.085470554981108080e+02,1.084767288944775601e+02,1.072386669793534253e+02,8.645472402724506367e+01,8.443961894663961232e+01,8.320636316033147750e+01,8.338069217533269750e+01,8.870505065067735018e+01
1.200000000000000000e+02,1.200000000000000000e+02,1.200000000000000000e+02,1.200000000000000000e+02,1.200000000000000000e+02,1.200000000000000000e+02,1.200000000000000000e+02,1.200000000000000000e+02,1.200000000000000000e+02,1.200000000000000000e+02,1.085512130544809679e+02,1.085512083087794366e+02,1.085512146481213307e+02,1.085512222690417161e+02,1.085512343390415992e+02,1.085512396558023909e+02,1.085510308209571946e+02,1.085470563311126284e+02,1.084767275015893802e+02,1.072386657344756031e+02,8.645472829030757111e+01,8.443961841806506641e+01,8.320637189066736994e+01,8.338070115732628551e+01,8.870506132492049289e+01
1.200000000000000000e+02,1.200000000000000000e+02,1.200000000000000000e+02,1.200000000000000000e+02,1.200000000000000000e+02,1.200000000000000000e+02,1.200000000000000000e+02,1.200000000000000000e+02,1.200000000000000000e+02,1.200000000000000000e+02,1.085512018498694431e+02,1.085512036182909128e+02,1.085512057048578072e+02,1.085512182574362612e+02,1.085512299699970953e+02,1.085512356211793730e+02,1.085510330885263386e+02,1.085470522398732101e+02,1.084767286509378010e+02,1.072386644074666577e+02,8.645472788665215091e+01,8.443962263877527619e+01,8.320637501944777625e+01,8.338071179744314065e+01,8.870506904065281617e+01
1.200000000000000000e+02,1.200000000000000000e+02,1.200000000000000000e+02,1.200000000000000000e+02,1.200000000000000000e+02,1.200000000000000000e+02,1.200000000000000000e+02,1.200000000000000000e+02,1.200000000000000000e+02,1.200000000000000000e+02,1.085511875128458854e+02,1.085511932046136252e+02,1.085512028585855973e+02,1.085512098681057580e+02,1.085512269527128382e+02,1.085512318319523217e+02,1.085510294775474733e+02,1.085470544232248926e+02,1.084767249032226459e+02,1.072386659614270741e+02,8.645472585398853482e+01,8.443962426415195921e+01,8.320638050091226035e+01,8.338071775497368776e+01,8.870507792565447858e+01
1.200000000000000000e+02,1.200000000000000000e+02,1.200000000000000000e+02,1.200000000000000000e+02,1.200000000000000000e+02,1.200000000000000000e+02,1.200000000000000000e+02,1.200000000000000000e+02,1.200000000000000000e+02,1.200000000000000000e+02,1.085512292473783162e+02,1.085512230219108005e+02,1.085512247079355745e+02,1.085512315603435667e+02,1.085512361611466616e+02,1.085512418151012071e+02,1.085510347090638277e+02,1.085470570642893335e+02,1.084767307983764510e+02,1.072386650045873182e+02,8.645473134857547848e+01,8.443962433496439246e+01,8.320638489585866182e+01,8.338072484286522013e+01,8.870508325797403870e+01
1.200000000000000000e+02,1.200000000000000000e+02,1.200000000000000000e+02,1.200000000000000000e+02,1.200000000000000000e+02,1.200000000000000000e+02,1.200000000000000000e+02,1.200000000000000000e+02,1.200000000000000000e+02,1.200000000000000000e+02,1.085512204317960538e+02,1.085512174914158692e+02,1.085512195646600873e+02,1.085512271333293910e+02,1.085512386724817446e+02,1.085512372774720973e+02,1.085510351836031333e+02,1.085470555006415196e+02,1.084767289227793157e+02,1.072386673079591191e+02,8.645472720338027273e+01,8.443962890308357316e+01,8.320638623914240384e+01,8.338073048968108480e+01,8.870508904762829161e+01
1.200000000000000000e+02,1.200000000000000000e+02,1.200000000000000000e+02,1.200000000000000000e+02,1.200000000000000000e+02,1.200000000000000000e+02,1.200000000000000000e+02,1.200000000000000000e+02,1.200000000000000000e+02,1.200000000000000000e+02,1.085512130545029379e+02,1.085512083088079009e+02,1.085512146481571421e+02,1.085512222690871340e+02,1.085512343390987553e+02,1.085512396558849559e+02,1.085510308212130468e+02,1.085470563332464025e+02,1.084767275254630761e+02,1.072386660116542316e+02,8.645473096937004698e+01,8.443962681627711220e+01,8.320639135747596526e+01,8.338073347513417843e+01,8.870509371236582297e+01
1.200000000000000000e+02,1.200000000000000000e+02,1.200000000000000000e+02,1.200000000000000000e+02,1.200000000000000000e+02,1.200000000000000000e+02,1.200000000000000000e+02,1.200000000000000000e+02,1.200000000000000000e+02,1.200000000000000000e+02,1.085512018498887130e+02,1.085512036183152134e+02,1.085512057048889289e+02,1.085512182574748579e+02,1.085512299700461085e+02,1.085512356212496314e+02,1.085510330887416757e+02,1.085470522416743222e+02,1.084767286710742837e+02,1.072386646412676612e+02,8.645473014643260967e+01,8.443962972262528410e+01,8.320639143956115902e+01,8.338073905723493340e+01,8.870509635915639990e+01
1.200000000000000000e+02,1.200000000000000000e+02,1.200000000000000000e+02,1.200000000000000000e+02,1.200000000000000000e+02,1.200000000000000000e+02,1.200000000000000000e+02,1.200000000000000000e+02,1.200000000000000000e+02,1.200000000000000000e+02,1.085511875128629384e+02,1.085511932046348562e+02,1.085512028586120294e+02,1.085512098681392388e+02,1.085512269527543197e+02,1.085512318320123484e+02,1.085510294777295712e+02,1.085470544247437346e+02,1.084767249202089374e+02,1.072386661586368035e+02,8.645472776010799976e+01,8.443963023934118439e+01,8.320639435116380866e+01,8.338074074837922467e+01,8.870510096856553162e+01
1.200000000000000000e+02,1.200000000000000000e+02,1.200000000000000000e+02,1.200000000000000000e+02,1.200000000000000000e+02,1.200000000000000000e+02,1.200000000000000000e+02,1.200000000000000000e+02,1.200000000000000000e+02,1.200000000000000000e+02,1.085512292473907934e+02,1.085512230219270862e+02,1.085512247079563934e+02,1.085512315603699278e+02,1.085512361611808103e+02,1.085512418151503624e+02,1.085510347092169638e+02,1.085470570655698879e+02,1.084767308127034084e+02,1.072386651709339134e+02,8.645473295637853539e+01,8.443962937500596411e+01,8.320639657844911596e+01,8.338074423761838716e+01,8.870510269446781138e+01
1.200000000000000000e+02,1.200000000000000000e+02,1.200000000000000000e+02,1.200000000000000000e+02,1.200000000000000000e+02,1.200000000000000000e+02,1.200000000000000000e+02,1.200000000000000000e+02,1.200000000000000000e+02,1.200000000000000000e+02,1.085512204318069109e+02,1.085512174914298384e+02,1.085512195646779787e+02,1.085512271333519720e+02,1.085512386725102942e+02,1.085512372775141472e+02,1.085510351837319689e+02,1.085470555017221415e+02,1.084767289348641413e+02,1.072386674482716984e+02,8.645472855955679847e+01,8.443963315433026651e+01,8.320639609332845055e+01,8.338074684900273326e+01,8.870510544214891979e+01
1.200000000000000000e+02,1.200000000000000000e+02,1.200000000000000000e+02,1.200000000000000000e+02,1.200000000000000000e+02,1.200000000000000000e+02,1.200000000000000000e+02,1.200000000000000000e+02,1.200000000000000000e+02,1.200000000000000000e+02,1.085512130545123171e+02,1.085512083088200654e+02,1.085512146481724329e+02,1.085512222691065318e+02,1.085512343391231695e+02,1.085512396559202131e+02,1.085510308213222999e+02,1.085470563341575172e+02,1.084767275356570906e+02,1.072386661300073172e+02,8.645473211329914420e+01,8.443963040218042693e+01,8.320639966941527632e+01,8.338074727409735942e+01,8.870510754101047723e+01
1.200000000000000000e+02,1.200000000000000000e+02,1.200000000000000000e+02,1.200000000000000000e+02,1.200000000000000000e+02,1.200000000000000000e+02,1.200000000000000000e+02,1.200000000000000000e+02,1.200000000000000000e+02,1.200000000000000000e+02,1.085512018498969411e+02,1.085512036183256015e+02,1.085512057049022161e+02,1.085512182574913567e+02,1.085512299700670411e+02,1.085512356212796590e+02,1.085510330888336341e+02,1.085470522424433995e+02,1.084767286796724619e+02,1.072386647410985887e+02,8.645473111133111388e+01,8.443963274731491708e+01,8.320639845062632389e+01,8.338075069655796767e+01,8.870510802350945312e+01
1.200000000000000000e+02,1.200000000000000000e+02,1.200000000000000000e+02,1.200000000000000000e+02,1.200000000000000000e+02,1.200000000000000000e+02,1.200000000000000000e+02,1.200000000000000000e+02,1.200000000000000000e+02,1.200000000000000000e+02,1.085511875128702144e+02,1.085511932046439370e+02,1.085512028586232987e+02,1.085512098681535065e+02,1.085512269527720406e+02,1.085512318320379421e+02,1.085510294778073614e+02,1.085470544253922611e+02,1.084767249274619871e+02,1.072386662428433510e+02,8.645472857399629163e+01,8.443963279064908534e+01,8.320640026495151176e+01,8.338075056606295732e+01,8.870511080735846576e+01
1.200000000000000000e+02,1.200000000000000000e+02,1.200000000000000000e+02,1.200000000000000000e+02,1.200000000000000000e+02,1.200000000000000000e+02,1.200000000000000000e+02,1.200000000000000000e+02,1.200000000000000000e+02,1.200000000000000000e+02,1.085512292473961224e+02,1.085512230219340353e+02,1.085512247079652894e+02,1.085512315603811828e+02,1.085512361611953907e+02,1.085512418151713661e+02,1.085510347092823338e+02,1.085470570661166931e+02,1.084767308188208830e+02,1.072386652419620248e+02,8.645473364288851315e+01,8.443963152702016828e+01,8.320640156668990528e+01,8.338075251876504979e+01,8.870511099341567274e+01
1.200000000000000000e+02,1.200000000000000000e+02,1.200000000000000000e+02,1.200000000000000000e+02,1.200000000000000000e+02,1.200000000000000000e+02,1.200000000000000000e+02,1.200000000000000000e+02,1.200000000000000000e+02,1.200000000000000000e+02,1.085512204318115721e+02,1.085512174914358070e+02,1.085512195646856384e+02,1.085512271333616070e+02,1.085512386725225156e+02,1.085512372775321097e+02,1.085510351837869791e+02,1.085470555021835537e+02,1.084767289400242731e+02,1.072386675081834824e+02,8.645472913862491282e+01,8.443963496954130221e+01,8.320640030087747618e+01,8.338075383409157837e+01,8.870511244225134817e+01
1.200000000000000000e+02,1.200000000000000000e+02,1.200000000000000000e+02,1.200000000000000000e+02,1.200000000000000000e+02,1.200000000000000000e+02,1.200000000000000000e+02,1.200000000000000000e+02,1.200000000000000000e+02,1.200000000000000000e+02,1.085512130545163245e+02,1.085512083088252666e+02,1.085512146481789557e+02,1.085512222691148025e+02,1.085512343391336287e+02,1.085512396559352624e+02,1.085510308213689541e+02,1.085470563345465678e+02,1.084767275400098185e+02,1.072386661805426087e+02,8.645473260174010477e+01,8.443963193330044703e+01,8.320640321845560550e+01,8.338075316597164033e+01,8.870511344554655864e+01
1.200000000000000000e+02,1.200000000000000000e+02,1.200000000000000000e+02,1.200000000000000000e+02,1.200000000000000000e+02,1.200000000000000000e+02,1.200000000000000000e+02,1.200000000000000000e+02,1.200000000000000000e+02,1.200000000000000000e+02,1.085512018499004654e+02,1.085512036183300211e+02,1.085512057049078862e+02,1.085512182574983768e+02,1.085512299700759655e+02,1.085512356212924630e+02,1.085510330888728845e+02,1.085470522427717839e+02,1.084767286833437794e+02,1.072386647837250280e+02,8.645473152332822053e+01,8.443963403880583485e+01,8.320640144421895457e+01,8.338075566631387403e+01,8.870511300394414889e+01
1.200000000000000000e+02,1.200000000000000000e+02,1.200000000000000000e+02,1.200000000000000000e+02,1.200000000000000000e+02,1.200000000000000000e+02,1.200000000000000000e+02,1.200000000000000000e+02,1.200000000000000000e+02,1.200000000000000000e+02,1.085511875128733408e+02,1.085511932046478023e+02,1.085512028586281303e+02,1.085512098681596314e+02,1.085512269527796008e+02,1.085512318320488987e+02,1.085510294778405580e+02,1.085470544256691596e+02,1.084767249305589445e+02,1.072386662787983624e+02,8.645472892151396138e+01,8.443963388001374426e+01,8.320640279002802231e+01,8.338075475801842629e+01,8.870511500832077445e+01
1.200000000000000000e+02,1.200000000000000000e+02,1.200000000000000000e+02,1.200000000000000000e+02,1.200000000000000000e+02,1.200000000000000000e+02,1.200000000000000000e+02,1.200000000000000000e+02,1.200000000000000000e+02,1.200000000000000000e+02,1.085512292473984104e+02,1.085512230219370053e+02,1.085512247079690837e+02,1.085512315603859861e+02,1.085512361612016292e+02,1.085512418151803189e+02,1.085510347093102581e+02,1.085470570663501775e+02,1.084767308214329518e+02,1.072386652722900351e+02,8.645473393601744760e+01,8.443963244589301098e+01,8.320640369657569124e+01,8.338075605465186868e+01,8.870511453689856296e+01
1.200000000000000000e+02,1.200000000000000000e+02,1.200000000000000000e+02,1.200000000000000000e+02,1.200000000000000000e+02,1.200000000000000000e+02,1.200000000000000000e+02,1.200000000000000000e+02,1.200000000000000000e+02,1.200000000000000000e+02,1.085512204318135616e+02,1.085512174914383507e+02,1.085512195646888927e+02,1.085512271333657282e+02,1.085512386725277167e+02,1.085512372775397836e+02,1.085510351838104555e+02,1.085470555023805872e+02,1.084767289422275809e+02,1.072386675337648967e+02,8.645472938587774081e+01,8.443963574460494215e+01,8.320640209742278159e+01,8.338075681658861527e+01,8.870511543115549102e+01
1.200000000000000000e+02,1.200000000000000000e+02,1.200000000000000000e+02,1.200000000000000000e+02,1.200000000000000000e+02,1.200000000000000000e+02,1.200000000000000000e+02,1.200000000000000000e+02,1.200000000000000000e+02,1.200000000000000000e+02,1.085512130545180156e+02,1.085512083088274835e+02,1.085512146481817410e+02,1.085512222691183268e+02,1.085512343391380483e+02,1.085512396559416857e+02,1.085510308213888777e+02,1.085470563347126784e+02,1.084767275418683710e+02,1.072386662021203705e+02,8.645473281029637747e+01,8.443963258706200747e+01,8.320640473383026858e+01,8.338075568168844143e+01,8.870511596666716514e+01
1.200000000000000000e+02,1.200000000000000000e+02,1.200000000000000000e+02,1.200000000000000000e+02,1.200000000000000000e+02,1.200000000000000000e+02,1.200000000000000000e+02,1.200000000000000000e+02,1.200000000000000000e+02,1.200000000000000000e+02,1.085512018499019575e+02,1.085512036183319111e+02,1.085512057049103305e+02,1.085512182575014037e+02,1.085512299700797740e+02,1.085512356212979341e+02,1.085510330888896391e+02,1.085470522429120166e+02,1.084767286849114072e+02,1.072386648019258786e+02,8.645473169924420631e+01,8.443963459024980978e+01,8.320640272242788171e+01,8.338075778830479123e+01,8.870511513049275720e+01
1.200000000000000000e+02,1.200000000000000000e+02,1.200000000000000000e+02,1.200000000000000000e+02,1.200000000000000000e+02,1.200000000000000000e+02,1.200000000000000000e+02,1.200000000000000000e+02,1.200000000000000000e+02,1.200000000000000000e+02,1.085511875128746482e+02,1.085511932046494650e+02,1.085512028586301909e+02,1.085512098681622462e+02,1.085512269527828266e+02,1.085512318320535599e+02,1.085510294778547689e+02,1.085470544257873939e+02,1.084767249318813072e+02,1.072386662941505762e+02,8.645472906989824935e+01,8.443963434515335109e+01,8.320640386818932654e+01,8.338075654790395674e+01,8.870511680205072480e+01
1.200000000000000000e+02,1.200000000000000000e+02,1.200000000000000000e+02,1.200000000000000000e+02,1.200000000000000000e+02,1.200000000000000000e+02,1.200000000000000000e+02,1.200000000000000000e+02,1.200000000000000000e+02,1.200000000000000000e+02,1.085512292473993767e+02,1.085512230219382417e+02,1.085512247079707322e+02,1.085512315603880324e+02,1.085512361612042582e+02,1.085512418151841416e+02,1.085510347093221810e+02,1.085470570664498524e+02,1.084767308225482907e+02,1.072386652852395912e+02,8.645473406117855575e+01,8.443963283823556765e+01,8.320640460599794608e+01,8.338075756440892405e+01,8.870511604989799537e+01
1.200000000000000000e+02,1.200000000000000000e+02,1.200000000000000000e+02,1.200000000000000000e+02,1.200000000000000000e+02,1.200000000000000000e+02,1.200000000000000000e+02,1.200000000000000000e+02,1.200000000000000000e+02,1.200000000000000000e+02,1.085512204318144001e+02,1.085512174914394308e+02,1.085512195646902853e+02,1.085512271333675045e+02,1.085512386725299478e+02,1.085512372775430379e+02,1.085510351838204883e+02,1.085470555024647012e+02,1.084767289431683395e+02,1.072386675446877433e+02,8.645472949145050734e+01,8.443963607554339035e+01,8.320640286451485679e+01,8.338075809005904659e+01,8.870511670736084398e+01
1.200000000000000000e+02,1.200000000000000000e+02,1.200000000000000000e+02,1.200000000000000000e+02,1.200000000000000000e+02,1.200000000000000000e+02,1.200000000000000000e+02,1.200000000000000000e+02,1.200000000000000000e+02,1.200000000000000000e+02,1.085512130545187688e+02,1.085512083088284214e+02,1.085512146481829205e+02,1.085512222691198190e+02,1.085512343391399668e+02,1.085512396559444426e+02,1.085510308213973616e+02,1.085470563347836048e+02,1.084767275426619477e+02,1.072386662113337366e+02,8.645473289934639638e+01,8.443963286620665087e+01,8.320640538086759364e+01,8.338075675585268698e+01,8.870511704313817347e+01
1.200000000000000000e+02,1.200000000000000000e+02,1.200000000000000000e+02,1.200000000000000000e+02,1.200000000000000000e+02,1.200000000000000000e+02,1.200000000000000000e+02,1.200000000000000000e+02,1.200000000000000000e+02,1.200000000000000000e+02,1.085512018499025970e+02,1.085512036183327211e+02,1.085512057049113679e+02,1.085512182575026685e+02,1.085512299700813941e+02,1.085512356213002931e+02,1.085510330888968014e+02,1.085470522429718727e+02,1.084767286855807384e+02,1.072386648096973261e+02,8.645473177435728473e+01,8.443963482570660517e+01,8.320640326819984978e+01,8.338075869435553500e+01,8.870511603848919435e+01
1.200000000000000000e+02,1.200000000000000000e+02,1.200000000000000000e+02,1.200000000000000000e+02,1.200000000000000000e+02,1.200000000000000000e+02,1.200000000000000000e+02,1.200000000000000000e+02,1.200000000000000000e+02,1.200000000000000000e+02,1.085511875128752308e+02,1.085511932046501471e+02,1.085512028586310720e+02,1.085512098681633404e+02,1.085512269527842193e+02,1.085512318320555352e+02,1.085510294778607943e+02,1.085470544258378993e+02,1.084767249324459328e+02,1.072386663007057166e+02,8.645472913325576769e+01,8.443963454375965227e+01,8.320640432854462176e+01,8.338075731215204200e+01,8.870511756793995062e+01
1.200000000000000000e+02,1.200000000000000000e+02,1.200000000000000000e+02,1.200000000000000000e+02,1.200000000000000000e+02,1.200000000000000000e+02,1.200000000000000000e+02,1.200000000000000000e+02,1.200000000000000000e+02,1.200000000000000000e+02,1.085512292473997888e+02,1.085512230219387959e+02,1.085512247079714143e+02,1.085512315603889135e+02,1.085512361612054093e+02,1.085512418151858043e+02,1.085510347093272543e+02,1.085470570664924139e+02,1.084767308230245391e+02,1.072386652907687932e+02,8.645473411462018021e+01,8.443963300575885000e+01,8.320640499430473369e+01,8.338075820904744262e+01,8.870511669592070803e+01
1.200000000000000000e+02,1.200000000000000000e+02,1.200000000000000000e+02,1.200000000000000000e+02,1.200000000000000000e+02,1.200000000000000000e+02,1.200000000000000000e+02,1.200000000000000000e+02,1.200000000000000000e+02,1.200000000000000000e+02,1.085512204318147553e+02,1.085512174914398997e+02,1.085512195646908822e+02,1.085512271333682435e+02,1.085512386725309000e+02,1.085512372775444589e+02,1.085510351838248084e+02,1.085470555025006121e+02,1.084767289435700519e+02,1.072386675493516321e+02,8.645472953652816273e+01,8.443963621684825682e+01,8.320640319204927948e+01,8.338075863380757369e+01,8.870511725227696331e+01
1.200000000000000000e+02,1.200000000000000000e+02,1.200000000000000000e+02,1.200000000000000000e+02,1.200000000000000000e+02,1.200000000000000000e+02,1.200000000000000000e+02,1.200000000000000000e+02,1.200000000000000000e+02,1.200000000000000000e+02,1.085512130545190672e+02,1.085512083088288477e+02,1.085512146481834321e+02,1.085512222691204869e+02,1.085512343391407768e+02,1.085512396559456079e+02,1.085510308214009854e+02,1.085470563348139024e+02,1.084767275430007629e+02,1.072386662152676564e+02,8.645473293736920084e+01,8.443963298539637208e+01,8.320640565714083436e+01,8.338075721450118749e+01,8.870511750277150043e+01
1.200000000000000000e+02,1.200000000000000000e+02,1.200000000000000000e+02,1.200000000000000000e+02,1.200000000000000000e+02,1.200000000000000000e+02,1.200000000000000000e+02,1.200000000000000000e+02,1.200000000000000000e+02,1.200000000000000000e+02,1.085512018499028812e+02,1.085512036183330622e+02,1.085512057049118084e+02,1.085512182575032227e+02,1.085512299700820904e+02,1.085512356213012737e+02,1.085510330888998709e+02,1.085470522429974238e+02,1.084767286858665614e+02,1.072386648130155749e+02,8.645473180642925115e+01,8.443963492624250478e+01,8.320640350123457551e+01,8.338075908122270619e+01,8.870511642618701842e+01
1.200000000000000000e+02,1.200000000000000000e+02,1.200000000000000000e+02,1.200000000000000000e+02,1.200000000000000000e+02,1.200000000000000000e+02,1.200000000000000000e+02,1.200000000000000000e+02,1.200000000000000000e+02,1.200000000000000000e+02,1.085511875128754440e+02,1.085511932046504739e+02,1.085512028586314415e+02,1.085512098681638236e+02,1.085512269527847877e+02,1.085512318320564020e+02,1.085510294778634091e+02,1.085470544258594288e+02,1.084767249326870058e+02,1.072386663035046581e+02,8.645472916030826127e+01,8.443963462856100932e+01,8.320640452510804153e+01,8.338075763847201927e+01,8.870511789496065091e+01
1.200000000000000000e+02,1.200000000000000000e+02,1.200000000000000000e+02,1.200000000000000000e+02,1.200000000000000000e+02,1.200000000000000000e+02,1.200000000000000000e+02,1.200000000000000000e+02,1.200000000000000000e+02,1.200000000000000000e+02,1.085512292473999736e+02,1.085512230219390375e+02,1.085512247079716843e+02,1.085512315603892688e+02,1.085512361612058925e+02,1.085512418151864722e+02,1.085510347093294286e+02,1.085470570665106180e+02,1.084767308232278538e+02,1.072386652931296851e+02,8.645473413743883384e+01,8.443963307728829193e+01,8.320640516010476517e+01,8.338075848429636494e+01,8.870511697176058874e+01
1.200000000000000000e+02,1.200000000000000000e+02,1.200000000000000000e+02,1.200000000000000000e+02,1.200000000000000000e+02,1.200000000000000000e+02,1.200000000000000000e+02,1.200000000000000000e+02,1.200000000000000000e+02,1.200000000000000000e+02,1.085512204318149116e+02,1.085512174914400987e+02,1.085512195646911380e+02,1.085512271333685419e+02,1.085512386725312979e+02,1.085512372775450416e+02,1.085510351838265990e+02,1.085470555025159740e+02,1.084767289437415485e+02,1.072386675513430276e+02,8.645472955577555751e+01,8.443963627718291320e+01,8.320640333190054605e+01,8.338075886597832209e+01,8.870511748494622850e+01
1.200000000000000000e+02,1.200000000000000000e+02,1.200000000000000000e+02,1.200000000000000000e+02,1.200000000000000000e+02,1.200000000000000000e+02,1.200000000000000000e+02,1.200000000000000000e+02,1.200000000000000000e+02,1.200000000000000000e+02,1.085512130545192235e+02,1.085512083088289899e+02,1.085512146481836737e+02,1.085512222691207711e+02,1.085512343391411179e+02,1.085512396559461052e+02,1.085510308214025628e+02,1.085470563348268058e+02,1.084767275431454721e+02,1.072386662169473937e+02,8.645473295360424970e+01,8.443963303628827077e+01,8.320640577510454250e+01,8.338075741033574673e+01,8.870511769902653043e+01
1.200000000000000000e+02,1.200000000000000000e+02,1.200000000000000000e+02,1.200000000000000000e+02,1.200000000000000000e+02,1.200000000000000000e+02,1.200000000000000000e+02,1.200000000000000000e+02,1.200000000000000000e+02,1.200000000000000000e+02,1.085512018499029665e+02,1.085512036183332469e+02,1.085512057049119647e+02,1.085512182575034501e+02,1.085512299700823888e+02,1.085512356213016716e+02,1.085510330889011783e+02,1.085470522430083662e+02,1.084767286859885616e+02,1.072386648144324539e+02,8.645473182012339919e+01,8.443963496916947520e+01,8.320640360073625175e+01,8.338075924640797609e+01,8.870511659172692021e+01
1.200000000000000000e+02,1.200000000000000000e+02,1.200000000000000000e+02,1.200000000000000000e+02,1.200000000000000000e+02,1.200000000000000000e+02,1.200000000000000000e+02,1.200000000000000000e+02,1.200000000000000000e+02,1.200000000000000000e+02,1.085511875128755577e+02,1.085511932046505734e+02,1.085512028586316120e+02,1.085512098681640225e+02,1.085512269527850577e+02,1.085512318320567715e+02,1.085510294778644891e+02,1.085470544258686374e+02,1.084767249327899634e+02,1.072386663046997342e+02,8.645472917185924189e+01,8.443963466476969870e+01,8.320640460903705105e+01,8.338075777780478859e+01,8.870511803459258715e+01
1.200000000000000000e+02,1.200000000000000000e+02,1.200000000000000000e+02,1.200000000000000000e+02,1.200000000000000000e+02,1.200000000000000000e+02,1.200000000000000000e+02,1.200000000000000000e+02,1.200000000000000000e+02,1.200000000000000000e+02,1.085512292474000162e+02,1.085512230219391370e+02,1.085512247079718122e+02,1.085512315603894535e+02,1.085512361612060914e+02,1.085512418151867706e+02,1.085510347093303807e+02,1.085470570665183487e+02,1.084767308233146679e+02,1.072386652941377605e+02,8.645473414718195215e+01,8.443963310783011877e+01,8.320640523089838325e+01,8.338075860182266297e+01,8.870511708953922891e+01
1.200000000000000000e+02,1.200000000000000000e+02,1.200000000000000000e+02,1.200000000000000000e+02,1.200000000000000000e+02,1.200000000000000000e+02,1.200000000000000000e+02,1.200000000000000000e+02,1.200000000000000000e+02,1.200000000000000000e+02,1.085512204318149827e+02,1.085512174914401697e+02,1.085512195646912517e+02,1.085512271333686840e+02,1.085512386725314826e+02,1.085512372775452974e+02,1.085510351838273806e+02,1.085470555025225252e+02,1.084767289438147770e+02,1.072386675521933057e+02,8.645472956399387954e+01,8.443963630294469169e+01,8.320640339161455756e+01,8.338075896511105611e+01,8.870511758429181270e+01
1.200000000000000000e+02,1.200000000000000000e+02,1.200000000000000000e+02,1.200000000000000000e+02,1.200000000000000000e+02,1.200000000000000000e+02,1.200000000000000000e+02,1.200000000000000000e+02,1.200000000000000000e+02,1.200000000000000000e+02,1.085512130545192662e+02,1.085512083088290751e+02,1.085512146481837590e+02,1.085512222691208990e+02,1.085512343391412458e+02,1.085512396559463326e+02,1.085510308214032023e+02,1.085470563348323196e+02,1.084767275432072751e+02,1.072386662176646013e+02,8.645473296053629042e+01,8.443963305801823083e+01,8.320640582547288489e+01,8.338075749395362379e+01,8.870511778282393323e+01
1.200000000000000000e+02,1.200000000000000000e+02,1.200000000000000000e+02,1.200000000000000000e+02,1.200000000000000000e+02,1.200000000000000000e+02,1.200000000000000000e+02,1.200000000000000000e+02,1.200000000000000000e+02,1.200000000000000000e+02,1.085512018499030376e+02,1.085512036183332754e+02,1.085512057049120642e+02,1.085512182575035496e+02,1.085512299700825309e+02,1.085512356213018563e+02,1.085510330889017325e+02,1.085470522430130131e+02,1.084767286860406585e+02,1.072386648150374242e+02,8.645473182597055484e+01,8.443963498749855034e+01,8.320640364322166249e+01,8.338075931693907705e+01,8.870511666240952309e+01
1.200000000000000000e+02,1.200000000000000000e+02,1.200000000000000000e+02,1.200000000000000000e+02,1.200000000000000000e+02,1.200000000000000000e+02,1.200000000000000000e+02,1.200000000000000000e+02,1.200000000000000000e+02,1.200000000000000000e+02,1.085511875128756145e+02,1.085511932046506303e+02,1.085512028586316688e+02,1.085512098681641078e+02,1.085512269527851714e+02,1.085512318320569278e+02,1.085510294778649438e+02,1.085470544258725880e+02,1.084767249328339034e+02,1.072386663052100033e+02,8.645472917679133218e+01,8.443963468023011387e+01,8.320640464487324550e+01,8.338075783729736656e+01,8.870511809421286387e+01
1.200000000000000000e+02,1.200000000000000000e+02,1.200000000000000000e+02,1.200000000000000000e+02,1.200000000000000000e+02,1.200000000000000000e+02,1.200000000000000000e+02,1.200000000000000000e+02,1.200000000000000000e+02,1.200000000000000000e+02,1.085512292474000731e+02,1.085512230219391796e+02,1.085512247079718833e+02,1.085512315603895246e+02,1.085512361612061767e+02,1.085512418151869127e+02,1.085510347093307644e+02,1.085470570665216599e+02,1.084767308233517582e+02,1.072386652945681789e+02,8.645473415134209461e+01,8.443963312087090856e+01,8.320640526112596547e+01,8.338075865200430314e+01,8.870511713982860158e+01
1.200000000000000000e+02,1.200000000000000000e+02,1.200000000000000000e+02,1.200000000000000000e+02,1.200000000000000000e+02,1.200000000000000000e+02,1.200000000000000000e+02,1.200000000000000000e+02,1.200000000000000000e+02,1.200000000000000000e+02,1.085512204318149969e+02,1.085512174914402266e+02,1.085512195646912943e+02,1.085512271333687551e+02,1.085512386725315395e+02,1.085512372775453969e+02,1.085510351838277074e+02,1.085470555025253248e+02,1.084767289438460267e+02,1.072386675525563646e+02,8.645472956750293747e+01,8.443963631394453273e+01,8.320640341711136045e+01,8.338075900743892532e+01,8.870511762671054612e+01
1.200000000000000000e+02,1.200000000000000000e+02,1.200000000000000000e+02,1.200000000000000000e+02,1.200000000000000000e+02,1.200000000000000000e+02,1.200000000000000000e+02,1.200000000000000000e+02,1.200000000000000000e+02,1.200000000000000000e+02,1.085512130545193088e+02,1.085512083088290893e+02,1.085512146481837874e+02,1.085512222691209416e+02,1.085512343391413168e+02,1.085512396559464179e+02,1.085510308214035007e+02,1.085470563348346928e+02,1.084767275432336220e+02,1.072386662179708310e+02,8.645473296349621251e+01,8.443963306729649787e+01,8.320640584697927977e+01,8.338075752965691834e+01,8.870511781860385270e+01
1.200000000000000000e+02,1.200000000000000000e+02,1.200000000000000000e+02,1.200000000000000000e+02,1.200000000000000000e+02,1.200000000000000000e+02,1.200000000000000000e+02,1.200000000000000000e+02,1.200000000000000000e+02,1.200000000000000000e+02,1.085512018499030376e+02,1.085512036183333322e+02,1.085512057049120784e+02,1.085512182575036064e+02,1.085512299700825736e+02,1.085512356213019558e+02,1.085510330889019741e+02,1.085470522430150027e+02,1.084767286860629270e+02,1.072386648152957207e+02,8.645473182846718885e+01,8.443963499532476646e+01,8.320640366136214539e+01,8.338075934705459247e+01,8.870511669258969789e+01
1.200000000000000000e+02,1.200000000000000000e+02,1.200000000000000000e+02,1.200000000000000000e+02,1.200000000000000000e+02,1.200000000000000000e+02,1.200000000000000000e+02,1.200000000000000000e+02,1.200000000000000000e+02,1.200000000000000000e+02,1.085511875128756287e+02,1.085511932046506445e+02,1.085512028586317115e+02,1.085512098681641362e+02,1.085512269527852141e+02,1.085512318320569847e+02,1.085510294778651428e+02,1.085470544258742649e+02,1.084767249328526759e+02,1.072386663054278984e+02,8.645472917889718190e+01,8.443963468683149642e+01,8.320640466017466963e+01,8.338075786269958201e+01,8.870511811966969162e+01
1.200000000000000000e+02,1.200000000000000000e+02,1.200000000000000000e+02,1.200000000000000000e+02,1.200000000000000000e+02,1.200000000000000000e+02,1.200000000000000000e+02,1.200000000000000000e+02,1.200000000000000000e+02,1.200000000000000000e+02,1.085512292474000731e+02,1.085512230219391938e+02,1.085512247079718975e+02,1.085512315603895530e+02,1.085512361612062193e+02,1.085512418151869412e+02,1.085510347093309207e+02,1.085470570665230809e+02,1.084767308233675749e+02,1.072386652947519678e+02,8.645473415311840881e+01,8.443963312643909092e+01,8.320640527403259057e+01,8.338075867343096093e+01,8.870511716130125990e+01
1.200000000000000000e+02,1.200000000000000000e+02,1.200000000000000000e+02,1.200000000000000000e+02,1.200000000000000000e+02,1.200000000000000000e+02,1.200000000000000000e+02,1.200000000000000000e+02,1.200000000000000000e+02,1.200000000000000000e+02,1.085512204318150253e+02,1.085512174914402408e+02,1.085512195646913227e+02,1.085512271333687693e+02,1.085512386725315821e+02,1.085512372775454395e+02,1.085510351838278496e+02,1.085470555025265185e+02,1.084767289438593991e+02,1.072386675527113766e+02,8.645472956900123052e+01,8.443963631864126285e+01,8.320640342799799782e+01,8.338075902551214824e+01,8.870511764482259309e+01
1.200000000000000000e+02,1.200000000000000000e+02,1.200000000000000000e+02,1.200000000000000000e+02,1.200000000000000000e+02,1.200000000000000000e+02,1.200000000000000000e+02,1.200000000000000000e+02,1.200000000000000000e+02,1.200000000000000000e+02,1.085512130545192946e+02,1.085512083088291320e+02,1.085512146481838016e+02,1.085512222691209558e+02,1.085512343391413452e+02,1.085512396559464605e+02,1.085510308214036144e+02,1.085470563348356876e+02,1.084767275432448912e+02,1.072386662181015993e+02,8.645473296475998382e+01,8.443963307125817153e+01,8.320640585616214935e+01,8.338075754490159852e+01,8.870511783388121785e+01
1.200000000000000000e+02,1.200000000000000000e+02,1.200000000000000000e+02,1.200000000000000000e+02,1.200000000000000000e+02,1.200000000000000000e+02,1.200000000000000000e+02,1.200000000000000000e+02,1.200000000000000000e+02,1.200000000000000000e+02,1.085512018499030660e+02,1.085512036183333180e+02,1.085512057049121069e+02,1.085512182575035922e+02,1.085512299700826020e+02,1.085512356213019700e+02,1.085510330889020878e+02,1.085470522430158411e+02,1.084767286860724056e+02,1.072386648154060396e+02,8.645473182953321611e+01,8.443963499866637790e+01,8.320640366910782859e+01,8.338075935991341225e+01,8.870511670547605831e+01
1.200000000000000000e+02,1.200000000000000000e+02,1.200000000000000000e+02,1.200000000000000000e+02,1.200000000000000000e+02,1.200000000000000000e+02,1.200000000000000000e+02,1.200000000000000000e+02,1.200000000000000000e+02,1.200000000000000000e+02,1.085511875128756429e+02,1.085511932046506729e+02,1.085512028586316973e+02,1.085512098681641788e+02,1.085512269527852425e+02,1.085512318320569989e+02,1.085510294778652423e+02,1.085470544258749754e+02,1.084767249328606766e+02,1.072386663055209226e+02,8.645472917979637373e+01,8.443963468965013419e+01,8.320640466670808166e+01,8.338075787354591739e+01,8.870511813053926176e+01
1.200000000000000000e+02,1.200000000000000000e+02,1.200000000000000000e+02,1.200000000000000000e+02,1.200000000000000000e+02,1.200000000000000000e+02,1.200000000000000000e+02,1.200000000000000000e+02,1.200000000000000000e+02,1.200000000000000000e+02,1.085512292474000873e+02,1.085512230219391938e+02,1.085512247079719117e+02,1.085512315603895530e+02,1.085512361612062335e+02,1.085512418151869838e+02,1.085510347093310202e+02,1.085470570665236636e+02,1.084767308233743535e+02,1.072386652948304402e+02,8.645473415387684213e+01,8.443963312881659533e+01,8.320640527954350318e+01,8.338075868257975287e+01,8.870511717046967703e+01
1.200000000000000000e+02,1.200000000000000000e+02,1.200000000000000000e+02,1.200000000000000000e+02,1.200000000000000000e+02,1.200000000000000000e+02,1.200000000000000000e+02,1.200000000000000000e+02,1.200000000000000000e+02,1.200000000000000000e+02,1.085512204318150253e+02,1.085512174914402550e+02,1.085512195646913227e+02,1.085512271333687835e+02,1.085512386725315963e+02,1.085512372775454537e+02,1.085510351838279064e+02,1.085470555025270158e+02,1.084767289438650835e+02,1.072386675527775992e+02,8.645472956964096056e+01,8.443963632064668445e+01,8.320640343264641103e+01,8.338075903322912552e+01,8.870511765255611181e+01
1.200000000000000000e+02,1.200000000000000000e+02,1.200000000000000000e+02,1.200000000000000000e+02,1.200000000000000000e+02,1.200000000000000000e+02,1.200000000000000000e+02,1.200000000000000000e+02,1.200000000000000000e+02,1.200000000000000000e+02,1.085512130545193230e+02,1.085512083088291320e+02,1.085512146481838300e+02,1.085512222691209558e+02,1.085512343391413594e+02,1.085512396559464747e+02,1.085510308214036570e+02,1.085470563348361424e+02,1.084767275432497087e+02,1.072386662181574337e+02,8.645473296529962681e+01,8.443963307294973220e+01,8.320640586008303785e+01,8.338075755141076684e+01,8.870511784040445491e+01
1.200000000000000000e+02,1.200000000000000000e+02,1.200000000000000000e+02,1.200000000000000000e+02,1.200000000000000000e+02,1.200000000000000000e+02,1.200000000000000000e+02,1.200000000000000000e+02,1.200000000000000000e+02,1.200000000000000000e+02,1.085512018499030518e+02,1.085512036183333180e+02,1.085512057049121069e+02,1.085512182575036206e+02,1.085512299700826162e+02,1.085512356213019984e+02,1.085510330889021162e+02,1.085470522430162106e+02,1.084767286860764841e+02,1.072386648154531059e+02,8.645473182998837558e+01,8.443963500009321876e+01,8.320640367241509239e+01,8.338075936540386124e+01,8.870511671097831652e+01
1.200000000000000000e+02,1.200000000000000000e+02,1.200000000000000000e+02,1.200000000000000000e+02,1.200000000000000000e+02,1.200000000000000000e+02,1.200000000000000000e+02,1.200000000000000000e+02,1.200000000000000000e+02,1.200000000000000000e+02,1.085511875128756429e+02,1.085511932046506729e+02,1.085512028586317115e+02,1.085512098681641646e+02,1.085512269527852283e+02,1.085512318320570273e+02,1.085510294778652991e+02,1.085470544258752739e+02,1.084767249328640872e+02,1.072386663055606562e+02,8.645472918018030839e+01,8.443963469085362306e+01,8.320640466949774350e+01,8.338075787817709283e+01,8.870511813518041322e+01
1.200000000000000000e+02,1.200000000000000000e+02,1.200000000000000000e+02,1.200000000000000000e+02,1.200000000000000000e+02,1.200000000000000000e+02,1.200000000000000000e+02,1.200000000000000000e+02,1.200000000000000000e+02,1.200000000000000000e+02,1.085512292474000873e+02,1.085512230219392080e+02,1.085512247079718975e+02,1.085512315603895672e+02,1.085512361612062477e+02,1.085512418151869980e+02,1.085510347093310344e+02,1.085470570665239478e+02,1.084767308233772241e+02,1.072386652948639210e+02,8.645473415420070751e+01,8.443963312983176195e+01,8.320640528189655072e+01,8.338075868648608946e+01,8.870511717438444066e+01
1.200000000000000000e+02,1.200000000000000000e+02,1.200000000000000000e+02,1.200000000000000000e+02,1.200000000000000000e+02,1.200000000000000000e+02,1.200000000000000000e+02,1.200000000000000000e+02,1.200000000000000000e+02,1.200000000000000000e+02,1.085512204318150395e+02,1.085512174914402408e+02,1.085512195646913369e+02,1.085512271333687977e+02,1.085512386725315963e+02,1.085512372775454821e+02,1.085510351838279348e+02,1.085470555025272148e+02,1.084767289438675419e+02,1.072386675528058362e+02,8.645472956991412161e+01,8.443963632150295950e+01,8.320640343463121269e+01,8.338075903652412535e+01,8.870511765585816022e+01
1.200000000000000000e+02,1.200000000000000000e+02,1.200000000000000000e+02,1.200000000000000000e+02,1.200000000000000000e+02,1.200000000000000000e+02,1.200000000000000000e+02,1.200000000000000000e+02,1.200000000000000000e+02,1.200000000000000000e+02,1.085512130545193088e+02,1.085512083088291462e+02,1.085512146481838158e+02,1.085512222691209701e+02,1.085512343391413594e+02,1.085512396559464747e+02,1.085510308214036996e+02,1.085470563348363129e+02,1.084767275432517408e+02,1.072386662181812795e+02,8.645473296553001319e+01,8.443963307367198468e+01,8.320640586175720443e+01,8.338075755419011159e+01,8.870511784318971138e+01
1.200000000000000000e+02,1.200000000000000000e+02,1.200000000000000000e+02,1.200000000000000000e+02,1.200000000000000000e+02,1.200000000000000000e+02,1.200000000000000000e+02,1.200000000000000000e+02,1.200000000000000000e+02,1.200000000000000000e+02,1.085512018499030518e+02,1.085512036183333180e+02,1.085512057049121211e+02,1.085512182575036206e+02,1.085512299700826162e+02,1.085512356213019984e+02,1.085510330889021304e+02,1.085470522430163811e+02,1.084767286860782036e+02,1.072386648154732001e+02,8.645473183018273744e+01,8.443963500070242389e+01,8.320640367382722502e+01,8.338075936774819752e+01,8.870511671332768344e+01
1.200000000000000000e+02,1.200000000000000000e+02,1.200000000000000000e+02,1.200000000000000000e+02,1.200000000000000000e+02,1.200000000000000000e+02,1.200000000000000000e+02,1.200000000000000000e+02,1.200000000000000000e+02,1.200000000000000000e+02,1.085511875128756571e+02,1.085511932046506871e+02,1.085512028586317115e+02,1.085512098681641788e+02,1.085512269527852283e+02,1.085512318320570415e+02,1.085510294778652991e+02,1.085470544258754160e+02,1.084767249328655652e+02,1.072386663055776097e+02,8.645472918034421639e+01,8.443963469136753019e+01,8.320640467068888313e+01,8.338075788015450485e+01,8.870511813716207428e+01
1.200000000000000000e+02,1.200000000000000000e+02,1.200000000000000000e+02,1.200000000000000000e+02,1.200000000000000000e+02,1.200000000000000000e+02,1.200000000000000000e+02,1.200000000000000000e+02,1.200000000000000000e+02,1.200000000000000000e+02,1.085512292474001015e+02,1.085512230219391938e+02,1.085512247079719259e+02,1.085512315603895530e+02,1.085512361612062477e+02,1.085512418151869980e+02,1.085510347093310486e+02,1.085470570665240615e+02,1.084767308233784462e+02,1.072386652948782455e+02,8.645473415433897912e+01,8.443963313026517881e+01,8.320640528290127236e+01,8.338075868815404590e+01,8.870511717605597823e+01
1.200000000000000000e+02,1.200000000000000000e+02,1.200000000000000000e+02,1.200000000000000000e+02,1.200000000000000000e+02,1.200000000000000000e+02,1.200000000000000000e+02,1.200000000000000000e+02,1.200000000000000000e+02,1.200000000000000000e+02,1.085512204318150253e+02,1.085512174914402550e+02,1.085512195646913227e+02,1.085512271333688119e+02,1.085512386725315821e+02,1.085512372775454963e+02,1.085510351838279348e+02,1.085470555025273285e+02,1.084767289438685793e+02,1.072386675528179012e+02,8.645472957003079273e+01,8.443963632186857637e+01,8.320640343547866280e+01,8.338075903793102839e+01,8.870511765726810438e+01
1.200000000000000000e+02,1.200000000000000000e+02,1.200000000000000000e+02,1.200000000000000000e+02,1.200000000000000000e+02,1.200000000000000000e+02,1.200000000000000000e+02,1.200000000000000000e+02,1.200000000000000000e+02,1.200000000000000000e+02,1.085512130545193088e+02,1.085512083088291320e+02,1.085512146481838016e+02,1.085512222691209558e+02,1.085512343391413737e+02,1.085512396559464747e+02,1.085510308214036996e+02,1.085470563348363982e+02,1.084767275432526219e+02,1.072386662181914403e+02,8.645473296562840915e+01,8.443963307398040286e+01,8.320640586247202464e+01,8.338075755537678901e+01,8.870511784437897518e+01
1.200000000000000000e+02,1.200000000000000000e+02,1.200000000000000000e+02,1.200000000000000000e+02,1.200000000000000000e+02,1.200000000000000000e+02,1.200000000000000000e+02,1.200000000000000000e+02,1.200000000000000000e+02,1.200000000000000000e+02,1.085512018499030802e+02,1.085512036183333180e+02,1.085512057049121211e+02,1.085512182575036348e+02,1.085512299700826020e+02,1.085512356213020126e+02,1.085510330889021304e+02,1.085470522430164522e+02,1.084767286860789284e+02,1.072386648154818118e+02,8.645473183026572883e+01,8.443963500096253938e+01,8.320640367443019159e+01,8.338075936874918170e+01,8.870511671433082768e+01
1.200000000000000000e+02,1.200000000000000000e+02,1.200000000000000000e+02,1.200000000000000000e+02,1.200000000000000000e+02,1.200000000000000000e+02,1.200000000000000000e+02,1.200000000000000000e+02,1.200000000000000000e+02,1.200000000000000000e+02,1.085511875128756429e+02,1.085511932046507013e+02,1.085512028586317257e+02,1.085512098681641788e+02,1.085512269527852283e+02,1.085512318320570273e+02,1.085510294778653275e+02,1.085470544258754586e+02,1.084767249328662047e+02,1.072386663055848572e+02,8.645472918041421906e+01,8.443963469158693158e+01,8.320640467119744699e+01,8.338075788099884278e+01,8.870511813800820278e+01
1.200000000000000000e+02,1.200000000000000000e+02,1.200000000000000000e+02,1.200000000000000000e+02,1.200000000000000000e+02,1.200000000000000000e+02,1.200000000000000000e+02,1.200000000000000000e+02,1.200000000000000000e+02,1.200000000000000000e+02,1.085512292474001015e+02,1.085512230219392080e+02,1.085512247079719117e+02,1.085512315603895530e+02,1.085512361612062620e+02,1.085512418151869838e+02,1.085510347093310486e+02,1.085470570665240899e+02,1.084767308233789720e+02,1.072386652948843562e+02,8.645473415439801101e+01,8.443963313045027519e+01,8.320640528333026964e+01,8.338075868886620867e+01,8.870511717676970420e+01
1.200000000000000000e+02,1.200000000000000000e+02,1.200000000000000000e+02,1.200000000000000000e+02,1.200000000000000000e+02,1.200000000000000000e+02,1.200000000000000000e+02,1.200000000000000000e+02,1.200000000000000000e+02,1.200000000000000000e+02,1.085512204318150253e+02,1.085512174914402408e+02,1.085512195646913227e+02,1.085512271333687977e+02,1.085512386725315963e+02,1.085512372775454963e+02,1.085510351838279632e+02,1.085470555025273711e+02,1.084767289438690199e+02,1.072386675528230313e+02,8.645472957008060177e+01,8.443963632202466840e+01,8.320640343584052800e+01,8.338075903853173543e+01,8.870511765787011882e+01
1.200000000000000000e+02,1.200000000000000000e+02,1.200000000000000000e+02,1.200000000000000000e+02,1.200000000000000000e+02,1.200000000000000000e+02,1.200000000000000000e+02,1.200000000000000000e+02,1.200000000000000000e+02,1.200000000000000000e+02,1.085512130545193088e+02,1.085512083088291320e+02,1.085512146481838300e+02,1.085512222691209701e+02,1.085512343391413594e+02,1.085512396559464747e+02,1.085510308214037138e+02,1.085470563348364266e+02,1.084767275432529914e+02,1.072386662181957888e+02,8.645473296567040222e+01,8.443963307411206642e+01,8.320640586277724537e+01,8.338075755588350546e+01,8.870511784488677165e+01
1.200000000000000000e+02,1.200000000000000000e+02,1.200000000000000000e+02,1.200000000000000000e+02,1.200000000000000000e+02,1.200000000000000000e+02,1.200000000000000000e+02,1.200000000000000000e+02,1.200000000000000000e+02,1.200000000000000000e+02,1.085512018499030660e+02,1.085512036183333322e+02,1.085512057049121069e+02,1.085512182575036206e+02,1.085512299700826162e+02,1.085512356213019984e+02,1.085510330889021446e+02,1.085470522430164806e+02,1.084767286860792552e+02,1.072386648154854640e+02,8.645473183030115649e+01,8.443963500107359721e+01,8.320640367468763543e+01,8.338075936917658737e+01,8.870511671475915705e+01
1.200000000000000000e+02,1.200000000000000000e+02,1.200000000000000000e+02,1.200000000000000000e+02,1.200000000000000000e+02,1.200000000000000000e+02,1.200000000000000000e+02,1.200000000000000000e+02,1.200000000000000000e+02,1.200000000000000000e+02,1.085511875128756429e+02,1.085511932046506587e+02,1.085512028586317115e+02,1.085512098681641646e+02,1.085512269527852425e+02,1.085512318320570273e+02,1.085510294778653133e+02,1.085470544258754728e+02,1.084767249328664747e+02,1.072386663055879410e+02,8.645472918044413291e+01,8.443963469168062375e+01,8.320640467141460306e+01,8.338075788135937216e+01,8.870511813836949955e+01
1.200000000000000000e+02,1.200000000000000000e+02,1.200000000000000000e+02,1.200000000000000000e+02,1.200000000000000000e+02,1.200000000000000000e+02,1.200000000000000000e+02,1.200000000000000000e+02,1.200000000000000000e+02,1.200000000000000000e+02,1.085512292474000873e+02,1.085512230219391938e+02,1.085512247079719117e+02,1.085512315603895672e+02,1.085512361612062335e+02,1.085512418151869980e+02,1.085510347093310628e+02,1.085470570665241041e+02,1.084767308233791994e+02,1.072386652948869710e+02,8.645473415442323528e+01,8.443963313052931596e+01,8.320640528351343335e+01,8.338075868917032096e+01,8.870511717707442756e+01
1.200000000000000000e+02,1.200000000000000000e+02,1.200000000000000000e+02,1.200000000000000000e+02,1.200000000000000000e+02,1.200000000000000000e+02,1.200000000000000000e+02,1.200000000000000000e+02,1.200000000000000000e+02,1.200000000000000000e+02,1.085512204318150111e+02,1.085512174914402408e+02,1.085512195646913227e+02,1.085512271333687977e+02,1.085512386725316105e+02,1.085512372775454821e+02,1.085510351838279632e+02,1.085470555025273853e+02,1.084767289438692188e+02,1.072386675528252482e+02,8.645472957010187542e+01,8.443963632209134573e+01,8.320640343599502842e+01,8.338075903878821293e+01,8.870511765812716476e+01
1.200000000000000000e+02,1.200000000000000000e+02,1.200000000000000000e+02,1.200000000000000000e+02,1.200000000000000000e+02,1.200000000000000000e+02,1.200000000000000000e+02,1.200000000000000000e+02,1.200000000000000000e+02,1.200000000000000000e+02,1.085512130545193230e+02,1.085512083088291178e+02,1.085512146481838300e+02,1.085512222691209701e+02,1.085512343391413594e+02,1.085512396559464889e+02,1.085510308214036996e+02,1.085470563348364408e+02,1.084767275432531761e+02,1.072386662181976504e+02,8.645473296568833632e+01,8.443963307416829878e+01,8.320640586290757312e+01,8.338075755609985151e+01,8.870511784510358666e+01
1.200000000000000000e+02,1.200000000000000000e+02,1.200000000000000000e+02,1.200000000000000000e+02,1.200000000000000000e+02,1.200000000000000000e+02,1.200000000000000000e+02,1.200000000000000000e+02,1.200000000000000000e+02,1.200000000000000000e+02,1.085512018499030660e+02,1.085512036183333464e+02,1.085512057049121069e+02,1.085512182575036348e+02,1.085512299700826020e+02,1.085512356213020126e+02,1.085510330889021589e+02,1.085470522430164664e+02,1.084767286860793689e+02,1.072386648154870414e+02,8.645473183031629105e+01,8.443963500112103304e+01,8.320640367479758481e+01,8.338075936935908317e+01,8.870511671494203654e+01
1.200000000000000000e+02,1.200000000000000000e+02,1.200000000000000000e+02,1.200000000000000000e+02,1.200000000000000000e+02,1.200000000000000000e+02,1.200000000000000000e+02,1.200000000000000000e+02,1.200000000000000000e+02,1.200000000000000000e+02,1.085511875128756429e+02,1.085511932046506729e+02,1.085512028586317257e+02,1.085512098681641646e+02,1.085512269527852567e+02,1.085512318320570415e+02,1.085510294778652991e+02,1.085470544258755012e+02,1.084767249328665741e+02,1.072386663055892626e+02,8.645472918045688004e+01,8.443963469172062730e+01,8.320640467150732889e+01,8.338075788151328993e+01,8.870511813852375838e+01
1.200000000000000000e+02,1.200000000000000000e+02,1.200000000000000000e+02,1.200000000000000000e+02,1.200000000000000000e+02,1.200000000000000000e+02,1.200000000000000000e+02,1.200000000000000000e+02,1.200000000000000000e+02,1.200000000000000000e+02,1.085512292474001015e+02,1.085512230219392080e+02,1.085512247079718975e+02,1.085512315603895672e+02,1.085512361612062477e+02,1.085512418151869980e+02,1.085510347093310628e+02,1.085470570665241326e+02,1.084767308233792988e+02,1.072386652948880652e+02,8.645473415443399290e+01,8.443963313056306674e+01,8.320640528359163568e+01,8.338075868930015133e+01,8.870511717720454214e+01
1.200000000000000000e+02,1.200000000000000000e+02,1.200000000000000000e+02,1.200000000000000000e+02,1.200000000000000000e+02,1.200000000000000000e+02,1.200000000000000000e+02,1.200000000000000000e+02,1.200000000000000000e+02,1.200000000000000000e+02,1.085512204318150253e+02,1.085512174914402408e+02,1.085512195646913227e+02,1.085512271333687835e+02,1.085512386725315963e+02,1.085512372775454821e+02,1.085510351838279632e+02,1.085470555025273995e+02,1.084767289438692899e+02,1.072386675528262145e+02,8.645472957011089932e+01,8.443963632211981007e+01,8.320640343606102363e+01,8.338075903889776441e+01,8.870511765823691519e+01
1.200000000000000000e+02,1.200000000000000000e+02,1.200000000000000000e+02,1.200000000000000000e+02,1.200000000000000000e+02,1.200000000000000000e+02,1.200000000000000000e+02,1.200000000000000000e+02,1.200000000000000000e+02,1.200000000000000000e+02,1.085512130545193088e+02,1.085512083088291178e+02,1.085512146481838158e+02,1.085512222691209701e+02,1.085512343391413594e+02,1.085512396559464747e+02,1.085510308214037138e+02,1.085470563348364408e+02,1.084767275432532188e+02,1.072386662181984462e+02,8.645473296569602439e+01,8.443963307419227249e+01,8.320640586296322283e+01,8.338075755619225049e+01,8.870511784519615617e+01
1.200000000000000000e+02,1.200000000000000000e+02,1.200000000000000000e+02,1.200000000000000000e+02,1.200000000000000000e+02,1.200000000000000000e+02,1.200000000000000000e+02,1.200000000000000000e+02,1.200000000000000000e+02,1.200000000000000000e+02,1.085512018499030660e+02,1.085512036183333180e+02,1.085512057049121211e+02,1.085512182575036348e+02,1.085512299700826304e+02,1.085512356213019984e+02,1.085510330889021446e+02,1.085470522430164948e+02,1.084767286860794542e+02,1.072386648154876951e+02,8.645473183032272857e+01,8.443963500114131193e+01,8.320640367484449484e+01,8.338075936943701549e+01,8.870511671502012518e+01
1.200000000000000000e+02,1.200000000000000000e+02,1.200000000000000000e+02,1.200000000000000000e+02,1.200000000000000000e+02,1.200000000000000000e+02,1.200000000000000000e+02,1.200000000000000000e+02,1.200000000000000000e+02,1.200000000000000000e+02,1.085511875128756429e+02,1.085511932046506871e+02,1.085512028586317399e+02,1.085512098681641788e+02,1.085512269527852425e+02,1.085512318320570415e+02,1.085510294778652991e+02,1.085470544258755012e+02,1.084767249328666310e+02,1.072386663055898310e+02,8.645472918046232280e+01,8.443963469173769454e+01,8.320640467154694875e+01,8.338075788157900092e+01,8.870511813858961148e+01
1.200000000000000000e+02,1.200000000000000000e+02,1.200000000000000000e+02,1.200000000000000000e+02,1.200000000000000000e+02,1.200000000000000000e+02,1.200000000000000000e+02,1.200000000000000000e+02,1.200000000000000000e+02,1.200000000000000000e+02,1.085512292474000873e+02,1.085512230219391938e+02,1.085512247079719117e+02,1.085512315603895672e+02,1.085512361612062335e+02,1.085512418151869980e+02,1.085510347093310628e+02,1.085470570665241183e+02,1.084767308233793415e+02,1.072386652948885342e+02,8.645473415443861143e+01,8.443963313057747655e+01,8.320640528362503119e+01,8.338075868935563051e+01,8.870511717726014922e+01
1.200000000000000000e+02,1.200000000000000000e+02,1.200000000000000000e+02,1.200000000000000000e+02,1.200000000000000000e+02,1.200000000000000000e+02,1.200000000000000000e+02,1.200000000000000000e+02,1.200000000000000000e+02,1.200000000000000000e+02,1.085512204318150253e+02,1.085512174914402550e+02,1.085512195646913227e+02,1.085512271333687977e+02,1.085512386725316105e+02,1.085512372775454679e+02,1.085510351838279632e+02,1.085470555025274138e+02,1.084767289438693183e+02,1.072386675528266125e+02,8.645472957011477888e+01,8.443963632213197457e+01,8.320640343608917533e+01,8.338075903894450391e+01,8.870511765828381101e+01
1.200000000000000000e+02,1.200000000000000000e+02,1.200000000000000000e+02,1.200000000000000000e+02,1.200000000000000000e+02,1.200000000000000000e+02,1.200000000000000000e+02,1.200000000000000000e+02,1.200000000000000000e+02,1.200000000000000000e+02,1.085512130545193230e+02,1.085512083088291462e+02,1.085512146481838442e+02,1.085512222691209701e+02,1.085512343391413737e+02,1.085512396559464889e+02,1.085510308214036854e+02,1.085470563348364408e+02,1.084767275432532614e+02,1.072386662181988015e+02,8.645473296569925026e+01,8.443963307420253273e+01,8.320640586298701180e+01,8.338075755623169982e+01,8.870511784523570498e+01
1.200000000000000000e+02,1.200000000000000000e+02,1.200000000000000000e+02,1.200000000000000000e+02,1.200000000000000000e+02,1.200000000000000000e+02,1.200000000000000000e+02,1.200000000000000000e+02,1.200000000000000000e+02,1.200000000000000000e+02,1.085512018499030660e+02,1.085512036183333180e+02,1.085512057049121211e+02,1.085512182575036348e+02,1.085512299700826020e+02,1.085512356213020126e+02,1.085510330889021304e+02,1.085470522430164806e+02,1.084767286860794684e+02,1.072386648154879794e+02,8.645473183032552811e+01,8.443963500114993792e+01,8.320640367486454636e+01,8.338075936947028310e+01,8.870511671505347806e+01
1.200000000000000000e+02,1.200000000000000000e+02,1.200000000000000000e+02,1.200000000000000000e+02,1.200000000000000000e+02,1.200000000000000000e+02,1.200000000000000000e+02,1.200000000000000000e+02,1.200000000000000000e+02,1.200000000000000000e+02,1.085511875128756429e+02,1.085511932046506729e+02,1.085512028586317115e+02,1.085512098681641788e+02,1.085512269527852567e+02,1.085512318320570273e+02,1.085510294778653133e+02,1.085470544258754870e+02,1.084767249328666168e+02,1.072386663055900584e+02,8.645472918046466759e+01,8.443963469174502734e+01,8.320640467156383124e+01,8.338075788160706736e+01,8.870511813861776318e+01
1.200000000000000000e+02,1.200000000000000000e+02,1.200000000000000000e+02,1.200000000000000000e+02,1.200000000000000000e+02,1.200000000000000000e+02,1.200000000000000000e+02,1.200000000000000000e+02,1.200000000000000000e+02,1.200000000000000000e+02,1.085512292474001157e+02,1.085512230219392080e+02,1.085512247079719259e+02,1.085512315603895530e+02,1.085512361612062620e+02,1.085512418151869980e+02,1.085510347093310486e+02,1.085470570665241468e+02,1.084767308233793699e+02,1.072386652948887331e+02,8.645473415444057252e+01,8.443963313058360143e+01,8.320640528363934152e+01,8.338075868937926316e+01,8.870511717728383871e+01
1.200000000000000000e+02,1.200000000000000000e+02,1.200000000000000000e+02,1.200000000000000000e+02,1.200000000000000000e+02,1.200000000000000000e+02,1.200000000000000000e+02,1.200000000000000000e+02,1.200000000000000000e+02,1.200000000000000000e+02,1.085512204318150253e+02,1.085512174914402408e+02,1.085512195646913369e+02,1.085512271333687977e+02,1.085512386725315821e+02,1.085512372775454821e+02,1.085510351838279632e+02,1.085470555025273853e+02,1.084767289438693467e+02,1.072386675528267830e+02,8.645472957011645576e+01,8.443963632213716153e+01,8.320640343610119771e+01,8.338075903896451280e+01,8.870511765830380568e+01
1.200000000000000000e+02,1.200000000000000000e+02,1.200000000000000000e+02,1.200000000000000000e+02,1.200000000000000000e+02,1.200000000000000000e+02,1.200000000000000000e+02,1.200000000000000000e+02,1.200000000000000000e+02,1.200000000000000000e+02,1.085512130545193088e+02,1.085512083088291320e+02,1.085512146481838300e+02,1.085512222691209701e+02,1.085512343391413737e+02,1.085512396559464747e+02,1.085510308214037138e+02,1.085470563348364408e+02,1.084767275432532614e+02,1.072386662181989294e+02,8.645473296570067134e+01,8.443963307420690967e+01,8.320640586299714414e+01,8.338075755624853969e+01,8.870511784525263010e+01
1.200000000000000000e+02,1.200000000000000000e+02,1.200000000000000000e+02,1.200000000000000000e+02,1.200000000000000000e+02,1.200000000000000000e+02,1.200000000000000000e+02,1.200000000000000000e+02,1.200000000000000000e+02,1.200000000000000000e+02,1.085512018499030660e+02,1.085512036183333322e+02,1.085512057049121211e+02,1.085512182575036348e+02,1.085512299700826162e+02,1.085512356213020269e+02,1.085510330889021304e+02,1.085470522430164948e+02,1.084767286860794968e+02,1.072386648154880930e+02,8.645473183032670761e+01,8.443963500115363274e+01,8.320640367487311551e+01,8.338075936948447975e+01,8.870511671506768892e+01
1.200000000000000000e+02,1.200000000000000000e+02,1.200000000000000000e+02,1.200000000000000000e+02,1.200000000000000000e+02,1.200000000000000000e+02,1.200000000000000000e+02,1.200000000000000000e+02,1.200000000000000000e+02,1.200000000000000000e+02,1.085511875128756429e+02,1.085511932046506871e+02,1.085512028586317115e+02,1.085512098681641788e+02,1.085512269527852567e+02,1.085512318320570273e+02,1.085510294778653275e+02,1.085470544258754870e+02,1.084767249328666452e+02,1.072386663055901863e+02,8.645472918046561972e+01,8.443963469174811109e+01,8.320640467157106457e+01,8.338075788161907553e+01,8.870511813862977135e+01
1.200000000000000000e+02,1.200000000000000000e+02,1.200000000000000000e+02,1.200000000000000000e+02,1.200000000000000000e+02,1.200000000000000000e+02,1.200000000000000000e+02,1.200000000000000000e+02,1.200000000000000000e+02,1.200000000000000000e+02,1.085512292474001157e+02,1.085512230219391938e+02,1.085512247079719117e+02,1.085512315603895672e+02,1.085512361612062477e+02,1.085512418151869980e+02,1.085510347093310486e+02,1.085470570665241326e+02,1.084767308233793557e+02,1.072386652948888468e+02,8.645473415444138254e+01,8.443963313058623044e+01,8.320640528364540955e+01,8.338075868938938129e+01,8.870511717729397105e+01
1.200000000000000000e+02,1.200000000000000000e+02,1.200000000000000000e+02,1.200000000000000000e+02,1.200000000000000000e+02,1.200000000000000000e+02,1.200000000000000000e+02,1.200000000000000000e+02,1.200000000000000000e+02,1.200000000000000000e+02,1.085512204318150111e+02,1.085512174914402550e+02,1.085512195646913085e+02,1.085512271333687977e+02,1.085512386725316105e+02,1.085512372775454679e+02,1.085510351838279490e+02,1.085470555025273995e+02,1.084767289438693467e+02,1.072386675528268398e+02,8.645472957011715209e+01,8.443963632213936421e+01,8.320640343610632783e+01,8.338075903897303931e+01,8.870511765831234641e+01
1.200000000000000000e+02,1.200000000000000000e+02,1.200000000000000000e+02,1.200000000000000000e+02,1.200000000000000000e+02,1.200000000000000000e+02,1.200000000000000000e+02,1.200000000000000000e+02,1.200000000000000000e+02,1.200000000000000000e+02,1.085512130545193372e+02,1.085512083088291320e+02,1.085512146481838442e+02,1.085512222691209558e+02,1.085512343391413594e+02,1.085512396559465031e+02,1.085510308214036996e+02,1.085470563348364408e+02,1.084767275432532756e+02,1.072386662181990005e+02,8.645473296570126820e+01,8.443963307420879971e+01,8.320640586300146424e+01,8.338075755625571617e+01,8.870511784525977816e+01
1.200000000000000000e+02,1.200000000000000000e+02,1.200000000000000000e+02,1.200000000000000000e+02,1.200000000000000000e+02,1.200000000000000000e+02,1.200000000000000000e+02,1.200000000000000000e+02,1.200000000000000000e+02,1.200000000000000000e+02,1.085512018499030518e+02,1.085512036183333322e+02,1.085512057049121211e+02,1.085512182575036491e+02,1.085512299700826020e+02,1.085512356213020269e+02,1.085510330889021589e+02,1.085470522430164664e+02,1.084767286860794826e+02,1.072386648154881357e+02,8.645473183032720499e+01,8.443963500115521015e+01,8.320640367487676770e+01,8.338075936949053357e+01,8.870511671507378537e+01
1.200000000000000000e+02,1.200000000000000000e+02,1.200000000000000000e+02,1.200000000000000000e+02,1.200000000000000000e+02,1.200000000000000000e+02,1.200000000000000000e+02,1.200000000000000000e+02,1.200000000000000000e+02,1.200000000000000000e+02,1.085511875128756287e+02,1.085511932046506871e+02,1.085512028586317399e+02,1.085512098681641788e+02,1.085512269527852567e+02,1.085512318320570273e+02,1.085510294778653275e+02,1.085470544258755012e+02,1.084767249328666310e+02,1.072386663055902147e+02,8.645472918046606026e+01,8.443963469174944692e+01,8.320640467157413411e+01,8.338075788162419144e+01,8.870511813863487305e+01
1.200000000000000000e+02,1.200000000000000000e+02,1.200000000000000000e+02,1.200000000000000000e+02,1.200000000000000000e+02,1.200000000000000000e+02,1.200000000000000000e+02,1.200000000000000000e+02,1.200000000000000000e+02,1.200000000000000000e+02,1.085512292474001015e+02,1.085512230219392222e+02,1.085512247079719117e+02,1.085512315603895672e+02,1.085512361612062477e+02,1.085512418151870122e+02,1.085510347093310344e+02,1.085470570665241326e+02,1.084767308233793699e+02,1.072386652948888894e+02,8.645473415444175203e+01,8.443963313058735309e+01,8.320640528364799593e+01,8.338075868939370139e+01,8.870511717729826273e+01
1.200000000000000000e+02,1.200000000000000000e+02,1.200000000000000000e+02,1.200000000000000000e+02,1.200000000000000000e+02,1.200000000000000000e+02,1.200000000000000000e+02,1.200000000000000000e+02,1.200000000000000000e+02,1.200000000000000000e+02,1.085512204318150253e+02,1.085512174914402408e+02,1.085512195646913369e+02,1.085512271333687977e+02,1.085512386725316105e+02,1.085512372775454821e+02,1.085510351838279774e+02,1.085470555025273711e+02,1.084767289438693609e+02,1.072386675528268682e+02,8.645472957011745052e+01,8.443963632214031634e+01,8.320640343610853051e+01,8.338075903897664887e+01,8.870511765831598439e+01
1.200000000000000000e+02,1.200000000000000000e+02,1.200000000000000000e+02,1.200000000000000000e+02,1.200000000000000000e+02,1.200000000000000000e+02,1.200000000000000000e+02,1.200000000000000000e+02,1.200000000000000000e+02,1.200000000000000000e+02,1.085512130545193230e+02,1.085512083088291320e+02,1.085512146481838442e+02,1.085512222691209701e+02,1.085512343391413737e+02,1.085512396559464889e+02,1.085510308214036996e+02,1.085470563348364834e+02,1.084767275432532614e+02,1.072386662181990147e+02,8.645473296570152399e+01,8.443963307420958131e+01,8.320640586300331165e+01,8.338075755625879992e+01,8.870511784526287613e+01
1.200000000000000000e+02,1.200000000000000000e+02,1.200000000000000000e+02,1.200000000000000000e+02,1.200000000000000000e+02,1.200000000000000000e+02,1.200000000000000000e+02,1.200000000000000000e+02,1.200000000000000000e+02,1.200000000000000000e+02,1.085512018499030660e+02,1.085512036183333322e+02,1.085512057049121211e+02,1.085512182575036348e+02,1.085512299700826020e+02,1.085512356213020126e+02,1.085510330889021446e+02,1.085470522430164806e+02,1.084767286860795110e+02,1.072386648154881641e+02,8.645473183032740394e+01,8.443963500115587806e+01,8.320640367487833089e+01,8.338075936949313416e+01,8.870511671507638596e+01
1.200000000000000000e+02,1.200000000000000000e+02,1.200000000000000000e+02,1.200000000000000000e+02,1.200000000000000000e+02,1.200000000000000000e+02,1.200000000000000000e+02,1.200000000000000000e+02,1.200000000000000000e+02,1.200000000000000000e+02,1.085511875128756429e+02,1.085511932046506729e+02,1.085512028586317115e+02,1.085512098681641646e+02,1.085512269527852425e+02,1.085512318320570273e+02,1.085510294778653275e+02,1.085470544258755012e+02,1.084767249328666452e+02,1.072386663055902574e+02,8.645472918046621658e+01,8.443963469175001535e+01,8.320640467157545572e+01,8.338075788162636570e+01,8.870511813863706152e+01
1.200000000000000000e+02,1.200000000000000000e+02,1.200000000000000000e+02,1.200000000000000000e+02,1.200000000000000000e+02,1.200000000000000000e+02,1.200000000000000000e+02,1.200000000000000000e+02,1.200000000000000000e+02,1.200000000000000000e+02,1.085512292474001015e+02,1.085512230219391938e+02,1.085512247079719401e+02,1.085512315603895672e+02,1.085512361612062477e+02,1.085512418151869980e+02,1.085510347093310344e+02,1.085470570665241468e+02,1.084767308233793557e+02,1.072386652948888894e+02,8.645473415444192256e+01,8.443963313058780784e+01,8.320640528364911859e+01,8.338075868939554880e+01,8.870511717730015278e+01
1.200000000000000000e+02,1.200000000000000000e+02,1.200000000000000000e+02,1.200000000000000000e+02,1.200000000000000000e+02,1.200000000000000000e+02,1.200000000000000000e+02,1.200000000000000000e+02,1.200000000000000000e+02,1.200000000000000000e+02,1.085512204318150253e+02,1.085512174914402550e+02,1.085512195646913227e+02,1.085512271333688119e+02,1.085512386725315963e+02,1.085512372775454821e+02,1.085510351838279632e+02,1.085470555025273995e+02,1.084767289438693609e+02,1.072386675528268682e+02,8.645472957011759263e+01,8.443963632214071424e+01,8.320640343610945422e+01,8.338075903897821206e+01,8.870511765831754758e+01
1.200000000000000000e+02,1.200000000000000000e+02,1.200000000000000000e+02,1.200000000000000000e+02,1.200000000000000000e+02,1.200000000000000000e+02,1.200000000000000000e+02,1.200000000000000000e+02,1.200000000000000000e+02,1.200000000000000000e+02,1.085512130545193230e+02,1.085512083088291320e+02,1.085512146481838300e+02,1.085512222691209701e+02,1.085512343391413737e+02,1.085512396559464747e+02,1.085510308214036996e+02,1.085470563348364550e+02,1.084767275432532756e+02,1.072386662181990431e+02,8.645473296570162347e+01,8.443963307420993658e+01,8.320640586300410746e+01,8.338075755626009311e+01,8.870511784526416932e+01
1.200000000000000000e+02,1.200000000000000000e+02,1.200000000000000000e+02,1.200000000000000000e+02,1.200000000000000000e+02,1.200000000000000000e+02,1.200000000000000000e+02,1.200000000000000000e+02,1.200000000000000000e+02,1.200000000000000000e+02,1.085512018499030518e+02,1.085512036183333322e+02,1.085512057049121211e+02,1.085512182575036348e+02,1.085512299700826162e+02,1.085512356213020126e+02,1.085510330889021304e+02,1.085470522430164948e+02,1.084767286860794968e+02,1.072386648154881783e+02,8.645473183032750342e+01,8.443963500115616228e+01,8.320640367487898459e+01,8.338075936949422839e+01,8.870511671507748019e+01
1.200000000000000000e+02,1.200000000000000000e+02,1.200000000000000000e+02,1.200000000000000000e+02,1.200000000000000000e+02,1.200000000000000000e+02,1.200000000000000000e+02,1.200000000000000000e+02,1.200000000000000000e+02,1.200000000000000000e+02,1.085511875128756429e+02,1.085511932046506729e+02,1.085512028586317257e+02,1.085512098681641646e+02,1.085512269527852709e+02,1.085512318320570131e+02,1.085510294778653275e+02,1.085470544258754870e+02,1.084767249328666452e+02,1.072386663055902574e+02,8.645472918046633026e+01,8.443963469175027114e+01,8.320640467157600995e+01,8.338075788162728941e+01,8.870511813863799944e+01
1.200000000000000000e+02,1.200000000000000000e+02,1.200000000000000000e+02,1.200000000000000000e+02,1.200000000000000000e+02,1.200000000000000000e+02,1.200000000000000000e+02,1.200000000000000000e+02,1.200000000000000000e+02,1.200000000000000000e+02,1.085512292474000873e+02,1.085512230219392222e+02,1.085512247079719117e+02,1.085512315603895672e+02,1.085512361612062477e+02,1.085512418151869980e+02,1.085510347093310486e+02,1.085470570665241326e+02,1.084767308233793699e+02,1.072386652948888894e+02,8.645473415444197940e+01,8.443963313058803521e+01,8.320640528364960176e+01,8.338075868939630197e+01,8.870511717730093437e+01
1.200000000000000000e+02,1.200000000000000000e+02,1.200000000000000000e+02,1.200000000000000000e+02,1.200000000000000000e+02,1.200000000000000000e+02,1.200000000000000000e+02,1.200000000000000000e+02,1.200000000000000000e+02,1.200000000000000000e+02,1.085512204318150253e+02,1.085512174914402408e+02,1.085512195646913511e+02,1.085512271333687977e+02,1.085512386725316105e+02,1.085512372775454821e+02,1.085510351838279632e+02,1.085470555025273853e+02,1.084767289438693609e+02,1.072386675528268682e+02,8.645472957011764947e+01,8.443963632214089898e+01,8.320640343610986633e+01,8.338075903897889418e+01,8.870511765831817286e+01
1.200000000000000000e+02,1.200000000000000000e+02,1.200000000000000000e+02,1.200000000000000000e+02,1.200000000000000000e+02,1.200000000000000000e+02,1.200000000000000000e+02,1.200000000000000000e+02,1.200000000000000000e+02,1.200000000000000000e+02,1.085512130545193088e+02,1.085512083088291462e+02,1.085512146481838300e+02,1.085512222691209701e+02,1.085512343391413594e+02,1.085512396559464889e+02,1.085510308214037138e+02,1.085470563348364408e+02,1.084767275432532614e+02,1.072386662181990431e+02,8.645473296570165189e+01,8.443963307421009290e+01,8.320640586300443431e+01,8.338075755626064733e+01,8.870511784526473775e+01
1.200000000000000000e+02,1.200000000000000000e+02,1.200000000000000000e+02,1.200000000000000000e+02,1.200000000000000000e+02,1.200000000000000000e+02,1.200000000000000000e+02,1.200000000000000000e+02,1.200000000000000000e+02,1.200000000000000000e+02,1.085512018499030518e+02,1.085512036183333322e+02,1.085512057049121353e+02,1.085512182575036206e+02,1.085512299700826304e+02,1.085512356213020126e+02,1.085510330889021446e+02,1.085470522430164806e+02,1.084767286860794968e+02,1.072386648154881783e+02,8.645473183032756026e+01,8.443963500115626175e+01,8.320640367487929723e+01,8.338075936949469735e+01,8.870511671507794915e+01
1.200000000000000000e+02,1.200000000000000000e+02,1.200000000000000000e+02,1.200000000000000000e+02,1.200000000000000000e+02,1.200000000000000000e+02,1.200000000000000000e+02,1.200000000000000000e+02,1.200000000000000000e+02,1.200000000000000000e+02,1.085511875128756571e+02,1.085511932046506729e+02,1.085512028586317115e+02,1.085512098681641788e+02,1.085512269527852567e+02,1.085512318320570415e+02,1.085510294778653133e+02,1.085470544258755012e+02,1.084767249328666594e+02,1.072386663055902432e+02,8.645472918046633026e+01,8.443963469175038483e+01,8.320640467157625153e+01,8.338075788162771573e+01,8.870511813863838313e+01
1.200000000000000000e+02,1.200000000000000000e+02,1.200000000000000000e+02,1.200000000000000000e+02,1.200000000000000000e+02,1.200000000000000000e+02,1.200000000000000000e+02,1.200000000000000000e+02,1.200000000000000000e+02,1.200000000000000000e+02,1.085512292474000873e+02,1.085512230219391938e+02,1.085512247079719259e+02,1.085512315603895814e+02,1.085512361612062620e+02,1.085512418151869980e+02,1.085510347093310628e+02,1.085470570665241326e+02,1.084767308233793699e+02,1.072386652948889179e+02,8.645473415444197940e+01,8.443963313058809206e+01,8.320640528364981492e+01,8.338075868939667146e+01,8.870511717730124701e+01
1.200000000000000000e+02,1.200000000000000000e+02,1.200000000000000000e+02,1.200000000000000000e+02,1.200000000000000000e+02,1.200000000000000000e+02,1.200000000000000000e+02,1.200000000000000000e+02,1.200000000000000000e+02,1.200000000000000000e+02,1.085512204318150253e+02,1.085512174914402408e+02,1.085512195646913227e+02,1.085512271333688119e+02,1.085512386725316105e+02,1.085512372775454963e+02,1.085510351838279632e+02,1.085470555025273995e+02,1.084767289438693467e+02,1.072386675528268825e+02,8.645472957011769211e+01,8.443963632214094162e+01,8.320640343611000844e+01,8.338075903897919261e+01,8.870511765831847129e+01
1.200000000000000000e+02,1.200000000000000000e+02,1.200000000000000000e+02,1.200000000000000000e+02,1.200000000000000000e+02,1.200000000000000000e+02,1.200000000000000000e+02,1.200000000000000000e+02,1.200000000000000000e+02,1.200000000000000000e+02,1.085512130545193372e+02,1.085512083088291462e+02,1.085512146481838300e+02,1.085512222691209701e+02,1.085512343391413594e+02,1.085512396559464889e+02,1.085510308214037138e+02,1.085470563348364550e+02,1.084767275432532898e+02,1.072386662181990289e+02,8.645473296570166610e+01,8.443963307421016395e+01,8.320640586300456221e+01,8.338075755626088892e+01,8.870511784526497934e+01
1.200000000000000000e+02,1.200000000000000000e+02,1.200000000000000000e+02,1.200000000000000000e+02,1.200000000000000000e+02,1.200000000000000000e+02,1.200000000000000000e+02,1.200000000000000000e+02,1.200000000000000000e+02,1.200000000000000000e+02,1.085512018499030518e+02,1.085512036183333322e+02,1.085512057049121353e+02,1.085512182575036348e+02,1.085512299700826162e+02,1.085512356213020269e+02,1.085510330889021446e+02,1.085470522430164806e+02,1.084767286860794826e+02,1.072386648154881925e+02,8.645473183032754605e+01,8.443963500115630438e+01,8.320640367487941091e+01,8.338075936949491052e+01,8.870511671507811968e+01
1.200000000000000000e+02,1.200000000000000000e+02,1.200000000000000000e+02,1.200000000000000000e+02,1.200000000000000000e+02,1.200000000000000000e+02,1.200000000000000000e+02,1.200000000000000000e+02,1.200000000000000000e+02,1.200000000000000000e+02,1.085511875128756429e+02,1.085511932046506587e+02,1.085512028586317257e+02,1.085512098681641788e+02,1.085512269527852567e+02,1.085512318320570273e+02,1.085510294778653133e+02,1.085470544258755012e+02,1.084767249328666452e+02,1.072386663055902289e+02,8.645472918046638711e+01,8.443963469175037062e+01,8.320640467157633680e+01,8.338075788162788626e+01,8.870511813863855366e+01
1.200000000000000000e+02,1.200000000000000000e+02,1.200000000000000000e+02,1.200000000000000000e+02,1.200000000000000000e+02,1.200000000000000000e+02,1.200000000000000000e+02,1.200000000000000000e+02,1.200000000000000000e+02,1.200000000000000000e+02,1.085512292474001157e+02,1.085512230219392080e+02,1.085512247079719117e+02,1.085512315603895814e+02,1.085512361612062477e+02,1.085512418151869980e+02,1.085510347093310628e+02,1.085470570665241326e+02,1.084767308233793699e+02,1.072386652948888894e+02,8.645473415444199361e+01,8.443963313058817732e+01,8.320640528364984334e+01,8.338075868939679935e+01,8.870511717730140333e+01
1.200000000000000000e+02,1.200000000000000000e+02,1.200000000000000000e+02,1.200000000000000000e+02,1.200000000000000000e+02,1.200000000000000000e+02,1.200000000000000000e+02,1.200000000000000000e+02,1.200000000000000000e+02,1.200000000000000000e+02,1.085512204318150253e+02,1.085512174914402550e+02,1.085512195646913369e+02,1.085512271333687977e+02,1.085512386725316105e+02,1.085512372775454963e+02,1.085510351838279632e+02,1.085470555025274138e+02,1.084767289438693467e+02,1.072386675528268825e+02,8.645472957011767789e+01,8.443963632214098425e+01,8.320640343611010792e+01,8.338075903897927788e+01,8.870511765831858497e+01
1.200000000000000000e+02,1.200000000000000000e+02,1.200000000000000000e+02,1.200000000000000000e+02,1.200000000000000000e+02,1.200000000000000000e+02,1.200000000000000000e+02,1.200000000000000000e+02,1.200000000000000000e+02,1.200000000000000000e+02,1.085512130545193230e+02,1.085512083088291320e+02,1.085512146481838300e+02,1.085512222691209843e+02,1.085512343391413594e+02,1.085512396559464747e+02,1.085510308214037138e+02,1.085470563348364408e+02,1.084767275432532898e+02,1.072386662181990289e+02,8.645473296570172295e+01,8.443963307421016395e+01,8.320640586300463326e+01,8.338075755626100261e+01,8.870511784526506460e+01
1.200000000000000000e+02,1.200000000000000000e+02,1.200000000000000000e+02,1.200000000000000000e+02,1.200000000000000000e+02,1.200000000000000000e+02,1.200000000000000000e+02,1.200000000000000000e+02,1.200000000000000000e+02,1.200000000000000000e+02,1.085512018499030802e+02,1.085512036183333464e+02,1.085512057049121353e+02,1.085512182575036206e+02,1.085512299700826304e+02,1.085512356213020126e+02,1.085510330889021446e+02,1.085470522430164806e+02,1.084767286860794826e+02,1.072386648154881925e+02,8.645473183032756026e+01,8.443963500115637544e+01,8.320640367487942513e+01,8.338075936949500999e+01,8.870511671507821916e+01
1.200000000000000000e+02,1.200000000000000000e+02,1.200000000000000000e+02,1.200000000000000000e+02,1.200000000000000000e+02,1.200000000000000000e+02,1.200000000000000000e+02,1.200000000000000000e+02,1.200000000000000000e+02,1.200000000000000000e+02,1.085511875128756429e+02,1.085511932046506871e+02,1.085512028586317115e+02,1.085512098681641788e+02,1.085512269527852567e+02,1.085512318320570415e+02,1.085510294778653133e+02,1.085470544258754870e+02,1.084767249328666452e+02,1.072386663055902432e+02,8.645472918046638711e+01,8.443963469175039904e+01,8.320640467157639364e+01,8.338075788162792890e+01,8.870511813863865314e+01
1.200000000000000000e+02,1.200000000000000000e+02,1.200000000000000000e+02,1.200000000000000000e+02,1.200000000000000000e+02,1.200000000000000000e+02,1.200000000000000000e+02,1.200000000000000000e+02,1.200000000000000000e+02,1.200000000000000000e+02,1.085512292474000873e+02,1.085512230219391938e+02,1.085512247079719117e+02,1.085512315603895672e+02,1.085512361612062477e+02,1.085512418151869980e+02,1.085510347093310770e+02,1.085470570665241326e+02,1.084767308233793699e+02,1.072386652948889036e+02,8.645473415444200782e+01,8.443963313058817732e+01,8.320640528364990018e+01,8.338075868939687041e+01,8.870511717730144596e+01
1.200000000000000000e+02,1.200000000000000000e+02,1.200000000000000000e+02,1.200000000000000000e+02,1.200000000000000000e+02,1.200000000000000000e+02,1.200000000000000000e+02,1.200000000000000000e+02,1.200000000000000000e+02,1.200000000000000000e+02,1.085512204318150395e+02,1.085512174914402408e+02,1.085512195646913369e+02,1.085512271333687977e+02,1.085512386725315963e+02,1.085512372775454821e+02,1.085510351838279490e+02,1.085470555025274138e+02,1.084767289438693467e+02,1.072386675528268967e+02,8.645472957011769211e+01,8.443963632214099846e+01,8.320640343611012213e+01,8.338075903897933472e+01,8.870511765831868445e+01
1.200000000000000000e+02,1.200000000000000000e+02,1.200000000000000000e+02,1.200000000000000000e+02,1.200000000000000000e+02,1.200000000000000000e+02,1.200000000000000000e+02,1.200000000000000000e+02,1.200000000000000000e+02,1.200000000000000000e+02,1.085512130545193230e+02,1.085512083088291462e+02,1.085512146481838300e+02,1.085512222691209701e+02,1.085512343391413594e+02,1.085512396559464889e+02,1.085510308214036996e+02,1.085470563348364408e+02,1.084767275432532898e+02,1.072386662181990431e+02,8.645473296570169452e+01,8.443963307421019238e+01,8.320640586300467589e+01,8.338075755626103103e+01,8.870511784526514987e+01
1.200000000000000000e+02,1.200000000000000000e+02,1.200000000000000000e+02,1.200000000000000000e+02,1.200000000000000000e+02,1.200000000000000000e+02,1.200000000000000000e+02,1.200000000000000000e+02,1.200000000000000000e+02,1.200000000000000000e+02,1.085512018499030660e+02,1.085512036183333322e+02,1.085512057049121353e+02,1.085512182575036348e+02,1.085512299700826304e+02,1.085512356213020126e+02,1.085510330889021589e+02,1.085470522430164806e+02,1.084767286860794968e+02,1.072386648154882067e+02,8.645473183032756026e+01,8.443963500115636123e+01,8.320640367487948197e+01,8.338075936949503841e+01,8.870511671507826179e+01
1.200000000000000000e+02,1.200000000000000000e+02,1.200000000000000000e+02,1.200000000000000000e+02,1.200000000000000000e+02,1.200000000000000000e+02,1.200000000000000000e+02,1.200000000000000000e+02,1.200000000000000000e+02,1.200000000000000000e+02,1.085511875128756429e+02,1.085511932046506729e+02,1.085512028586317115e+02,1.085512098681641930e+02,1.085512269527852567e+02,1.085512318320570415e+02,1.085510294778653133e+02,1.085470544258755154e+02,1.084767249328666452e+02,1.072386663055902432e+02,8.645472918046640132e+01,8.443963469175041325e+01,8.320640467157642206e+01,8.338075788162797153e+01,8.870511813863868156e+01
1.200000000000000000e+02,1.200000000000000000e+02,1.200000000000000000e+02,1.200000000000000000e+02,1.200000000000000000e+02,1.200000000000000000e+02,1.200000000000000000e+02,1.200000000000000000e+02,1.200000000000000000e+02,1.200000000000000000e+02,1.085512292474001015e+02,1.085512230219391938e+02,1.085512247079719117e+02,1.085512315603895672e+02,1.085512361612062477e+02,1.085512418151869980e+02,1.085510347093310628e+02,1.085470570665241326e+02,1.084767308233793841e+02,1.072386652948888894e+02,8.645473415444199361e+01,8.443963313058819153e+01,8.320640528364992861e+01,8.338075868939688462e+01,8.870511717730151702e+01
1.200000000000000000e+02,1.200000000000000000e+02,1.200000000000000000e+02,1.200000000000000000e+02,1.200000000000000000e+02,1.200000000000000000e+02,1.200000000000000000e+02,1.200000000000000000e+02,1.200000000000000000e+02,1.200000000000000000e+02,1.085512204318150253e+02,1.085512174914402408e+02,1.085512195646913369e+02,1.085512271333687977e+02,1.085512386725316105e+02,1.085512372775454821e+02,1.085510351838279632e+02,1.085470555025273995e+02,1.084767289438693467e+02,1.072386675528268967e+02,8.645472957011769211e+01,8.443963632214098425e+01,8.320640343611017897e+01,8.338075903897934893e+01,8.870511765831867024e+01
1.200000000000000000e+02,1.200000000000000000e+02,1.200000000000000000e+02,1.200000000000000000e+02,1.200000000000000000e+02,1.200000000000000000e+02,1.200000000000000000e+02,1.200000000000000000e+02,1.200000000000000000e+02,1.200000000000000000e+02,1.085512130545193088e+02,1.085512083088291178e+02,1.085512146481838158e+02,1.085512222691209701e+02,1.085512343391413737e+02,1.085512396559464747e+02,1.085510308214036996e+02,1.085470563348364550e+02,1.084767275432532898e+02,1.072386662181990289e+02,8.645473296570173716e+01,8.443963307421019238e+01,8.320640586300466168e+01,8.338075755626107366e+01,8.870511784526514987e+01
1.200000000000000000e+02,1.200000000000000000e+02,1.200000000000000000e+02,1.200000000000000000e+02,1.200000000000000000e+02,1.200000000000000000e+02,1.200000000000000000e+02,1.200000000000000000e+02,1.200000000000000000e+02,1.200000000000000000e+02,1.085512018499030660e+02,1.085512036183333322e+02,1.085512057049121211e+02,1.085512182575036348e+02,1.085512299700826304e+02,1.085512356213020126e+02,1.085510330889021446e+02,1.085470522430164806e+02,1.084767286860794826e+02,1.072386648154882067e+02,8.645473183032753184e+01,8.443963500115640386e+01,8.320640367487948197e+01,8.338075936949503841e+01,8.870511671507831863e+01
1.200000000000000000e+02,1.200000000000000000e+02,1.200000000000000000e+02,1.200000000000000000e+02,1.200000000000000000e+02,1.200000000000000000e+02,1.200000000000000000e+02,1.200000000000000000e+02,1.200000000000000000e+02,1.200000000000000000e+02,1.085511875128756429e+02,1.085511932046507013e+02,1.085512028586317115e+02,1.085512098681641646e+02,1.085512269527852567e+02,1.085512318320570415e+02,1.085510294778653275e+02,1.085470544258755012e+02,1.084767249328666452e+02,1.072386663055902574e+02,8.645472918046638711e+01,8.443963469175039904e+01,8.320640467157646469e+01,8.338075788162798574e+01,8.870511813863869577e+01
1.200000000000000000e+02,1.200000000000000000e+02,1.200000000000000000e+02,1.200000000000000000e+02,1.200000000000000000e+02,1.200000000000000000e+02,1.200000000000000000e+02,1.200000000000000000e+02,1.200000000000000000e+02,1.200000000000000000e+02,1.085512292474001015e+02,1.085512230219391938e+02,1.085512247079719117e+02,1.085512315603895672e+02,1.085512361612062477e+02,1.085512418151869980e+02,1.085510347093310628e+02,1.085470570665241326e+02,1.084767308233793699e+02,1.072386652948889036e+02,8.645473415444200782e+01,8.443963313058819153e+01,8.320640528364992861e+01,8.338075868939692725e+01,8.870511717730150281e+01
1.200000000000000000e+02,1.200000000000000000e+02,1.200000000000000000e+02,1.200000000000000000e+02,1.200000000000000000e+02,1.200000000000000000e+02,1.200000000000000000e+02,1.200000000000000000e+02,1.200000000000000000e+02,1.200000000000000000e+02,1.085512204318150253e+02,1.085512174914402408e+02,1.085512195646913227e+02,1.085512271333687977e+02,1.085512386725316105e+02,1.085512372775454963e+02,1.085510351838279632e+02,1.085470555025273995e+02,1.084767289438693467e+02,1.072386675528268682e+02,8.645472957011769211e+01,8.443963632214099846e+01,8.320640343611017897e+01,8.338075903897934893e+01,8.870511765831871287e+01
1.200000000000000000e+02,1.200000000000000000e+02,1.200000000000000000e+02,1.200000000000000000e+02,1.200000000000000000e+02,1.200000000000000000e+02,1.200000000000000000e+02,1.200000000000000000e+02,1.200000000000000000e+02,1.200000000000000000e+02,1.085512130545193230e+02,1.085512083088291320e+02,1.085512146481838300e+02,1.085512222691209558e+02,1.085512343391413594e+02,1.085512396559464605e+02,1.085510308214036996e+02,1.085470563348364550e+02,1.084767275432532756e+02,1.072386662181990431e+02,8.645473296570169452e+01,8.443963307421019238e+01,8.320640586300469010e+01,8.338075755626108787e+01,8.870511784526516408e+01
1.200000000000000000e+02,1.200000000000000000e+02,1.200000000000000000e+02,1.200000000000000000e+02,1.200000000000000000e+02,1.200000000000000000e+02,1.200000000000000000e+02,1.200000000000000000e+02,1.200000000000000000e+02,1.200000000000000000e+02,1.085512018499030660e+02,1.085512036183333322e+02,1.085512057049121211e+02,1.085512182575036491e+02,1.085512299700826162e+02,1.085512356213019984e+02,1.085510330889021304e+02,1.085470522430164948e+02,1.084767286860794826e+02,1.072386648154881925e+02,8.645473183032756026e+01,8.443963500115637544e+01,8.320640367487948197e+01,8.338075936949506684e+01,8.870511671507830442e+01
1.200000000000000000e+02,1.200000000000000000e+02,1.200000000000000000e+02,1.200000000000000000e+02,1.200000000000000000e+02,1.200000000000000000e+02,1.200000000000000000e+02,1.200000000000000000e+02,1.200000000000000000e+02,1.200000000000000000e+02,1.085511875128756287e+02,1.085511932046506729e+02,1.085512028586317257e+02,1.085512098681641646e+02,1.085512269527852567e+02,1.085512318320570131e+02,1.085510294778653275e+02,1.085470544258754870e+02,1.084767249328666452e+02,1.072386663055902432e+02,8.645472918046638711e+01,8.443963469175042746e+01,8.320640467157643627e+01,8.338075788162798574e+01,8.870511813863869577e+01
1.200000000000000000e+02,1.200000000000000000e+02,1.200000000000000000e+02,1.200000000000000000e+02,1.200000000000000000e+02,1.200000000000000000e+02,1.200000000000000000e+02,1.200000000000000000e+02,1.200000000000000000e+02,1.200000000000000000e+02,1.085512292474000873e+02,1.085512230219392080e+02,1.085512247079719117e+02,1.085512315603895814e+02,1.085512361612062477e+02,1.085512418151869980e+02,1.085510347093310486e+02,1.085470570665241468e+02,1.084767308233793557e+02,1.072386652948889179e+02,8.645473415444199361e+01,8.443963313058817732e+01,8.320640528364994282e+01,8.338075868939691304e+01,8.870511717730151702e+01
1.200000000000000000e+02,1.200000000000000000e+02,1.200000000000000000e+02,1.200000000000000000e+02,1.200000000000000000e+02,1.200000000000000000e+02,1.200000000000000000e+02,1.200000000000000000e+02,1.200000000000000000e+02,1.200000000000000000e+02,1.085512204318150253e+02,1.085512174914402408e+02,1.085512195646913369e+02,1.085512271333687835e+02,1.085512386725316105e+02,1.085512372775454679e+02,1.085510351838279632e+02,1.085470555025273995e+02,1.084767289438693467e+02,1.072386675528268967e+02,8.645472957011772053e+01,8.443963632214098425e+01,8.320640343611015055e+01,8.338075903897937735e+01,8.870511765831869866e+01
1.200000000000000000e+02,1.200000000000000000e+02,1.200000000000000000e+02,1.200000000000000000e+02,1.200000000000000000e+02,1.200000000000000000e+02,1.200000000000000000e+02,1.200000000000000000e+02,1.200000000000000000e+02,1.200000000000000000e+02,1.085512130545193088e+02,1.085512083088291178e+02,1.085512146481838300e+02,1.085512222691209701e+02,1.085512343391413452e+02,1.085512396559465031e+02,1.085510308214036996e+02,1.085470563348364550e+02,1.084767275432532756e+02,1.072386662181990431e+02,8.645473296570172295e+01,8.443963307421019238e+01,8.320640586300467589e+01,8.338075755626107366e+01,8.870511784526519250e+01
1.200000000000000000e+02,1.200000000000000000e+02,1.200000000000000000e+02,1.200000000000000000e+02,1.200000000000000000e+02,1.200000000000000000e+02,1.200000000000000000e+02,1.200000000000000000e+02,1.200000000000000000e+02,1.200000000000000000e+02,1.085512018499030660e+02,1.085512036183333322e+02,1.085512057049121353e+02,1.085512182575036491e+02,1.085512299700826162e+02,1.085512356213019842e+02,1.085510330889021589e+02,1.085470522430164806e+02,1.084767286860794968e+02,1.072386648154881925e+02,8.645473183032756026e+01,8.443963500115637544e+01,8.320640367487948197e+01,8.338075936949503841e+01,8.870511671507830442e+01
1.200000000000000000e+02,1.200000000000000000e+02,1.200000000000000000e+02,1.200000000000000000e+02,1.200000000000000000e+02,1.200000000000000000e+02,1.200000000000000000e+02,1.200000000000000000e+02,1.200000000000000000e+02,1.200000000000000000e+02,1.085511875128756429e+02,1.085511932046506871e+02,1.085512028586316973e+02,1.085512098681641646e+02,1.085512269527852567e+02,1.085512318320570273e+02,1.085510294778652991e+02,1.085470544258755154e+02,1.084767249328666452e+02,1.072386663055902574e+02,8.645472918046638711e+01,8.443963469175042746e+01,8.320640467157643627e+01,8.338075788162798574e+01,8.870511813863869577e+01
1.200000000000000000e+02,1.200000000000000000e+02,1.200000000000000000e+02,1.200000000000000000e+02,1.200000000000000000e+02,1.200000000000000000e+02,1.200000000000000000e+02,1.200000000000000000e+02,1.200000000000000000e+02,1.200000000000000000e+02,1.085512292052072922e+02,1.085512229896043834e+02,1.085512246841052217e+02,1.085512315427116050e+02,1.085512361481966792e+02,1.085512418058082034e+02,1.085510347027317835e+02,1.085470570620069566e+02,1.084767308203956588e+02,1.072386652931115805e+02,8.645473415338948087e+01,8.443963312993646753e+01,8.320640528325454000e+01,8.338075868914174293e+01,8.870511717707321964e+01
1.200000000000000000e+02,1.200000000000000000e+02,1.200000000000000000e+02,1.200000000000000000e+02,1.200000000000000000e+02,1.200000000000000000e+02,1.200000000000000000e+02,1.200000000000000000e+02,1.200000000000000000e+02,1.200000000000000000e+02,1.085512203825850435e+02,1.085512174538471584e+02,1.085512195361003194e+02,1.085512271123358090e+02,1.085512386571653707e+02,1.085512372664396139e+02,1.085510351759904353e+02,1.085470554971660277e+02,1.084767289403331603e+02,1.072386675507195690e+02,8.645472956886906957e+01,8.443963632136798481e+01,8.320640343564096497e+01,8.338075903867635930e+01,8.870511765804756976e+01
1.200000000000000000e+02,1.200000000000000000e+02,1.200000000000000000e+02,1.200000000000000000e+02,1.200000000000000000e+02,1.200000000000000000e+02,1.200000000000000000e+02,1.200000000000000000e+02,1.200000000000000000e+02,1.200000000000000000e+02,1.085512129907039309e+02,1.085512082650410548e+02,1.085512146153404416e+02,1.085512222444084927e+02,1.085512343211067900e+02,1.085512396430115274e+02,1.085510308122891701e+02,1.085470563285945929e+02,1.084767275391444343e+02,1.072386662157644963e+02,8.645473296431322296e+01,8.443963307334901458e+01,8.320640586248696025e+01,8.338075755592454641e+01,8.870511784495218421e+01
1.200000000000000000e+02,1.200000000000000000e+02,1.200000000000000000e+02,1.200000000000000000e+02,1.200000000000000000e+02,1.200000000000000000e+02,1.200000000000000000e+02,1.200000000000000000e+02,1.200000000000000000e+02,1.200000000000000000e+02,1.085512017776046463e+02,1.085512035606742813e+02,1.085512056666106133e+02,1.085512182293148555e+02,1.085512299491986994e+02,1.085512356062828019e+02,1.085510330783997830e+02,1.085470522358647969e+02,1.084767286813828235e+02,1.072386648127232434e+02,8.645473182890582109e+01,8.443963500027702196e+01,8.320640367434855023e+01,8.338075936915102204e+01,8.870511671474135085e+01
1.200000000000000000e+02,1.200000000000000000e+02,1.200000000000000000e+02,1.200000000000000000e+02,1.200000000000000000e+02,1.200000000000000000e+02,1.200000000000000000e+02,1.200000000000000000e+02,1.200000000000000000e+02,1.200000000000000000e+02,1.085511874285983254e+02,1.085511931395272853e+02,1.085512028077705793e+02,1.085512098352424886e+02,1.085512269290687755e+02,1.085512318148747539e+02,1.085510294657979102e+02,1.085470544177236150e+02,1.084767249275693217e+02,1.072386663025122715e+02,8.645472917909964394e+01,8.443963469096550511e+01,8.320640467110197847e+01,8.338075788130834098e+01,8.870511813829445202e+01
1.200000000000000000e+02,1.200000000000000000e+02,1.200000000000000000e+02,1.200000000000000000e+02,1.200000000000000000e+02,1.200000000000000000e+02,1.200000000000000000e+02,1.200000000000000000e+02,1.200000000000000000e+02,1.200000000000000000e+02,1.085512292417357827e+02,1.085512230165923313e+02,1.085512247052084689e+02,1.085512315581454743e+02,1.085512361636927068e+02,1.085512418173246374e+02,1.085510347109437390e+02,1.085470570677469766e+02,1.084767308243264523e+02,1.072386652956262338e+02,8.645473415571333931e+01,8.443963313149119188e+01,8.320640528425300886e+01,8.338075868975550975e+01,8.870511717750147795e+01
1.200000000000000000e+02,1.200000000000000000e+02,1.200000000000000000e+02,1.200000000000000000e+02,1.200000000000000000e+02,1.200000000000000000e+02,1.200000000000000000e+02,1.200000000000000000e+02,1.200000000000000000e+02,1.200000000000000000e+02,1.085512204254757336e+02,1.085512174847859086e+02,1.085512195600971950e+02,1.085512271323122775e+02,1.085512386716346072e+02,1.085512372807847186e+02,1.085510351865608669e+02,1.085470555046016869e+02,1.084767289454349992e+02,1.072386675540627152e+02,8.645472957225680943e+01,8.443963632365300498e+01,8.320640343712848619e+01,8.338075903962283064e+01,8.870511765867227894e+01
1.200000000000000000e+02,1.200000000000000000e+02,1.200000000000000000e+02,1.200000000000000000e+02,1.200000000000000000e+02,1.200000000000000000e+02,1.200000000000000000e+02,1.200000000000000000e+02,1.200000000000000000e+02,1.200000000000000000e+02,1.085512130523496666e+02,1.085512083000967607e+02,1.085512146412634849e+02,1.085512222652814245e+02,1.085512343392848322e+02,1.085512396559385877e+02,1.085510308249237141e+02,1.085470563377822941e+02,1.084767275455001254e+02,1.072386662199765937e+02,8.645473296881377223e+01,8.443963307646082228e+01,8.320640586451210652e+01,8.338075755722550753e+01,8.870511784582632231e+01
1.200000000000000000e+02,1.200000000000000000e+02,1.200000000000000000e+02,1.200000000000000000e+02,1.200000000000000000e+02,1.200000000000000000e+02,1.200000000000000000e+02,1.200000000000000000e+02,1.200000000000000000e+02,1.200000000000000000e+02,1.085512018470307112e+02,1.085512036161232459e+02,1.085512056953471927e+02,1.085512182508493026e+02,1.085512299670296841e+02,1.085512356223409540e+02,1.085510330895259727e+02,1.085470522465757597e+02,1.084767286890479312e+02,1.072386648179212330e+02,8.645473183450056354e+01,8.443963500421919832e+01,8.320640367698234741e+01,8.338075937083002032e+01,8.870511671584388580e+01
1.200000000000000000e+02,1.200000000000000000e+02,1.200000000000000000e+02,1.200000000000000000e+02,1.200000000000000000e+02,1.200000000000000000e+02,1.200000000000000000e+02,1.200000000000000000e+02,1.200000000000000000e+02,1.200000000000000000e+02,1.085511875101501289e+02,1.085511932012084770e+02,1.085512028563995699e+02,1.085512098587639400e+02,1.085512269467481730e+02,1.085512318297977856e+02,1.085510294795917332e+02,1.085470544269721955e+02,1.084767249363593606e+02,1.072386663087440155e+02,8.645472918600056289e+01,8.443963469569887081e+01,8.320640467432708931e+01,8.338075788341508598e+01,8.870511813963888414e+01
1.200000000000000000e+02,1.200000000000000000e+02,1.200000000000000000e+02,1.200000000000000000e+02,1.200000000000000000e+02,1.200000000000000000e+02,1.200000000000000000e+02,1.200000000000000000e+02,1.200000000000000000e+02,1.200000000000000000e+02,1.085512292452049508e+02,1.085512230186905356e+02,1.085512247040058895e+02,1.085512315582609233e+02,1.085512361525956777e+02,1.085512418099673795e+02,1.085510347078307376e+02,1.085470570687709397e+02,1.084767308248487865e+02,1.072386652986134834e+02,8.645473416152867685e+01,8.443963313570847617e+01,8.320640528710468686e+01,8.338075869166746656e+01,8.870511717858538248e+01
1.200000000000000000e+02,1.200000000000000000e+02,1.200000000000000000e+02,1.200000000000000000e+02,1.200000000000000000e+02,1.200000000000000000e+02,1.200000000000000000e+02,1.200000000000000000e+02,1.200000000000000000e+02,1.200000000000000000e+02,1.085512204293335401e+02,1.085512174892400594e+02,1.085512195608709476e+02,1.085512271287442587e+02,1.085512386703996697e+02,1.085512372700299579e+02,1.085510351795298760e+02,1.085470555017346186e+02,1.084767289465331714e+02,1.072386675550316255e+02,8.645472957858352459e+01,8.443963632864213764e+01,8.320640344051709292e+01,8.338075904177733833e+01,8.870511765989854780e+01
1.200000000000000000e+02,1.200000000000000000e+02,1.200000000000000000e+02,1.200000000000000000e+02,1.200000000000000000e+02,1.200000000000000000e+02,1.200000000000000000e+02,1.200000000000000000e+02,1.200000000000000000e+02,1.200000000000000000e+02,1.085512130521937877e+02,1.085512083061504427e+02,1.085512146460096403e+02,1.085512222648377332e+02,1.085512343339935200e+02,1.085512396538661477e+02,1.085510308151358601e+02,1.085470563314865586e+02,1.084767275431247668e+02,1.072386662216167110e+02,8.645473297213412422e+01,8.443963308202268081e+01,8.320640586854891296e+01,8.338075755977875758e+01,8.870511784716607906e+01
1.200000000000000000e+02,1.200000000000000000e+02,1.200000000000000000e+02,1.200000000000000000e+02,1.200000000000000000e+02,1.200000000000000000e+02,1.200000000000000000e+02,1.200000000000000000e+02,1.200000000000000000e+02,1.200000000000000000e+02,1.085512018472152533e+02,1.085512036158096265e+02,1.085512057019929415e+02,1.085512182553666491e+02,1.085512299654975124e+02,1.085512356158228187e+02,1.085510330869393698e+02,1.085470522380307301e+02,1.084767286836726043e+02,1.072386648165028475e+02,8.645473183921633620e+01,8.443963500796745336e+01,8.320640368155676470e+01,8.338075937387547754e+01,8.870511671743531679e+01
1.200000000000000000e+02,1.200000000000000000e+02,1.200000000000000000e+02,1.200000000000000000e+02,1.200000000000000000e+02,1.200000000000000000e+02,1.200000000000000000e+02,1.200000000000000000e+02,1.200000000000000000e+02,1.200000000000000000e+02,1.085511875104515269e+02,1.085511932019798707e+02,1.085512028559442825e+02,1.085512098649626438e+02,1.085512269506880614e+02,1.085512318273555081e+02,1.085510294722705567e+02,1.085470544240985049e+02,1.084767249291351590e+02,1.072386663043962045e+02,8.645472918563591236e+01,8.443963470082573508e+01,8.320640467792824779e+01,8.338075788689235424e+01,8.870511814153745433e+01
1.200000000000000000e+02,1.200000000000000000e+02,1.200000000000000000e+02,1.200000000000000000e+02,1.200000000000000000e+02,1.200000000000000000e+02,1.200000000000000000e+02,1.200000000000000000e+02,1.200000000000000000e+02,1.200000000000000000e+02,1.085512291698682361e+02,1.085512229600173697e+02,1.085512246613610898e+02,1.085512315250383750e+02,1.085512361335254639e+02,1.085512417956874600e+02,1.085510346924120313e+02,1.085470570525837957e+02,1.084767308162820996e+02,1.072386652892843699e+02,8.645473415327998623e+01,8.443963313615348909e+01,8.320640529130768925e+01,8.338075869418868535e+01,8.870511718032604165e+01
1.200000000000000000e+02,1.200000000000000000e+02,1.200000000000000000e+02,1.200000000000000000e+02,1.200000000000000000e+02,1.200000000000000000e+02,1.200000000000000000e+02,1.200000000000000000e+02,1.200000000000000000e+02,1.200000000000000000e+02,1.085512203374380817e+02,1.085512174212893228e+02,1.085512195094072894e+02,1.085512270919819287e+02,1.085512386412680286e+02,1.085512372530858016e+02,1.085510351672254217e+02,1.085470554881387386e+02,1.084767289320524952e+02,1.072386675478566644e+02,8.645472956683572363e+01,8.443963632412230425e+01,8.320640344244858966e+01,8.338075904544024297e+01,8.870511766127816600e+01
1.200000000000000000e+02,1.200000000000000000e+02,1.200000000000000000e+02,1.200000000000000000e+02,1.200000000000000000e+02,1.200000000000000000e+02,1.200000000000000000e+02,1.200000000000000000e+02,1.200000000000000000e+02,1.200000000000000000e+02,1.085512129383462536e+02,1.085512082247972927e+02,1.085512145860168118e+02,1.085512222207579782e+02,1.085512343032795286e+02,1.085512396290756101e+02,1.085510308003828612e+02,1.085470563212606692e+02,1.084767275315642792e+02,1.072386662088870679e+02,8.645473296313545575e+01,8.443963307505129023e+01,8.320640586703282793e+01,8.338075756214767864e+01,8.870511784951432332e+01
1.200000000000000000e+02,1.200000000000000000e+02,1.200000000000000000e+02,1.200000000000000000e+02,1.200000000000000000e+02,1.200000000000000000e+02,1.200000000000000000e+02,1.200000000000000000e+02,1.200000000000000000e+02,1.200000000000000000e+02,1.085512017218558043e+02,1.085512035126966026e+02,1.085512056311150673e+02,1.085512182034044173e+02,1.085512299285901747e+02,1.085512355910160380e+02,1.085510330665126304e+02,1.085470522254623091e+02,1.084767286754691753e+02,1.072386648065136399e+02,8.645473182014835345e+01,8.443963500192654692e+01,8.320640367870352350e+01,8.338075937408846983e+01,8.870511671889984484e+01
1.200000000000000000e+02,1.200000000000000000e+02,1.200000000000000000e+02,1.200000000000000000e+02,1.200000000000000000e+02,1.200000000000000000e+02,1.200000000000000000e+02,1.200000000000000000e+02,1.200000000000000000e+02,1.200000000000000000e+02,1.085511873490821557e+02,1.085511930868527344e+02,1.085512027647922366e+02,1.085512098042896838e+02,1.085512269066195188e+02,1.085512317972537772e+02,1.085510294530760973e+02,1.085470544079028485e+02,1.084767249186670171e+02,1.072386662980176766e+02,8.645472917128572021e+01,8.443963468607397260e+01,8.320640467517888794e+01,8.338075788670693100e+01,8.870511814179626242e+01
1.200000000000000000e+02,1.200000000000000000e+02,1.200000000000000000e+02,1.200000000000000000e+02,1.200000000000000000e+02,1.200000000000000000e+02,1.200000000000000000e+02,1.200000000000000000e+02,1.200000000000000000e+02,1.200000000000000000e+02,1.085512291897843085e+02,1.085512229763800605e+02,1.085512246728678747e+02,1.085512315344124801e+02,1.085512361481789583e+02,1.085512418059352200e+02,1.085510347017815320e+02,1.085470570613399417e+02,1.084767308190172344e+02,1.072386652896124986e+02,8.645473415262331685e+01,8.443963312732496718e+01,8.320640528341458264e+01,8.338075869518199568e+01,8.870511718189422368e+01
1.200000000000000000e+02,1.200000000000000000e+02,1.200000000000000000e+02,1.200000000000000000e+02,1.200000000000000000e+02,1.200000000000000000e+02,1.200000000000000000e+02,1.200000000000000000e+02,1.200000000000000000e+02,1.200000000000000000e+02,1.085512203577715127e+02,1.085512174369458194e+02,1.085512195236844377e+02,1.085512271044712804e+02,1.085512386515975720e+02,1.085512372678494444e+02,1.085510351774515811e+02,1.085470554972259691e+02,1.084767289405606618e+02,1.072386675497310620e+02,8.645472956363504125e+01,8.443963632237301908e+01,8.320640343624742741e+01,8.338075904115864034e+01,8.870511766294325184e+01
1.200000000000000000e+02,1.200000000000000000e+02,1.200000000000000000e+02,1.200000000000000000e+02,1.200000000000000000e+02,1.200000000000000000e+02,1.200000000000000000e+02,1.200000000000000000e+02,1.200000000000000000e+02,1.200000000000000000e+02,1.085512129878725887e+02,1.085512082384059340e+02,1.085512145981671353e+02,1.085512222330289944e+02,1.085512343157603112e+02,1.085512396393445727e+02,1.085510308144071132e+02,1.085470563307475800e+02,1.084767275397013861e+02,1.072386662165441891e+02,8.645473296352275838e+01,8.443963306984075246e+01,8.320640586549703244e+01,8.338075755880767304e+01,8.870511784734168259e+01
1.200000000000000000e+02,1.200000000000000000e+02,1.200000000000000000e+02,1.200000000000000000e+02,1.200000000000000000e+02,1.200000000000000000e+02,1.200000000000000000e+02,1.200000000000000000e+02,1.200000000000000000e+02,1.200000000000000000e+02,1.085512017634920312e+02,1.085512035567367235e+02,1.085512056405098491e+02,1.085512182128410217e+02,1.085512299390760944e+02,1.085512356029253027e+02,1.085510330761881619e+02,1.085470522383774323e+02,1.084767286839075524e+02,1.072386648135341574e+02,8.645473183251733929e+01,8.443963499977347453e+01,8.320640367303619200e+01,8.338075937356344980e+01,8.870511671775574314e+01
1.200000000000000000e+02,1.200000000000000000e+02,1.200000000000000000e+02,1.200000000000000000e+02,1.200000000000000000e+02,1.200000000000000000e+02,1.200000000000000000e+02,1.200000000000000000e+02,1.200000000000000000e+02,1.200000000000000000e+02,1.085511873949563437e+02,1.085511931221632409e+02,1.085512028029142755e+02,1.085512098110119581e+02,1.085512269139828732e+02,1.085512318061657311e+02,1.085510294640698845e+02,1.085470544167126405e+02,1.084767249303847763e+02,1.072386663054571159e+02,8.645472918244097116e+01,8.443963469437551339e+01,8.320640467157751630e+01,8.338075788181613746e+01,8.870511814216590096e+01
1.200000000000000000e+02,1.200000000000000000e+02,1.200000000000000000e+02,1.200000000000000000e+02,1.200000000000000000e+02,1.200000000000000000e+02,1.200000000000000000e+02,1.200000000000000000e+02,1.200000000000000000e+02,1.200000000000000000e+02,1.085512292377253658e+02,1.085512230114127163e+02,1.085512246963132554e+02,1.085512315551956846e+02,1.085512361502314889e+02,1.085512418087105004e+02,1.085510347056533362e+02,1.085470570679783009e+02,1.084767308250442142e+02,1.072386652998234382e+02,8.645473416392938759e+01,8.443963313417968664e+01,8.320640528785858692e+01,8.338075869135434459e+01,8.870511717818335740e+01
1.200000000000000000e+02,1.200000000000000000e+02,1.200000000000000000e+02,1.200000000000000000e+02,1.200000000000000000e+02,1.200000000000000000e+02,1.200000000000000000e+02,1.200000000000000000e+02,1.200000000000000000e+02,1.200000000000000000e+02,1.085512204197451211e+02,1.085512174810869794e+02,1.085512195542699203e+02,1.085512271214899442e+02,1.085512386689110684e+02,1.085512372625847348e+02,1.085510351790329935e+02,1.085470555007614735e+02,1.084767289468556015e+02,1.072386675561044882e+02,8.645472958352442561e+01,8.443963633018751125e+01,8.320640343932250005e+01,8.338075904334064603e+01,8.870511766027514966e+01
1.200000000000000000e+02,1.200000000000000000e+02,1.200000000000000000e+02,1.200000000000000000e+02,1.200000000000000000e+02,1.200000000000000000e+02,1.200000000000000000e+02,1.200000000000000000e+02,1.200000000000000000e+02,1.200000000000000000e+02,1.085512130510810493e+02,1.085512082933757938e+02,1.085512146378283234e+02,1.085512222586045539e+02,1.085512343271582836e+02,1.085512396541199251e+02,1.085510313671472886e+02,1.085470563328773039e+02,1.084767275475710733e+02,1.072386662231090639e+02,8.645473297738801932e+01,8.443963308625228592e+01,8.320640586949063788e+01,8.338075755910044506e+01,8.870511784852952530e+01
1.200000000000000000e+02,1.200000000000000000e+02,1.200000000000000000e+02,1.200000000000000000e+02,1.200000000000000000e+02,1.200000000000000000e+02,1.200000000000000000e+02,1.200000000000000000e+02,1.200000000000000000e+02,1.200000000000000000e+02,1.085512018422760434e+02,1.085512036141150389e+02,1.085512056878827138e+02,1.085512182475433178e+02,1.085512299595594357e+02,1.085512356091571746e+02,1.085510330867238054e+02,1.085470522331125665e+02,1.084767286883282793e+02,1.072386648175231016e+02,8.645473184585557647e+01,8.443963501247132797e+01,8.320640368486486693e+01,8.338075937454492248e+01,8.870511671663727782e+01
1.200000000000000000e+02,1.200000000000000000e+02,1.200000000000000000e+02,1.200000000000000000e+02,1.200000000000000000e+02,1.200000000000000000e+02,1.200000000000000000e+02,1.200000000000000000e+02,1.200000000000000000e+02,1.200000000000000000e+02,1.085511875276876310e+02,1.085511931961920027e+02,1.085512028537854263e+02,1.085512098506305421e+02,1.085512269434524200e+02,1.085512318218394086e+02,1.085510294984611335e+02,1.085470543916223960e+02,1.084767249258189281e+02,1.072386663051129574e+02,8.645472919173307957e+01,8.443963470696036211e+01,8.320640468124381073e+01,8.338075788929805299e+01,8.870511814161113762e+01
1.200000000000000000e+02,1.200000000000000000e+02,1.200000000000000000e+02,1.200000000000000000e+02,1.200000000000000000e+02,1.200000000000000000e+02,1.200000000000000000e+02,1.200000000000000000e+02,1.200000000000000000e+02,1.200000000000000000e+02,1.085512290610271151e+02,1.085512228754888184e+02,1.085512245943779561e+02,1.085512314762036539e+02,1.085512360849008786e+02,1.085512417648617003e+02,1.085510346686026253e+02,1.085470570856786878e+02,1.084767307591723409e+02,1.072386652833232716e+02,8.645473415554609176e+01,8.443963314069034709e+01,8.320640529513042338e+01,8.338075869550627317e+01,8.870511718060603812e+01
1.200000000000000000e+02,1.200000000000000000e+02,1.200000000000000000e+02,1.200000000000000000e+02,1.200000000000000000e+02,1.200000000000000000e+02,1.200000000000000000e+02,1.200000000000000000e+02,1.200000000000000000e+02,1.200000000000000000e+02,1.085512202089656171e+02,1.085512173214906682e+02,1.085512194328312461e+02,1.085512270314532941e+02,1.085512385982538177e+02,1.085512372116398723e+02,1.085510351402622149e+02,1.085470554644597314e+02,1.084767289773419208e+02,1.072386674869889447e+02,8.645472956563502009e+01,8.443963632748780412e+01,8.320640344656116838e+01,8.338075904782517966e+01,8.870511766037681411e+01
1.200000000000000000e+02,1.200000000000000000e+02,1.200000000000000000e+02,1.200000000000000000e+02,1.200000000000000000e+02,1.200000000000000000e+02,1.200000000000000000e+02,1.200000000000000000e+02,1.200000000000000000e+02,1.200000000000000000e+02,1.085512127847184161e+02,1.085512081109835236e+02,1.085512144966871659e+02,1.085512221526173704e+02,1.085512342497688820e+02,1.085512395921328022e+02,1.085510307685666760e+02,1.085470562976892381e+02,1.084767275075076753e+02,1.072386662588146038e+02,8.645473284916616308e+01,8.443963307635843307e+01,8.320640587043004643e+01,8.338075756464328947e+01,8.870511784923462528e+01
1.200000000000000000e+02,1.200000000000000000e+02,1.200000000000000000e+02,1.200000000000000000e+02,1.200000000000000000e+02,1.200000000000000000e+02,1.200000000000000000e+02,1.200000000000000000e+02,1.200000000000000000e+02,1.200000000000000000e+02,1.085512015402857458e+02,1.085512033710559052e+02,1.085512055317141744e+02,1.085512181251111201e+02,1.085512298690948683e+02,1.085512355447728652e+02,1.085510330353116046e+02,1.085470522047317843e+02,1.084767286548464824e+02,1.072386647868814293e+02,8.645473191964036630e+01,8.443963491008646827e+01,8.320640368112353258e+01,8.338075937599248277e+01,8.870511671642071860e+01
1.200000000000000000e+02,1.200000000000000000e+02,1.200000000000000000e+02,1.200000000000000000e+02,1.200000000000000000e+02,1.200000000000000000e+02,1.200000000000000000e+02,1.200000000000000000e+02,1.200000000000000000e+02,1.200000000000000000e+02,1.085511871326995390e+02,1.085511929192728644e+02,1.085512026374555887e+02,1.085512097187261844e+02,1.085512268395038404e+02,1.085512317466414771e+02,1.085510294142275711e+02,1.085470543817291968e+02,1.084767249093138872e+02,1.072386662756166658e+02,8.645472915497163058e+01,8.443963476191269990e+01,8.320640460744263578e+01,8.338075788811984523e+01,8.870511813741491380e+01
