1.200000000000000000e+02,1.200000000000000000e+02,1.200000000000000000e+02,1.200000000000000000e+02,1.200000000000000000e+02,1.200000000000000000e+02,1.200000000000000000e+02,1.200000000000000000e+02,1.200000000000000000e+02,1.200000000000000000e+02,1.053344727826508347e+02,1.053345268974606341e+02,1.053345731527313234e+02,1.053346105341488652e+02,1.053346438976235788e+02,1.053346783422432651e+02,1.053347034280468790e+02,1.053347204691868910e+02,1.053347483564882339e+02,1.053347458810713846e+02,1.053346885391165273e+02,1.053344131464097586e+02,1.053342912877443496e+02,1.053339576774295097e+02,1.053331165072198132e+02
1.200000000000000000e+02,1.200000000000000000e+02,1.200000000000000000e+02,1.200000000000000000e+02,1.200000000000000000e+02,1.200000000000000000e+02,1.200000000000000000e+02,1.200000000000000000e+02,1.200000000000000000e+02,1.200000000000000000e+02,1.053344401074901526e+02,1.053344994938986332e+02,1.053345499847754496e+02,1.053345940882340130e+02,1.053346296572975547e+02,1.053346618936698604e+02,1.053346962906995543e+02,1.053347195618760566e+02,1.053347353329495206e+02,1.053347623236771540e+02,9.278413924557021630e+01,1.053345882580267840e+02,1.053342604695270524e+02,1.053340164769552558e+02,1.053329749758322862e+02
1.200000000000000000e+02,1.200000000000000000e+02,1.200000000000000000e+02,1.200000000000000000e+02,1.200000000000000000e+02,1.200000000000000000e+02,1.200000000000000000e+02,1.200000000000000000e+02,1.200000000000000000e+02,1.200000000000000000e+02,1.053343665507365614e+02,1.053344729361213581e+02,1.053345275354374735e+02,1.053345747400393577e+02,1.053346172718110836e+02,1.053346519249368498e+02,1.053346830808729493e+02,1.053347171213712556e+02,1.053347395876778592e+02,1.053347627789375593e+02,8.750361566467910279e+01,9.682726116760926516e+01,1.053344327200268538e+02,1.053339558100731495e+02,1.065335024468783018e+02
1.200000000000000000e+02,1.200000000000000000e+02,1.200000000000000000e+02,1.200000000000000000e+02,1.200000000000000000e+02,1.200000000000000000e+02,1.200000000000000000e+02,1.200000000000000000e+02,1.200000000000000000e+02,1.200000000000000000e+02,1.053343157657001967e+02,1.053343898736264208e+02,1.053345058693317498e+02,1.053345565859690680e+02,1.053346011600960281e+02,1.053346428562827128e+02,1.053346774153497165e+02,1.053347077949276667e+02,1.053347414359371186e+02,1.045759264995546971e+02,8.685617355228792746e+01,9.074392506306713813e+01,9.933701865806713727e+01,1.053341460103437868e+02,1.064655358566844825e+02
1.200000000000000000e+02,1.200000000000000000e+02,1.200000000000000000e+02,1.200000000000000000e+02,1.200000000000000000e+02,1.200000000000000000e+02,1.200000000000000000e+02,1.200000000000000000e+02,1.200000000000000000e+02,1.200000000000000000e+02,1.053342586885084700e+02,1.053343417140663263e+02,1.053344238202366938e+02,1.053345391748090520e+02,1.053345871321810847e+02,1.053346299149582705e+02,1.053346714853879007e+02,1.053347067393648189e+02,1.053347372014861207e+02,1.041879661127516528e+02,8.369424920684984670e+01,9.000246561391270461e+01,9.378528625818903208e+01,1.011091328865943808e+02,1.064846630172041984e+02
1.200000000000000000e+02,1.200000000000000000e+02,1.200000000000000000e+02,1.200000000000000000e+02,1.200000000000000000e+02,1.200000000000000000e+02,1.200000000000000000e+02,1.200000000000000000e+02,1.200000000000000000e+02,1.200000000000000000e+02,1.053343547953600421e+02,1.053344113891002394e+02,1.053344696471422708e+02,1.053345277540199874e+02,1.053346201751918727e+02,1.053346538723575208e+02,1.053346861015898099e+02,1.053347207755143131e+02,1.052872049043688776e+02,1.041133858307497206e+02,8.168935807720345110e+01,8.590537560937848127e+01,9.323789193444757473e+01,9.645256585991747045e+01,1.034741557936258687e+02
1.200000000000000000e+02,1.200000000000000000e+02,1.200000000000000000e+02,1.200000000000000000e+02,1.200000000000000000e+02,1.200000000000000000e+02,1.200000000000000000e+02,1.200000000000000000e+02,1.200000000000000000e+02,1.200000000000000000e+02,1.053343110709117241e+02,1.053343654900122459e+02,1.053344400767385167e+02,1.053345048448139920e+02,1.053345622800731149e+02,1.053346497778756401e+02,1.053346847681547160e+02,1.053347180164648194e+02,1.052633673754316987e+02,1.038398465068835748e+02,8.115068177660864990e+01,8.311221841020599754e+01,8.880938516939372107e+01,9.613860874589299499e+01,9.987220093664595311e+01
1.200000000000000000e+02,1.200000000000000000e+02,1.200000000000000000e+02,1.200000000000000000e+02,1.200000000000000000e+02,1.200000000000000000e+02,1.200000000000000000e+02,1.200000000000000000e+02,1.200000000000000000e+02,1.200000000000000000e+02,1.053342728801342219e+02,1.053343209976862198e+02,1.053343907962152173e+02,1.053344762447692489e+02,1.053345442689326887e+02,1.053345999552908978e+02,1.053346826098488265e+02,1.053317298334412442e+02,1.052579138000397876e+02,1.036440093448128579e+02,7.991492119772902925e+01,8.225461525274188546e+01,8.574688939369315221e+01,9.176004856400825815e+01,9.988445483268607461e+01
1.200000000000000000e+02,1.200000000000000000e+02,1.200000000000000000e+02,1.200000000000000000e+02,1.200000000000000000e+02,1.200000000000000000e+02,1.200000000000000000e+02,1.200000000000000000e+02,1.200000000000000000e+02,1.200000000000000000e+02,1.053342155042147965e+02,1.053342910282093641e+02,1.053343487752310494e+02,1.053344259809342702e+02,1.053345178766686132e+02,1.053345877068928189e+02,1.053346417434947284e+02,1.053302822054229040e+02,1.052360705746138194e+02,1.035758087154688525e+02,7.889958684730665084e+01,8.037719997973513841e+01,8.478330273636851189e+01,8.882382723717806527e+01,9.597885710032309703e+01
1.200000000000000000e+02,1.200000000000000000e+02,1.200000000000000000e+02,1.200000000000000000e+02,1.200000000000000000e+02,1.200000000000000000e+02,1.200000000000000000e+02,1.200000000000000000e+02,1.200000000000000000e+02,1.200000000000000000e+02,1.053341515638598196e+02,1.053342363956851528e+02,1.053343242283259400e+02,1.053343884807239164e+02,1.053344687382604690e+02,1.053345644170595818e+02,1.053344474830565787e+02,1.053298590789796663e+02,1.052218499377490275e+02,1.034543828755770676e+02,7.845173596454689857e+01,7.879036604749781247e+01,8.245526480338681097e+01,8.793883461524993095e+01,9.392206331128832630e+01
1.200000000000000000e+02,1.200000000000000000e+02,1.200000000000000000e+02,1.200000000000000000e+02,1.200000000000000000e+02,1.200000000000000000e+02,1.200000000000000000e+02,1.200000000000000000e+02,1.200000000000000000e+02,1.200000000000000000e+02,1.053342632792645333e+02,1.053343123440207734e+02,1.053343697758932791e+02,1.053344380810990799e+02,1.053344880913249000e+02,1.053345548393251221e+02,1.053343661631260915e+02,1.053281998470410201e+02,1.052166236776944430e+02,1.033484932012236470e+02,7.785125102545593734e+01,7.799882723147437957e+01,8.051317535492179900e+01,8.538561810906509209e+01,9.325213525185738206e+01
1.200000000000000000e+02,1.200000000000000000e+02,1.200000000000000000e+02,1.200000000000000000e+02,1.200000000000000000e+02,1.200000000000000000e+02,1.200000000000000000e+02,1.200000000000000000e+02,1.200000000000000000e+02,1.200000000000000000e+02,1.053342129421463085e+02,1.053342735125020084e+02,1.053343371460629214e+02,1.053344026945439396e+02,1.053344787801644316e+02,1.053345240053729128e+02,1.053343007180779267e+02,1.053271847923058715e+02,1.052064263050543218e+02,1.032947621034366534e+02,7.727961461217304873e+01,7.699022964691654636e+01,7.949640420806865393e+01,8.340156307949034442e+01,9.107923458502280312e+01
1.200000000000000000e+02,1.200000000000000000e+02,1.200000000000000000e+02,1.200000000000000000e+02,1.200000000000000000e+02,1.200000000000000000e+02,1.200000000000000000e+02,1.200000000000000000e+02,1.200000000000000000e+02,1.200000000000000000e+02,1.053815027599922587e+02,1.053342220309511106e+02,1.053343007910981157e+02,1.053343723749887602e+02,1.053344432712181344e+02,1.053345091129801148e+02,1.053341623302489722e+02,1.053267582553988859e+02,1.051983494119534015e+02,1.032315824275448932e+02,7.693371798169867759e+01,7.601689530585490218e+01,7.815377749568675370e+01,8.234374660088455755e+01,8.964410943385719577e+01
1.200000000000000000e+02,1.200000000000000000e+02,1.200000000000000000e+02,1.200000000000000000e+02,1.200000000000000000e+02,1.200000000000000000e+02,1.200000000000000000e+02,1.200000000000000000e+02,1.200000000000000000e+02,1.200000000000000000e+02,1.055097267590197276e+02,1.053688144703686618e+02,1.053342512784775806e+02,1.053343401636860932e+02,1.053344159940556040e+02,1.053344727448236000e+02,1.053340838044484542e+02,1.053259145505976022e+02,1.051942219335548572e+02,1.031710257907363371e+02,7.658563148886582894e+01,7.536894045362717520e+01,7.687085737896505577e+01,8.085158729049759074e+01,8.884541633359293655e+01
1.200000000000000000e+02,1.200000000000000000e+02,1.200000000000000000e+02,1.200000000000000000e+02,1.200000000000000000e+02,1.200000000000000000e+02,1.200000000000000000e+02,1.200000000000000000e+02,1.200000000000000000e+02,1.200000000000000000e+02,1.056436649451674583e+02,1.054663009869144048e+02,1.053595544391643131e+02,1.053342942668296018e+02,1.053343883280182354e+02,1.053344419702857948e+02,1.053340220535273914e+02,1.053253051825329010e+02,1.051889626711908505e+02,1.031315225402213400e+02,7.624101061756911690e+01,7.473030139281081574e+01,7.597927658188189071e+01,7.948287982344226066e+01,8.765244962925017091e+01
1.200000000000000000e+02,1.200000000000000000e+02,1.200000000000000000e+02,1.200000000000000000e+02,1.200000000000000000e+02,1.200000000000000000e+02,1.200000000000000000e+02,1.200000000000000000e+02,1.200000000000000000e+02,1.200000000000000000e+02,1.059029710886229054e+02,1.055706079522535816e+02,1.054332655464651651e+02,1.053528739485885666e+02,1.053343982179421658e+02,1.053344512073678061e+02,1.053339641858840849e+02,1.053249824381176580e+02,1.051842861111366858e+02,1.030937403045886214e+02,7.598608540202951644e+01,7.409848322329341386e+01,7.508569960787475850e+01,7.851971410573563048e+01,8.664268038152241047e+01
1.200000000000000000e+02,1.200000000000000000e+02,1.200000000000000000e+02,1.200000000000000000e+02,1.200000000000000000e+02,1.200000000000000000e+02,1.200000000000000000e+02,1.200000000000000000e+02,1.200000000000000000e+02,1.200000000000000000e+02,1.062140510983302875e+02,1.057927468630359158e+02,1.055134733617894511e+02,1.054081233489984726e+02,1.053479438399283623e+02,1.053344183786553714e+02,1.053339065168989492e+02,1.053245413339226815e+02,1.051812635768296360e+02,1.030569685555835804e+02,7.575709927941143462e+01,7.359852739915636732e+01,7.420633340493758112e+01,7.752955547148589233e+01,8.593314460713057201e+01
1.200000000000000000e+02,1.200000000000000000e+02,1.200000000000000000e+02,1.200000000000000000e+02,1.200000000000000000e+02,1.200000000000000000e+02,1.200000000000000000e+02,1.200000000000000000e+02,1.200000000000000000e+02,1.200000000000000000e+02,1.064964371841989106e+02,1.060667216592161992e+02,1.057016132229350092e+02,1.054693011147552966e+02,1.053891620731044725e+02,1.053443217690708735e+02,1.053338551971761063e+02,1.053241740320883935e+02,1.051782131327697272e+02,1.030287290843278782e+02,7.553480785577454526e+01,7.314747493247240584e+01,7.348885468632064999e+01,7.657166432383202448e+01,8.518310705783862602e+01
1.200000000000000000e+02,1.200000000000000000e+02,1.200000000000000000e+02,1.200000000000000000e+02,1.200000000000000000e+02,1.200000000000000000e+02,1.200000000000000000e+02,1.200000000000000000e+02,1.200000000000000000e+02,1.200000000000000000e+02,1.068335237041944623e+02,1.063252818510800921e+02,1.059387808482913869e+02,1.056270002906441476e+02,1.054354346695568836e+02,1.053749029153158574e+02,1.053410687647706112e+02,1.053239230541842346e+02,1.051753616761393033e+02,1.030037002457996778e+02,7.534974390887138895e+01,7.271206520295574194e+01,7.283266131589061843e+01,7.578641634994342269e+01,8.448100299266431534e+01
1.200000000000000000e+02,1.200000000000000000e+02,1.200000000000000000e+02,1.200000000000000000e+02,1.200000000000000000e+02,1.200000000000000000e+02,1.200000000000000000e+02,1.200000000000000000e+02,1.200000000000000000e+02,1.200000000000000000e+02,1.071443764408368651e+02,1.066530057521019330e+02,1.061713895574497002e+02,1.058291810621395683e+02,1.055664295302114226e+02,1.054096302389363586e+02,1.053636186831071768e+02,1.053289823197903132e+02,1.051732054586796608e+02,1.029798582167352521e+02,7.518745421285676400e+01,7.233406305814855841e+01,7.220081934290602987e+01,7.506110387970051079e+01,8.391313248878577724e+01
1.200000000000000000e+02,1.200000000000000000e+02,1.200000000000000000e+02,1.200000000000000000e+02,1.200000000000000000e+02,1.200000000000000000e+02,1.200000000000000000e+02,1.200000000000000000e+02,1.200000000000000000e+02,1.200000000000000000e+02,1.074011352981625862e+02,1.069627569111548127e+02,1.064838959886652958e+02,1.060352983203739825e+02,1.057364831351978296e+02,1.055176203906607100e+02,1.053895050781342917e+02,1.053453669591534805e+02,1.051751471331859022e+02,1.029597092925389177e+02,7.503458072275165591e+01,7.199722084501834729e+01,7.164200204827714913e+01,7.436749264260998871e+01,8.338442636905621441e+01
1.200000000000000000e+02,1.200000000000000000e+02,1.200000000000000000e+02,1.200000000000000000e+02,1.200000000000000000e+02,1.200000000000000000e+02,1.200000000000000000e+02,1.200000000000000000e+02,1.200000000000000000e+02,1.200000000000000000e+02,1.076496594889629108e+02,1.072276773579183526e+02,1.067855649885180753e+02,1.063279001832671327e+02,1.059165205900449962e+02,1.056587926031132696e+02,1.054778391626895626e+02,1.053643684150311515e+02,1.051854785580797511e+02,1.029449319902670084e+02,7.489934978396287590e+01,7.168063787428380351e+01,7.113778515955647208e+01,7.375363513811409177e+01,8.288496965715999920e+01
1.200000000000000000e+02,1.200000000000000000e+02,1.200000000000000000e+02,1.200000000000000000e+02,1.200000000000000000e+02,1.200000000000000000e+02,1.200000000000000000e+02,1.200000000000000000e+02,1.200000000000000000e+02,1.200000000000000000e+02,1.078498026940671508e+02,1.074948960943303433e+02,1.070533704094237635e+02,1.066159756582946869e+02,1.061862605125603380e+02,1.058142113740695152e+02,1.055937239361355040e+02,1.054360897712661682e+02,1.051981417855520675e+02,1.029376958253652674e+02,7.478331393635869517e+01,7.139398232565315539e+01,7.066373686091237971e+01,7.319769030258159148e+01,8.244833105161167452e+01
1.200000000000000000e+02,1.200000000000000000e+02,1.200000000000000000e+02,1.200000000000000000e+02,1.200000000000000000e+02,1.200000000000000000e+02,1.200000000000000000e+02,1.200000000000000000e+02,1.200000000000000000e+02,1.200000000000000000e+02,1.080061535561157058e+02,1.077141142094425703e+02,1.073344004998116077e+02,1.068815195456587190e+02,1.064563704910488582e+02,1.060593622736066663e+02,1.057264631470736020e+02,1.055301434741188160e+02,1.052550962741682667e+02,1.029343585198805187e+02,7.468493134648973353e+01,7.113773832510436534e+01,7.023017748916345226e+01,7.267664826092000396e+01,8.205347926619278098e+01
1.200000000000000000e+02,1.200000000000000000e+02,1.200000000000000000e+02,1.200000000000000000e+02,1.200000000000000000e+02,1.200000000000000000e+02,1.200000000000000000e+02,1.200000000000000000e+02,1.200000000000000000e+02,1.200000000000000000e+02,1.081413125012542196e+02,1.078904155780721226e+02,1.075692025720465210e+02,1.071710701666623606e+02,1.067150550849052166e+02,1.063084279013094999e+02,1.059464236143092961e+02,1.056424121637403744e+02,1.053301321944398410e+02,1.029701347537892815e+02,7.460040994082856969e+01,7.090520521795053810e+01,6.983664353603717245e+01,7.220063853202042026e+01,8.168552923838588242e+01
1.200000000000000000e+02,1.200000000000000000e+02,1.200000000000000000e+02,1.200000000000000000e+02,1.200000000000000000e+02,1.200000000000000000e+02,1.200000000000000000e+02,1.200000000000000000e+02,1.200000000000000000e+02,1.200000000000000000e+02,1.082425343361219205e+02,1.080472207399649847e+02,1.077640046354165122e+02,1.074174481247394937e+02,1.070078190848552424e+02,1.065564272801845362e+02,1.061726242643908620e+02,1.058375096774274766e+02,1.054240379162920078e+02,1.030247667259181981e+02,7.458184839695452695e+01,7.069383094819247049e+01,6.947340117176369745e+01,7.176754246992824449e+01,8.135226122623015499e+01
1.200000000000000000e+02,1.200000000000000000e+02,1.200000000000000000e+02,1.200000000000000000e+02,1.200000000000000000e+02,1.200000000000000000e+02,1.200000000000000000e+02,1.200000000000000000e+02,1.200000000000000000e+02,1.200000000000000000e+02,1.083193302599787557e+02,1.081658950321442063e+02,1.079417909956910080e+02,1.076282934550790173e+02,1.072611852269831303e+02,1.068471456509925019e+02,1.064068163697647122e+02,1.060400887129343204e+02,1.055953996865788014e+02,1.031006864874374855e+02,7.460508259616742066e+01,7.053721519705543130e+01,6.913808682160748731e+01,7.136689323352622694e+01,8.105031836608067408e+01
1.200000000000000000e+02,1.200000000000000000e+02,1.200000000000000000e+02,1.200000000000000000e+02,1.200000000000000000e+02,1.200000000000000000e+02,1.200000000000000000e+02,1.200000000000000000e+02,1.200000000000000000e+02,1.200000000000000000e+02,1.083812674104467391e+02,1.082581628194771781e+02,1.080782763914740912e+02,1.078259715807127321e+02,1.074853116538411371e+02,1.071030504964257659e+02,1.066908734753666579e+02,1.062583977201563528e+02,1.057755332171685154e+02,1.032541055707355753e+02,7.467333603776610573e+01,7.042042065671050466e+01,6.885055693876437033e+01,7.099657441093889076e+01,8.077183874036194311e+01
1.200000000000000000e+02,1.200000000000000000e+02,1.200000000000000000e+02,1.200000000000000000e+02,1.200000000000000000e+02,1.200000000000000000e+02,1.200000000000000000e+02,1.200000000000000000e+02,1.200000000000000000e+02,1.200000000000000000e+02,1.084257757285588610e+02,1.083340036138415314e+02,1.081870184754300368e+02,1.079799027353329848e+02,1.077009314267736073e+02,1.073371680102191874e+02,1.069449677479864391e+02,1.065318997603580158e+02,1.059778002332526512e+02,1.034262656658619903e+02,7.488394020003802609e+01,7.034474876762376994e+01,6.859938178417995402e+01,7.066749310364433256e+01,8.051545273281894310e+01
1.200000000000000000e+02,1.200000000000000000e+02,1.200000000000000000e+02,1.200000000000000000e+02,1.200000000000000000e+02,1.200000000000000000e+02,1.200000000000000000e+02,1.200000000000000000e+02,1.200000000000000000e+02,1.200000000000000000e+02,1.084591114001431720e+02,1.083889816024977364e+02,1.082780645311294165e+02,1.081057218004264371e+02,1.078713452246459212e+02,1.075681190915928340e+02,1.071855391807935973e+02,1.067803991545384008e+02,1.062394514689228657e+02,1.036293948654876118e+02,7.515933525285372241e+01,7.038220834442455498e+01,6.838353775150632430e+01,7.036942374148662793e+01,8.028726764525558224e+01
1.200000000000000000e+02,1.200000000000000000e+02,1.200000000000000000e+02,1.200000000000000000e+02,1.200000000000000000e+02,1.200000000000000000e+02,1.200000000000000000e+02,1.200000000000000000e+02,1.200000000000000000e+02,1.200000000000000000e+02,1.081868222623511144e+02,1.084310574389688355e+02,1.083448120988007588e+02,1.082130561637320909e+02,1.080144422529722448e+02,1.077535275030280815e+02,1.074287317838977458e+02,1.070240331690840065e+02,1.064818880198516240e+02,1.039052258512877671e+02,7.551205289410202681e+01,7.048864902008325828e+01,6.825088353342731295e+01,7.009978394625814246e+01,8.007807284036367435e+01
1.200000000000000000e+02,1.200000000000000000e+02,1.200000000000000000e+02,1.200000000000000000e+02,1.200000000000000000e+02,1.200000000000000000e+02,1.200000000000000000e+02,1.200000000000000000e+02,1.200000000000000000e+02,1.200000000000000000e+02,1.075833214765675336e+02,1.082393586491731696e+02,1.083967200820092671e+02,1.082924428535227293e+02,1.081385394035817313e+02,1.079134129517440641e+02,1.076270079764892529e+02,1.072761485175581697e+02,1.067280598913035590e+02,1.041778785252634947e+02,7.603052155107636167e+01,7.067091831172582772e+01,6.817581371203318952e+01,6.988829637874746936e+01,7.988605885239890370e+01
1.200000000000000000e+02,1.200000000000000000e+02,1.200000000000000000e+02,1.200000000000000000e+02,1.200000000000000000e+02,1.200000000000000000e+02,1.200000000000000000e+02,1.200000000000000000e+02,1.200000000000000000e+02,1.200000000000000000e+02,1.074382996664068060e+02,1.077624557051324103e+02,1.082687407932567822e+02,1.083555540876212859e+02,1.082314869457116657e+02,1.080545300848547754e+02,1.078028691645677952e+02,1.074851799801455030e+02,1.069892881795138067e+02,1.044656788803348064e+02,7.659850534781703857e+01,7.100632774070622588e+01,6.816189792219623200e+01,6.971697424905109131e+01,7.972948826518232579e+01
1.200000000000000000e+02,1.200000000000000000e+02,1.200000000000000000e+02,1.200000000000000000e+02,1.200000000000000000e+02,1.200000000000000000e+02,1.200000000000000000e+02,1.200000000000000000e+02,1.200000000000000000e+02,1.200000000000000000e+02,1.064099671488564667e+02,1.076458038402607258e+02,1.078982071296761518e+02,1.082788057432993725e+02,1.083069725033099360e+02,1.081615989478317630e+02,1.079607296856190715e+02,1.076759221785960960e+02,1.072108385087594371e+02,1.047847223117496469e+02,7.722968620810721063e+01,7.142381666209708158e+01,6.826863362065543583e+01,6.958691328523059383e+01,7.959237493203973202e+01
1.200000000000000000e+02,1.200000000000000000e+02,1.200000000000000000e+02,1.200000000000000000e+02,1.200000000000000000e+02,1.200000000000000000e+02,1.200000000000000000e+02,1.200000000000000000e+02,1.200000000000000000e+02,1.200000000000000000e+02,1.057654725721922233e+02,1.067169276181228099e+02,1.078074195420639825e+02,1.079973115824231655e+02,1.082723021133819259e+02,1.082504700647926938e+02,1.080821776338773219e+02,1.078500646096165809e+02,1.074189615537388676e+02,1.050741332472641432e+02,7.796953857460285064e+01,7.192736785583379344e+01,6.845711318441681215e+01,6.953976650138399407e+01,7.947646790062991329e+01
1.200000000000000000e+02,1.200000000000000000e+02,1.200000000000000000e+02,1.200000000000000000e+02,1.200000000000000000e+02,1.200000000000000000e+02,1.200000000000000000e+02,1.200000000000000000e+02,1.200000000000000000e+02,1.200000000000000000e+02,1.053932658273715077e+02,1.061506657451328977e+02,1.069800975376385281e+02,1.079305320175764251e+02,1.080653787104798198e+02,1.082512210883634509e+02,1.081852831175101386e+02,1.079861556862685319e+02,1.076129909762027239e+02,1.053551426692825714e+02,7.870514098528880709e+01,7.256603675963744138e+01,6.873035143876246877e+01,6.955194599425432500e+01,7.940847164464855723e+01
1.200000000000000000e+02,1.200000000000000000e+02,1.200000000000000000e+02,1.200000000000000000e+02,1.200000000000000000e+02,1.200000000000000000e+02,1.200000000000000000e+02,1.200000000000000000e+02,1.200000000000000000e+02,1.200000000000000000e+02,1.044080566559083536e+02,1.057914441652452524e+02,1.064900997212872937e+02,1.072031903250095723e+02,1.080209808367936830e+02,1.081067682938845280e+02,1.082164334231898124e+02,1.081042539097348936e+02,1.077681694389494282e+02,1.056293231806147759e+02,7.945117449569390544e+01,7.326010677437243146e+01,6.913456684330178348e+01,6.962676737011521766e+01,7.936909287546400549e+01
1.200000000000000000e+02,1.200000000000000000e+02,1.200000000000000000e+02,1.200000000000000000e+02,1.200000000000000000e+02,1.200000000000000000e+02,1.200000000000000000e+02,1.200000000000000000e+02,1.200000000000000000e+02,1.200000000000000000e+02,1.038915616883089257e+02,1.048153705329691121e+02,1.061450237720731025e+02,1.067856562188021741e+02,1.073899243709208662e+02,1.080836654952595524e+02,1.081247548312550180e+02,1.081624822156463495e+02,1.079060788098402810e+02,1.058639716901725194e+02,8.021877288130129102e+01,7.400762280062029674e+01,6.962381285981385304e+01,6.980244496590347580e+01,7.936347178959272242e+01
1.200000000000000000e+02,1.200000000000000000e+02,1.200000000000000000e+02,1.200000000000000000e+02,1.200000000000000000e+02,1.200000000000000000e+02,1.200000000000000000e+02,1.200000000000000000e+02,1.200000000000000000e+02,1.200000000000000000e+02,1.034653056360206023e+02,1.043334049036270272e+02,1.051940700712306125e+02,1.064561433162700297e+02,1.070397534720244863e+02,1.075435955744993066e+02,1.081220702070672814e+02,1.081159805959525357e+02,1.079931980707015526e+02,1.060785768344061495e+02,8.093158639807849397e+01,7.482387030495502245e+01,7.019507444928797213e+01,7.005359656186168138e+01,7.941788771463029661e+01
1.200000000000000000e+02,1.200000000000000000e+02,1.200000000000000000e+02,1.200000000000000000e+02,1.200000000000000000e+02,1.200000000000000000e+02,1.200000000000000000e+02,1.200000000000000000e+02,1.200000000000000000e+02,1.200000000000000000e+02,1.027672453583368082e+02,1.038951245389556561e+02,1.047523404655661210e+02,1.055435108819244334e+02,1.067275147755993032e+02,1.072551373461482029e+02,1.076668159199450230e+02,1.081332710333289100e+02,1.079896843434533196e+02,1.062478585555683424e+02,8.160802194046480906e+01,7.564190644380498441e+01,7.086835333552980387e+01,7.038163218700591983e+01,7.951435447854804295e+01
1.200000000000000000e+02,1.200000000000000000e+02,1.200000000000000000e+02,1.200000000000000000e+02,1.200000000000000000e+02,1.200000000000000000e+02,1.200000000000000000e+02,1.200000000000000000e+02,1.200000000000000000e+02,1.200000000000000000e+02,1.023670501354774132e+02,1.031639202966824911e+02,1.043042696945710759e+02,1.051451145767088491e+02,1.058636855155971972e+02,1.069621041430719259e+02,1.074343737013719817e+02,1.077565202502970862e+02,1.080299071659181749e+02,1.063308908548917913e+02,8.221356395895286084e+01,7.645930177776912728e+01,7.159750373165900328e+01,7.080903594383185862e+01,7.965863237886627246e+01
1.200000000000000000e+02,1.200000000000000000e+02,1.200000000000000000e+02,1.200000000000000000e+02,1.200000000000000000e+02,1.200000000000000000e+02,1.200000000000000000e+02,1.200000000000000000e+02,1.200000000000000000e+02,1.200000000000000000e+02,1.020062143454693455e+02,1.027671753400680217e+02,1.035519349648337339e+02,1.046893789899433784e+02,1.055093651263349841e+02,1.061547692116406267e+02,1.071623840469031137e+02,1.075746076034166805e+02,1.077281742031538130e+02,1.064341454830969980e+02,8.266107715942058576e+01,7.725351343648694069e+01,7.237327117174139346e+01,7.130910047627534709e+01,7.986858279537906924e+01
1.200000000000000000e+02,1.200000000000000000e+02,1.200000000000000000e+02,1.200000000000000000e+02,1.200000000000000000e+02,1.200000000000000000e+02,1.200000000000000000e+02,1.200000000000000000e+02,1.200000000000000000e+02,1.200000000000000000e+02,1.015565253773675067e+02,1.023803143180080895e+02,1.031664689661727010e+02,1.039280817450291750e+02,1.050486607171924049e+02,1.058438495466555906e+02,1.064170242718908668e+02,1.073256924511565273e+02,1.075930891289443849e+02,1.062351478074737230e+02,8.310136741910736191e+01,7.794794940111292192e+01,7.318301756171118200e+01,7.187726123339088247e+01,8.012782811922748749e+01
1.200000000000000000e+02,1.200000000000000000e+02,1.200000000000000000e+02,1.200000000000000000e+02,1.200000000000000000e+02,1.200000000000000000e+02,1.200000000000000000e+02,1.200000000000000000e+02,1.200000000000000000e+02,1.200000000000000000e+02,1.012632078818100325e+02,1.018899290222150427e+02,1.027553163638025637e+02,1.035599686026268529e+02,1.042898191761199200e+02,1.053811873421390146e+02,1.061476532422257577e+02,1.066457248041006807e+02,1.073707260514479316e+02,1.061522748903644100e+02,8.302162054856792395e+01,7.862378091673694769e+01,7.396802978964227293e+01,7.251126689661634828e+01,8.043861805735831183e+01
1.200000000000000000e+02,1.200000000000000000e+02,1.200000000000000000e+02,1.200000000000000000e+02,1.200000000000000000e+02,1.200000000000000000e+02,1.200000000000000000e+02,1.200000000000000000e+02,1.200000000000000000e+02,1.200000000000000000e+02,1.009996697330909399e+02,1.015819547281330415e+02,1.022306186802002372e+02,1.031262580037081591e+02,1.039434432187570252e+02,1.046352206711224966e+02,1.056864196494052948e+02,1.064152574208381452e+02,1.067581650156591593e+02,1.059741426491969349e+02,8.304142074555883823e+01,7.892794419034352416e+01,7.476376190808440469e+01,7.317337122988047327e+01,8.080328203216437544e+01
1.200000000000000000e+02,1.200000000000000000e+02,1.200000000000000000e+02,1.200000000000000000e+02,1.200000000000000000e+02,1.200000000000000000e+02,1.200000000000000000e+02,1.200000000000000000e+02,1.200000000000000000e+02,1.200000000000000000e+02,1.007206408602077232e+02,1.012895809364869280e+02,1.019139750323325160e+02,1.025746233485995589e+02,1.034891151358177694e+02,1.043134096540326539e+02,1.049625429612094507e+02,1.059592149366362435e+02,1.065614962774892831e+02,1.054130799691542535e+02,8.287334240588705825e+01,7.924392963439143500e+01,7.533743219142424152e+01,7.388058725881057853e+01,8.120058864695415934e+01
1.200000000000000000e+02,1.200000000000000000e+02,1.200000000000000000e+02,1.200000000000000000e+02,1.200000000000000000e+02,1.200000000000000000e+02,1.200000000000000000e+02,1.200000000000000000e+02,1.200000000000000000e+02,1.200000000000000000e+02,1.005199527658576528e+02,1.009745118590259665e+02,1.015931665063148017e+02,1.022546026102154997e+02,1.029181914226720806e+02,1.038404775922317071e+02,1.046665411365693075e+02,1.052650113723387904e+02,1.061146595973796707e+02,1.052120308714037549e+02,8.195174425672129814e+01,7.939369291540251083e+01,7.590838679670267197e+01,7.448505121966078946e+01,8.164578770093898186e+01
1.200000000000000000e+02,1.200000000000000000e+02,1.200000000000000000e+02,1.200000000000000000e+02,1.200000000000000000e+02,1.200000000000000000e+02,1.200000000000000000e+02,1.200000000000000000e+02,1.200000000000000000e+02,1.200000000000000000e+02,1.003435469004340348e+02,1.007528547546564397e+02,1.012446579058923390e+02,1.019064643256634355e+02,1.025998402576985171e+02,1.032583718002730109e+02,1.041775778000627497e+02,1.049947012371880817e+02,1.054527471256232189e+02,1.047614394811205329e+02,8.155901925434493194e+01,7.890812864777151958e+01,7.635779754432216748e+01,7.511470639774543656e+01,8.204284203207292592e+01
1.200000000000000000e+02,1.200000000000000000e+02,1.200000000000000000e+02,1.200000000000000000e+02,1.200000000000000000e+02,1.200000000000000000e+02,1.200000000000000000e+02,1.200000000000000000e+02,1.200000000000000000e+02,1.200000000000000000e+02,1.001739355674905170e+02,1.005505182036973366e+02,1.010049184643774112e+02,1.015278742887161343e+02,1.022254402307358134e+02,1.029457977330653478e+02,1.035921918388348359e+02,1.044926026661811989e+02,1.052019536197465186e+02,1.040627213133569597e+02,8.074087167163884260e+01,7.873223777357586073e+01,7.632336979501069152e+01,7.568278612161952879e+01,8.248942891148713841e+01
1.200000000000000000e+02,1.200000000000000000e+02,1.200000000000000000e+02,1.200000000000000000e+02,1.200000000000000000e+02,1.200000000000000000e+02,1.200000000000000000e+02,1.200000000000000000e+02,1.200000000000000000e+02,1.200000000000000000e+02,1.000443890434926004e+02,1.003531902235258713e+02,1.007763803719676616e+02,1.012733601391853142e+02,1.018209845493072123e+02,1.025463677294096811e+02,1.032885234743097982e+02,1.039110213621842576e+02,1.046879098242800978e+02,1.037604270678737493e+02,7.933884689000304036e+01,7.821229441386013548e+01,7.645156022600478707e+01,7.592349150170277028e+01,8.290919803658837850e+01
1.200000000000000000e+02,1.200000000000000000e+02,1.200000000000000000e+02,1.200000000000000000e+02,1.200000000000000000e+02,1.200000000000000000e+02,1.200000000000000000e+02,1.200000000000000000e+02,1.200000000000000000e+02,1.200000000000000000e+02,9.993379800420810000e+01,1.002045793410027130e+02,1.005516275924932899e+02,1.010188496532344686e+02,1.015552749861056014e+02,1.021209961213210704e+02,1.028655605403799882e+02,1.036179093924260997e+02,1.041086610614838719e+02,1.031834207199690780e+02,7.860269872222687582e+01,7.711640264954736779e+01,7.630590293776339195e+01,7.626726999994828304e+01,8.312767070613277554e+01
1.200000000000000000e+02,1.200000000000000000e+02,1.200000000000000000e+02,1.200000000000000000e+02,1.200000000000000000e+02,1.200000000000000000e+02,1.200000000000000000e+02,1.200000000000000000e+02,1.200000000000000000e+02,1.200000000000000000e+02,9.983181452660387833e+01,1.000728925724279037e+02,1.003833924561277655e+02,1.007668951464021205e+02,1.012747463828006147e+02,1.018472865746377067e+02,1.024244398391308408e+02,1.031728265524267272e+02,1.038192655628109407e+02,1.024966839439769473e+02,7.740625492721950707e+01,7.648233947223101836e+01,7.565045027617821916e+01,7.640656441466718718e+01,8.345419595403549806e+01
1.200000000000000000e+02,1.200000000000000000e+02,1.200000000000000000e+02,1.200000000000000000e+02,1.200000000000000000e+02,1.200000000000000000e+02,1.200000000000000000e+02,1.200000000000000000e+02,1.200000000000000000e+02,1.200000000000000000e+02,9.975100275451933385e+01,9.995159678820803606e+01,1.002303120832024348e+02,1.005805198248569070e+02,1.009974150410058797e+02,1.015413913366897418e+02,1.021458787212389154e+02,1.027207766204218586e+02,1.033486784458887229e+02,1.021149059907123302e+02,7.586779883823287207e+01,7.547810537765104755e+01,7.528003455562188151e+01,7.614073130488935703e+01,8.362783143888975701e+01
1.200000000000000000e+02,1.200000000000000000e+02,1.200000000000000000e+02,1.200000000000000000e+02,1.200000000000000000e+02,1.200000000000000000e+02,1.200000000000000000e+02,1.200000000000000000e+02,1.200000000000000000e+02,1.200000000000000000e+02,9.968082555632257424e+01,9.985631630734424391e+01,1.000883117233384638e+02,1.004052912136807265e+02,1.007944413569026665e+02,1.012409776495610174e+02,1.018153199914766418e+02,1.024392512839898330e+02,1.028792032835616936e+02,1.015327851115925313e+02,7.487660369536446581e+01,7.407903736464055555e+01,7.460811627629719567e+01,7.605366420909631131e+01,8.353733526400503706e+01
1.200000000000000000e+02,1.200000000000000000e+02,1.200000000000000000e+02,1.200000000000000000e+02,1.200000000000000000e+02,1.200000000000000000e+02,1.200000000000000000e+02,1.200000000000000000e+02,1.200000000000000000e+02,1.200000000000000000e+02,9.387719253982878342e+01,9.977313275302024920e+01,9.997730296424799690e+01,1.002418365137282592e+02,1.005966182350754963e+02,1.010232564774032227e+02,1.014946603285357298e+02,1.020844255196457055e+02,1.025863893112129119e+02,1.009121763323642824e+02,7.356007845368507958e+01,7.308862855155456373e+01,7.354821574102291493e+01,7.571800075071129754e+01,8.359814763086484390e+01
1.200000000000000000e+02,1.200000000000000000e+02,1.200000000000000000e+02,1.200000000000000000e+02,1.200000000000000000e+02,1.200000000000000000e+02,1.200000000000000000e+02,1.200000000000000000e+02,1.200000000000000000e+02,1.200000000000000000e+02,8.145829287690771991e+01,9.970209717346483558e+01,9.987981513491133967e+01,1.001149681343142532e+02,1.004118495868735579e+02,1.008027922824248890e+02,1.012642046492045580e+02,1.017458118927850279e+02,1.021995278909053866e+02,1.004902663233516620e+02,7.205755048608237701e+01,7.183861980884627485e+01,7.276106028082921284e+01,7.504604436403280943e+01,8.345393449393093022e+01
1.200000000000000000e+02,1.200000000000000000e+02,1.200000000000000000e+02,1.200000000000000000e+02,1.200000000000000000e+02,1.200000000000000000e+02,1.200000000000000000e+02,1.200000000000000000e+02,1.200000000000000000e+02,1.200000000000000000e+02,5.165595280136043499e+01,1.002050131563719191e+02,9.979302668277452426e+01,9.999990906481771447e+01,1.002681044662109997e+02,1.005966883505535776e+02,1.010209160186417563e+02,1.015034960898139929e+02,1.018321272799419859e+02,9.995850503802191156e+01,7.091756635935459485e+01,7.034273010502892021e+01,7.176103066216906257e+01,7.455497507532686541e+01,8.309044294127824060e+01
1.200000000000000000e+02,1.200000000000000000e+02,1.200000000000000000e+02,1.200000000000000000e+02,1.200000000000000000e+02,1.200000000000000000e+02,1.200000000000000000e+02,1.200000000000000000e+02,1.200000000000000000e+02,1.200000000000000000e+02,2.008662525877928573e+01,1.006917516578806158e+02,1.005051317137625801e+02,9.989729915691069095e+01,1.001350514984319346e+02,1.004368379231026154e+02,1.007946029789385562e+02,1.012369249181794970e+02,1.015671256232402584e+02,9.941582615558823477e+01,6.961417566011053282e+01,6.912043334061232258e+01,7.050548970341347399e+01,7.388017645738145234e+01,8.287092488289243875e+01
1.200000000000000000e+02,1.200000000000000000e+02,1.200000000000000000e+02,1.200000000000000000e+02,1.200000000000000000e+02,1.200000000000000000e+02,1.200000000000000000e+02,1.200000000000000000e+02,1.200000000000000000e+02,1.200000000000000000e+02,6.953933417990790566e+00,1.022897638915195415e+02,1.013879940423027080e+02,1.006233812497984701e+02,1.000156233741905822e+02,1.002849747262732194e+02,1.006192665698791444e+02,1.009905828733232767e+02,1.012659103212433394e+02,9.899233188973940401e+01,6.821084247774612663e+01,6.777337029690951908e+01,6.943623452220703030e+01,7.297792574651087705e+01,8.249416345624914015e+01
1.200000000000000000e+02,1.200000000000000000e+02,1.200000000000000000e+02,1.200000000000000000e+02,1.200000000000000000e+02,1.200000000000000000e+02,1.200000000000000000e+02,1.200000000000000000e+02,1.200000000000000000e+02,1.200000000000000000e+02,1.579159823655263217e+01,1.033138834975943610e+02,1.037252401348312532e+02,1.015774197516705044e+02,1.006642823853815116e+02,1.001481286787463887e+02,1.004479981053952855e+02,1.007994650409356296e+02,1.009856292715443828e+02,9.852430046318498569e+01,6.701765744452359286e+01,6.628165694573348787e+01,6.826678652146344461e+01,7.220487649918645445e+01,8.197362906856376696e+01
1.200000000000000000e+02,1.200000000000000000e+02,1.200000000000000000e+02,1.200000000000000000e+02,1.200000000000000000e+02,1.200000000000000000e+02,1.200000000000000000e+02,1.200000000000000000e+02,1.200000000000000000e+02,1.200000000000000000e+02,3.144806695513817019e+01,1.028636998554326283e+02,1.054209436750927864e+02,1.039765555882820394e+02,1.015389734195411791e+02,1.006828049005709573e+02,1.002935596897177817e+02,1.006074298429686564e+02,1.007651029648951351e+02,9.805629722154370143e+01,6.577242111707958827e+01,6.494062032136150719e+01,6.694589267931900167e+01,7.134397478623020561e+01,8.155648638153499519e+01
1.200000000000000000e+02,1.200000000000000000e+02,1.200000000000000000e+02,1.200000000000000000e+02,1.200000000000000000e+02,1.200000000000000000e+02,1.200000000000000000e+02,1.200000000000000000e+02,1.200000000000000000e+02,1.200000000000000000e+02,3.005292656656042283e+01,9.965010264153450237e+01,1.057176787913931264e+02,1.057601346970709386e+02,1.037426522987370276e+02,1.014120016783112561e+02,1.007055993372485432e+02,1.004338850116897817e+02,1.005380275721171159e+02,9.765709291211922505e+01,6.447918645459584752e+01,6.356551048849988916e+01,6.572500811800043152e+01,7.035126403615950608e+01,8.106278768360368758e+01
1.200000000000000000e+02,1.200000000000000000e+02,1.200000000000000000e+02,1.200000000000000000e+02,1.200000000000000000e+02,1.200000000000000000e+02,1.200000000000000000e+02,1.200000000000000000e+02,1.200000000000000000e+02,1.200000000000000000e+02,2.033459118760669782e+01,9.445520162461637881e+01,1.037652083802834113e+02,1.063890074290816727e+02,1.054547102360311612e+02,1.033226258881522597e+02,1.012709361721546060e+02,1.007284984042362197e+02,1.003293913800986275e+02,9.724873305156653203e+01,6.329722300101747123e+01,6.211546973043934372e+01,6.448063027909221034e+01,6.943152552507207531e+01,8.048970774393529837e+01
1.200000000000000000e+02,1.200000000000000000e+02,1.200000000000000000e+02,1.200000000000000000e+02,1.200000000000000000e+02,1.200000000000000000e+02,1.200000000000000000e+02,1.200000000000000000e+02,1.200000000000000000e+02,1.200000000000000000e+02,4.294013602547527148e-02,9.368180768983810935e+01,9.955261182055150471e+01,1.052644142891743968e+02,1.062809031478886936e+02,1.048882549873536192e+02,1.028598979874233521e+02,1.011338970759650095e+02,1.005034201355585282e+02,9.684597313373612337e+01,6.211646148946037727e+01,6.073660346110484198e+01,6.316110933368294411e+01,6.849348029572409757e+01,7.997866334115967391e+01
1.200000000000000000e+02,1.200000000000000000e+02,1.200000000000000000e+02,1.200000000000000000e+02,1.200000000000000000e+02,1.200000000000000000e+02,1.200000000000000000e+02,1.200000000000000000e+02,1.200000000000000000e+02,1.200000000000000000e+02,2.195452401129858663e-02,9.570824860821024060e+01,9.853817368114908959e+01,1.020652743988517983e+02,1.057733229838942179e+02,1.058250180547048700e+02,1.042373742802264047e+02,1.024084688984236635e+02,1.007528897006779829e+02,9.675611598534074176e+01,6.092008754354460365e+01,5.936369688060359806e+01,6.188753745661731642e+01,6.749575042081634990e+01,7.945134743638047325e+01
1.200000000000000000e+02,1.200000000000000000e+02,1.200000000000000000e+02,1.200000000000000000e+02,1.200000000000000000e+02,1.200000000000000000e+02,1.200000000000000000e+02,1.200000000000000000e+02,1.200000000000000000e+02,1.200000000000000000e+02,1.776765974465059372e+01,9.870975897984502012e+01,9.991623068893542836e+01,1.012328909717783745e+02,1.034337521498119372e+02,1.057956487423358141e+02,1.052120391426856258e+02,1.035774609586850090e+02,1.017284126917336238e+02,9.674001224224701900e+01,6.009664890912333135e+01,5.796127213162019842e+01,6.062499740313591445e+01,6.653656097611101927e+01,7.889210086485535101e+01
1.200000000000000000e+02,1.200000000000000000e+02,1.200000000000000000e+02,1.200000000000000000e+02,1.200000000000000000e+02,1.200000000000000000e+02,1.200000000000000000e+02,1.200000000000000000e+02,1.200000000000000000e+02,1.200000000000000000e+02,7.648483553190839501e+00,9.878645462135028765e+01,1.022700549641046877e+02,1.020488007840384483e+02,1.028576419624083087e+02,1.041719933099572586e+02,1.055434533098918450e+02,1.045280509026879798e+02,1.026818051483460437e+02,9.732329940739616347e+01,5.939947390413588835e+01,5.676373847551460727e+01,5.933816336735486630e+01,6.559293431809719266e+01,7.836918274799944584e+01
1.200000000000000000e+02,1.200000000000000000e+02,1.200000000000000000e+02,1.200000000000000000e+02,1.200000000000000000e+02,1.200000000000000000e+02,1.200000000000000000e+02,1.200000000000000000e+02,1.200000000000000000e+02,1.200000000000000000e+02,3.371257175697075364e-02,9.386767334188405698e+01,1.027124633705178951e+02,1.036194035168271057e+02,1.032893082713204933e+02,1.038524469218341295e+02,1.045116587752948050e+02,1.051128783403906368e+02,1.035599689027903452e+02,9.802527832289779042e+01,5.939107620759907746e+01,5.563821104884026170e+01,5.816499259152140411e+01,6.463768741054380484e+01,7.785973760584556658e+01
1.200000000000000000e+02,1.200000000000000000e+02,1.200000000000000000e+02,1.200000000000000000e+02,1.200000000000000000e+02,1.200000000000000000e+02,1.200000000000000000e+02,1.200000000000000000e+02,1.200000000000000000e+02,1.200000000000000000e+02,1.148557629148617976e-02,9.289906076699624293e+01,9.951115077545662757e+01,1.040254152147589224e+02,1.042522525777072815e+02,1.040461649020733290e+02,1.044269597618713732e+02,1.045576708088429712e+02,1.043018383310824220e+02,9.878910180785787531e+01,5.971876589161861659e+01,5.485239780832976919e+01,5.702898641257142032e+01,6.375624821988799340e+01,7.734957077256630953e+01
1.200000000000000000e+02,1.200000000000000000e+02,1.200000000000000000e+02,1.200000000000000000e+02,1.200000000000000000e+02,1.200000000000000000e+02,1.200000000000000000e+02,1.200000000000000000e+02,1.200000000000000000e+02,1.200000000000000000e+02,1.212551730835076218e-02,9.440355372027705982e+01,9.889260327489785141e+01,1.018438285191237895e+02,1.045570804470449957e+02,1.045784822777762173e+02,1.044965377762252956e+02,1.046796178716162018e+02,1.041218498513662922e+02,9.966243973414741220e+01,6.029919274593118672e+01,5.427520459738617120e+01,5.604338861058835164e+01,6.289821998028698857e+01,7.689224779168452528e+01
1.200000000000000000e+02,1.200000000000000000e+02,1.200000000000000000e+02,1.200000000000000000e+02,1.200000000000000000e+02,1.200000000000000000e+02,1.200000000000000000e+02,1.200000000000000000e+02,1.200000000000000000e+02,1.200000000000000000e+02,4.821651267887849812e-02,9.477604999073663805e+01,9.994144247867332354e+01,1.015894645733755368e+02,1.030187783225882754e+02,1.047913890236466017e+02,1.047450862070707984e+02,1.047108707072768539e+02,1.044191008903442821e+02,9.987685161077556018e+01,6.137842718145992649e+01,5.386161659956866998e+01,5.514618523491602531e+01,6.211001304998885786e+01,7.644466629151627046e+01
1.200000000000000000e+02,1.200000000000000000e+02,1.200000000000000000e+02,1.200000000000000000e+02,1.200000000000000000e+02,1.200000000000000000e+02,1.200000000000000000e+02,1.200000000000000000e+02,1.200000000000000000e+02,1.200000000000000000e+02,1.354709481868311867e-02,9.412822172655414477e+01,1.000316815616523769e+02,1.022469312103216623e+02,1.030261133698398055e+02,1.036827507375158319e+02,1.048958875328354878e+02,1.047919084844759681e+02,1.044811757442360118e+02,1.003880500676937544e+02,6.202672816783665155e+01,5.385498720441476905e+01,5.430457015077573146e+01,6.135294942813047925e+01,7.603371370180191491e+01
1.200000000000000000e+02,1.200000000000000000e+02,1.200000000000000000e+02,1.200000000000000000e+02,1.200000000000000000e+02,1.200000000000000000e+02,1.200000000000000000e+02,1.200000000000000000e+02,1.200000000000000000e+02,1.200000000000000000e+02,1.173816712878640763e-02,9.311554657757601206e+01,9.976797673066319305e+01,1.021042799559540128e+02,1.034244514506707304e+02,1.038579423972782507e+02,1.040875780699804096e+02,1.049159377676199085e+02,1.044912165711279073e+02,1.006474456943267768e+02,6.303390058060995926e+01,5.385228671640890497e+01,5.368702468776701409e+01,6.059941147079977242e+01,7.562377926649520532e+01
1.200000000000000000e+02,1.200000000000000000e+02,1.200000000000000000e+02,1.200000000000000000e+02,1.200000000000000000e+02,1.200000000000000000e+02,1.200000000000000000e+02,1.200000000000000000e+02,1.200000000000000000e+02,1.200000000000000000e+02,1.076048963255038168e-02,9.213739215036849828e+01,9.925220528321848690e+01,1.019864201049003896e+02,1.031181386415059364e+02,1.040776946970337917e+02,1.043556060204743687e+02,1.043247144014135586e+02,1.046251932514734051e+02,1.007264614142465575e+02,6.381506265356978957e+01,5.416505856649217776e+01,5.314042548011904898e+01,5.995286088843357675e+01,7.519867348705585641e+01
1.200000000000000000e+02,1.200000000000000000e+02,1.200000000000000000e+02,1.200000000000000000e+02,1.200000000000000000e+02,1.200000000000000000e+02,1.200000000000000000e+02,1.200000000000000000e+02,1.200000000000000000e+02,1.200000000000000000e+02,1.257398014165938931e-02,9.131526816029844440e+01,9.858059593026121092e+01,1.017081380817469807e+02,1.030864358879359344e+02,1.036730118799365528e+02,1.044516534344730303e+02,1.046327439444196443e+02,1.042076925840275834e+02,1.009691986949743097e+02,6.418781170817312898e+01,5.450771569606212097e+01,5.281505386256345247e+01,5.934520903341345388e+01,7.482382692062088836e+01
1.200000000000000000e+02,1.200000000000000000e+02,1.200000000000000000e+02,1.200000000000000000e+02,1.200000000000000000e+02,1.200000000000000000e+02,1.200000000000000000e+02,1.200000000000000000e+02,1.200000000000000000e+02,1.200000000000000000e+02,8.977475288265743258e-03,9.079836117713573174e+01,9.799722970857098403e+01,1.012005778951832298e+02,1.029341288027881660e+02,1.037089882951628965e+02,1.040004256963915026e+02,1.046469850946138109e+02,1.045255589395979854e+02,1.007908680042119016e+02,6.478370699979646474e+01,5.463489435834942753e+01,5.258815884368339511e+01,5.886168292712086725e+01,7.445379528497154809e+01
1.200000000000000000e+02,1.200000000000000000e+02,1.200000000000000000e+02,1.200000000000000000e+02,1.200000000000000000e+02,1.200000000000000000e+02,1.200000000000000000e+02,1.200000000000000000e+02,1.200000000000000000e+02,1.200000000000000000e+02,1.171014288139528986e-02,8.929911268613389552e+01,9.751869891718214944e+01,1.007403021823673868e+02,1.025136317589374784e+02,1.036186201605067225e+02,1.040943293773978837e+02,1.041882339894205529e+02,1.044995252268955142e+02,1.011364875013495350e+02,6.496291213484914806e+01,5.492187142370521258e+01,5.228628634012888199e+01,5.844933518471136580e+01,7.415037749513811605e+01
1.200000000000000000e+02,1.200000000000000000e+02,1.200000000000000000e+02,1.200000000000000000e+02,1.200000000000000000e+02,1.200000000000000000e+02,1.200000000000000000e+02,1.200000000000000000e+02,1.200000000000000000e+02,1.200000000000000000e+02,1.574097268464084987e-02,7.900206172473174604e+01,9.707241568198331549e+01,1.003310791209579236e+02,1.021523060206566669e+02,1.032462899212238341e+02,1.040278602760838709e+02,1.043320739449335832e+02,1.040660981882508906e+02,1.011762197772819860e+02,6.566493049488325084e+01,5.511810876143611182e+01,5.210936558722180934e+01,5.800471476448964125e+01,7.387431545570660774e+01
1.200000000000000000e+02,1.200000000000000000e+02,1.200000000000000000e+02,1.200000000000000000e+02,1.200000000000000000e+02,1.200000000000000000e+02,1.200000000000000000e+02,1.200000000000000000e+02,1.200000000000000000e+02,1.200000000000000000e+02,1.897590245332689621e-02,6.027800786221759211e+01,9.684326970555720493e+01,9.991551167600763961e+01,1.017986626153744965e+02,1.029697228994150890e+02,1.036819361565709272e+02,1.042663314978760098e+02,1.042498673526614397e+02,1.008034940694359847e+02,6.600200758247021326e+01,5.559204745248479185e+01,5.198120716481537329e+01,5.764820983883817718e+01,7.356944839572193473e+01
1.200000000000000000e+02,1.200000000000000000e+02,1.200000000000000000e+02,1.200000000000000000e+02,1.200000000000000000e+02,1.200000000000000000e+02,1.200000000000000000e+02,1.200000000000000000e+02,1.200000000000000000e+02,1.200000000000000000e+02,1.980563121119426756e-02,4.289966352342356970e+01,9.778544927121112096e+01,9.971378003941164536e+01,1.014053030088934122e+02,1.026623479322416728e+02,1.034812936002705044e+02,1.039369272856407491e+02,1.041808348851020583e+02,1.010282217046710969e+02,6.562170707044795392e+01,5.590872576633902469e+01,5.203961229939314137e+01,5.735814730591628319e+01,7.332092077958678544e+01
1.200000000000000000e+02,1.200000000000000000e+02,1.200000000000000000e+02,1.200000000000000000e+02,1.200000000000000000e+02,1.200000000000000000e+02,1.200000000000000000e+02,1.200000000000000000e+02,1.200000000000000000e+02,1.200000000000000000e+02,1.119172950556532667e-02,5.344037342457059481e+01,9.921693130375987835e+01,1.007160030071295154e+02,1.012065216517378445e+02,1.022884750687103548e+02,1.032116705198861411e+02,1.038050221718530395e+02,1.038645599069933212e+02,1.010228191792279517e+02,6.604222915891561740e+01,5.576611636190126831e+01,5.206634726872471930e+01,5.719277342680226894e+01,7.311259864995484747e+01
1.200000000000000000e+02,1.200000000000000000e+02,1.200000000000000000e+02,1.200000000000000000e+02,1.200000000000000000e+02,1.200000000000000000e+02,1.200000000000000000e+02,1.200000000000000000e+02,1.200000000000000000e+02,1.200000000000000000e+02,1.366339694775377429e-02,5.852404268135603616e+01,1.000184311834001107e+02,1.022557561176098204e+02,1.020576510728518684e+02,1.020902618571632843e+02,1.028549724896568733e+02,1.035645830917867016e+02,1.037919929404343975e+02,1.007012372453054638e+02,6.627717839720251902e+01,5.606749443423485246e+01,5.186661241202515527e+01,5.703360556398668990e+01,7.298173737475531198e+01
1.200000000000000000e+02,1.200000000000000000e+02,1.200000000000000000e+02,1.200000000000000000e+02,1.200000000000000000e+02,1.200000000000000000e+02,1.200000000000000000e+02,1.200000000000000000e+02,1.200000000000000000e+02,1.200000000000000000e+02,1.798253356374186068e-02,6.034454980446461292e+01,9.632068655826465431e+01,1.033357711880580467e+02,1.033668675032083399e+02,1.027648526101299211e+02,1.026637610408827896e+02,1.032247315049967682e+02,1.035779448916708105e+02,1.006617544009209837e+02,6.585204614852605687e+01,5.637089819491919229e+01,5.192327745987246601e+01,5.676890646180048350e+01,7.284591925201506513e+01
1.200000000000000000e+02,1.200000000000000000e+02,1.200000000000000000e+02,1.200000000000000000e+02,1.200000000000000000e+02,1.200000000000000000e+02,1.200000000000000000e+02,1.200000000000000000e+02,1.200000000000000000e+02,1.200000000000000000e+02,2.183104598647539821e-02,4.685515298556374830e+01,9.413732966565619620e+01,1.008436738886841795e+02,1.043733999725259167e+02,1.038021140389190009e+02,1.031739397709970945e+02,1.030467581256070275e+02,1.032509433332413522e+02,1.004960045943725504e+02,6.579779718749165340e+01,5.619346890243626547e+01,5.206129085185374805e+01,5.667435736918834976e+01,7.264886196022619913e+01
1.200000000000000000e+02,1.200000000000000000e+02,1.200000000000000000e+02,1.200000000000000000e+02,1.200000000000000000e+02,1.200000000000000000e+02,1.200000000000000000e+02,1.200000000000000000e+02,1.200000000000000000e+02,1.200000000000000000e+02,2.366621212881520053e-02,3.389524279603192980e+01,9.442975476006172642e+01,9.915271038484948463e+01,1.026501038912117423e+02,1.046694186424066686e+02,1.039570895307021630e+02,1.034144964028772193e+02,1.030872716494025383e+02,1.001439642011683162e+02,6.567018195111599255e+01,5.617960105397182957e+01,5.193423500006809235e+01,5.666393280229863905e+01,7.257230954701863368e+01
1.200000000000000000e+02,1.200000000000000000e+02,1.200000000000000000e+02,1.200000000000000000e+02,1.200000000000000000e+02,1.200000000000000000e+02,1.200000000000000000e+02,1.200000000000000000e+02,1.200000000000000000e+02,1.200000000000000000e+02,1.369785503475426901e-02,4.566780229447243045e+01,9.708922001525385781e+01,9.914310584499334311e+01,1.015129545107357245e+02,1.034658020887523406e+02,1.046739883973883991e+02,1.039765784552390784e+02,1.033367557566153181e+02,9.994773860888697925e+01,6.511882044091045429e+01,5.620576022227895407e+01,5.188187486160030915e+01,5.651382816498731643e+01,7.254293986285844653e+01
1.200000000000000000e+02,1.200000000000000000e+02,1.200000000000000000e+02,1.200000000000000000e+02,1.200000000000000000e+02,1.200000000000000000e+02,1.200000000000000000e+02,1.200000000000000000e+02,1.200000000000000000e+02,1.200000000000000000e+02,1.758901089323021763e-02,4.749139813552140765e+01,9.863555774286257360e+01,1.010565408525990136e+02,1.014498701749112968e+02,1.027812079638162146e+02,1.038372594444517603e+02,1.045493086465156836e+02,1.037127691910878298e+02,1.000808141029728517e+02,6.470477435589063475e+01,5.591592781844989446e+01,5.191425211081256919e+01,5.642034833106873037e+01,7.242811206733352947e+01
1.200000000000000000e+02,1.200000000000000000e+02,1.200000000000000000e+02,1.200000000000000000e+02,1.200000000000000000e+02,1.200000000000000000e+02,1.200000000000000000e+02,1.200000000000000000e+02,1.200000000000000000e+02,1.200000000000000000e+02,2.339389561645676893e-02,4.568478954569701500e+01,9.493191582959575214e+01,1.023877156784124622e+02,1.027201254738629501e+02,1.027357607713722416e+02,1.034998728096976635e+02,1.039765035361337482e+02,1.041552273378068065e+02,1.002841077455271659e+02,6.473460176889949480e+01,5.562560382397178671e+01,5.178054822611952090e+01,5.641389267238658078e+01,7.236405113882487683e+01
1.200000000000000000e+02,1.200000000000000000e+02,1.200000000000000000e+02,1.200000000000000000e+02,1.200000000000000000e+02,1.200000000000000000e+02,1.200000000000000000e+02,1.200000000000000000e+02,1.200000000000000000e+02,1.200000000000000000e+02,2.707825348078617828e-02,3.073503692200614168e+01,9.283022898857956307e+01,1.000087560728101721e+02,1.036909333388689873e+02,1.035435178480117884e+02,1.034886114811947380e+02,1.038903864619018265e+02,1.037721464150983053e+02,1.005929380381583655e+02,6.481377350348466848e+01,5.557864773957476956e+01,5.162079593605093919e+01,5.633072206417956096e+01,7.235906791614097244e+01
1.200000000000000000e+02,1.200000000000000000e+02,1.200000000000000000e+02,1.200000000000000000e+02,1.200000000000000000e+02,1.200000000000000000e+02,1.200000000000000000e+02,1.200000000000000000e+02,1.200000000000000000e+02,1.200000000000000000e+02,2.773795801645460857e-02,2.148372452332958815e+01,9.343430994106743981e+01,9.855162308204712929e+01,1.020356302924319891e+02,1.042251499730632815e+02,1.039737758592687982e+02,1.039121431872632968e+02,1.038520194678126956e+02,1.003611337928704188e+02,6.503231421728307282e+01,5.550854288638770129e+01,5.159326630542879855e+01,5.624223346590715522e+01,7.231192216169756648e+01
1.200000000000000000e+02,1.200000000000000000e+02,1.200000000000000000e+02,1.200000000000000000e+02,1.200000000000000000e+02,1.200000000000000000e+02,1.200000000000000000e+02,1.200000000000000000e+02,1.200000000000000000e+02,1.200000000000000000e+02,1.598564321290926737e-02,3.703847382380423880e+01,9.653882095073817027e+01,9.885040529822586564e+01,1.011334170758367748e+02,1.030138859229952573e+02,1.044478487037233947e+02,1.041782694917792185e+02,1.039007272496806991e+02,1.005334532659905591e+02,6.476715696993362315e+01,5.544497870922825911e+01,5.152821490301992924e+01,5.624312423685721996e+01,7.227573957634820090e+01
1.200000000000000000e+02,1.200000000000000000e+02,1.200000000000000000e+02,1.200000000000000000e+02,1.200000000000000000e+02,1.200000000000000000e+02,1.200000000000000000e+02,1.200000000000000000e+02,1.200000000000000000e+02,1.200000000000000000e+02,2.095697771936409076e-02,3.767061934776562282e+01,9.816747108384943488e+01,1.009794306966287962e+02,1.013164191790607305e+02,1.025118044647171587e+02,1.035368489288748748e+02,1.045129036917982006e+02,1.040241877049118955e+02,1.006404140859241636e+02,6.506650251460789036e+01,5.519383819635099542e+01,5.140309197719523837e+01,5.621720068976514284e+01,7.230012278015318827e+01
1.200000000000000000e+02,1.200000000000000000e+02,1.200000000000000000e+02,1.200000000000000000e+02,1.200000000000000000e+02,1.200000000000000000e+02,1.200000000000000000e+02,1.200000000000000000e+02,1.200000000000000000e+02,1.200000000000000000e+02,2.767690691043543649e-02,3.518157256179871695e+01,9.366317373996878359e+01,1.023024701764475282e+02,1.027057851327610791e+02,1.026404902479303871e+02,1.033132145753768185e+02,1.038202327716822140e+02,1.042719227487502707e+02,1.006663828040922510e+02,6.536216139570835537e+01,5.531548205478956959e+01,5.118408879530404221e+01,5.613044250286112913e+01,7.230073857420367744e+01
1.200000000000000000e+02,1.200000000000000000e+02,1.200000000000000000e+02,1.200000000000000000e+02,1.200000000000000000e+02,1.200000000000000000e+02,1.200000000000000000e+02,1.200000000000000000e+02,1.200000000000000000e+02,1.200000000000000000e+02,3.040054298565724594e-02,2.023582036207181645e+01,9.136040628967835175e+01,9.955548418152483237e+01,1.036654949372305339e+02,1.035202746571173975e+02,1.034071749119844128e+02,1.037810109701452177e+02,1.037486836118262090e+02,1.008661442703798343e+02,6.534139694978522073e+01,5.552652072305396302e+01,5.117908400171318561e+01,5.598719597440499030e+01,7.225745206361587236e+01
1.200000000000000000e+02,1.200000000000000000e+02,1.200000000000000000e+02,1.200000000000000000e+02,1.200000000000000000e+02,1.200000000000000000e+02,1.200000000000000000e+02,1.200000000000000000e+02,1.200000000000000000e+02,1.200000000000000000e+02,2.959853570097827763e-02,1.359820278399796933e+01,9.232599383107674385e+01,9.798572764137470870e+01,1.018307400558289686e+02,1.042033188720585173e+02,1.039333638106604951e+02,1.038483628017094276e+02,1.038197636674001672e+02,1.005151266966267372e+02,6.555902249457859909e+01,5.547586529309575099e+01,5.126707658943022494e+01,5.596368377663111460e+01,7.217858257548796530e+01
1.200000000000000000e+02,1.200000000000000000e+02,1.200000000000000000e+02,1.200000000000000000e+02,1.200000000000000000e+02,1.200000000000000000e+02,1.200000000000000000e+02,1.200000000000000000e+02,1.200000000000000000e+02,1.200000000000000000e+02,1.800163404878807327e-02,3.092081005351215950e+01,9.604600326112708331e+01,9.844784764732031590e+01,1.008786772108943381e+02,1.029092284792052254e+02,1.044187632505174719e+02,1.041299395992736976e+02,1.038683656068912171e+02,1.006268957941537394e+02,6.524143356375442693e+01,5.551682420973716603e+01,5.119293977443888366e+01,5.599843936927084798e+01,7.217828819112686745e+01
1.200000000000000000e+02,1.200000000000000000e+02,1.200000000000000000e+02,1.200000000000000000e+02,1.200000000000000000e+02,1.200000000000000000e+02,1.200000000000000000e+02,1.200000000000000000e+02,1.200000000000000000e+02,1.200000000000000000e+02,2.313786602977915829e-02,2.967886582890053404e+01,9.789865062568019027e+01,1.008173431709830083e+02,1.011381715306689273e+02,1.023926881059646803e+02,1.034777437783493070e+02,1.044790832227319157e+02,1.039855403674186221e+02,1.006928690204988897e+02,6.544245786434900936e+01,5.537362069393751085e+01,5.113321901882128628e+01,5.592861398110913740e+01,7.220441020617109018e+01
1.200000000000000000e+02,1.200000000000000000e+02,1.200000000000000000e+02,1.200000000000000000e+02,1.200000000000000000e+02,1.200000000000000000e+02,1.200000000000000000e+02,1.200000000000000000e+02,1.200000000000000000e+02,1.200000000000000000e+02,2.888755187414857040e-02,2.636478309424401800e+01,9.273298960962470971e+01,1.022329734995295496e+02,1.026198625983072930e+02,1.025550354016179426e+02,1.032584520957800152e+02,1.037837782076495188e+02,1.042437108340767509e+02,1.006887692996812547e+02,6.563728199004009412e+01,5.551427757597295454e+01,5.102704587805060754e+01,5.585309647388962873e+01,7.215678583421306769e+01
1.200000000000000000e+02,1.200000000000000000e+02,1.200000000000000000e+02,1.200000000000000000e+02,1.200000000000000000e+02,1.200000000000000000e+02,1.200000000000000000e+02,1.200000000000000000e+02,1.200000000000000000e+02,1.200000000000000000e+02,3.066706615799528329e-02,1.201563858975777066e+01,9.025148721091834148e+01,9.924297305091018018e+01,1.036215513712053422e+02,1.034636700374555858e+02,1.033641991393707400e+02,1.037572678194256923e+02,1.037286388008926536e+02,1.008835130441958370e+02,6.554196229106182159e+01,5.569826324237865833e+01,5.108259159515341707e+01,5.576919029288446694e+01,7.210558433676308709e+01
1.200000000000000000e+02,1.200000000000000000e+02,1.200000000000000000e+02,1.200000000000000000e+02,1.200000000000000000e+02,1.200000000000000000e+02,1.200000000000000000e+02,1.200000000000000000e+02,1.200000000000000000e+02,1.200000000000000000e+02,3.151868763568767273e-02,8.267867806641113759e+00,9.147000232708555245e+01,9.761846210486537245e+01,1.016894369538092633e+02,1.041653251463314689e+02,1.038916475229463430e+02,1.038254656396397309e+02,1.038137003370505340e+02,1.005352864516948870e+02,6.572769566127156793e+01,5.562573838117754121e+01,5.119180583508563132e+01,5.578044479616049500e+01,7.205091200844164234e+01
1.200000000000000000e+02,1.200000000000000000e+02,1.200000000000000000e+02,1.200000000000000000e+02,1.200000000000000000e+02,1.200000000000000000e+02,1.200000000000000000e+02,1.200000000000000000e+02,1.200000000000000000e+02,1.200000000000000000e+02,1.786124224138651781e-02,2.545821201265768963e+01,9.561865145487503526e+01,9.818983665396100946e+01,1.007382085010921458e+02,1.028350289956801475e+02,1.043844514846439750e+02,1.040974118771045909e+02,1.038573386436360266e+02,1.006532472703392216e+02,6.539634727204145292e+01,5.566381697540658990e+01,5.113998347760613683e+01,5.583066547016741055e+01,7.206155834093797807e+01
1.200000000000000000e+02,1.200000000000000000e+02,1.200000000000000000e+02,1.200000000000000000e+02,1.200000000000000000e+02,1.200000000000000000e+02,1.200000000000000000e+02,1.200000000000000000e+02,1.200000000000000000e+02,1.200000000000000000e+02,2.410102585080547283e-02,2.329650440081995200e+01,9.747336297282303974e+01,1.006763382240072389e+02,1.010476456349588688e+02,1.023417159169894148e+02,1.034352247453184503e+02,1.044489013874959795e+02,1.039613219736976504e+02,1.007073476748045522e+02,6.559052887367698759e+01,5.552215517797525024e+01,5.111012655464050880e+01,5.578381368160587073e+01,7.209056379098323930e+01
1.200000000000000000e+02,1.200000000000000000e+02,1.200000000000000000e+02,1.200000000000000000e+02,1.200000000000000000e+02,1.200000000000000000e+02,1.200000000000000000e+02,1.200000000000000000e+02,1.200000000000000000e+02,1.200000000000000000e+02,3.701363928270769849e-02,2.031775069059303007e+01,9.196617271258357107e+01,1.020501852520143160e+02,1.025478464106235634e+02,1.025254501246489838e+02,1.032460492891926407e+02,1.037580316784042793e+02,1.042194762671376651e+02,1.006861787930516670e+02,6.575418193029675251e+01,5.566291591218275414e+01,5.103065981382847838e+01,5.573867887559695333e+01,7.205384529522356729e+01
1.200000000000000000e+02,1.200000000000000000e+02,1.200000000000000000e+02,1.200000000000000000e+02,1.200000000000000000e+02,1.200000000000000000e+02,1.200000000000000000e+02,1.200000000000000000e+02,1.200000000000000000e+02,1.200000000000000000e+02,6.020465881150741799e-02,8.595056368359687227e+00,8.932990083071918264e+01,9.899466804230905836e+01,1.035040032124785085e+02,1.034192441594266683e+02,1.033582388678881472e+02,1.037611179798260821e+02,1.037134888670543802e+02,1.008776674087276035e+02,6.562041127800419815e+01,5.583003764608252339e+01,5.110602286540684247e+01,5.568298487355011872e+01,7.202008364058451662e+01
1.200000000000000000e+02,1.200000000000000000e+02,1.200000000000000000e+02,1.200000000000000000e+02,1.200000000000000000e+02,1.200000000000000000e+02,1.200000000000000000e+02,1.200000000000000000e+02,1.200000000000000000e+02,1.200000000000000000e+02,1.030646928875290219e-01,6.332155304743266377e+00,9.048784676185285036e+01,9.731432838859724654e+01,1.015850296407815563e+02,1.040806974994976031e+02,1.038612576221261037e+02,1.038278541322927566e+02,1.038241845585091028e+02,1.005374491175717679e+02,6.579068708526709486e+01,5.573346286282473727e+01,5.122231304375647909e+01,5.571719222489587509e+01,7.198235544079588522e+01
1.200000000000000000e+02,1.200000000000000000e+02,1.200000000000000000e+02,1.200000000000000000e+02,1.200000000000000000e+02,1.200000000000000000e+02,1.200000000000000000e+02,1.200000000000000000e+02,1.200000000000000000e+02,1.200000000000000000e+02,8.629099022151687848e+01,6.671493194993108333e-02,9.443287863900700074e+01,9.777476181867758953e+01,1.006129346006254366e+02,1.027890880152540802e+02,1.043218611711556321e+02,1.040752966224609395e+02,1.038623645775547573e+02,1.006743167755974611e+02,6.546430903158417891e+01,5.576144876517197702e+01,5.117059392038352428e+01,5.578250131926156996e+01,7.200682972977820384e+01
1.200000000000000000e+02,1.200000000000000000e+02,1.200000000000000000e+02,1.200000000000000000e+02,1.200000000000000000e+02,1.200000000000000000e+02,1.200000000000000000e+02,1.200000000000000000e+02,1.200000000000000000e+02,1.200000000000000000e+02,8.621889621078364030e+01,8.761632598705737865e-03,9.618314125988095498e+01,9.999939871167879346e+01,1.008134184717522004e+02,1.022847511444430637e+02,1.034180914194894143e+02,1.044028877152652086e+02,1.039452336837308053e+02,1.007204575613692015e+02,6.567680417255996872e+01,5.562295861739120539e+01,5.114669703341279927e+01,5.574618836776470232e+01,7.204492310495056984e+01
1.200000000000000000e+02,1.200000000000000000e+02,1.200000000000000000e+02,1.200000000000000000e+02,1.200000000000000000e+02,1.200000000000000000e+02,1.200000000000000000e+02,1.200000000000000000e+02,1.200000000000000000e+02,1.200000000000000000e+02,1.079870955216148676e-02,5.322040149623642573e-03,9.737846448442330427e+01,1.012433073097530922e+02,1.020842573269120379e+02,1.023720976793532174e+02,1.032183633562581520e+02,1.037562114382978962e+02,1.041867924227118465e+02,1.006809379295939095e+02,6.582331222277987592e+01,5.577244442213149966e+01,5.107956015651799930e+01,5.571429246091742726e+01,7.201517177478234544e+01
1.200000000000000000e+02,1.200000000000000000e+02,1.200000000000000000e+02,1.200000000000000000e+02,1.200000000000000000e+02,1.200000000000000000e+02,1.200000000000000000e+02,1.200000000000000000e+02,1.200000000000000000e+02,1.200000000000000000e+02,1.190376841596583676e-02,9.667695816675583517e-03,9.149349760163862300e+01,1.024885387999550090e+02,1.029173415641500640e+02,1.030796388521672071e+02,1.032485479086709859e+02,1.037462717895541715e+02,1.037201174151432497e+02,1.008614556477310202e+02,6.565879127567477269e+01,5.592665741273633273e+01,5.116727999866592569e+01,5.567463621917578820e+01,7.199073421202959366e+01
1.200000000000000000e+02,1.200000000000000000e+02,1.200000000000000000e+02,1.200000000000000000e+02,1.200000000000000000e+02,1.200000000000000000e+02,1.200000000000000000e+02,1.200000000000000000e+02,1.200000000000000000e+02,1.200000000000000000e+02,1.534616867501341006e-02,1.557330965991291297e-02,8.201429123931636411e+01,1.001558935487967403e+02,1.040327496933471849e+02,1.036324209286396183e+02,1.036054149446309651e+02,1.037450490478984619e+02,1.038151998421666491e+02,1.005537557916177178e+02,6.581499765123922430e+01,5.580868568854792500e+01,5.128185815820303617e+01,5.572293062496863314e+01,7.196406458885007851e+01
1.200000000000000000e+02,1.200000000000000000e+02,1.200000000000000000e+02,1.200000000000000000e+02,1.200000000000000000e+02,1.200000000000000000e+02,1.200000000000000000e+02,1.200000000000000000e+02,1.200000000000000000e+02,1.200000000000000000e+02,7.922716800007853152e-03,2.791422296209297715e-01,8.254502744695824390e+01,9.433801730885892312e+01,1.028466600448511201e+02,1.045973480724075415e+02,1.039732588004919052e+02,1.038806955307274649e+02,1.037979953170916190e+02,1.006738439910202487e+02,6.552989297515890144e+01,5.582993156879721397e+01,5.122223813350708355e+01,5.579279160023343564e+01,7.199773144713729778e+01
1.200000000000000000e+02,1.200000000000000000e+02,1.200000000000000000e+02,1.200000000000000000e+02,1.200000000000000000e+02,1.200000000000000000e+02,1.200000000000000000e+02,1.200000000000000000e+02,1.200000000000000000e+02,1.200000000000000000e+02,7.822635167414620128e+01,1.034335999711444992e-02,8.956857067456772370e+01,9.383384305070825349e+01,9.912225689176624144e+01,1.039654022366500783e+02,1.047894016799093606e+02,1.041305149459309547e+02,1.037968923388508387e+02,1.006710112416208318e+02,6.571842826737102428e+01,5.571606452992975989e+01,5.120006162148163043e+01,5.575676277916814882e+01,7.203857797464200985e+01
1.200000000000000000e+02,1.200000000000000000e+02,1.200000000000000000e+02,1.200000000000000000e+02,1.200000000000000000e+02,1.200000000000000000e+02,1.200000000000000000e+02,1.200000000000000000e+02,1.200000000000000000e+02,1.200000000000000000e+02,7.261328237542295483e+01,5.282776348602320066e-03,9.633596455198406261e+01,9.685556061276471951e+01,9.860633323432938369e+01,1.014662409693974467e+02,1.044540863146337841e+02,1.048075167177572951e+02,1.039730550293340485e+02,1.005667454121196016e+02,6.578897808308171591e+01,5.585274172402787940e+01,5.115132437980121693e+01,5.573105704341068645e+01,7.200942827854365191e+01
1.200000000000000000e+02,1.200000000000000000e+02,1.200000000000000000e+02,1.200000000000000000e+02,1.200000000000000000e+02,1.200000000000000000e+02,1.200000000000000000e+02,1.200000000000000000e+02,1.200000000000000000e+02,1.200000000000000000e+02,6.101991121551419289e-03,3.827780214986925209e-03,1.013365209607177775e+02,1.002482245622690442e+02,9.994634006376526258e+01,1.011081015368286273e+02,1.027499518457074998e+02,1.046330829673500062e+02,1.045275132502927704e+02,1.006858869163376795e+02,6.553812213382731500e+01,5.595851923859537891e+01,5.123689051781321524e+01,5.570636497899137396e+01,7.198997020588967644e+01
1.200000000000000000e+02,1.200000000000000000e+02,1.200000000000000000e+02,1.200000000000000000e+02,1.200000000000000000e+02,1.200000000000000000e+02,1.200000000000000000e+02,1.200000000000000000e+02,1.200000000000000000e+02,1.200000000000000000e+02,3.452830292300264337e-03,3.897002587231912507e-03,1.004028917319578653e+02,1.037447053827367824e+02,1.017050686940539066e+02,1.016188567225788688e+02,1.025626199358558495e+02,1.034752631659238631e+02,1.044392318992845645e+02,1.011629430392463576e+02,6.560069319589352688e+01,5.579366268865355494e+01,5.132753071289467073e+01,5.575712780410922420e+01,7.197339824053645430e+01
1.200000000000000000e+02,1.200000000000000000e+02,1.200000000000000000e+02,1.200000000000000000e+02,1.200000000000000000e+02,1.200000000000000000e+02,1.200000000000000000e+02,1.200000000000000000e+02,1.200000000000000000e+02,1.200000000000000000e+02,3.005690304781417216e-03,8.035039309536470853e+01,9.045105871810700648e+01,1.046165125454168674e+02,1.042447585816273943e+02,1.024596130053472791e+02,1.026283204730735292e+02,1.034341889924650388e+02,1.036648771061776557e+02,1.011517368740797025e+02,6.625290522378348612e+01,5.576622327619246988e+01,5.124937976684856977e+01,5.581671584784303519e+01,7.200842130343170311e+01
1.200000000000000000e+02,1.200000000000000000e+02,1.200000000000000000e+02,1.200000000000000000e+02,1.200000000000000000e+02,1.200000000000000000e+02,1.200000000000000000e+02,1.200000000000000000e+02,1.200000000000000000e+02,1.200000000000000000e+02,8.365663816348796900e+01,4.046789715678296429e-03,7.158933613249661221e+01,9.995425321021114939e+01,1.054941213672374403e+02,1.043281399927122806e+02,1.029236275328081263e+02,1.032559108929071101e+02,1.037343190295879225e+02,1.006406543095218638e+02,6.636577397711438664e+01,5.611516536268499067e+01,5.121400349623730364e+01,5.577659628682914672e+01,7.204370893027781619e+01
1.200000000000000000e+02,1.200000000000000000e+02,1.200000000000000000e+02,1.200000000000000000e+02,1.200000000000000000e+02,1.200000000000000000e+02,1.200000000000000000e+02,1.200000000000000000e+02,1.200000000000000000e+02,1.200000000000000000e+02,9.014708740185386690e-03,3.056073898895627500e-03,7.463911077490902812e+01,9.536889936480761776e+01,1.030043303708924611e+02,1.055692316063960448e+02,1.043081757963429936e+02,1.032296539696767184e+02,1.034314003244292763e+02,1.007890271814292333e+02,6.585070312632153389e+01,5.621320456675560706e+01,5.137947716871250492e+01,5.575407697303499077e+01,7.201509202722499481e+01
1.200000000000000000e+02,1.200000000000000000e+02,1.200000000000000000e+02,1.200000000000000000e+02,1.200000000000000000e+02,1.200000000000000000e+02,1.200000000000000000e+02,1.200000000000000000e+02,1.200000000000000000e+02,1.200000000000000000e+02,6.769541301268177519e-03,3.260381177475058217e-03,8.727980099097753452e+01,9.036637800566603573e+01,1.000561693401126746e+02,1.041953783563985496e+02,1.053947668046451156e+02,1.042629883991222641e+02,1.032210042612677370e+02,1.004632117420343604e+02,6.619549171674340471e+01,5.598869539659549588e+01,5.142092399702302430e+01,5.583917248878171335e+01,7.200260031484199885e+01
1.200000000000000000e+02,1.200000000000000000e+02,1.200000000000000000e+02,1.200000000000000000e+02,1.200000000000000000e+02,1.200000000000000000e+02,1.200000000000000000e+02,1.200000000000000000e+02,1.200000000000000000e+02,1.200000000000000000e+02,4.687426909141558656e-03,4.299570750567162196e-03,8.954049340566407977e+01,9.516439690934059570e+01,9.681756594424153661e+01,1.023281192481031923e+02,1.046476843124330571e+02,1.051405288647301148e+02,1.039996731917822927e+02,1.000805036270934636e+02,6.583799749071263818e+01,5.630419291281614846e+01,5.130044503266287137e+01,5.584464891289506738e+01,7.205130600753641090e+01
1.200000000000000000e+02,1.200000000000000000e+02,1.200000000000000000e+02,1.200000000000000000e+02,1.200000000000000000e+02,1.200000000000000000e+02,1.200000000000000000e+02,1.200000000000000000e+02,1.200000000000000000e+02,1.200000000000000000e+02,8.286432984448941852e+01,8.265944524605686183e+01,9.307292348119392500e+01,9.834991961071268918e+01,9.888919124379511061e+01,1.001171301050894584e+02,1.035337036759277254e+02,1.047505974902186097e+02,1.046677811166143357e+02,1.006512039746729954e+02,6.502674256087121307e+01,5.626034979699618077e+01,5.150669331675587159e+01,5.575847248404135570e+01,7.203781049427377070e+01
1.200000000000000000e+02,1.200000000000000000e+02,1.200000000000000000e+02,1.200000000000000000e+02,1.200000000000000000e+02,1.200000000000000000e+02,1.200000000000000000e+02,1.200000000000000000e+02,1.200000000000000000e+02,1.200000000000000000e+02,8.124899751646475465e+01,8.407126205434965982e+01,6.397877070365679231e+01,9.939471402937627431e+01,1.003202541159727303e+02,1.009942723029849247e+02,1.019982950035458771e+02,1.041704690554991544e+02,1.044731927124269930e+02,1.011847237588975617e+02,6.554537731747966234e+01,5.573111660510654275e+01,5.158786073778049541e+01,5.587442868894520842e+01,7.197382339700121179e+01
1.200000000000000000e+02,1.200000000000000000e+02,1.200000000000000000e+02,1.200000000000000000e+02,1.200000000000000000e+02,1.200000000000000000e+02,1.200000000000000000e+02,1.200000000000000000e+02,1.200000000000000000e+02,1.200000000000000000e+02,8.220519777859603902e-03,1.498021431376996004e-02,1.981374574102946085e+01,9.729038519881676450e+01,1.012652051489861975e+02,1.014598471511588116e+02,1.022902392111707712e+02,1.031088649069156844e+02,1.042653523696151581e+02,1.010835778321650906e+02,6.624953064662010149e+01,5.589208930526542929e+01,5.134053687469673832e+01,5.594995763062778593e+01,7.204622429039272902e+01
1.200000000000000000e+02,1.200000000000000000e+02,1.200000000000000000e+02,1.200000000000000000e+02,1.200000000000000000e+02,1.200000000000000000e+02,1.200000000000000000e+02,1.200000000000000000e+02,1.200000000000000000e+02,1.200000000000000000e+02,6.060859052138037849e-03,1.062298038616882670e-02,6.715568238798504119e-02,9.256403558942341192e+01,1.001559388616863231e+02,1.020974232388746117e+02,1.022250981699462784e+02,1.031054117037081426e+02,1.035475224141447796e+02,1.011348123884113761e+02,6.614517932573039616e+01,5.625218673308040707e+01,5.140381208155967130e+01,5.583270357109075377e+01,7.208616588595532448e+01
1.200000000000000000e+02,1.200000000000000000e+02,1.200000000000000000e+02,1.200000000000000000e+02,1.200000000000000000e+02,1.200000000000000000e+02,1.200000000000000000e+02,1.200000000000000000e+02,1.200000000000000000e+02,1.200000000000000000e+02,6.211922434335520604e-03,6.685264716214136399e-03,4.431525829865114452e-01,9.228815966573579033e+01,9.832329020255164664e+01,1.014691544810632138e+02,1.025823418665129196e+02,1.027666257134474819e+02,1.033960463107199388e+02,1.007315316757011487e+02,6.643577325329461303e+01,5.612735026053872645e+01,5.159110596252698855e+01,5.588202418473215261e+01,7.201635504100796936e+01
1.200000000000000000e+02,1.200000000000000000e+02,1.200000000000000000e+02,1.200000000000000000e+02,1.200000000000000000e+02,1.200000000000000000e+02,1.200000000000000000e+02,1.200000000000000000e+02,1.200000000000000000e+02,1.200000000000000000e+02,8.519401790641394712e+01,4.243258600429375242e-03,4.484488403551969782e+01,9.768343364860656663e+01,9.922794912195543304e+01,1.008245671508932588e+02,1.021889027960547907e+02,1.029132880601913058e+02,1.029393072654373640e+02,1.004782028664854323e+02,6.631251470442150264e+01,5.630912625968228724e+01,5.147451073659391341e+01,5.599880551534456430e+01,7.206284535830342008e+01
1.200000000000000000e+02,1.200000000000000000e+02,1.200000000000000000e+02,1.200000000000000000e+02,1.200000000000000000e+02,1.200000000000000000e+02,1.200000000000000000e+02,1.200000000000000000e+02,1.200000000000000000e+02,1.200000000000000000e+02,8.246397608066814655e+01,5.747741945267505551e-03,5.842082680004729411e+01,1.013453886413259113e+02,1.022684911916429797e+02,1.018534157919000904e+02,1.020759321845055467e+02,1.026289011018417057e+02,1.029424344553394519e+02,9.996512038775232156e+01,6.593347464421455584e+01,5.649227617532501711e+01,5.151423188600663394e+01,5.591099317624617981e+01,7.213288881874129288e+01
1.200000000000000000e+02,1.200000000000000000e+02,1.200000000000000000e+02,1.200000000000000000e+02,1.200000000000000000e+02,1.200000000000000000e+02,1.200000000000000000e+02,1.200000000000000000e+02,1.200000000000000000e+02,1.200000000000000000e+02,1.195404184284722983e-02,8.085351164787499556e+01,7.227393631320390455e+01,9.269991270695082619e+01,1.045685193977065097e+02,1.037231556171330595e+02,1.030231879376863020e+02,1.027389616509010182e+02,1.027003922586735172e+02,9.982644234779839110e+01,6.508573318323188062e+01,5.640071549083537406e+01,5.168580365107589358e+01,5.589643171865678539e+01,7.206314042950590704e+01
1.200000000000000000e+02,1.200000000000000000e+02,1.200000000000000000e+02,1.200000000000000000e+02,1.200000000000000000e+02,1.200000000000000000e+02,1.200000000000000000e+02,1.200000000000000000e+02,1.200000000000000000e+02,1.200000000000000000e+02,2.663321504626199945e-02,1.268438754961294206e-02,2.772202596058683000e+01,9.035921779933123332e+01,9.936771852426825546e+01,1.053453871893176910e+02,1.042384730786924507e+02,1.035503464376513421e+02,1.028724074166712938e+02,9.956517665210216705e+01,6.464219989656361065e+01,5.592868003458873005e+01,5.172324601517023979e+01,5.599776453924351216e+01,7.204576013562056858e+01
1.200000000000000000e+02,1.200000000000000000e+02,1.200000000000000000e+02,1.200000000000000000e+02,1.200000000000000000e+02,1.200000000000000000e+02,1.200000000000000000e+02,1.200000000000000000e+02,1.200000000000000000e+02,1.200000000000000000e+02,6.331389497861888982e-01,2.416107094106533654e-02,1.424744942953588660e-02,9.307058772523227219e+01,9.671442601738726808e+01,1.019004553188456867e+02,1.054597442643674441e+02,1.043570888341725862e+02,1.035337283400478725e+02,9.964837713820000431e+01,6.414568709454226791e+01,5.560800585011785557e+01,5.153451408894812857e+01,5.603625874497427617e+01,7.209976662639098777e+01
1.200000000000000000e+02,1.200000000000000000e+02,1.200000000000000000e+02,1.200000000000000000e+02,1.200000000000000000e+02,1.200000000000000000e+02,1.200000000000000000e+02,1.200000000000000000e+02,1.200000000000000000e+02,1.200000000000000000e+02,8.218010117390957703e+01,4.946587155127993470e-03,7.096268254619490179e+00,9.456891613232099303e+01,9.774040183183107899e+01,9.988270766900078002e+01,1.030695532117039903e+02,1.053145289741097486e+02,1.040668185409542446e+02,1.001345052299459439e+02,6.403449505456721624e+01,5.528100775903518382e+01,5.140853283114042682e+01,5.595891859207774388e+01,7.211597579265058755e+01
1.200000000000000000e+02,1.200000000000000000e+02,1.200000000000000000e+02,1.200000000000000000e+02,1.200000000000000000e+02,1.200000000000000000e+02,1.200000000000000000e+02,1.200000000000000000e+02,1.200000000000000000e+02,1.200000000000000000e+02,7.622876664328755680e+01,3.827409024365146552e-03,3.461144024405692932e+01,9.748116043362456651e+01,1.003262668635043724e+02,1.003228674812757077e+02,1.016938806615285387e+02,1.036345064240101550e+02,1.048354829678929860e+02,1.004719073646312921e+02,6.448317683466878236e+01,5.510405559225036143e+01,5.129690639778134909e+01,5.593484120225588185e+01,7.207338942023342554e+01
1.200000000000000000e+02,1.200000000000000000e+02,1.200000000000000000e+02,1.200000000000000000e+02,1.200000000000000000e+02,1.200000000000000000e+02,1.200000000000000000e+02,1.200000000000000000e+02,1.200000000000000000e+02,1.200000000000000000e+02,7.684029957034843505e+01,4.484841459208519995e-03,5.832452338601440545e+01,9.815076794124219361e+01,1.021264105284957964e+02,1.024108447722925490e+02,1.018982544326260609e+02,1.027806160667404924e+02,1.036667316364516154e+02,1.011004706086455087e+02,6.474136725916103785e+01,5.521245855375835276e+01,5.122784450375907994e+01,5.594040521228488672e+01,7.208272416469823440e+01
1.200000000000000000e+02,1.200000000000000000e+02,1.200000000000000000e+02,1.200000000000000000e+02,1.200000000000000000e+02,1.200000000000000000e+02,1.200000000000000000e+02,1.200000000000000000e+02,1.200000000000000000e+02,1.200000000000000000e+02,1.889519312061379089e-02,6.701039592978379721e-03,7.558289096912352534e+01,9.360409313553103061e+01,1.028059590544251876e+02,1.035125405674900918e+02,1.033704998671639999e+02,1.028828111289672051e+02,1.031977216779655180e+02,1.003814801121950779e+02,6.542598262203215143e+01,5.517824787270821929e+01,5.126822130284654122e+01,5.596235411278245664e+01,7.211932463910811464e+01
1.200000000000000000e+02,1.200000000000000000e+02,1.200000000000000000e+02,1.200000000000000000e+02,1.200000000000000000e+02,1.200000000000000000e+02,1.200000000000000000e+02,1.200000000000000000e+02,1.200000000000000000e+02,1.200000000000000000e+02,5.392148484001599990e-02,1.052653740771195001e-02,5.854809733234344549e+01,9.196313210953074702e+01,9.991304205391908511e+01,1.041703858983010349e+02,1.040148903501159197e+02,1.038419356207645308e+02,1.032573264995031224e+02,1.001547014524227706e+02,6.480199851081080453e+01,5.532879731207312091e+01,5.118785899266529782e+01,5.602661414083978286e+01,7.216995139845985818e+01
1.200000000000000000e+02,1.200000000000000000e+02,1.200000000000000000e+02,1.200000000000000000e+02,1.200000000000000000e+02,1.200000000000000000e+02,1.200000000000000000e+02,1.200000000000000000e+02,1.200000000000000000e+02,1.200000000000000000e+02,1.356261616177260976e+01,7.477104690819315636e+01,3.062131720719205319e+01,9.373018854697980373e+01,9.768389189654490679e+01,1.023163626334505949e+02,1.046275439691561928e+02,1.041803811630992413e+02,1.038346985175282668e+02,1.002428156166176905e+02,6.468214677481732622e+01,5.498251957302554871e+01,5.112705700257657071e+01,5.599620840232763186e+01,7.223794083329046600e+01
1.200000000000000000e+02,1.200000000000000000e+02,1.200000000000000000e+02,1.200000000000000000e+02,1.200000000000000000e+02,1.200000000000000000e+02,1.200000000000000000e+02,1.200000000000000000e+02,1.200000000000000000e+02,1.200000000000000000e+02,7.975961766007038989e+01,8.222542468364343904e+01,5.151686292463234729e+00,9.544390015023887486e+01,9.798858649638729901e+01,1.004509679715082342e+02,1.034309232988219946e+02,1.047352193559000142e+02,1.039745679240294152e+02,1.005272162133972671e+02,6.497410690210060125e+01,5.496820060928315854e+01,5.086666234669279874e+01,5.593082320055317069e+01,7.222933564759443925e+01
1.200000000000000000e+02,1.200000000000000000e+02,1.200000000000000000e+02,1.200000000000000000e+02,1.200000000000000000e+02,1.200000000000000000e+02,1.200000000000000000e+02,1.200000000000000000e+02,1.200000000000000000e+02,1.200000000000000000e+02,7.445103346868738470e+01,6.795181401694098088e-03,4.302358758448850296e+00,9.560279438309625277e+01,9.991995693413309709e+01,1.003387638879292183e+02,1.019959381008261232e+02,1.039716074188584969e+02,1.044710096976638880e+02,1.005278524916833902e+02,6.519015728153161149e+01,5.527749375952825517e+01,5.082580686160988392e+01,5.575742882849098692e+01,7.218719672764686379e+01
1.200000000000000000e+02,1.200000000000000000e+02,1.200000000000000000e+02,1.200000000000000000e+02,1.200000000000000000e+02,1.200000000000000000e+02,1.200000000000000000e+02,1.200000000000000000e+02,1.200000000000000000e+02,1.200000000000000000e+02,7.428945520219706111e+01,6.317519732683316534e-03,2.091026475910783944e+01,9.668900146233272608e+01,1.006929470137873750e+02,1.018354602821707715e+02,1.017841124545857099e+02,1.029042091320189201e+02,1.039971601994284498e+02,1.009811811170473419e+02,6.499279349700596242e+01,5.539176051587013205e+01,5.103592258205878807e+01,5.571815422021467867e+01,7.207592107350426147e+01
1.200000000000000000e+02,1.200000000000000000e+02,1.200000000000000000e+02,1.200000000000000000e+02,1.200000000000000000e+02,1.200000000000000000e+02,1.200000000000000000e+02,1.200000000000000000e+02,1.200000000000000000e+02,1.200000000000000000e+02,1.022288990284471802e-02,8.991338994347567587e-03,4.141177714956559441e+01,9.546021434903951786e+01,1.019847346540436348e+02,1.024598193183255290e+02,1.028420737421531044e+02,1.027057138767850546e+02,1.032149528052738674e+02,1.007715831468698440e+02,6.554659857981994264e+01,5.514932451892992304e+01,5.111040700724839070e+01,5.584652314157111164e+01,7.206513807085759993e+01
1.200000000000000000e+02,1.200000000000000000e+02,1.200000000000000000e+02,1.200000000000000000e+02,1.200000000000000000e+02,1.200000000000000000e+02,1.200000000000000000e+02,1.200000000000000000e+02,1.200000000000000000e+02,1.200000000000000000e+02,8.457458173259347234e+01,7.393494923230817051e+01,4.648765934312393711e+01,9.335105625271863516e+01,1.015777627552645441e+02,1.036199678015099579e+02,1.032219844982318477e+02,1.034118053868771767e+02,1.030660741107627416e+02,1.001833053626033916e+02,6.557300247084901912e+01,5.534536193062463383e+01,5.092207937637969195e+01,5.588684870761312595e+01,7.215623899245518658e+01
1.200000000000000000e+02,1.200000000000000000e+02,1.200000000000000000e+02,1.200000000000000000e+02,1.200000000000000000e+02,1.200000000000000000e+02,1.200000000000000000e+02,1.200000000000000000e+02,1.200000000000000000e+02,1.200000000000000000e+02,8.406004391409193488e+01,7.268406272103707977e+01,1.273292293183551216e+01,9.183835820425115060e+01,1.000107212216796455e+02,1.035649988462906776e+02,1.042186112963132985e+02,1.035712744311969260e+02,1.035131040646086689e+02,1.000686511716829301e+02,6.491869217885509613e+01,5.545608354660348027e+01,5.093499735861039568e+01,5.575657084578192979e+01,7.217745022472105632e+01
1.200000000000000000e+02,1.200000000000000000e+02,1.200000000000000000e+02,1.200000000000000000e+02,1.200000000000000000e+02,1.200000000000000000e+02,1.200000000000000000e+02,1.200000000000000000e+02,1.200000000000000000e+02,1.200000000000000000e+02,7.966583113335744606e-03,7.542353630466450909e+01,5.517977217901337030e-03,9.307652816314282518e+01,9.827752981112381292e+01,1.024953681660419420e+02,1.043420989278913424e+02,1.044107112142478542e+02,1.035026460383115534e+02,1.003384853057543467e+02,6.477333682454163011e+01,5.517386958672047115e+01,5.098084177307917031e+01,5.572709662075381232e+01,7.208885710170621053e+01
1.200000000000000000e+02,1.200000000000000000e+02,1.200000000000000000e+02,1.200000000000000000e+02,1.200000000000000000e+02,1.200000000000000000e+02,1.200000000000000000e+02,1.200000000000000000e+02,1.200000000000000000e+02,1.200000000000000000e+02,3.374256948650520421e-02,7.934626761316188492e+01,3.932790446842243139e-03,9.558742362808951043e+01,9.867609593927802791e+01,1.011079180348886126e+02,1.036213730919036635e+02,1.046199785405727170e+02,1.041983619098602674e+02,1.001824450566807201e+02,6.506856468040976438e+01,5.514581038487378351e+01,5.084321496850538580e+01,5.573162906158115248e+01,7.206606600472746038e+01
1.200000000000000000e+02,1.200000000000000000e+02,1.200000000000000000e+02,1.200000000000000000e+02,1.200000000000000000e+02,1.200000000000000000e+02,1.200000000000000000e+02,1.200000000000000000e+02,1.200000000000000000e+02,1.200000000000000000e+02,5.391675566615879767e+00,1.105537380548713734e-02,4.889394948007189275e-03,9.309752705686345564e+01,1.012726139617650034e+02,1.012378750162074397e+02,1.025982067731875986e+02,1.041399576436010364e+02,1.044435447514099025e+02,1.007103993215652622e+02,6.468588571889185346e+01,5.535845594745695308e+01,5.085177628632470714e+01,5.564026454327465387e+01,7.205840510411091770e+01
1.200000000000000000e+02,1.200000000000000000e+02,1.200000000000000000e+02,1.200000000000000000e+02,1.200000000000000000e+02,1.200000000000000000e+02,1.200000000000000000e+02,1.200000000000000000e+02,1.200000000000000000e+02,1.200000000000000000e+02,7.950692001611399462e+01,8.934479998456755112e+00,8.342559296549620740e+01,8.665962795196782054e+01,1.002222998762728423e+02,1.032649451851577140e+02,1.026377857565826872e+02,1.034324559503660055e+02,1.041262417393274404e+02,1.010328963786719356e+02,6.516067641946349909e+01,5.509040167352792139e+01,5.101338559553965268e+01,5.564673457425324443e+01,7.199814811326019992e+01
1.200000000000000000e+02,1.200000000000000000e+02,1.200000000000000000e+02,1.200000000000000000e+02,1.200000000000000000e+02,1.200000000000000000e+02,1.200000000000000000e+02,1.200000000000000000e+02,1.200000000000000000e+02,1.200000000000000000e+02,7.750616865477520889e+01,2.168306862385336806e-02,2.151994640654443514e-02,7.242983971548180477e+01,9.676959400077096518e+01,1.025643531710404659e+02,1.041542825794767140e+02,1.034493439698971855e+02,1.036725761678071365e+02,1.008394349851782010e+02,6.575010115185332893e+01,5.518384380056771477e+01,5.088784768091739608e+01,5.575741768226622241e+01,7.201379072419345562e+01
1.200000000000000000e+02,1.200000000000000000e+02,1.200000000000000000e+02,1.200000000000000000e+02,1.200000000000000000e+02,1.200000000000000000e+02,1.200000000000000000e+02,1.200000000000000000e+02,1.200000000000000000e+02,1.200000000000000000e+02,8.180714738251161577e+01,7.969728847352871526e+01,3.725048434442564810e-02,7.785371996602592048e+01,9.436124915450729134e+01,1.004671036121988124e+02,1.035570846040541966e+02,1.045652996977137121e+02,1.036974053752833953e+02,1.005815728869714860e+02,6.563514413673723880e+01,5.550868441100421080e+01,5.086375984646223714e+01,5.570079933196672783e+01,7.209039737312738794e+01
1.200000000000000000e+02,1.200000000000000000e+02,1.200000000000000000e+02,1.200000000000000000e+02,1.200000000000000000e+02,1.200000000000000000e+02,1.200000000000000000e+02,1.200000000000000000e+02,1.200000000000000000e+02,1.200000000000000000e+02,1.404731843617523443e-02,7.133816400894590970e+01,4.021042583509953916e-02,9.180319284958905257e+01,9.125390120838956420e+01,9.893492219605271032e+01,1.022202945213594205e+02,1.040056785434620110e+02,1.045099663656548472e+02,1.006542210078038266e+02,6.543779711398126153e+01,5.547602027927295154e+01,5.099501732772416318e+01,5.567091307418840529e+01,7.205557961343461670e+01
1.200000000000000000e+02,1.200000000000000000e+02,1.200000000000000000e+02,1.200000000000000000e+02,1.200000000000000000e+02,1.200000000000000000e+02,1.200000000000000000e+02,1.200000000000000000e+02,1.200000000000000000e+02,1.200000000000000000e+02,1.238445715527132229e+01,6.828425327629444354e-03,1.758560600948486791e-02,1.017867897721579453e+02,9.723671319862164353e+01,9.671127946767381900e+01,1.012696357130734697e+02,1.031518672948478610e+02,1.039820310217697568e+02,1.012575640302159456e+02,6.568550538031283281e+01,5.541290724114279698e+01,5.095065300021590815e+01,5.572800072865045706e+01,7.204110399122815522e+01
1.200000000000000000e+02,1.200000000000000000e+02,1.200000000000000000e+02,1.200000000000000000e+02,1.200000000000000000e+02,1.200000000000000000e+02,1.200000000000000000e+02,1.200000000000000000e+02,1.200000000000000000e+02,1.200000000000000000e+02,8.335412954638471206e+01,7.973451642269289152e+01,7.900131374938354156e+01,1.050399879910329162e+02,1.027357075150073058e+02,9.980108912697113510e+01,9.953279838889518771e+01,1.025942029932661939e+02,1.034520079753817612e+02,1.007923068406829969e+02,6.650102030491002836e+01,5.567255864987811265e+01,5.089297389129661298e+01,5.567738999306727976e+01,7.206948877173419987e+01
1.200000000000000000e+02,1.200000000000000000e+02,1.200000000000000000e+02,1.200000000000000000e+02,1.200000000000000000e+02,1.200000000000000000e+02,1.200000000000000000e+02,1.200000000000000000e+02,1.200000000000000000e+02,1.200000000000000000e+02,7.675806489352737572e+01,1.372161337019358164e-03,7.907470297430697315e+01,7.408822862200533166e+01,1.061441309611026327e+02,1.030141319569774367e+02,1.012676967057602866e+02,1.011658354031548299e+02,1.031579862340801697e+02,1.004419264023575806e+02,6.592946378228619153e+01,5.620467920185328126e+01,5.105944809159088749e+01,5.561610071482254369e+01,7.202185452191750414e+01
1.200000000000000000e+02,1.200000000000000000e+02,1.200000000000000000e+02,1.200000000000000000e+02,1.200000000000000000e+02,1.200000000000000000e+02,1.200000000000000000e+02,1.200000000000000000e+02,1.200000000000000000e+02,1.200000000000000000e+02,7.580965725148712409e+01,1.931182572627923415e-03,3.696276444513841176e-03,4.084617243866532732e+01,1.036306170125577921e+02,1.057985458515713901e+02,1.031545673835638581e+02,1.021775427794993050e+02,1.019447859215018042e+02,1.003606175442712640e+02,6.548490188663154754e+01,5.593146853915650496e+01,5.136850303491616643e+01,5.570176325246641369e+01,7.197619303956992098e+01
1.200000000000000000e+02,1.200000000000000000e+02,1.200000000000000000e+02,1.200000000000000000e+02,1.200000000000000000e+02,1.200000000000000000e+02,1.200000000000000000e+02,1.200000000000000000e+02,1.200000000000000000e+02,1.200000000000000000e+02,7.969759406295632687e+01,7.692589635054490316e+01,2.234832179635821373e-03,5.490170316132235229e+01,9.354484854223957768e+01,1.052665420842761819e+02,1.052704731555020601e+02,1.032432518096081822e+02,1.025308495836627571e+02,9.928700624163658972e+01,6.564789401415391978e+01,5.568995970981211485e+01,5.123853302044662428e+01,5.586217306802259941e+01,7.202603948016404445e+01
1.200000000000000000e+02,1.200000000000000000e+02,1.200000000000000000e+02,1.200000000000000000e+02,1.200000000000000000e+02,1.200000000000000000e+02,1.200000000000000000e+02,1.200000000000000000e+02,1.200000000000000000e+02,1.200000000000000000e+02,7.329168208014880115e-03,7.001851927467991743e+01,2.062872308221698914e-03,7.526203895031450486e+01,9.077834572703535798e+01,9.991655518710425099e+01,1.055892869558482943e+02,1.047695957563182532e+02,1.030819842920314784e+02,9.946304316193740647e+01,6.429634275216440642e+01,5.598835026265132342e+01,5.110094620570951207e+01,5.576837135016011615e+01,7.210839268095030263e+01
1.200000000000000000e+02,1.200000000000000000e+02,1.200000000000000000e+02,1.200000000000000000e+02,1.200000000000000000e+02,1.200000000000000000e+02,1.200000000000000000e+02,1.200000000000000000e+02,1.200000000000000000e+02,1.200000000000000000e+02,9.287539449454140339e+00,7.275695130743557115e+01,3.605057732480299124e-03,9.376167972501336578e+01,9.444503412738454529e+01,9.830925559193497065e+01,1.026285920079396874e+02,1.054533624149681970e+02,1.041218066646857920e+02,9.970246308077254582e+01,6.399351271432967536e+01,5.543043834394129732e+01,5.135570694490422738e+01,5.567154438608052658e+01,7.202242190412717093e+01
1.200000000000000000e+02,1.200000000000000000e+02,1.200000000000000000e+02,1.200000000000000000e+02,1.200000000000000000e+02,1.200000000000000000e+02,1.200000000000000000e+02,1.200000000000000000e+02,1.200000000000000000e+02,1.200000000000000000e+02,8.399596038681816879e+01,8.182454856942116805e+01,7.855542606443619036e+01,1.000867343509131757e+02,9.871902835184559422e+01,9.917282804924629147e+01,1.016694690670706365e+02,1.038649516312203218e+02,1.049250352499090013e+02,1.003004779233745722e+02,6.398377688931459772e+01,5.511276785034476688e+01,5.123509078784625359e+01,5.584155104951813087e+01,7.195546371656325846e+01
1.200000000000000000e+02,1.200000000000000000e+02,1.200000000000000000e+02,1.200000000000000000e+02,1.200000000000000000e+02,1.200000000000000000e+02,1.200000000000000000e+02,1.200000000000000000e+02,1.200000000000000000e+02,1.200000000000000000e+02,7.764733626320608550e+01,8.992578025364967687e+01,7.694391992322205454e+01,7.270670199493785901e+01,1.022921492305293185e+02,1.008530035654774792e+02,1.015520339479509744e+02,1.033441734137764882e+02,1.041677448682905691e+02,1.011123425048070317e+02,6.427192266921920805e+01,5.496988204194513372e+01,5.111623402700617902e+01,5.584483093792999142e+01,7.206699979944848167e+01
1.200000000000000000e+02,1.200000000000000000e+02,1.200000000000000000e+02,1.200000000000000000e+02,1.200000000000000000e+02,1.200000000000000000e+02,1.200000000000000000e+02,1.200000000000000000e+02,1.200000000000000000e+02,1.200000000000000000e+02,4.142897023470758743e-03,8.937806803469891292e+01,5.285235705953629862e-03,3.828709169464741535e+01,1.011580610751632463e+02,1.030140435138870458e+02,1.020801767374683777e+02,1.028761982159290369e+02,1.039512207849598298e+02,1.009447616412071511e+02,6.525627852734773171e+01,5.483047063487529016e+01,5.107750270707828122e+01,5.583234134543843652e+01,7.207693489286101851e+01
1.200000000000000000e+02,1.200000000000000000e+02,1.200000000000000000e+02,1.200000000000000000e+02,1.200000000000000000e+02,1.200000000000000000e+02,1.200000000000000000e+02,1.200000000000000000e+02,1.200000000000000000e+02,1.200000000000000000e+02,5.979371786917927339e-03,8.343931116834357908e+01,5.498253806735322463e-03,3.271095673815631955e+01,9.073901875916550352e+01,1.030587669937924744e+02,1.034008339369284073e+02,1.028529839912278447e+02,1.033998949478920224e+02,1.009558635480636894e+02,6.560809700980682635e+01,5.510725745959548760e+01,5.094487084912112351e+01,5.587811672899793791e+01,7.209867669312146177e+01
1.200000000000000000e+02,1.200000000000000000e+02,1.200000000000000000e+02,1.200000000000000000e+02,1.200000000000000000e+02,1.200000000000000000e+02,1.200000000000000000e+02,1.200000000000000000e+02,1.200000000000000000e+02,1.200000000000000000e+02,8.276889034775437892e+01,8.420505352620786255e+01,8.718653924286478230e+01,3.482473252949012732e+01,8.836803218481180977e+01,9.766729146154109742e+01,1.037545107889756366e+02,1.036545439532416566e+02,1.031245086401066970e+02,1.004851933429019795e+02,6.600381671441482467e+01,5.537507759199632318e+01,5.094192066542507291e+01,5.583746739891000743e+01,7.215640477073185366e+01
1.200000000000000000e+02,1.200000000000000000e+02,1.200000000000000000e+02,1.200000000000000000e+02,1.200000000000000000e+02,1.200000000000000000e+02,1.200000000000000000e+02,1.200000000000000000e+02,1.200000000000000000e+02,1.200000000000000000e+02,8.154077162753274877e+01,2.137063390923633552e-03,8.169699302709510391e+01,1.234317356091664131e+01,9.283115711552605376e+01,9.643522327196707522e+01,1.007055779818573313e+02,1.040255314250512697e+02,1.036042371732624900e+02,1.000850688004908164e+02,6.558139101487894607e+01,5.575900464915200416e+01,5.100975276067700293e+01,5.581343682137136142e+01,7.214988406974048019e+01
1.200000000000000000e+02,1.200000000000000000e+02,1.200000000000000000e+02,1.200000000000000000e+02,1.200000000000000000e+02,1.200000000000000000e+02,1.200000000000000000e+02,1.200000000000000000e+02,1.200000000000000000e+02,1.200000000000000000e+02,8.416478532666243950e+01,8.663047700915625171e+01,8.594537537905698343e+01,1.080317475345616944e-02,9.563864610925504905e+01,9.853243121876037947e+01,1.000620769350267381e+02,1.022202588121138405e+02,1.038982799937224399e+02,1.003604362046527854e+02,6.490202243983101482e+01,5.570424044039017275e+01,5.119507090642503755e+01,5.582013688340554580e+01,7.214206637851007997e+01
1.200000000000000000e+02,1.200000000000000000e+02,1.200000000000000000e+02,1.200000000000000000e+02,1.200000000000000000e+02,1.200000000000000000e+02,1.200000000000000000e+02,1.200000000000000000e+02,1.200000000000000000e+02,1.200000000000000000e+02,4.164656306305878318e-03,7.835879876196011651e+01,6.120997607190702648e-03,7.057177180301223152e-03,9.526678234273863666e+01,9.985937584778750420e+01,1.010629892288075666e+02,1.019336499965958041e+02,1.027938380345359803e+02,1.005784606905046701e+02,6.507893259310434075e+01,5.535411314433227403e+01,5.120599967477942727e+01,5.588937004838388134e+01,7.213868104540956949e+01
1.200000000000000000e+02,1.200000000000000000e+02,1.200000000000000000e+02,1.200000000000000000e+02,1.200000000000000000e+02,1.200000000000000000e+02,1.200000000000000000e+02,1.200000000000000000e+02,1.200000000000000000e+02,1.200000000000000000e+02,4.059656184982144214e-03,3.099950452470540824e-03,5.436886997170636143e-03,1.531294776125054380e+00,9.230765187680434281e+01,1.008235731805498148e+02,1.015737229226744347e+02,1.023807639900989699e+02,1.027233610826736196e+02,9.985619381085054158e+01,6.533458480304727800e+01,5.541786681256055402e+01,5.104829473206662271e+01,5.587702331481096252e+01,7.216569920236165103e+01
1.200000000000000000e+02,1.200000000000000000e+02,1.200000000000000000e+02,1.200000000000000000e+02,1.200000000000000000e+02,1.200000000000000000e+02,1.200000000000000000e+02,1.200000000000000000e+02,1.200000000000000000e+02,1.200000000000000000e+02,9.506809384099220495e+00,8.343893301105457283e+01,8.151197617242529248e+01,2.586780196764375717e+01,9.020319920662862501e+01,9.977386865125052395e+01,1.026548012747445853e+02,1.024329639539916172e+02,1.028745990931575278e+02,9.985543970520393486e+01,6.456397568505423123e+01,5.555919931633009412e+01,5.109329649855721556e+01,5.578217441031772239e+01,7.213737410843417308e+01
1.200000000000000000e+02,1.200000000000000000e+02,1.200000000000000000e+02,1.200000000000000000e+02,1.200000000000000000e+02,1.200000000000000000e+02,1.200000000000000000e+02,1.200000000000000000e+02,1.200000000000000000e+02,1.200000000000000000e+02,8.112804785487705317e+01,8.408106309673136769e-01,7.749648060940879191e+01,1.397163126805947719e+01,9.408940440534951222e+01,9.846351211243795376e+01,1.022722381086427248e+02,1.034165379736899837e+02,1.026666984109347993e+02,9.986000974070047675e+01,6.457938862012258596e+01,5.519488682954052905e+01,5.118805503076035279e+01,5.581161645029533247e+01,7.207091180638852279e+01
1.200000000000000000e+02,1.200000000000000000e+02,1.200000000000000000e+02,1.200000000000000000e+02,1.200000000000000000e+02,1.200000000000000000e+02,1.200000000000000000e+02,1.200000000000000000e+02,1.200000000000000000e+02,1.200000000000000000e+02,7.662705648752985610e+01,1.784867626326301249e+01,7.965397937823155416e+01,4.155532333784750509e-01,9.301764970833818325e+01,1.003879726471496667e+02,1.014443489619401930e+02,1.033070040029345620e+02,1.035116261995149074e+02,9.944271180508846442e+01,6.455054384927572642e+01,5.525068341353741630e+01,5.103313991653004678e+01,5.587328190230682878e+01,7.209474110791286705e+01
1.200000000000000000e+02,1.200000000000000000e+02,1.200000000000000000e+02,1.200000000000000000e+02,1.200000000000000000e+02,1.200000000000000000e+02,1.200000000000000000e+02,1.200000000000000000e+02,1.200000000000000000e+02,1.200000000000000000e+02,4.242614953719066849e-03,8.453395901175426275e+01,9.081932236065794939e+01,7.590283533392496590e-03,9.274464932863992317e+01,9.919512337574894900e+01,1.026925777844857919e+02,1.027709553938610156e+02,1.035141116105122876e+02,1.000909093470449989e+02,6.368242805468096179e+01,5.531277517381526110e+01,5.110421046507310905e+01,5.579979840225023935e+01,7.213269358340900794e+01
1.200000000000000000e+02,1.200000000000000000e+02,1.200000000000000000e+02,1.200000000000000000e+02,1.200000000000000000e+02,1.200000000000000000e+02,1.200000000000000000e+02,1.200000000000000000e+02,1.200000000000000000e+02,1.200000000000000000e+02,7.103570353412499809e-03,7.380089109933504687e+01,1.846806258820879107e-02,6.746728858340073076e-03,9.199770485045047508e+01,9.950587681144904195e+01,1.015963135051361093e+02,1.037255887136133055e+02,1.031499331575650302e+02,1.002019350260898847e+02,6.422446697392645376e+01,5.472623653944719280e+01,5.122649021018392546e+01,5.586446688555005124e+01,7.209055695213940851e+01
1.200000000000000000e+02,1.200000000000000000e+02,1.200000000000000000e+02,1.200000000000000000e+02,1.200000000000000000e+02,1.200000000000000000e+02,1.200000000000000000e+02,1.200000000000000000e+02,1.200000000000000000e+02,1.200000000000000000e+02,8.557391185401961309e+01,7.513680185890332552e+01,9.087401665761860592e-01,1.943272172409140808e+01,9.077448539931054938e+01,9.955258326408370806e+01,1.020186037797432448e+02,1.027430387900623998e+02,1.039500072806902438e+02,9.989452316126083531e+01,6.451914386408877533e+01,5.481995667205742961e+01,5.095211211842318022e+01,5.598361659758265318e+01,7.214864862999776562e+01
1.200000000000000000e+02,1.200000000000000000e+02,1.200000000000000000e+02,1.200000000000000000e+02,1.200000000000000000e+02,1.200000000000000000e+02,1.200000000000000000e+02,1.200000000000000000e+02,1.200000000000000000e+02,1.200000000000000000e+02,8.102208587771700365e+01,8.284344208526664488e+01,8.363888723575632866e+01,1.832348074942945004e+01,9.042963891595375969e+01,9.866231920104539199e+01,1.022388939645028216e+02,1.031831182326479421e+02,1.030916034221478412e+02,1.005840870464779044e+02,6.407986520401375685e+01,5.498858713107704688e+01,5.094660592330496485e+01,5.587300386681868503e+01,7.223356094659595783e+01
1.200000000000000000e+02,1.200000000000000000e+02,1.200000000000000000e+02,1.200000000000000000e+02,1.200000000000000000e+02,1.200000000000000000e+02,1.200000000000000000e+02,1.200000000000000000e+02,1.200000000000000000e+02,1.200000000000000000e+02,8.000398510262502327e+01,8.550009078908553306e+01,7.601236488968208960e+01,9.423001515205779374e-03,9.010723048041771222e+01,9.834557958560533564e+01,1.015153431348686155e+02,1.034484265030489496e+02,1.035106293783558016e+02,9.993672377303832377e+01,6.491042872030041622e+01,5.468762759471378843e+01,5.104291692436868288e+01,5.588688927799431383e+01,7.217602181890441670e+01
1.200000000000000000e+02,1.200000000000000000e+02,1.200000000000000000e+02,1.200000000000000000e+02,1.200000000000000000e+02,1.200000000000000000e+02,1.200000000000000000e+02,1.200000000000000000e+02,1.200000000000000000e+02,1.200000000000000000e+02,7.866453582075631432e-03,8.329012850959169612e+01,7.655629002145805373e+01,3.499402564858069588e-03,9.579811029509728826e+01,9.749832728586000030e+01,1.013091751031176386e+02,1.028153098335394589e+02,1.037883097521290239e+02,1.002340612440947183e+02,6.429038693372910984e+01,5.504200486764980838e+01,5.086693907260172409e+01,5.596915450678710613e+01,7.220753543913325245e+01
1.200000000000000000e+02,1.200000000000000000e+02,1.200000000000000000e+02,1.200000000000000000e+02,1.200000000000000000e+02,1.200000000000000000e+02,1.200000000000000000e+02,1.200000000000000000e+02,1.200000000000000000e+02,1.200000000000000000e+02,4.179473936706150534e-03,7.993713495978228423e+01,8.083500149151367964e+01,2.594055756356387302e-03,1.003307812619795101e+02,1.004812799363460272e+02,1.005011592791312012e+02,1.027190260126925949e+02,1.032169710544409895e+02,1.005920147864346177e+02,6.450873914559461753e+01,5.478423642198808352e+01,5.098091311712425266e+01,5.588037001065153220e+01,7.226731185766222154e+01
1.200000000000000000e+02,1.200000000000000000e+02,1.200000000000000000e+02,1.200000000000000000e+02,1.200000000000000000e+02,1.200000000000000000e+02,1.200000000000000000e+02,1.200000000000000000e+02,1.200000000000000000e+02,1.200000000000000000e+02,8.522868968343996698e+01,8.086437180409195946e+01,8.176645198499923595e+01,7.983529776787926835e+01,9.682762428863972559e+01,1.038170001223586212e+02,1.023340505165792962e+02,1.020234135105328335e+02,1.032070589363537323e+02,1.000810522209340689e+02,6.518037069493016133e+01,5.481504082198540573e+01,5.086320954147867468e+01,5.592661922885623937e+01,7.221565982980342824e+01
1.200000000000000000e+02,1.200000000000000000e+02,1.200000000000000000e+02,1.200000000000000000e+02,1.200000000000000000e+02,1.200000000000000000e+02,1.200000000000000000e+02,1.200000000000000000e+02,1.200000000000000000e+02,1.200000000000000000e+02,8.096390986527981681e+01,3.650278031464880037e-03,8.326631294804356287e+01,7.892800816544682618e+01,7.930715586322563126e+01,1.028180223372269069e+02,1.047501298281677435e+02,1.032300075500466505e+02,1.026340331961125543e+02,1.000764546014006839e+02,6.458838968694493587e+01,5.525180650407006766e+01,5.083185316934233811e+01,5.586851094791283856e+01,7.225064078106062482e+01
1.200000000000000000e+02,1.200000000000000000e+02,1.200000000000000000e+02,1.200000000000000000e+02,1.200000000000000000e+02,1.200000000000000000e+02,1.200000000000000000e+02,1.200000000000000000e+02,1.200000000000000000e+02,1.200000000000000000e+02,8.193071594125242996e+01,8.413431755256206657e+01,8.454841648979733293e+01,8.479318357991760990e+01,4.828038861493790534e+01,9.813547310015013636e+01,1.044613765524501758e+02,1.049998745476800224e+02,1.034435412317941712e+02,9.966624141426153471e+01,6.448171299599682982e+01,5.499248248391725724e+01,5.105551256819415329e+01,5.583519318649159402e+01,7.220970044124524634e+01
1.200000000000000000e+02,1.200000000000000000e+02,1.200000000000000000e+02,1.200000000000000000e+02,1.200000000000000000e+02,1.200000000000000000e+02,1.200000000000000000e+02,1.200000000000000000e+02,1.200000000000000000e+02,1.200000000000000000e+02,1.087826221043245410e-02,7.654252058369191047e+01,8.951565984263133657e+01,5.057247418728386991e-03,9.937194103059887595e+00,8.600629479624821272e+01,1.017777156603847999e+02,1.049482460264148642e+02,1.047504793455284329e+02,1.001526383897929122e+02,6.409092481452958623e+01,5.487911570933442817e+01,5.094304199560227175e+01,5.595042530491572563e+01,7.219357109077932932e+01
1.200000000000000000e+02,1.200000000000000000e+02,1.200000000000000000e+02,1.200000000000000000e+02,1.200000000000000000e+02,1.200000000000000000e+02,1.200000000000000000e+02,1.200000000000000000e+02,1.200000000000000000e+02,1.200000000000000000e+02,7.524797966791199055e-01,3.320220837538265333e-03,8.712722513345673292e+01,4.377022050645315576e-03,2.943978438477565587e-02,8.549130935135426057e+01,9.386942144199809945e+01,1.033823382240879454e+02,1.047778010690916091e+02,1.011512088563591760e+02,6.450116462926477823e+01,5.475925056953587955e+01,5.085210766259372406e+01,5.588398904602669859e+01,7.226260517331127176e+01
1.200000000000000000e+02,1.200000000000000000e+02,1.200000000000000000e+02,1.200000000000000000e+02,1.200000000000000000e+02,1.200000000000000000e+02,1.200000000000000000e+02,1.200000000000000000e+02,1.200000000000000000e+02,1.200000000000000000e+02,1.008300583920331561e-01,8.246209947339977475e+01,8.414934065375126693e+01,1.834510668403111638e-03,2.398511512404797941e+01,9.160616796154300800e+01,9.404346471863522083e+01,9.800128799002176549e+01,1.039035175623296965e+02,1.012561629828894638e+02,6.568147814735908696e+01,5.494722275476086537e+01,5.083651273691939565e+01,5.581612661626288485e+01,7.220854275008356637e+01
1.200000000000000000e+02,1.200000000000000000e+02,1.200000000000000000e+02,1.200000000000000000e+02,1.200000000000000000e+02,1.200000000000000000e+02,1.200000000000000000e+02,1.200000000000000000e+02,1.200000000000000000e+02,1.200000000000000000e+02,8.137977868540393445e+01,1.420636711306403656e-02,2.712215553842125832e-03,8.027327665918748778e+01,3.071879111608482305e+01,9.845214450222677272e+01,9.795881303702482512e+01,9.838204691909245980e+01,1.001685134553859768e+02,1.008498308305711504e+02,6.594287559216903105e+01,5.549778945905215011e+01,5.095396242617826488e+01,5.582721417399393715e+01,7.216790040292502795e+01
1.200000000000000000e+02,1.200000000000000000e+02,1.200000000000000000e+02,1.200000000000000000e+02,1.200000000000000000e+02,1.200000000000000000e+02,1.200000000000000000e+02,1.200000000000000000e+02,1.200000000000000000e+02,1.200000000000000000e+02,7.569582301649376177e+01,6.430657981003840007e-03,1.344577508985721082e+01,7.801389387671503073e+01,7.784451169280289129e+00,9.752100963014987656e+01,1.015093719067131417e+02,1.005954620557004517e+02,1.005702767282308940e+02,9.828813284694429342e+01,6.577001966025115109e+01,5.558957664578117885e+01,5.119283559537372952e+01,5.590799241583465573e+01,7.218347610342773635e+01
1.200000000000000000e+02,1.200000000000000000e+02,1.200000000000000000e+02,1.200000000000000000e+02,1.200000000000000000e+02,1.200000000000000000e+02,1.200000000000000000e+02,1.200000000000000000e+02,1.200000000000000000e+02,1.200000000000000000e+02,6.231093109104524075e-03,5.504165984297810892e-03,4.483087696765638341e+00,3.229160683088088714e-03,6.041842725235346129e-03,9.463849793026811597e+01,1.015672984964241721e+02,1.024474643569985091e+02,1.017142767802295253e+02,9.847214534158631238e+01,6.321350150931956335e+01,5.556676716642498803e+01,5.115886371193612092e+01,5.602011171917799004e+01,7.224125001175903549e+01
1.200000000000000000e+02,1.200000000000000000e+02,1.200000000000000000e+02,1.200000000000000000e+02,1.200000000000000000e+02,1.200000000000000000e+02,1.200000000000000000e+02,1.200000000000000000e+02,1.200000000000000000e+02,1.200000000000000000e+02,5.593945500787649537e-03,5.796957971650674134e-03,9.031747059236252539e+01,5.161104682692033707e-01,3.041250650048974880e+00,9.372051566050926397e+01,1.003335499228443837e+02,1.027254770364500587e+02,1.025684629681514792e+02,9.895757207123629939e+01,6.326592189250239073e+01,5.461499925327892413e+01,5.108162847600718237e+01,5.594812310482181061e+01,7.229919260332214037e+01
1.200000000000000000e+02,1.200000000000000000e+02,1.200000000000000000e+02,1.200000000000000000e+02,1.200000000000000000e+02,1.200000000000000000e+02,1.200000000000000000e+02,1.200000000000000000e+02,1.200000000000000000e+02,1.200000000000000000e+02,8.357282387211570551e+01,7.196243791770783105e+01,2.775865633780181738e-03,4.653018293404959316e+00,4.120779353732436334e+01,9.334804564895787848e+01,1.007407513288734151e+02,1.023257306209105622e+02,1.028569058999729862e+02,9.902224143833785774e+01,6.356590770792758605e+01,5.488223998690336458e+01,5.076124712775408909e+01,5.584351245169290223e+01,7.222116795962968183e+01
1.200000000000000000e+02,1.200000000000000000e+02,1.200000000000000000e+02,1.200000000000000000e+02,1.200000000000000000e+02,1.200000000000000000e+02,1.200000000000000000e+02,1.200000000000000000e+02,1.200000000000000000e+02,1.200000000000000000e+02,8.070200703098757344e+01,7.186952724304130413e+01,1.364216381022531578e-03,1.771444620771313316e-03,6.346746256285669574e+01,9.658507665247681473e+01,1.004127361641817515e+02,1.031161762877868000e+02,1.028877289251053213e+02,9.917718726183403533e+01,6.280129142384498664e+01,5.517064107955932428e+01,5.112467710062718140e+01,5.570503430041713244e+01,7.212961061368868343e+01
1.200000000000000000e+02,1.200000000000000000e+02,1.200000000000000000e+02,1.200000000000000000e+02,1.200000000000000000e+02,1.200000000000000000e+02,1.200000000000000000e+02,1.200000000000000000e+02,1.200000000000000000e+02,1.200000000000000000e+02,7.997916401188663826e+01,7.354792246774410103e+01,1.222317126994808007e-03,2.425309606572263396e-03,8.347496170170069263e+01,9.316340005999488483e+01,1.019695908912308653e+02,1.028285239452059159e+02,1.037774339362748321e+02,9.947748236990865678e+01,6.245189233530255990e+01,5.442411554845279653e+01,5.150941870182085580e+01,5.600682703348532243e+01,7.205335890550790623e+01
1.200000000000000000e+02,1.200000000000000000e+02,1.200000000000000000e+02,1.200000000000000000e+02,1.200000000000000000e+02,1.200000000000000000e+02,1.200000000000000000e+02,1.200000000000000000e+02,1.200000000000000000e+02,1.200000000000000000e+02,6.602609367413395450e-03,7.578972305729334380e+01,1.523674555610420771e-03,2.855420811770406110e-03,9.500342477913362416e+01,9.474505143345658098e+01,9.919891642855043301e+01,1.038010104396631874e+02,1.035419832854748563e+02,1.003735815184356284e+02,6.295142953485275683e+01,5.379261328798017416e+01,5.114880123271221635e+01,5.634567568665138992e+01,7.228998553378008296e+01
1.200000000000000000e+02,1.200000000000000000e+02,1.200000000000000000e+02,1.200000000000000000e+02,1.200000000000000000e+02,1.200000000000000000e+02,1.200000000000000000e+02,1.200000000000000000e+02,1.200000000000000000e+02,1.200000000000000000e+02,1.270897058414024137e-02,7.699712188583184513e+01,7.097032074619795594e+01,2.892411930457348002e-03,9.794624001252776679e+01,9.919811682102643147e+01,9.897822838940078327e+01,1.016642040618015272e+02,1.042642082548398861e+02,1.002348156628419673e+02,6.429561712366786708e+01,5.394384379293206422e+01,5.070105492756828625e+01,5.621387684246036542e+01,7.252374504193284110e+01
1.200000000000000000e+02,1.200000000000000000e+02,1.200000000000000000e+02,1.200000000000000000e+02,1.200000000000000000e+02,1.200000000000000000e+02,1.200000000000000000e+02,1.200000000000000000e+02,1.200000000000000000e+02,1.200000000000000000e+02,8.072755955871700451e+01,8.049811711079813392e+01,6.840132673108165307e+01,3.335296844466236702e-03,9.750982433510340286e+01,1.016597187841658467e+02,1.012009753584517142e+02,1.011098101535220621e+02,1.026224780181315452e+02,1.008256337265295599e+02,6.429063320490983813e+01,5.468061511118924045e+01,5.073754810876204857e+01,5.599685883300044509e+01,7.245158279931719392e+01
1.200000000000000000e+02,1.200000000000000000e+02,1.200000000000000000e+02,1.200000000000000000e+02,1.200000000000000000e+02,1.200000000000000000e+02,1.200000000000000000e+02,1.200000000000000000e+02,1.200000000000000000e+02,1.200000000000000000e+02,7.687535692137079479e+01,8.325625006308044362e+01,7.088671322501174643e+01,8.369720857731914521e+01,9.710920501851273912e+01,1.024090847399163522e+02,1.027829942882428895e+02,1.023565560956462122e+02,1.020565441677746037e+02,9.971102438298670734e+01,6.500598816199445196e+01,5.467198894410849164e+01,5.110570441660198071e+01,5.606724728098880206e+01,7.234476897636724857e+01
1.200000000000000000e+02,1.200000000000000000e+02,1.200000000000000000e+02,1.200000000000000000e+02,1.200000000000000000e+02,1.200000000000000000e+02,1.200000000000000000e+02,1.200000000000000000e+02,1.200000000000000000e+02,1.200000000000000000e+02,7.776369234769357774e+01,7.928656180573581480e+01,7.599171225544262143e+01,7.917178944094763438e+01,7.199083166315276117e+01,1.027893132092715263e+02,1.037131433979644868e+02,1.032521465152003941e+02,1.028046927010960729e+02,9.914745539809965180e+01,6.401343802660795745e+01,5.493473725791909601e+01,5.105296104104366606e+01,5.629371200088026939e+01,7.242264206092222878e+01
1.200000000000000000e+02,1.200000000000000000e+02,1.200000000000000000e+02,1.200000000000000000e+02,1.200000000000000000e+02,1.200000000000000000e+02,1.200000000000000000e+02,1.200000000000000000e+02,1.200000000000000000e+02,1.200000000000000000e+02,7.725108073720752221e-03,7.439949595664819526e+01,7.913069433780015061e+01,2.852961683376091604e-03,4.147957442122451965e+01,1.010394703879725995e+02,1.044382203807034415e+02,1.040969140367496379e+02,1.032180837300042100e+02,9.963152170913589600e+01,6.318836164109816877e+01,5.455712712146292631e+01,5.105616616051900536e+01,5.624130662991215246e+01,7.257199958262988559e+01
1.200000000000000000e+02,1.200000000000000000e+02,1.200000000000000000e+02,1.200000000000000000e+02,1.200000000000000000e+02,1.200000000000000000e+02,1.200000000000000000e+02,1.200000000000000000e+02,1.200000000000000000e+02,1.200000000000000000e+02,1.471818379874604774e-02,7.277795153609446288e+01,7.878367127278504256e+01,3.328221067149003936e-03,4.260775702207742910e+01,9.027770498799563370e+01,1.036125746790998789e+02,1.049555718508419062e+02,1.039052673885594515e+02,9.972462776443468613e+01,6.366027977917508451e+01,5.414158539232108325e+01,5.085691835942063221e+01,5.617658743684994249e+01,7.252096392219004883e+01
1.200000000000000000e+02,1.200000000000000000e+02,1.200000000000000000e+02,1.200000000000000000e+02,1.200000000000000000e+02,1.200000000000000000e+02,1.200000000000000000e+02,1.200000000000000000e+02,1.200000000000000000e+02,1.200000000000000000e+02,8.880530196230733964e+01,8.277274945508449377e+01,8.386161064106271112e+01,9.264098499376387963e+01,3.884672553869428668e+01,8.717538619450606063e+01,9.745543511731476372e+01,1.046044392664455103e+02,1.047915097494323504e+02,1.001818085112385717e+02,6.353892215854023817e+01,5.440478012883557568e+01,5.065499778265980524e+01,5.604122851766752689e+01,7.245978805384906707e+01
1.200000000000000000e+02,1.200000000000000000e+02,1.200000000000000000e+02,1.200000000000000000e+02,1.200000000000000000e+02,1.200000000000000000e+02,1.200000000000000000e+02,1.200000000000000000e+02,1.200000000000000000e+02,1.200000000000000000e+02,8.235211992940240577e+01,8.996703015050219676e+01,8.662266360532800036e+01,8.508958005512744194e+01,6.984709147443913579e+00,9.097767339656617480e+01,9.566536002302294150e+01,1.007661516687331158e+02,1.047070305938789971e+02,1.011071801462449287e+02,6.377207145768960572e+01,5.425969582749085163e+01,5.081820462990530274e+01,5.592528248851102290e+01,7.235683205363923776e+01
1.200000000000000000e+02,1.200000000000000000e+02,1.200000000000000000e+02,1.200000000000000000e+02,1.200000000000000000e+02,1.200000000000000000e+02,1.200000000000000000e+02,1.200000000000000000e+02,1.200000000000000000e+02,1.200000000000000000e+02,8.158326864586165073e+01,8.983475474967900709e+01,9.065749215157886454e+01,8.846410110486091583e+01,5.009735130593722871e-03,9.532630335935570542e+01,9.705697725027987133e+01,9.968249554363885068e+01,1.022325509410216569e+02,1.012786789301823802e+02,6.509392057009536359e+01,5.411066056887913334e+01,5.074902125827001953e+01,5.602896285883957717e+01,7.229340279524882362e+01
1.200000000000000000e+02,1.200000000000000000e+02,1.200000000000000000e+02,1.200000000000000000e+02,1.200000000000000000e+02,1.200000000000000000e+02,1.200000000000000000e+02,1.200000000000000000e+02,1.200000000000000000e+02,1.200000000000000000e+02,8.654664910556017787e+01,8.594121357004044626e+01,9.021677612697008897e+01,3.740572963718914734e-03,3.492829532691709132e-03,9.733506951515413164e+01,9.934947304456918005e+01,1.000077957278263057e+02,1.015899616132139158e+02,9.969249001622927153e+01,6.576163278256335332e+01,5.470415664296135816e+01,5.054888967764003382e+01,5.600055824018308925e+01,7.237739422030260528e+01
1.200000000000000000e+02,1.200000000000000000e+02,1.200000000000000000e+02,1.200000000000000000e+02,1.200000000000000000e+02,1.200000000000000000e+02,1.200000000000000000e+02,1.200000000000000000e+02,1.200000000000000000e+02,1.200000000000000000e+02,9.806086212969997856e-03,8.467576961543673519e+01,8.823133766693719338e+01,4.681934669176520195e-03,1.031888636772623422e-02,9.367604191460010554e+01,1.018712496909489715e+02,1.011107626108707649e+02,1.014096260861326044e+02,9.929224731695740047e+01,6.433421769286078984e+01,5.516168685767693347e+01,5.072084243497548073e+01,5.585460086400548363e+01,7.236450482577689058e+01
1.200000000000000000e+02,1.200000000000000000e+02,1.200000000000000000e+02,1.200000000000000000e+02,1.200000000000000000e+02,1.200000000000000000e+02,1.200000000000000000e+02,1.200000000000000000e+02,1.200000000000000000e+02,1.200000000000000000e+02,9.524254802643329632e-03,8.799757359389030853e+01,9.036049953332229734e+01,9.062346215157998586e+01,1.731274108124699175e-03,8.775891439061722110e+01,1.005756899113277569e+02,1.032147727086110081e+02,1.018133797086844083e+02,9.889776620086739456e+01,6.403811055765096683e+01,5.465176937848858785e+01,5.088398708505281576e+01,5.589556101474795469e+01,7.227893507850838262e+01
1.200000000000000000e+02,1.200000000000000000e+02,1.200000000000000000e+02,1.200000000000000000e+02,1.200000000000000000e+02,1.200000000000000000e+02,1.200000000000000000e+02,1.200000000000000000e+02,1.200000000000000000e+02,1.200000000000000000e+02,9.412457112455773256e+01,9.300745333764835721e+01,9.061193655336263930e+01,8.291706884513999398e+01,1.179317692097938026e-03,8.960792855591634520e+01,9.738039729476804496e+01,1.026829138743507741e+02,1.034574788682057260e+02,9.873874035149711403e+01,6.351868507936801933e+01,5.475407233632797954e+01,5.063168553702622177e+01,5.592235690896547595e+01,7.230022822603370969e+01
1.200000000000000000e+02,1.200000000000000000e+02,1.200000000000000000e+02,1.200000000000000000e+02,1.200000000000000000e+02,1.200000000000000000e+02,1.200000000000000000e+02,1.200000000000000000e+02,1.200000000000000000e+02,1.200000000000000000e+02,5.704345924609440649e-03,9.874314308583542754e+01,9.250303971575704054e+01,8.240640926879939343e+01,1.046786559057133774e-03,9.491907749461306310e+01,9.807321522880502584e+01,1.008078024388791647e+02,1.032116440882618491e+02,9.992181378680356829e+01,6.270786936965773606e+01,5.473999810756198769e+01,5.077785358006475747e+01,5.573419857311321834e+01,7.228658519029659146e+01
1.200000000000000000e+02,1.200000000000000000e+02,1.200000000000000000e+02,1.200000000000000000e+02,1.200000000000000000e+02,1.200000000000000000e+02,1.200000000000000000e+02,1.200000000000000000e+02,1.200000000000000000e+02,1.200000000000000000e+02,1.108545554568888050e-02,9.566439375814046286e+01,9.350820860327227990e+01,8.662003673175061635e+01,1.049883832015463406e-03,9.540066105451739986e+01,1.005344746895296879e+02,1.012896746912349641e+02,1.020609844709598235e+02,9.985122068333510015e+01,6.374124542209269606e+01,5.418831279006948165e+01,5.097848830704712952e+01,5.581813184214526302e+01,7.214801548194918723e+01
1.200000000000000000e+02,1.200000000000000000e+02,1.200000000000000000e+02,1.200000000000000000e+02,1.200000000000000000e+02,1.200000000000000000e+02,1.200000000000000000e+02,1.200000000000000000e+02,1.200000000000000000e+02,1.200000000000000000e+02,2.428465222551303526e+01,3.884944726533745042e-03,9.142200907512587094e+01,9.004545080895630349e+01,1.139797839121046855e-03,8.922470700828799295e+01,1.011783531650074082e+02,1.025770726611991819e+02,1.025271812640735192e+02,9.905320709155880365e+01,6.379015615653759852e+01,5.449744028850231814e+01,5.078934942798019136e+01,5.600202966724832265e+01,7.221111070370669438e+01
1.200000000000000000e+02,1.200000000000000000e+02,1.200000000000000000e+02,1.200000000000000000e+02,1.200000000000000000e+02,1.200000000000000000e+02,1.200000000000000000e+02,1.200000000000000000e+02,1.200000000000000000e+02,1.200000000000000000e+02,8.157893245096310864e+01,3.670757452183652514e-02,8.264894813395491724e+01,8.186012264699714081e+01,7.876302925525214960e+01,8.138739426697247836e+01,9.840260573109169684e+01,1.030119527240628088e+02,1.032251100373093067e+02,9.952294268404251909e+01,6.281289821563903075e+01,5.449681050955865658e+01,5.091612291968889537e+01,5.595915000107588355e+01,7.233579449034181152e+01
1.200000000000000000e+02,1.200000000000000000e+02,1.200000000000000000e+02,1.200000000000000000e+02,1.200000000000000000e+02,1.200000000000000000e+02,1.200000000000000000e+02,1.200000000000000000e+02,1.200000000000000000e+02,1.200000000000000000e+02,8.383472920987779275e+01,8.250445050369522448e+01,3.355231661730963613e-03,8.099224518637569759e+01,7.979736592841535980e+01,3.899506606774560424e+01,9.381254092156633817e+01,1.015362783147050436e+02,1.034686170128574503e+02,9.996848678093459739e+01,6.342361843633742069e+01,5.390573959762099321e+01,5.092822423695643153e+01,5.605709963216930447e+01,7.232411299650588887e+01
1.200000000000000000e+02,1.200000000000000000e+02,1.200000000000000000e+02,1.200000000000000000e+02,1.200000000000000000e+02,1.200000000000000000e+02,1.200000000000000000e+02,1.200000000000000000e+02,1.200000000000000000e+02,1.200000000000000000e+02,8.800878154666449613e-03,7.298939768429070796e+01,1.610985712988478369e+01,8.312305014932741187e+01,8.379620977363671841e+01,3.358945499717885027e-03,9.115852245795865372e+01,9.862958521754987373e+01,1.026464677757519013e+02,1.000327779325568116e+02,6.404052891990978935e+01,5.421848526462550666e+01,5.060668585186130031e+01,5.609736395045677426e+01,7.240464949435754249e+01
1.200000000000000000e+02,1.200000000000000000e+02,1.200000000000000000e+02,1.200000000000000000e+02,1.200000000000000000e+02,1.200000000000000000e+02,1.200000000000000000e+02,1.200000000000000000e+02,1.200000000000000000e+02,1.200000000000000000e+02,7.747844795143770114e+00,7.173025213438265268e+01,8.763686364968252462e+01,9.130325036984440601e+01,2.308061835859213581e-03,2.121768527475202410e-03,9.096586980709814441e+01,9.667648242131149061e+01,1.007169635778242451e+02,9.959904750607067569e+01,6.393664795291442715e+01,5.462697766218876438e+01,5.075846889697621123e+01,5.593607019202867292e+01,7.242822725294227837e+01
1.200000000000000000e+02,1.200000000000000000e+02,1.200000000000000000e+02,1.200000000000000000e+02,1.200000000000000000e+02,1.200000000000000000e+02,1.200000000000000000e+02,1.200000000000000000e+02,1.200000000000000000e+02,1.200000000000000000e+02,9.639718127885441135e+00,6.970312764237937900e-03,7.486530766906362544e+01,9.776818660238315317e+01,2.023969031153934495e-03,5.203547531237744106e-03,9.363392833699677453e+01,9.791551725479504853e+01,9.923913496235117293e+01,9.831354391243735336e+01,6.352233200941251567e+01,5.445753205635261196e+01,5.102036230163570707e+01,5.603884370310747443e+01,7.233470369233687336e+01
1.200000000000000000e+02,1.200000000000000000e+02,1.200000000000000000e+02,1.200000000000000000e+02,1.200000000000000000e+02,1.200000000000000000e+02,1.200000000000000000e+02,1.200000000000000000e+02,1.200000000000000000e+02,1.200000000000000000e+02,8.252686134158754783e+01,1.717675227664102167e+01,7.688168427341837230e+01,1.506824509827439955e-03,1.334977046289616449e-03,9.794389557611728137e+00,9.204803802043642236e+01,9.978710384173680836e+01,1.005151972178793613e+02,9.706174764752492479e+01,6.228058983857493303e+01,5.418453791102104589e+01,5.089109709120553049e+01,5.621347823670265598e+01,7.242029509602123483e+01
1.200000000000000000e+02,1.200000000000000000e+02,1.200000000000000000e+02,1.200000000000000000e+02,1.200000000000000000e+02,1.200000000000000000e+02,1.200000000000000000e+02,1.200000000000000000e+02,1.200000000000000000e+02,1.200000000000000000e+02,7.708990060406893008e+01,5.330520086372118271e+00,8.767359526244163703e+01,1.162620770363380785e-03,8.579736039828625849e+01,1.792916748145944794e+01,9.417007794869088855e+01,9.898705099142482311e+01,1.016038485593164040e+02,9.798551326892049929e+01,6.068550644016591633e+01,5.371498111896094230e+01,5.068859823450593183e+01,5.612654372929767987e+01,7.252675453572084052e+01
1.200000000000000000e+02,1.200000000000000000e+02,1.200000000000000000e+02,1.200000000000000000e+02,1.200000000000000000e+02,1.200000000000000000e+02,1.200000000000000000e+02,1.200000000000000000e+02,1.200000000000000000e+02,1.200000000000000000e+02,7.832020377253664378e+01,8.432401612120435175e+01,1.701164100961273865e-02,1.985665952791522068e-03,8.408576261199530677e+01,1.134036303174801397e+01,9.592709905633807921e+01,1.003211120251312565e+02,1.010061733609542927e+02,9.852827079016982736e+01,6.153085494467988070e+01,5.300855872674389957e+01,5.053184863886522038e+01,5.599014214300603243e+01,7.245726534614544789e+01
1.200000000000000000e+02,1.200000000000000000e+02,1.200000000000000000e+02,1.200000000000000000e+02,1.200000000000000000e+02,1.200000000000000000e+02,1.200000000000000000e+02,1.200000000000000000e+02,1.200000000000000000e+02,1.200000000000000000e+02,5.534867761387323587e-03,7.447065939971128046e+01,2.741341263883769486e+01,5.001523830606475866e-03,1.463692261596012591e-03,6.951222918884120361e+00,9.738489425142020650e+01,1.012582588292593471e+02,1.020803373801664122e+02,9.784957329395362535e+01,6.194879795811883127e+01,5.349316041912808828e+01,5.033650837527637378e+01,5.594301859286569822e+01,7.236977718623427336e+01
1.200000000000000000e+02,1.200000000000000000e+02,1.200000000000000000e+02,1.200000000000000000e+02,1.200000000000000000e+02,1.200000000000000000e+02,1.200000000000000000e+02,1.200000000000000000e+02,1.200000000000000000e+02,1.200000000000000000e+02,2.824923784829987405e-01,7.346660433298833937e+01,1.283720710730038483e+01,6.743993598964752138e-03,2.348252035217069603e-03,2.588111256961641971e+01,9.657815726583982041e+01,1.020602636305482775e+02,1.027201375047604444e+02,9.870698430391033185e+01,6.070791381211123650e+01,5.370861242236699695e+01,5.072879797613479269e+01,5.593265523985946430e+01,7.235979858751120730e+01
1.200000000000000000e+02,1.200000000000000000e+02,1.200000000000000000e+02,1.200000000000000000e+02,1.200000000000000000e+02,1.200000000000000000e+02,1.200000000000000000e+02,1.200000000000000000e+02,1.200000000000000000e+02,1.200000000000000000e+02,9.333100911647807152e+01,9.161389843748661121e+01,8.699195960321084442e+01,9.252635314702681057e+01,1.547193047734478188e+00,5.530485361745643758e+01,9.383461464134103380e+01,1.022426483642174020e+02,1.032598296348355120e+02,9.933437765421440702e+01,6.140652599982243487e+01,5.280952453663218904e+01,5.096513367415751361e+01,5.625437062297229573e+01,7.240009800531251472e+01
1.200000000000000000e+02,1.200000000000000000e+02,1.200000000000000000e+02,1.200000000000000000e+02,1.200000000000000000e+02,1.200000000000000000e+02,1.200000000000000000e+02,1.200000000000000000e+02,1.200000000000000000e+02,1.200000000000000000e+02,8.755337802560738680e+01,1.151756261887081756e+01,8.105450312009479319e+01,9.577422404102733822e+01,1.187335565223086083e-03,7.652507772530941565e+01,9.190591584443015449e+01,1.008949528999033021e+02,1.037395577886092184e+02,9.971414741425358841e+01,6.238770426067925712e+01,5.289859507221709833e+01,5.050172631944181489e+01,5.648146466812816158e+01,7.265413710586496165e+01
1.200000000000000000e+02,1.200000000000000000e+02,1.200000000000000000e+02,1.200000000000000000e+02,1.200000000000000000e+02,1.200000000000000000e+02,1.200000000000000000e+02,1.200000000000000000e+02,1.200000000000000000e+02,1.200000000000000000e+02,8.834276318100681635e+01,2.462932241849231829e+01,8.205347908296714365e+01,1.834886539330385022e-03,1.510695850846752696e-03,9.297010895659056473e+01,9.223864044174857213e+01,9.897432118126022260e+01,1.030220175461231094e+02,1.003662462866883089e+02,6.282521550894254858e+01,5.343346428185791552e+01,5.046506076890985071e+01,5.628179566465929184e+01,7.281080539102147497e+01
1.200000000000000000e+02,1.200000000000000000e+02,1.200000000000000000e+02,1.200000000000000000e+02,1.200000000000000000e+02,1.200000000000000000e+02,1.200000000000000000e+02,1.200000000000000000e+02,1.200000000000000000e+02,1.200000000000000000e+02,1.702822993571364088e-02,8.799857219949228693e+01,8.948194448116754529e+01,2.042312710965581233e-03,1.965094079568353337e-03,1.008480370512368438e+02,9.759055143853188952e+01,9.774058521428086976e+01,1.014942118410783110e+02,1.001613327848898223e+02,6.384456699209729180e+01,5.357080040024778356e+01,5.075136052141573373e+01,5.629567807570232674e+01,7.269802188169383328e+01
1.200000000000000000e+02,1.200000000000000000e+02,1.200000000000000000e+02,1.200000000000000000e+02,1.200000000000000000e+02,1.200000000000000000e+02,1.200000000000000000e+02,1.200000000000000000e+02,1.200000000000000000e+02,1.200000000000000000e+02,3.025211311462569844e-02,8.000249577660318323e+01,9.709396142488009218e+01,2.965806118878840884e-03,5.084400694077201299e-03,9.553878558150110223e+01,1.023881853923269034e+02,1.000252863993237895e+02,1.001171193317881034e+02,9.901157248896988960e+01,6.422142121812795779e+01,5.403161915783797298e+01,5.076323209651319246e+01,5.649780045395185368e+01,7.273529891991428542e+01
1.200000000000000000e+02,1.200000000000000000e+02,1.200000000000000000e+02,1.200000000000000000e+02,1.200000000000000000e+02,1.200000000000000000e+02,1.200000000000000000e+02,1.200000000000000000e+02,1.200000000000000000e+02,1.200000000000000000e+02,2.747564524238531547e+01,7.568165318762768834e+01,1.040170357673491286e-03,8.155235452546841657e+01,1.762608226026438161e-03,8.873638310907671212e+01,1.014977585159755620e+02,1.028988371061199842e+02,1.011656990474112519e+02,9.772870230911786393e+01,6.310601137763112689e+01,5.444454122007796570e+01,5.087057708683243362e+01,5.648952491612493532e+01,7.286551861683936693e+01
1.200000000000000000e+02,1.200000000000000000e+02,1.200000000000000000e+02,1.200000000000000000e+02,1.200000000000000000e+02,1.200000000000000000e+02,1.200000000000000000e+02,1.200000000000000000e+02,1.200000000000000000e+02,1.200000000000000000e+02,8.746549085251304234e+01,8.229373394150036347e+01,8.842998294651984281e+01,7.698490639802574265e+01,1.398272984827857385e-03,9.103326004087315937e+01,9.815723135763147411e+01,1.029638302229725042e+02,1.028620756801058747e+02,9.812750851551314213e+01,6.138403000935939247e+01,5.408311059434404910e+01,5.105540254986326687e+01,5.648221272243939950e+01,7.284194240302896617e+01
1.200000000000000000e+02,1.200000000000000000e+02,1.200000000000000000e+02,1.200000000000000000e+02,1.200000000000000000e+02,1.200000000000000000e+02,1.200000000000000000e+02,1.200000000000000000e+02,1.200000000000000000e+02,1.200000000000000000e+02,8.266990597896138127e+01,8.944983094892965880e+01,8.244775195715818938e+01,8.170396467516702899e+01,1.244838113422871637e-03,9.644596406744682326e+01,9.904791177368444721e+01,1.012893955747436365e+02,1.030944825406306222e+02,9.906735896016529352e+01,6.135815540011927993e+01,5.324658058474042122e+01,5.091304323431094048e+01,5.653061066471560281e+01,7.281216758638072406e+01
1.200000000000000000e+02,1.200000000000000000e+02,1.200000000000000000e+02,1.200000000000000000e+02,1.200000000000000000e+02,1.200000000000000000e+02,1.200000000000000000e+02,1.200000000000000000e+02,1.200000000000000000e+02,1.200000000000000000e+02,8.282484379316453271e+01,9.118406710580083541e+01,8.065268853852838049e+01,8.677320009699346315e+01,1.176616225199628813e-03,9.760453430442463230e+01,1.015702047081476564e+02,1.019521163337828114e+02,1.022954083778769814e+02,9.919832203889633604e+01,6.198648718024253412e+01,5.316180621200243195e+01,5.054704574620572544e+01,5.641943029362405326e+01,7.280427112857705652e+01
1.200000000000000000e+02,1.200000000000000000e+02,1.200000000000000000e+02,1.200000000000000000e+02,1.200000000000000000e+02,1.200000000000000000e+02,1.200000000000000000e+02,1.200000000000000000e+02,1.200000000000000000e+02,1.200000000000000000e+02,2.997787074049663991e-02,8.756005967451888239e+01,8.108666227745742106e+01,8.864368980698364453e+01,1.181750086315035272e-03,9.358455728405675700e+01,1.026385762359688840e+02,1.033420640181994088e+02,1.029349601777838359e+02,9.886087864023531324e+01,6.180832196362096198e+01,5.330728517725651017e+01,5.056405528813304784e+01,5.622373421313292141e+01,7.270406407404139770e+01
1.200000000000000000e+02,1.200000000000000000e+02,1.200000000000000000e+02,1.200000000000000000e+02,1.200000000000000000e+02,1.200000000000000000e+02,1.200000000000000000e+02,1.200000000000000000e+02,1.200000000000000000e+02,1.200000000000000000e+02,6.605120562889523969e-03,8.041119122966942712e+01,7.854088584772971160e+01,8.415057060499465535e+01,8.307701430711554735e+01,8.756213789257580515e+01,1.010671570317595069e+02,1.041288999754621756e+02,1.037693764958718532e+02,9.954418927593707167e+01,6.144861249904991496e+01,5.289150077656523052e+01,5.064928136988088880e+01,5.627676735357380977e+01,7.258936772257389691e+01
1.200000000000000000e+02,1.200000000000000000e+02,1.200000000000000000e+02,1.200000000000000000e+02,1.200000000000000000e+02,1.200000000000000000e+02,1.200000000000000000e+02,1.200000000000000000e+02,1.200000000000000000e+02,1.200000000000000000e+02,6.777833895570597317e-03,8.296396414662763164e+01,7.904067661057928262e+01,8.341251050429004010e+01,8.297149325423551147e+01,6.124903259003288269e+01,9.772566393015856079e+01,1.034611849865120661e+02,1.043475274484949580e+02,1.001469655042855322e+02,6.247619288401359228e+01,5.247722972787954632e+01,5.032092942466541530e+01,5.635920396189774095e+01,7.265721505083325837e+01
1.200000000000000000e+02,1.200000000000000000e+02,1.200000000000000000e+02,1.200000000000000000e+02,1.200000000000000000e+02,1.200000000000000000e+02,1.200000000000000000e+02,1.200000000000000000e+02,1.200000000000000000e+02,1.200000000000000000e+02,1.050691042580000067e-02,8.786901575369606121e+01,8.081504983543284482e+01,8.273288575857549176e+01,8.728108989183100164e+01,2.095655477443154879e+01,9.487842886387720398e+01,1.014292974139281540e+02,1.041345182050519327e+02,1.005937676621586263e+02,6.333692246585567887e+01,5.299471249976259202e+01,4.996071964333707172e+01,5.616249370166134014e+01,7.272823002090184730e+01
1.200000000000000000e+02,1.200000000000000000e+02,1.200000000000000000e+02,1.200000000000000000e+02,1.200000000000000000e+02,1.200000000000000000e+02,1.200000000000000000e+02,1.200000000000000000e+02,1.200000000000000000e+02,1.200000000000000000e+02,6.271729211325556552e-02,9.352536608628061288e+01,8.351739286588684763e+01,8.271733106599592134e+01,2.021822125223286110e-03,6.896095947330461995e-03,8.868570183845044141e+01,9.944388358584974696e+01,1.028606223972738718e+02,1.007395634503865693e+02,6.385868939907196307e+01,5.346393089218169337e+01,5.014951867287892640e+01,5.593435942136252237e+01,7.261536377139982790e+01
1.200000000000000000e+02,1.200000000000000000e+02,1.200000000000000000e+02,1.200000000000000000e+02,1.200000000000000000e+02,1.200000000000000000e+02,1.200000000000000000e+02,1.200000000000000000e+02,1.200000000000000000e+02,1.200000000000000000e+02,1.225008713546506911e+01,7.378075989325692113e-03,8.632708620658185339e+01,8.417335564545908255e+01,1.976002549187240529e-03,5.482602012947467712e-02,8.987059936966539908e+01,9.607198230954810469e+01,1.014335068542708740e+02,1.000561840748343343e+02,6.441678326793308429e+01,5.359588727874071878e+01,5.033775981831588098e+01,5.602476513236030797e+01,7.249632954209647551e+01
1.200000000000000000e+02,1.200000000000000000e+02,1.200000000000000000e+02,1.200000000000000000e+02,1.200000000000000000e+02,1.200000000000000000e+02,1.200000000000000000e+02,1.200000000000000000e+02,1.200000000000000000e+02,1.200000000000000000e+02,7.947399961374679833e+01,1.340793202845426713e+01,5.149474449763605070e-03,8.634369773986614405e+01,8.617407842604896473e+01,4.950078692567775884e-01,9.211819309310151027e+01,9.748038984663831741e+01,9.931774073151765947e+01,9.900956347623977649e+01,6.418703396527858729e+01,5.389002603360176380e+01,5.024877670401084373e+01,5.609807235288165828e+01,7.257420968098176672e+01
1.200000000000000000e+02,1.200000000000000000e+02,1.200000000000000000e+02,1.200000000000000000e+02,1.200000000000000000e+02,1.200000000000000000e+02,1.200000000000000000e+02,1.200000000000000000e+02,1.200000000000000000e+02,1.200000000000000000e+02,8.228426963503262925e+01,6.101056222536829776e-03,6.922526902153285810e+00,1.817197670580982015e-03,8.067730827544114902e+01,4.610767216450032367e-03,9.588711815260589333e+01,9.873979905131879775e+01,1.003761923692156017e+02,9.751655012444901161e+01,6.318547226044616139e+01,5.404833824872314807e+01,5.024452446422459673e+01,5.595970622473714684e+01,7.260991896237189280e+01
1.200000000000000000e+02,1.200000000000000000e+02,1.200000000000000000e+02,1.200000000000000000e+02,1.200000000000000000e+02,1.200000000000000000e+02,1.200000000000000000e+02,1.200000000000000000e+02,1.200000000000000000e+02,1.200000000000000000e+02,1.153154419840540963e-02,7.929912903373752897e+01,1.905983168403212247e+00,1.695761378679591402e+01,8.228477678904472725e+01,2.278801821429923217e-03,9.918944647981074070e+01,1.008061273235056916e+02,1.008979725580823725e+02,9.811682305422466754e+01,6.158687550707382030e+01,5.381333203773079532e+01,5.031071257700810406e+01,5.585261657903080845e+01,7.249728728771944475e+01
1.200000000000000000e+02,1.200000000000000000e+02,1.200000000000000000e+02,1.200000000000000000e+02,1.200000000000000000e+02,1.200000000000000000e+02,1.200000000000000000e+02,1.200000000000000000e+02,1.200000000000000000e+02,1.200000000000000000e+02,8.152392105919322063e+00,7.257111707596362749e+01,6.200117156633246085e-03,4.701843506736829603e+00,9.366289149272701309e+01,1.970064146645147951e-03,9.681583601647979265e+01,1.031485978836838342e+02,1.021233316055744069e+02,9.814589944077049211e+01,6.206714377594136778e+01,5.327925863993403510e+01,5.027240811376491791e+01,5.582184476843214327e+01,7.240113906222761386e+01
1.200000000000000000e+02,1.200000000000000000e+02,1.200000000000000000e+02,1.200000000000000000e+02,1.200000000000000000e+02,1.200000000000000000e+02,1.200000000000000000e+02,1.200000000000000000e+02,1.200000000000000000e+02,1.200000000000000000e+02,2.862228281865670709e+01,5.808314376820708502e-03,8.555061889006148590e+01,6.924586742020782427e-03,8.336079907750409745e+00,2.042819863844791244e-03,8.867202826839978513e+01,1.027302239365462668e+02,1.039285621010222371e+02,9.869895524356533656e+01,6.180555172657715701e+01,5.370460755442987733e+01,5.018114969170577666e+01,5.577596002639496930e+01,7.235383492127589022e+01
1.200000000000000000e+02,1.200000000000000000e+02,1.200000000000000000e+02,1.200000000000000000e+02,1.200000000000000000e+02,1.200000000000000000e+02,1.200000000000000000e+02,1.200000000000000000e+02,1.200000000000000000e+02,1.200000000000000000e+02,5.943402935415704746e+00,8.667663633756686181e+01,7.632538677080972889e+01,1.472124543026168521e-03,2.450831320978225847e+01,4.182599134097916317e-03,8.495736987621879166e+01,9.855104494486771216e+01,1.040893333499439137e+02,1.001701112113735661e+02,6.180116518208876641e+01,5.363202256222664488e+01,5.059751503375136394e+01,5.576878264427844556e+01,7.231291463665375829e+01
1.200000000000000000e+02,1.200000000000000000e+02,1.200000000000000000e+02,1.200000000000000000e+02,1.200000000000000000e+02,1.200000000000000000e+02,1.200000000000000000e+02,1.200000000000000000e+02,1.200000000000000000e+02,1.200000000000000000e+02,8.445920809278223373e+01,6.900645962167517057e-03,8.104726725112658414e+01,1.493409223897077540e-03,1.304473105377374686e+01,2.525106817255467373e+00,8.619171051005353945e+01,9.589139023297725828e+01,1.016476546035001718e+02,1.006825073197551887e+02,6.341563114405111889e+01,5.335006866978791606e+01,5.074688755802656459e+01,5.608351536184068209e+01,7.232761171978545178e+01
1.200000000000000000e+02,1.200000000000000000e+02,1.200000000000000000e+02,1.200000000000000000e+02,1.200000000000000000e+02,1.200000000000000000e+02,1.200000000000000000e+02,1.200000000000000000e+02,1.200000000000000000e+02,1.200000000000000000e+02,1.543018750203744086e-02,8.672726447928120308e+00,8.636454726619088262e+01,8.009661206526041610e+01,4.239308397535047845e+00,3.752864041342687784e+01,9.383811319451723421e+01,9.582087712110163125e+01,9.984945846794627755e+01,9.923220200327328655e+01,6.453788675061369418e+01,5.397843653289630339e+01,5.060742182673543965e+01,5.626429233960814003e+01,7.255475658455750931e+01
1.200000000000000000e+02,1.200000000000000000e+02,1.200000000000000000e+02,1.200000000000000000e+02,1.200000000000000000e+02,1.200000000000000000e+02,1.200000000000000000e+02,1.200000000000000000e+02,1.200000000000000000e+02,1.200000000000000000e+02,1.314529958370134338e-02,8.599421084893984357e+01,1.277418384783389804e+01,1.803023058708054646e-03,1.260548100788860988e-03,6.175504839540418089e+01,9.980269839318302161e+01,9.936665731159169468e+01,9.943390850678693482e+01,9.800369955095989383e+01,6.337185693574812717e+01,5.463212256554059820e+01,5.085567328400744458e+01,5.623414511251395709e+01,7.267523319383053604e+01
1.200000000000000000e+02,1.200000000000000000e+02,1.200000000000000000e+02,1.200000000000000000e+02,1.200000000000000000e+02,1.200000000000000000e+02,1.200000000000000000e+02,1.200000000000000000e+02,1.200000000000000000e+02,1.200000000000000000e+02,1.331001574055386792e-02,7.084936882447590706e-03,1.004820490950074117e+02,2.964966562977006895e-03,1.464893489327256113e-03,8.402497974138100290e+01,9.711752661090949346e+01,1.027158874273747386e+02,1.012427537112308045e+02,9.751309810109243870e+01,6.213850858462630811e+01,5.422244111249828791e+01,5.115869614880456595e+01,5.638155762368320012e+01,7.266269843158426056e+01
1.200000000000000000e+02,1.200000000000000000e+02,1.200000000000000000e+02,1.200000000000000000e+02,1.200000000000000000e+02,1.200000000000000000e+02,1.200000000000000000e+02,1.200000000000000000e+02,1.200000000000000000e+02,1.200000000000000000e+02,8.528436248668633368e+01,7.933749843885988184e+01,2.040020729410647795e-03,5.268128033672199173e+00,7.795355421978466381e+01,9.646216415579370107e+01,9.668207795053169207e+01,1.013923631526324840e+02,1.032710689966287276e+02,9.832545645697635450e+01,6.155793401051708713e+01,5.379581421573465860e+01,5.095825888590075436e+01,5.653373061339063810e+01,7.275024646761011127e+01
1.200000000000000000e+02,1.200000000000000000e+02,1.200000000000000000e+02,1.200000000000000000e+02,1.200000000000000000e+02,1.200000000000000000e+02,1.200000000000000000e+02,1.200000000000000000e+02,1.200000000000000000e+02,1.200000000000000000e+02,8.297209450591614655e+01,8.287133782457244990e+01,9.806179597817558415e-04,8.477733144649494079e+01,8.047515809793441122e+01,6.394259554824183311e+01,1.007266800262164139e+02,1.004411619715326651e+02,1.024625877281832231e+02,9.951656128979789173e+01,6.197435262158441560e+01,5.376240571777155708e+01,5.082138191199423716e+01,5.639273636272755397e+01,7.280780055249023519e+01
1.200000000000000000e+02,1.200000000000000000e+02,1.200000000000000000e+02,1.200000000000000000e+02,1.200000000000000000e+02,1.200000000000000000e+02,1.200000000000000000e+02,1.200000000000000000e+02,1.200000000000000000e+02,1.200000000000000000e+02,1.060869970126064772e-02,8.370149435054349851e+01,9.260073651051294649e-04,8.274180588576116691e+01,8.697999669060196446e-04,3.753888934984461656e+01,1.012635753889170189e+02,1.025081619537157138e+02,1.017301476251424930e+02,9.895134409622760074e+01,6.284350899531073509e+01,5.397570385474745791e+01,5.101577895109397076e+01,5.632748291181145106e+01,7.268251551419260181e+01
1.200000000000000000e+02,1.200000000000000000e+02,1.200000000000000000e+02,1.200000000000000000e+02,1.200000000000000000e+02,1.200000000000000000e+02,1.200000000000000000e+02,1.200000000000000000e+02,1.200000000000000000e+02,1.200000000000000000e+02,1.149429005495988321e+01,8.269997934867417655e+01,1.124332968000538689e-03,8.668100344340797392e+01,7.103025649222565472e-04,5.582775214576427203e+01,9.695581435068706355e+01,1.030348301756782519e+02,1.030605322145856348e+02,9.842892091993709869e+01,6.202125980771721458e+01,5.417861353145770664e+01,5.127459292782249634e+01,5.652164031203442818e+01,7.264290541577125282e+01
1.200000000000000000e+02,1.200000000000000000e+02,1.200000000000000000e+02,1.200000000000000000e+02,1.200000000000000000e+02,1.200000000000000000e+02,1.200000000000000000e+02,1.200000000000000000e+02,1.200000000000000000e+02,1.200000000000000000e+02,2.973349456206322294e+00,6.750752079790427018e+00,6.969475091178534853e+01,9.376654445743973554e+01,7.574491631751237948e-04,7.731651600488294207e+01,9.553345697064857234e+01,1.018124920573483223e+02,1.034220378359481884e+02,9.947217229436238028e+01,6.122133917435824202e+01,5.349852416793181220e+01,5.136337846054176026e+01,5.674581746806826033e+01,7.278583326559171951e+01
1.200000000000000000e+02,1.200000000000000000e+02,1.200000000000000000e+02,1.200000000000000000e+02,1.200000000000000000e+02,1.200000000000000000e+02,1.200000000000000000e+02,1.200000000000000000e+02,1.200000000000000000e+02,1.200000000000000000e+02,1.013271802262270121e-02,3.367871108808915892e+01,7.349284928231337233e+01,2.286800514362930577e-03,1.708384204977724322e-03,8.917644914633757480e+01,9.597931207076898374e+01,1.010126932223447369e+02,1.033069917850093020e+02,9.977659565037306777e+01,6.242705709100785327e+01,5.283761550533764506e+01,5.092631650997895321e+01,5.681671090336156027e+01,7.293844081285534742e+01
1.200000000000000000e+02,1.200000000000000000e+02,1.200000000000000000e+02,1.200000000000000000e+02,1.200000000000000000e+02,1.200000000000000000e+02,1.200000000000000000e+02,1.200000000000000000e+02,1.200000000000000000e+02,1.200000000000000000e+02,7.117697432153138881e-03,9.072930052089853348e+01,8.077673140399188867e+01,1.043938283704580527e+00,9.142532356623458156e+01,9.246899546467919606e+01,9.711260860491492508e+01,1.003430285238020474e+02,1.028717205206712464e+02,1.000851721320285179e+02,6.291381509247949566e+01,5.336566824309780088e+01,5.047503867536527622e+01,5.657005935595530843e+01,7.297591750635297103e+01
1.200000000000000000e+02,1.200000000000000000e+02,1.200000000000000000e+02,1.200000000000000000e+02,1.200000000000000000e+02,1.200000000000000000e+02,1.200000000000000000e+02,1.200000000000000000e+02,1.200000000000000000e+02,1.200000000000000000e+02,8.161873287524995177e-03,8.798705788987187759e+01,8.961090395532642106e+01,2.425691823897140401e-03,8.552052710143941139e-03,7.581120107525927665e+01,9.860196220404544931e+01,1.002522118255516972e+02,1.020048544568275020e+02,1.000024139546197404e+02,6.358648496489176694e+01,5.358853578430998965e+01,5.067659639579467523e+01,5.631544718448753883e+01,7.281227798095549986e+01
1.200000000000000000e+02,1.200000000000000000e+02,1.200000000000000000e+02,1.200000000000000000e+02,1.200000000000000000e+02,1.200000000000000000e+02,1.200000000000000000e+02,1.200000000000000000e+02,1.200000000000000000e+02,1.200000000000000000e+02,1.502130443680982710e-02,8.997344881173147257e+01,2.224012211501845155e-03,3.922059629069049765e-03,8.632530798742726219e+00,8.090855165280049732e+01,9.833883175096835316e+01,1.009921316535252629e+02,1.015719191946095918e+02,9.919406317827949238e+01,6.399243979490783829e+01,5.390144542700744523e+01,5.073784379926138399e+01,5.642878152566712657e+01,7.267323360689529466e+01
1.200000000000000000e+02,1.200000000000000000e+02,1.200000000000000000e+02,1.200000000000000000e+02,1.200000000000000000e+02,1.200000000000000000e+02,1.200000000000000000e+02,1.200000000000000000e+02,1.200000000000000000e+02,1.200000000000000000e+02,4.519612194983134712e-01,9.712016919912116464e+01,9.370309118488135880e+01,6.136659607664774439e-03,1.521475692714543371e+01,9.389157411240830697e+01,9.381781290475584001e+01,1.009351354545048878e+02,1.019383997396462291e+02,9.864018824673286190e+01,6.311389825879516735e+01,5.429465858359908026e+01,5.077595939018609528e+01,5.644147516609302784e+01,7.276975824827420070e+01
1.200000000000000000e+02,1.200000000000000000e+02,1.200000000000000000e+02,1.200000000000000000e+02,1.200000000000000000e+02,1.200000000000000000e+02,1.200000000000000000e+02,1.200000000000000000e+02,1.200000000000000000e+02,1.200000000000000000e+02,8.039803390926654458e+01,5.709568359998912213e-01,8.317567789502069786e+01,7.733864007276976338e+01,1.772380011964165902e+01,1.014714007169552445e+02,9.905535317945481211e+01,9.841802917302139520e+01,1.018630568161460275e+02,9.880683301832597465e+01,6.218018961845051251e+01,5.398204654917957157e+01,5.093867428133518160e+01,5.638947871107722420e+01,7.277317282786454200e+01
1.200000000000000000e+02,1.200000000000000000e+02,1.200000000000000000e+02,1.200000000000000000e+02,1.200000000000000000e+02,1.200000000000000000e+02,1.200000000000000000e+02,1.200000000000000000e+02,1.200000000000000000e+02,1.200000000000000000e+02,7.910760464975881234e+01,2.638062580134197432e+01,8.149821430804217925e+01,7.989725436602252273e+01,1.215717341151760111e+00,1.019950727272942004e+02,1.033238891615855266e+02,1.012578535477155270e+02,1.002705119097276025e+02,9.865580723659645912e+01,6.219076896564015300e+01,5.345304821814428209e+01,5.080035757627764781e+01,5.642355891530026923e+01,7.272934326156315876e+01
1.200000000000000000e+02,1.200000000000000000e+02,1.200000000000000000e+02,1.200000000000000000e+02,1.200000000000000000e+02,1.200000000000000000e+02,1.200000000000000000e+02,1.200000000000000000e+02,1.200000000000000000e+02,1.200000000000000000e+02,8.456693942350345594e+01,1.428376255840105635e+00,8.796620906571473597e+01,8.333779819207967421e+01,4.975286255933119087e-03,9.721572931419835584e+01,1.047586789562311083e+02,1.038164197735458600e+02,1.020558922701845717e+02,9.746161705372243489e+01,6.188197866292369298e+01,5.342296193782143376e+01,5.052207777449999071e+01,5.631702236640931147e+01,7.272841980627245562e+01
1.200000000000000000e+02,1.200000000000000000e+02,1.200000000000000000e+02,1.200000000000000000e+02,1.200000000000000000e+02,1.200000000000000000e+02,1.200000000000000000e+02,1.200000000000000000e+02,1.200000000000000000e+02,1.200000000000000000e+02,1.027414140996907484e-02,7.674227568076042871e+01,9.408266407507127838e+01,8.803538877491469350e+01,2.891200575242420558e-03,9.424460190732231979e+01,1.030350273076314238e+02,1.051616323508510931e+02,1.036299087181764520e+02,9.855310600599895565e+01,6.034781868184729348e+01,5.323155535983415376e+01,5.051883059752752558e+01,5.614580192863250119e+01,7.263904665135846983e+01
1.200000000000000000e+02,1.200000000000000000e+02,1.200000000000000000e+02,1.200000000000000000e+02,1.200000000000000000e+02,1.200000000000000000e+02,1.200000000000000000e+02,1.200000000000000000e+02,1.200000000000000000e+02,1.200000000000000000e+02,2.032394904452229412e+01,7.059434759793711578e+01,3.850940021273739893e-03,3.665297423813992667e-03,2.545892815483315978e-03,9.010565263939157887e+01,1.018809483153153224e+02,1.047134183488670800e+02,1.047194652320662840e+02,9.958849641936414798e+01,6.112277660910075383e+01,5.234944951155046056e+01,5.045305994674963301e+01,5.615468554554085046e+01,7.253545432012842298e+01
1.200000000000000000e+02,1.200000000000000000e+02,1.200000000000000000e+02,1.200000000000000000e+02,1.200000000000000000e+02,1.200000000000000000e+02,1.200000000000000000e+02,1.200000000000000000e+02,1.200000000000000000e+02,1.200000000000000000e+02,3.274914031121190305e+01,7.614593064899418096e+01,1.780107260131886474e-03,3.024099501818319435e+00,8.651282679026964217e+01,8.664916198092132049e+01,9.932587132778330385e+01,1.044136186988111490e+02,1.049156072841261249e+02,1.003944247188158272e+02,6.212982690871906755e+01,5.252185862141720207e+01,5.002172320606531031e+01,5.614463152429768655e+01,7.256202279953241430e+01
1.200000000000000000e+02,1.200000000000000000e+02,1.200000000000000000e+02,1.200000000000000000e+02,1.200000000000000000e+02,1.200000000000000000e+02,1.200000000000000000e+02,1.200000000000000000e+02,1.200000000000000000e+02,1.200000000000000000e+02,8.189179238759953350e+00,8.475832625729661629e+01,8.522204889636707037e+01,5.198011996681352720e+00,6.130716593428429256e-03,7.548039206243466026e+01,9.689685474605890647e+01,1.026729799794562581e+02,1.051119094406496686e+02,1.010328271488193366e+02,6.282006323284073801e+01,5.286373885151415664e+01,5.006608777831964119e+01,5.594294927411699092e+01,7.257427790311044191e+01
1.200000000000000000e+02,1.200000000000000000e+02,1.200000000000000000e+02,1.200000000000000000e+02,1.200000000000000000e+02,1.200000000000000000e+02,1.200000000000000000e+02,1.200000000000000000e+02,1.200000000000000000e+02,1.200000000000000000e+02,1.416652657334396999e-02,6.252445168693754773e+00,7.931500622155012081e+01,2.428721719706613321e-03,1.517486541940762067e-02,7.773549305320752012e+01,9.526191986652143839e+01,1.009002255715094378e+02,1.038977437144936857e+02,1.017194128423685981e+02,6.397360925064248960e+01,5.285071375156326923e+01,5.019008675789376639e+01,5.600046594227743668e+01,7.248342086795329919e+01
1.200000000000000000e+02,1.200000000000000000e+02,1.200000000000000000e+02,1.200000000000000000e+02,1.200000000000000000e+02,1.200000000000000000e+02,1.200000000000000000e+02,1.200000000000000000e+02,1.200000000000000000e+02,1.200000000000000000e+02,1.465660954420992985e-02,2.469025818838582254e+01,2.316091168481195298e-03,2.231994622013709802e-03,1.114528367686233423e+01,9.280349402183415464e+01,9.079258498341700090e+01,9.958041856036409456e+01,1.025959076924731619e+02,1.010260344800904591e+02,6.572264317586835602e+01,5.324835542543304001e+01,4.997828695924457776e+01,5.608985517955508016e+01,7.256695641316903789e+01
1.200000000000000000e+02,1.200000000000000000e+02,1.200000000000000000e+02,1.200000000000000000e+02,1.200000000000000000e+02,1.200000000000000000e+02,1.200000000000000000e+02,1.200000000000000000e+02,1.200000000000000000e+02,1.200000000000000000e+02,1.504402695418638816e-02,7.013908392988207119e+00,1.220096622970854305e+01,2.046393088674660580e-03,3.226480513541135764e+01,1.025973477497053352e+02,9.795037790124386845e+01,9.632104020720709059e+01,1.015497931517837031e+02,1.000814116582640025e+02,6.564987853500781512e+01,5.436753200408155351e+01,4.991906429078017027e+01,5.591439103469510741e+01,7.263744865329441325e+01
1.200000000000000000e+02,1.200000000000000000e+02,1.200000000000000000e+02,1.200000000000000000e+02,1.200000000000000000e+02,1.200000000000000000e+02,1.200000000000000000e+02,1.200000000000000000e+02,1.200000000000000000e+02,1.200000000000000000e+02,7.762128221146073770e+01,4.954188536869231357e-03,1.880304619758110718e+01,7.842766397612209062e+01,4.376788617877578247e+01,1.060371605187341686e+02,1.032807773738231703e+02,1.004067606385046219e+02,9.899619043101418470e+01,9.930566546606144129e+01,6.477960473749713799e+01,5.473373793603374793e+01,5.034250414632999338e+01,5.577006205495911928e+01,7.251959314369496212e+01
1.200000000000000000e+02,1.200000000000000000e+02,1.200000000000000000e+02,1.200000000000000000e+02,1.200000000000000000e+02,1.200000000000000000e+02,1.200000000000000000e+02,1.200000000000000000e+02,1.200000000000000000e+02,1.200000000000000000e+02,7.986167704259165134e+01,8.388662618418162253e+01,1.024337721689028236e+01,8.410924444435521252e+01,2.957065130488242133e+01,1.010744756098147832e+02,1.065416433185404088e+02,1.034194440284959882e+02,1.015291172929893264e+02,9.718585312209488336e+01,6.407198869958737930e+01,5.456429649694551642e+01,5.050636017805406652e+01,5.588633446156965334e+01,7.241230558634887871e+01
1.200000000000000000e+02,1.200000000000000000e+02,1.200000000000000000e+02,1.200000000000000000e+02,1.200000000000000000e+02,1.200000000000000000e+02,1.200000000000000000e+02,1.200000000000000000e+02,1.200000000000000000e+02,1.200000000000000000e+02,7.905692921179886465e-03,7.484315810337365349e+01,1.481863969063862072e-03,2.791206969165462796e-03,1.927327417890640504e+01,9.268990902904609186e+01,1.051210979866140747e+02,1.059972801371696107e+02,1.031871504654352520e+02,9.856722735308122196e+01,6.151840615635618548e+01,5.454650924813882540e+01,5.042374451823281589e+01,5.586450342018606108e+01,7.244459443675877708e+01
1.200000000000000000e+02,1.200000000000000000e+02,1.200000000000000000e+02,1.200000000000000000e+02,1.200000000000000000e+02,1.200000000000000000e+02,1.200000000000000000e+02,1.200000000000000000e+02,1.200000000000000000e+02,1.200000000000000000e+02,1.491700946842097197e+00,7.378035220697400121e+01,8.306668619628511863e+01,1.667303110001684381e-03,3.850090610912046429e+01,9.094434949818102609e+01,9.982145203304872894e+01,1.059739334764191625e+02,1.050865690260820600e+02,9.943907022064689727e+01,6.233880712107346511e+01,5.353425158025019215e+01,5.054050813870294689e+01,5.571806469543867024e+01,7.236741150907897691e+01
1.200000000000000000e+02,1.200000000000000000e+02,1.200000000000000000e+02,1.200000000000000000e+02,1.200000000000000000e+02,1.200000000000000000e+02,1.200000000000000000e+02,1.200000000000000000e+02,1.200000000000000000e+02,1.200000000000000000e+02,1.234782141582767601e+01,4.234544655977848238e-03,7.334436668592503850e+01,1.652338864372976564e-03,6.476200886798304168e+01,9.210872467087000359e+01,9.887762306392873768e+01,1.026127391057530929e+02,1.057059857806184908e+02,1.006483695496581561e+02,6.292332472204514460e+01,5.385794160766305794e+01,5.029437329747483432e+01,5.575687565913826660e+01,7.222963031695621794e+01
1.200000000000000000e+02,1.200000000000000000e+02,1.200000000000000000e+02,1.200000000000000000e+02,1.200000000000000000e+02,1.200000000000000000e+02,1.200000000000000000e+02,1.200000000000000000e+02,1.200000000000000000e+02,1.200000000000000000e+02,8.526680551674326125e+01,1.818879033342287244e+01,7.611574929553179913e+01,1.508197096524382204e-03,8.824998699086118847e+01,9.412494898730163584e+01,9.909380693766080128e+01,1.022424138385081136e+02,1.036026477451688663e+02,1.016745310153552992e+02,6.369424374820734869e+01,5.401564232502079221e+01,5.059324424162102218e+01,5.570025354044238952e+01,7.223631143908424690e+01
1.200000000000000000e+02,1.200000000000000000e+02,1.200000000000000000e+02,1.200000000000000000e+02,1.200000000000000000e+02,1.200000000000000000e+02,1.200000000000000000e+02,1.200000000000000000e+02,1.200000000000000000e+02,1.200000000000000000e+02,8.057118221283617743e+01,2.962695856046784204e+00,1.839318877816210071e-03,7.924937875403483645e+01,1.000481036156804322e+02,9.692970709543301666e+01,9.917535317534144212e+01,1.020210956751157880e+02,1.036173622257812497e+02,1.006015462354153129e+02,6.526859176774209459e+01,5.390805429358674417e+01,5.075526061663223487e+01,5.594471649500511035e+01,7.221505118125317324e+01
1.200000000000000000e+02,1.200000000000000000e+02,1.200000000000000000e+02,1.200000000000000000e+02,1.200000000000000000e+02,1.200000000000000000e+02,1.200000000000000000e+02,1.200000000000000000e+02,1.200000000000000000e+02,1.200000000000000000e+02,8.284240794913219474e+01,8.260310632282060794e+01,2.404964380005819891e+01,7.663830334159102620e+01,7.738960468537602821e+01,1.017542382136850989e+02,1.000004851912626833e+02,1.014356900155148651e+02,1.032344109431653010e+02,1.008641390475348203e+02,6.489103553434648575e+01,5.445493795952468474e+01,5.053278176507237873e+01,5.610838919896627175e+01,7.240867689592856493e+01
1.200000000000000000e+02,1.200000000000000000e+02,1.200000000000000000e+02,1.200000000000000000e+02,1.200000000000000000e+02,1.200000000000000000e+02,1.200000000000000000e+02,1.200000000000000000e+02,1.200000000000000000e+02,1.200000000000000000e+02,8.759321672802796582e-03,7.370549998292395344e+01,7.384685981068205507e+00,2.824439866104142601e-03,5.216614785707863433e+01,1.035554330628694402e+02,1.025926372619889264e+02,1.015878410494977828e+02,1.023989337583353461e+02,1.005914098086324628e+02,6.571837189291638026e+01,5.450257877306107446e+01,5.056059654094682543e+01,5.596330914679892032e+01,7.251943521687078942e+01
1.200000000000000000e+02,1.200000000000000000e+02,1.200000000000000000e+02,1.200000000000000000e+02,1.200000000000000000e+02,1.200000000000000000e+02,1.200000000000000000e+02,1.200000000000000000e+02,1.200000000000000000e+02,1.200000000000000000e+02,2.368004026498476833e+01,2.929286575312723805e-03,8.602104480898759675e+01,3.122834982665766580e-03,7.160948805991763777e+01,9.396979483369858599e+01,1.043559595502735675e+02,1.030896375068011679e+02,1.022915474433581835e+02,9.963523119215396662e+01,6.582379310942960160e+01,5.522979208246942306e+01,5.051062299948765144e+01,5.589071601491740893e+01,7.241864579116607104e+01
1.200000000000000000e+02,1.200000000000000000e+02,1.200000000000000000e+02,1.200000000000000000e+02,1.200000000000000000e+02,1.200000000000000000e+02,1.200000000000000000e+02,1.200000000000000000e+02,1.200000000000000000e+02,1.200000000000000000e+02,2.513457694352053129e-01,8.250576328515991520e+01,7.565202467363586436e+01,1.337795428067529687e-03,8.614386593179487761e+01,9.110059214637367120e+01,9.975434503812435594e+01,1.044953749216035988e+02,1.031696284423245658e+02,9.937543995347004966e+01,6.442988299563620558e+01,5.568449279041639244e+01,5.087333666767911922e+01,5.579473918503734353e+01,7.235033398241853320e+01
1.200000000000000000e+02,1.200000000000000000e+02,1.200000000000000000e+02,1.200000000000000000e+02,1.200000000000000000e+02,1.200000000000000000e+02,1.200000000000000000e+02,1.200000000000000000e+02,1.200000000000000000e+02,1.200000000000000000e+02,4.949178270655548495e+00,8.565675571274307742e+01,7.899506427924373497e+01,1.349634692191374477e-03,9.840127877447355331e+01,9.455753833298500410e+01,9.765706409168497260e+01,1.020805405235076790e+02,1.041923798364127549e+02,9.989317424887427421e+01,6.378152146619283513e+01,5.505359351982314564e+01,5.121438765875492294e+01,5.592523669197606040e+01,7.225705354547972092e+01
1.200000000000000000e+02,1.200000000000000000e+02,1.200000000000000000e+02,1.200000000000000000e+02,1.200000000000000000e+02,1.200000000000000000e+02,1.200000000000000000e+02,1.200000000000000000e+02,1.200000000000000000e+02,1.200000000000000000e+02,4.983166377466402563e-03,9.059518547007604639e+01,8.477850990605483616e+01,1.380387352102001699e-03,1.032589207139467220e+02,1.005376378865974658e+02,9.850395714282068127e+01,1.006695923203739085e+02,1.028863205057884471e+02,1.005651701026668121e+02,6.422696222686117551e+01,5.465683113849841135e+01,5.096889747914167401e+01,5.607782277996179943e+01,7.231233923542113473e+01
1.200000000000000000e+02,1.200000000000000000e+02,1.200000000000000000e+02,1.200000000000000000e+02,1.200000000000000000e+02,1.200000000000000000e+02,1.200000000000000000e+02,1.200000000000000000e+02,1.200000000000000000e+02,1.200000000000000000e+02,9.949540076138742653e-03,9.586695929479911626e+01,8.892853380834414168e+01,1.676105783273162042e-03,9.754580070415059367e+01,1.045036370317011318e+02,1.016682871235156824e+02,1.006564613994088262e+02,1.019802236979136012e+02,9.985359686914821964e+01,6.483367089046227250e+01,5.489771785020653994e+01,5.079496963085878747e+01,5.591884797582847000e+01,7.236651254961175539e+01
1.200000000000000000e+02,1.200000000000000000e+02,1.200000000000000000e+02,1.200000000000000000e+02,1.200000000000000000e+02,1.200000000000000000e+02,1.200000000000000000e+02,1.200000000000000000e+02,1.200000000000000000e+02,1.200000000000000000e+02,2.072887753643038941e-02,1.009068947604903173e+02,9.107285211365967825e+01,2.064013085819559317e-03,8.033139347931967222e+01,1.033191452277917932e+02,1.044910580456779741e+02,1.023653914162355107e+02,1.016621902893141538e+02,9.926625723387464006e+01,6.417859300396341382e+01,5.511076107116468847e+01,5.098778830282562069e+01,5.582187248613388419e+01,7.223503231888709308e+01
1.200000000000000000e+02,1.200000000000000000e+02,1.200000000000000000e+02,1.200000000000000000e+02,1.200000000000000000e+02,1.200000000000000000e+02,1.200000000000000000e+02,1.200000000000000000e+02,1.200000000000000000e+02,1.200000000000000000e+02,7.811266977934140243e+01,8.654032873284382699e-02,2.883842908237184855e-03,8.491572215366176124e+01,6.935912426685179355e+01,9.740859003051630793e+01,1.046096003568100912e+02,1.042962969731878928e+02,1.025511647440621630e+02,9.884472920664531159e+01,6.359518755916608512e+01,5.474182479161024162e+01,5.109613417198024621e+01,5.596489273363469152e+01,7.217870683146331601e+01
1.200000000000000000e+02,1.200000000000000000e+02,1.200000000000000000e+02,1.200000000000000000e+02,1.200000000000000000e+02,1.200000000000000000e+02,1.200000000000000000e+02,1.200000000000000000e+02,1.200000000000000000e+02,1.200000000000000000e+02,8.089085435492818021e+01,1.593270964443049831e+00,2.449233703649807303e+00,8.601699219844860522e+01,2.889210278166163803e+01,9.459517778123831988e+01,1.012699360668163422e+02,1.048229420590414804e+02,1.038349139916916783e+02,9.916506867694924665e+01,6.298411075014331573e+01,5.450482463441399261e+01,5.087570607987061067e+01,5.603147088569673429e+01,7.228022012702214738e+01
1.200000000000000000e+02,1.200000000000000000e+02,1.200000000000000000e+02,1.200000000000000000e+02,1.200000000000000000e+02,1.200000000000000000e+02,1.200000000000000000e+02,1.200000000000000000e+02,1.200000000000000000e+02,1.200000000000000000e+02,6.688526878002715864e-03,6.212681909782107569e-03,2.326468815448295632e-02,3.155396701174826950e-03,1.395626961108023956e+01,9.383543857876406946e+01,9.977154595149457350e+01,1.029130021834306774e+02,1.044441323237905976e+02,9.996044810602366226e+01,6.286244889926359747e+01,5.426682316986266130e+01,5.078061389845790785e+01,5.589450747925337737e+01,7.231639564650572538e+01
1.200000000000000000e+02,1.200000000000000000e+02,1.200000000000000000e+02,1.200000000000000000e+02,1.200000000000000000e+02,1.200000000000000000e+02,1.200000000000000000e+02,1.200000000000000000e+02,1.200000000000000000e+02,1.200000000000000000e+02,1.088733832101020788e-02,5.782870449110228891e-03,1.253657383061311352e-02,8.535443051195648612e-03,4.173071290255729338e+01,9.344310039777094801e+01,9.900493884958007129e+01,1.021847920933384728e+02,1.033899864651902334e+02,1.005529357601431713e+02,6.337336941902611898e+01,5.404167303478814688e+01,5.076378237561808504e+01,5.585818352873496906e+01,7.222728727049823760e+01
1.200000000000000000e+02,1.200000000000000000e+02,1.200000000000000000e+02,1.200000000000000000e+02,1.200000000000000000e+02,1.200000000000000000e+02,1.200000000000000000e+02,1.200000000000000000e+02,1.200000000000000000e+02,1.200000000000000000e+02,2.383215484305326370e+01,5.162636994604543651e-03,6.936182567436467543e-03,1.886284008386631239e+00,7.110342013117453064e+01,9.363968713247675169e+01,9.982558610994624360e+01,1.014584477130945857e+02,1.031416803870547341e+02,1.000705209386334076e+02,6.403461495788727120e+01,5.400240106124591932e+01,5.067774037080835825e+01,5.591280332428008393e+01,7.222085298874445414e+01
1.200000000000000000e+02,1.200000000000000000e+02,1.200000000000000000e+02,1.200000000000000000e+02,1.200000000000000000e+02,1.200000000000000000e+02,1.200000000000000000e+02,1.200000000000000000e+02,1.200000000000000000e+02,1.200000000000000000e+02,1.873838335740475003e+01,7.465473067086460901e+01,5.370430891317177872e-03,2.958710523845965312e+01,8.922668356191839223e+01,9.375033207180972283e+01,9.976393399099329429e+01,1.023095707209162839e+02,1.024975487546640522e+02,1.001304675730448963e+02,6.380470280654432003e+01,5.410101022761259060e+01,5.057224892751447953e+01,5.591712352871164882e+01,7.228009442662724382e+01
1.200000000000000000e+02,1.200000000000000000e+02,1.200000000000000000e+02,1.200000000000000000e+02,1.200000000000000000e+02,1.200000000000000000e+02,1.200000000000000000e+02,1.200000000000000000e+02,1.200000000000000000e+02,1.200000000000000000e+02,8.279563762205013688e+01,7.889161569309902688e+01,8.442971488575240357e+01,2.775191961911586702e+01,1.025318000138957188e+02,9.661027530733379365e+01,9.889545686005794778e+01,1.020822455437656942e+02,1.032079460845148020e+02,9.964278768653036877e+01,6.423219906962346215e+01,5.395084228186156139e+01,5.048159700848236042e+01,5.587158868126020650e+01,7.230952664695169574e+01
1.200000000000000000e+02,1.200000000000000000e+02,1.200000000000000000e+02,1.200000000000000000e+02,1.200000000000000000e+02,1.200000000000000000e+02,1.200000000000000000e+02,1.200000000000000000e+02,1.200000000000000000e+02,1.200000000000000000e+02,7.860669242386573785e+01,8.595599072184828060e+01,5.642837814473488159e-03,2.167588724063956818e+01,1.024609776706460167e+02,1.031146579098452207e+02,9.963242695546203720e+01,1.011037095304106259e+02,1.029069653732847485e+02,1.001435627713874226e+02,6.388668196065321325e+01,5.428680885398406275e+01,5.030500768389342880e+01,5.579808843477601954e+01,7.230084977988165917e+01
1.200000000000000000e+02,1.200000000000000000e+02,1.200000000000000000e+02,1.200000000000000000e+02,1.200000000000000000e+02,1.200000000000000000e+02,1.200000000000000000e+02,1.200000000000000000e+02,1.200000000000000000e+02,1.200000000000000000e+02,9.437270893299510091e-03,8.740001706858298292e+01,5.744915430723570270e-03,1.882782699560780415e+01,9.823340094765006825e+01,1.045396293222778041e+02,1.034987377081679369e+02,1.012279116868695041e+02,1.019821352531414504e+02,9.987374286092317277e+01,6.444076789744596567e+01,5.430783383111812412e+01,5.043882223207361193e+01,5.566824196301510597e+01,7.226094577191072688e+01
1.200000000000000000e+02,1.200000000000000000e+02,1.200000000000000000e+02,1.200000000000000000e+02,1.200000000000000000e+02,1.200000000000000000e+02,1.200000000000000000e+02,1.200000000000000000e+02,1.200000000000000000e+02,1.200000000000000000e+02,4.982759934344788144e-02,4.120438078996014296e-03,6.019789075053151410e-03,1.732598710430291433e+01,9.161606971025490509e+01,1.030361947622483711e+02,1.047634684003353271e+02,1.037144227650067734e+02,1.019083632738248468e+02,9.898171026395294803e+01,6.418493020785685133e+01,5.464882210450674194e+01,5.050842850637722847e+01,5.571539927782382051e+01,7.218203720346106422e+01
1.200000000000000000e+02,1.200000000000000000e+02,1.200000000000000000e+02,1.200000000000000000e+02,1.200000000000000000e+02,1.200000000000000000e+02,1.200000000000000000e+02,1.200000000000000000e+02,1.200000000000000000e+02,1.200000000000000000e+02,5.970975870476348014e-03,3.464784578097206656e-03,7.926280345265935523e+01,3.432645857721284699e+01,9.120408575708118804e+01,9.968198724055019966e+01,1.043790109087570386e+02,1.045979663965839137e+02,1.035611336067255053e+02,9.879626964667832567e+01,6.287269370245672206e+01,5.459956417919789118e+01,5.070030694804196258e+01,5.575699785233639005e+01,7.221747833155997398e+01
1.200000000000000000e+02,1.200000000000000000e+02,1.200000000000000000e+02,1.200000000000000000e+02,1.200000000000000000e+02,1.200000000000000000e+02,1.200000000000000000e+02,1.200000000000000000e+02,1.200000000000000000e+02,1.200000000000000000e+02,5.047960083559114262e-03,8.468439165939389568e+01,8.045707730501386834e+01,1.725389364129168968e+01,9.433321621443027993e+01,9.897398567183257967e+01,1.026846373456668005e+02,1.047178787599429057e+02,1.040873062476124602e+02,9.990956060700310104e+01,6.235323789652944981e+01,5.385542733955289663e+01,5.071632653855248662e+01,5.585232422634475569e+01,7.224095751123292075e+01
1.200000000000000000e+02,1.200000000000000000e+02,1.200000000000000000e+02,1.200000000000000000e+02,1.200000000000000000e+02,1.200000000000000000e+02,1.200000000000000000e+02,1.200000000000000000e+02,1.200000000000000000e+02,1.200000000000000000e+02,7.248201650522656699e-03,8.179039795054438855e+01,8.979223316638949370e+01,8.409447251301047088e-02,9.230741814667906908e+01,1.003514435302475079e+02,1.021031886099489299e+02,1.039956419413563538e+02,1.044313257416585117e+02,1.001702431004479479e+02,6.343851484618961223e+01,5.347009857107405395e+01,5.035557935347360825e+01,5.586232880161515624e+01,7.229576815778760590e+01
1.200000000000000000e+02,1.200000000000000000e+02,1.200000000000000000e+02,1.200000000000000000e+02,1.200000000000000000e+02,1.200000000000000000e+02,1.200000000000000000e+02,1.200000000000000000e+02,1.200000000000000000e+02,1.200000000000000000e+02,2.070392280707933699e-02,8.436827053186193837e+01,5.417067444451781170e-03,7.657829820568900700e-03,9.156037372377724637e+01,9.860905653681885497e+01,1.027550390431747047e+02,1.035826345262311889e+02,1.043137126039940483e+02,1.005578893342785705e+02,6.351503416013922276e+01,5.392957454609621948e+01,5.016620216871193350e+01,5.567558169460870232e+01,7.228806855736809212e+01
1.200000000000000000e+02,1.200000000000000000e+02,1.200000000000000000e+02,1.200000000000000000e+02,1.200000000000000000e+02,1.200000000000000000e+02,1.200000000000000000e+02,1.200000000000000000e+02,1.200000000000000000e+02,1.200000000000000000e+02,4.348819873560077348e-02,9.876922634280497701e-03,4.150526792698882965e-03,1.907328129397240987e-02,9.414127245077438033e+01,9.871001571235701988e+01,1.012397407600004158e+02,1.039087445679481334e+02,1.040476084193591504e+02,1.009322356127173919e+02,6.383792007657741152e+01,5.375616184379943263e+01,5.040399213965756076e+01,5.560421933096713332e+01,7.217291237710873020e+01
1.200000000000000000e+02,1.200000000000000000e+02,1.200000000000000000e+02,1.200000000000000000e+02,1.200000000000000000e+02,1.200000000000000000e+02,1.200000000000000000e+02,1.200000000000000000e+02,1.200000000000000000e+02,1.200000000000000000e+02,8.039558245990538410e+01,1.022155876847809175e+00,2.428964773922507713e-03,1.823685057936089748e+01,9.347240415769103095e+01,1.004138828283248159e+02,1.015429518373206861e+02,1.025976435019245940e+02,1.042283878783035647e+02,1.008704551081709440e+02,6.487377425828141497e+01,5.359853757896562598e+01,5.024313809080809534e+01,5.577107968029206120e+01,7.215910500564709196e+01
1.200000000000000000e+02,1.200000000000000000e+02,1.200000000000000000e+02,1.200000000000000000e+02,1.200000000000000000e+02,1.200000000000000000e+02,1.200000000000000000e+02,1.200000000000000000e+02,1.200000000000000000e+02,1.200000000000000000e+02,7.996995099661653228e+01,7.350798914629113945e+00,2.606319063589099434e-03,3.414539153388628279e+01,9.588673290505526836e+01,1.001016077092961751e+02,1.026942035515975107e+02,1.029584329531436282e+02,1.031284125087913424e+02,1.009951845773839096e+02,6.528302388496260278e+01,5.419737950325005471e+01,4.995270594488020066e+01,5.567764966829365392e+01,7.228810540361351400e+01
1.200000000000000000e+02,1.200000000000000000e+02,1.200000000000000000e+02,1.200000000000000000e+02,1.200000000000000000e+02,1.200000000000000000e+02,1.200000000000000000e+02,1.200000000000000000e+02,1.200000000000000000e+02,1.200000000000000000e+02,7.918981736483447428e-03,3.326646268311426406e-03,2.879384346054014027e-03,5.734197422014555201e+01,9.504979480622911581e+01,1.015486847288328107e+02,1.023842033302707222e+02,1.037437352984977394e+02,1.034967334392255509e+02,1.001592313514120320e+02,6.555043190242523110e+01,5.464909382438283814e+01,5.013746826612514695e+01,5.544969112414828061e+01,7.222928407649651206e+01
1.200000000000000000e+02,1.200000000000000000e+02,1.200000000000000000e+02,1.200000000000000000e+02,1.200000000000000000e+02,1.200000000000000000e+02,1.200000000000000000e+02,1.200000000000000000e+02,1.200000000000000000e+02,1.200000000000000000e+02,1.280262165825260881e-02,7.374711808467806406e+01,3.142935703932086579e-03,7.656293690885709680e+01,9.413570716122919180e+01,1.009378653765155320e+02,1.034709682133207025e+02,1.033796196969215941e+02,1.040279807488894619e+02,1.004887750178898500e+02,6.467588314789618664e+01,5.487929086893483088e+01,5.035983552899984517e+01,5.549072999928120709e+01,7.208797297344376886e+01
1.200000000000000000e+02,1.200000000000000000e+02,1.200000000000000000e+02,1.200000000000000000e+02,1.200000000000000000e+02,1.200000000000000000e+02,1.200000000000000000e+02,1.200000000000000000e+02,1.200000000000000000e+02,1.200000000000000000e+02,2.916826933764014740e+01,5.400082039630058409e-03,3.388680503457348978e-03,8.966240864097152041e+01,9.397206431115525049e+01,9.988499622409204903e+01,1.030540728212506139e+02,1.042840761375314713e+02,1.036160435602262027e+02,1.009131755902783993e+02,6.515636840230916960e+01,5.454052011790256671e+01,5.042993628557591990e+01,5.556588552946427484e+01,7.211023691546850500e+01
1.200000000000000000e+02,1.200000000000000000e+02,1.200000000000000000e+02,1.200000000000000000e+02,1.200000000000000000e+02,1.200000000000000000e+02,1.200000000000000000e+02,1.200000000000000000e+02,1.200000000000000000e+02,1.200000000000000000e+02,1.572656288149229198e+01,8.292638895853274050e+01,9.107920856097267404e+01,9.679711817851575972e+01,9.666188413011016678e+01,9.884317053911431117e+01,1.021965666406323123e+02,1.039895803633520188e+02,1.044037958152817254e+02,1.004529669568279502e+02,6.588851394049770249e+01,5.492132123874352345e+01,5.024857374357907247e+01,5.552934824456679053e+01,7.213214307606817499e+01
1.200000000000000000e+02,1.200000000000000000e+02,1.200000000000000000e+02,1.200000000000000000e+02,1.200000000000000000e+02,1.200000000000000000e+02,1.200000000000000000e+02,1.200000000000000000e+02,1.200000000000000000e+02,1.200000000000000000e+02,8.859051387089051843e+01,8.875267210079545066e+01,8.962869420686291733e+01,7.113049263375978626e+01,1.004224039059356812e+02,9.967182197057181270e+01,1.011767811321031303e+02,1.033111734037421030e+02,1.041981289584167314e+02,1.011170116164049517e+02,6.522422510075884361e+01,5.552505850727963121e+01,5.046834319403868818e+01,5.537525372345470487e+01,7.207627568575476573e+01
1.200000000000000000e+02,1.200000000000000000e+02,1.200000000000000000e+02,1.200000000000000000e+02,1.200000000000000000e+02,1.200000000000000000e+02,1.200000000000000000e+02,1.200000000000000000e+02,1.200000000000000000e+02,1.200000000000000000e+02,8.509025557876614698e+01,9.473603261348684157e+01,3.841864566845030072e-03,3.270232229976721783e+01,1.015833487067483389e+02,1.018411260927546920e+02,1.013374204099182236e+02,1.024763071426237815e+02,1.036541322705177777e+02,1.011029372810727551e+02,6.598550085516346542e+01,5.521151254459416435e+01,5.086433137996117182e+01,5.546832404697864405e+01,7.195564155248139571e+01
1.200000000000000000e+02,1.200000000000000000e+02,1.200000000000000000e+02,1.200000000000000000e+02,1.200000000000000000e+02,1.200000000000000000e+02,1.200000000000000000e+02,1.200000000000000000e+02,1.200000000000000000e+02,1.200000000000000000e+02,9.342257156266029275e-03,9.540147996118621165e+01,2.956959247854425675e-03,3.001753821171434566e+01,9.458733278800605149e+01,1.029437324804803495e+02,1.026106209812057557e+02,1.023577773241562454e+02,1.030218076148997710e+02,1.006333906771183706e+02,6.634282935625449795e+01,5.556024440285438004e+01,5.073811884353826684e+01,5.567970406328739585e+01,7.200568061031131606e+01
1.200000000000000000e+02,1.200000000000000000e+02,1.200000000000000000e+02,1.200000000000000000e+02,1.200000000000000000e+02,1.200000000000000000e+02,1.200000000000000000e+02,1.200000000000000000e+02,1.200000000000000000e+02,1.200000000000000000e+02,7.315398999092800558e+00,4.180454877769799668e-03,3.113497405675874196e-03,3.411875807006865102e+01,9.239024119144539782e+01,9.981373188181929379e+01,1.034402429018371379e+02,1.030789315016913292e+02,1.027883307637846997e+02,1.001680623307282900e+02,6.578779973137746140e+01,5.596529794230696808e+01,5.086374492942916703e+01,5.558703660779869438e+01,7.211434599800855949e+01
1.200000000000000000e+02,1.200000000000000000e+02,1.200000000000000000e+02,1.200000000000000000e+02,1.200000000000000000e+02,1.200000000000000000e+02,1.200000000000000000e+02,1.200000000000000000e+02,1.200000000000000000e+02,1.200000000000000000e+02,1.499014208933673231e+01,2.044812316151258837e-03,8.271552998426338377e+01,5.680236776449829961e+01,9.619030418911913216e+01,9.919390616199538613e+01,1.019478119101323728e+02,1.036327555945017878e+02,1.031506784723871135e+02,9.990086684577904919e+01,6.522287263806606461e+01,5.577706462826800760e+01,5.112899212411655725e+01,5.560782922400360917e+01,7.202535432743259491e+01
1.200000000000000000e+02,1.200000000000000000e+02,1.200000000000000000e+02,1.200000000000000000e+02,1.200000000000000000e+02,1.200000000000000000e+02,1.200000000000000000e+02,1.200000000000000000e+02,1.200000000000000000e+02,1.200000000000000000e+02,1.134831673215002702e-02,2.859872490618411631e-03,8.359019458237379752e+01,3.732603195640489702e+01,9.894950318769477349e+01,1.009964108480825189e+02,1.019607469095967360e+02,1.029309995697967253e+02,1.034769107266953938e+02,9.998026167953094046e+01,6.485687615228773950e+01,5.554612957688302544e+01,5.108249568986791900e+01,5.573959813785710082e+01,7.201918315455939990e+01
1.200000000000000000e+02,1.200000000000000000e+02,1.200000000000000000e+02,1.200000000000000000e+02,1.200000000000000000e+02,1.200000000000000000e+02,1.200000000000000000e+02,1.200000000000000000e+02,1.200000000000000000e+02,1.200000000000000000e+02,7.201015527787534877e-03,8.183069573181317935e+01,4.011533658503783038e-03,2.474582418935453632e+01,9.574054088244773197e+01,1.024926404819055819e+02,1.029104684257261653e+02,1.032442140643798041e+02,1.031746420749777542e+02,1.000933529611464508e+02,6.469094007606986452e+01,5.546124900548308290e+01,5.100505792163598073e+01,5.569595097835680519e+01,7.207125131582319000e+01
1.200000000000000000e+02,1.200000000000000000e+02,1.200000000000000000e+02,1.200000000000000000e+02,1.200000000000000000e+02,1.200000000000000000e+02,1.200000000000000000e+02,1.200000000000000000e+02,1.200000000000000000e+02,1.200000000000000000e+02,7.610165183300050817e-03,6.686991022124637828e-03,3.983983216332828356e-03,4.378660974362917102e+01,9.240062710737507246e+01,1.002882171952412449e+02,1.037669650954185983e+02,1.037729765716130288e+02,1.036164652782231599e+02,9.996899994242910736e+01,6.453375857274721739e+01,5.535261590323196401e+01,5.106491925906264129e+01,5.564535196835909403e+01,7.201406596242318869e+01
1.200000000000000000e+02,1.200000000000000000e+02,1.200000000000000000e+02,1.200000000000000000e+02,1.200000000000000000e+02,1.200000000000000000e+02,1.200000000000000000e+02,1.200000000000000000e+02,1.200000000000000000e+02,1.200000000000000000e+02,9.098869977049044849e-03,8.137691719352505362e-03,5.645028435275789222e-03,7.161235164038181722e+01,9.203024743155542353e+01,9.905957183436173352e+01,1.021741581386341124e+02,1.042788968142431969e+02,1.039147496509968818e+02,1.004338504373667433e+02,6.437060765577042787e+01,5.511976876243323176e+01,5.108929125797943271e+01,5.571543571282876428e+01,7.197454073430330368e+01
1.200000000000000000e+02,1.200000000000000000e+02,1.200000000000000000e+02,1.200000000000000000e+02,1.200000000000000000e+02,1.200000000000000000e+02,1.200000000000000000e+02,1.200000000000000000e+02,1.200000000000000000e+02,1.200000000000000000e+02,8.541838673940689830e+01,6.030289477442657767e-03,1.420407569372179879e-02,9.116405340261285062e+01,9.487249908653359398e+01,9.872352453118082849e+01,1.018287324121984767e+02,1.031009937562435255e+02,1.042210374794857586e+02,1.006247352809863855e+02,6.505524541260328419e+01,5.495557737439486345e+01,5.097180337905659542e+01,5.577499588769280336e+01,7.202530058893313480e+01
1.200000000000000000e+02,1.200000000000000000e+02,1.200000000000000000e+02,1.200000000000000000e+02,1.200000000000000000e+02,1.200000000000000000e+02,1.200000000000000000e+02,1.200000000000000000e+02,1.200000000000000000e+02,1.200000000000000000e+02,8.112665405857741519e+01,3.806747046278504548e-03,1.138576842568509717e-01,9.867034455264990811e+01,9.780506346978908994e+01,9.940289572624597270e+01,1.015173758973063798e+02,1.031986789120822294e+02,1.033561484330166280e+02,1.007978102720657034e+02,6.533605162174328029e+01,5.534353352525425151e+01,5.087962153758193296e+01,5.573748926850245056e+01,7.207254548911330971e+01
1.200000000000000000e+02,1.200000000000000000e+02,1.200000000000000000e+02,1.200000000000000000e+02,1.200000000000000000e+02,1.200000000000000000e+02,1.200000000000000000e+02,1.200000000000000000e+02,1.200000000000000000e+02,1.200000000000000000e+02,8.316679427231780153e+01,4.077349059136396378e-03,2.522015717901015819e+01,9.931021362378537276e+01,1.013718747366064008e+02,1.003167826070107651e+02,1.014450415759010014e+02,1.029035163918873792e+02,1.036809087736914989e+02,1.002171046256268596e+02,6.542992847053575645e+01,5.551750415944441386e+01,5.109561466620322534e+01,5.571212636813812935e+01,7.206084891993558017e+01
1.200000000000000000e+02,1.200000000000000000e+02,1.200000000000000000e+02,1.200000000000000000e+02,1.200000000000000000e+02,1.200000000000000000e+02,1.200000000000000000e+02,1.200000000000000000e+02,1.200000000000000000e+02,1.200000000000000000e+02,2.752993584030327331e-02,5.917854407041430245e-03,5.014699514197385355e+01,9.857517682137029169e+01,1.032178501205189320e+02,1.023721302482958180e+02,1.016382453711686935e+02,1.025194766777584476e+02,1.034006382047145820e+02,1.006463980342626030e+02,6.481618568931541802e+01,5.545814371442107671e+01,5.120302294322024750e+01,5.585821533207130329e+01,7.206247257678884921e+01
1.200000000000000000e+02,1.200000000000000000e+02,1.200000000000000000e+02,1.200000000000000000e+02,1.200000000000000000e+02,1.200000000000000000e+02,1.200000000000000000e+02,1.200000000000000000e+02,1.200000000000000000e+02,1.200000000000000000e+02,1.234538766053610992e+01,9.183104361232680146e-03,5.979268223185746933e+01,9.423666822246261177e+01,1.035675519356326220e+02,1.041318004717137882e+02,1.028956531304764184e+02,1.024328194830619907e+02,1.028890555388272219e+02,1.004477294719614093e+02,6.555981288114432459e+01,5.512261291585648593e+01,5.111051712848372119e+01,5.593166972349771981e+01,7.216641547123357725e+01
1.200000000000000000e+02,1.200000000000000000e+02,1.200000000000000000e+02,1.200000000000000000e+02,1.200000000000000000e+02,1.200000000000000000e+02,1.200000000000000000e+02,1.200000000000000000e+02,1.200000000000000000e+02,1.200000000000000000e+02,3.452311415443666931e+01,7.069057106989419026e+01,4.600006356228017523e+01,9.170449594782397185e+01,1.008389901110454190e+02,1.048523260782577182e+02,1.043472921163449172e+02,1.032083801570495467e+02,1.027101299216576678e+02,9.982553998845340004e+01,6.554406058128640211e+01,5.563180386087203289e+01,5.090291610256046084e+01,5.585668314816312829e+01,7.220447949609295790e+01
1.200000000000000000e+02,1.200000000000000000e+02,1.200000000000000000e+02,1.200000000000000000e+02,1.200000000000000000e+02,1.200000000000000000e+02,1.200000000000000000e+02,1.200000000000000000e+02,1.200000000000000000e+02,1.200000000000000000e+02,1.355559462366531243e+01,7.670484522985083231e+01,6.784317286839173455e+00,9.157244295871302597e+01,9.812296491731396486e+01,1.031586864635083032e+02,1.051491828769628540e+02,1.043245609585545282e+02,1.031759898164138747e+02,9.959846359759198720e+01,6.449806885361076070e+01,5.582729315530335157e+01,5.118502214308272613e+01,5.572653666241838266e+01,7.214303738922052389e+01
1.200000000000000000e+02,1.200000000000000000e+02,1.200000000000000000e+02,1.200000000000000000e+02,1.200000000000000000e+02,1.200000000000000000e+02,1.200000000000000000e+02,1.200000000000000000e+02,1.200000000000000000e+02,1.200000000000000000e+02,8.188101501839258844e+01,8.620386402581502239e+01,1.149378882521357587e-02,9.162777402401380300e+01,9.754977778000488797e+01,1.010432673523519043e+02,1.041137759602174810e+02,1.050788907573402469e+02,1.039833039446520644e+02,9.986796160695874391e+01,6.397487875697649429e+01,5.521020694589609690e+01,5.138080107382678108e+01,5.588250577104803085e+01,7.205644939096025325e+01
1.200000000000000000e+02,1.200000000000000000e+02,1.200000000000000000e+02,1.200000000000000000e+02,1.200000000000000000e+02,1.200000000000000000e+02,1.200000000000000000e+02,1.200000000000000000e+02,1.200000000000000000e+02,1.200000000000000000e+02,3.600062881434924061e-02,4.498204900068574798e-03,1.355448898102515863e-02,9.564042203217900351e+01,9.789629076036378308e+01,1.005042883473413156e+02,1.025922614930061627e+02,1.044769013443434460e+02,1.046383262743276390e+02,1.003873724943423724e+02,6.416835800910111232e+01,5.481857841087109762e+01,5.108224120412933900e+01,5.600936874253639530e+01,7.215781865499135961e+01
1.200000000000000000e+02,1.200000000000000000e+02,1.200000000000000000e+02,1.200000000000000000e+02,1.200000000000000000e+02,1.200000000000000000e+02,1.200000000000000000e+02,1.200000000000000000e+02,1.200000000000000000e+02,1.200000000000000000e+02,2.674355025342728620e+00,3.139086728868191629e-03,9.413090636462401406e+00,9.651186272360654073e+01,1.009788491473973409e+02,1.006742640771440307e+02,1.021879885744874912e+02,1.034491150868943805e+02,1.043277376593372168e+02,1.009266197414293345e+02,6.458679549872942971e+01,5.488626972529821302e+01,5.087145626118386588e+01,5.584712341677055747e+01,7.222403754402361642e+01
1.200000000000000000e+02,1.200000000000000000e+02,1.200000000000000000e+02,1.200000000000000000e+02,1.200000000000000000e+02,1.200000000000000000e+02,1.200000000000000000e+02,1.200000000000000000e+02,1.200000000000000000e+02,1.200000000000000000e+02,8.310176409564532207e+01,3.373652178084746156e-03,5.098847708373065757e+01,9.536532517532118902e+01,1.017079527476224001e+02,1.028262006809479630e+02,1.021734353679421758e+02,1.031894706744905932e+02,1.036828816434635314e+02,1.008598423277982192e+02,6.514095307620222286e+01,5.497055454523569296e+01,5.094493371315431318e+01,5.574761254577052227e+01,7.211618150988724096e+01
1.200000000000000000e+02,1.200000000000000000e+02,1.200000000000000000e+02,1.200000000000000000e+02,1.200000000000000000e+02,1.200000000000000000e+02,1.200000000000000000e+02,1.200000000000000000e+02,1.200000000000000000e+02,1.200000000000000000e+02,7.266959103461545673e-03,8.134807528819527533e+01,6.680311599635210484e+01,9.549834314492395038e+01,1.014957538707713383e+02,1.033116442698761261e+02,1.036566012325692299e+02,1.030440889154288300e+02,1.035481364786020890e+02,1.005277305547350863e+02,6.524551965866272951e+01,5.505502484329563373e+01,5.096789505567478784e+01,5.583564813175478747e+01,7.207419069924432620e+01
1.200000000000000000e+02,1.200000000000000000e+02,1.200000000000000000e+02,1.200000000000000000e+02,1.200000000000000000e+02,1.200000000000000000e+02,1.200000000000000000e+02,1.200000000000000000e+02,1.200000000000000000e+02,1.200000000000000000e+02,1.412842889073444644e-02,7.385555293824386069e+01,5.267465370199710861e+01,8.993041258638130842e+01,1.015772010485661383e+02,1.034431039140924753e+02,1.039370662660522271e+02,1.040584684212091133e+02,1.033298451377247886e+02,1.005130068558814429e+02,6.510449718757743653e+01,5.503624072796090871e+01,5.089158707370158652e+01,5.586793767336531147e+01,7.215448371221015123e+01
1.200000000000000000e+02,1.200000000000000000e+02,1.200000000000000000e+02,1.200000000000000000e+02,1.200000000000000000e+02,1.200000000000000000e+02,1.200000000000000000e+02,1.200000000000000000e+02,1.200000000000000000e+02,1.200000000000000000e+02,9.332620281068935597e+00,7.837630539469319046e+01,3.574611513754637204e-02,9.293860973202724551e+01,9.688229685951550607e+01,1.036808870694951850e+02,1.042084776819234122e+02,1.041826670262808818e+02,1.040178925401143886e+02,1.002770479019720824e+02,6.530284725000566937e+01,5.503116898076963537e+01,5.076939981236055388e+01,5.579380224617701600e+01,7.218622679076854354e+01
1.200000000000000000e+02,1.200000000000000000e+02,1.200000000000000000e+02,1.200000000000000000e+02,1.200000000000000000e+02,1.200000000000000000e+02,1.200000000000000000e+02,1.200000000000000000e+02,1.200000000000000000e+02,1.200000000000000000e+02,7.023092672232941064e-03,1.673445161631872610e-02,7.778238815466167501e-03,9.155682778897556773e+01,9.759248858897599632e+01,1.000072635678140927e+02,1.045701758785611588e+02,1.044995073297808545e+02,1.040376187397544356e+02,1.007021409848340596e+02,6.505360172200089153e+01,5.527962502571276104e+01,5.071983953318431304e+01,5.568059579184490104e+01,7.213909465941314636e+01
1.200000000000000000e+02,1.200000000000000000e+02,1.200000000000000000e+02,1.200000000000000000e+02,1.200000000000000000e+02,1.200000000000000000e+02,1.200000000000000000e+02,1.200000000000000000e+02,1.200000000000000000e+02,1.200000000000000000e+02,8.226772146073446379e+01,2.205197481632001022e+00,9.389107138707403877e+00,9.546665100266332615e+01,9.771725196768559840e+01,1.001531775975585248e+02,1.016809335185196659e+02,1.049343101823351674e+02,1.043507302108333334e+02,1.006970310655560610e+02,6.541734319178208068e+01,5.525427616566637568e+01,5.086283704689979146e+01,5.562001143900187827e+01,7.206110709809604487e+01
1.200000000000000000e+02,1.200000000000000000e+02,1.200000000000000000e+02,1.200000000000000000e+02,1.200000000000000000e+02,1.200000000000000000e+02,1.200000000000000000e+02,1.200000000000000000e+02,1.200000000000000000e+02,1.200000000000000000e+02,7.837515991876192345e+01,6.382271793498323298e+00,3.832284824265173739e+01,9.541943970356911109e+01,1.010011424118796981e+02,1.004826411392682530e+02,1.017274331381970711e+02,1.026463810917216648e+02,1.048165608922309104e+02,1.009735387604283829e+02,6.540946000242597336e+01,5.540464205409995913e+01,5.089416170548356888e+01,5.568281548025496619e+01,7.202018174091317348e+01
1.200000000000000000e+02,1.200000000000000000e+02,1.200000000000000000e+02,1.200000000000000000e+02,1.200000000000000000e+02,1.200000000000000000e+02,1.200000000000000000e+02,1.200000000000000000e+02,1.200000000000000000e+02,1.200000000000000000e+02,8.244206839086268701e+01,3.673839898628891709e-03,6.386863411234987353e+01,9.619983734355639626e+01,1.010324600450024661e+02,1.027974702567676246e+02,1.020051218618799140e+02,1.027372143152897763e+02,1.030035623010569452e+02,1.014963297155873647e+02,6.575081432542455673e+01,5.538624981802008307e+01,5.095666787529788877e+01,5.569724962891599773e+01,7.205874386515959884e+01
1.200000000000000000e+02,1.200000000000000000e+02,1.200000000000000000e+02,1.200000000000000000e+02,1.200000000000000000e+02,1.200000000000000000e+02,1.200000000000000000e+02,1.200000000000000000e+02,1.200000000000000000e+02,1.200000000000000000e+02,1.169086551880169078e-02,5.041971649751525279e-03,8.468577971748399591e+01,9.437137449164127645e+01,1.015645265464552836e+02,1.027854844598936381e+02,1.035404665502107093e+02,1.029176104165109678e+02,1.031606653700361989e+02,1.001090912033136533e+02,6.665116235398089373e+01,5.553093756631690781e+01,5.093171018231890201e+01,5.571426383810121763e+01,7.206287626569876181e+01
1.200000000000000000e+02,1.200000000000000000e+02,1.200000000000000000e+02,1.200000000000000000e+02,1.200000000000000000e+02,1.200000000000000000e+02,1.200000000000000000e+02,1.200000000000000000e+02,1.200000000000000000e+02,1.200000000000000000e+02,1.302973179429185002e+01,6.994878718727959473e-03,7.809383821018543870e+01,9.573245036864159374e+01,9.997624800947258450e+01,1.033257630816755608e+02,1.034740137590889617e+02,1.038596474608980316e+02,1.032605648347735894e+02,1.002137150772955749e+02,6.513170410511187924e+01,5.608545403443678623e+01,5.096288276089773461e+01,5.568475356712843904e+01,7.206796608288490802e+01
1.200000000000000000e+02,1.200000000000000000e+02,1.200000000000000000e+02,1.200000000000000000e+02,1.200000000000000000e+02,1.200000000000000000e+02,1.200000000000000000e+02,1.200000000000000000e+02,1.200000000000000000e+02,1.200000000000000000e+02,3.132376195489777615e+01,7.456185372767124875e+01,5.481871788280808744e+01,9.893543074464324150e+01,9.966679045862858288e+01,1.021998301115588674e+02,1.040323280979187075e+02,1.037541313006104104e+02,1.037621243949695753e+02,1.003421134213573822e+02,6.511775372430359710e+01,5.542994349736013504e+01,5.121936413606918848e+01,5.567286976265224752e+01,7.203833523309870657e+01
1.200000000000000000e+02,1.200000000000000000e+02,1.200000000000000000e+02,1.200000000000000000e+02,1.200000000000000000e+02,1.200000000000000000e+02,1.200000000000000000e+02,1.200000000000000000e+02,1.200000000000000000e+02,1.200000000000000000e+02,8.440157862362259067e+00,8.292181069953551287e+01,2.823638451974304076e+01,9.809718145393240718e+01,1.011413978137021843e+02,1.015789357237441664e+02,1.032602855780314144e+02,1.043084846128173240e+02,1.036343267865763522e+02,1.004605746696681763e+02,6.548890583726310410e+01,5.542289866666856568e+01,5.093033651831770925e+01,5.577557522963463299e+01,7.201948690901727446e+01
1.200000000000000000e+02,1.200000000000000000e+02,1.200000000000000000e+02,1.200000000000000000e+02,1.200000000000000000e+02,1.200000000000000000e+02,1.200000000000000000e+02,1.200000000000000000e+02,1.200000000000000000e+02,1.200000000000000000e+02,5.223865210458823044e-02,1.148440983392969711e-02,2.089707749010131721e+01,9.498624433969609981e+01,1.015576997869725346e+02,1.023502974607367406e+02,1.026353240688662680e+02,1.037842987426140695e+02,1.041667290793258900e+02,1.002814923225891590e+02,6.534159110524961989e+01,5.583521679238324964e+01,5.093545537293979208e+01,5.560324054705452568e+01,7.206290108218631474e+01
1.200000000000000000e+02,1.200000000000000000e+02,1.200000000000000000e+02,1.200000000000000000e+02,1.200000000000000000e+02,1.200000000000000000e+02,1.200000000000000000e+02,1.200000000000000000e+02,1.200000000000000000e+02,1.200000000000000000e+02,1.042360403579771361e-01,1.637174574544879996e-02,4.331392567668428484e+01,9.404783319636031536e+01,1.003123935500752992e+02,1.029608326399690554e+02,1.030864650647837948e+02,1.032383552478081583e+02,1.038067858157765215e+02,1.007916203083041893e+02,6.484893655174620619e+01,5.571950215012332563e+01,5.127451551811802233e+01,5.559871063805842795e+01,7.193481159839920736e+01
1.200000000000000000e+02,1.200000000000000000e+02,1.200000000000000000e+02,1.200000000000000000e+02,1.200000000000000000e+02,1.200000000000000000e+02,1.200000000000000000e+02,1.200000000000000000e+02,1.200000000000000000e+02,1.200000000000000000e+02,7.884875105036905085e-02,4.690803459467142444e-02,7.061155161173144279e+01,9.329129370850029090e+01,1.002407382789800749e+02,1.023875041549985667e+02,1.036320501245432411e+02,1.035423023716702176e+02,1.033512672239831289e+02,1.005955477369841589e+02,6.549976306513435986e+01,5.526560948192639700e+01,5.127327309133850974e+01,5.583087702619124570e+01,7.194349848654094615e+01
1.200000000000000000e+02,1.200000000000000000e+02,1.200000000000000000e+02,1.200000000000000000e+02,1.200000000000000000e+02,1.200000000000000000e+02,1.200000000000000000e+02,1.200000000000000000e+02,1.200000000000000000e+02,1.200000000000000000e+02,7.835750948834407836e+01,5.565130611142938936e-03,9.023671984386304246e+01,9.423271841259625603e+01,9.963663743030269870e+01,1.026021678157393922e+02,1.033349566261478714e+02,1.039605077650882095e+02,1.035913863866782805e+02,1.001705274248686095e+02,6.546172706527715945e+01,5.554491003107881397e+01,5.098639071505049003e+01,5.585625554651497282e+01,7.209610743706639369e+01
1.200000000000000000e+02,1.200000000000000000e+02,1.200000000000000000e+02,1.200000000000000000e+02,1.200000000000000000e+02,1.200000000000000000e+02,1.200000000000000000e+02,1.200000000000000000e+02,1.200000000000000000e+02,1.200000000000000000e+02,8.185265380567084037e+01,5.014389498579339445e-03,1.018954258830502511e+02,9.737631123385442322e+01,9.925175854162101530e+01,1.021190369775400058e+02,1.036767790829393192e+02,1.037774268961302653e+02,1.038863609233032150e+02,1.003762676893647097e+02,6.481551959016944409e+01,5.561797932676376632e+01,5.108747356318234978e+01,5.569165614847481294e+01,7.210423157565027452e+01
1.200000000000000000e+02,1.200000000000000000e+02,1.200000000000000000e+02,1.200000000000000000e+02,1.200000000000000000e+02,1.200000000000000000e+02,1.200000000000000000e+02,1.200000000000000000e+02,1.200000000000000000e+02,1.200000000000000000e+02,6.455597911219048551e-03,7.810168463260721694e+01,1.045847566773604456e+02,1.029413235711225667e+02,1.002143853277291754e+02,1.014699786412240030e+02,1.032999103318972516e+02,1.041770934087845575e+02,1.037442394771198479e+02,1.006062344752919415e+02,6.502092224741403470e+01,5.521889953718115152e+01,5.116002978946534796e+01,5.574682933623850545e+01,7.200207320905367681e+01
1.200000000000000000e+02,1.200000000000000000e+02,1.200000000000000000e+02,1.200000000000000000e+02,1.200000000000000000e+02,1.200000000000000000e+02,1.200000000000000000e+02,1.200000000000000000e+02,1.200000000000000000e+02,1.200000000000000000e+02,2.016411764188045033e-02,5.948007363877343134e-03,6.580231547240354928e+01,1.061693906807354750e+02,1.034473267053388099e+02,1.017169691833761505e+02,1.026373815974151427e+02,1.038874364401073365e+02,1.041620514969880844e+02,1.004501382195521870e+02,6.537104047825567932e+01,5.528137701042889063e+01,5.094076259028891940e+01,5.580296153758070687e+01,7.204486705950664316e+01
1.200000000000000000e+02,1.200000000000000000e+02,1.200000000000000000e+02,1.200000000000000000e+02,1.200000000000000000e+02,1.200000000000000000e+02,1.200000000000000000e+02,1.200000000000000000e+02,1.200000000000000000e+02,1.200000000000000000e+02,6.427966691881976224e+00,7.616925824035093717e-03,5.407381642128735422e+01,1.026179950896646318e+02,1.061186436721349082e+02,1.037385851018774332e+02,1.026244726873528208e+02,1.032887813656710847e+02,1.039463768712106599e+02,1.008459725748484459e+02,6.510874740167849950e+01,5.551439437334304472e+01,5.094765919198953696e+01,5.567877334246013987e+01,7.207598909054547676e+01
1.200000000000000000e+02,1.200000000000000000e+02,1.200000000000000000e+02,1.200000000000000000e+02,1.200000000000000000e+02,1.200000000000000000e+02,1.200000000000000000e+02,1.200000000000000000e+02,1.200000000000000000e+02,1.200000000000000000e+02,6.592850279286466275e-02,6.302906061008994865e-01,7.299729621982162087e+01,9.020890401260946589e+01,1.046936087595913705e+02,1.057944018982695837e+02,1.039223025786478445e+02,1.031987504749061060e+02,1.034297760141806179e+02,1.007539958360988948e+02,6.560009058090386702e+01,5.533440102684077999e+01,5.109340480501786175e+01,5.568153397582434394e+01,7.200010341574903805e+01
1.200000000000000000e+02,1.200000000000000000e+02,1.200000000000000000e+02,1.200000000000000000e+02,1.200000000000000000e+02,1.200000000000000000e+02,1.200000000000000000e+02,1.200000000000000000e+02,1.200000000000000000e+02,1.200000000000000000e+02,8.330283982013857269e+01,1.150582175551958031e+01,8.609894562028698317e+01,9.031213911199282052e+01,9.820735217253253779e+01,1.052965612612881188e+02,1.054396677117671146e+02,1.040300221648214460e+02,1.033381939772261404e+02,1.002937183679033950e+02,6.568489624320717724e+01,5.553517504250476833e+01,5.099264075239671712e+01,5.577822565615448269e+01,7.201576521606976655e+01
1.200000000000000000e+02,1.200000000000000000e+02,1.200000000000000000e+02,1.200000000000000000e+02,1.200000000000000000e+02,1.200000000000000000e+02,1.200000000000000000e+02,1.200000000000000000e+02,1.200000000000000000e+02,1.200000000000000000e+02,1.485654030487506827e-01,6.602192284923344090e+00,9.688562290449966952e+01,9.407243593286077044e+01,9.713980333781405818e+01,1.017133239166661411e+02,1.053767486935064994e+02,1.051073096362525234e+02,1.038620897496243458e+02,1.002089798267144261e+02,6.507295681918245123e+01,5.566662281928337563e+01,5.104231456194712990e+01,5.572208897049276288e+01,7.208035056241872951e+01
1.200000000000000000e+02,1.200000000000000000e+02,1.200000000000000000e+02,1.200000000000000000e+02,1.200000000000000000e+02,1.200000000000000000e+02,1.200000000000000000e+02,1.200000000000000000e+02,1.200000000000000000e+02,1.200000000000000000e+02,5.042607166693910403e-02,1.093249874594010573e-01,1.007839308672679266e+02,9.939620458600384723e+01,9.805156040812232732e+01,1.005310893478438174e+02,1.034434034268048492e+02,1.052422348385683932e+02,1.045950639306253294e+02,1.005459813886812412e+02,6.489960329710548592e+01,5.535220328572076198e+01,5.111943445815357734e+01,5.572812363264248603e+01,7.204249486507823974e+01
1.200000000000000000e+02,1.200000000000000000e+02,1.200000000000000000e+02,1.200000000000000000e+02,1.200000000000000000e+02,1.200000000000000000e+02,1.200000000000000000e+02,1.200000000000000000e+02,1.200000000000000000e+02,1.200000000000000000e+02,2.617189446603149228e-02,5.639119487369464306e-02,9.895424023573181671e+01,1.026316484315249937e+02,1.007389504149859221e+02,1.003729777720209029e+02,1.024102906221573903e+02,1.043079539790559522e+02,1.048112445557352146e+02,1.010164848962550792e+02,6.525741298474972041e+01,5.524029835348009954e+01,5.096452918461839943e+01,5.576541295491972505e+01,7.204621297288734638e+01
1.200000000000000000e+02,1.200000000000000000e+02,1.200000000000000000e+02,1.200000000000000000e+02,1.200000000000000000e+02,1.200000000000000000e+02,1.200000000000000000e+02,1.200000000000000000e+02,1.200000000000000000e+02,1.200000000000000000e+02,1.386957570993458365e-02,1.488926517989588483e+01,9.466456111266992934e+01,1.032912436696020961e+02,1.029965102232182517e+02,1.016711759940058784e+02,1.018390751479313394e+02,1.034831208028189025e+02,1.044919967195721995e+02,1.012729287775125613e+02,6.568797360397188356e+01,5.543275788135680671e+01,5.090426843008435043e+01,5.567516609197986099e+01,7.206065084680913913e+01
1.200000000000000000e+02,1.200000000000000000e+02,1.200000000000000000e+02,1.200000000000000000e+02,1.200000000000000000e+02,1.200000000000000000e+02,1.200000000000000000e+02,1.200000000000000000e+02,1.200000000000000000e+02,1.200000000000000000e+02,1.663222013919160233e-02,2.008022047994817427e+01,9.204843251498068923e+01,1.017099281225049623e+02,1.042114654269427234e+02,1.031278196446775439e+02,1.023764143688867989e+02,1.027872407514882980e+02,1.038679482867477617e+02,1.013779490123011726e+02,6.603286622912754922e+01,5.556020478056311163e+01,5.102146360793391011e+01,5.564283248978325958e+01,7.199872673868385675e+01
1.200000000000000000e+02,1.200000000000000000e+02,1.200000000000000000e+02,1.200000000000000000e+02,1.200000000000000000e+02,1.200000000000000000e+02,1.200000000000000000e+02,1.200000000000000000e+02,1.200000000000000000e+02,1.200000000000000000e+02,2.179633397379283910e-02,2.220270820386336652e+01,8.839686639793298184e+01,1.001790264965118809e+02,1.037974961705383237e+02,1.043442815549426967e+02,1.032394688913679488e+02,1.029155736939619317e+02,1.031805565196779355e+02,1.009813644154567243e+02,6.664197354311122012e+01,5.563201423096568732e+01,5.104830650364814915e+01,5.572145230298067275e+01,7.198811196041687310e+01
1.200000000000000000e+02,1.200000000000000000e+02,1.200000000000000000e+02,1.200000000000000000e+02,1.200000000000000000e+02,1.200000000000000000e+02,1.200000000000000000e+02,1.200000000000000000e+02,1.200000000000000000e+02,1.200000000000000000e+02,2.840272028389793230e-02,1.759630898694956613e+01,8.904600991937414278e+01,9.738306787770621042e+01,1.029843557965314176e+02,1.044886058580958235e+02,1.042647083677876765e+02,1.033568326457446318e+02,1.031044615349214695e+02,1.003336794018226215e+02,6.650847370885605869e+01,5.609426520637452995e+01,5.098526374444351461e+01,5.572428514027305368e+01,7.204476207783748976e+01
1.200000000000000000e+02,1.200000000000000000e+02,1.200000000000000000e+02,1.200000000000000000e+02,1.200000000000000000e+02,1.200000000000000000e+02,1.200000000000000000e+02,1.200000000000000000e+02,1.200000000000000000e+02,1.200000000000000000e+02,3.522741224506432955e-02,1.711568115441032134e+01,9.217900915968172626e+01,9.703768810985916105e+01,1.009521837041392445e+02,1.041466861717832728e+02,1.046561137466788267e+02,1.041369780437871100e+02,1.032594510004998938e+02,1.001404653534685281e+02,6.566072810613316335e+01,5.628735523952626352e+01,5.118412065341706096e+01,5.564193948314041904e+01,7.204008304639535254e+01
1.200000000000000000e+02,1.200000000000000000e+02,1.200000000000000000e+02,1.200000000000000000e+02,1.200000000000000000e+02,1.200000000000000000e+02,1.200000000000000000e+02,1.200000000000000000e+02,1.200000000000000000e+02,1.200000000000000000e+02,2.278988549327655433e-02,3.155814816821770208e+01,9.590921107996913975e+01,9.836375088240711762e+01,1.004650773186856298e+02,1.026946322735491890e+02,1.046166216158237603e+02,1.046018632112536579e+02,1.038004853079781924e+02,1.000989095670293239e+02,6.524469518913328159e+01,5.595442850114903166e+01,5.134765390941953456e+01,5.570578935020408551e+01,7.197467723144028184e+01
1.200000000000000000e+02,1.200000000000000000e+02,1.200000000000000000e+02,1.200000000000000000e+02,1.200000000000000000e+02,1.200000000000000000e+02,1.200000000000000000e+02,1.200000000000000000e+02,1.200000000000000000e+02,1.200000000000000000e+02,3.502628289886395435e-02,2.767247813182426341e+01,9.705556825961005529e+01,1.005237566503833051e+02,1.010158457808665133e+02,1.022670000081364634e+02,1.036100572877670913e+02,1.047400685855093343e+02,1.042462655009733083e+02,1.003839235573056499e+02,6.499188828757989711e+01,5.575860185130362368e+01,5.124395935882886732e+01,5.577732838826547379e+01,7.199775219415946026e+01
1.200000000000000000e+02,1.200000000000000000e+02,1.200000000000000000e+02,1.200000000000000000e+02,1.200000000000000000e+02,1.200000000000000000e+02,1.200000000000000000e+02,1.200000000000000000e+02,1.200000000000000000e+02,1.200000000000000000e+02,4.315260991728259860e-02,2.211327478606593999e+01,9.201957075042277268e+01,1.016046109550781864e+02,1.022745236930757358e+02,1.024401671748425287e+02,1.033007235927264418e+02,1.040748216466452902e+02,1.044740601447733184e+02,1.007596900123041053e+02,6.505582086651381246e+01,5.561917914231485582e+01,5.120376111714772094e+01,5.571441730159499173e+01,7.201719542208583391e+01
1.200000000000000000e+02,1.200000000000000000e+02,1.200000000000000000e+02,1.200000000000000000e+02,1.200000000000000000e+02,1.200000000000000000e+02,1.200000000000000000e+02,1.200000000000000000e+02,1.200000000000000000e+02,1.200000000000000000e+02,3.573561520077046111e-02,8.344008381126526430e+00,9.028136323633117399e+01,9.871571104332733171e+01,1.031093349394648442e+02,1.031428354185397183e+02,1.032855206000947703e+02,1.038930373756445675e+02,1.040616263286120784e+02,1.010379805538639175e+02,6.542392543508029235e+01,5.552119297071673287e+01,5.120760335294357901e+01,5.570968634925840490e+01,7.196244333990097175e+01
1.200000000000000000e+02,1.200000000000000000e+02,1.200000000000000000e+02,1.200000000000000000e+02,1.200000000000000000e+02,1.200000000000000000e+02,1.200000000000000000e+02,1.200000000000000000e+02,1.200000000000000000e+02,1.200000000000000000e+02,2.752915464988829608e-02,8.198026792647310046e+00,9.214419059773864262e+01,9.759995288193347562e+01,1.012696033662106032e+02,1.037483967923095634e+02,1.036342400810032700e+02,1.037923573093574419e+02,1.039929233497680627e+02,1.008299662104959538e+02,6.585426114126308050e+01,5.558075694299668612e+01,5.116646039674398594e+01,5.575657860909276309e+01,7.196483588054439906e+01
1.200000000000000000e+02,1.200000000000000000e+02,1.200000000000000000e+02,1.200000000000000000e+02,1.200000000000000000e+02,1.200000000000000000e+02,1.200000000000000000e+02,1.200000000000000000e+02,1.200000000000000000e+02,1.200000000000000000e+02,1.500872414629737459e-02,2.985952404736106658e+01,9.661087801407140319e+01,9.860421403250371952e+01,1.006622770532609508e+02,1.024897449611009819e+02,1.040568590166002991e+02,1.039184138920353604e+02,1.038670020990546163e+02,1.008562821643480163e+02,6.576852832944385341e+01,5.575064581671005470e+01,5.115124564804316520e+01,5.576364520007434322e+01,7.200696490115386439e+01
1.200000000000000000e+02,1.200000000000000000e+02,1.200000000000000000e+02,1.200000000000000000e+02,1.200000000000000000e+02,1.200000000000000000e+02,1.200000000000000000e+02,1.200000000000000000e+02,1.200000000000000000e+02,1.200000000000000000e+02,1.854294021784308813e-02,3.243624582119377919e+01,9.839091873843113945e+01,1.012772157987575099e+02,1.012652905425707957e+02,1.022232871592208312e+02,1.031498239175633813e+02,1.042054085790375098e+02,1.038593842000650938e+02,1.007704148732783267e+02,6.593628715099607973e+01,5.572853793928958765e+01,5.118498440710997954e+01,5.576037590538774680e+01,7.202443461076124720e+01
1.200000000000000000e+02,1.200000000000000000e+02,1.200000000000000000e+02,1.200000000000000000e+02,1.200000000000000000e+02,1.200000000000000000e+02,1.200000000000000000e+02,1.200000000000000000e+02,1.200000000000000000e+02,1.200000000000000000e+02,2.330452382893180574e-02,3.453049967969186440e+01,9.270885135355644024e+01,1.026449751186644619e+02,1.029182966788536504e+02,1.026105108620825348e+02,1.031012966439571699e+02,1.035251127782822067e+02,1.040526743597567787e+02,1.006764436047118068e+02,6.595127540420025980e+01,5.587555425089590955e+01,5.114233706387503986e+01,5.576797269729315332e+01,7.203079277648663492e+01
1.200000000000000000e+02,1.200000000000000000e+02,1.200000000000000000e+02,1.200000000000000000e+02,1.200000000000000000e+02,1.200000000000000000e+02,1.200000000000000000e+02,1.200000000000000000e+02,1.200000000000000000e+02,1.200000000000000000e+02,2.576352584608552695e-02,2.388724496062423697e+01,9.037243084852862296e+01,9.938277611320583560e+01,1.039251952834273567e+02,1.036383531405554095e+02,1.033549866739500089e+02,1.036054474347752148e+02,1.035285312393959174e+02,1.008034811212738617e+02,6.576219230305451902e+01,5.598777327244194169e+01,5.120475459442482702e+01,5.572794548820355942e+01,7.203395894533173305e+01
1.200000000000000000e+02,1.200000000000000000e+02,1.200000000000000000e+02,1.200000000000000000e+02,1.200000000000000000e+02,1.200000000000000000e+02,1.200000000000000000e+02,1.200000000000000000e+02,1.200000000000000000e+02,1.200000000000000000e+02,2.565116885351369572e-02,1.988208359726951358e+01,9.201844853563916615e+01,9.761141799394012253e+01,1.018550521526250634e+02,1.043808869853422152e+02,1.039744139321725243e+02,1.037683461094858330e+02,1.036711461330970536e+02,1.004079049211950263e+02,6.586207773076162653e+01,5.590288860458486653e+01,5.129206534596085021e+01,5.574522033157468570e+01,7.200198940114755430e+01
1.200000000000000000e+02,1.200000000000000000e+02,1.200000000000000000e+02,1.200000000000000000e+02,1.200000000000000000e+02,1.200000000000000000e+02,1.200000000000000000e+02,1.200000000000000000e+02,1.200000000000000000e+02,1.200000000000000000e+02,1.450542861565853534e-02,3.893058270472842253e+01,9.631855234313155734e+01,9.821112991810748838e+01,1.007323518171064620e+02,1.029917485979090230e+02,1.045280951564861880e+02,1.041131624469047381e+02,1.037708128831724963e+02,1.005324191834100418e+02,6.541001821036269348e+01,5.593475917342900772e+01,5.126394750571721204e+01,5.578947998422419374e+01,7.200803496448192220e+01
1.200000000000000000e+02,1.200000000000000000e+02,1.200000000000000000e+02,1.200000000000000000e+02,1.200000000000000000e+02,1.200000000000000000e+02,1.200000000000000000e+02,1.200000000000000000e+02,1.200000000000000000e+02,1.200000000000000000e+02,1.833989041240420212e-02,4.123048899641454312e+01,9.850268357158824983e+01,1.007578900818775480e+02,1.009756552746257086e+02,1.023507324485753145e+02,1.035690038931477375e+02,1.045337233066657490e+02,1.039304152148816058e+02,1.006064899419176157e+02,6.553273596112808264e+01,5.572892338736416917e+01,5.127281406992844381e+01,5.576899349891303359e+01,7.202776816739036292e+01
1.200000000000000000e+02,1.200000000000000000e+02,1.200000000000000000e+02,1.200000000000000000e+02,1.200000000000000000e+02,1.200000000000000000e+02,1.200000000000000000e+02,1.200000000000000000e+02,1.200000000000000000e+02,1.200000000000000000e+02,2.231792509674284178e-02,4.168532910120900681e+01,9.412158946610871624e+01,1.023506586451947413e+02,1.024950716092371721e+02,1.024499898617924458e+02,1.032648678445006141e+02,1.038624425384089420e+02,1.042570162395510920e+02,1.006183908126800333e+02,6.566083578470808391e+01,5.580238317658321989e+01,5.119228620112719597e+01,5.576498559337568395e+01,7.200712085659651507e+01
1.200000000000000000e+02,1.200000000000000000e+02,1.200000000000000000e+02,1.200000000000000000e+02,1.200000000000000000e+02,1.200000000000000000e+02,1.200000000000000000e+02,1.200000000000000000e+02,1.200000000000000000e+02,1.200000000000000000e+02,2.262708743773345424e-02,2.942501812234624481e+01,9.213436785530622330e+01,9.972788952992540601e+01,1.035964215234776873e+02,1.033392138965894986e+02,1.033000728173266225e+02,1.037819089771488166e+02,1.037867006513199897e+02,1.008703993767200586e+02,6.552409462013677910e+01,5.591621583753472180e+01,5.124900100084884969e+01,5.572855962499219373e+01,7.200081907558950434e+01
1.200000000000000000e+02,1.200000000000000000e+02,1.200000000000000000e+02,1.200000000000000000e+02,1.200000000000000000e+02,1.200000000000000000e+02,1.200000000000000000e+02,1.200000000000000000e+02,1.200000000000000000e+02,1.200000000000000000e+02,2.063209368688570175e-02,2.394877929536134431e+01,9.343099228613766627e+01,9.828270896274987933e+01,1.018685011896836556e+02,1.040908612132542714e+02,1.037868528738795959e+02,1.037884676802181474e+02,1.038403018499249129e+02,1.005762949652452676e+02,6.575134567484292347e+01,5.578089925884418676e+01,5.134573539353244342e+01,5.577042947717605159e+01,7.197816840969049679e+01
1.200000000000000000e+02,1.200000000000000000e+02,1.200000000000000000e+02,1.200000000000000000e+02,1.200000000000000000e+02,1.200000000000000000e+02,1.200000000000000000e+02,1.200000000000000000e+02,1.200000000000000000e+02,1.200000000000000000e+02,1.149525634838765263e-02,4.405447228481688882e+01,9.722189197723683662e+01,9.887317005221662214e+01,1.009860163682086807e+02,1.028774752385256761e+02,1.042975881824522446e+02,1.040162323661884614e+02,1.038369215042133646e+02,1.006801139871501931e+02,6.549412320426354484e+01,5.580739542791438623e+01,5.127295993992474621e+01,5.584197259282691306e+01,7.201214738229374746e+01
1.200000000000000000e+02,1.200000000000000000e+02,1.200000000000000000e+02,1.200000000000000000e+02,1.200000000000000000e+02,1.200000000000000000e+02,1.200000000000000000e+02,1.200000000000000000e+02,1.200000000000000000e+02,1.200000000000000000e+02,1.368577274133083929e-02,5.011375254755144226e+01,9.917565780648190810e+01,1.013053081561481150e+02,1.013197347171180951e+02,1.024040722574965656e+02,1.034109714222029055e+02,1.043659181360120840e+02,1.039018574271053126e+02,1.007012657803646078e+02,6.568099331514081030e+01,5.568820940369720773e+01,5.123979532613587651e+01,5.580709894338963295e+01,7.205941527848433736e+01
1.200000000000000000e+02,1.200000000000000000e+02,1.200000000000000000e+02,1.200000000000000000e+02,1.200000000000000000e+02,1.200000000000000000e+02,1.200000000000000000e+02,1.200000000000000000e+02,1.200000000000000000e+02,1.200000000000000000e+02,1.660007125812133777e-02,5.447702297016378026e+01,9.499447346796793568e+01,1.028037161461357414e+02,1.028713903944004073e+02,1.026202603957691508e+02,1.032166071228934925e+02,1.037021701538322560e+02,1.041469491552025488e+02,1.006509663130697021e+02,6.580374866746917917e+01,5.581596720752914820e+01,5.117250719359647348e+01,5.577754427281698213e+01,7.203562899337649128e+01
1.200000000000000000e+02,1.200000000000000000e+02,1.200000000000000000e+02,1.200000000000000000e+02,1.200000000000000000e+02,1.200000000000000000e+02,1.200000000000000000e+02,1.200000000000000000e+02,1.200000000000000000e+02,1.200000000000000000e+02,1.792625468062421581e-02,4.405322867936558850e+01,9.307498728376893382e+01,1.001522608966202057e+02,1.039549858814115026e+02,1.035976645741843924e+02,1.033654205282811915e+02,1.036861503865813887e+02,1.036449721399403643e+02,1.008221400186603063e+02,6.563590440433128492e+01,5.595285338620575288e+01,5.124068432901404435e+01,5.574073757303989396e+01,7.201679366417523909e+01
1.200000000000000000e+02,1.200000000000000000e+02,1.200000000000000000e+02,1.200000000000000000e+02,1.200000000000000000e+02,1.200000000000000000e+02,1.200000000000000000e+02,1.200000000000000000e+02,1.200000000000000000e+02,1.200000000000000000e+02,1.740921334424308173e-02,3.600922325448699013e+01,9.431575721038331039e+01,9.858029592074964853e+01,1.021568991588880380e+02,1.043753060741394165e+02,1.039557211675408581e+02,1.037894048292334759e+02,1.037289368765835462e+02,1.004667657923134527e+02,6.576883441050412671e+01,5.583775161557529287e+01,5.133975188655787036e+01,5.577858166520645256e+01,7.199401401231565956e+01
1.200000000000000000e+02,1.200000000000000000e+02,1.200000000000000000e+02,1.200000000000000000e+02,1.200000000000000000e+02,1.200000000000000000e+02,1.200000000000000000e+02,1.200000000000000000e+02,1.200000000000000000e+02,1.200000000000000000e+02,9.563409361454177499e-03,5.371162121949040369e+01,9.789803825007705029e+01,9.904239160796304020e+01,1.011126699824697397e+02,1.030983564794293414e+02,1.045155141649054684e+02,1.041159594865923737e+02,1.038000789504536101e+02,1.005683175831766647e+02,6.539125537223868889e+01,5.584423086611619169e+01,5.128164201724096216e+01,5.583949053756096959e+01,7.202196966614668838e+01
1.200000000000000000e+02,1.200000000000000000e+02,1.200000000000000000e+02,1.200000000000000000e+02,1.200000000000000000e+02,1.200000000000000000e+02,1.200000000000000000e+02,1.200000000000000000e+02,1.200000000000000000e+02,1.200000000000000000e+02,1.100743278181294180e-02,6.175814405586636013e+01,9.987298124700019741e+01,1.014184330863825068e+02,1.013203244654757924e+02,1.024777700048039293e+02,1.035847701297972918e+02,1.045241090979109231e+02,1.039492935624527234e+02,1.006369120125575591e+02,6.552431556579175265e+01,5.566261449056052868e+01,5.125268406680601174e+01,5.580586560743272173e+01,7.205872532146209153e+01
1.200000000000000000e+02,1.200000000000000000e+02,1.200000000000000000e+02,1.200000000000000000e+02,1.200000000000000000e+02,1.200000000000000000e+02,1.200000000000000000e+02,1.200000000000000000e+02,1.200000000000000000e+02,1.200000000000000000e+02,1.301359838893765240e-02,6.798366443116461255e+01,9.649219991111974082e+01,1.029960723496761261e+02,1.028569108466155058e+02,1.025874695384218285e+02,1.032736516586996487e+02,1.038367849598279093e+02,1.042534572876057268e+02,1.006499607945992096e+02,6.567343489700337500e+01,5.574621409165386154e+01,5.116465088599392885e+01,5.577837117429141500e+01,7.203284880566104675e+01
1.200000000000000000e+02,1.200000000000000000e+02,1.200000000000000000e+02,1.200000000000000000e+02,1.200000000000000000e+02,1.200000000000000000e+02,1.200000000000000000e+02,1.200000000000000000e+02,1.200000000000000000e+02,1.200000000000000000e+02,1.410003877580700594e-02,5.921958179994665983e+01,9.485623751076464316e+01,1.007318061954746327e+02,1.040099559964439493e+02,1.035555790136711352e+02,1.033392913210775248e+02,1.037371448650983297e+02,1.037453462224099212e+02,1.008762787381634922e+02,6.556517059277888393e+01,5.587908394806907353e+01,5.121548811540894519e+01,5.573328505938577848e+01,7.201374738120149743e+01
1.200000000000000000e+02,1.200000000000000000e+02,1.200000000000000000e+02,1.200000000000000000e+02,1.200000000000000000e+02,1.200000000000000000e+02,1.200000000000000000e+02,1.200000000000000000e+02,1.200000000000000000e+02,1.200000000000000000e+02,1.393965467382500892e-02,5.009632004439035313e+01,9.588826042621948886e+01,9.932616544145592741e+01,1.024193864008222477e+02,1.043789478815545664e+02,1.039174859439155227e+02,1.037798496525352334e+02,1.037755360502707163e+02,1.005329193938345185e+02,6.576465624965028667e+01,5.577459686550056261e+01,5.131386765683526363e+01,5.576679661898162266e+01,7.198669667800460559e+01
1.200000000000000000e+02,1.200000000000000000e+02,1.200000000000000000e+02,1.200000000000000000e+02,1.200000000000000000e+02,1.200000000000000000e+02,1.200000000000000000e+02,1.200000000000000000e+02,1.200000000000000000e+02,1.200000000000000000e+02,7.641334080186580092e-03,6.595039532415768235e+01,9.898582543517083820e+01,9.970309114473688794e+01,1.014623246199445248e+02,1.032151300094325705e+02,1.045002109052193191e+02,1.040912769667138633e+02,1.038061332702782664e+02,1.006099195258985475e+02,6.542217825639546902e+01,5.579607938649600385e+01,5.125537932121201834e+01,5.583296022737888364e+01,7.201530825593827956e+01
1.200000000000000000e+02,1.200000000000000000e+02,1.200000000000000000e+02,1.200000000000000000e+02,1.200000000000000000e+02,1.200000000000000000e+02,1.200000000000000000e+02,1.200000000000000000e+02,1.200000000000000000e+02,1.200000000000000000e+02,8.360527019523876849e-03,7.652584533139553002e+01,1.006880039837647303e+02,1.018847856506457248e+02,1.016369181464367131e+02,1.026383224332990949e+02,1.036265866584694066e+02,1.045046904553361458e+02,1.039393730507621569e+02,1.006579035476292603e+02,6.555447685540632108e+01,5.562531107920941764e+01,5.122079937956498696e+01,5.580136255170990722e+01,7.205898143793055510e+01
1.200000000000000000e+02,1.200000000000000000e+02,1.200000000000000000e+02,1.200000000000000000e+02,1.200000000000000000e+02,1.200000000000000000e+02,1.200000000000000000e+02,1.200000000000000000e+02,1.200000000000000000e+02,1.200000000000000000e+02,9.402507069484400057e-03,8.471608362619426202e+01,9.790430091986424088e+01,1.033367914008151160e+02,1.031119782515464891e+02,1.027430415929747483e+02,1.033349567336754546e+02,1.038397366679368332e+02,1.042370454045417318e+02,1.006577083291345787e+02,6.570367027208673960e+01,5.571465537871429063e+01,5.112501252952784370e+01,5.576799507706770243e+01,7.203643610650951246e+01
1.200000000000000000e+02,1.200000000000000000e+02,1.200000000000000000e+02,1.200000000000000000e+02,1.200000000000000000e+02,1.200000000000000000e+02,1.200000000000000000e+02,1.200000000000000000e+02,1.200000000000000000e+02,1.200000000000000000e+02,1.002791740285166773e-02,7.749332155981706194e+01,9.676029163228940888e+01,1.012917352608998272e+02,1.042136575341693856e+02,1.037089250595113583e+02,1.034109245204462724e+02,1.037454848462879085e+02,1.037301058797285691e+02,1.008693836484267763e+02,6.559034757204760524e+01,5.586226919140588620e+01,5.117136888241657289e+01,5.571326766608827086e+01,7.201387301616993852e+01
1.200000000000000000e+02,1.200000000000000000e+02,1.200000000000000000e+02,1.200000000000000000e+02,1.200000000000000000e+02,1.200000000000000000e+02,1.200000000000000000e+02,1.200000000000000000e+02,1.200000000000000000e+02,1.200000000000000000e+02,1.025222652849115852e-02,6.906715467899876160e+01,9.790813006398859386e+01,1.001512028218222241e+02,1.026987851487205887e+02,1.045175768683888577e+02,1.040119906559915393e+02,1.038055660900896271e+02,1.037573396140892470e+02,1.005126738532107851e+02,6.576539246324597343e+01,5.576918073975718215e+01,5.127682715641303446e+01,5.573922283517983089e+01,7.197976807598053028e+01
1.200000000000000000e+02,1.200000000000000000e+02,1.200000000000000000e+02,1.200000000000000000e+02,1.200000000000000000e+02,1.200000000000000000e+02,1.200000000000000000e+02,1.200000000000000000e+02,1.200000000000000000e+02,1.200000000000000000e+02,2.797357370227036899e+00,8.645328882340515975e+01,1.006380762540043037e+02,1.006705240082546737e+02,1.018745999583114212e+02,1.033711256446860034e+02,1.045978792637561412e+02,1.041480840474755496e+02,1.038068879228464851e+02,1.005799546563900719e+02,6.538663304690054190e+01,5.578267591923472679e+01,5.122800719949714932e+01,5.580594515144775869e+01,7.200250530499565116e+01
1.200000000000000000e+02,1.200000000000000000e+02,1.200000000000000000e+02,1.200000000000000000e+02,1.200000000000000000e+02,1.200000000000000000e+02,1.200000000000000000e+02,1.200000000000000000e+02,1.200000000000000000e+02,1.200000000000000000e+02,8.514283561343566120e+00,9.250833638086778876e+01,1.018101833744786262e+02,1.027420507172673183e+02,1.021667266368433076e+02,1.028597084622411018e+02,1.037181061137900713e+02,1.045725224248275964e+02,1.039710637179188666e+02,1.006440553281783679e+02,6.549008395527562243e+01,5.558738519198912087e+01,5.119249262844886061e+01,5.577812332668933237e+01,7.204576809769261558e+01
1.200000000000000000e+02,1.200000000000000000e+02,1.200000000000000000e+02,1.200000000000000000e+02,1.200000000000000000e+02,1.200000000000000000e+02,1.200000000000000000e+02,1.200000000000000000e+02,1.200000000000000000e+02,1.200000000000000000e+02,4.126459217711574839e-02,9.407001556048327018e+01,9.912189447242789697e+01,1.038651951338824801e+02,1.036427728942936426e+02,1.030572038734009368e+02,1.034586422913696708e+02,1.038935890301720661e+02,1.042822162030064135e+02,1.006710307124259884e+02,6.565321886298349341e+01,5.565304385950140897e+01,5.108445946018373007e+01,5.574349133322967020e+01,7.202485445573498168e+01
1.200000000000000000e+02,1.200000000000000000e+02,1.200000000000000000e+02,1.200000000000000000e+02,1.200000000000000000e+02,1.200000000000000000e+02,1.200000000000000000e+02,1.200000000000000000e+02,1.200000000000000000e+02,1.200000000000000000e+02,2.219821459054384383e-01,9.472496354376652050e+01,9.928399520759965924e+01,1.015744416131962709e+02,1.045455618747488700e+02,1.040652528789248379e+02,1.036079559573866220e+02,1.038162165136685502e+02,1.037606029739393421e+02,1.008959421152988796e+02,6.557449813287904306e+01,5.580239698396245274e+01,5.111758740657071343e+01,5.568182931894298093e+01,7.200092358335442100e+01
1.200000000000000000e+02,1.200000000000000000e+02,1.200000000000000000e+02,1.200000000000000000e+02,1.200000000000000000e+02,1.200000000000000000e+02,1.200000000000000000e+02,1.200000000000000000e+02,1.200000000000000000e+02,1.200000000000000000e+02,2.000577391495539814e+00,9.673888108218504556e+01,9.971545680379688292e+01,1.016081623396734415e+02,1.027066138518814853e+02,1.047523887740656505e+02,1.042616615217615106e+02,1.039347334346097540e+02,1.037985321441571358e+02,1.005274724325647213e+02,6.576756630287053440e+01,5.572436984399295312e+01,5.122278813055162772e+01,5.570117762856455101e+01,7.196258918103838198e+01
1.200000000000000000e+02,1.200000000000000000e+02,1.200000000000000000e+02,1.200000000000000000e+02,1.200000000000000000e+02,1.200000000000000000e+02,1.200000000000000000e+02,1.200000000000000000e+02,1.200000000000000000e+02,1.200000000000000000e+02,2.181753019558938789e+01,9.820664767805752149e+01,1.009382058439226881e+02,1.019041496501422586e+02,1.028563652377985704e+02,1.032925171163668523e+02,1.047731248288932449e+02,1.043273679274566348e+02,1.038952020978411070e+02,1.006044941303146771e+02,6.537367894541895907e+01,5.574262389677615204e+01,5.118001899285324185e+01,5.576882328339980432e+01,7.198229137569269653e+01
1.200000000000000000e+02,1.200000000000000000e+02,1.200000000000000000e+02,1.200000000000000000e+02,1.200000000000000000e+02,1.200000000000000000e+02,1.200000000000000000e+02,1.200000000000000000e+02,1.200000000000000000e+02,1.200000000000000000e+02,2.402565179195941880e+01,9.866103225651313835e+01,1.020392759489954528e+02,1.025940416742819963e+02,1.030578739583203571e+02,1.035870154190405543e+02,1.036210977229440999e+02,1.047067555095893141e+02,1.041026298181951546e+02,1.007104750291085509e+02,6.549012128997922844e+01,5.553390604359878324e+01,5.114275426995470042e+01,5.574465033506285039e+01,7.202766817253177578e+01
1.200000000000000000e+02,1.200000000000000000e+02,1.200000000000000000e+02,1.200000000000000000e+02,1.200000000000000000e+02,1.200000000000000000e+02,1.200000000000000000e+02,1.200000000000000000e+02,1.200000000000000000e+02,1.200000000000000000e+02,2.565166083472944081e+01,9.533943801742621815e+01,1.025649027149310939e+02,1.034329888977554930e+02,1.033804784611187984e+02,1.037170295904003439e+02,1.040303135334616513e+02,1.038045060802817403e+02,1.043878905158264558e+02,1.007770396528668471e+02,6.571517699080892783e+01,5.560312838707061189e+01,5.102236203334680908e+01,5.570758594413307208e+01,7.200984003875279882e+01
1.200000000000000000e+02,1.200000000000000000e+02,1.200000000000000000e+02,1.200000000000000000e+02,1.200000000000000000e+02,1.200000000000000000e+02,1.200000000000000000e+02,1.200000000000000000e+02,1.200000000000000000e+02,1.200000000000000000e+02,1.136868552380325248e+01,9.452022558731229651e+01,1.000072079537139302e+02,1.039426910171970633e+02,1.040428073845400974e+02,1.037821587372701941e+02,1.041009812870327806e+02,1.042820105172262259e+02,1.036900948896239072e+02,1.009926039735153580e+02,6.569859700691627324e+01,5.578750941190220658e+01,5.105239902900461146e+01,5.563677637129415388e+01,7.198423529547622479e+01
1.200000000000000000e+02,1.200000000000000000e+02,1.200000000000000000e+02,1.200000000000000000e+02,1.200000000000000000e+02,1.200000000000000000e+02,1.200000000000000000e+02,1.200000000000000000e+02,1.200000000000000000e+02,1.200000000000000000e+02,6.762465583400092406e+00,9.630447477444749893e+01,9.882522266106131781e+01,1.020240177485878945e+02,1.045044630346283725e+02,1.043312324478294784e+02,1.039917208166054650e+02,1.043038683802472519e+02,1.041869744579381205e+02,1.004912108496881160e+02,6.589966474364706528e+01,5.574522442391572241e+01,5.117224337634962694e+01,5.565215619206814779e+01,7.193987336994982229e+01
1.200000000000000000e+02,1.200000000000000000e+02,1.200000000000000000e+02,1.200000000000000000e+02,1.200000000000000000e+02,1.200000000000000000e+02,1.200000000000000000e+02,1.200000000000000000e+02,1.200000000000000000e+02,1.200000000000000000e+02,3.456372827220262423e+01,1.001173373680846197e+02,9.965053676158872520e+01,1.010395712536108874e+02,1.030441817039577046e+02,1.047295136587114968e+02,1.044733486703137260e+02,1.040849044867866553e+02,1.041759005661971145e+02,1.009442334716186025e+02,6.535727922111890109e+01,5.577231176016903902e+01,5.114327361515764636e+01,5.572531476954524265e+01,7.195712936053779174e+01
1.200000000000000000e+02,1.200000000000000000e+02,1.200000000000000000e+02,1.200000000000000000e+02,1.200000000000000000e+02,1.200000000000000000e+02,1.200000000000000000e+02,1.200000000000000000e+02,1.200000000000000000e+02,1.200000000000000000e+02,4.046630206190850032e+01,1.020340033241317741e+02,1.025152828572595212e+02,1.014526518604786673e+02,1.023333601162943722e+02,1.035985546992664723e+02,1.047992437577819373e+02,1.045292700168098747e+02,1.038961294027775466e+02,1.009731279860845632e+02,6.595811482359309252e+01,5.549757014243390074e+01,5.110494538713348334e+01,5.570417373473576106e+01,7.200533608774456695e+01
1.200000000000000000e+02,1.200000000000000000e+02,1.200000000000000000e+02,1.200000000000000000e+02,1.200000000000000000e+02,1.200000000000000000e+02,1.200000000000000000e+02,1.200000000000000000e+02,1.200000000000000000e+02,1.200000000000000000e+02,4.813839131599488042e+01,9.861037101931337645e+01,1.042275763177808727e+02,1.034797455148434864e+02,1.025473894987124197e+02,1.031463465581991272e+02,1.039097952509299461e+02,1.047806464147393513e+02,1.043177091040146109e+02,1.006305273632390112e+02,6.616255584933269063e+01,5.583466633307855176e+01,5.095284323732915510e+01,5.566025885603194467e+01,7.198720031735572888e+01
1.200000000000000000e+02,1.200000000000000000e+02,1.200000000000000000e+02,1.200000000000000000e+02,1.200000000000000000e+02,1.200000000000000000e+02,1.200000000000000000e+02,1.200000000000000000e+02,1.200000000000000000e+02,1.200000000000000000e+02,3.757635881447415471e+01,9.748164075399053274e+01,1.016140303561258804e+02,1.048195245390296009e+02,1.039299092675226888e+02,1.032533445647917176e+02,1.036766189284234940e+02,1.040695769676954541e+02,1.045056434804339034e+02,1.010236493882270281e+02,6.558189963713890336e+01,5.604991605006811284e+01,5.111546256563024571e+01,5.556945856813699436e+01,7.195433101386907992e+01
1.200000000000000000e+02,1.200000000000000000e+02,1.200000000000000000e+02,1.200000000000000000e+02,1.200000000000000000e+02,1.200000000000000000e+02,1.200000000000000000e+02,1.200000000000000000e+02,1.200000000000000000e+02,1.200000000000000000e+02,2.961551227049067947e+01,9.911401045567349399e+01,1.001821549689692148e+02,1.028524717225005105e+02,1.049283449864608571e+02,1.041526590694197978e+02,1.037205876612395059e+02,1.040122307290743464e+02,1.039252435929589211e+02,1.012314536684887543e+02,6.605856170546326211e+01,5.568472069829829962e+01,5.126033033648433701e+01,5.565110748025396248e+01,7.189641440768018299e+01
1.200000000000000000e+02,1.200000000000000000e+02,1.200000000000000000e+02,1.200000000000000000e+02,1.200000000000000000e+02,1.200000000000000000e+02,1.200000000000000000e+02,1.200000000000000000e+02,1.200000000000000000e+02,1.200000000000000000e+02,4.858852121380282085e+01,1.024009199127708740e+02,1.009248330889635099e+02,1.017068431054163682e+02,1.034277644169229404e+02,1.048741318070410102e+02,1.042637572317504464e+02,1.040157522225023428e+02,1.039986274340378429e+02,1.007323414143354796e+02,6.651503901086293524e+01,5.589107504633773971e+01,5.105555606274357672e+01,5.573136657131224325e+01,7.195277126253901656e+01
1.200000000000000000e+02,1.200000000000000000e+02,1.200000000000000000e+02,1.200000000000000000e+02,1.200000000000000000e+02,1.200000000000000000e+02,1.200000000000000000e+02,1.200000000000000000e+02,1.200000000000000000e+02,1.200000000000000000e+02,6.006727283979067522e+01,1.038507230272411590e+02,1.036016492270817224e+02,1.020986404409977126e+02,1.026490228678266163e+02,1.037156631462191143e+02,1.047746922121107502e+02,1.043014669827287406e+02,1.039806902557497352e+02,1.008673118074896990e+02,6.587039738220038032e+01,5.624170636396469547e+01,5.111665556060687265e+01,5.560319442217255670e+01,7.199407325876762798e+01
1.200000000000000000e+02,1.200000000000000000e+02,1.200000000000000000e+02,1.200000000000000000e+02,1.200000000000000000e+02,1.200000000000000000e+02,1.200000000000000000e+02,1.200000000000000000e+02,1.200000000000000000e+02,1.200000000000000000e+02,7.308459395905455835e+01,1.018579943368415712e+02,1.050678223105475837e+02,1.040962189559925690e+02,1.028914511417037829e+02,1.032645140407879865e+02,1.038745325646767981e+02,1.046630531780354829e+02,1.040831284486253594e+02,1.008987455975510272e+02,6.605565505821296313e+01,5.591206939129918396e+01,5.132172235968058516e+01,5.561508382264509720e+01,7.190455084097203553e+01
1.200000000000000000e+02,1.200000000000000000e+02,1.200000000000000000e+02,1.200000000000000000e+02,1.200000000000000000e+02,1.200000000000000000e+02,1.200000000000000000e+02,1.200000000000000000e+02,1.200000000000000000e+02,1.200000000000000000e+02,7.601041270811772677e+01,1.014956380513652192e+02,1.033059494053926812e+02,1.053205759608694621e+02,1.043022275378990145e+02,1.034321322321192724e+02,1.036759610062971575e+02,1.039598254216602982e+02,1.043440843863443064e+02,1.008440007665761300e+02,6.628358609175680272e+01,5.600553719967989252e+01,5.115807450617494112e+01,5.572501967610407547e+01,7.191328680305502985e+01
1.200000000000000000e+02,1.200000000000000000e+02,1.200000000000000000e+02,1.200000000000000000e+02,1.200000000000000000e+02,1.200000000000000000e+02,1.200000000000000000e+02,1.200000000000000000e+02,1.200000000000000000e+02,1.200000000000000000e+02,8.209379585869686480e+01,1.026574962974446947e+02,1.025800589575986095e+02,1.038905013611698962e+02,1.052550228825668768e+02,1.043750653949068692e+02,1.037975697114699756e+02,1.039360800308538302e+02,1.037969008107797606e+02,1.010234002450820867e+02,6.608361286996586159e+01,5.627894634120421813e+01,5.118351222822174407e+01,5.562155064064359067e+01,7.197115763702343827e+01
1.200000000000000000e+02,1.200000000000000000e+02,1.200000000000000000e+02,1.200000000000000000e+02,1.200000000000000000e+02,1.200000000000000000e+02,1.200000000000000000e+02,1.200000000000000000e+02,1.200000000000000000e+02,1.200000000000000000e+02,9.798906341438630818e+01,1.044765487408482727e+02,1.031224299610968984e+02,1.032623737560518435e+02,1.041211547736708383e+02,1.050897019212732744e+02,1.043842453091823330e+02,1.040240605787685126e+02,1.038753132797264129e+02,1.006329000269141432e+02,6.619358922144250812e+01,5.617516544056479688e+01,5.139004520261331521e+01,5.561599759437344659e+01,7.189251218185592052e+01
1.200000000000000000e+02,1.200000000000000000e+02,1.200000000000000000e+02,1.200000000000000000e+02,1.200000000000000000e+02,1.200000000000000000e+02,1.200000000000000000e+02,1.200000000000000000e+02,1.200000000000000000e+02,1.200000000000000000e+02,1.057532588270170351e+02,1.047846437626941025e+02,1.045417884273977620e+02,1.035250938267775638e+02,1.037097544507058018e+02,1.041995988701317941e+02,1.049102930523347652e+02,1.043494746373430928e+02,1.039374933272689816e+02,1.007289457634508238e+02,6.577800768888447180e+01,5.615107104637223756e+01,5.136905984680177539e+01,5.574463041487076254e+01,7.189034052314852374e+01
1.200000000000000000e+02,1.200000000000000000e+02,1.200000000000000000e+02,1.200000000000000000e+02,1.200000000000000000e+02,1.200000000000000000e+02,1.200000000000000000e+02,1.200000000000000000e+02,1.200000000000000000e+02,1.200000000000000000e+02,1.072729937436559027e+02,1.048711677900514019e+02,1.048396875994911284e+02,1.045414521635826901e+02,1.038525777984050933e+02,1.040090732416605022e+02,1.042179611350697286e+02,1.047368788419129260e+02,1.040802223354197338e+02,1.007902471279034984e+02,6.590924055131637260e+01,5.595680378839741564e+01,5.132164188281451800e+01,5.573844600368050806e+01,7.196713487216615590e+01
1.200000000000000000e+02,1.200000000000000000e+02,1.200000000000000000e+02,1.200000000000000000e+02,1.200000000000000000e+02,1.200000000000000000e+02,1.200000000000000000e+02,1.200000000000000000e+02,1.200000000000000000e+02,1.200000000000000000e+02,1.079647088782148359e+02,1.064957406165980984e+02,1.043430723153457080e+02,1.046891667650205733e+02,1.045167759799056739e+02,1.040994005899509602e+02,1.042058929825125517e+02,1.042018425597209870e+02,1.043691348423589034e+02,1.007878925088176487e+02,6.604909759646452017e+01,5.605692657016147962e+01,5.123339976571306664e+01,5.569557762865659356e+01,7.195287109728863584e+01
1.200000000000000000e+02,1.200000000000000000e+02,1.200000000000000000e+02,1.200000000000000000e+02,1.200000000000000000e+02,1.200000000000000000e+02,1.200000000000000000e+02,1.200000000000000000e+02,1.200000000000000000e+02,1.200000000000000000e+02,1.080762196064508345e+02,1.075419762042141087e+02,1.059267868267647685e+02,1.040327957385604662e+02,1.045454328843182310e+02,1.044835123504638830e+02,1.042713915789122865e+02,1.043136348994275551e+02,1.039603992137069213e+02,1.009988179428881807e+02,6.590340464130240150e+01,5.619544591289957935e+01,5.130882696141367205e+01,5.565133594136854356e+01,7.192039696722956421e+01
1.200000000000000000e+02,1.200000000000000000e+02,1.200000000000000000e+02,1.200000000000000000e+02,1.200000000000000000e+02,1.200000000000000000e+02,1.200000000000000000e+02,1.200000000000000000e+02,1.200000000000000000e+02,1.200000000000000000e+02,1.083109996686523715e+02,1.076843627343803149e+02,1.070899175387887681e+02,1.055212257783040570e+02,1.038751741456501207e+02,1.044382538354036996e+02,1.044475654480571052e+02,1.043653067027011048e+02,1.041414175196854757e+02,1.007194916084346943e+02,6.607264534307128656e+01,5.606711609953423192e+01,5.142340582583568676e+01,5.570473636351026414e+01,7.189210429044274520e+01
1.200000000000000000e+02,1.200000000000000000e+02,1.200000000000000000e+02,1.200000000000000000e+02,1.200000000000000000e+02,1.200000000000000000e+02,1.200000000000000000e+02,1.200000000000000000e+02,1.200000000000000000e+02,1.200000000000000000e+02,1.084216394655865656e+02,1.080954872039728230e+02,1.072268859261908034e+02,1.066297374499260968e+02,1.052338171215948535e+02,1.038220107707648481e+02,1.043690240325860970e+02,1.043966515240439179e+02,1.041857255837631016e+02,1.009083239048136988e+02,6.578823661913031629e+01,5.606841530576121357e+01,5.135890103278746466e+01,5.578522290058892708e+01,7.193233212681880673e+01
1.200000000000000000e+02,1.200000000000000000e+02,1.200000000000000000e+02,1.200000000000000000e+02,1.200000000000000000e+02,1.200000000000000000e+02,1.200000000000000000e+02,1.200000000000000000e+02,1.200000000000000000e+02,1.200000000000000000e+02,1.084455901569785539e+02,1.083001244904902194e+02,1.078249976579189706e+02,1.067464654866607958e+02,1.061951051830458539e+02,1.050297500113363043e+02,1.038360628622153143e+02,1.043166807026044012e+02,1.041246712825508069e+02,1.009795012626367594e+02,6.605007405023513911e+01,5.592034192606168830e+01,5.131846828714308373e+01,5.575405217949531789e+01,7.198434904625936781e+01
1.200000000000000000e+02,1.200000000000000000e+02,1.200000000000000000e+02,1.200000000000000000e+02,1.200000000000000000e+02,1.200000000000000000e+02,1.200000000000000000e+02,1.200000000000000000e+02,1.200000000000000000e+02,1.200000000000000000e+02,1.084980804178082394e+02,1.083419733535788509e+02,1.081275729734355195e+02,1.075168988362274689e+02,1.062781812118210496e+02,1.058035505704145578e+02,1.048813520596458773e+02,1.038728615442742012e+02,1.040612716964544120e+02,1.008517704769012511e+02,6.624353522068750522e+01,5.606539985458403663e+01,5.123644046645576111e+01,5.572162066777917033e+01,7.196175467949642268e+01
1.200000000000000000e+02,1.200000000000000000e+02,1.200000000000000000e+02,1.200000000000000000e+02,1.200000000000000000e+02,1.200000000000000000e+02,1.200000000000000000e+02,1.200000000000000000e+02,1.200000000000000000e+02,1.200000000000000000e+02,1.085191328123851520e+02,1.084457385401052960e+02,1.081921870691762280e+02,1.079046838597430877e+02,1.071891335342804723e+02,1.058481133995974659e+02,1.054636653411112803e+02,1.047543078327538240e+02,1.037025464206269731e+02,1.008024076785158059e+02,6.600147015377476123e+01,5.622713825805200827e+01,5.130515229713124370e+01,5.567811231833257324e+01,7.194036860965452718e+01
1.200000000000000000e+02,1.200000000000000000e+02,1.200000000000000000e+02,1.200000000000000000e+02,1.200000000000000000e+02,1.200000000000000000e+02,1.200000000000000000e+02,1.200000000000000000e+02,1.200000000000000000e+02,1.200000000000000000e+02,1.085258409581319228e+02,1.084868975415389087e+02,1.083673192044388145e+02,1.079962075699572779e+02,1.076375387654501736e+02,1.068579335830549724e+02,1.054717074253909033e+02,1.051633926006924611e+02,1.044252788919293522e+02,1.005335512880563442e+02,6.588763232634798328e+01,5.606933549338293687e+01,5.140535495773590924e+01,5.571486473937822126e+01,7.191366711386412192e+01
1.200000000000000000e+02,1.200000000000000000e+02,1.200000000000000000e+02,1.200000000000000000e+02,1.200000000000000000e+02,1.200000000000000000e+02,1.200000000000000000e+02,1.200000000000000000e+02,1.200000000000000000e+02,1.200000000000000000e+02,1.085386286127801014e+02,1.084994938813040477e+02,1.084343879880667032e+02,1.082589529904474688e+02,1.077574436010290952e+02,1.073351943248588753e+02,1.065350329168698948e+02,1.051412919674269801e+02,1.046951155389219679e+02,1.010896052640110554e+02,6.558567892591710802e+01,5.596035484130217696e+01,5.131533078113619695e+01,5.577157076685985260e+01,7.194114747713601332e+01
1.200000000000000000e+02,1.200000000000000000e+02,1.200000000000000000e+02,1.200000000000000000e+02,1.200000000000000000e+02,1.200000000000000000e+02,1.200000000000000000e+02,1.200000000000000000e+02,1.200000000000000000e+02,1.200000000000000000e+02,1.085428356894561972e+02,1.085258638459752376e+02,1.084571288579770965e+02,1.083570078781013564e+02,1.081196819603498369e+02,1.074838571208823339e+02,1.070095278996938362e+02,1.062151381467737394e+02,1.046528786756132092e+02,1.012937065326934771e+02,6.623510858216400266e+01,5.582468817211111656e+01,5.123156970900000573e+01,5.571445168899667522e+01,7.197400801109866109e+01
1.200000000000000000e+02,1.200000000000000000e+02,1.200000000000000000e+02,1.200000000000000000e+02,1.200000000000000000e+02,1.200000000000000000e+02,1.200000000000000000e+02,1.200000000000000000e+02,1.200000000000000000e+02,1.200000000000000000e+02,1.085446727379201661e+02,1.085340759626790970e+02,1.085048121275322757e+02,1.083947332149450489e+02,1.082507536661450871e+02,1.079500964525197730e+02,1.071846635091311413e+02,1.066601005778834121e+02,1.057007480734176568e+02,1.012299764543741958e+02,6.652736624509412877e+01,5.615775947000129520e+01,5.117790870579449347e+01,5.565788131659800797e+01,7.193220856175257438e+01
1.200000000000000000e+02,1.200000000000000000e+02,1.200000000000000000e+02,1.200000000000000000e+02,1.200000000000000000e+02,1.200000000000000000e+02,1.200000000000000000e+02,1.200000000000000000e+02,1.200000000000000000e+02,1.200000000000000000e+02,1.085478677395864082e+02,1.085380019654485579e+02,1.085189484102856170e+02,1.084726746727411353e+02,1.083090127903688824e+02,1.081131176871280104e+02,1.077517750608104166e+02,1.068577749771637002e+02,1.061097214375662361e+02,1.022629319002176942e+02,6.637202303876144072e+01,5.630547228148149941e+01,5.134757848562654914e+01,5.563917238198797577e+01,7.189822851356430533e+01
1.200000000000000000e+02,1.200000000000000000e+02,1.200000000000000000e+02,1.200000000000000000e+02,1.200000000000000000e+02,1.200000000000000000e+02,1.200000000000000000e+02,1.200000000000000000e+02,1.200000000000000000e+02,1.200000000000000000e+02,1.085488708812744676e+02,1.085448368549203337e+02,1.085267257958037561e+02,1.084949002331690053e+02,1.084266739401310247e+02,1.081977482660705761e+02,1.079427613089796267e+02,1.075156828592136407e+02,1.063265913771084143e+02,1.027708366729871301e+02,6.791875133582222190e+01,5.612590582095442926e+01,5.140731693391614243e+01,5.573587951758038628e+01,7.189422951645272519e+01
1.200000000000000000e+02,1.200000000000000000e+02,1.200000000000000000e+02,1.200000000000000000e+02,1.200000000000000000e+02,1.200000000000000000e+02,1.200000000000000000e+02,1.200000000000000000e+02,1.200000000000000000e+02,1.200000000000000000e+02,1.085494385889856375e+02,1.085464877976458382e+02,1.085392982095683720e+02,1.085086738716501742e+02,1.084587660034832624e+02,1.083638448783376873e+02,1.080590334943592694e+02,1.077292956973211204e+02,1.070656702326278520e+02,1.030406634667165804e+02,6.908442822025794783e+01,5.697450214327216855e+01,5.124209984479571034e+01,5.575681747583501391e+01,7.196039156012110993e+01
1.200000000000000000e+02,1.200000000000000000e+02,1.200000000000000000e+02,1.200000000000000000e+02,1.200000000000000000e+02,1.200000000000000000e+02,1.200000000000000000e+02,1.200000000000000000e+02,1.200000000000000000e+02,1.200000000000000000e+02,1.085502547365222625e+02,1.085477313062915670e+02,1.085422053021019906e+02,1.085302558421973913e+02,1.084818652208512759e+02,1.084076408046776407e+02,1.082811427984368748e+02,1.078818395007888569e+02,1.073116615277756267e+02,1.039545756318715632e+02,6.972890114115098470e+01,5.783804042723569694e+01,5.159746347151350676e+01,5.562761331505945606e+01,7.196244880268687893e+01
1.200000000000000000e+02,1.200000000000000000e+02,1.200000000000000000e+02,1.200000000000000000e+02,1.200000000000000000e+02,1.200000000000000000e+02,1.200000000000000000e+02,1.200000000000000000e+02,1.200000000000000000e+02,1.200000000000000000e+02,1.085504306140705069e+02,1.085494364943110952e+02,1.085447247498026684e+02,1.085350006792101851e+02,1.085162996639440962e+02,1.084440678557165967e+02,1.083380437873194353e+02,1.081657472032795937e+02,1.075073005076209398e+02,1.044154383786802498e+02,7.159575825094050572e+01,5.833030736082593393e+01,5.203820977411390203e+01,5.576534745317169950e+01,7.186735544276923804e+01
1.200000000000000000e+02,1.200000000000000000e+02,1.200000000000000000e+02,1.200000000000000000e+02,1.200000000000000000e+02,1.200000000000000000e+02,1.200000000000000000e+02,1.200000000000000000e+02,1.200000000000000000e+02,1.200000000000000000e+02,1.085506054518542527e+02,1.085497714730361736e+02,1.085479724100388665e+02,1.085397426487792814e+02,1.085235820029532618e+02,1.084957386008611167e+02,1.083924675777791009e+02,1.082378329357480027e+02,1.078652495157083990e+02,1.047443793802489438e+02,7.309708269855030949e+01,5.967471737785795938e+01,5.223153667975289238e+01,5.594426280601758350e+01,7.193506174963594901e+01
1.200000000000000000e+02,1.200000000000000000e+02,1.200000000000000000e+02,1.200000000000000000e+02,1.200000000000000000e+02,1.200000000000000000e+02,1.200000000000000000e+02,1.200000000000000000e+02,1.200000000000000000e+02,1.200000000000000000e+02,1.085509009219305909e+02,1.085502418015261270e+02,1.085486345351552586e+02,1.085455244690856489e+02,1.085319764575339150e+02,1.085064086478484739e+02,1.084661136023038495e+02,1.083155544059946749e+02,1.079682719895057375e+02,1.053095849099751291e+02,7.420685413362055272e+01,6.112575306999485747e+01,5.288820806652339002e+01,5.593381427235205905e+01,7.199216289340211006e+01
1.200000000000000000e+02,1.200000000000000000e+02,1.200000000000000000e+02,1.200000000000000000e+02,1.200000000000000000e+02,1.200000000000000000e+02,1.200000000000000000e+02,1.200000000000000000e+02,1.200000000000000000e+02,1.200000000000000000e+02,1.085509410472470364e+02,1.085506714831393822e+02,1.085494518104874402e+02,1.085465384317233344e+02,1.085414437688429103e+02,1.085202748829252499e+02,1.084811030022533629e+02,1.084164641369540618e+02,1.080798814460593178e+02,1.056018430554522070e+02,7.583810699134549793e+01,6.234611343937318395e+01,5.375799107165978086e+01,5.615236504437110909e+01,7.190768147205862704e+01
1.200000000000000000e+02,1.200000000000000000e+02,1.200000000000000000e+02,1.200000000000000000e+02,1.200000000000000000e+02,1.200000000000000000e+02,1.200000000000000000e+02,1.200000000000000000e+02,1.200000000000000000e+02,1.200000000000000000e+02,1.085510019003507551e+02,1.085507442568062118e+02,1.085502720450992626e+02,1.085481092671107035e+02,1.085430786238764256e+02,1.085350574169629994e+02,1.085029521977023705e+02,1.084378159027663742e+02,1.082218254303000435e+02,1.058454088103239599e+02,7.713673237634507984e+01,6.402157008713381003e+01,5.454149591195034930e+01,5.650705840312996742e+01,7.195218279029062103e+01
1.200000000000000000e+02,1.200000000000000000e+02,1.200000000000000000e+02,1.200000000000000000e+02,1.200000000000000000e+02,1.200000000000000000e+02,1.200000000000000000e+02,1.200000000000000000e+02,1.200000000000000000e+02,1.200000000000000000e+02,1.085510511232087509e+02,1.085508764234676704e+02,1.085504022651923037e+02,1.085495770211907001e+02,1.085459244963194720e+02,1.085376055458015401e+02,1.085249725219536572e+02,1.084709425902319140e+02,1.082614794257842021e+02,1.061422651853073376e+02,7.819915895255992666e+01,6.570906594552705826e+01,5.565257849153420722e+01,5.679292163025706230e+01,7.204463047861470670e+01
1.200000000000000000e+02,1.200000000000000000e+02,1.200000000000000000e+02,1.200000000000000000e+02,1.200000000000000000e+02,1.200000000000000000e+02,1.200000000000000000e+02,1.200000000000000000e+02,1.200000000000000000e+02,1.200000000000000000e+02,1.085510543223356166e+02,1.085509799621935514e+02,1.085506687551086173e+02,1.085498046629057285e+02,1.085484027300997809e+02,1.085424879267394118e+02,1.085288817099313832e+02,1.085029331254696103e+02,1.083147232683911199e+02,1.063083692306467043e+02,7.937967079286568151e+01,6.725051436695201801e+01,5.695291533121675087e+01,5.726667442866539659e+01,7.206577272320313909e+01
1.200000000000000000e+02,1.200000000000000000e+02,1.200000000000000000e+02,1.200000000000000000e+02,1.200000000000000000e+02,1.200000000000000000e+02,1.200000000000000000e+02,1.200000000000000000e+02,1.200000000000000000e+02,1.200000000000000000e+02,1.085511371868744845e+02,1.085510502168507259e+02,1.085509133999508293e+02,1.085503507888578270e+02,1.085488191948138876e+02,1.085464853742097660e+02,1.085368821345528261e+02,1.085093920322985355e+02,1.083661754632679646e+02,1.064588132848161877e+02,8.031640458383562020e+01,6.893172225270886599e+01,5.827245794912219878e+01,5.790041519294105399e+01,7.218854190401390269e+01
1.200000000000000000e+02,1.200000000000000000e+02,1.200000000000000000e+02,1.200000000000000000e+02,1.200000000000000000e+02,1.200000000000000000e+02,1.200000000000000000e+02,1.200000000000000000e+02,1.200000000000000000e+02,1.200000000000000000e+02,1.085511479258989738e+02,1.085510915195097397e+02,1.085509490072403622e+02,1.085507170885630757e+02,1.085497561651437337e+02,1.085471412395001636e+02,1.085430149462919331e+02,1.085221552454340639e+02,1.083826220947735521e+02,1.066083135054381330e+02,8.111820645324495160e+01,7.051829427289032992e+01,5.978748621252676543e+01,5.858288272254822715e+01,7.238740084116298590e+01
1.200000000000000000e+02,1.200000000000000000e+02,1.200000000000000000e+02,1.200000000000000000e+02,1.200000000000000000e+02,1.200000000000000000e+02,1.200000000000000000e+02,1.200000000000000000e+02,1.200000000000000000e+02,1.200000000000000000e+02,1.085511500771002886e+02,1.085511149445582930e+02,1.085510318268585053e+02,1.085507791416540186e+02,1.085503800275898811e+02,1.085487737674530706e+02,1.085441257878424608e+02,1.085316476602122293e+02,1.084061393568526768e+02,1.067023575380831772e+02,8.189490192971750560e+01,7.197445391435850581e+01,6.139613290998298112e+01,5.943677187457237920e+01,7.260186701826444278e+01
1.200000000000000000e+02,1.200000000000000000e+02,1.200000000000000000e+02,1.200000000000000000e+02,1.200000000000000000e+02,1.200000000000000000e+02,1.200000000000000000e+02,1.200000000000000000e+02,1.200000000000000000e+02,1.200000000000000000e+02,1.085511496281851294e+02,1.085511229985970942e+02,1.085510784534379241e+02,1.085509385222576384e+02,1.085504897523558725e+02,1.085497921629348923e+02,1.085468655504143243e+02,1.085338488550597162e+02,1.084246968413677763e+02,1.067894729340485185e+02,8.252015850005486186e+01,7.340035213189214858e+01,6.301593540057629639e+01,6.043614212895663229e+01,7.292171283481994237e+01
1.200000000000000000e+02,1.200000000000000000e+02,1.200000000000000000e+02,1.200000000000000000e+02,1.200000000000000000e+02,1.200000000000000000e+02,1.200000000000000000e+02,1.200000000000000000e+02,1.200000000000000000e+02,1.200000000000000000e+02,1.085511430102790911e+02,1.085511298825181825e+02,1.085510931673083235e+02,1.085510244234120165e+02,1.085507834287067794e+02,1.085499877205645873e+02,1.085484862755104274e+02,1.085384851973092708e+02,1.084324227435223804e+02,1.068668993416606270e+02,8.306442733255055089e+01,7.469216582018344752e+01,6.469881849527334339e+01,6.152652520808430125e+01,7.333294204559553009e+01
1.200000000000000000e+02,1.200000000000000000e+02,1.200000000000000000e+02,1.200000000000000000e+02,1.200000000000000000e+02,1.200000000000000000e+02,1.200000000000000000e+02,1.200000000000000000e+02,1.200000000000000000e+02,1.200000000000000000e+02,1.085511962998931779e+02,1.085511769571285612e+02,1.085511501703500983e+02,1.085510771199112554e+02,1.085509539246775290e+02,1.085505229090237407e+02,1.085488626406218202e+02,1.085412473964834561e+02,1.084426839023211784e+02,1.069216410416584040e+02,8.355686275279499853e+01,7.586083389096422991e+01,6.636947692014106792e+01,6.274906414605710836e+01,7.381192413915110251e+01
1.200000000000000000e+02,1.200000000000000000e+02,1.200000000000000000e+02,1.200000000000000000e+02,1.200000000000000000e+02,1.200000000000000000e+02,1.200000000000000000e+02,1.200000000000000000e+02,1.200000000000000000e+02,1.200000000000000000e+02,1.085511925923915157e+02,1.085511777603560972e+02,1.085511619931489520e+02,1.085511251162018738e+02,1.085509982191363463e+02,1.085507738581880517e+02,1.085497592474422675e+02,1.085421247433261698e+02,1.084498976517967606e+02,1.069717285470786550e+02,8.396175665707463054e+01,7.694109739949364268e+01,6.798989961673701998e+01,6.406607772648003163e+01,7.439607772366328220e+01
1.200000000000000000e+02,1.200000000000000000e+02,1.200000000000000000e+02,1.200000000000000000e+02,1.200000000000000000e+02,1.200000000000000000e+02,1.200000000000000000e+02,1.200000000000000000e+02,1.200000000000000000e+02,1.200000000000000000e+02,1.085511893858538031e+02,1.085511757805865045e+02,1.085511652721527867e+02,1.085511463943972501e+02,1.085510866614181822e+02,1.085508482968558468e+02,1.085501749380795360e+02,1.085437679072193475e+02,1.084539255726672451e+02,1.070141660481733368e+02,8.431500136552587321e+01,7.789781767302486060e+01,6.956692163317505617e+01,6.544078548169304099e+01,7.506680524066918281e+01
1.200000000000000000e+02,1.200000000000000000e+02,1.200000000000000000e+02,1.200000000000000000e+02,1.200000000000000000e+02,1.200000000000000000e+02,1.200000000000000000e+02,1.200000000000000000e+02,1.200000000000000000e+02,1.200000000000000000e+02,1.085511810727327031e+02,1.085511765179750086e+02,1.085511672783274832e+02,1.085511537625527296e+02,1.085511231792216904e+02,1.085510064858730601e+02,1.085503172445617537e+02,1.085446002877877731e+02,1.084585774458691390e+02,1.070469484423950064e+02,8.462452153477237005e+01,7.874976564296865433e+01,7.105732592616280385e+01,6.687036356677204196e+01,7.580861269701054539e+01
1.200000000000000000e+02,1.200000000000000000e+02,1.200000000000000000e+02,1.200000000000000000e+02,1.200000000000000000e+02,1.200000000000000000e+02,1.200000000000000000e+02,1.200000000000000000e+02,1.200000000000000000e+02,1.200000000000000000e+02,1.085511693795019994e+02,1.085511695401746977e+02,1.085511714552453668e+02,1.085511630473592533e+02,1.085511373809285089e+02,1.085510675239444112e+02,1.085505992206795298e+02,1.085449989522356589e+02,1.084617835772675249e+02,1.070762842891047342e+02,8.488373136599105351e+01,7.951203627821897157e+01,7.244837687681265948e+01,6.831422870056101715e+01,7.662540976924246650e+01
1.200000000000000000e+02,1.200000000000000000e+02,1.200000000000000000e+02,1.200000000000000000e+02,1.200000000000000000e+02,1.200000000000000000e+02,1.200000000000000000e+02,1.200000000000000000e+02,1.200000000000000000e+02,1.200000000000000000e+02,1.085512160239601087e+02,1.085512053496887717e+02,1.085511998172910637e+02,1.085511961343471370e+02,1.085511779732569693e+02,1.085511078157228440e+02,1.085507176287530200e+02,1.085455951546038023e+02,1.084640398996256465e+02,1.071008637533141297e+02,8.510909167103046968e+01,8.017845060244097510e+01,7.374065080404767514e+01,6.974295748161345898e+01,7.749193529460409025e+01
1.200000000000000000e+02,1.200000000000000000e+02,1.200000000000000000e+02,1.200000000000000000e+02,1.200000000000000000e+02,1.200000000000000000e+02,1.200000000000000000e+02,1.200000000000000000e+02,1.200000000000000000e+02,1.200000000000000000e+02,1.085512089097639148e+02,1.085512024468409038e+02,1.085511993928116254e+02,1.085511971409489433e+02,1.085511932486917885e+02,1.085511536370785421e+02,1.085507759961343908e+02,1.085458841425341774e+02,1.084663143185574654e+02,1.071209191177683522e+02,8.530385212806037032e+01,8.076404391355328016e+01,7.491847483557248211e+01,7.114022440069317099e+01,7.838956935826846006e+01
1.200000000000000000e+02,1.200000000000000000e+02,1.200000000000000000e+02,1.200000000000000000e+02,1.200000000000000000e+02,1.200000000000000000e+02,1.200000000000000000e+02,1.200000000000000000e+02,1.200000000000000000e+02,1.200000000000000000e+02,1.085512031926217560e+02,1.085511952334781398e+02,1.085511976304907193e+02,1.085511990216774052e+02,1.085511965247422381e+02,1.085511746436343969e+02,1.085508630071500278e+02,1.085460793697867246e+02,1.084679591145858808e+02,1.071385261945531937e+02,8.546892754246519530e+01,8.127800980150314558e+01,7.598367158416876066e+01,7.247682634540974789e+01,7.930517019417794700e+01
1.200000000000000000e+02,1.200000000000000000e+02,1.200000000000000000e+02,1.200000000000000000e+02,1.200000000000000000e+02,1.200000000000000000e+02,1.200000000000000000e+02,1.200000000000000000e+02,1.200000000000000000e+02,1.200000000000000000e+02,1.085511932121795979e+02,1.085511926168603054e+02,1.085511909990762831e+02,1.085511988349308581e+02,1.085512023642558290e+02,1.085511826540660536e+02,1.085508994464824895e+02,1.085463051131205674e+02,1.084692728990928288e+02,1.071533364751625612e+02,8.561175117203302420e+01,8.172357697830956624e+01,7.694116011029885271e+01,7.373591810867165464e+01,8.021411099327765726e+01
1.200000000000000000e+02,1.200000000000000000e+02,1.200000000000000000e+02,1.200000000000000000e+02,1.200000000000000000e+02,1.200000000000000000e+02,1.200000000000000000e+02,1.200000000000000000e+02,1.200000000000000000e+02,1.200000000000000000e+02,1.085511798715205174e+02,1.085511836136291919e+02,1.085511907046342941e+02,1.085511932559863055e+02,1.085512040937991998e+02,1.085511952750986211e+02,1.085509209941628512e+02,1.085464315524485102e+02,1.084704837343656578e+02,1.071657702984935838e+02,8.573448261268076465e+01,8.211101142240499939e+01,7.779133279199993467e+01,7.490768590303754593e+01,8.109960542705397302e+01
1.200000000000000000e+02,1.200000000000000000e+02,1.200000000000000000e+02,1.200000000000000000e+02,1.200000000000000000e+02,1.200000000000000000e+02,1.200000000000000000e+02,1.200000000000000000e+02,1.200000000000000000e+02,1.200000000000000000e+02,1.085512236746298100e+02,1.085512156789170888e+02,1.085512151441288751e+02,1.085512190453455190e+02,1.085512177240738652e+02,1.085512123417233994e+02,1.085509577466020374e+02,1.085465361210586650e+02,1.084714262214283309e+02,1.071765530899035070e+02,8.583913750058852088e+01,8.244698725118279015e+01,7.854225665827262048e+01,7.598071836224745823e+01,8.194838444501458241e+01
1.200000000000000000e+02,1.200000000000000000e+02,1.200000000000000000e+02,1.200000000000000000e+02,1.200000000000000000e+02,1.200000000000000000e+02,1.200000000000000000e+02,1.200000000000000000e+02,1.200000000000000000e+02,1.200000000000000000e+02,1.085512155768733891e+02,1.085512112338405046e+02,1.085512113767194222e+02,1.085512164582018784e+02,1.085512244776126778e+02,1.085512131892511292e+02,1.085509711594427955e+02,1.085466353868471856e+02,1.084722127823586817e+02,1.071856860897599688e+02,8.592927067095182281e+01,8.273641099654835784e+01,7.920196928518889479e+01,7.695234876487386089e+01,8.274579046302014262e+01
1.200000000000000000e+02,1.200000000000000000e+02,1.200000000000000000e+02,1.200000000000000000e+02,1.200000000000000000e+02,1.200000000000000000e+02,1.200000000000000000e+02,1.200000000000000000e+02,1.200000000000000000e+02,1.200000000000000000e+02,1.085512088719773942e+02,1.085512028631864894e+02,1.085512077435153628e+02,1.085512131976894921e+02,1.085512222596052823e+02,1.085512216980320375e+02,1.085509784484397500e+02,1.085467001747530844e+02,1.084729073373242869e+02,1.071934453132209484e+02,8.600651103985489954e+01,8.298602405831888973e+01,7.977704418160439559e+01,7.782360672789299372e+01,8.348413946701207067e+01
1.200000000000000000e+02,1.200000000000000000e+02,1.200000000000000000e+02,1.200000000000000000e+02,1.200000000000000000e+02,1.200000000000000000e+02,1.200000000000000000e+02,1.200000000000000000e+02,1.200000000000000000e+02,1.200000000000000000e+02,1.085511981876752685e+02,1.085511989773383874e+02,1.085511997077941828e+02,1.085512107187246471e+02,1.085512198338108902e+02,1.085512203658396970e+02,1.085509927064950517e+02,1.085467522556576654e+02,1.084734718963200777e+02,1.072001271632927768e+02,8.607248917139610001e+01,8.320074229378184327e+01,8.027650185457544296e+01,7.859630869443662959e+01,8.415884568158347179e+01
1.200000000000000000e+02,1.200000000000000000e+02,1.200000000000000000e+02,1.200000000000000000e+02,1.200000000000000000e+02,1.200000000000000000e+02,1.200000000000000000e+02,1.200000000000000000e+02,1.200000000000000000e+02,1.200000000000000000e+02,1.085511842713691806e+02,1.085511891621766836e+02,1.085511977826239018e+02,1.085512033337326301e+02,1.085512186962756971e+02,1.085512192413850840e+02,1.085509951279700687e+02,1.085468051827179892e+02,1.084739507167542740e+02,1.072058131347229164e+02,8.612909331964542048e+01,8.338474723125838750e+01,8.070852592532679637e+01,7.927638629392885150e+01,8.476686073119492448e+01
1.200000000000000000e+02,1.200000000000000000e+02,1.200000000000000000e+02,1.200000000000000000e+02,1.200000000000000000e+02,1.200000000000000000e+02,1.200000000000000000e+02,1.200000000000000000e+02,1.200000000000000000e+02,1.200000000000000000e+02,1.085512268770121267e+02,1.085512199243386959e+02,1.085512207306514796e+02,1.085512264400382634e+02,1.085512293488790334e+02,1.085512320467889253e+02,1.085510064934184129e+02,1.085468447058183585e+02,1.084743740297192289e+02,1.072106641110943741e+02,8.617749606343714674e+01,8.354244716879870225e+01,8.108039807632326301e+01,7.987086970980102762e+01,8.530925877418982850e+01
1.200000000000000000e+02,1.200000000000000000e+02,1.200000000000000000e+02,1.200000000000000000e+02,1.200000000000000000e+02,1.200000000000000000e+02,1.200000000000000000e+02,1.200000000000000000e+02,1.200000000000000000e+02,1.200000000000000000e+02,1.085512183676684259e+02,1.085512148362864195e+02,1.085512161435328409e+02,1.085512227940221379e+02,1.085512330458227268e+02,1.085512288896964321e+02,1.085510122992403268e+02,1.085468758210755311e+02,1.084747195546560334e+02,1.072148264994858238e+02,8.621881259257894214e+01,8.367732040317844167e+01,8.139969046518557150e+01,8.038691525231369894e+01,8.578868447337423220e+01
1.200000000000000000e+02,1.200000000000000000e+02,1.200000000000000000e+02,1.200000000000000000e+02,1.200000000000000000e+02,1.200000000000000000e+02,1.200000000000000000e+02,1.200000000000000000e+02,1.200000000000000000e+02,1.200000000000000000e+02,1.085512112752384724e+02,1.085512060003864008e+02,1.085512117320549521e+02,1.085512185416559277e+02,1.085512296139002331e+02,1.085512327683430698e+02,1.085510112263510933e+02,1.085469048910607484e+02,1.084750166287174693e+02,1.072183698505568543e+02,8.625414636862362272e+01,8.379240329322183811e+01,8.167307036943526555e+01,8.083272663154178872e+01,8.620869743712630395e+01
1.200000000000000000e+02,1.200000000000000000e+02,1.200000000000000000e+02,1.200000000000000000e+02,1.200000000000000000e+02,1.200000000000000000e+02,1.200000000000000000e+02,1.200000000000000000e+02,1.200000000000000000e+02,1.200000000000000000e+02,1.085512002900798478e+02,1.085512016482837225e+02,1.085512031771274337e+02,1.085512151008526445e+02,1.085512259158977457e+02,1.085512298962410540e+02,1.085510167845570351e+02,1.085469230042893543e+02,1.084752736171709273e+02,1.072213950572397749e+02,8.628428478520089584e+01,8.389056881645963415e+01,8.190643854955180814e+01,8.121620057007696403e+01,8.657431333470501045e+01
1.200000000000000000e+02,1.200000000000000000e+02,1.200000000000000000e+02,1.200000000000000000e+02,1.200000000000000000e+02,1.200000000000000000e+02,1.200000000000000000e+02,1.200000000000000000e+02,1.200000000000000000e+02,1.200000000000000000e+02,1.085511861325373388e+02,1.085511914847098183e+02,1.085512007124265068e+02,1.085512071429435395e+02,1.085512235458455876e+02,1.085512269253103739e+02,1.085510158362720290e+02,1.085469448659944049e+02,1.084754857669574051e+02,1.072239833343816002e+02,8.630997158246972845e+01,8.397416666679092145e+01,8.210533016991631428e+01,8.154468544530617180e+01,8.689074190523693630e+01
1.200000000000000000e+02,1.200000000000000000e+02,1.200000000000000000e+02,1.200000000000000000e+02,1.200000000000000000e+02,1.200000000000000000e+02,1.200000000000000000e+02,1.200000000000000000e+02,1.200000000000000000e+02,1.200000000000000000e+02,1.085512282375396751e+02,1.085512217048510166e+02,1.085512230195866721e+02,1.085512294126149158e+02,1.085512333761338368e+02,1.085512378406734655e+02,1.085510231446295677e+02,1.085469642063200837e+02,1.084756769562049357e+02,1.072261860675674967e+02,8.633187617364947641e+01,8.404525932694964752e+01,8.227452843397172444e+01,8.182527851111224493e+01,8.716315905087436988e+01
1.200000000000000000e+02,1.200000000000000000e+02,1.200000000000000000e+02,1.200000000000000000e+02,1.200000000000000000e+02,1.200000000000000000e+02,1.200000000000000000e+02,1.200000000000000000e+02,1.200000000000000000e+02,1.200000000000000000e+02,1.085512195519443992e+02,1.085512163613761771e+02,1.085512181141377681e+02,1.085512252988482516e+02,1.085512363399301421e+02,1.085512339066234375e+02,1.085510254885179933e+02,1.085469763849090441e+02,1.084758331208692823e+02,1.072280675059500510e+02,8.635051204259445967e+01,8.410568982936685245e+01,8.241821357770405143e+01,8.206434873389292761e+01,8.739681078683453563e+01
1.200000000000000000e+02,1.200000000000000000e+02,1.200000000000000000e+02,1.200000000000000000e+02,1.200000000000000000e+02,1.200000000000000000e+02,1.200000000000000000e+02,1.200000000000000000e+02,1.200000000000000000e+02,1.200000000000000000e+02,1.085512122961335137e+02,1.085512073253772627e+02,1.085512134092124512e+02,1.085512206968295885e+02,1.085512323547036146e+02,1.085512368218969073e+02,1.085510225997545177e+02,1.085469892129475795e+02,1.084759658997771794e+02,1.072296679108721094e+02,8.636637153381518317e+01,8.415699124656161700e+01,8.254011334032934144e+01,8.226756771018555980e+01,8.759653606381543511e+01
1.200000000000000000e+02,1.200000000000000000e+02,1.200000000000000000e+02,1.200000000000000000e+02,1.200000000000000000e+02,1.200000000000000000e+02,1.200000000000000000e+02,1.200000000000000000e+02,1.200000000000000000e+02,1.200000000000000000e+02,1.085512011848613128e+02,1.085512027792292002e+02,1.085512046291234043e+02,1.085512169203940118e+02,1.085512282742034813e+02,1.085512332223016614e+02,1.085510261205351981e+02,1.085469952046548059e+02,1.084760817967052446e+02,1.072310294662540855e+02,8.637985297725123246e+01,8.420051340531968265e+01,8.264340952135528084e+01,8.244004585861388534e+01,8.776675883342815609e+01
1.200000000000000000e+02,1.200000000000000000e+02,1.200000000000000000e+02,1.200000000000000000e+02,1.200000000000000000e+02,1.200000000000000000e+02,1.200000000000000000e+02,1.200000000000000000e+02,1.200000000000000000e+02,1.200000000000000000e+02,1.085511869242218665e+02,1.085511924716520156e+02,1.085512019456869979e+02,1.085512087105032180e+02,1.085512255160044788e+02,1.085512297882541191e+02,1.085510235785224324e+02,1.085470059482120746e+02,1.084761756871785963e+02,1.072321909420761727e+02,8.639130293613000333e+01,8.423741118448913312e+01,8.273086143644675872e+01,8.258622076522286193e+01,8.791153875640664239e+01
1.200000000000000000e+02,1.200000000000000000e+02,1.200000000000000000e+02,1.200000000000000000e+02,1.200000000000000000e+02,1.200000000000000000e+02,1.200000000000000000e+02,1.200000000000000000e+02,1.200000000000000000e+02,1.200000000000000000e+02,1.085512288167154082e+02,1.085512224604059668e+02,1.085512239889948347e+02,1.085512306491521599e+02,1.085512349815601851e+02,1.085512401379803151e+02,1.085510297344817729e+02,1.085470159495895217e+02,1.084762646669251325e+02,1.072331763628321113e+02,8.640103093880713914e+01,8.426867027849368696e+01,8.280485132925339542e+01,8.270995597435044999e+01,8.803444539642492828e+01
1.200000000000000000e+02,1.200000000000000000e+02,1.200000000000000000e+02,1.200000000000000000e+02,1.200000000000000000e+02,1.200000000000000000e+02,1.200000000000000000e+02,1.200000000000000000e+02,1.200000000000000000e+02,1.200000000000000000e+02,1.085512200564955663e+02,1.085512170096717455e+02,1.085512189465972881e+02,1.085512263531610984e+02,1.085512376863439954e+02,1.085512358460866125e+02,1.085510309744465047e+02,1.085470205893865483e+02,1.084763335520558769e+02,1.072340167106472393e+02,8.640927675703166244e+01,8.429514267596071875e+01,8.286740974722032149e+01,8.281460782208114324e+01,8.813862338254779161e+01
1.200000000000000000e+02,1.200000000000000000e+02,1.200000000000000000e+02,1.200000000000000000e+02,1.200000000000000000e+02,1.200000000000000000e+02,1.200000000000000000e+02,1.200000000000000000e+02,1.200000000000000000e+02,1.200000000000000000e+02,1.085512127309789605e+02,1.085512078894178671e+02,1.085512141203279128e+02,1.085512215997683114e+02,1.085512334963463275e+02,1.085512384557223555e+02,1.085510272420860503e+02,1.085470267136360860e+02,1.084763922929802362e+02,1.072347272112990169e+02,8.641627618290569046e+01,8.431754234497944367e+01,8.292028044302162471e+01,8.290305258377804876e+01,8.822682810189576230e+01
1.200000000000000000e+02,1.200000000000000000e+02,1.200000000000000000e+02,1.200000000000000000e+02,1.200000000000000000e+02,1.200000000000000000e+02,1.200000000000000000e+02,1.200000000000000000e+02,1.200000000000000000e+02,1.200000000000000000e+02,1.085512015661748535e+02,1.085512032604194275e+02,1.085512052462801762e+02,1.085512176884475508e+02,1.085512292487739785e+02,1.085512345982412654e+02,1.085510300643479269e+02,1.085470271099020039e+02,1.084764445608584253e+02,1.072353299843837959e+02,8.642220462353468236e+01,8.433649658239987446e+01,8.296494027063684484e+01,8.297775870404295517e+01,8.830143473366247520e+01
1.200000000000000000e+02,1.200000000000000000e+02,1.200000000000000000e+02,1.200000000000000000e+02,1.200000000000000000e+02,1.200000000000000000e+02,1.200000000000000000e+02,1.200000000000000000e+02,1.200000000000000000e+02,1.200000000000000000e+02,1.085511872617072981e+02,1.085511928919879949e+02,1.085512024693327930e+02,1.085512093748745315e+02,1.085512263420123844e+02,1.085512309591127433e+02,1.085510269078840793e+02,1.085470331238119428e+02,1.084764842320161193e+02,1.072358439841875111e+02,8.642722533472060320e+01,8.435252335083281139e+01,8.300265776827012587e+01,8.304082886240033190e+01,8.836449314757594209e+01
1.200000000000000000e+02,1.200000000000000000e+02,1.200000000000000000e+02,1.200000000000000000e+02,1.200000000000000000e+02,1.200000000000000000e+02,1.200000000000000000e+02,1.200000000000000000e+02,1.200000000000000000e+02,1.200000000000000000e+02,1.085512290636161055e+02,1.085512227823664091e+02,1.085512244013910390e+02,1.085512311719979550e+02,1.085512356586454530e+02,1.085512410995233523e+02,1.085510325428742107e+02,1.085470390191776744e+02,1.084765270098586427e+02,1.072362775138138602e+02,8.643148395281608032e+01,8.436607100532231129e+01,8.303450049425006796e+01,8.309406089555173480e+01,8.841775719038088255e+01
1.200000000000000000e+02,1.200000000000000000e+02,1.200000000000000000e+02,1.200000000000000000e+02,1.200000000000000000e+02,1.200000000000000000e+02,1.200000000000000000e+02,1.200000000000000000e+02,1.200000000000000000e+02,1.200000000000000000e+02,1.085512202716504078e+02,1.085512172858802273e+02,1.085512193010343367e+02,1.085512268008376680e+02,1.085512382522384627e+02,1.085512366647828628e+02,1.085510333543114712e+02,1.085470402096015050e+02,1.084765564107861593e+02,1.072366480317141253e+02,8.643507980212061170e+01,8.437752518017728676e+01,8.306137606890418112e+01,8.313897453043716723e+01,8.846272958865129965e+01
1.200000000000000000e+02,1.200000000000000000e+02,1.200000000000000000e+02,1.200000000000000000e+02,1.200000000000000000e+02,1.200000000000000000e+02,1.200000000000000000e+02,1.200000000000000000e+02,1.200000000000000000e+02,1.200000000000000000e+02,1.085512129164397237e+02,1.085512081298680158e+02,1.085512144229961820e+02,1.085512219836567027e+02,1.085512339799917356e+02,1.085512391421329710e+02,1.085510292644219845e+02,1.085470433892880777e+02,1.084765815404302884e+02,1.072369586256382519e+02,8.643812966946042309e+01,8.438719713525817667e+01,8.308406125350400373e+01,8.317686109523229732e+01,8.850068554757392292e+01
1.200000000000000000e+02,1.200000000000000000e+02,1.200000000000000000e+02,1.200000000000000000e+02,1.200000000000000000e+02,1.200000000000000000e+02,1.200000000000000000e+02,1.200000000000000000e+02,1.200000000000000000e+02,1.200000000000000000e+02,1.085512017288088060e+02,1.085512034655945968e+02,1.085512055092467847e+02,1.085512180147884465e+02,1.085512296623733448e+02,1.085512351835256766e+02,1.085510317749893261e+02,1.085470412756282599e+02,1.084766051814781065e+02,1.072372213372692613e+02,8.644070537071641525e+01,8.439537215821633254e+01,8.310319904697036009e+01,8.320881961131831872e+01,8.853271031491125598e+01
1.200000000000000000e+02,1.200000000000000000e+02,1.200000000000000000e+02,1.200000000000000000e+02,1.200000000000000000e+02,1.200000000000000000e+02,1.200000000000000000e+02,1.200000000000000000e+02,1.200000000000000000e+02,1.200000000000000000e+02,1.085511874056738293e+02,1.085511930712159767e+02,1.085512026925148348e+02,1.085512096577528922e+02,1.085512266922189610e+02,1.085512314580464732e+02,1.085510283631548134e+02,1.085470451481573377e+02,1.084766204770994591e+02,1.072374463815870769e+02,8.644288166928417638e+01,8.440227468671460542e+01,8.311934894877546753e+01,8.323576888967923537e+01,8.855972833436774749e+01
1.200000000000000000e+02,1.200000000000000000e+02,1.200000000000000000e+02,1.200000000000000000e+02,1.200000000000000000e+02,1.200000000000000000e+02,1.200000000000000000e+02,1.200000000000000000e+02,1.200000000000000000e+02,1.200000000000000000e+02,1.085512291689537818e+02,1.085512229196922362e+02,1.085512245771448505e+02,1.085512313946722287e+02,1.085512359467950461e+02,1.085512415086348881e+02,1.085510337698660948e+02,1.085470492207091979e+02,1.084766425161183179e+02,1.072376345070790364e+02,8.644472867337427147e+01,8.440810213493983838e+01,8.313297363255458094e+01,8.325849707577296499e+01,8.858251452460741859e+01
1.200000000000000000e+02,1.200000000000000000e+02,1.200000000000000000e+02,1.200000000000000000e+02,1.200000000000000000e+02,1.200000000000000000e+02,1.200000000000000000e+02,1.200000000000000000e+02,1.200000000000000000e+02,1.200000000000000000e+02,1.085512203634482518e+02,1.085512174037031201e+02,1.085512194521754310e+02,1.085512269914804904e+02,1.085512384931299010e+02,1.085512370151433856e+02,1.085510343915864979e+02,1.085470488639150375e+02,1.084766542995959355e+02,1.072377967488357058e+02,8.644628087287509288e+01,8.441302687665923088e+01,8.314446496436391953e+01,8.327766224649974447e+01,8.860173276935275055e+01
1.200000000000000000e+02,1.200000000000000000e+02,1.200000000000000000e+02,1.200000000000000000e+02,1.200000000000000000e+02,1.200000000000000000e+02,1.200000000000000000e+02,1.200000000000000000e+02,1.200000000000000000e+02,1.200000000000000000e+02,1.085512129955777567e+02,1.085512082324423773e+02,1.085512145520744554e+02,1.085512221473075414e+02,1.085512341858445780e+02,1.085512394358199657e+02,1.085510301480410504e+02,1.085470507242494875e+02,1.084766644596821124e+02,1.072379306900844114e+02,8.644759971900290907e+01,8.441717843807904842e+01,8.315416250327275804e+01,8.329382089397900302e+01,8.861793912480860058e+01
1.200000000000000000e+02,1.200000000000000000e+02,1.200000000000000000e+02,1.200000000000000000e+02,1.200000000000000000e+02,1.200000000000000000e+02,1.200000000000000000e+02,1.200000000000000000e+02,1.200000000000000000e+02,1.200000000000000000e+02,1.085512017982102009e+02,1.085512035531367871e+02,1.085512056214000580e+02,1.085512181539156131e+02,1.085512298387342724e+02,1.085512354338325451e+02,1.085510325210576923e+02,1.085470474966965071e+02,1.084766753889499711e+02,1.072380436397948387e+02,8.644870988560049341e+01,8.442068750945678346e+01,8.316233832850105046e+01,8.330744903576788829e+01,8.863160374313081036e+01
1.200000000000000000e+02,1.200000000000000000e+02,1.200000000000000000e+02,1.200000000000000000e+02,1.200000000000000000e+02,1.200000000000000000e+02,1.200000000000000000e+02,1.200000000000000000e+02,1.200000000000000000e+02,1.200000000000000000e+02,1.085511874671121717e+02,1.085511931476915777e+02,1.085512027877280730e+02,1.085512097783611694e+02,1.085512268415368311e+02,1.085512316719281927e+02,1.085510289967186282e+02,1.085470504157701157e+02,1.084766799063084619e+02,1.072381417816014277e+02,8.644964589576200353e+01,8.442364735992816804e+01,8.316923742710316958e+01,8.331893729492290390e+01,8.864312837157027047e+01
1.200000000000000000e+02,1.200000000000000000e+02,1.200000000000000000e+02,1.200000000000000000e+02,1.200000000000000000e+02,1.200000000000000000e+02,1.200000000000000000e+02,1.200000000000000000e+02,1.200000000000000000e+02,1.200000000000000000e+02,1.085512292139111707e+02,1.085512229782920315e+02,1.085512246521277149e+02,1.085512314896579369e+02,1.085512360696662313e+02,1.085512416839225978e+02,1.085510343042038386e+02,1.085470536796002250e+02,1.084766927956919602e+02,1.072382224339454382e+02,8.645044360321223564e+01,8.442614406198138965e+01,8.317505643083083555e+01,8.332862629405775579e+01,8.865284381089249166e+01
1.200000000000000000e+02,1.200000000000000000e+02,1.200000000000000000e+02,1.200000000000000000e+02,1.200000000000000000e+02,1.200000000000000000e+02,1.200000000000000000e+02,1.200000000000000000e+02,1.200000000000000000e+02,1.200000000000000000e+02,1.085512204026284167e+02,1.085512174539859842e+02,1.085512195166622291e+02,1.085512270728029449e+02,1.085512385959345067e+02,1.085512371652287698e+02,1.085510348424471090e+02,1.085470526399362683e+02,1.084766968294233607e+02,1.072382936840131435e+02,8.645110839943912140e+01,8.442825555453806885e+01,8.317996217817284332e+01,8.333679585052877314e+01,8.866103712832106964e+01
1.200000000000000000e+02,1.200000000000000000e+02,1.200000000000000000e+02,1.200000000000000000e+02,1.200000000000000000e+02,1.200000000000000000e+02,1.200000000000000000e+02,1.200000000000000000e+02,1.200000000000000000e+02,1.200000000000000000e+02,1.085512130293559920e+02,1.085512082762193558e+02,1.085512146071566804e+02,1.085512222171233816e+02,1.085512342736846563e+02,1.085512395617386687e+02,1.085510305315428923e+02,1.085470539179148091e+02,1.084767004249700904e+02,1.072383506239548581e+02,8.645167695622819792e+01,8.443003139323860751e+01,8.318410394054494361e+01,8.334368283459356519e+01,8.866794552259862883e+01
1.200000000000000000e+02,1.200000000000000000e+02,1.200000000000000000e+02,1.200000000000000000e+02,1.200000000000000000e+02,1.200000000000000000e+02,1.200000000000000000e+02,1.200000000000000000e+02,1.200000000000000000e+02,1.200000000000000000e+02,1.085512018278339923e+02,1.085512035905001511e+02,1.085512056692612646e+02,1.085512182132839172e+02,1.085512299139995491e+02,1.085512355410808993e+02,1.085510328446470822e+02,1.085470502003633300e+02,1.084767057916720177e+02,1.072383984341685590e+02,8.645215293555006042e+01,8.443153451997828540e+01,8.318759306927401553e+01,8.334949326265638092e+01,8.867376944712056286e+01
1.200000000000000000e+02,1.200000000000000000e+02,1.200000000000000000e+02,1.200000000000000000e+02,1.200000000000000000e+02,1.200000000000000000e+02,1.200000000000000000e+02,1.200000000000000000e+02,1.200000000000000000e+02,1.200000000000000000e+02,1.085511874933377072e+02,1.085511931803336978e+02,1.085512028283627615e+02,1.085512098298274566e+02,1.085512269052830447e+02,1.085512317635547817e+02,1.085510292710485913e+02,1.085470527014985436e+02,1.084767056041696804e+02,1.072384414828133430e+02,8.645255302524320484e+01,8.443280087124664135e+01,8.319053879899747983e+01,8.335438991038239465e+01,8.867868267105887981e+01
1.200000000000000000e+02,1.200000000000000000e+02,1.200000000000000000e+02,1.200000000000000000e+02,1.200000000000000000e+02,1.200000000000000000e+02,1.200000000000000000e+02,1.200000000000000000e+02,1.200000000000000000e+02,1.200000000000000000e+02,1.085512292331023332e+02,1.085512230033050116e+02,1.085512246841313129e+02,1.085512315301939168e+02,1.085512361221179845e+02,1.085512417590373389e+02,1.085510345353134056e+02,1.085470556112084637e+02,1.084767145088591462e+02,1.072384755584907055e+02,8.645289793574259818e+01,8.443386802418595494e+01,8.319302313165020735e+01,8.335852116417547109e+01,8.868282350876168607e+01
1.200000000000000000e+02,1.200000000000000000e+02,1.200000000000000000e+02,1.200000000000000000e+02,1.200000000000000000e+02,1.200000000000000000e+02,1.200000000000000000e+02,1.200000000000000000e+02,1.200000000000000000e+02,1.200000000000000000e+02,1.085512204193539816e+02,1.085512174754497465e+02,1.085512195441866510e+02,1.085512271075122328e+02,1.085512386398245894e+02,1.085512372295089278e+02,1.085510350372770176e+02,1.085470542733741723e+02,1.084767151735923392e+02,1.072385074378336753e+02,8.645318024928430134e+01,8.443477289020384546e+01,8.319511616121189945e+01,8.336200466457117386e+01,8.868631655777880951e+01
1.200000000000000000e+02,1.200000000000000000e+02,1.200000000000000000e+02,1.200000000000000000e+02,1.200000000000000000e+02,1.200000000000000000e+02,1.200000000000000000e+02,1.200000000000000000e+02,1.200000000000000000e+02,1.200000000000000000e+02,1.085512130437758600e+02,1.085512082949067576e+02,1.085512146306681558e+02,1.085512222469218386e+02,1.085512343111909814e+02,1.085512396156621264e+02,1.085510306970414263e+02,1.085470552976802168e+02,1.084767159208681306e+02,1.072385311073207674e+02,8.645342576638095977e+01,8.443553035803788021e+01,8.319688550288037732e+01,8.336494053084005884e+01,8.868926191155794925e+01
1.200000000000000000e+02,1.200000000000000000e+02,1.200000000000000000e+02,1.200000000000000000e+02,1.200000000000000000e+02,1.200000000000000000e+02,1.200000000000000000e+02,1.200000000000000000e+02,1.200000000000000000e+02,1.200000000000000000e+02,1.085512018404806156e+02,1.085512036064500876e+02,1.085512056896915283e+02,1.085512182386248554e+02,1.085512299461347681e+02,1.085512355870032621e+02,1.085510329841615658e+02,1.085470513669547188e+02,1.084767188781558218e+02,1.072385508088558765e+02,8.645362895164770123e+01,8.443617406120348789e+01,8.319837361374150930e+01,8.336741946479537546e+01,8.869174438960973816e+01
1.200000000000000000e+02,1.200000000000000000e+02,1.200000000000000000e+02,1.200000000000000000e+02,1.200000000000000000e+02,1.200000000000000000e+02,1.200000000000000000e+02,1.200000000000000000e+02,1.200000000000000000e+02,1.200000000000000000e+02,1.085511875045337860e+02,1.085511931942685777e+02,1.085512028457086586e+02,1.085512098517967559e+02,1.085512269325016916e+02,1.085512318027728895e+02,1.085510293892196216e+02,1.085470536866890399e+02,1.084767166556424769e+02,1.072385701117891159e+02,8.645379871186338505e+01,8.443671517330996323e+01,8.319963160069984554e+01,8.336950701784020623e+01,8.869384023875267076e+01
1.200000000000000000e+02,1.200000000000000000e+02,1.200000000000000000e+02,1.200000000000000000e+02,1.200000000000000000e+02,1.200000000000000000e+02,1.200000000000000000e+02,1.200000000000000000e+02,1.200000000000000000e+02,1.200000000000000000e+02,1.085512292412955446e+02,1.085512230139832610e+02,1.085512246977933017e+02,1.085512315474976788e+02,1.085512361445153147e+02,1.085512417911858449e+02,1.085510346347736430e+02,1.085470564429507334e+02,1.084767238393087183e+02,1.072385841331281711e+02,8.645394916530925400e+01,8.443717035983046060e+01,8.320069242434109924e+01,8.337126961339984632e+01,8.869560554083774662e+01
1.200000000000000000e+02,1.200000000000000000e+02,1.200000000000000000e+02,1.200000000000000000e+02,1.200000000000000000e+02,1.200000000000000000e+02,1.200000000000000000e+02,1.200000000000000000e+02,1.200000000000000000e+02,1.200000000000000000e+02,1.085512204264946234e+02,1.085512174846130051e+02,1.085512195559368536e+02,1.085512271223293936e+02,1.085512386585654809e+02,1.085512372570147193e+02,1.085510351210623554e+02,1.085470549760704841e+02,1.084767230507386557e+02,1.072385990767592148e+02,8.645406732835891717e+01,8.443755886273036992e+01,8.320158481616768142e+01,8.337275578867546244e+01,8.869709556587778820e+01
1.200000000000000000e+02,1.200000000000000000e+02,1.200000000000000000e+02,1.200000000000000000e+02,1.200000000000000000e+02,1.200000000000000000e+02,1.200000000000000000e+02,1.200000000000000000e+02,1.200000000000000000e+02,1.200000000000000000e+02,1.085512130499322154e+02,1.085512083028848309e+02,1.085512146407054530e+02,1.085512222596429552e+02,1.085512343272065152e+02,1.085512396387306211e+02,1.085510307681596345e+02,1.085470558907719720e+02,1.084767225706685281e+02,1.072386084466494225e+02,8.645417428908248780e+01,8.443788065602583970e+01,8.320234149610520547e+01,8.337400741330222331e+01,8.869835195468475320e+01
1.200000000000000000e+02,1.200000000000000000e+02,1.200000000000000000e+02,1.200000000000000000e+02,1.200000000000000000e+02,1.200000000000000000e+02,1.200000000000000000e+02,1.200000000000000000e+02,1.200000000000000000e+02,1.200000000000000000e+02,1.085512018458800156e+02,1.085512036132596307e+02,1.085512056984135683e+02,1.085512182494432238e+02,1.085512299598568546e+02,1.085512356066457329e+02,1.085510330440721702e+02,1.085470518680444201e+02,1.084767244908036616e+02,1.072386160760705707e+02,8.645426053120644383e+01,8.443815677819921461e+01,8.320297549030635764e+01,8.337506608003356234e+01,8.869941025446881611e+01
1.200000000000000000e+02,1.200000000000000000e+02,1.200000000000000000e+02,1.200000000000000000e+02,1.200000000000000000e+02,1.200000000000000000e+02,1.200000000000000000e+02,1.200000000000000000e+02,1.200000000000000000e+02,1.200000000000000000e+02,1.085511875093139338e+02,1.085511932002178952e+02,1.085512028531140629e+02,1.085512098611759342e+02,1.085512269441241813e+02,1.085512318195446539e+02,1.085510294399347941e+02,1.085470541095778572e+02,1.084767213930837073e+02,1.072386251875583980e+02,8.645433159841272186e+01,8.443838776954541459e+01,8.320351308277074054e+01,8.337595593977222563e+01,8.870030517214429722e+01
1.200000000000000000e+02,1.200000000000000000e+02,1.200000000000000000e+02,1.200000000000000000e+02,1.200000000000000000e+02,1.200000000000000000e+02,1.200000000000000000e+02,1.200000000000000000e+02,1.200000000000000000e+02,1.200000000000000000e+02,1.085512292447936318e+02,1.085512230185422879e+02,1.085512247036260334e+02,1.085512315548851916e+02,1.085512361540792341e+02,1.085512418049324879e+02,1.085510346774361352e+02,1.085470567997641922e+02,1.084767278371753321e+02,1.072386306068819835e+02,8.645439876446752692e+01,8.443858132202178979e+01,8.320396629528528365e+01,8.337670851588937637e+01,8.870105777042536488e+01
1.200000000000000000e+02,1.200000000000000000e+02,1.200000000000000000e+02,1.200000000000000000e+02,1.200000000000000000e+02,1.200000000000000000e+02,1.200000000000000000e+02,1.200000000000000000e+02,1.200000000000000000e+02,1.200000000000000000e+02,1.085512204295433492e+02,1.085512174885252108e+02,1.085512195609534700e+02,1.085512271286553414e+02,1.085512386665681106e+02,1.085512372687743863e+02,1.085510351569831897e+02,1.085470552773632278e+02,1.084767264245393079e+02,1.072386382900114938e+02,8.645444664661667389e+01,8.443874910109144594e+01,8.320434620136990134e+01,8.337734291937982789e+01,8.870169379983627778e+01
1.200000000000000000e+02,1.200000000000000000e+02,1.200000000000000000e+02,1.200000000000000000e+02,1.200000000000000000e+02,1.200000000000000000e+02,1.200000000000000000e+02,1.200000000000000000e+02,1.200000000000000000e+02,1.200000000000000000e+02,1.085512130525607404e+02,1.085512083062911017e+02,1.085512146449908073e+02,1.085512222650741876e+02,1.085512343340452190e+02,1.085512396485919879e+02,1.085510307986359066e+02,1.085470561449487406e+02,1.084767254177695861e+02,1.072386415324294973e+02,8.645449430380229217e+01,8.443888468871215025e+01,8.320467062633768762e+01,8.337787621295339591e+01,8.870223001222005621e+01
1.200000000000000000e+02,1.200000000000000000e+02,1.200000000000000000e+02,1.200000000000000000e+02,1.200000000000000000e+02,1.200000000000000000e+02,1.200000000000000000e+02,1.200000000000000000e+02,1.200000000000000000e+02,1.200000000000000000e+02,1.085512018481853147e+02,1.085512036161670011e+02,1.085512057021374375e+02,1.085512182540620785e+02,1.085512299657162600e+02,1.085512356150413495e+02,1.085510330697355244e+02,1.085470520827018532e+02,1.084767268930804391e+02,1.072386439910321911e+02,8.645453050752789181e+01,8.443900372788081654e+01,8.320494003477688238e+01,8.337832907347106470e+01,8.870268097370114901e+01
1.200000000000000000e+02,1.200000000000000000e+02,1.200000000000000000e+02,1.200000000000000000e+02,1.200000000000000000e+02,1.200000000000000000e+02,1.200000000000000000e+02,1.200000000000000000e+02,1.200000000000000000e+02,1.200000000000000000e+02,1.085511875113548825e+02,1.085511932027580002e+02,1.085512028562758502e+02,1.085512098651803967e+02,1.085512269490870239e+02,1.085512318267124527e+02,1.085510294616510265e+02,1.085470542906671909e+02,1.084767234201881507e+02,1.072386487388565826e+02,8.645455935608956111e+01,8.443910220600682237e+01,8.320517011612906799e+01,8.337870801640376328e+01,8.870306370179092426e+01
1.200000000000000000e+02,1.200000000000000000e+02,1.200000000000000000e+02,1.200000000000000000e+02,1.200000000000000000e+02,1.200000000000000000e+02,1.200000000000000000e+02,1.200000000000000000e+02,1.200000000000000000e+02,1.200000000000000000e+02,1.085512292462871784e+02,1.085512230204888056e+02,1.085512247061163436e+02,1.085512315580393619e+02,1.085512361581630643e+02,1.085512418108069710e+02,1.085510346956986325e+02,1.085470569525074183e+02,1.084767295473934610e+02,1.072386504762762627e+02,8.645459090165735461e+01,8.443918397413479227e+01,8.320536395594589862e+01,8.337902969622524552e+01,8.870338434459209509e+01
1.200000000000000000e+02,1.200000000000000000e+02,1.200000000000000000e+02,1.200000000000000000e+02,1.200000000000000000e+02,1.200000000000000000e+02,1.200000000000000000e+02,1.200000000000000000e+02,1.200000000000000000e+02,1.200000000000000000e+02,1.085512204308450777e+02,1.085512174901955973e+02,1.085512195630953585e+02,1.085512271313562707e+02,1.085512386699852385e+02,1.085512372737992592e+02,1.085510351723553839e+02,1.085470554063009558e+02,1.084767278674711406e+02,1.072386550526119748e+02,8.645460873192349993e+01,8.443925745573702102e+01,8.320552509166910227e+01,8.337930068552194030e+01,8.870365607841291933e+01
1.200000000000000000e+02,1.200000000000000000e+02,1.200000000000000000e+02,1.200000000000000000e+02,1.200000000000000000e+02,1.200000000000000000e+02,1.200000000000000000e+02,1.200000000000000000e+02,1.200000000000000000e+02,1.200000000000000000e+02,1.085512130536830568e+02,1.085512083077454548e+02,1.085512146468204691e+02,1.085512222673930864e+02,1.085512343369653649e+02,1.085512396528054211e+02,1.085510308116745932e+02,1.085470562536944357e+02,1.084767266351991424e+02,1.072386556737363890e+02,8.645463103554749296e+01,8.443931349846698708e+01,8.320566499175708941e+01,8.337952747512271401e+01,8.870388505199196061e+01
1.200000000000000000e+02,1.200000000000000000e+02,1.200000000000000000e+02,1.200000000000000000e+02,1.200000000000000000e+02,1.200000000000000000e+02,1.200000000000000000e+02,1.200000000000000000e+02,1.200000000000000000e+02,1.200000000000000000e+02,1.085512018491696153e+02,1.085512036174083619e+02,1.085512057037274189e+02,1.085512182560341756e+02,1.085512299682182231e+02,1.085512356186281693e+02,1.085510330807126422e+02,1.085470521745180292e+02,1.084767279201228547e+02,1.072386559208004684e+02,8.645464585004778257e+01,8.443936543784019477e+01,8.320577875972139736e+01,8.337972182675265742e+01,8.870407689167130627e+01
1.200000000000000000e+02,1.200000000000000000e+02,1.200000000000000000e+02,1.200000000000000000e+02,1.200000000000000000e+02,1.200000000000000000e+02,1.200000000000000000e+02,1.200000000000000000e+02,1.200000000000000000e+02,1.200000000000000000e+02,1.085511875122263064e+02,1.085511932038425300e+02,1.085512028576258103e+02,1.085512098668901899e+02,1.085512269512061465e+02,1.085512318297745225e+02,1.085510294709378485e+02,1.085470543681091584e+02,1.084767242867001329e+02,1.072386588026785148e+02,8.645465665443582282e+01,8.443940731451939996e+01,8.320587756330556317e+01,8.337988273801509820e+01,8.870424107645951040e+01
1.200000000000000000e+02,1.200000000000000000e+02,1.200000000000000000e+02,1.200000000000000000e+02,1.200000000000000000e+02,1.200000000000000000e+02,1.200000000000000000e+02,1.200000000000000000e+02,1.200000000000000000e+02,1.200000000000000000e+02,1.085512292469249047e+02,1.085512230213199132e+02,1.085512247071796139e+02,1.085512315593860819e+02,1.085512361599068498e+02,1.085512418133164516e+02,1.085510347035071135e+02,1.085470570178152201e+02,1.084767302783491516e+02,1.072386589659578817e+02,8.645467297768939829e+01,8.443944133756443193e+01,8.320596067400040852e+01,8.338002052394817554e+01,8.870437739757977624e+01
1.200000000000000000e+02,1.200000000000000000e+02,1.200000000000000000e+02,1.200000000000000000e+02,1.200000000000000000e+02,1.200000000000000000e+02,1.200000000000000000e+02,1.200000000000000000e+02,1.200000000000000000e+02,1.200000000000000000e+02,1.085512204314008642e+02,1.085512174909088259e+02,1.085512195640098980e+02,1.085512271325094815e+02,1.085512386714443238e+02,1.085512372759456667e+02,1.085510351789270374e+02,1.085470554614213086e+02,1.084767284841134085e+02,1.072386622142408328e+02,8.645467796671447047e+01,8.443947454471187086e+01,8.320602841274651951e+01,8.338013641055705705e+01,8.870449367114157724e+01
1.200000000000000000e+02,1.200000000000000000e+02,1.200000000000000000e+02,1.200000000000000000e+02,1.200000000000000000e+02,1.200000000000000000e+02,1.200000000000000000e+02,1.200000000000000000e+02,1.200000000000000000e+02,1.200000000000000000e+02,1.085512130541622753e+02,1.085512083083663981e+02,1.085512146476016966e+02,1.085512222683832135e+02,1.085512343382122253e+02,1.085512396546050979e+02,1.085510308172478204e+02,1.085470563001760951e+02,1.084767271554171657e+02,1.072386617150026069e+02,8.645468943770184467e+01,8.443949661503336301e+01,8.320608953473241343e+01,8.338023238012725358e+01,8.870459152525856439e+01
1.200000000000000000e+02,1.200000000000000000e+02,1.200000000000000000e+02,1.200000000000000000e+02,1.200000000000000000e+02,1.200000000000000000e+02,1.200000000000000000e+02,1.200000000000000000e+02,1.200000000000000000e+02,1.200000000000000000e+02,1.085512018495899156e+02,1.085512036179384125e+02,1.085512057044062573e+02,1.085512182568761972e+02,1.085512299692865525e+02,1.085512356201601705e+02,1.085510330854040717e+02,1.085470522137584055e+02,1.084767283589459907e+02,1.072386610169514967e+02,8.645469511412136399e+01,8.443951989800555680e+01,8.320613685514823032e+01,8.338031639193536648e+01,8.870467277432361186e+01
1.200000000000000000e+02,1.200000000000000000e+02,1.200000000000000000e+02,1.200000000000000000e+02,1.200000000000000000e+02,1.200000000000000000e+02,1.200000000000000000e+02,1.200000000000000000e+02,1.200000000000000000e+02,1.200000000000000000e+02,1.085511875125983750e+02,1.085511932043056049e+02,1.085512028582022452e+02,1.085512098676201873e+02,1.085512269521109943e+02,1.085512318310823616e+02,1.085510294749064570e+02,1.085470544012025584e+02,1.084767246569032437e+02,1.072386631014909000e+02,8.645469821007799283e+01,8.443953760248732010e+01,8.320617961165750387e+01,8.338038423673104660e+01,8.870474368248730457e+01
1.200000000000000000e+02,1.200000000000000000e+02,1.200000000000000000e+02,1.200000000000000000e+02,1.200000000000000000e+02,1.200000000000000000e+02,1.200000000000000000e+02,1.200000000000000000e+02,1.200000000000000000e+02,1.200000000000000000e+02,1.085512292471971989e+02,1.085512230216747867e+02,1.085512247076336081e+02,1.085512315599611242e+02,1.085512361606514276e+02,1.085512418143882059e+02,1.085510347068436374e+02,1.085470570457205639e+02,1.084767305906155315e+02,1.072386625921867704e+02,8.645470803079943778e+01,8.443955123601330115e+01,8.320621544768209787e+01,8.338044352512110891e+01,8.870480132969517229e+01
1.200000000000000000e+02,1.200000000000000000e+02,1.200000000000000000e+02,1.200000000000000000e+02,1.200000000000000000e+02,1.200000000000000000e+02,1.200000000000000000e+02,1.200000000000000000e+02,1.200000000000000000e+02,1.200000000000000000e+02,1.085512204316381855e+02,1.085512174912133361e+02,1.085512195644003839e+02,1.085512271330018734e+02,1.085512386720673561e+02,1.085512372768623379e+02,1.085510351817348180e+02,1.085470554849716223e+02,1.084767287475280426e+02,1.072386652730792207e+02,8.645470753471944647e+01,8.443956724432472072e+01,8.320624331112905736e+01,8.338049320202746628e+01,8.870485124563582247e+01
1.200000000000000000e+02,1.200000000000000000e+02,1.200000000000000000e+02,1.200000000000000000e+02,1.200000000000000000e+02,1.200000000000000000e+02,1.200000000000000000e+02,1.200000000000000000e+02,1.200000000000000000e+02,1.200000000000000000e+02,1.085512130543668263e+02,1.085512083086315442e+02,1.085512146479352822e+02,1.085512222688059722e+02,1.085512343387446208e+02,1.085512396553737062e+02,1.085510308196288349e+02,1.085470563200339456e+02,1.084767273776293166e+02,1.072386642952178306e+02,8.645471437879530185e+01,8.443957480730166765e+01,8.320627079894465794e+01,8.338053332603077195e+01,8.870489312993001363e+01
1.200000000000000000e+02,1.200000000000000000e+02,1.200000000000000000e+02,1.200000000000000000e+02,1.200000000000000000e+02,1.200000000000000000e+02,1.200000000000000000e+02,1.200000000000000000e+02,1.200000000000000000e+02,1.200000000000000000e+02,1.085512018497693418e+02,1.085512036181646778e+02,1.085512057046961161e+02,1.085512182572357318e+02,1.085512299697427352e+02,1.085512356208144098e+02,1.085510330874082570e+02,1.085470522305215013e+02,1.084767285463809259e+02,1.072386631934357979e+02,8.645471615225885387e+01,8.443958585323122179e+01,8.320628974945792322e+01,8.338057023386089384e+01,8.870492717064408339e+01
1.200000000000000000e+02,1.200000000000000000e+02,1.200000000000000000e+02,1.200000000000000000e+02,1.200000000000000000e+02,1.200000000000000000e+02,1.200000000000000000e+02,1.200000000000000000e+02,1.200000000000000000e+02,1.200000000000000000e+02,1.085511875127572523e+02,1.085511932045033490e+02,1.085512028584483346e+02,1.085512098679319024e+02,1.085512269524973448e+02,1.085512318316408482e+02,1.085510294766016841e+02,1.085470544153389056e+02,1.084767248150216403e+02,1.072386649373900838e+02,8.645471595599775583e+01,8.443959323568404329e+01,8.320630857638214195e+01,8.338059834777489243e+01,8.870495826023255859e+01
1.200000000000000000e+02,1.200000000000000000e+02,1.200000000000000000e+02,1.200000000000000000e+02,1.200000000000000000e+02,1.200000000000000000e+02,1.200000000000000000e+02,1.200000000000000000e+02,1.200000000000000000e+02,1.200000000000000000e+02,1.085512292473134721e+02,1.085512230218263028e+02,1.085512247078274726e+02,1.085512315602066309e+02,1.085512361609693528e+02,1.085512418148459091e+02,1.085510347082688298e+02,1.085470570576401173e+02,1.084767307239833798e+02,1.072386641408045449e+02,8.645472299962290208e+01,8.443959816256584361e+01,8.320632422810494688e+01,8.338062412421753322e+01,8.870498232172086261e+01
1.200000000000000000e+02,1.200000000000000000e+02,1.200000000000000000e+02,1.200000000000000000e+02,1.200000000000000000e+02,1.200000000000000000e+02,1.200000000000000000e+02,1.200000000000000000e+02,1.200000000000000000e+02,1.200000000000000000e+02,1.085512204317395231e+02,1.085512174913433796e+02,1.085512195645670914e+02,1.085512271332121372e+02,1.085512386723333833e+02,1.085512372772537901e+02,1.085510351829341005e+02,1.085470554950304773e+02,1.084767288600277197e+02,1.072386665793573002e+02,8.645472016103536816e+01,8.443960682678013541e+01,8.320633506636555410e+01,8.338064553456679562e+01,8.870500390909772648e+01
1.200000000000000000e+02,1.200000000000000000e+02,1.200000000000000000e+02,1.200000000000000000e+02,1.200000000000000000e+02,1.200000000000000000e+02,1.200000000000000000e+02,1.200000000000000000e+02,1.200000000000000000e+02,1.200000000000000000e+02,1.085512130544542231e+02,1.085512083087447621e+02,1.085512146480777034e+02,1.085512222689864643e+02,1.085512343389719661e+02,1.085512396557019059e+02,1.085510308206457779e+02,1.085470563285153673e+02,1.084767274725293618e+02,1.072386653970775967e+02,8.645472502915916380e+01,8.443960819501241133e+01,8.320634819363155543e+01,8.338066181634427210e+01,8.870502189897452183e+01
1.200000000000000000e+02,1.200000000000000000e+02,1.200000000000000000e+02,1.200000000000000000e+02,1.200000000000000000e+02,1.200000000000000000e+02,1.200000000000000000e+02,1.200000000000000000e+02,1.200000000000000000e+02,1.200000000000000000e+02,1.085512018498459810e+02,1.085512036182613258e+02,1.085512057048198926e+02,1.085512182573892517e+02,1.085512299699374807e+02,1.085512356210937952e+02,1.085510330882642194e+02,1.085470522376808447e+02,1.084767286264266914e+02,1.072386641228693094e+02,8.645472513587688468e+01,8.443961401567382552e+01,8.320635503118262477e+01,8.338067861372704215e+01,8.870503578532274958e+01
1.200000000000000000e+02,1.200000000000000000e+02,1.200000000000000000e+02,1.200000000000000000e+02,1.200000000000000000e+02,1.200000000000000000e+02,1.200000000000000000e+02,1.200000000000000000e+02,1.200000000000000000e+02,1.200000000000000000e+02,1.085511875128250807e+02,1.085511932045877614e+02,1.085512028585534239e+02,1.085512098680649729e+02,1.085512269526623328e+02,1.085512318318793206e+02,1.085510294773257272e+02,1.085470544213762025e+02,1.084767248825459944e+02,1.072386657213700261e+02,8.645472353371083329e+01,8.443961699060696446e+01,8.320636364096024806e+01,8.338068976483405947e+01,8.870504987514473783e+01
1.200000000000000000e+02,1.200000000000000000e+02,1.200000000000000000e+02,1.200000000000000000e+02,1.200000000000000000e+02,1.200000000000000000e+02,1.200000000000000000e+02,1.200000000000000000e+02,1.200000000000000000e+02,1.200000000000000000e+02,1.085512292473631248e+02,1.085512230218910190e+02,1.085512247079102224e+02,1.085512315603114644e+02,1.085512361611050949e+02,1.085512418150413652e+02,1.085510347088774523e+02,1.085470570627305449e+02,1.084767307809368759e+02,1.072386648020984268e+02,8.645472939142790381e+01,8.443961819976236427e+01,8.320637067461488812e+01,8.338070123344120077e+01,8.870505959765992543e+01
1.200000000000000000e+02,1.200000000000000000e+02,1.200000000000000000e+02,1.200000000000000000e+02,1.200000000000000000e+02,1.200000000000000000e+02,1.200000000000000000e+02,1.200000000000000000e+02,1.200000000000000000e+02,1.200000000000000000e+02,1.085512204317827809e+02,1.085512174913988730e+02,1.085512195646382736e+02,1.085512271333018930e+02,1.085512386724469565e+02,1.085512372774209382e+02,1.085510351834462739e+02,1.085470554993261345e+02,1.084767289080688926e+02,1.072386671371601921e+02,8.645472555252993629e+01,8.443962372807220618e+01,8.320637424362544721e+01,8.338071057534313013e+01,8.870506909038392962e+01
1.200000000000000000e+02,1.200000000000000000e+02,1.200000000000000000e+02,1.200000000000000000e+02,1.200000000000000000e+02,1.200000000000000000e+02,1.200000000000000000e+02,1.200000000000000000e+02,1.200000000000000000e+02,1.200000000000000000e+02,1.085512130544915408e+02,1.085512083087931074e+02,1.085512146481384974e+02,1.085512222690635156e+02,1.085512343390690404e+02,1.085512396558420392e+02,1.085510308210800758e+02,1.085470563321373163e+02,1.084767275130542430e+02,1.072386658675856239e+02,8.645472957688275528e+01,8.443962245118122212e+01,8.320638123934287478e+01,8.338071667756071292e+01,8.870507687861751833e+01
1.200000000000000000e+02,1.200000000000000000e+02,1.200000000000000000e+02,1.200000000000000000e+02,1.200000000000000000e+02,1.200000000000000000e+02,1.200000000000000000e+02,1.200000000000000000e+02,1.200000000000000000e+02,1.200000000000000000e+02,1.085512018498786802e+02,1.085512036183026083e+02,1.085512057048727570e+02,1.085512182574548063e+02,1.085512299700206427e+02,1.085512356212130953e+02,1.085510330886297368e+02,1.085470522407381537e+02,1.084767286606079324e+02,1.072386645197454982e+02,8.645472897187482886e+01,8.443962604068943278e+01,8.320638290498695255e+01,8.338072488862030696e+01,8.870508216004056123e+01
1.200000000000000000e+02,1.200000000000000000e+02,1.200000000000000000e+02,1.200000000000000000e+02,1.200000000000000000e+02,1.200000000000000000e+02,1.200000000000000000e+02,1.200000000000000000e+02,1.200000000000000000e+02,1.200000000000000000e+02,1.085511875128540709e+02,1.085511932046238144e+02,1.085512028585983018e+02,1.085512098681218305e+02,1.085512269527327618e+02,1.085512318319811556e+02,1.085510294776349127e+02,1.085470544239542932e+02,1.084767249113799892e+02,1.072386660561336527e+02,8.645472676937185952e+01,8.443962713364872741e+01,8.320638715230865046e+01,8.338072879726689735e+01,8.870508899173312045e+01
1.200000000000000000e+02,1.200000000000000000e+02,1.200000000000000000e+02,1.200000000000000000e+02,1.200000000000000000e+02,1.200000000000000000e+02,1.200000000000000000e+02,1.200000000000000000e+02,1.200000000000000000e+02,1.200000000000000000e+02,1.085512292473842990e+02,1.085512230219186449e+02,1.085512247079455790e+02,1.085512315603562286e+02,1.085512361611630610e+02,1.085512418151248113e+02,1.085510347091373831e+02,1.085470570649042799e+02,1.084767308052567074e+02,1.072386650844725153e+02,8.645473212069749991e+01,8.443962675537066787e+01,8.320639050626424194e+01,8.338073415694742607e+01,8.870509259210980701e+01
1.200000000000000000e+02,1.200000000000000000e+02,1.200000000000000000e+02,1.200000000000000000e+02,1.200000000000000000e+02,1.200000000000000000e+02,1.200000000000000000e+02,1.200000000000000000e+02,1.200000000000000000e+02,1.200000000000000000e+02,1.085512204318012550e+02,1.085512174914225767e+02,1.085512195646686848e+02,1.085512271333402197e+02,1.085512386724954581e+02,1.085512372774922909e+02,1.085510351836649932e+02,1.085470555011604716e+02,1.084767289285828582e+02,1.072386673753419473e+02,8.645472785466296273e+01,8.443963094468288944e+01,8.320639097148094265e+01,8.338073834603348189e+01,8.870509692089059683e+01
1.200000000000000000e+02,1.200000000000000000e+02,1.200000000000000000e+02,1.200000000000000000e+02,1.200000000000000000e+02,1.200000000000000000e+02,1.200000000000000000e+02,1.200000000000000000e+02,1.200000000000000000e+02,1.200000000000000000e+02,1.085512130545074427e+02,1.085512083088137274e+02,1.085512146481644606e+02,1.085512222690964563e+02,1.085512343391104793e+02,1.085512396559018953e+02,1.085510308212655133e+02,1.085470563336839405e+02,1.084767275303585876e+02,1.072386660684913977e+02,8.645473151872440098e+01,8.443962853835522253e+01,8.320639534917104640e+01,8.338074010190561580e+01,8.870510035339592037e+01
1.200000000000000000e+02,1.200000000000000000e+02,1.200000000000000000e+02,1.200000000000000000e+02,1.200000000000000000e+02,1.200000000000000000e+02,1.200000000000000000e+02,1.200000000000000000e+02,1.200000000000000000e+02,1.200000000000000000e+02,1.085512018498926778e+02,1.085512036183202014e+02,1.085512057048953238e+02,1.085512182574827591e+02,1.085512299700561698e+02,1.085512356212640412e+02,1.085510330887858288e+02,1.085470522420436481e+02,1.084767286752034181e+02,1.072386646892098980e+02,8.645473060981039737e+01,8.443963117518879358e+01,8.320639480652891962e+01,8.338074464686599185e+01,8.870510196081112042e+01
1.200000000000000000e+02,1.200000000000000000e+02,1.200000000000000000e+02,1.200000000000000000e+02,1.200000000000000000e+02,1.200000000000000000e+02,1.200000000000000000e+02,1.200000000000000000e+02,1.200000000000000000e+02,1.200000000000000000e+02,1.085511875128664343e+02,1.085511932046392047e+02,1.085512028586174438e+02,1.085512098681461026e+02,1.085512269527628177e+02,1.085512318320246550e+02,1.085510294777669174e+02,1.085470544250551796e+02,1.084767249236921032e+02,1.072386661990756807e+02,8.645472815096557895e+01,8.443963146457005564e+01,8.320639719117886557e+01,8.338074546319104741e+01,8.870510569351718289e+01
1.200000000000000000e+02,1.200000000000000000e+02,1.200000000000000000e+02,1.200000000000000000e+02,1.200000000000000000e+02,1.200000000000000000e+02,1.200000000000000000e+02,1.200000000000000000e+02,1.200000000000000000e+02,1.200000000000000000e+02,1.085512292473933798e+02,1.085512230219304115e+02,1.085512247079606709e+02,1.085512315603753279e+02,1.085512361611878163e+02,1.085512418151604379e+02,1.085510347092483698e+02,1.085470570658324618e+02,1.084767308156412327e+02,1.072386652050440716e+02,8.645473328606466623e+01,8.443963040847991408e+01,8.320639897398280027e+01,8.338074821452795504e+01,8.870510667992800791e+01
1.200000000000000000e+02,1.200000000000000000e+02,1.200000000000000000e+02,1.200000000000000000e+02,1.200000000000000000e+02,1.200000000000000000e+02,1.200000000000000000e+02,1.200000000000000000e+02,1.200000000000000000e+02,1.200000000000000000e+02,1.085512204318091563e+02,1.085512174914327090e+02,1.085512195646816451e+02,1.085512271333566048e+02,1.085512386725161633e+02,1.085512372775227732e+02,1.085510351837583585e+02,1.085470555019437455e+02,1.084767289373422017e+02,1.072386674770434212e+02,8.645472883764567484e+01,8.443963402605939450e+01,8.320639811394561036e+01,8.338075020349729982e+01,8.870510880385492669e+01
1.200000000000000000e+02,1.200000000000000000e+02,1.200000000000000000e+02,1.200000000000000000e+02,1.200000000000000000e+02,1.200000000000000000e+02,1.200000000000000000e+02,1.200000000000000000e+02,1.200000000000000000e+02,1.200000000000000000e+02,1.085512130545142355e+02,1.085512083088225666e+02,1.085512146481755593e+02,1.085512222691104682e+02,1.085512343391281860e+02,1.085512396559274464e+02,1.085510308213446962e+02,1.085470563343443331e+02,1.084767275377474220e+02,1.072386661542761033e+02,8.645473234786574324e+01,8.443963113747892635e+01,8.320640137379265866e+01,8.338075010359001737e+01,8.870511037658475573e+01
1.200000000000000000e+02,1.200000000000000000e+02,1.200000000000000000e+02,1.200000000000000000e+02,1.200000000000000000e+02,1.200000000000000000e+02,1.200000000000000000e+02,1.200000000000000000e+02,1.200000000000000000e+02,1.200000000000000000e+02,1.085512018498986322e+02,1.085512036183277047e+02,1.085512057049049304e+02,1.085512182574947389e+02,1.085512299700713186e+02,1.085512356212857981e+02,1.085510330888524777e+02,1.085470522426011115e+02,1.084767286814355458e+02,1.072386647615693107e+02,8.645473130918666982e+01,8.443963336753502347e+01,8.320639988825753619e+01,8.338075308321546686e+01,8.870511041529600504e+01
1.200000000000000000e+02,1.200000000000000000e+02,1.200000000000000000e+02,1.200000000000000000e+02,1.200000000000000000e+02,1.200000000000000000e+02,1.200000000000000000e+02,1.200000000000000000e+02,1.200000000000000000e+02,1.200000000000000000e+02,1.085511875128717065e+02,1.085511932046457844e+02,1.085512028586256150e+02,1.085512098681564623e+02,1.085512269527756644e+02,1.085512318320432001e+02,1.085510294778232918e+02,1.085470544255252321e+02,1.084767249289492526e+02,1.072386662601102074e+02,8.645472874088660831e+01,8.443963331380093962e+01,8.320640147758435035e+01,8.338075257919213357e+01,8.870511282481361093e+01
1.200000000000000000e+02,1.200000000000000000e+02,1.200000000000000000e+02,1.200000000000000000e+02,1.200000000000000000e+02,1.200000000000000000e+02,1.200000000000000000e+02,1.200000000000000000e+02,1.200000000000000000e+02,1.200000000000000000e+02,1.085512292473972167e+02,1.085512230219354564e+02,1.085512247079671226e+02,1.085512315603834850e+02,1.085512361611983749e+02,1.085512418151756719e+02,1.085510347092957488e+02,1.085470570662288026e+02,1.084767308200753035e+02,1.072386652565266019e+02,8.645473378365940675e+01,8.443963196829581364e+01,8.320640258953783075e+01,8.338075421682610511e+01,8.870511269512500974e+01
1.200000000000000000e+02,1.200000000000000000e+02,1.200000000000000000e+02,1.200000000000000000e+02,1.200000000000000000e+02,1.200000000000000000e+02,1.200000000000000000e+02,1.200000000000000000e+02,1.200000000000000000e+02,1.200000000000000000e+02,1.085512204318125100e+02,1.085512174914370433e+02,1.085512195646871874e+02,1.085512271333635965e+02,1.085512386725250025e+02,1.085512372775358045e+02,1.085510351837982626e+02,1.085470555022781980e+02,1.084767289410823565e+02,1.072386675204685815e+02,8.645472925736451941e+01,8.443963534175462371e+01,8.320640116364330652e+01,8.338075526639464385e+01,8.870511387763166056e+01
1.200000000000000000e+02,1.200000000000000000e+02,1.200000000000000000e+02,1.200000000000000000e+02,1.200000000000000000e+02,1.200000000000000000e+02,1.200000000000000000e+02,1.200000000000000000e+02,1.200000000000000000e+02,1.200000000000000000e+02,1.085512130545171630e+02,1.085512083088263324e+02,1.085512146481802773e+02,1.085512222691164936e+02,1.085512343391357462e+02,1.085512396559383603e+02,1.085510308213785038e+02,1.085470563346263333e+02,1.084767275409023739e+02,1.072386661909050076e+02,8.645473270189627613e+01,8.443963224726017813e+01,8.320640394619310598e+01,8.338075437410986979e+01,8.870511465628007386e+01
1.200000000000000000e+02,1.200000000000000000e+02,1.200000000000000000e+02,1.200000000000000000e+02,1.200000000000000000e+02,1.200000000000000000e+02,1.200000000000000000e+02,1.200000000000000000e+02,1.200000000000000000e+02,1.200000000000000000e+02,1.085512018499011475e+02,1.085512036183309306e+02,1.085512057049090515e+02,1.085512182574998263e+02,1.085512299700777987e+02,1.085512356212950920e+02,1.085510330888809420e+02,1.085470522428391149e+02,1.084767286840966136e+02,1.072386647924657410e+02,8.645473160780933597e+01,8.443963430362900624e+01,8.320640205806091672e+01,8.338075668537061347e+01,8.870511402518980049e+01
1.200000000000000000e+02,1.200000000000000000e+02,1.200000000000000000e+02,1.200000000000000000e+02,1.200000000000000000e+02,1.200000000000000000e+02,1.200000000000000000e+02,1.200000000000000000e+02,1.200000000000000000e+02,1.200000000000000000e+02,1.085511875128739661e+02,1.085511932046485839e+02,1.085512028586291251e+02,1.085512098681608819e+02,1.085512269527811640e+02,1.085512318320511298e+02,1.085510294778473792e+02,1.085470544257259462e+02,1.084767249311939850e+02,1.072386662861710249e+02,8.645472899277345391e+01,8.443963410339043207e+01,8.320640330779991700e+01,8.338075561758610377e+01,8.870511586973478302e+01
1.200000000000000000e+02,1.200000000000000000e+02,1.200000000000000000e+02,1.200000000000000000e+02,1.200000000000000000e+02,1.200000000000000000e+02,1.200000000000000000e+02,1.200000000000000000e+02,1.200000000000000000e+02,1.200000000000000000e+02,1.085512292473988651e+02,1.085512230219376164e+02,1.085512247079698795e+02,1.085512315603869666e+02,1.085512361612028940e+02,1.085512418151821521e+02,1.085510347093159709e+02,1.085470570663980681e+02,1.084767308219685873e+02,1.072386652785088472e+02,8.645473399612428977e+01,8.443963263431001565e+01,8.320640413331297225e+01,8.338075677969170840e+01,8.870511526349557130e+01
1.200000000000000000e+02,1.200000000000000000e+02,1.200000000000000000e+02,1.200000000000000000e+02,1.200000000000000000e+02,1.200000000000000000e+02,1.200000000000000000e+02,1.200000000000000000e+02,1.200000000000000000e+02,1.200000000000000000e+02,1.085512204318139737e+02,1.085512174914388623e+02,1.085512195646895606e+02,1.085512271333665808e+02,1.085512386725287826e+02,1.085512372775413610e+02,1.085510351838152729e+02,1.085470555024209744e+02,1.084767289426793866e+02,1.072386675390104500e+02,8.645472943657749454e+01,8.443963590353349957e+01,8.320640246580805410e+01,8.338075742815505009e+01,8.870511604403537831e+01
1.200000000000000000e+02,1.200000000000000000e+02,1.200000000000000000e+02,1.200000000000000000e+02,1.200000000000000000e+02,1.200000000000000000e+02,1.200000000000000000e+02,1.200000000000000000e+02,1.200000000000000000e+02,1.200000000000000000e+02,1.085512130545183709e+02,1.085512083088279525e+02,1.085512146481823095e+02,1.085512222691190658e+02,1.085512343391389720e+02,1.085512396559429931e+02,1.085510308213929704e+02,1.085470563347467134e+02,1.084767275422494777e+02,1.072386662065449769e+02,8.645473285306140099e+01,8.443963272111723484e+01,8.320640504456086717e+01,8.338075619754087597e+01,8.870511648362736423e+01
1.200000000000000000e+02,1.200000000000000000e+02,1.200000000000000000e+02,1.200000000000000000e+02,1.200000000000000000e+02,1.200000000000000000e+02,1.200000000000000000e+02,1.200000000000000000e+02,1.200000000000000000e+02,1.200000000000000000e+02,1.085512018499022560e+02,1.085512036183322948e+02,1.085512057049108279e+02,1.085512182575020006e+02,1.085512299700805698e+02,1.085512356212990426e+02,1.085510330888930639e+02,1.085470522429407794e+02,1.084767286852328283e+02,1.072386648056579901e+02,8.645473173531621569e+01,8.443963470332462862e+01,8.320640298452718753e+01,8.338075822342301535e+01,8.870511556654541607e+01
1.200000000000000000e+02,1.200000000000000000e+02,1.200000000000000000e+02,1.200000000000000000e+02,1.200000000000000000e+02,1.200000000000000000e+02,1.200000000000000000e+02,1.200000000000000000e+02,1.200000000000000000e+02,1.200000000000000000e+02,1.085511875128749182e+02,1.085511932046497776e+02,1.085512028586306030e+02,1.085512098681627862e+02,1.085512269527834945e+02,1.085512318320545120e+02,1.085510294778576537e+02,1.085470544258116234e+02,1.084767249321524787e+02,1.072386662972985931e+02,8.645472910032475511e+01,8.443963444053126466e+01,8.320640408926851705e+01,8.338075691492339558e+01,8.870511716985834028e+01
1.200000000000000000e+02,1.200000000000000000e+02,1.200000000000000000e+02,1.200000000000000000e+02,1.200000000000000000e+02,1.200000000000000000e+02,1.200000000000000000e+02,1.200000000000000000e+02,1.200000000000000000e+02,1.200000000000000000e+02,1.085512292473995757e+02,1.085512230219385259e+02,1.085512247079710590e+02,1.085512315603884588e+02,1.085512361612048267e+02,1.085512418151849090e+02,1.085510347093246253e+02,1.085470570664702876e+02,1.084767308227769860e+02,1.072386652878949320e+02,8.645473408684311778e+01,8.443963291868625731e+01,8.320640479247686017e+01,8.338075787398756233e+01,8.870511636014137480e+01
1.200000000000000000e+02,1.200000000000000000e+02,1.200000000000000000e+02,1.200000000000000000e+02,1.200000000000000000e+02,1.200000000000000000e+02,1.200000000000000000e+02,1.200000000000000000e+02,1.200000000000000000e+02,1.200000000000000000e+02,1.085512204318145706e+02,1.085512174914396581e+02,1.085512195646905553e+02,1.085512271333678456e+02,1.085512386725303884e+02,1.085512372775437058e+02,1.085510351838225347e+02,1.085470555024819674e+02,1.084767289433612518e+02,1.072386675469275019e+02,8.645472951309847076e+01,8.443963614340304957e+01,8.320640302180865433e+01,8.338075835118669943e+01,8.870511696904917187e+01
1.200000000000000000e+02,1.200000000000000000e+02,1.200000000000000000e+02,1.200000000000000000e+02,1.200000000000000000e+02,1.200000000000000000e+02,1.200000000000000000e+02,1.200000000000000000e+02,1.200000000000000000e+02,1.200000000000000000e+02,1.085512130545189251e+02,1.085512083088286204e+02,1.085512146481831905e+02,1.085512222691201458e+02,1.085512343391403505e+02,1.085512396559449826e+02,1.085510308213991237e+02,1.085470563347981425e+02,1.084767275428246762e+02,1.072386662132229560e+02,8.645473291760626466e+01,8.443963292344585625e+01,8.320640551354392755e+01,8.338075697611219539e+01,8.870511726387066176e+01
1.200000000000000000e+02,1.200000000000000000e+02,1.200000000000000000e+02,1.200000000000000000e+02,1.200000000000000000e+02,1.200000000000000000e+02,1.200000000000000000e+02,1.200000000000000000e+02,1.200000000000000000e+02,1.200000000000000000e+02,1.085512018499027107e+02,1.085512036183328775e+02,1.085512057049115668e+02,1.085512182575029385e+02,1.085512299700817351e+02,1.085512356213007621e+02,1.085510330888982651e+02,1.085470522429841509e+02,1.084767286857179727e+02,1.072386648112908745e+02,8.645473178975939277e+01,8.443963487398752932e+01,8.320640338011153858e+01,8.338075888014307679e+01,8.870511622467560642e+01
1.200000000000000000e+02,1.200000000000000000e+02,1.200000000000000000e+02,1.200000000000000000e+02,1.200000000000000000e+02,1.200000000000000000e+02,1.200000000000000000e+02,1.200000000000000000e+02,1.200000000000000000e+02,1.200000000000000000e+02,1.085511875128753303e+02,1.085511932046502892e+02,1.085512028586312425e+02,1.085512098681635678e+02,1.085512269527844893e+02,1.085512318320559615e+02,1.085510294778620448e+02,1.085470544258482306e+02,1.084767249325617087e+02,1.072386663020498503e+02,8.645472914624738792e+01,8.443963458448432391e+01,8.320640442294143213e+01,8.338075746886264028e+01,8.870511772498709036e+01
1.200000000000000000e+02,1.200000000000000000e+02,1.200000000000000000e+02,1.200000000000000000e+02,1.200000000000000000e+02,1.200000000000000000e+02,1.200000000000000000e+02,1.200000000000000000e+02,1.200000000000000000e+02,1.200000000000000000e+02,1.085512292473998883e+02,1.085512230219389096e+02,1.085512247079715422e+02,1.085512315603890983e+02,1.085512361612056367e+02,1.085512418151861169e+02,1.085510347093283059e+02,1.085470570665011678e+02,1.084767308231221676e+02,1.072386652919026062e+02,8.645473412557848292e+01,8.443963304010989646e+01,8.320640507392786844e+01,8.338075834123185359e+01,8.870511682838898082e+01
1.200000000000000000e+02,1.200000000000000000e+02,1.200000000000000000e+02,1.200000000000000000e+02,1.200000000000000000e+02,1.200000000000000000e+02,1.200000000000000000e+02,1.200000000000000000e+02,1.200000000000000000e+02,1.200000000000000000e+02,1.085512204318148264e+02,1.085512174914399850e+02,1.085512195646909959e+02,1.085512271333683714e+02,1.085512386725310705e+02,1.085512372775447290e+02,1.085510351838256469e+02,1.085470555025079875e+02,1.084767289436524180e+02,1.072386675503079800e+02,8.645472954577147107e+01,8.443963624582309535e+01,8.320640325921091573e+01,8.338075874530429132e+01,8.870511736401310543e+01
1.200000000000000000e+02,1.200000000000000000e+02,1.200000000000000000e+02,1.200000000000000000e+02,1.200000000000000000e+02,1.200000000000000000e+02,1.200000000000000000e+02,1.200000000000000000e+02,1.200000000000000000e+02,1.200000000000000000e+02,1.085512130545191241e+02,1.085512083088289188e+02,1.085512146481835458e+02,1.085512222691206006e+02,1.085512343391409189e+02,1.085512396559458494e+02,1.085510308214017385e+02,1.085470563348201125e+02,1.084767275430702682e+02,1.072386662160743498e+02,8.645473294516585838e+01,8.443963300983649845e+01,8.320640571379122719e+01,8.338075730854802714e+01,8.870511759702023369e+01
1.200000000000000000e+02,1.200000000000000000e+02,1.200000000000000000e+02,1.200000000000000000e+02,1.200000000000000000e+02,1.200000000000000000e+02,1.200000000000000000e+02,1.200000000000000000e+02,1.200000000000000000e+02,1.200000000000000000e+02,1.085512018499029097e+02,1.085512036183331332e+02,1.085512057049118937e+02,1.085512182575033364e+02,1.085512299700822325e+02,1.085512356213014726e+02,1.085510330889004820e+02,1.085470522430026818e+02,1.084767286859251385e+02,1.072386648136960048e+02,8.645473181300569365e+01,8.443963494685759485e+01,8.320640354901887292e+01,8.338075916055058201e+01,8.870511650568525397e+01
1.200000000000000000e+02,1.200000000000000000e+02,1.200000000000000000e+02,1.200000000000000000e+02,1.200000000000000000e+02,1.200000000000000000e+02,1.200000000000000000e+02,1.200000000000000000e+02,1.200000000000000000e+02,1.200000000000000000e+02,1.085511875128755150e+02,1.085511932046505166e+02,1.085512028586315125e+02,1.085512098681639088e+02,1.085512269527849298e+02,1.085512318320565726e+02,1.085510294778638922e+02,1.085470544258638625e+02,1.084767249327364453e+02,1.072386663040785635e+02,8.645472916585545420e+01,8.443963464594973800e+01,8.320640456541377716e+01,8.338075770538463871e+01,8.870511796201691368e+01
1.200000000000000000e+02,1.200000000000000000e+02,1.200000000000000000e+02,1.200000000000000000e+02,1.200000000000000000e+02,1.200000000000000000e+02,1.200000000000000000e+02,1.200000000000000000e+02,1.200000000000000000e+02,1.200000000000000000e+02,1.085512292473999878e+02,1.085512230219390659e+02,1.085512247079717696e+02,1.085512315603893398e+02,1.085512361612059919e+02,1.085512418151866001e+02,1.085510347093298833e+02,1.085470570665143129e+02,1.084767308232695342e+02,1.072386652936138063e+02,8.645473414211782881e+01,8.443963309195554245e+01,8.320640519410238767e+01,8.338075854073673554e+01,8.870511702832213530e+01
1.200000000000000000e+02,1.200000000000000000e+02,1.200000000000000000e+02,1.200000000000000000e+02,1.200000000000000000e+02,1.200000000000000000e+02,1.200000000000000000e+02,1.200000000000000000e+02,1.200000000000000000e+02,1.200000000000000000e+02,1.085512204318149543e+02,1.085512174914401271e+02,1.085512195646911948e+02,1.085512271333686414e+02,1.085512386725313547e+02,1.085512372775451695e+02,1.085510351838269685e+02,1.085470555025191146e+02,1.084767289437767204e+02,1.072386675517513481e+02,8.645472955972229556e+01,8.443963628955467016e+01,8.320640336057734032e+01,8.338075891358541014e+01,8.870511753265553523e+01
1.200000000000000000e+02,1.200000000000000000e+02,1.200000000000000000e+02,1.200000000000000000e+02,1.200000000000000000e+02,1.200000000000000000e+02,1.200000000000000000e+02,1.200000000000000000e+02,1.200000000000000000e+02,1.200000000000000000e+02,1.085512130545192377e+02,1.085512083088290609e+02,1.085512146481837021e+02,1.085512222691208279e+02,1.085512343391412173e+02,1.085512396559462047e+02,1.085510308214028754e+02,1.085470563348294633e+02,1.084767275431751443e+02,1.072386662172918221e+02,8.645473295693324189e+01,8.443963304672378456e+01,8.320640579929326464e+01,8.338075745049204102e+01,8.870511773926902777e+01
1.200000000000000000e+02,1.200000000000000000e+02,1.200000000000000000e+02,1.200000000000000000e+02,1.200000000000000000e+02,1.200000000000000000e+02,1.200000000000000000e+02,1.200000000000000000e+02,1.200000000000000000e+02,1.200000000000000000e+02,1.085512018499030091e+02,1.085512036183332327e+02,1.085512057049120358e+02,1.085512182575034927e+02,1.085512299700824457e+02,1.085512356213017711e+02,1.085510330889014199e+02,1.085470522430105973e+02,1.084767286860135727e+02,1.072386648147229664e+02,8.645473182293144987e+01,8.443963497797173545e+01,8.320640362113927324e+01,8.338075928027954831e+01,8.870511662567122357e+01
1.200000000000000000e+02,1.200000000000000000e+02,1.200000000000000000e+02,1.200000000000000000e+02,1.200000000000000000e+02,1.200000000000000000e+02,1.200000000000000000e+02,1.200000000000000000e+02,1.200000000000000000e+02,1.200000000000000000e+02,1.085511875128756003e+02,1.085511932046506161e+02,1.085512028586316262e+02,1.085512098681640794e+02,1.085512269527851146e+02,1.085512318320568284e+02,1.085510294778647307e+02,1.085470544258705132e+02,1.084767249328110665e+02,1.072386663049447719e+02,8.645472917422779346e+01,8.443963467219438712e+01,8.320640462624687927e+01,8.338075780637527146e+01,8.870511806322437565e+01
1.200000000000000000e+02,1.200000000000000000e+02,1.200000000000000000e+02,1.200000000000000000e+02,1.200000000000000000e+02,1.200000000000000000e+02,1.200000000000000000e+02,1.200000000000000000e+02,1.200000000000000000e+02,1.200000000000000000e+02,1.085512292474000446e+02,1.085512230219391654e+02,1.085512247079718406e+02,1.085512315603894677e+02,1.085512361612061483e+02,1.085512418151868275e+02,1.085510347093305370e+02,1.085470570665199546e+02,1.084767308233324599e+02,1.072386652943444574e+02,8.645473414917978516e+01,8.443963311409275718e+01,8.320640524541475713e+01,8.338075862592167198e+01,8.870511711369002228e+01
1.200000000000000000e+02,1.200000000000000000e+02,1.200000000000000000e+02,1.200000000000000000e+02,1.200000000000000000e+02,1.200000000000000000e+02,1.200000000000000000e+02,1.200000000000000000e+02,1.200000000000000000e+02,1.200000000000000000e+02,1.085512204318149969e+02,1.085512174914401839e+02,1.085512195646912801e+02,1.085512271333687266e+02,1.085512386725315110e+02,1.085512372775453827e+02,1.085510351838275227e+02,1.085470555025238468e+02,1.084767289438298263e+02,1.072386675523676445e+02,8.645472956567905953e+01,8.443963630822719324e+01,8.320640340385902789e+01,8.338075898543841902e+01,8.870511760466278872e+01
1.200000000000000000e+02,1.200000000000000000e+02,1.200000000000000000e+02,1.200000000000000000e+02,1.200000000000000000e+02,1.200000000000000000e+02,1.200000000000000000e+02,1.200000000000000000e+02,1.200000000000000000e+02,1.200000000000000000e+02,1.085512130545192946e+02,1.085512083088290893e+02,1.085512146481837732e+02,1.085512222691209132e+02,1.085512343391413026e+02,1.085512396559463326e+02,1.085510308214033728e+02,1.085470563348334707e+02,1.084767275432198943e+02,1.072386662178116978e+02,8.645473296195770274e+01,8.443963306247400169e+01,8.320640583580102145e+01,8.338075751109961686e+01,8.870511780000671820e+01
1.200000000000000000e+02,1.200000000000000000e+02,1.200000000000000000e+02,1.200000000000000000e+02,1.200000000000000000e+02,1.200000000000000000e+02,1.200000000000000000e+02,1.200000000000000000e+02,1.200000000000000000e+02,1.200000000000000000e+02,1.085512018499030233e+02,1.085512036183332896e+02,1.085512057049120784e+02,1.085512182575035638e+02,1.085512299700825452e+02,1.085512356213019132e+02,1.085510330889018178e+02,1.085470522430139937e+02,1.084767286860513309e+02,1.072386648151614423e+02,8.645473182716958149e+01,8.443963499125693772e+01,8.320640365193338539e+01,8.338075933140162022e+01,8.870511667690311697e+01
1.200000000000000000e+02,1.200000000000000000e+02,1.200000000000000000e+02,1.200000000000000000e+02,1.200000000000000000e+02,1.200000000000000000e+02,1.200000000000000000e+02,1.200000000000000000e+02,1.200000000000000000e+02,1.200000000000000000e+02,1.085511875128756145e+02,1.085511932046506587e+02,1.085512028586316831e+02,1.085512098681641504e+02,1.085512269527851856e+02,1.085512318320569705e+02,1.085510294778650717e+02,1.085470544258733554e+02,1.084767249328429415e+02,1.072386663053146378e+02,8.645472917780257660e+01,8.443963468340035661e+01,8.320640465222152216e+01,8.338075784949643321e+01,8.870511810643813533e+01
1.200000000000000000e+02,1.200000000000000000e+02,1.200000000000000000e+02,1.200000000000000000e+02,1.200000000000000000e+02,1.200000000000000000e+02,1.200000000000000000e+02,1.200000000000000000e+02,1.200000000000000000e+02,1.200000000000000000e+02,1.085512292474000873e+02,1.085512230219391796e+02,1.085512247079718691e+02,1.085512315603895104e+02,1.085512361612062193e+02,1.085512418151869127e+02,1.085510347093308496e+02,1.085470570665223562e+02,1.084767308233593184e+02,1.072386652946564567e+02,8.645473415219511537e+01,8.443963312354492246e+01,8.320640526732420028e+01,8.338075866229412725e+01,8.870511715014056620e+01
1.200000000000000000e+02,1.200000000000000000e+02,1.200000000000000000e+02,1.200000000000000000e+02,1.200000000000000000e+02,1.200000000000000000e+02,1.200000000000000000e+02,1.200000000000000000e+02,1.200000000000000000e+02,1.200000000000000000e+02,1.085512204318150111e+02,1.085512174914402408e+02,1.085512195646912943e+02,1.085512271333687551e+02,1.085512386725315537e+02,1.085512372775454395e+02,1.085510351838277643e+02,1.085470555025258790e+02,1.084767289438524642e+02,1.072386675526307727e+02,8.645472956822251831e+01,8.443963631620006538e+01,8.320640342233949127e+01,8.338075901611834695e+01,8.870511763540858396e+01
1.200000000000000000e+02,1.200000000000000000e+02,1.200000000000000000e+02,1.200000000000000000e+02,1.200000000000000000e+02,1.200000000000000000e+02,1.200000000000000000e+02,1.200000000000000000e+02,1.200000000000000000e+02,1.200000000000000000e+02,1.085512130545193230e+02,1.085512083088291035e+02,1.085512146481838016e+02,1.085512222691209416e+02,1.085512343391413310e+02,1.085512396559464179e+02,1.085510308214035575e+02,1.085470563348351618e+02,1.084767275432390505e+02,1.072386662180336430e+02,8.645473296410305863e+01,8.443963306919907552e+01,8.320640585138920642e+01,8.338075753697792436e+01,8.870511782594063277e+01
1.200000000000000000e+02,1.200000000000000000e+02,1.200000000000000000e+02,1.200000000000000000e+02,1.200000000000000000e+02,1.200000000000000000e+02,1.200000000000000000e+02,1.200000000000000000e+02,1.200000000000000000e+02,1.200000000000000000e+02,1.085512018499030376e+02,1.085512036183333322e+02,1.085512057049120926e+02,1.085512182575036064e+02,1.085512299700825878e+02,1.085512356213019700e+02,1.085510330889019883e+02,1.085470522430154290e+02,1.084767286860674602e+02,1.072386648153486846e+02,8.645473182897917752e+01,8.443963499692947039e+01,8.320640366508195029e+01,8.338075935322984833e+01,8.870511669877816985e+01
1.200000000000000000e+02,1.200000000000000000e+02,1.200000000000000000e+02,1.200000000000000000e+02,1.200000000000000000e+02,1.200000000000000000e+02,1.200000000000000000e+02,1.200000000000000000e+02,1.200000000000000000e+02,1.200000000000000000e+02,1.085511875128756287e+02,1.085511932046506587e+02,1.085512028586317115e+02,1.085512098681641362e+02,1.085512269527852283e+02,1.085512318320569989e+02,1.085510294778651996e+02,1.085470544258745775e+02,1.084767249328565413e+02,1.072386663054725489e+02,8.645472917932903556e+01,8.443963468818509455e+01,8.320640466331221319e+01,8.338075786790840027e+01,8.870511812488962278e+01
1.200000000000000000e+02,1.200000000000000000e+02,1.200000000000000000e+02,1.200000000000000000e+02,1.200000000000000000e+02,1.200000000000000000e+02,1.200000000000000000e+02,1.200000000000000000e+02,1.200000000000000000e+02,1.200000000000000000e+02,1.085512292474000873e+02,1.085512230219391938e+02,1.085512247079718975e+02,1.085512315603895530e+02,1.085512361612062335e+02,1.085512418151869554e+02,1.085510347093309775e+02,1.085470570665233652e+02,1.084767308233708007e+02,1.072386652947896550e+02,8.645473415348260460e+01,8.443963312758087625e+01,8.320640527667914910e+01,8.338075867782448825e+01,8.870511716570429428e+01
1.200000000000000000e+02,1.200000000000000000e+02,1.200000000000000000e+02,1.200000000000000000e+02,1.200000000000000000e+02,1.200000000000000000e+02,1.200000000000000000e+02,1.200000000000000000e+02,1.200000000000000000e+02,1.200000000000000000e+02,1.085512204318150253e+02,1.085512174914402408e+02,1.085512195646913227e+02,1.085512271333687693e+02,1.085512386725315679e+02,1.085512372775454537e+02,1.085510351838278780e+02,1.085470555025267743e+02,1.084767289438621276e+02,1.072386675527431521e+02,8.645472956930851183e+01,8.443963631960428984e+01,8.320640343023036678e+01,8.338075902921811178e+01,8.870511764853647207e+01
1.200000000000000000e+02,1.200000000000000000e+02,1.200000000000000000e+02,1.200000000000000000e+02,1.200000000000000000e+02,1.200000000000000000e+02,1.200000000000000000e+02,1.200000000000000000e+02,1.200000000000000000e+02,1.200000000000000000e+02,1.085512130545192946e+02,1.085512083088291178e+02,1.085512146481838016e+02,1.085512222691209701e+02,1.085512343391413594e+02,1.085512396559464605e+02,1.085510308214036428e+02,1.085470563348359008e+02,1.084767275432472218e+02,1.072386662181284152e+02,8.645473296501910454e+01,8.443963307207053504e+01,8.320640585804504497e+01,8.338075754802756023e+01,8.870511783701390129e+01
1.200000000000000000e+02,1.200000000000000000e+02,1.200000000000000000e+02,1.200000000000000000e+02,1.200000000000000000e+02,1.200000000000000000e+02,1.200000000000000000e+02,1.200000000000000000e+02,1.200000000000000000e+02,1.200000000000000000e+02,1.085512018499030660e+02,1.085512036183333180e+02,1.085512057049121069e+02,1.085512182575036348e+02,1.085512299700826162e+02,1.085512356213019700e+02,1.085510330889021020e+02,1.085470522430160258e+02,1.084767286860743525e+02,1.072386648154286490e+02,8.645473182975180748e+01,8.443963499935156847e+01,8.320640367069611898e+01,8.338075936255008003e+01,8.870511670811848148e+01
1.200000000000000000e+02,1.200000000000000000e+02,1.200000000000000000e+02,1.200000000000000000e+02,1.200000000000000000e+02,1.200000000000000000e+02,1.200000000000000000e+02,1.200000000000000000e+02,1.200000000000000000e+02,1.200000000000000000e+02,1.085511875128756429e+02,1.085511932046506729e+02,1.085512028586317115e+02,1.085512098681641646e+02,1.085512269527852567e+02,1.085512318320570131e+02,1.085510294778652423e+02,1.085470544258751175e+02,1.084767249328623393e+02,1.072386663055399936e+02,8.645472917998077378e+01,8.443963469022807544e+01,8.320640466804776736e+01,8.338075787576997300e+01,8.870511813276806379e+01
1.200000000000000000e+02,1.200000000000000000e+02,1.200000000000000000e+02,1.200000000000000000e+02,1.200000000000000000e+02,1.200000000000000000e+02,1.200000000000000000e+02,1.200000000000000000e+02,1.200000000000000000e+02,1.200000000000000000e+02,1.085512292474000873e+02,1.085512230219391938e+02,1.085512247079719117e+02,1.085512315603895672e+02,1.085512361612062335e+02,1.085512418151869838e+02,1.085510347093310344e+02,1.085470570665237915e+02,1.084767308233757177e+02,1.072386652948465269e+02,8.645473415403235151e+01,8.443963312930414133e+01,8.320640528067352193e+01,8.338075868445569938e+01,8.870511717234970206e+01
1.200000000000000000e+02,1.200000000000000000e+02,1.200000000000000000e+02,1.200000000000000000e+02,1.200000000000000000e+02,1.200000000000000000e+02,1.200000000000000000e+02,1.200000000000000000e+02,1.200000000000000000e+02,1.200000000000000000e+02,1.085512204318150111e+02,1.085512174914402408e+02,1.085512195646913085e+02,1.085512271333687835e+02,1.085512386725315963e+02,1.085512372775454537e+02,1.085510351838279348e+02,1.085470555025271295e+02,1.084767289438662630e+02,1.072386675527911706e+02,8.645472956977216938e+01,8.443963632105786132e+01,8.320640343359961832e+01,8.338075903481147577e+01,8.870511765414187266e+01
1.200000000000000000e+02,1.200000000000000000e+02,1.200000000000000000e+02,1.200000000000000000e+02,1.200000000000000000e+02,1.200000000000000000e+02,1.200000000000000000e+02,1.200000000000000000e+02,1.200000000000000000e+02,1.200000000000000000e+02,1.085512130545193230e+02,1.085512083088291320e+02,1.085512146481838300e+02,1.085512222691209558e+02,1.085512343391413594e+02,1.085512396559464605e+02,1.085510308214036712e+02,1.085470563348362276e+02,1.084767275432506892e+02,1.072386662181688735e+02,8.645473296541028674e+01,8.443963307329657653e+01,8.320640586088700275e+01,8.338075755274553558e+01,8.870511784174203740e+01
1.200000000000000000e+02,1.200000000000000000e+02,1.200000000000000000e+02,1.200000000000000000e+02,1.200000000000000000e+02,1.200000000000000000e+02,1.200000000000000000e+02,1.200000000000000000e+02,1.200000000000000000e+02,1.200000000000000000e+02,1.085512018499030518e+02,1.085512036183333464e+02,1.085512057049121069e+02,1.085512182575036491e+02,1.085512299700825878e+02,1.085512356213019984e+02,1.085510330889021304e+02,1.085470522430162816e+02,1.084767286860773083e+02,1.072386648154627551e+02,8.645473183008169826e+01,8.443963500038579184e+01,8.320640367309323437e+01,8.338075936652968778e+01,8.870511671210660154e+01
1.200000000000000000e+02,1.200000000000000000e+02,1.200000000000000000e+02,1.200000000000000000e+02,1.200000000000000000e+02,1.200000000000000000e+02,1.200000000000000000e+02,1.200000000000000000e+02,1.200000000000000000e+02,1.200000000000000000e+02,1.085511875128756287e+02,1.085511932046506729e+02,1.085512028586317257e+02,1.085512098681641788e+02,1.085512269527852567e+02,1.085512318320570131e+02,1.085510294778653133e+02,1.085470544258753449e+02,1.084767249328647836e+02,1.072386663055688132e+02,8.645472918025905074e+01,8.443963469110039455e+01,8.320640467006977303e+01,8.338075787912671899e+01,8.870511813613207153e+01
1.200000000000000000e+02,1.200000000000000000e+02,1.200000000000000000e+02,1.200000000000000000e+02,1.200000000000000000e+02,1.200000000000000000e+02,1.200000000000000000e+02,1.200000000000000000e+02,1.200000000000000000e+02,1.200000000000000000e+02,1.085512292474000873e+02,1.085512230219392080e+02,1.085512247079719117e+02,1.085512315603895530e+02,1.085512361612062477e+02,1.085512418151869980e+02,1.085510347093310202e+02,1.085470570665240047e+02,1.084767308233778209e+02,1.072386652948707990e+02,8.645473415426712904e+01,8.443963313003990834e+01,8.320640528237905187e+01,8.338075868728712692e+01,8.870511717518718342e+01
1.200000000000000000e+02,1.200000000000000000e+02,1.200000000000000000e+02,1.200000000000000000e+02,1.200000000000000000e+02,1.200000000000000000e+02,1.200000000000000000e+02,1.200000000000000000e+02,1.200000000000000000e+02,1.200000000000000000e+02,1.085512204318150253e+02,1.085512174914402408e+02,1.085512195646913369e+02,1.085512271333687835e+02,1.085512386725315963e+02,1.085512372775454821e+02,1.085510351838279490e+02,1.085470555025272574e+02,1.084767289438680251e+02,1.072386675528116484e+02,8.645472956997012659e+01,8.443963632167856304e+01,8.320640343503816894e+01,8.338075903719973780e+01,8.870511765653527902e+01
1.200000000000000000e+02,1.200000000000000000e+02,1.200000000000000000e+02,1.200000000000000000e+02,1.200000000000000000e+02,1.200000000000000000e+02,1.200000000000000000e+02,1.200000000000000000e+02,1.200000000000000000e+02,1.200000000000000000e+02,1.085512130545192946e+02,1.085512083088291320e+02,1.085512146481838300e+02,1.085512222691209985e+02,1.085512343391413737e+02,1.085512396559464747e+02,1.085510308214037138e+02,1.085470563348363697e+02,1.084767275432521529e+02,1.072386662181861539e+02,8.645473296557727849e+01,8.443963307382009020e+01,8.320640586210051026e+01,8.338075755475998108e+01,8.870511784376084563e+01
1.200000000000000000e+02,1.200000000000000000e+02,1.200000000000000000e+02,1.200000000000000000e+02,1.200000000000000000e+02,1.200000000000000000e+02,1.200000000000000000e+02,1.200000000000000000e+02,1.200000000000000000e+02,1.200000000000000000e+02,1.085512018499030660e+02,1.085512036183333322e+02,1.085512057049121353e+02,1.085512182575036348e+02,1.085512299700826304e+02,1.085512356213019984e+02,1.085510330889021304e+02,1.085470522430164095e+02,1.084767286860785731e+02,1.072386648154773070e+02,8.645473183022261310e+01,8.443963500082733731e+01,8.320640367411678540e+01,8.338075936822892231e+01,8.870511671380941721e+01
1.200000000000000000e+02,1.200000000000000000e+02,1.200000000000000000e+02,1.200000000000000000e+02,1.200000000000000000e+02,1.200000000000000000e+02,1.200000000000000000e+02,1.200000000000000000e+02,1.200000000000000000e+02,1.200000000000000000e+02,1.085511875128756429e+02,1.085511932046506871e+02,1.085512028586317115e+02,1.085512098681641930e+02,1.085512269527852425e+02,1.085512318320570415e+02,1.085510294778653133e+02,1.085470544258754160e+02,1.084767249328658636e+02,1.072386663055810914e+02,8.645472918037782506e+01,8.443963469147288947e+01,8.320640467093309667e+01,8.338075788055999737e+01,8.870511813756843367e+01
1.200000000000000000e+02,1.200000000000000000e+02,1.200000000000000000e+02,1.200000000000000000e+02,1.200000000000000000e+02,1.200000000000000000e+02,1.200000000000000000e+02,1.200000000000000000e+02,1.200000000000000000e+02,1.200000000000000000e+02,1.085512292474000873e+02,1.085512230219392080e+02,1.085512247079719259e+02,1.085512315603895814e+02,1.085512361612062477e+02,1.085512418151869980e+02,1.085510347093310628e+02,1.085470570665240899e+02,1.084767308233787020e+02,1.072386652948811729e+02,8.645473415436732978e+01,8.443963313035408191e+01,8.320640528310730133e+01,8.338075868849605854e+01,8.870511717639872984e+01
1.200000000000000000e+02,1.200000000000000000e+02,1.200000000000000000e+02,1.200000000000000000e+02,1.200000000000000000e+02,1.200000000000000000e+02,1.200000000000000000e+02,1.200000000000000000e+02,1.200000000000000000e+02,1.200000000000000000e+02,1.085512204318150253e+02,1.085512174914402550e+02,1.085512195646913227e+02,1.085512271333687977e+02,1.085512386725315963e+02,1.085512372775454821e+02,1.085510351838279632e+02,1.085470555025273569e+02,1.084767289438687925e+02,1.072386675528203597e+02,8.645472957005468118e+01,8.443963632194353863e+01,8.320640343565246155e+01,8.338075903821950874e+01,8.870511765755722422e+01
1.200000000000000000e+02,1.200000000000000000e+02,1.200000000000000000e+02,1.200000000000000000e+02,1.200000000000000000e+02,1.200000000000000000e+02,1.200000000000000000e+02,1.200000000000000000e+02,1.200000000000000000e+02,1.200000000000000000e+02,1.085512130545193230e+02,1.085512083088291320e+02,1.085512146481838158e+02,1.085512222691209558e+02,1.085512343391413737e+02,1.085512396559464747e+02,1.085510308214036996e+02,1.085470563348364124e+02,1.084767275432528066e+02,1.072386662181935293e+02,8.645473296564854593e+01,8.443963307404362695e+01,8.320640586261859539e+01,8.338075755562014990e+01,8.870511784462287608e+01
1.200000000000000000e+02,1.200000000000000000e+02,1.200000000000000000e+02,1.200000000000000000e+02,1.200000000000000000e+02,1.200000000000000000e+02,1.200000000000000000e+02,1.200000000000000000e+02,1.200000000000000000e+02,1.200000000000000000e+02,1.085512018499030518e+02,1.085512036183333322e+02,1.085512057049121353e+02,1.085512182575036491e+02,1.085512299700826162e+02,1.085512356213020269e+02,1.085510330889021446e+02,1.085470522430164380e+02,1.084767286860790989e+02,1.072386648154835598e+02,8.645473183028275344e+01,8.443963500101585851e+01,8.320640367455381181e+01,8.338075936895442908e+01,8.870511671453652980e+01
1.200000000000000000e+02,1.200000000000000000e+02,1.200000000000000000e+02,1.200000000000000000e+02,1.200000000000000000e+02,1.200000000000000000e+02,1.200000000000000000e+02,1.200000000000000000e+02,1.200000000000000000e+02,1.200000000000000000e+02,1.085511875128756429e+02,1.085511932046506729e+02,1.085512028586317257e+02,1.085512098681641788e+02,1.085512269527852567e+02,1.085512318320570273e+02,1.085510294778653275e+02,1.085470544258754728e+02,1.084767249328663326e+02,1.072386663055863494e+02,8.645472918042857202e+01,8.443963469163192315e+01,8.320640467130174045e+01,8.338075788117195941e+01,8.870511813818171731e+01
1.200000000000000000e+02,1.200000000000000000e+02,1.200000000000000000e+02,1.200000000000000000e+02,1.200000000000000000e+02,1.200000000000000000e+02,1.200000000000000000e+02,1.200000000000000000e+02,1.200000000000000000e+02,1.200000000000000000e+02,1.085512292474000873e+02,1.085512230219392080e+02,1.085512247079719117e+02,1.085512315603895672e+02,1.085512361612062620e+02,1.085512418151869980e+02,1.085510347093310486e+02,1.085470570665241041e+02,1.084767308233790857e+02,1.072386652948856067e+02,8.645473415441011866e+01,8.443963313048823238e+01,8.320640528341822062e+01,8.338075868901226784e+01,8.870511717691604758e+01
1.200000000000000000e+02,1.200000000000000000e+02,1.200000000000000000e+02,1.200000000000000000e+02,1.200000000000000000e+02,1.200000000000000000e+02,1.200000000000000000e+02,1.200000000000000000e+02,1.200000000000000000e+02,1.200000000000000000e+02,1.085512204318150253e+02,1.085512174914402550e+02,1.085512195646913227e+02,1.085512271333687977e+02,1.085512386725316105e+02,1.085512372775454821e+02,1.085510351838279632e+02,1.085470555025273711e+02,1.084767289438691193e+02,1.072386675528241113e+02,8.645472957009077675e+01,8.443963632205668546e+01,8.320640343591472288e+01,8.338075903865490091e+01,8.870511765799358272e+01
1.200000000000000000e+02,1.200000000000000000e+02,1.200000000000000000e+02,1.200000000000000000e+02,1.200000000000000000e+02,1.200000000000000000e+02,1.200000000000000000e+02,1.200000000000000000e+02,1.200000000000000000e+02,1.200000000000000000e+02,1.085512130545192946e+02,1.085512083088291178e+02,1.085512146481838300e+02,1.085512222691209701e+02,1.085512343391413594e+02,1.085512396559464747e+02,1.085510308214037138e+02,1.085470563348364266e+02,1.084767275432530624e+02,1.072386662181966983e+02,8.645473296567901400e+01,8.443963307413903863e+01,8.320640586283981577e+01,8.338075755598740102e+01,8.870511784499089458e+01
1.200000000000000000e+02,1.200000000000000000e+02,1.200000000000000000e+02,1.200000000000000000e+02,1.200000000000000000e+02,1.200000000000000000e+02,1.200000000000000000e+02,1.200000000000000000e+02,1.200000000000000000e+02,1.200000000000000000e+02,1.085512018499030660e+02,1.085512036183333322e+02,1.085512057049121211e+02,1.085512182575036348e+02,1.085512299700826020e+02,1.085512356213020126e+02,1.085510330889021446e+02,1.085470522430164664e+02,1.084767286860793263e+02,1.072386648154862030e+02,8.645473183030841824e+01,8.443963500109640563e+01,8.320640367474041454e+01,8.338075936926422571e+01,8.870511671484698013e+01
1.200000000000000000e+02,1.200000000000000000e+02,1.200000000000000000e+02,1.200000000000000000e+02,1.200000000000000000e+02,1.200000000000000000e+02,1.200000000000000000e+02,1.200000000000000000e+02,1.200000000000000000e+02,1.200000000000000000e+02,1.085511875128756429e+02,1.085511932046506871e+02,1.085512028586317257e+02,1.085512098681641646e+02,1.085512269527852567e+02,1.085512318320570415e+02,1.085510294778653133e+02,1.085470544258755012e+02,1.084767249328665173e+02,1.072386663055885805e+02,8.645472918045021515e+01,8.443963469169983682e+01,8.320640467145915409e+01,8.338075788143326861e+01,8.870511813844355231e+01
1.200000000000000000e+02,1.200000000000000000e+02,1.200000000000000000e+02,1.200000000000000000e+02,1.200000000000000000e+02,1.200000000000000000e+02,1.200000000000000000e+02,1.200000000000000000e+02,1.200000000000000000e+02,1.200000000000000000e+02,1.085512292474001015e+02,1.085512230219391938e+02,1.085512247079719117e+02,1.085512315603895672e+02,1.085512361612062477e+02,1.085512418151869980e+02,1.085510347093310628e+02,1.085470570665241183e+02,1.084767308233792562e+02,1.072386652948874968e+02,8.645473415442842224e+01,8.443963313054550213e+01,8.320640528355100685e+01,8.338075868923267819e+01,8.870511717713689848e+01
1.200000000000000000e+02,1.200000000000000000e+02,1.200000000000000000e+02,1.200000000000000000e+02,1.200000000000000000e+02,1.200000000000000000e+02,1.200000000000000000e+02,1.200000000000000000e+02,1.200000000000000000e+02,1.200000000000000000e+02,1.085512204318150395e+02,1.085512174914402550e+02,1.085512195646913369e+02,1.085512271333687977e+02,1.085512386725315963e+02,1.085512372775454821e+02,1.085510351838279774e+02,1.085470555025274138e+02,1.084767289438692472e+02,1.072386675528257172e+02,8.645472957010620974e+01,8.443963632210503079e+01,8.320640343602669020e+01,8.338075903884083573e+01,8.870511765817988703e+01
1.200000000000000000e+02,1.200000000000000000e+02,1.200000000000000000e+02,1.200000000000000000e+02,1.200000000000000000e+02,1.200000000000000000e+02,1.200000000000000000e+02,1.200000000000000000e+02,1.200000000000000000e+02,1.200000000000000000e+02,1.085512130545193088e+02,1.085512083088291320e+02,1.085512146481838442e+02,1.085512222691209558e+02,1.085512343391413594e+02,1.085512396559464889e+02,1.085510308214036996e+02,1.085470563348364550e+02,1.084767275432531903e+02,1.072386662181980483e+02,8.645473296569201693e+01,8.443963307417980957e+01,8.320640586293433216e+01,8.338075755614420359e+01,8.870511784514803821e+01
1.200000000000000000e+02,1.200000000000000000e+02,1.200000000000000000e+02,1.200000000000000000e+02,1.200000000000000000e+02,1.200000000000000000e+02,1.200000000000000000e+02,1.200000000000000000e+02,1.200000000000000000e+02,1.200000000000000000e+02,1.085512018499030518e+02,1.085512036183333464e+02,1.085512057049121069e+02,1.085512182575036348e+02,1.085512299700825878e+02,1.085512356213019984e+02,1.085510330889021589e+02,1.085470522430164664e+02,1.084767286860794115e+02,1.072386648154873399e+02,8.645473183031938902e+01,8.443963500113075327e+01,8.320640367482010902e+01,8.338075936939651456e+01,8.870511671497949635e+01
1.200000000000000000e+02,1.200000000000000000e+02,1.200000000000000000e+02,1.200000000000000000e+02,1.200000000000000000e+02,1.200000000000000000e+02,1.200000000000000000e+02,1.200000000000000000e+02,1.200000000000000000e+02,1.200000000000000000e+02,1.085511875128756429e+02,1.085511932046506871e+02,1.085512028586317257e+02,1.085512098681641788e+02,1.085512269527852567e+02,1.085512318320570131e+02,1.085510294778653133e+02,1.085470544258755154e+02,1.084767249328665883e+02,1.072386663055895326e+02,8.645472918045949484e+01,8.443963469172884118e+01,8.320640467152632880e+01,8.338075788154485224e+01,8.870511813855540595e+01
1.200000000000000000e+02,1.200000000000000000e+02,1.200000000000000000e+02,1.200000000000000000e+02,1.200000000000000000e+02,1.200000000000000000e+02,1.200000000000000000e+02,1.200000000000000000e+02,1.200000000000000000e+02,1.200000000000000000e+02,1.085512292474001015e+02,1.085512230219392080e+02,1.085512247079719117e+02,1.085512315603895814e+02,1.085512361612062477e+02,1.085512418151869980e+02,1.085510347093310486e+02,1.085470570665241183e+02,1.084767308233793273e+02,1.072386652948883068e+02,8.645473415443618137e+01,8.443963313056998743e+01,8.320640528360770816e+01,8.338075868932678247e+01,8.870511717723118750e+01
1.200000000000000000e+02,1.200000000000000000e+02,1.200000000000000000e+02,1.200000000000000000e+02,1.200000000000000000e+02,1.200000000000000000e+02,1.200000000000000000e+02,1.200000000000000000e+02,1.200000000000000000e+02,1.200000000000000000e+02,1.085512204318150253e+02,1.085512174914402408e+02,1.085512195646913227e+02,1.085512271333687835e+02,1.085512386725316105e+02,1.085512372775454821e+02,1.085510351838279632e+02,1.085470555025273995e+02,1.084767289438692899e+02,1.072386675528263993e+02,8.645472957011278936e+01,8.443963632212562231e+01,8.320640343607452394e+01,8.338075903892024598e+01,8.870511765825942518e+01
1.200000000000000000e+02,1.200000000000000000e+02,1.200000000000000000e+02,1.200000000000000000e+02,1.200000000000000000e+02,1.200000000000000000e+02,1.200000000000000000e+02,1.200000000000000000e+02,1.200000000000000000e+02,1.200000000000000000e+02,1.085512130545193088e+02,1.085512083088291178e+02,1.085512146481838300e+02,1.085512222691209558e+02,1.085512343391413452e+02,1.085512396559464889e+02,1.085510308214036996e+02,1.085470563348364550e+02,1.084767275432532330e+02,1.072386662181986026e+02,8.645473296569758759e+01,8.443963307419723208e+01,8.320640586297461994e+01,8.338075755621116514e+01,8.870511784521517029e+01
1.200000000000000000e+02,1.200000000000000000e+02,1.200000000000000000e+02,1.200000000000000000e+02,1.200000000000000000e+02,1.200000000000000000e+02,1.200000000000000000e+02,1.200000000000000000e+02,1.200000000000000000e+02,1.200000000000000000e+02,1.085512018499030660e+02,1.085512036183333322e+02,1.085512057049121353e+02,1.085512182575036491e+02,1.085512299700826162e+02,1.085512356213020126e+02,1.085510330889021446e+02,1.085470522430164948e+02,1.084767286860794684e+02,1.072386648154878372e+02,8.645473183032406439e+01,8.443963500114544729e+01,8.320640367485414401e+01,8.338075936945297428e+01,8.870511671503611240e+01
1.200000000000000000e+02,1.200000000000000000e+02,1.200000000000000000e+02,1.200000000000000000e+02,1.200000000000000000e+02,1.200000000000000000e+02,1.200000000000000000e+02,1.200000000000000000e+02,1.200000000000000000e+02,1.200000000000000000e+02,1.085511875128756429e+02,1.085511932046506729e+02,1.085512028586317115e+02,1.085512098681641504e+02,1.085512269527852567e+02,1.085512318320570273e+02,1.085510294778653275e+02,1.085470544258755012e+02,1.084767249328666310e+02,1.072386663055899447e+02,8.645472918046344546e+01,8.443963469174119041e+01,8.320640467155504894e+01,8.338075788159251545e+01,8.870511813860314021e+01
1.200000000000000000e+02,1.200000000000000000e+02,1.200000000000000000e+02,1.200000000000000000e+02,1.200000000000000000e+02,1.200000000000000000e+02,1.200000000000000000e+02,1.200000000000000000e+02,1.200000000000000000e+02,1.200000000000000000e+02,1.085512292474000873e+02,1.085512230219392080e+02,1.085512247079719259e+02,1.085512315603895672e+02,1.085512361612062477e+02,1.085512418151869838e+02,1.085510347093310628e+02,1.085470570665241326e+02,1.084767308233793273e+02,1.072386652948886478e+02,8.645473415443953513e+01,8.443963313058041820e+01,8.320640528363189503e+01,8.338075868936698498e+01,8.870511717727153211e+01
1.200000000000000000e+02,1.200000000000000000e+02,1.200000000000000000e+02,1.200000000000000000e+02,1.200000000000000000e+02,1.200000000000000000e+02,1.200000000000000000e+02,1.200000000000000000e+02,1.200000000000000000e+02,1.200000000000000000e+02,1.085512204318150253e+02,1.085512174914402550e+02,1.085512195646913369e+02,1.085512271333687977e+02,1.085512386725315963e+02,1.085512372775454679e+02,1.085510351838279632e+02,1.085470555025273995e+02,1.084767289438693325e+02,1.072386675528266551e+02,8.645472957011558890e+01,8.443963632213446147e+01,8.320640343609495915e+01,8.338075903895409624e+01,8.870511765829341755e+01
1.200000000000000000e+02,1.200000000000000000e+02,1.200000000000000000e+02,1.200000000000000000e+02,1.200000000000000000e+02,1.200000000000000000e+02,1.200000000000000000e+02,1.200000000000000000e+02,1.200000000000000000e+02,1.200000000000000000e+02,1.085512130545193230e+02,1.085512083088291462e+02,1.085512146481838158e+02,1.085512222691209701e+02,1.085512343391413594e+02,1.085512396559464889e+02,1.085510308214037138e+02,1.085470563348364408e+02,1.084767275432532614e+02,1.072386662181988584e+02,8.645473296569991817e+01,8.443963307420465014e+01,8.320640586299185770e+01,8.338075755623977159e+01,8.870511784524381937e+01
1.200000000000000000e+02,1.200000000000000000e+02,1.200000000000000000e+02,1.200000000000000000e+02,1.200000000000000000e+02,1.200000000000000000e+02,1.200000000000000000e+02,1.200000000000000000e+02,1.200000000000000000e+02,1.200000000000000000e+02,1.085512018499030518e+02,1.085512036183333322e+02,1.085512057049121211e+02,1.085512182575036206e+02,1.085512299700826162e+02,1.085512356213020126e+02,1.085510330889021446e+02,1.085470522430164806e+02,1.084767286860794826e+02,1.072386648154880504e+02,8.645473183032608233e+01,8.443963500115168586e+01,8.320640367486865330e+01,8.338075936947710431e+01,8.870511671506028506e+01
1.200000000000000000e+02,1.200000000000000000e+02,1.200000000000000000e+02,1.200000000000000000e+02,1.200000000000000000e+02,1.200000000000000000e+02,1.200000000000000000e+02,1.200000000000000000e+02,1.200000000000000000e+02,1.200000000000000000e+02,1.085511875128756571e+02,1.085511932046506587e+02,1.085512028586317115e+02,1.085512098681641788e+02,1.085512269527852567e+02,1.085512318320570273e+02,1.085510294778653133e+02,1.085470544258755012e+02,1.084767249328666452e+02,1.072386663055901153e+02,8.645472918046512234e+01,8.443963469174650527e+01,8.320640467156728448e+01,8.338075788161282276e+01,8.870511813862351858e+01
1.200000000000000000e+02,1.200000000000000000e+02,1.200000000000000000e+02,1.200000000000000000e+02,1.200000000000000000e+02,1.200000000000000000e+02,1.200000000000000000e+02,1.200000000000000000e+02,1.200000000000000000e+02,1.200000000000000000e+02,1.085512292474001015e+02,1.085512230219392222e+02,1.085512247079719117e+02,1.085512315603895672e+02,1.085512361612062620e+02,1.085512418151869980e+02,1.085510347093310628e+02,1.085470570665241468e+02,1.084767308233793699e+02,1.072386652948887900e+02,8.645473415444094201e+01,8.443963313058486619e+01,8.320640528364225474e+01,8.338075868938412327e+01,8.870511717728871304e+01
1.200000000000000000e+02,1.200000000000000000e+02,1.200000000000000000e+02,1.200000000000000000e+02,1.200000000000000000e+02,1.200000000000000000e+02,1.200000000000000000e+02,1.200000000000000000e+02,1.200000000000000000e+02,1.200000000000000000e+02,1.085512204318150253e+02,1.085512174914402408e+02,1.085512195646913511e+02,1.085512271333687977e+02,1.085512386725315963e+02,1.085512372775454963e+02,1.085510351838279632e+02,1.085470555025273995e+02,1.084767289438693467e+02,1.072386675528268114e+02,8.645472957011682524e+01,8.443963632213818471e+01,8.320640343610367040e+01,8.338075903896860552e+01,8.870511765830791262e+01
1.200000000000000000e+02,1.200000000000000000e+02,1.200000000000000000e+02,1.200000000000000000e+02,1.200000000000000000e+02,1.200000000000000000e+02,1.200000000000000000e+02,1.200000000000000000e+02,1.200000000000000000e+02,1.200000000000000000e+02,1.085512130545193088e+02,1.085512083088291462e+02,1.085512146481838158e+02,1.085512222691209701e+02,1.085512343391413594e+02,1.085512396559464747e+02,1.085510308214037138e+02,1.085470563348364408e+02,1.084767275432532756e+02,1.072386662181989578e+02,8.645473296570095556e+01,8.443963307420786180e+01,8.320640586299917629e+01,8.338075755625199292e+01,8.870511784525605492e+01
1.200000000000000000e+02,1.200000000000000000e+02,1.200000000000000000e+02,1.200000000000000000e+02,1.200000000000000000e+02,1.200000000000000000e+02,1.200000000000000000e+02,1.200000000000000000e+02,1.200000000000000000e+02,1.200000000000000000e+02,1.085512018499030660e+02,1.085512036183333322e+02,1.085512057049121353e+02,1.085512182575036348e+02,1.085512299700826162e+02,1.085512356213020126e+02,1.085510330889021446e+02,1.085470522430164806e+02,1.084767286860794826e+02,1.072386648154881215e+02,8.645473183032692077e+01,8.443963500115438592e+01,8.320640367487489186e+01,8.338075936948736455e+01,8.870511671507064477e+01
1.200000000000000000e+02,1.200000000000000000e+02,1.200000000000000000e+02,1.200000000000000000e+02,1.200000000000000000e+02,1.200000000000000000e+02,1.200000000000000000e+02,1.200000000000000000e+02,1.200000000000000000e+02,1.200000000000000000e+02,1.085511875128756429e+02,1.085511932046506871e+02,1.085512028586317115e+02,1.085512098681641788e+02,1.085512269527852567e+02,1.085512318320570273e+02,1.085510294778653275e+02,1.085470544258755012e+02,1.084767249328666452e+02,1.072386663055902147e+02,8.645472918046586130e+01,8.443963469174873637e+01,8.320640467157252829e+01,8.338075788162154822e+01,8.870511813863221562e+01
1.200000000000000000e+02,1.200000000000000000e+02,1.200000000000000000e+02,1.200000000000000000e+02,1.200000000000000000e+02,1.200000000000000000e+02,1.200000000000000000e+02,1.200000000000000000e+02,1.200000000000000000e+02,1.200000000000000000e+02,1.085512292474001015e+02,1.085512230219391938e+02,1.085512247079719259e+02,1.085512315603895530e+02,1.085512361612062477e+02,1.085512418151869980e+02,1.085510347093310628e+02,1.085470570665241468e+02,1.084767308233793699e+02,1.072386652948888752e+02,8.645473415444156728e+01,8.443963313058678466e+01,8.320640528364663169e+01,8.338075868939145607e+01,8.870511717729606005e+01
1.200000000000000000e+02,1.200000000000000000e+02,1.200000000000000000e+02,1.200000000000000000e+02,1.200000000000000000e+02,1.200000000000000000e+02,1.200000000000000000e+02,1.200000000000000000e+02,1.200000000000000000e+02,1.200000000000000000e+02,1.085512204318150253e+02,1.085512174914402550e+02,1.085512195646913369e+02,1.085512271333688119e+02,1.085512386725315963e+02,1.085512372775454821e+02,1.085510351838279490e+02,1.085470555025274138e+02,1.084767289438693467e+02,1.072386675528268682e+02,8.645472957011730841e+01,8.443963632213981896e+01,8.320640343610740786e+01,8.338075903897474461e+01,8.870511765831409434e+01
1.200000000000000000e+02,1.200000000000000000e+02,1.200000000000000000e+02,1.200000000000000000e+02,1.200000000000000000e+02,1.200000000000000000e+02,1.200000000000000000e+02,1.200000000000000000e+02,1.200000000000000000e+02,1.200000000000000000e+02,1.085512130545193230e+02,1.085512083088291320e+02,1.085512146481838442e+02,1.085512222691209558e+02,1.085512343391413594e+02,1.085512396559464889e+02,1.085510308214037138e+02,1.085470563348364550e+02,1.084767275432532898e+02,1.072386662181990147e+02,8.645473296570139610e+01,8.443963307420916919e+01,8.320640586300234531e+01,8.338075755625720831e+01,8.870511784526125609e+01
1.200000000000000000e+02,1.200000000000000000e+02,1.200000000000000000e+02,1.200000000000000000e+02,1.200000000000000000e+02,1.200000000000000000e+02,1.200000000000000000e+02,1.200000000000000000e+02,1.200000000000000000e+02,1.200000000000000000e+02,1.085512018499030660e+02,1.085512036183333322e+02,1.085512057049121211e+02,1.085512182575036491e+02,1.085512299700826020e+02,1.085512356213020126e+02,1.085510330889021304e+02,1.085470522430164806e+02,1.084767286860794826e+02,1.072386648154881641e+02,8.645473183032730446e+01,8.443963500115553700e+01,8.320640367487750666e+01,8.338075936949179834e+01,8.870511671507502172e+01
1.200000000000000000e+02,1.200000000000000000e+02,1.200000000000000000e+02,1.200000000000000000e+02,1.200000000000000000e+02,1.200000000000000000e+02,1.200000000000000000e+02,1.200000000000000000e+02,1.200000000000000000e+02,1.200000000000000000e+02,1.085511875128756571e+02,1.085511932046506729e+02,1.085512028586317257e+02,1.085512098681641646e+02,1.085512269527852425e+02,1.085512318320570273e+02,1.085510294778653133e+02,1.085470544258754870e+02,1.084767249328666594e+02,1.072386663055902147e+02,8.645472918046617394e+01,8.443963469174971692e+01,8.320640467157477360e+01,8.338075788162521462e+01,8.870511813863593886e+01
1.200000000000000000e+02,1.200000000000000000e+02,1.200000000000000000e+02,1.200000000000000000e+02,1.200000000000000000e+02,1.200000000000000000e+02,1.200000000000000000e+02,1.200000000000000000e+02,1.200000000000000000e+02,1.200000000000000000e+02,1.085512292474001015e+02,1.085512230219392222e+02,1.085512247079719117e+02,1.085512315603895672e+02,1.085512361612062477e+02,1.085512418151869980e+02,1.085510347093310486e+02,1.085470570665241326e+02,1.084767308233793557e+02,1.072386652948888894e+02,8.645473415444182308e+01,8.443963313058759468e+01,8.320640528364853594e+01,8.338075868939459667e+01,8.870511717729915802e+01
1.200000000000000000e+02,1.200000000000000000e+02,1.200000000000000000e+02,1.200000000000000000e+02,1.200000000000000000e+02,1.200000000000000000e+02,1.200000000000000000e+02,1.200000000000000000e+02,1.200000000000000000e+02,1.200000000000000000e+02,1.085512204318150253e+02,1.085512174914402266e+02,1.085512195646913511e+02,1.085512271333687977e+02,1.085512386725316105e+02,1.085512372775454679e+02,1.085510351838279632e+02,1.085470555025273853e+02,1.084767289438693467e+02,1.072386675528268825e+02,8.645472957011753579e+01,8.443963632214051529e+01,8.320640343610898526e+01,8.338075903897740204e+01,8.870511765831676598e+01
1.200000000000000000e+02,1.200000000000000000e+02,1.200000000000000000e+02,1.200000000000000000e+02,1.200000000000000000e+02,1.200000000000000000e+02,1.200000000000000000e+02,1.200000000000000000e+02,1.200000000000000000e+02,1.200000000000000000e+02,1.085512130545193088e+02,1.085512083088291320e+02,1.085512146481838158e+02,1.085512222691209701e+02,1.085512343391413594e+02,1.085512396559464747e+02,1.085510308214036996e+02,1.085470563348364408e+02,1.084767275432532614e+02,1.072386662181990289e+02,8.645473296570159505e+01,8.443963307420976605e+01,8.320640586300369534e+01,8.338075755625942520e+01,8.870511784526348720e+01
1.200000000000000000e+02,1.200000000000000000e+02,1.200000000000000000e+02,1.200000000000000000e+02,1.200000000000000000e+02,1.200000000000000000e+02,1.200000000000000000e+02,1.200000000000000000e+02,1.200000000000000000e+02,1.200000000000000000e+02,1.085512018499030660e+02,1.085512036183333322e+02,1.085512057049121353e+02,1.085512182575036206e+02,1.085512299700826162e+02,1.085512356213019984e+02,1.085510330889021446e+02,1.085470522430164806e+02,1.084767286860794968e+02,1.072386648154881783e+02,8.645473183032746078e+01,8.443963500115603438e+01,8.320640367487864353e+01,8.338075936949368838e+01,8.870511671507691176e+01
1.200000000000000000e+02,1.200000000000000000e+02,1.200000000000000000e+02,1.200000000000000000e+02,1.200000000000000000e+02,1.200000000000000000e+02,1.200000000000000000e+02,1.200000000000000000e+02,1.200000000000000000e+02,1.200000000000000000e+02,1.085511875128756429e+02,1.085511932046506871e+02,1.085512028586317257e+02,1.085512098681641930e+02,1.085512269527852425e+02,1.085512318320570273e+02,1.085510294778652991e+02,1.085470544258755012e+02,1.084767249328666452e+02,1.072386663055902289e+02,8.645472918046625921e+01,8.443963469175014325e+01,8.320640467157573994e+01,8.338075788162683466e+01,8.870511813863751627e+01
1.200000000000000000e+02,1.200000000000000000e+02,1.200000000000000000e+02,1.200000000000000000e+02,1.200000000000000000e+02,1.200000000000000000e+02,1.200000000000000000e+02,1.200000000000000000e+02,1.200000000000000000e+02,1.200000000000000000e+02,1.085512292474001015e+02,1.085512230219392080e+02,1.085512247079719117e+02,1.085512315603895672e+02,1.085512361612062620e+02,1.085512418151869980e+02,1.085510347093310486e+02,1.085470570665241326e+02,1.084767308233793557e+02,1.072386652948888894e+02,8.645473415444193677e+01,8.443963313058792153e+01,8.320640528364934596e+01,8.338075868939593249e+01,8.870511717730050805e+01
1.200000000000000000e+02,1.200000000000000000e+02,1.200000000000000000e+02,1.200000000000000000e+02,1.200000000000000000e+02,1.200000000000000000e+02,1.200000000000000000e+02,1.200000000000000000e+02,1.200000000000000000e+02,1.200000000000000000e+02,1.085512204318150253e+02,1.085512174914402408e+02,1.085512195646913369e+02,1.085512271333687835e+02,1.085512386725315821e+02,1.085512372775454821e+02,1.085510351838279490e+02,1.085470555025273995e+02,1.084767289438693467e+02,1.072386675528268825e+02,8.645472957011760684e+01,8.443963632214081372e+01,8.320640343610965317e+01,8.338075903897853891e+01,8.870511765831786022e+01
1.200000000000000000e+02,1.200000000000000000e+02,1.200000000000000000e+02,1.200000000000000000e+02,1.200000000000000000e+02,1.200000000000000000e+02,1.200000000000000000e+02,1.200000000000000000e+02,1.200000000000000000e+02,1.200000000000000000e+02,1.085512130545193230e+02,1.085512083088291320e+02,1.085512146481838158e+02,1.085512222691209701e+02,1.085512343391413737e+02,1.085512396559464747e+02,1.085510308214037138e+02,1.085470563348364550e+02,1.084767275432532756e+02,1.072386662181990289e+02,8.645473296570165189e+01,8.443963307420999342e+01,8.320640586300427799e+01,8.338075755626034891e+01,8.870511784526443932e+01
1.200000000000000000e+02,1.200000000000000000e+02,1.200000000000000000e+02,1.200000000000000000e+02,1.200000000000000000e+02,1.200000000000000000e+02,1.200000000000000000e+02,1.200000000000000000e+02,1.200000000000000000e+02,1.200000000000000000e+02,1.085512018499030660e+02,1.085512036183333464e+02,1.085512057049121353e+02,1.085512182575036206e+02,1.085512299700826162e+02,1.085512356213020126e+02,1.085510330889021304e+02,1.085470522430164948e+02,1.084767286860794826e+02,1.072386648154881783e+02,8.645473183032751763e+01,8.443963500115621912e+01,8.320640367487912670e+01,8.338075936949449840e+01,8.870511671507770757e+01
1.200000000000000000e+02,1.200000000000000000e+02,1.200000000000000000e+02,1.200000000000000000e+02,1.200000000000000000e+02,1.200000000000000000e+02,1.200000000000000000e+02,1.200000000000000000e+02,1.200000000000000000e+02,1.200000000000000000e+02,1.085511875128756429e+02,1.085511932046506729e+02,1.085512028586317257e+02,1.085512098681641930e+02,1.085512269527852425e+02,1.085512318320570131e+02,1.085510294778653275e+02,1.085470544258754870e+02,1.084767249328666594e+02,1.072386663055902432e+02,8.645472918046634447e+01,8.443963469175031378e+01,8.320640467157612363e+01,8.338075788162748836e+01,8.870511813863822681e+01
1.200000000000000000e+02,1.200000000000000000e+02,1.200000000000000000e+02,1.200000000000000000e+02,1.200000000000000000e+02,1.200000000000000000e+02,1.200000000000000000e+02,1.200000000000000000e+02,1.200000000000000000e+02,1.200000000000000000e+02,1.085512292474001015e+02,1.085512230219392222e+02,1.085512247079718975e+02,1.085512315603895388e+02,1.085512361612062620e+02,1.085512418151869980e+02,1.085510347093310628e+02,1.085470570665241326e+02,1.084767308233793699e+02,1.072386652948889036e+02,8.645473415444196519e+01,8.443963313058807785e+01,8.320640528364968702e+01,8.338075868939648672e+01,8.870511717730109069e+01
1.200000000000000000e+02,1.200000000000000000e+02,1.200000000000000000e+02,1.200000000000000000e+02,1.200000000000000000e+02,1.200000000000000000e+02,1.200000000000000000e+02,1.200000000000000000e+02,1.200000000000000000e+02,1.200000000000000000e+02,1.085512204318150253e+02,1.085512174914402408e+02,1.085512195646913369e+02,1.085512271333687835e+02,1.085512386725315963e+02,1.085512372775454963e+02,1.085510351838279490e+02,1.085470555025273995e+02,1.084767289438693609e+02,1.072386675528268682e+02,8.645472957011766368e+01,8.443963632214088477e+01,8.320640343610993739e+01,8.338075903897902208e+01,8.870511765831835760e+01
1.200000000000000000e+02,1.200000000000000000e+02,1.200000000000000000e+02,1.200000000000000000e+02,1.200000000000000000e+02,1.200000000000000000e+02,1.200000000000000000e+02,1.200000000000000000e+02,1.200000000000000000e+02,1.200000000000000000e+02,1.085512130545193088e+02,1.085512083088291320e+02,1.085512146481838300e+02,1.085512222691209701e+02,1.085512343391413737e+02,1.085512396559464747e+02,1.085510308214037138e+02,1.085470563348364550e+02,1.084767275432532756e+02,1.072386662181990431e+02,8.645473296570168031e+01,8.443963307421012132e+01,8.320640586300449115e+01,8.338075755626076102e+01,8.870511784526485144e+01
1.200000000000000000e+02,1.200000000000000000e+02,1.200000000000000000e+02,1.200000000000000000e+02,1.200000000000000000e+02,1.200000000000000000e+02,1.200000000000000000e+02,1.200000000000000000e+02,1.200000000000000000e+02,1.200000000000000000e+02,1.085512018499030660e+02,1.085512036183333322e+02,1.085512057049121211e+02,1.085512182575036348e+02,1.085512299700826162e+02,1.085512356213020126e+02,1.085510330889021446e+02,1.085470522430164948e+02,1.084767286860794826e+02,1.072386648154881925e+02,8.645473183032754605e+01,8.443963500115630438e+01,8.320640367487933986e+01,8.338075936949478262e+01,8.870511671507804863e+01
1.200000000000000000e+02,1.200000000000000000e+02,1.200000000000000000e+02,1.200000000000000000e+02,1.200000000000000000e+02,1.200000000000000000e+02,1.200000000000000000e+02,1.200000000000000000e+02,1.200000000000000000e+02,1.200000000000000000e+02,1.085511875128756429e+02,1.085511932046506871e+02,1.085512028586317115e+02,1.085512098681641788e+02,1.085512269527852425e+02,1.085512318320570415e+02,1.085510294778653133e+02,1.085470544258754870e+02,1.084767249328666594e+02,1.072386663055902432e+02,8.645472918046637290e+01,8.443963469175038483e+01,8.320640467157627995e+01,8.338075788162778679e+01,8.870511813863848261e+01
1.200000000000000000e+02,1.200000000000000000e+02,1.200000000000000000e+02,1.200000000000000000e+02,1.200000000000000000e+02,1.200000000000000000e+02,1.200000000000000000e+02,1.200000000000000000e+02,1.200000000000000000e+02,1.200000000000000000e+02,1.085512292474001015e+02,1.085512230219392080e+02,1.085512247079719117e+02,1.085512315603895672e+02,1.085512361612062335e+02,1.085512418151869980e+02,1.085510347093310628e+02,1.085470570665241326e+02,1.084767308233793699e+02,1.072386652948889036e+02,8.645473415444199361e+01,8.443963313058814890e+01,8.320640528364981492e+01,8.338075868939671409e+01,8.870511717730133228e+01
1.200000000000000000e+02,1.200000000000000000e+02,1.200000000000000000e+02,1.200000000000000000e+02,1.200000000000000000e+02,1.200000000000000000e+02,1.200000000000000000e+02,1.200000000000000000e+02,1.200000000000000000e+02,1.200000000000000000e+02,1.085512204318150253e+02,1.085512174914402408e+02,1.085512195646913227e+02,1.085512271333687835e+02,1.085512386725315963e+02,1.085512372775454679e+02,1.085510351838279632e+02,1.085470555025273995e+02,1.084767289438693467e+02,1.072386675528268967e+02,8.645472957011769211e+01,8.443963632214097004e+01,8.320640343611005108e+01,8.338075903897920682e+01,8.870511765831854234e+01
1.200000000000000000e+02,1.200000000000000000e+02,1.200000000000000000e+02,1.200000000000000000e+02,1.200000000000000000e+02,1.200000000000000000e+02,1.200000000000000000e+02,1.200000000000000000e+02,1.200000000000000000e+02,1.200000000000000000e+02,1.085512130545193372e+02,1.085512083088291178e+02,1.085512146481838300e+02,1.085512222691209558e+02,1.085512343391413594e+02,1.085512396559465031e+02,1.085510308214036996e+02,1.085470563348364408e+02,1.084767275432532756e+02,1.072386662181990431e+02,8.645473296570168031e+01,8.443963307421017817e+01,8.320640586300460484e+01,8.338075755626093155e+01,8.870511784526505039e+01
1.200000000000000000e+02,1.200000000000000000e+02,1.200000000000000000e+02,1.200000000000000000e+02,1.200000000000000000e+02,1.200000000000000000e+02,1.200000000000000000e+02,1.200000000000000000e+02,1.200000000000000000e+02,1.200000000000000000e+02,1.085512018499030660e+02,1.085512036183333322e+02,1.085512057049121211e+02,1.085512182575036348e+02,1.085512299700826020e+02,1.085512356213020126e+02,1.085510330889021589e+02,1.085470522430164806e+02,1.084767286860794968e+02,1.072386648154881925e+02,8.645473183032756026e+01,8.443963500115633281e+01,8.320640367487942513e+01,8.338075936949496736e+01,8.870511671507816231e+01
1.200000000000000000e+02,1.200000000000000000e+02,1.200000000000000000e+02,1.200000000000000000e+02,1.200000000000000000e+02,1.200000000000000000e+02,1.200000000000000000e+02,1.200000000000000000e+02,1.200000000000000000e+02,1.200000000000000000e+02,1.085511875128756571e+02,1.085511932046506871e+02,1.085512028586317257e+02,1.085512098681641646e+02,1.085512269527852567e+02,1.085512318320570273e+02,1.085510294778653133e+02,1.085470544258755154e+02,1.084767249328666594e+02,1.072386663055902432e+02,8.645472918046640132e+01,8.443963469175041325e+01,8.320640467157636522e+01,8.338075788162790047e+01,8.870511813863861050e+01
1.200000000000000000e+02,1.200000000000000000e+02,1.200000000000000000e+02,1.200000000000000000e+02,1.200000000000000000e+02,1.200000000000000000e+02,1.200000000000000000e+02,1.200000000000000000e+02,1.200000000000000000e+02,1.200000000000000000e+02,1.085512292474000873e+02,1.085512230219392080e+02,1.085512247079719117e+02,1.085512315603895672e+02,1.085512361612062620e+02,1.085512418151869980e+02,1.085510347093310486e+02,1.085470570665241468e+02,1.084767308233793841e+02,1.072386652948888894e+02,8.645473415444199361e+01,8.443963313058817732e+01,8.320640528364990018e+01,8.338075868939684199e+01,8.870511717730140333e+01
1.200000000000000000e+02,1.200000000000000000e+02,1.200000000000000000e+02,1.200000000000000000e+02,1.200000000000000000e+02,1.200000000000000000e+02,1.200000000000000000e+02,1.200000000000000000e+02,1.200000000000000000e+02,1.200000000000000000e+02,1.085512204318150395e+02,1.085512174914402408e+02,1.085512195646913369e+02,1.085512271333687835e+02,1.085512386725315963e+02,1.085512372775454821e+02,1.085510351838279632e+02,1.085470555025273995e+02,1.084767289438693467e+02,1.072386675528269109e+02,8.645472957011767789e+01,8.443963632214097004e+01,8.320640343611012213e+01,8.338075903897930630e+01,8.870511765831864182e+01
1.200000000000000000e+02,1.200000000000000000e+02,1.200000000000000000e+02,1.200000000000000000e+02,1.200000000000000000e+02,1.200000000000000000e+02,1.200000000000000000e+02,1.200000000000000000e+02,1.200000000000000000e+02,1.200000000000000000e+02,1.085512130545192946e+02,1.085512083088291320e+02,1.085512146481838158e+02,1.085512222691209701e+02,1.085512343391413594e+02,1.085512396559464747e+02,1.085510308214037138e+02,1.085470563348364550e+02,1.084767275432532756e+02,1.072386662181990431e+02,8.645473296570172295e+01,8.443963307421017817e+01,8.320640586300463326e+01,8.338075755626101682e+01,8.870511784526510723e+01
1.200000000000000000e+02,1.200000000000000000e+02,1.200000000000000000e+02,1.200000000000000000e+02,1.200000000000000000e+02,1.200000000000000000e+02,1.200000000000000000e+02,1.200000000000000000e+02,1.200000000000000000e+02,1.200000000000000000e+02,1.085512018499030660e+02,1.085512036183333180e+02,1.085512057049121211e+02,1.085512182575036206e+02,1.085512299700826162e+02,1.085512356213019984e+02,1.085510330889021446e+02,1.085470522430164948e+02,1.084767286860794968e+02,1.072386648154881783e+02,8.645473183032754605e+01,8.443963500115637544e+01,8.320640367487946776e+01,8.338075936949500999e+01,8.870511671507824758e+01
1.200000000000000000e+02,1.200000000000000000e+02,1.200000000000000000e+02,1.200000000000000000e+02,1.200000000000000000e+02,1.200000000000000000e+02,1.200000000000000000e+02,1.200000000000000000e+02,1.200000000000000000e+02,1.200000000000000000e+02,1.085511875128756429e+02,1.085511932046506729e+02,1.085512028586317115e+02,1.085512098681641646e+02,1.085512269527852567e+02,1.085512318320570415e+02,1.085510294778653133e+02,1.085470544258755012e+02,1.084767249328666594e+02,1.072386663055902574e+02,8.645472918046638711e+01,8.443963469175041325e+01,8.320640467157640785e+01,8.338075788162794311e+01,8.870511813863863892e+01
1.200000000000000000e+02,1.200000000000000000e+02,1.200000000000000000e+02,1.200000000000000000e+02,1.200000000000000000e+02,1.200000000000000000e+02,1.200000000000000000e+02,1.200000000000000000e+02,1.200000000000000000e+02,1.200000000000000000e+02,1.085512292474001015e+02,1.085512230219391938e+02,1.085512247079719259e+02,1.085512315603895530e+02,1.085512361612062477e+02,1.085512418151869980e+02,1.085510347093310628e+02,1.085470570665241326e+02,1.084767308233793699e+02,1.072386652948888894e+02,8.645473415444202203e+01,8.443963313058817732e+01,8.320640528364990018e+01,8.338075868939688462e+01,8.870511717730150281e+01
1.200000000000000000e+02,1.200000000000000000e+02,1.200000000000000000e+02,1.200000000000000000e+02,1.200000000000000000e+02,1.200000000000000000e+02,1.200000000000000000e+02,1.200000000000000000e+02,1.200000000000000000e+02,1.200000000000000000e+02,1.085512204318150253e+02,1.085512174914402408e+02,1.085512195646913227e+02,1.085512271333688119e+02,1.085512386725315821e+02,1.085512372775454963e+02,1.085510351838279632e+02,1.085470555025273995e+02,1.084767289438693467e+02,1.072386675528268967e+02,8.645472957011769211e+01,8.443963632214102688e+01,8.320640343611012213e+01,8.338075903897933472e+01,8.870511765831865603e+01
1.200000000000000000e+02,1.200000000000000000e+02,1.200000000000000000e+02,1.200000000000000000e+02,1.200000000000000000e+02,1.200000000000000000e+02,1.200000000000000000e+02,1.200000000000000000e+02,1.200000000000000000e+02,1.200000000000000000e+02,1.085512130545193088e+02,1.085512083088291320e+02,1.085512146481838158e+02,1.085512222691209701e+02,1.085512343391413737e+02,1.085512396559464605e+02,1.085510308214037138e+02,1.085470563348364408e+02,1.084767275432532898e+02,1.072386662181990289e+02,8.645473296570169452e+01,8.443963307421019238e+01,8.320640586300469010e+01,8.338075755626104524e+01,8.870511784526514987e+01
1.200000000000000000e+02,1.200000000000000000e+02,1.200000000000000000e+02,1.200000000000000000e+02,1.200000000000000000e+02,1.200000000000000000e+02,1.200000000000000000e+02,1.200000000000000000e+02,1.200000000000000000e+02,1.200000000000000000e+02,1.085512018499030518e+02,1.085512036183333322e+02,1.085512057049121211e+02,1.085512182575036206e+02,1.085512299700826020e+02,1.085512356213020269e+02,1.085510330889021304e+02,1.085470522430164806e+02,1.084767286860794826e+02,1.072386648154882067e+02,8.645473183032757447e+01,8.443963500115636123e+01,8.320640367487946776e+01,8.338075936949505262e+01,8.870511671507830442e+01
1.200000000000000000e+02,1.200000000000000000e+02,1.200000000000000000e+02,1.200000000000000000e+02,1.200000000000000000e+02,1.200000000000000000e+02,1.200000000000000000e+02,1.200000000000000000e+02,1.200000000000000000e+02,1.200000000000000000e+02,1.085511875128756429e+02,1.085511932046506729e+02,1.085512028586317257e+02,1.085512098681641930e+02,1.085512269527852567e+02,1.085512318320570131e+02,1.085510294778653275e+02,1.085470544258754870e+02,1.084767249328666594e+02,1.072386663055902574e+02,8.645472918046640132e+01,8.443963469175042746e+01,8.320640467157642206e+01,8.338075788162795732e+01,8.870511813863869577e+01
1.200000000000000000e+02,1.200000000000000000e+02,1.200000000000000000e+02,1.200000000000000000e+02,1.200000000000000000e+02,1.200000000000000000e+02,1.200000000000000000e+02,1.200000000000000000e+02,1.200000000000000000e+02,1.200000000000000000e+02,1.085512292474001015e+02,1.085512230219392222e+02,1.085512247079719117e+02,1.085512315603895530e+02,1.085512361612062620e+02,1.085512418151869980e+02,1.085510347093310486e+02,1.085470570665241610e+02,1.084767308233793699e+02,1.072386652948888894e+02,8.645473415444200782e+01,8.443963313058817732e+01,8.320640528364994282e+01,8.338075868939689883e+01,8.870511717730148860e+01
1.200000000000000000e+02,1.200000000000000000e+02,1.200000000000000000e+02,1.200000000000000000e+02,1.200000000000000000e+02,1.200000000000000000e+02,1.200000000000000000e+02,1.200000000000000000e+02,1.200000000000000000e+02,1.200000000000000000e+02,1.085512204318150253e+02,1.085512174914402408e+02,1.085512195646913369e+02,1.085512271333687977e+02,1.085512386725315963e+02,1.085512372775454963e+02,1.085510351838279632e+02,1.085470555025273853e+02,1.084767289438693751e+02,1.072386675528268682e+02,8.645472957011769211e+01,8.443963632214099846e+01,8.320640343611015055e+01,8.338075903897937735e+01,8.870511765831867024e+01
1.200000000000000000e+02,1.200000000000000000e+02,1.200000000000000000e+02,1.200000000000000000e+02,1.200000000000000000e+02,1.200000000000000000e+02,1.200000000000000000e+02,1.200000000000000000e+02,1.200000000000000000e+02,1.200000000000000000e+02,1.085512130545193230e+02,1.085512083088291320e+02,1.085512146481838158e+02,1.085512222691209843e+02,1.085512343391413594e+02,1.085512396559464747e+02,1.085510308214037423e+02,1.085470563348364408e+02,1.084767275432532614e+02,1.072386662181990573e+02,8.645473296570169452e+01,8.443963307421019238e+01,8.320640586300467589e+01,8.338075755626107366e+01,8.870511784526517829e+01
1.200000000000000000e+02,1.200000000000000000e+02,1.200000000000000000e+02,1.200000000000000000e+02,1.200000000000000000e+02,1.200000000000000000e+02,1.200000000000000000e+02,1.200000000000000000e+02,1.200000000000000000e+02,1.200000000000000000e+02,1.085512018499030660e+02,1.085512036183333322e+02,1.085512057049121211e+02,1.085512182575036491e+02,1.085512299700826020e+02,1.085512356213019984e+02,1.085510330889021446e+02,1.085470522430165090e+02,1.084767286860794968e+02,1.072386648154881783e+02,8.645473183032760289e+01,8.443963500115636123e+01,8.320640367487946776e+01,8.338075936949503841e+01,8.870511671507829021e+01
1.200000000000000000e+02,1.200000000000000000e+02,1.200000000000000000e+02,1.200000000000000000e+02,1.200000000000000000e+02,1.200000000000000000e+02,1.200000000000000000e+02,1.200000000000000000e+02,1.200000000000000000e+02,1.200000000000000000e+02,1.085511875128756571e+02,1.085511932046506871e+02,1.085512028586317257e+02,1.085512098681641930e+02,1.085512269527852567e+02,1.085512318320570273e+02,1.085510294778653133e+02,1.085470544258755012e+02,1.084767249328666736e+02,1.072386663055902432e+02,8.645472918046637290e+01,8.443963469175044168e+01,8.320640467157642206e+01,8.338075788162798574e+01,8.870511813863869577e+01
1.200000000000000000e+02,1.200000000000000000e+02,1.200000000000000000e+02,1.200000000000000000e+02,1.200000000000000000e+02,1.200000000000000000e+02,1.200000000000000000e+02,1.200000000000000000e+02,1.200000000000000000e+02,1.200000000000000000e+02,1.085512292474001015e+02,1.085512230219392080e+02,1.085512247079718975e+02,1.085512315603895672e+02,1.085512361612062477e+02,1.085512418151869980e+02,1.085510347093310628e+02,1.085470570665241468e+02,1.084767308233793415e+02,1.072386652948889036e+02,8.645473415444202203e+01,8.443963313058817732e+01,8.320640528364997124e+01,8.338075868939691304e+01,8.870511717730147438e+01
1.200000000000000000e+02,1.200000000000000000e+02,1.200000000000000000e+02,1.200000000000000000e+02,1.200000000000000000e+02,1.200000000000000000e+02,1.200000000000000000e+02,1.200000000000000000e+02,1.200000000000000000e+02,1.200000000000000000e+02,1.085512204318150253e+02,1.085512174914402550e+02,1.085512195646913369e+02,1.085512271333687835e+02,1.085512386725316105e+02,1.085512372775454821e+02,1.085510351838279632e+02,1.085470555025273995e+02,1.084767289438693609e+02,1.072386675528268540e+02,8.645472957011772053e+01,8.443963632214102688e+01,8.320640343611015055e+01,8.338075903897937735e+01,8.870511765831872708e+01
1.200000000000000000e+02,1.200000000000000000e+02,1.200000000000000000e+02,1.200000000000000000e+02,1.200000000000000000e+02,1.200000000000000000e+02,1.200000000000000000e+02,1.200000000000000000e+02,1.200000000000000000e+02,1.200000000000000000e+02,1.085512130545193372e+02,1.085512083088291320e+02,1.085512146481838300e+02,1.085512222691209701e+02,1.085512343391413594e+02,1.085512396559464889e+02,1.085510308214037138e+02,1.085470563348364550e+02,1.084767275432532898e+02,1.072386662181990573e+02,8.645473296570166610e+01,8.443963307421020659e+01,8.320640586300469010e+01,8.338075755626107366e+01,8.870511784526514987e+01
1.200000000000000000e+02,1.200000000000000000e+02,1.200000000000000000e+02,1.200000000000000000e+02,1.200000000000000000e+02,1.200000000000000000e+02,1.200000000000000000e+02,1.200000000000000000e+02,1.200000000000000000e+02,1.200000000000000000e+02,1.085512018499030660e+02,1.085512036183333606e+02,1.085512057049121211e+02,1.085512182575036348e+02,1.085512299700826162e+02,1.085512356213019984e+02,1.085510330889021446e+02,1.085470522430164948e+02,1.084767286860794826e+02,1.072386648154882067e+02,8.645473183032758868e+01,8.443963500115634702e+01,8.320640367487949618e+01,8.338075936949508105e+01,8.870511671507831863e+01
1.200000000000000000e+02,1.200000000000000000e+02,1.200000000000000000e+02,1.200000000000000000e+02,1.200000000000000000e+02,1.200000000000000000e+02,1.200000000000000000e+02,1.200000000000000000e+02,1.200000000000000000e+02,1.200000000000000000e+02,1.085511875128756571e+02,1.085511932046506729e+02,1.085512028586317257e+02,1.085512098681641646e+02,1.085512269527852567e+02,1.085512318320570415e+02,1.085510294778653133e+02,1.085470544258755012e+02,1.084767249328666736e+02,1.072386663055902432e+02,8.645472918046638711e+01,8.443963469175044168e+01,8.320640467157639364e+01,8.338075788162801416e+01,8.870511813863870998e+01
1.200000000000000000e+02,1.200000000000000000e+02,1.200000000000000000e+02,1.200000000000000000e+02,1.200000000000000000e+02,1.200000000000000000e+02,1.200000000000000000e+02,1.200000000000000000e+02,1.200000000000000000e+02,1.200000000000000000e+02,1.085512292474001157e+02,1.085512230219392080e+02,1.085512247079719117e+02,1.085512315603895672e+02,1.085512361612062477e+02,1.085512418151869980e+02,1.085510347093310628e+02,1.085470570665241326e+02,1.084767308233793699e+02,1.072386652948888894e+02,8.645473415444199361e+01,8.443963313058820574e+01,8.320640528364994282e+01,8.338075868939691304e+01,8.870511717730150281e+01
1.200000000000000000e+02,1.200000000000000000e+02,1.200000000000000000e+02,1.200000000000000000e+02,1.200000000000000000e+02,1.200000000000000000e+02,1.200000000000000000e+02,1.200000000000000000e+02,1.200000000000000000e+02,1.200000000000000000e+02,1.085512204318150253e+02,1.085512174914402408e+02,1.085512195646913369e+02,1.085512271333687835e+02,1.085512386725316105e+02,1.085512372775454821e+02,1.085510351838279632e+02,1.085470555025273995e+02,1.084767289438693325e+02,1.072386675528268967e+02,8.645472957011769211e+01,8.443963632214098425e+01,8.320640343611017897e+01,8.338075903897937735e+01,8.870511765831872708e+01
1.200000000000000000e+02,1.200000000000000000e+02,1.200000000000000000e+02,1.200000000000000000e+02,1.200000000000000000e+02,1.200000000000000000e+02,1.200000000000000000e+02,1.200000000000000000e+02,1.200000000000000000e+02,1.200000000000000000e+02,1.085512130545193230e+02,1.085512083088291320e+02,1.085512146481838016e+02,1.085512222691209985e+02,1.085512343391413594e+02,1.085512396559464889e+02,1.085510308214037138e+02,1.085470563348364550e+02,1.084767275432532898e+02,1.072386662181990431e+02,8.645473296570172295e+01,8.443963307421019238e+01,8.320640586300467589e+01,8.338075755626108787e+01,8.870511784526513566e+01
1.200000000000000000e+02,1.200000000000000000e+02,1.200000000000000000e+02,1.200000000000000000e+02,1.200000000000000000e+02,1.200000000000000000e+02,1.200000000000000000e+02,1.200000000000000000e+02,1.200000000000000000e+02,1.200000000000000000e+02,1.085512018499030518e+02,1.085512036183333322e+02,1.085512057049121211e+02,1.085512182575036348e+02,1.085512299700826446e+02,1.085512356213019984e+02,1.085510330889021589e+02,1.085470522430164948e+02,1.084767286860794826e+02,1.072386648154882067e+02,8.645473183032756026e+01,8.443963500115638965e+01,8.320640367487949618e+01,8.338075936949503841e+01,8.870511671507831863e+01
1.200000000000000000e+02,1.200000000000000000e+02,1.200000000000000000e+02,1.200000000000000000e+02,1.200000000000000000e+02,1.200000000000000000e+02,1.200000000000000000e+02,1.200000000000000000e+02,1.200000000000000000e+02,1.200000000000000000e+02,1.085511875128756571e+02,1.085511932046506729e+02,1.085512028586317257e+02,1.085512098681641646e+02,1.085512269527852425e+02,1.085512318320570415e+02,1.085510294778653133e+02,1.085470544258755012e+02,1.084767249328666594e+02,1.072386663055902432e+02,8.645472918046638711e+01,8.443963469175039904e+01,8.320640467157645048e+01,8.338075788162799995e+01,8.870511813863868156e+01
1.200000000000000000e+02,1.200000000000000000e+02,1.200000000000000000e+02,1.200000000000000000e+02,1.200000000000000000e+02,1.200000000000000000e+02,1.200000000000000000e+02,1.200000000000000000e+02,1.200000000000000000e+02,1.200000000000000000e+02,1.085512292474000873e+02,1.085512230219391938e+02,1.085512247079719117e+02,1.085512315603895672e+02,1.085512361612062477e+02,1.085512418151869980e+02,1.085510347093310770e+02,1.085470570665241183e+02,1.084767308233793841e+02,1.072386652948889036e+02,8.645473415444200782e+01,8.443963313058817732e+01,8.320640528364994282e+01,8.338075868939692725e+01,8.870511717730147438e+01
1.200000000000000000e+02,1.200000000000000000e+02,1.200000000000000000e+02,1.200000000000000000e+02,1.200000000000000000e+02,1.200000000000000000e+02,1.200000000000000000e+02,1.200000000000000000e+02,1.200000000000000000e+02,1.200000000000000000e+02,1.085512204318150253e+02,1.085512174914402550e+02,1.085512195646913369e+02,1.085512271333687835e+02,1.085512386725316105e+02,1.085512372775454821e+02,1.085510351838279632e+02,1.085470555025274138e+02,1.084767289438693467e+02,1.072386675528269109e+02,8.645472957011766368e+01,8.443963632214099846e+01,8.320640343611016476e+01,8.338075903897937735e+01,8.870511765831871287e+01
1.200000000000000000e+02,1.200000000000000000e+02,1.200000000000000000e+02,1.200000000000000000e+02,1.200000000000000000e+02,1.200000000000000000e+02,1.200000000000000000e+02,1.200000000000000000e+02,1.200000000000000000e+02,1.200000000000000000e+02,1.085512130545193230e+02,1.085512083088291178e+02,1.085512146481838158e+02,1.085512222691209843e+02,1.085512343391413737e+02,1.085512396559464747e+02,1.085510308214037138e+02,1.085470563348364408e+02,1.084767275432532898e+02,1.072386662181990289e+02,8.645473296570172295e+01,8.443963307421017817e+01,8.320640586300469010e+01,8.338075755626107366e+01,8.870511784526517829e+01
1.200000000000000000e+02,1.200000000000000000e+02,1.200000000000000000e+02,1.200000000000000000e+02,1.200000000000000000e+02,1.200000000000000000e+02,1.200000000000000000e+02,1.200000000000000000e+02,1.200000000000000000e+02,1.200000000000000000e+02,1.085512018499030660e+02,1.085512036183333464e+02,1.085512057049121211e+02,1.085512182575036348e+02,1.085512299700826162e+02,1.085512356213020126e+02,1.085510330889021446e+02,1.085470522430164806e+02,1.084767286860794826e+02,1.072386648154882067e+02,8.645473183032756026e+01,8.443963500115637544e+01,8.320640367487948197e+01,8.338075936949506684e+01,8.870511671507829021e+01
1.200000000000000000e+02,1.200000000000000000e+02,1.200000000000000000e+02,1.200000000000000000e+02,1.200000000000000000e+02,1.200000000000000000e+02,1.200000000000000000e+02,1.200000000000000000e+02,1.200000000000000000e+02,1.200000000000000000e+02,1.085511875128756429e+02,1.085511932046506729e+02,1.085512028586317399e+02,1.085512098681641646e+02,1.085512269527852425e+02,1.085512318320570415e+02,1.085510294778653133e+02,1.085470544258754870e+02,1.084767249328666594e+02,1.072386663055902574e+02,8.645472918046637290e+01,8.443963469175044168e+01,8.320640467157643627e+01,8.338075788162797153e+01,8.870511813863872419e+01
1.200000000000000000e+02,1.200000000000000000e+02,1.200000000000000000e+02,1.200000000000000000e+02,1.200000000000000000e+02,1.200000000000000000e+02,1.200000000000000000e+02,1.200000000000000000e+02,1.200000000000000000e+02,1.200000000000000000e+02,1.085512292474001015e+02,1.085512230219392080e+02,1.085512247079719117e+02,1.085512315603895814e+02,1.085512361612062620e+02,1.085512418151869980e+02,1.085510347093310628e+02,1.085470570665241326e+02,1.084767308233793841e+02,1.072386652948888894e+02,8.645473415444202203e+01,8.443963313058817732e+01,8.320640528364992861e+01,8.338075868939691304e+01,8.870511717730150281e+01
1.200000000000000000e+02,1.200000000000000000e+02,1.200000000000000000e+02,1.200000000000000000e+02,1.200000000000000000e+02,1.200000000000000000e+02,1.200000000000000000e+02,1.200000000000000000e+02,1.200000000000000000e+02,1.200000000000000000e+02,1.085512204318150253e+02,1.085512174914402408e+02,1.085512195646913369e+02,1.085512271333687835e+02,1.085512386725316105e+02,1.085512372775454963e+02,1.085510351838279632e+02,1.085470555025273995e+02,1.084767289438693609e+02,1.072386675528268825e+02,8.645472957011767789e+01,8.443963632214104109e+01,8.320640343611013634e+01,8.338075903897936314e+01,8.870511765831869866e+01
1.200000000000000000e+02,1.200000000000000000e+02,1.200000000000000000e+02,1.200000000000000000e+02,1.200000000000000000e+02,1.200000000000000000e+02,1.200000000000000000e+02,1.200000000000000000e+02,1.200000000000000000e+02,1.200000000000000000e+02,1.085512130545193088e+02,1.085512083088291178e+02,1.085512146481838300e+02,1.085512222691209843e+02,1.085512343391413594e+02,1.085512396559464747e+02,1.085510308214037281e+02,1.085470563348364550e+02,1.084767275432532898e+02,1.072386662181990431e+02,8.645473296570170874e+01,8.443963307421017817e+01,8.320640586300470432e+01,8.338075755626107366e+01,8.870511784526513566e+01
1.200000000000000000e+02,1.200000000000000000e+02,1.200000000000000000e+02,1.200000000000000000e+02,1.200000000000000000e+02,1.200000000000000000e+02,1.200000000000000000e+02,1.200000000000000000e+02,1.200000000000000000e+02,1.200000000000000000e+02,1.085512018499030518e+02,1.085512036183333322e+02,1.085512057049121353e+02,1.085512182575036348e+02,1.085512299700826304e+02,1.085512356213019984e+02,1.085510330889021446e+02,1.085470522430165090e+02,1.084767286860794826e+02,1.072386648154881925e+02,8.645473183032758868e+01,8.443963500115638965e+01,8.320640367487946776e+01,8.338075936949506684e+01,8.870511671507830442e+01
1.200000000000000000e+02,1.200000000000000000e+02,1.200000000000000000e+02,1.200000000000000000e+02,1.200000000000000000e+02,1.200000000000000000e+02,1.200000000000000000e+02,1.200000000000000000e+02,1.200000000000000000e+02,1.200000000000000000e+02,1.085511875128756571e+02,1.085511932046506871e+02,1.085512028586317257e+02,1.085512098681641788e+02,1.085512269527852567e+02,1.085512318320570415e+02,1.085510294778652849e+02,1.085470544258755012e+02,1.084767249328666736e+02,1.072386663055902432e+02,8.645472918046638711e+01,8.443963469175044168e+01,8.320640467157642206e+01,8.338075788162798574e+01,8.870511813863869577e+01
1.200000000000000000e+02,1.200000000000000000e+02,1.200000000000000000e+02,1.200000000000000000e+02,1.200000000000000000e+02,1.200000000000000000e+02,1.200000000000000000e+02,1.200000000000000000e+02,1.200000000000000000e+02,1.200000000000000000e+02,1.085512292474001015e+02,1.085512230219392080e+02,1.085512247079719117e+02,1.085512315603895672e+02,1.085512361612062477e+02,1.085512418151869980e+02,1.085510347093310628e+02,1.085470570665241183e+02,1.084767308233793557e+02,1.072386652948889179e+02,8.645473415444200782e+01,8.443963313058817732e+01,8.320640528364997124e+01,8.338075868939691304e+01,8.870511717730147438e+01
1.200000000000000000e+02,1.200000000000000000e+02,1.200000000000000000e+02,1.200000000000000000e+02,1.200000000000000000e+02,1.200000000000000000e+02,1.200000000000000000e+02,1.200000000000000000e+02,1.200000000000000000e+02,1.200000000000000000e+02,1.085512204318150253e+02,1.085512174914402408e+02,1.085512195646913369e+02,1.085512271333687977e+02,1.085512386725316105e+02,1.085512372775454679e+02,1.085510351838279490e+02,1.085470555025274138e+02,1.084767289438693467e+02,1.072386675528268682e+02,8.645472957011772053e+01,8.443963632214099846e+01,8.320640343611015055e+01,8.338075903897936314e+01,8.870511765831869866e+01
1.200000000000000000e+02,1.200000000000000000e+02,1.200000000000000000e+02,1.200000000000000000e+02,1.200000000000000000e+02,1.200000000000000000e+02,1.200000000000000000e+02,1.200000000000000000e+02,1.200000000000000000e+02,1.200000000000000000e+02,1.085512130545193230e+02,1.085512083088291462e+02,1.085512146481838158e+02,1.085512222691209701e+02,1.085512343391413737e+02,1.085512396559464889e+02,1.085510308214036996e+02,1.085470563348364408e+02,1.084767275432532898e+02,1.072386662181990431e+02,8.645473296570170874e+01,8.443963307421019238e+01,8.320640586300469010e+01,8.338075755626107366e+01,8.870511784526520671e+01
1.200000000000000000e+02,1.200000000000000000e+02,1.200000000000000000e+02,1.200000000000000000e+02,1.200000000000000000e+02,1.200000000000000000e+02,1.200000000000000000e+02,1.200000000000000000e+02,1.200000000000000000e+02,1.200000000000000000e+02,1.085512018499030518e+02,1.085512036183333464e+02,1.085512057049121353e+02,1.085512182575036206e+02,1.085512299700826162e+02,1.085512356213020126e+02,1.085510330889021589e+02,1.085470522430164806e+02,1.084767286860794826e+02,1.072386648154882067e+02,8.645473183032754605e+01,8.443963500115637544e+01,8.320640367487949618e+01,8.338075936949505262e+01,8.870511671507831863e+01
1.200000000000000000e+02,1.200000000000000000e+02,1.200000000000000000e+02,1.200000000000000000e+02,1.200000000000000000e+02,1.200000000000000000e+02,1.200000000000000000e+02,1.200000000000000000e+02,1.200000000000000000e+02,1.200000000000000000e+02,1.085511875128756429e+02,1.085511932046506729e+02,1.085512028586317257e+02,1.085512098681641930e+02,1.085512269527852425e+02,1.085512318320570273e+02,1.085510294778653275e+02,1.085470544258755154e+02,1.084767249328666452e+02,1.072386663055902289e+02,8.645472918046642974e+01,8.443963469175041325e+01,8.320640467157643627e+01,8.338075788162799995e+01,8.870511813863869577e+01
1.200000000000000000e+02,1.200000000000000000e+02,1.200000000000000000e+02,1.200000000000000000e+02,1.200000000000000000e+02,1.200000000000000000e+02,1.200000000000000000e+02,1.200000000000000000e+02,1.200000000000000000e+02,1.200000000000000000e+02,1.085512292474000873e+02,1.085512230219392222e+02,1.085512247079719117e+02,1.085512315603895530e+02,1.085512361612062620e+02,1.085512418151869980e+02,1.085510347093310628e+02,1.085470570665241183e+02,1.084767308233793841e+02,1.072386652948889036e+02,8.645473415444197940e+01,8.443963313058821996e+01,8.320640528364992861e+01,8.338075868939692725e+01,8.870511717730153123e+01
1.200000000000000000e+02,1.200000000000000000e+02,1.200000000000000000e+02,1.200000000000000000e+02,1.200000000000000000e+02,1.200000000000000000e+02,1.200000000000000000e+02,1.200000000000000000e+02,1.200000000000000000e+02,1.200000000000000000e+02,1.085512204318150395e+02,1.085512174914402408e+02,1.085512195646913227e+02,1.085512271333687977e+02,1.085512386725315963e+02,1.085512372775454963e+02,1.085510351838279632e+02,1.085470555025273995e+02,1.084767289438693467e+02,1.072386675528269109e+02,8.645472957011769211e+01,8.443963632214095583e+01,8.320640343611017897e+01,8.338075903897936314e+01,8.870511765831871287e+01
1.200000000000000000e+02,1.200000000000000000e+02,1.200000000000000000e+02,1.200000000000000000e+02,1.200000000000000000e+02,1.200000000000000000e+02,1.200000000000000000e+02,1.200000000000000000e+02,1.200000000000000000e+02,1.200000000000000000e+02,1.085512130545193088e+02,1.085512083088291178e+02,1.085512146481838300e+02,1.085512222691209843e+02,1.085512343391413737e+02,1.085512396559464605e+02,1.085510308214037138e+02,1.085470563348364408e+02,1.084767275432532898e+02,1.072386662181990147e+02,8.645473296570173716e+01,8.443963307421017817e+01,8.320640586300466168e+01,8.338075755626111629e+01,8.870511784526516408e+01
1.200000000000000000e+02,1.200000000000000000e+02,1.200000000000000000e+02,1.200000000000000000e+02,1.200000000000000000e+02,1.200000000000000000e+02,1.200000000000000000e+02,1.200000000000000000e+02,1.200000000000000000e+02,1.200000000000000000e+02,1.085512018499030660e+02,1.085512036183333322e+02,1.085512057049121211e+02,1.085512182575036348e+02,1.085512299700826304e+02,1.085512356213020269e+02,1.085510330889021304e+02,1.085470522430164948e+02,1.084767286860794968e+02,1.072386648154882067e+02,8.645473183032754605e+01,8.443963500115641807e+01,8.320640367487948197e+01,8.338075936949503841e+01,8.870511671507834706e+01
1.200000000000000000e+02,1.200000000000000000e+02,1.200000000000000000e+02,1.200000000000000000e+02,1.200000000000000000e+02,1.200000000000000000e+02,1.200000000000000000e+02,1.200000000000000000e+02,1.200000000000000000e+02,1.200000000000000000e+02,1.085511875128756429e+02,1.085511932046506729e+02,1.085512028586316973e+02,1.085512098681641788e+02,1.085512269527852283e+02,1.085512318320570415e+02,1.085510294778653275e+02,1.085470544258754870e+02,1.084767249328666594e+02,1.072386663055902432e+02,8.645472918046638711e+01,8.443963469175041325e+01,8.320640467157645048e+01,8.338075788162798574e+01,8.870511813863869577e+01
1.200000000000000000e+02,1.200000000000000000e+02,1.200000000000000000e+02,1.200000000000000000e+02,1.200000000000000000e+02,1.200000000000000000e+02,1.200000000000000000e+02,1.200000000000000000e+02,1.200000000000000000e+02,1.200000000000000000e+02,1.085512292474000873e+02,1.085512230219391938e+02,1.085512247079719117e+02,1.085512315603895672e+02,1.085512361612062477e+02,1.085512418151869980e+02,1.085510347093310628e+02,1.085470570665241326e+02,1.084767308233793699e+02,1.072386652948889179e+02,8.645473415444202203e+01,8.443963313058821996e+01,8.320640528364990018e+01,8.338075868939692725e+01,8.870511717730150281e+01
1.200000000000000000e+02,1.200000000000000000e+02,1.200000000000000000e+02,1.200000000000000000e+02,1.200000000000000000e+02,1.200000000000000000e+02,1.200000000000000000e+02,1.200000000000000000e+02,1.200000000000000000e+02,1.200000000000000000e+02,1.085512204318150253e+02,1.085512174914402550e+02,1.085512195646913369e+02,1.085512271333687977e+02,1.085512386725315963e+02,1.085512372775454821e+02,1.085510351838279490e+02,1.085470555025274138e+02,1.084767289438693467e+02,1.072386675528268682e+02,8.645472957011769211e+01,8.443963632214102688e+01,8.320640343611017897e+01,8.338075903897933472e+01,8.870511765831872708e+01
1.200000000000000000e+02,1.200000000000000000e+02,1.200000000000000000e+02,1.200000000000000000e+02,1.200000000000000000e+02,1.200000000000000000e+02,1.200000000000000000e+02,1.200000000000000000e+02,1.200000000000000000e+02,1.200000000000000000e+02,1.085512130545193230e+02,1.085512083088291320e+02,1.085512146481838158e+02,1.085512222691209558e+02,1.085512343391413594e+02,1.085512396559464747e+02,1.085510308214037281e+02,1.085470563348364266e+02,1.084767275432532898e+02,1.072386662181990431e+02,8.645473296570170874e+01,8.443963307421017817e+01,8.320640586300470432e+01,8.338075755626107366e+01,8.870511784526512145e+01
1.200000000000000000e+02,1.200000000000000000e+02,1.200000000000000000e+02,1.200000000000000000e+02,1.200000000000000000e+02,1.200000000000000000e+02,1.200000000000000000e+02,1.200000000000000000e+02,1.200000000000000000e+02,1.200000000000000000e+02,1.085512018499030518e+02,1.085512036183333464e+02,1.085512057049121211e+02,1.085512182575036348e+02,1.085512299700826162e+02,1.085512356213020126e+02,1.085510330889021589e+02,1.085470522430165090e+02,1.084767286860794684e+02,1.072386648154881925e+02,8.645473183032757447e+01,8.443963500115637544e+01,8.320640367487946776e+01,8.338075936949506684e+01,8.870511671507831863e+01
1.200000000000000000e+02,1.200000000000000000e+02,1.200000000000000000e+02,1.200000000000000000e+02,1.200000000000000000e+02,1.200000000000000000e+02,1.200000000000000000e+02,1.200000000000000000e+02,1.200000000000000000e+02,1.200000000000000000e+02,1.085511875128756571e+02,1.085511932046506587e+02,1.085512028586317115e+02,1.085512098681641788e+02,1.085512269527852567e+02,1.085512318320570273e+02,1.085510294778653133e+02,1.085470544258755012e+02,1.084767249328666452e+02,1.072386663055902432e+02,8.645472918046638711e+01,8.443963469175042746e+01,8.320640467157643627e+01,8.338075788162799995e+01,8.870511813863869577e+01
1.200000000000000000e+02,1.200000000000000000e+02,1.200000000000000000e+02,1.200000000000000000e+02,1.200000000000000000e+02,1.200000000000000000e+02,1.200000000000000000e+02,1.200000000000000000e+02,1.200000000000000000e+02,1.200000000000000000e+02,1.085512292474001015e+02,1.085512230219392080e+02,1.085512247079719117e+02,1.085512315603895672e+02,1.085512361612062477e+02,1.085512418151869980e+02,1.085510347093310628e+02,1.085470570665241326e+02,1.084767308233793699e+02,1.072386652948889179e+02,8.645473415444199361e+01,8.443963313058819153e+01,8.320640528364994282e+01,8.338075868939691304e+01,8.870511717730147438e+01
1.200000000000000000e+02,1.200000000000000000e+02,1.200000000000000000e+02,1.200000000000000000e+02,1.200000000000000000e+02,1.200000000000000000e+02,1.200000000000000000e+02,1.200000000000000000e+02,1.200000000000000000e+02,1.200000000000000000e+02,1.085512204318150253e+02,1.085512174914402550e+02,1.085512195646913227e+02,1.085512271333687977e+02,1.085512386725316105e+02,1.085512372775454821e+02,1.085510351838279632e+02,1.085470555025273995e+02,1.084767289438693467e+02,1.072386675528268825e+02,8.645472957011772053e+01,8.443963632214098425e+01,8.320640343611017897e+01,8.338075903897937735e+01,8.870511765831869866e+01
1.200000000000000000e+02,1.200000000000000000e+02,1.200000000000000000e+02,1.200000000000000000e+02,1.200000000000000000e+02,1.200000000000000000e+02,1.200000000000000000e+02,1.200000000000000000e+02,1.200000000000000000e+02,1.200000000000000000e+02,1.085512130545193088e+02,1.085512083088291320e+02,1.085512146481838158e+02,1.085512222691209701e+02,1.085512343391413594e+02,1.085512396559464889e+02,1.085510308214037138e+02,1.085470563348364408e+02,1.084767275432532756e+02,1.072386662181990431e+02,8.645473296570169452e+01,8.443963307421019238e+01,8.320640586300469010e+01,8.338075755626110208e+01,8.870511784526513566e+01
1.200000000000000000e+02,1.200000000000000000e+02,1.200000000000000000e+02,1.200000000000000000e+02,1.200000000000000000e+02,1.200000000000000000e+02,1.200000000000000000e+02,1.200000000000000000e+02,1.200000000000000000e+02,1.200000000000000000e+02,1.085512018499030802e+02,1.085512036183333322e+02,1.085512057049121211e+02,1.085512182575036348e+02,1.085512299700826162e+02,1.085512356213020126e+02,1.085510330889021446e+02,1.085470522430164948e+02,1.084767286860794968e+02,1.072386648154882067e+02,8.645473183032754605e+01,8.443963500115636123e+01,8.320640367487948197e+01,8.338075936949505262e+01,8.870511671507830442e+01
1.200000000000000000e+02,1.200000000000000000e+02,1.200000000000000000e+02,1.200000000000000000e+02,1.200000000000000000e+02,1.200000000000000000e+02,1.200000000000000000e+02,1.200000000000000000e+02,1.200000000000000000e+02,1.200000000000000000e+02,1.085511875128756429e+02,1.085511932046506871e+02,1.085512028586317257e+02,1.085512098681641646e+02,1.085512269527852425e+02,1.085512318320570415e+02,1.085510294778652991e+02,1.085470544258755012e+02,1.084767249328666594e+02,1.072386663055902432e+02,8.645472918046638711e+01,8.443963469175041325e+01,8.320640467157642206e+01,8.338075788162799995e+01,8.870511813863868156e+01
1.200000000000000000e+02,1.200000000000000000e+02,1.200000000000000000e+02,1.200000000000000000e+02,1.200000000000000000e+02,1.200000000000000000e+02,1.200000000000000000e+02,1.200000000000000000e+02,1.200000000000000000e+02,1.200000000000000000e+02,1.085512292474001015e+02,1.085512230219391938e+02,1.085512247079719117e+02,1.085512315603895814e+02,1.085512361612062477e+02,1.085512418151869838e+02,1.085510347093310628e+02,1.085470570665241468e+02,1.084767308233793699e+02,1.072386652948889036e+02,8.645473415444202203e+01,8.443963313058819153e+01,8.320640528364992861e+01,8.338075868939691304e+01,8.870511717730150281e+01
1.200000000000000000e+02,1.200000000000000000e+02,1.200000000000000000e+02,1.200000000000000000e+02,1.200000000000000000e+02,1.200000000000000000e+02,1.200000000000000000e+02,1.200000000000000000e+02,1.200000000000000000e+02,1.200000000000000000e+02,1.085512204318150253e+02,1.085512174914402408e+02,1.085512195646913369e+02,1.085512271333687977e+02,1.085512386725316247e+02,1.085512372775454963e+02,1.085510351838279632e+02,1.085470555025274138e+02,1.084767289438693467e+02,1.072386675528268967e+02,8.645472957011767789e+01,8.443963632214102688e+01,8.320640343611015055e+01,8.338075903897936314e+01,8.870511765831871287e+01
1.200000000000000000e+02,1.200000000000000000e+02,1.200000000000000000e+02,1.200000000000000000e+02,1.200000000000000000e+02,1.200000000000000000e+02,1.200000000000000000e+02,1.200000000000000000e+02,1.200000000000000000e+02,1.200000000000000000e+02,1.085512130545193372e+02,1.085512083088291178e+02,1.085512146481838300e+02,1.085512222691209558e+02,1.085512343391413594e+02,1.085512396559464889e+02,1.085510308214037138e+02,1.085470563348364550e+02,1.084767275432532756e+02,1.072386662181990289e+02,8.645473296570169452e+01,8.443963307421017817e+01,8.320640586300469010e+01,8.338075755626107366e+01,8.870511784526513566e+01
1.200000000000000000e+02,1.200000000000000000e+02,1.200000000000000000e+02,1.200000000000000000e+02,1.200000000000000000e+02,1.200000000000000000e+02,1.200000000000000000e+02,1.200000000000000000e+02,1.200000000000000000e+02,1.200000000000000000e+02,1.085512018499030518e+02,1.085512036183333464e+02,1.085512057049121211e+02,1.085512182575036348e+02,1.085512299700826020e+02,1.085512356213020126e+02,1.085510330889021446e+02,1.085470522430164948e+02,1.084767286860794826e+02,1.072386648154881925e+02,8.645473183032756026e+01,8.443963500115637544e+01,8.320640367487946776e+01,8.338075936949506684e+01,8.870511671507830442e+01
1.200000000000000000e+02,1.200000000000000000e+02,1.200000000000000000e+02,1.200000000000000000e+02,1.200000000000000000e+02,1.200000000000000000e+02,1.200000000000000000e+02,1.200000000000000000e+02,1.200000000000000000e+02,1.200000000000000000e+02,1.085511875128756429e+02,1.085511932046506729e+02,1.085512028586317257e+02,1.085512098681641646e+02,1.085512269527852567e+02,1.085512318320570273e+02,1.085510294778653133e+02,1.085470544258755012e+02,1.084767249328666452e+02,1.072386663055902289e+02,8.645472918046638711e+01,8.443963469175042746e+01,8.320640467157642206e+01,8.338075788162798574e+01,8.870511813863869577e+01
1.200000000000000000e+02,1.200000000000000000e+02,1.200000000000000000e+02,1.200000000000000000e+02,1.200000000000000000e+02,1.200000000000000000e+02,1.200000000000000000e+02,1.200000000000000000e+02,1.200000000000000000e+02,1.200000000000000000e+02,1.085512291714448878e+02,1.085512229640049355e+02,1.085512246648851686e+02,1.085512315284868805e+02,1.085512361377888340e+02,1.085512417983089790e+02,1.085510346974435691e+02,1.085470570583864713e+02,1.084767308180074394e+02,1.072386652916891023e+02,8.645473415254669192e+01,8.443963312941474442e+01,8.320640528293809268e+01,8.338075868893746190e+01,8.870511717689042541e+01
1.200000000000000000e+02,1.200000000000000000e+02,1.200000000000000000e+02,1.200000000000000000e+02,1.200000000000000000e+02,1.200000000000000000e+02,1.200000000000000000e+02,1.200000000000000000e+02,1.200000000000000000e+02,1.200000000000000000e+02,1.085512203418586807e+02,1.085512174235967535e+02,1.085512195134141109e+02,1.085512270954612859e+02,1.085512386448053661e+02,1.085512372575434483e+02,1.085510351697243863e+02,1.085470554928726727e+02,1.084767289374993595e+02,1.072386675490324563e+02,8.645472956786969121e+01,8.443963632074904524e+01,8.320640343526541471e+01,8.338075903843390790e+01,8.870511765783052738e+01
1.200000000000000000e+02,1.200000000000000000e+02,1.200000000000000000e+02,1.200000000000000000e+02,1.200000000000000000e+02,1.200000000000000000e+02,1.200000000000000000e+02,1.200000000000000000e+02,1.200000000000000000e+02,1.200000000000000000e+02,1.085512129409971180e+02,1.085512082292050309e+02,1.085512145887970945e+02,1.085512222247485710e+02,1.085512343066810814e+02,1.085512396326168982e+02,1.085510308049804564e+02,1.085470563236031296e+02,1.084767275358559004e+02,1.072386662138140991e+02,8.645473296320152201e+01,8.443963307265978813e+01,8.320640586207247225e+01,8.338075755565522229e+01,8.870511784470171790e+01
1.200000000000000000e+02,1.200000000000000000e+02,1.200000000000000000e+02,1.200000000000000000e+02,1.200000000000000000e+02,1.200000000000000000e+02,1.200000000000000000e+02,1.200000000000000000e+02,1.200000000000000000e+02,1.200000000000000000e+02,1.085512017196180210e+02,1.085512035156791910e+02,1.085512056355774035e+02,1.085512182064673681e+02,1.085512299325359891e+02,1.085512355942951359e+02,1.085510330699713961e+02,1.085470522301259706e+02,1.084767286776252320e+02,1.072386648105111107e+02,8.645473182776704846e+01,8.443963499957294516e+01,8.320640367392373093e+01,8.338075936887562989e+01,8.870511671447172830e+01
1.200000000000000000e+02,1.200000000000000000e+02,1.200000000000000000e+02,1.200000000000000000e+02,1.200000000000000000e+02,1.200000000000000000e+02,1.200000000000000000e+02,1.200000000000000000e+02,1.200000000000000000e+02,1.200000000000000000e+02,1.085511873568953263e+02,1.085511930866257586e+02,1.085512027679777276e+02,1.085512098088109667e+02,1.085512269098196043e+02,1.085512318011239898e+02,1.085510294561790658e+02,1.085470544111918514e+02,1.084767249233171356e+02,1.072386663000483935e+02,8.645472917800753976e+01,8.443963469033698743e+01,8.320640467072209390e+01,8.338075788105265929e+01,8.870511813801897461e+01
1.200000000000000000e+02,1.200000000000000000e+02,1.200000000000000000e+02,1.200000000000000000e+02,1.200000000000000000e+02,1.200000000000000000e+02,1.200000000000000000e+02,1.200000000000000000e+02,1.200000000000000000e+02,1.200000000000000000e+02,1.085512292317136769e+02,1.085512230076082858e+02,1.085512246993147016e+02,1.085512315542316912e+02,1.085512361640657417e+02,1.085512418177000313e+02,1.085510347113607423e+02,1.085470570681556524e+02,1.084767308246993878e+02,1.072386652959815194e+02,8.645473415659384386e+01,8.443963313213146193e+01,8.320640528468470620e+01,8.338075869000955720e+01,8.870511717763233150e+01
1.200000000000000000e+02,1.200000000000000000e+02,1.200000000000000000e+02,1.200000000000000000e+02,1.200000000000000000e+02,1.200000000000000000e+02,1.200000000000000000e+02,1.200000000000000000e+02,1.200000000000000000e+02,1.200000000000000000e+02,1.085512204139549652e+02,1.085512174748931642e+02,1.085512195526012817e+02,1.085512271280001926e+02,1.085512386690912194e+02,1.085512372820630134e+02,1.085510351876291963e+02,1.085470555055446766e+02,1.084767289462453874e+02,1.072386675547832624e+02,8.645472957380040668e+01,8.443963632476268799e+01,8.320640343788465998e+01,8.338075904009892270e+01,8.870511765892038625e+01
1.200000000000000000e+02,1.200000000000000000e+02,1.200000000000000000e+02,1.200000000000000000e+02,1.200000000000000000e+02,1.200000000000000000e+02,1.200000000000000000e+02,1.200000000000000000e+02,1.200000000000000000e+02,1.200000000000000000e+02,1.085512130392886689e+02,1.085512082867948465e+02,1.085512146319256175e+02,1.085512222591866589e+02,1.085512343362839829e+02,1.085512396543956299e+02,1.085510308267110844e+02,1.085470563392478311e+02,1.084767275467435041e+02,1.072386662210986117e+02,8.645473297113663591e+01,8.443963307814554753e+01,8.320640586565158969e+01,8.338075755795550492e+01,8.870511784623541018e+01
1.200000000000000000e+02,1.200000000000000000e+02,1.200000000000000000e+02,1.200000000000000000e+02,1.200000000000000000e+02,1.200000000000000000e+02,1.200000000000000000e+02,1.200000000000000000e+02,1.200000000000000000e+02,1.200000000000000000e+02,1.085512018359369648e+02,1.085512036047424118e+02,1.085512056817275948e+02,1.085512182423532295e+02,1.085512299622661487e+02,1.085512356204825437e+02,1.085510330887718027e+02,1.085470522486543956e+02,1.084767286907506190e+02,1.072386648194905092e+02,8.645473183768611136e+01,8.443963500656766996e+01,8.320640367859323305e+01,8.338075937185416819e+01,8.870511671641452267e+01
1.200000000000000000e+02,1.200000000000000000e+02,1.200000000000000000e+02,1.200000000000000000e+02,1.200000000000000000e+02,1.200000000000000000e+02,1.200000000000000000e+02,1.200000000000000000e+02,1.200000000000000000e+02,1.200000000000000000e+02,1.085511874978260778e+02,1.085511931909471741e+02,1.085512028466944798e+02,1.085512098457843990e+02,1.085512269392699807e+02,1.085512318262787090e+02,1.085510294787424499e+02,1.085470544268712274e+02,1.084767249386175223e+02,1.072386663108191698e+02,8.645472919022297731e+01,8.443963469878178785e+01,8.320640467647653793e+01,8.338075788480200856e+01,8.870511814039524268e+01
1.200000000000000000e+02,1.200000000000000000e+02,1.200000000000000000e+02,1.200000000000000000e+02,1.200000000000000000e+02,1.200000000000000000e+02,1.200000000000000000e+02,1.200000000000000000e+02,1.200000000000000000e+02,1.200000000000000000e+02,1.085512292445744862e+02,1.085512230163523384e+02,1.085512247022054027e+02,1.085512315576732334e+02,1.085512361460803277e+02,1.085512418070574228e+02,1.085510347079398485e+02,1.085470570705634401e+02,1.084767308264614485e+02,1.072386653019729863e+02,8.645473416737581829e+01,8.443963313995745068e+01,8.320640529000030483e+01,8.338075869356086400e+01,8.870511717965786147e+01
1.200000000000000000e+02,1.200000000000000000e+02,1.200000000000000000e+02,1.200000000000000000e+02,1.200000000000000000e+02,1.200000000000000000e+02,1.200000000000000000e+02,1.200000000000000000e+02,1.200000000000000000e+02,1.200000000000000000e+02,1.085512204285058857e+02,1.085512174884447631e+02,1.085512195577652079e+02,1.085512271266769488e+02,1.085512386700314238e+02,1.085512372643823227e+02,1.085510351772691990e+02,1.085470555023801609e+02,1.084767289486998294e+02,1.072386675571861474e+02,8.645472958598627145e+01,8.443963633405394376e+01,8.320640344420078804e+01,8.338075904413963713e+01,8.870511766123890141e+01
1.200000000000000000e+02,1.200000000000000000e+02,1.200000000000000000e+02,1.200000000000000000e+02,1.200000000000000000e+02,1.200000000000000000e+02,1.200000000000000000e+02,1.200000000000000000e+02,1.200000000000000000e+02,1.200000000000000000e+02,1.085512130519720273e+02,1.085512083048077585e+02,1.085512146451847997e+02,1.085512222611686894e+02,1.085512343315667749e+02,1.085512396536499864e+02,1.085510308104411621e+02,1.085470563298307241e+02,1.084767275442093108e+02,1.072386662243899735e+02,8.645473297790621814e+01,8.443963308882939600e+01,8.320640587319336134e+01,8.338075756273697436e+01,8.870511784879693096e+01
1.200000000000000000e+02,1.200000000000000000e+02,1.200000000000000000e+02,1.200000000000000000e+02,1.200000000000000000e+02,1.200000000000000000e+02,1.200000000000000000e+02,1.200000000000000000e+02,1.200000000000000000e+02,1.200000000000000000e+02,1.085512018471128783e+02,1.085512036153856457e+02,1.085512057002622583e+02,1.085512182545982824e+02,1.085512299614794216e+02,1.085512356130639375e+02,1.085510330868511915e+02,1.085470522343032940e+02,1.084767286825963026e+02,1.072386648183824036e+02,8.645473184632119512e+01,8.443963501396605409e+01,8.320640368736007986e+01,8.338075937756607914e+01,8.870511671944215948e+01
1.200000000000000000e+02,1.200000000000000000e+02,1.200000000000000000e+02,1.200000000000000000e+02,1.200000000000000000e+02,1.200000000000000000e+02,1.200000000000000000e+02,1.200000000000000000e+02,1.200000000000000000e+02,1.200000000000000000e+02,1.085511875103034356e+02,1.085511932017798244e+02,1.085512028552619910e+02,1.085512098629003219e+02,1.085512269500181333e+02,1.085512318231924667e+02,1.085510294692717395e+02,1.085470544241358795e+02,1.084767249263513378e+02,1.072386663041727104e+02,8.645472919154576630e+01,8.443963470818025030e+01,8.320640468345776242e+01,8.338075789146850525e+01,8.870511814400921935e+01
1.200000000000000000e+02,1.200000000000000000e+02,1.200000000000000000e+02,1.200000000000000000e+02,1.200000000000000000e+02,1.200000000000000000e+02,1.200000000000000000e+02,1.200000000000000000e+02,1.200000000000000000e+02,1.200000000000000000e+02,1.085512291716519258e+02,1.085512229592953730e+02,1.085512246615515153e+02,1.085512315246197517e+02,1.085512361313684977e+02,1.085512417952667761e+02,1.085510346884205006e+02,1.085470570495631222e+02,1.084767308165237978e+02,1.072386652876376019e+02,8.645473415516485716e+01,8.443963314304791368e+01,8.320640529817508479e+01,8.338075869875389401e+01,8.870511718336784668e+01
1.200000000000000000e+02,1.200000000000000000e+02,1.200000000000000000e+02,1.200000000000000000e+02,1.200000000000000000e+02,1.200000000000000000e+02,1.200000000000000000e+02,1.200000000000000000e+02,1.200000000000000000e+02,1.200000000000000000e+02,1.085512203399215849e+02,1.085512174229438216e+02,1.085512195088077334e+02,1.085512270919007989e+02,1.085512386404545850e+02,1.085512372506329086e+02,1.085510351668847591e+02,1.085470554843028737e+02,1.084767289290323902e+02,1.072386675484163874e+02,8.645472956613349425e+01,8.443963632793379759e+01,8.320640344937281441e+01,8.338075905121139897e+01,8.870511766429640943e+01
1.200000000000000000e+02,1.200000000000000000e+02,1.200000000000000000e+02,1.200000000000000000e+02,1.200000000000000000e+02,1.200000000000000000e+02,1.200000000000000000e+02,1.200000000000000000e+02,1.200000000000000000e+02,1.200000000000000000e+02,1.085512129348378068e+02,1.085512082261531788e+02,1.085512145874674133e+02,1.085512222201735568e+02,1.085512343029894993e+02,1.085512396278964928e+02,1.085510307976310003e+02,1.085470563209837991e+02,1.084767275280037779e+02,1.072386662060772267e+02,8.645473296552319198e+01,8.443963307712979827e+01,8.320640587188165682e+01,8.338075756823781148e+01,8.870511785350031175e+01
1.200000000000000000e+02,1.200000000000000000e+02,1.200000000000000000e+02,1.200000000000000000e+02,1.200000000000000000e+02,1.200000000000000000e+02,1.200000000000000000e+02,1.200000000000000000e+02,1.200000000000000000e+02,1.200000000000000000e+02,1.085512017270717848e+02,1.085512035104167552e+02,1.085512056315790375e+02,1.085512182045712848e+02,1.085512299279206445e+02,1.085512355905763684e+02,1.085510330650275108e+02,1.085470522224287038e+02,1.084767286752353357e+02,1.072386648030842622e+02,8.645473181576406319e+01,8.443963500592998628e+01,8.320640368268813347e+01,8.338075937890469902e+01,8.870511672311646123e+01
1.200000000000000000e+02,1.200000000000000000e+02,1.200000000000000000e+02,1.200000000000000000e+02,1.200000000000000000e+02,1.200000000000000000e+02,1.200000000000000000e+02,1.200000000000000000e+02,1.200000000000000000e+02,1.200000000000000000e+02,1.085511873543180599e+02,1.085511930920531114e+02,1.085512027635032837e+02,1.085512098040980220e+02,1.085512269074430520e+02,1.085512317964062703e+02,1.085510294525318500e+02,1.085470544061906679e+02,1.084767249153949820e+02,1.072386662977262404e+02,8.645472916489548254e+01,8.443963468423180529e+01,8.320640468048686955e+01,8.338075789135474736e+01,8.870511814523121075e+01
1.200000000000000000e+02,1.200000000000000000e+02,1.200000000000000000e+02,1.200000000000000000e+02,1.200000000000000000e+02,1.200000000000000000e+02,1.200000000000000000e+02,1.200000000000000000e+02,1.200000000000000000e+02,1.200000000000000000e+02,1.085512292245852990e+02,1.085512230013430326e+02,1.085512246937984173e+02,1.085512315488373503e+02,1.085512361576443681e+02,1.085512418131177697e+02,1.085510347054755016e+02,1.085470570639957231e+02,1.084767308192520261e+02,1.072386652872272492e+02,8.645473415271554529e+01,8.443963312373315944e+01,8.320640528425637683e+01,8.338075870103745046e+01,8.870511718569713366e+01
1.200000000000000000e+02,1.200000000000000000e+02,1.200000000000000000e+02,1.200000000000000000e+02,1.200000000000000000e+02,1.200000000000000000e+02,1.200000000000000000e+02,1.200000000000000000e+02,1.200000000000000000e+02,1.200000000000000000e+02,1.085512204024966110e+02,1.085512174685280513e+02,1.085512195450160533e+02,1.085512271230394674e+02,1.085512386640712492e+02,1.085512372755962502e+02,1.085510351832080005e+02,1.085470554996372670e+02,1.084767289423860461e+02,1.072386675487401391e+02,8.645472955697464101e+01,8.443963632325134938e+01,8.320640343520733495e+01,8.338075904343359923e+01,8.870511766758460226e+01
1.200000000000000000e+02,1.200000000000000000e+02,1.200000000000000000e+02,1.200000000000000000e+02,1.200000000000000000e+02,1.200000000000000000e+02,1.200000000000000000e+02,1.200000000000000000e+02,1.200000000000000000e+02,1.200000000000000000e+02,1.085512130364605810e+02,1.085512082775132967e+02,1.085512146262553159e+02,1.085512222508843365e+02,1.085512343316897841e+02,1.085512396497176439e+02,1.085510308204296024e+02,1.085470563350527442e+02,1.084767275408222957e+02,1.072386662172900742e+02,8.645473295799881441e+01,8.443963306453761675e+01,8.320640586766663205e+01,8.338075755972809588e+01,8.870511784932543264e+01
1.200000000000000000e+02,1.200000000000000000e+02,1.200000000000000000e+02,1.200000000000000000e+02,1.200000000000000000e+02,1.200000000000000000e+02,1.200000000000000000e+02,1.200000000000000000e+02,1.200000000000000000e+02,1.200000000000000000e+02,1.085512018236635896e+02,1.085512036008938566e+02,1.085512056741335698e+02,1.085512182373620362e+02,1.085512299536678569e+02,1.085512356161319047e+02,1.085510330844211069e+02,1.085470522427430211e+02,1.084767286867972729e+02,1.072386648130025577e+02,8.645473183068997969e+01,8.443963499431384889e+01,8.320640366975567304e+01,8.338075937680116567e+01,8.870511671916749208e+01
1.200000000000000000e+02,1.200000000000000000e+02,1.200000000000000000e+02,1.200000000000000000e+02,1.200000000000000000e+02,1.200000000000000000e+02,1.200000000000000000e+02,1.200000000000000000e+02,1.200000000000000000e+02,1.200000000000000000e+02,1.085511874750351780e+02,1.085511931778410997e+02,1.085512028419079655e+02,1.085512098394010252e+02,1.085512269349483176e+02,1.085512318177023303e+02,1.085510294745827338e+02,1.085470544228483760e+02,1.084767249332031867e+02,1.072386663064649781e+02,8.645472917688350378e+01,8.443963469222011042e+01,8.320640466736938379e+01,8.338075788040978864e+01,8.870511814527809236e+01
1.200000000000000000e+02,1.200000000000000000e+02,1.200000000000000000e+02,1.200000000000000000e+02,1.200000000000000000e+02,1.200000000000000000e+02,1.200000000000000000e+02,1.200000000000000000e+02,1.200000000000000000e+02,1.200000000000000000e+02,1.085512292329811999e+02,1.085512230086489041e+02,1.085512246938823324e+02,1.085512315508997716e+02,1.085512361408825370e+02,1.085512418046095462e+02,1.085510347004482270e+02,1.085470570670000114e+02,1.084767308231928808e+02,1.072386652972838732e+02,8.645473415821041385e+01,8.443963312690245004e+01,8.320640528554440607e+01,8.338075868840820704e+01,8.870511717717229772e+01
1.200000000000000000e+02,1.200000000000000000e+02,1.200000000000000000e+02,1.200000000000000000e+02,1.200000000000000000e+02,1.200000000000000000e+02,1.200000000000000000e+02,1.200000000000000000e+02,1.200000000000000000e+02,1.200000000000000000e+02,1.085512204133056287e+02,1.085512174778257872e+02,1.085512195513630900e+02,1.085512271188772360e+02,1.085512386635907234e+02,1.085512372594499482e+02,1.085510351751471916e+02,1.085470554953744511e+02,1.084767289453661192e+02,1.072386675536514815e+02,8.645472957757465338e+01,8.443963632351666604e+01,8.320640343302436293e+01,8.338075904226614909e+01,8.870511765873474985e+01
1.200000000000000000e+02,1.200000000000000000e+02,1.200000000000000000e+02,1.200000000000000000e+02,1.200000000000000000e+02,1.200000000000000000e+02,1.200000000000000000e+02,1.200000000000000000e+02,1.200000000000000000e+02,1.200000000000000000e+02,1.085512130393324242e+02,1.085512082909630891e+02,1.085512146354891030e+02,1.085512222557130144e+02,1.085512343245508191e+02,1.085512396475642589e+02,1.085510308057311590e+02,1.085470563280272529e+02,1.084767275377953837e+02,1.072386662210193862e+02,8.645473297081429109e+01,8.443963307998764378e+01,8.320640586307700914e+01,8.338075755432963376e+01,8.870511784829592727e+01
1.200000000000000000e+02,1.200000000000000000e+02,1.200000000000000000e+02,1.200000000000000000e+02,1.200000000000000000e+02,1.200000000000000000e+02,1.200000000000000000e+02,1.200000000000000000e+02,1.200000000000000000e+02,1.200000000000000000e+02,1.085512018285445635e+02,1.085512036036705581e+02,1.085512056879244795e+02,1.085512182457780028e+02,1.085512299567182879e+02,1.085512356069518489e+02,1.085510330811606963e+02,1.085470522298360976e+02,1.084767286811101883e+02,1.072386648124141004e+02,8.645473184013297896e+01,8.443963500515641840e+01,8.320640367906634083e+01,8.338075936930839305e+01,8.870511671331726689e+01
1.200000000000000000e+02,1.200000000000000000e+02,1.200000000000000000e+02,1.200000000000000000e+02,1.200000000000000000e+02,1.200000000000000000e+02,1.200000000000000000e+02,1.200000000000000000e+02,1.200000000000000000e+02,1.200000000000000000e+02,1.085511874839366300e+02,1.085511931840237168e+02,1.085512028446762969e+02,1.085512098520733844e+02,1.085512269420367346e+02,1.085512318189601899e+02,1.085510294641022142e+02,1.085470544188959252e+02,1.084767249221838341e+02,1.072386663027881042e+02,8.645472918155488173e+01,8.443963470019386364e+01,8.320640467409069174e+01,8.338075788464500704e+01,8.870511813822524516e+01
1.200000000000000000e+02,1.200000000000000000e+02,1.200000000000000000e+02,1.200000000000000000e+02,1.200000000000000000e+02,1.200000000000000000e+02,1.200000000000000000e+02,1.200000000000000000e+02,1.200000000000000000e+02,1.200000000000000000e+02,1.085512292416501197e+02,1.085512230171179908e+02,1.085512247023381320e+02,1.085512315551166438e+02,1.085512361520050035e+02,1.085512418100408212e+02,1.085510346998144655e+02,1.085470570554752641e+02,1.084767308184698464e+02,1.072386652878157633e+02,8.645473415574657849e+01,8.443963313398026571e+01,8.320640528995269847e+01,8.338075869044558885e+01,8.870511717849942102e+01
1.200000000000000000e+02,1.200000000000000000e+02,1.200000000000000000e+02,1.200000000000000000e+02,1.200000000000000000e+02,1.200000000000000000e+02,1.200000000000000000e+02,1.200000000000000000e+02,1.200000000000000000e+02,1.200000000000000000e+02,1.085512204259344600e+02,1.085512174855600023e+02,1.085512195597290486e+02,1.085512271276330551e+02,1.085512386673149905e+02,1.085512372680666147e+02,1.085510351787611967e+02,1.085470554932360443e+02,1.084767289336152345e+02,1.072386675486565792e+02,8.645472956359763828e+01,8.443963632539953323e+01,8.320640343969462549e+01,8.338075904286417028e+01,8.870511765711707142e+01
1.200000000000000000e+02,1.200000000000000000e+02,1.200000000000000000e+02,1.200000000000000000e+02,1.200000000000000000e+02,1.200000000000000000e+02,1.200000000000000000e+02,1.200000000000000000e+02,1.200000000000000000e+02,1.200000000000000000e+02,1.085512130526252008e+02,1.085512083024603953e+02,1.085512146423414350e+02,1.085512222638857907e+02,1.085512343333304131e+02,1.085512396507094905e+02,1.085510308116768101e+02,1.085470563298583926e+02,1.084767275344364208e+02,1.072386662090590761e+02,8.645473296139775243e+01,8.443963307246397676e+01,8.320640586666661420e+01,8.338075755841622083e+01,8.870511784613492523e+01
1.200000000000000000e+02,1.200000000000000000e+02,1.200000000000000000e+02,1.200000000000000000e+02,1.200000000000000000e+02,1.200000000000000000e+02,1.200000000000000000e+02,1.200000000000000000e+02,1.200000000000000000e+02,1.200000000000000000e+02,1.085512018436901371e+02,1.085512036154009508e+02,1.085512056984692038e+02,1.085512182518357065e+02,1.085512299645433529e+02,1.085512356154670641e+02,1.085510330836576145e+02,1.085470522331760748e+02,1.084767286812703020e+02,1.072386648069414150e+02,8.645473181682636721e+01,8.443963499945334661e+01,8.320640367582150532e+01,8.338075937172078511e+01,8.870511671220126004e+01
1.200000000000000000e+02,1.200000000000000000e+02,1.200000000000000000e+02,1.200000000000000000e+02,1.200000000000000000e+02,1.200000000000000000e+02,1.200000000000000000e+02,1.200000000000000000e+02,1.200000000000000000e+02,1.200000000000000000e+02,1.085511875072603800e+02,1.085511931979267644e+02,1.085512028550159158e+02,1.085512098618378047e+02,1.085512269473984901e+02,1.085512318262610876e+02,1.085510294720890698e+02,1.085470544207095287e+02,1.084767249231165920e+02,1.072386663007774246e+02,8.645472916589947943e+01,8.443963468259876493e+01,8.320640467185673117e+01,8.338075788248183073e+01,8.870511813470946549e+01
