0,1,2,3,4,5,6,7,8,9,10,11,12,13,14,15,16,17,18,19,20,21,22,23,24
120.0,120.0,120.0,120.0,120.0,120.0,120.0,120.0,120.0,120.0,105.33447273717825,105.33452686625624,105.33457312717451,105.33461051502894,105.33464388360055,105.33467833217377,105.3347034206445,105.3347204634514,105.33474835281446,105.33474587747298,105.33468852550656,105.33441314496572,105.33429128356045,105.33395767659317,105.33311650556743
120.0,120.0,120.0,120.0,120.0,120.0,120.0,120.0,120.0,120.0,105.33444004471635,105.33449945324763,105.33454995681943,105.33459406627993,105.33462964084312,105.33466188162235,105.33469628219011,105.33471955564542,105.33473532812356,105.33476232057221,92.7841392480797,105.33458824883364,105.33426046827746,105.33401647394679,105.33297499547
120.0,120.0,120.0,120.0,120.0,120.0,120.0,120.0,120.0,120.0,105.33436650517167,105.33447288490424,105.33452749971585,105.33457471551719,105.33461725331827,105.33465191116004,105.33468307081924,105.3347171143653,105.33473958262847,105.3347627750789,87.50361566134765,96.82726116775189,105.33443270955246,105.33395580945133,106.53350242553296
120.0,120.0,120.0,120.0,120.0,120.0,120.0,120.0,120.0,120.0,105.33431568691331,105.33438982927824,105.3345058280601,105.33455655533622,105.33460113909709,105.33464284104045,105.33467740417056,105.33470778682072,105.33474143035595,104.57592649594488,86.85617354987309,90.74392505864667,99.33701865890757,105.33414599592538,106.46553585799609
120.0,120.0,120.0,120.0,120.0,120.0,120.0,120.0,120.0,120.0,105.33425854550468,105.33434163656001,105.33442377907896,105.33453914192111,105.33458710666126,105.33462989751257,105.3346714731833,105.33470673064366,105.33473719524083,104.18796610873221,83.69424920540027,90.00246561255122,93.78528625376157,101.10913289484853,106.48466301252968
120.0,120.0,120.0,120.0,120.0,120.0,120.0,120.0,120.0,120.0,105.33435478764481,105.33441138617017,105.33446963803027,105.3345277540165,105.33462017984606,105.33465387458901,105.33468610361969,105.3347207771158,105.28720490562631,104.11338583156461,81.68935807813756,85.90537561150298,93.2378919350495,96.45256586049685,103.47415579242067
120.0,120.0,120.0,120.0,120.0,120.0,120.0,120.0,120.0,120.0,105.33431105811383,105.3343654848541,105.33444007720132,105.33450483636203,105.33456228188346,105.33464978356513,105.33468477112399,105.33471801897817,105.26336737739453,103.83984650855955,81.15068177893649,83.11221841097988,88.80938517239376,96.13860874522463,99.8722009531766
120.0,120.0,120.0,120.0,120.0,120.0,120.0,120.0,120.0,120.0,105.33427287875845,105.33432097967795,105.33439079259887,105.33447624746984,105.33454426169219,105.33459995804805,105.334682615803,105.33172983668743,105.25791380269385,103.64400934695988,79.91492120184014,82.25461525514666,85.74688939384502,91.76004856880779,99.88445481800305
120.0,120.0,120.0,120.0,120.0,120.0,120.0,120.0,120.0,120.0,105.33421549888182,105.3342910266708,105.33434875529866,105.33442597829506,105.33451788092589,105.3345877011305,105.33464174671485,105.33028221124228,105.23607057791105,103.57580871828542,78.89958685188475,80.3771999838898,84.7833027385572,88.8238272364958,95.9788571131059
120.0,120.0,120.0,120.0,120.0,120.0,120.0,120.0,120.0,120.0,105.33415155905163,105.3342363903435,105.33432422726361,105.33438846087586,105.33446873628691,105.33456442241402,105.33444747882814,105.3298590823914,105.22184994325978,103.45438287917679,78.4517359704425,78.79036605155179,82.4552648076244,87.93883461788529,93.92206331254563
120.0,120.0,120.0,120.0,120.0,120.0,120.0,120.0,120.0,120.0,105.33426311817058,105.3343122187826,105.334369680467,105.33443801370241,105.33448802295219,105.3345548014469,105.33436614306326,105.32819982580249,105.21662366860298,103.3484931991546,77.8512510282134,77.99882723274895,80.51317535465226,85.38561810996067,93.25213524818496
120.0,120.0,120.0,120.0,120.0,120.0,120.0,120.0,120.0,120.0,105.33421273852149,105.33427336861716,105.33433703423768,105.33440261076073,105.33447872361829,105.33452394688204,105.3343006871459,105.32718477803736,105.20642628944893,103.29476209904803,77.27961461795043,76.99022964958719,79.4964042086612,83.40156307813763,91.07923458560052
120.0,120.0,120.0,120.0,120.0,120.0,120.0,120.0,120.0,120.0,105.38150252126104,105.334221856076,105.33430066654833,105.33437227766214,105.33444319998404,105.33450906810067,105.33416228251556,105.3267582316396,105.19834940335856,103.23158241866349,76.93371798588686,76.01689531086704,78.15377749772675,82.343746600639,89.64410943114913
120.0,120.0,120.0,120.0,120.0,120.0,120.0,120.0,120.0,120.0,105.50972648375496,105.36881425856029,105.33425113148793,105.3343400592281,105.33441591165752,105.3344726863246,105.33408377119919,105.32591451356475,105.19422191674144,103.17102578871332,76.58563148837445,75.3689404583261,76.87085738248368,80.85158729159312,88.84541633085045
120.0,120.0,120.0,120.0,120.0,120.0,120.0,120.0,120.0,120.0,105.64366455823519,105.46630073386967,105.35955425664463,105.3342941461322,105.33438824366773,105.33444190289353,105.33402200745229,105.32530516020819,105.18896264420079,103.13152253169235,76.24101062960257,74.73030139560538,75.97927658567683,79.48287982523618,87.65244962924329
120.0,120.0,120.0,120.0,120.0,120.0,120.0,120.0,120.0,120.0,105.90296883935186,105.57060605039628,105.43326414445526,105.35287293408705,105.33439748294153,105.33445068028863,105.33396380658014,105.32498217907411,105.1842859493929,103.09374019985768,75.98608535447842,74.09848319706688,75.08569957955994,78.51971407782423,86.64268034027387
120.0,120.0,120.0,120.0,120.0,120.0,120.0,120.0,120.0,120.0,106.21404827104642,105.79274483083279,105.51347171833521,105.40812214264194,105.34794298109782,105.33441777548308,105.33390609879993,105.32454104107414,105.18126338552578,103.05696845522213,75.7570992147893,73.59852736588778,74.20633338176803,77.52955544194964,85.93314456257647
120.0,120.0,120.0,120.0,120.0,120.0,120.0,120.0,120.0,120.0,106.4964334175861,106.06671910591088,105.70161144492208,105.46929974064393,105.38916107858807,105.34432107761393,105.33385472987275,105.32417372272268,105.17821292373361,103.02872896727928,75.53480781553898,73.14747489002114,73.48885466028638,76.57166429807322,85.18310700949776
120.0,120.0,120.0,120.0,120.0,120.0,120.0,120.0,120.0,120.0,106.83352049115238,106.32527856281885,105.93877861583421,105.62699878577851,105.43543356253582,105.37490213493277,105.3410682399366,105.32392271597917,105.17536146663713,103.0037001219184,75.34974386509393,72.71206518365972,72.83266128629765,75.78641632289765,84.48100294551631
120.0,120.0,120.0,120.0,120.0,120.0,120.0,120.0,120.0,120.0,107.14437195181902,106.65300272037814,106.17138677484546,105.8291791799251,105.56642830699508,105.40962938866537,105.36361810782935,105.32898194996062,105.17320523571196,102.97985810628363,75.18745417767948,72.33406304465998,72.20081933327685,75.06110385157608,83.913132438844
120.0,120.0,120.0,120.0,120.0,120.0,120.0,120.0,120.0,120.0,107.401123395796,106.96274752761852,106.48388929057482,106.03529294032907,105.73647926011758,105.51761775946113,105.3895032859486,105.34536577256873,105.17514638378532,102.95970888887736,75.03458057100376,71.997220725325,71.64200195578142,74.36749254488625,83.3844261977547
120.0,120.0,120.0,120.0,120.0,120.0,120.0,120.0,120.0,120.0,107.64964986073151,107.22766672566695,106.78555644545992,106.32789430985966,105.91651614667602,105.65878950534574,105.47783714656431,105.36436711459585,105.1854777467218,102.94493155964857,74.89934965165632,71.68063779140884,71.13778507174247,73.75363504162223,82.88496948504735
120.0,120.0,120.0,120.0,120.0,120.0,120.0,120.0,120.0,120.0,107.84978860581042,107.49488684231433,107.05336119270159,106.61596818492445,106.18625559002592,105.8142078938051,105.5937216219559,105.43608834850004,105.1981409326949,102.93769539617819,74.78331385303773,71.39398227806865,70.66373680917191,73.19769021070468,82.44833086783835
120.0,120.0,120.0,120.0,120.0,120.0,120.0,120.0,120.0,120.0,108.00613681980587,107.71410030744876,107.3343918722472,106.88151181034999,106.4563642443795,106.05935837276247,105.72646059958333,105.53014188598661,105.25509537844756,102.93435811221225,74.6849313853655,71.13773834163565,70.23017747536399,72.6766481977498,82.0534790791922
120.0,120.0,120.0,120.0,120.0,120.0,120.0,120.0,120.0,120.0,108.14130307652245,107.89040055015245,107.5691893822296,107.17106237785457,106.71504884881041,106.30842296286235,105.94642074252094,105.64241046355914,105.33013123397028,102.97013437702509,74.60041015228884,70.90520536572922,69.83664358290652,72.20063849822951,81.6855290625503
120.0,120.0,120.0,120.0,120.0,120.0,120.0,120.0,120.0,120.0,108.2425081102608,108.04720263690318,107.76398490362273,107.41743017890732,107.00780747687642,106.55641878274818,106.17261790432694,105.83750592995064,105.4240357668402,103.02476572232538,74.58184845813796,70.6938310294283,69.47340115358574,71.76754232040659,81.35226083000067
120.0,120.0,120.0,120.0,120.0,120.0,120.0,120.0,120.0,120.0,108.31930210851378,108.1658683568283,107.94177342064408,107.62827633410598,107.26116948133746,106.84713598779308,106.40680999789025,106.04008419741592,105.59539728740086,103.10068549395005,74.605082869984,70.5372154666563,69.13808693543045,71.36689315407709,81.05031796854766
120.0,120.0,120.0,120.0,120.0,120.0,120.0,120.0,120.0,120.0,108.38125009355713,108.25813682256134,108.07825013435347,107.82595496053723,107.48529739174982,107.10303741010296,106.69086598126685,106.25839337409859,105.77553035446455,103.2541045502345,74.6733367037645,70.42042118345611,68.85055722388734,70.99657442675239,80.77183835645529
120.0,120.0,120.0,120.0,120.0,120.0,120.0,120.0,120.0,120.0,108.42574405443375,108.33398538647205,108.18699521906055,107.97987780297295,107.70091621625876,107.33715674149526,106.94495755534004,106.53189445749332,105.97779768213645,103.42626445464741,74.88394128878471,70.3447497201466,68.59938230513161,70.66749324402214,80.51545238493479
120.0,120.0,120.0,120.0,120.0,120.0,120.0,120.0,120.0,120.0,108.45908096673116,108.38894785385084,108.27804580273495,108.10570167996303,107.87132252271591,107.56810578509493,107.18553091166618,106.78039181615087,106.2394481951076,103.62939413160015,75.15933657772621,70.38220979224,68.38353864276718,70.36942405405485,80.28726734481336
120.0,120.0,120.0,120.0,120.0,120.0,120.0,120.0,120.0,120.0,108.48486914343063,108.43102563230362,108.34477383728834,108.21303135217869,108.01442070766844,107.75350349976094,107.42871717545306,107.02402502585082,106.48188141938451,103.90522367493871,75.51205495069502,70.48865050661104,68.25088459987118,70.09978429091994,80.07807228420958
120.0,120.0,120.0,120.0,120.0,120.0,120.0,120.0,120.0,120.0,108.24741495195211,108.46375617774746,108.3966911858177,108.29240481963474,108.13851536998685,107.9133953041477,107.6269881533914,107.2761372664141,106.72805496733271,104.1778752290115,76.03052374152756,70.67092093666321,68.17581518582072,69.88829702277803,79.8860583930363
120.0,120.0,120.0,120.0,120.0,120.0,120.0,120.0,120.0,120.0,107.71698211064012,108.29450894399581,108.43767762339728,108.35552851830906,108.23145066264395,108.05450754952614,107.80285568105134,107.48516474349462,106.98928039455923,104.4656773858006,76.59850669404699,71.00633088680699,68.16190033140964,69.71697520913013,79.72948791307562
120.0,120.0,120.0,120.0,120.0,120.0,120.0,120.0,120.0,120.0,107.57591943313534,107.87397293415339,108.32201994968004,108.40597001541728,108.30695059735109,108.16156594329426,107.96070951347588,107.67591290479228,107.2108277856091,104.78471858243257,77.22969141503098,71.42381970221831,68.26863665091042,69.58691491104534,79.59237470819579
120.0,120.0,120.0,120.0,120.0,120.0,120.0,120.0,120.0,120.0,106.68380325461055,107.75972921106306,107.99394268273736,108.33317793617877,108.36800015704247,108.25045212013951,108.08214927057517,107.8500476364534,107.41895629540737,105.07412726137684,77.96954168898482,71.9273740684748,68.45711650364554,69.53976861774115,79.47646801980264
120.0,120.0,120.0,120.0,120.0,120.0,120.0,120.0,120.0,120.0,106.10866120628673,106.95200328771476,107.90404747126999,108.08268177861927,108.33031597253458,108.3232116379704,108.18526561138158,107.98612971548953,107.61297525821323,105.35514023527715,78.70514018314508,72.56604167028203,68.73035675413583,69.55194805962982,79.40847142498745
120.0,120.0,120.0,120.0,120.0,120.0,120.0,120.0,120.0,120.0,105.77147728389238,106.44327044903683,107.18269093336374,108.0149100080529,108.14476846409507,108.31486745034246,108.27057091952652,108.10424122314741,107.7681498896507,105.62931351102603,79.4511833572359,73.26010994192414,69.13457228533403,69.62677114055018,79.36909271192248
120.0,120.0,120.0,120.0,120.0,120.0,120.0,120.0,120.0,120.0,104.92047881702449,106.11705108191212,106.73982178379612,107.37909386078474,108.09752656876147,108.18407030535917,108.28756371310223,108.20317834767711,107.9060711247113,105.86395912697114,80.21877184392153,74.00763344178986,69.62381766393166,69.80244905815064,79.36347259191206
120.0,120.0,120.0,120.0,120.0,120.0,120.0,120.0,120.0,120.0,104.4687186892168,105.27039067076772,106.42601885107982,106.999391633315,107.54419869469676,108.15603598526442,108.2032359758653,108.24290281031853,108.02381093271356,106.0785752817426,80.93158058494302,74.82387511604313,70.19508481321877,70.05360053827208,79.41788846368856
120.0,120.0,120.0,120.0,120.0,120.0,120.0,120.0,120.0,120.0,104.09701226656965,104.84428856336704,105.59805618798099,106.69957933631972,107.22372553847413,107.68076023564082,108.19339104210266,108.19868909195962,108.08854155744643,106.27122976599169,81.60803665418764,75.641907461085,70.86836086581103,70.38164013158479,79.51435503414997
120.0,120.0,120.0,120.0,120.0,120.0,120.0,120.0,120.0,120.0,103.5042265191751,104.45925820026348,105.20342466660091,105.90235535738209,106.93962866494542,107.41498784713392,107.79098133370273,108.20653196494183,108.08295964597285,106.41033562779941,82.24746031590865,76.4593177092625,71.5975082759113,70.80904191422184,79.65863458963506
120.0,120.0,120.0,120.0,120.0,120.0,120.0,120.0,120.0,120.0,103.16842024704985,103.8337397385836,104.80727618149298,105.54249331239392,106.18257033331666,107.14819708305917,107.57505840513284,107.87155170649903,108.11124951316332,106.48284505488165,82.78474596588406,77.27389128533689,72.37328725057918,71.30910528565809,79.86858353506078
120.0,120.0,120.0,120.0,120.0,120.0,120.0,120.0,120.0,120.0,102.86578954894459,103.49683768549659,104.15977098242298,105.13785629939991,105.85911274291084,106.43860280675665,107.32727164774433,107.70095663386718,107.84099536361724,106.56891318109972,83.19209900579584,78.02640594838259,73.19422798259806,71.8772742503563,80.12782804582656
120.0,120.0,120.0,120.0,120.0,120.0,120.0,120.0,120.0,120.0,102.49547643507303,103.16840449748918,103.82842557297562,104.4789970321186,105.44875852591716,106.15164837259582,106.67026953471037,107.47383708864616,107.71261584376897,106.38788941579222,83.58603342577604,78.68705362309578,74.01231999982276,72.51717957725421,80.43862323019552
120.0,120.0,120.0,120.0,120.0,120.0,120.0,120.0,120.0,120.0,102.26098969079564,102.76044096982673,103.47565891795452,104.15867866881932,104.78873349437394,105.73861134137456,106.41885529767019,106.87275761712195,107.50918609421336,106.30660663227893,83.50848537173137,79.32281878420663,74.7986871958163,73.19627136832747,80.80654812655077
120.0,120.0,120.0,120.0,120.0,120.0,120.0,120.0,120.0,120.0,102.05015882617955,102.5110985952289,103.03523150716188,103.7832991810939,104.48367107532253,105.08686620250766,106.00645067924528,106.65516121115564,106.96609220096393,106.14219380525414,83.51554797876557,79.60861133478309,75.58551863108634,73.89443907585141,81.21207203242061
120.0,120.0,120.0,120.0,120.0,120.0,120.0,120.0,120.0,120.0,101.82999437816042,102.27310168214568,102.77521316069314,103.31622584726931,104.08740229355364,104.79983030426997,105.37126133422196,106.24681556108987,106.77824742362688,105.64275542430286,83.35555099309006,79.89796061910336,76.15017291356166,74.62793071790081,81.64710384266792
120.0,120.0,120.0,120.0,120.0,120.0,120.0,120.0,120.0,120.0,101.67757303400305,102.02143591201023,102.51041121421837,103.05007215484892,103.60043029288413,104.38491770975098,105.10400131601801,105.63529215189878,106.37765081979016,105.45106798673699,82.52881129301824,80.03521244874123,76.7000931915227,75.24862207659552,82.12405657175108
120.0,120.0,120.0,120.0,120.0,120.0,120.0,120.0,120.0,120.0,101.54360325695578,101.85064052078764,102.22861818118328,102.75892171820747,103.33221536711606,103.88501450143812,104.67297577843325,105.38822597354338,105.79241250094053,105.04555681684903,82.15519403021527,79.60235509208258,77.1323111441076,75.87904651170489,82.54456797486816
120.0,120.0,120.0,120.0,120.0,120.0,120.0,120.0,120.0,120.0,101.41685398664288,101.69418302640055,102.04120216580218,102.44935322223562,103.01544246367479,103.61826283443115,104.167108379664,104.9439399594472,105.56070795386574,104.42582064962309,81.41073167202009,79.43226976744165,77.12037909479528,76.44329443083157,83.00213560074373
120.0,120.0,120.0,120.0,120.0,120.0,120.0,120.0,120.0,120.0,101.32431097108089,101.5447042952822,101.86160101743778,102.24763856378314,102.68139189138077,103.27693671573665,103.90468449357272,104.43848752502727,105.10440768127856,104.14701351381676,80.15573007330204,78.95636816646342,77.24073372555081,76.69827593808996,83.4277806131469
120.0,120.0,120.0,120.0,120.0,120.0,120.0,120.0,120.0,120.0,101.24451194600792,101.43583757421221,101.68824599761071,102.04398921811062,102.46759217855785,102.92215426749017,103.54000755288658,104.18194852938406,104.59830042293864,103.63262915653073,79.47720248948097,77.97114925706194,77.11081663532183,77.03184291350294,83.66001816896201
120.0,120.0,120.0,120.0,120.0,120.0,120.0,120.0,120.0,120.0,101.17350531811776,101.33963879822343,101.56336119737816,101.84713465196496,102.23981197855403,102.69887810978194,103.16895125691086,103.79541804284294,104.34218133100443,103.03017365344066,78.39606571184308,77.38573609038009,76.52270954644574,77.17236886952516,83.97895950729475
120.0,120.0,120.0,120.0,120.0,120.0,120.0,120.0,120.0,120.0,101.11929964173102,101.2532108125376,101.4493928515533,101.70658168141465,102.02029495130851,102.44702911770213,102.9385617934131,103.41214121073554,103.93098374859143,102.69111210241948,77.02757344209411,76.47026582237704,76.17918182879228,76.94167868793335,84.15213050265676
120.0,120.0,120.0,120.0,120.0,120.0,120.0,120.0,120.0,120.0,101.07244866224144,101.18753833805414,101.3462335026378,101.57369816484535,101.86480800137653,102.20635134956245,102.66297916061856,103.17614162385743,103.53007571391427,102.17987055683997,76.13863170319152,75.21468119930594,75.5604085864956,76.86097744228859,84.08003639289299
120.0,120.0,120.0,120.0,120.0,120.0,120.0,120.0,120.0,120.0,101.03499131662932,101.13190326613599,101.26858903516523,101.45312449691562,101.71226211118818,102.03705134633336,102.40324279947482,102.87706118112138,103.28155520815841,101.64654895187465,74.96184546957191,74.3194339372758,74.59958988492883,76.54829104619297,84.13551413028718
120.0,120.0,120.0,120.0,120.0,120.0,120.0,120.0,120.0,120.0,101.00240539043129,101.08300113116238,101.20010130657909,101.36198988694039,101.573310779741,101.863928738564,102.22114753952538,102.59983400177191,102.952314062802,101.2858390854174,73.64275777533784,73.18853577578825,73.8792392921368,75.93293632735379,83.99871070530804
120.0,120.0,120.0,120.0,120.0,120.0,120.0,120.0,120.0,120.0,100.97610802132343,101.04400021165925,101.1404298108202,101.27990522412577,101.4686161750535,101.70677550444188,102.02715472594542,102.40553039328202,102.64866454934207,100.83060974921726,72.6479002736443,71.8557376748724,72.96009051358077,75.47545565714617,83.66218497641385
120.0,120.0,120.0,120.0,120.0,120.0,120.0,120.0,120.0,120.0,100.93611871945726,101.01199612828606,101.0934238612928,101.20814905316966,101.37173428107928,101.58840075530718,101.85218741507083,102.18987347912694,102.43316987926454,100.37787232066682,71.50576004316297,70.77189068423402,71.82162611822183,74.84273815390547,83.4507823527613
120.0,120.0,120.0,120.0,120.0,120.0,120.0,120.0,120.0,120.0,89.74708131560654,100.97917864493611,101.05408087477264,101.1518994890835,101.28681760313276,101.47568872374751,101.72020120831209,101.99692636947309,102.18641621222122,100.0301104595404,70.29839218655685,69.57072368761604,70.8538477574877,74.00880979586181,83.08904046447658
120.0,120.0,120.0,120.0,120.0,120.0,120.0,120.0,120.0,120.0,74.75805105280817,100.96367534710024,101.01895735887824,101.10446658611346,101.22067182008423,101.37695977576267,101.590847788858,101.85076817026074,101.9641882181699,99.64423851922015,69.28660001467973,68.25805937496969,69.78714527042092,73.29226480179442,82.5987080490214
120.0,120.0,120.0,120.0,120.0,120.0,120.0,120.0,120.0,120.0,59.766074104035006,110.05165110558904,100.99644157629878,101.06197742107442,101.16246734347507,101.29947737318496,101.47744130463302,101.7030977447082,101.79286783690311,99.26851094645106,68.2269853896058,67.09130525644309,68.59388387155826,72.4861590536713,82.2009671328632
120.0,120.0,120.0,120.0,120.0,120.0,120.0,120.0,120.0,120.0,44.78982740470597,112.53670115986718,110.42564377743845,101.03296231206242,101.11169038055542,101.229891733041,101.38820006832928,101.5738109004416,101.61567774875027,98.95486908881654,67.14455629253783,65.89028965586711,67.49893236765774,71.56454044129866,81.7251245445103
120.0,120.0,120.0,120.0,120.0,120.0,120.0,120.0,120.0,120.0,29.963485694102054,109.36507276303011,113.59883079188658,110.71534482599913,110.2702927493083,101.16949068424302,101.30611034817296,101.47137221732388,101.45795604783238,98.63413484930369,66.17331336272538,64.63642175850114,66.37609977369905,70.7131499637418,81.17883891405592
120.0,120.0,120.0,120.0,120.0,120.0,120.0,120.0,120.0,120.0,19.36715078832058,101.85987616722079,114.14524019813419,113.63299830042945,113.23490738341506,109.9248296623522,101.23500246148664,101.37485969081844,101.33018899942381,98.32556215185022,65.20486747607104,63.460006810530025,65.19171804495181,69.836724190251,80.69022781656984
120.0,120.0,120.0,120.0,120.0,120.0,120.0,120.0,120.0,120.0,34.327292770291336,111.34310738021532,114.46305579667062,114.47840587252007,108.2248068450421,111.61123472442695,104.81545358441133,101.29119872974405,101.20707960155599,98.05372763098276,64.23757746980647,62.2894983295525,64.05786085397519,68.90699236683511,80.1792839339186
120.0,120.0,120.0,120.0,120.0,120.0,120.0,120.0,120.0,120.0,37.37575366772238,112.9075495324748,114.49124795678158,114.71796679095785,113.51305949765784,107.96301070230284,111.26461210160821,104.88235000084342,101.09780836954943,97.78814656995657,63.3328302566773,61.102616728792896,62.93080436994435,68.01636765605205,79.63890551311437
120.0,120.0,120.0,120.0,120.0,120.0,120.0,120.0,120.0,120.0,32.25428864199121,112.00337138356429,114.32162792070409,114.83875463823934,114.70668831148157,113.3681185330427,107.71892308227791,111.17527492317986,104.66644977227298,97.53399745682925,62.44866442402308,59.956236428374574,61.784204766179954,67.13411039008602,79.13308706766755
120.0,120.0,120.0,120.0,120.0,120.0,120.0,120.0,120.0,120.0,17.285502140991245,111.60765789778316,113.3142062991735,114.78634867220391,114.95510833526687,114.64252031353149,113.18403251583807,107.44023758065438,110.87054616281513,101.22855820154756,61.57645016118748,58.828163024714165,60.66527140166113,66.23906680498611,78.63406582627763
120.0,120.0,120.0,120.0,120.0,120.0,120.0,120.0,120.0,120.0,7.22876787749376,111.8572159160774,112.81145021456267,114.02152644055658,115.04906369629555,114.91480732600905,114.50360251568377,112.83076384890182,106.74898343834914,108.84738596775192,65.1403555344395,57.70268695942557,59.56489849123195,65.36986504712465,78.132006358109
120.0,120.0,120.0,120.0,120.0,120.0,120.0,120.0,120.0,120.0,22.222980792484268,112.50135471390733,113.26198743446112,113.82320314416594,114.56518676459005,115.06205218017186,114.78483394233763,114.24350268176481,112.58705861629386,111.46574671554005,75.96922249283638,69.27768463265377,58.46831688723569,64.52191256231403,77.65384482631879
120.0,120.0,120.0,120.0,120.0,120.0,120.0,120.0,120.0,120.0,26.638918657240335,112.62909893567603,113.75146923417115,113.96926444554997,114.27319596984144,114.71203785829043,114.77342410829978,114.62242174493133,113.99006191954192,112.1566811582851,83.99466738125348,78.12086868779956,69.97097562779147,63.683948850902844,77.19354416872103
120.0,120.0,120.0,120.0,120.0,120.0,120.0,120.0,120.0,120.0,17.064355826686562,111.66204676981789,113.95070955375769,114.28367974641687,114.35871374751237,114.5243997486738,112.92226744204991,114.64190600544882,114.38439358592056,112.53578272121541,89.21426498099055,84.03164382378985,78.56356207845923,75.02936337753444,76.7446819736695
120.0,120.0,120.0,120.0,120.0,120.0,120.0,120.0,120.0,120.0,2.080164334679935,110.85465649197883,113.21387863916227,114.46604150143561,114.55192298865714,114.58988924480421,104.45190132037744,112.95827772853532,114.60201775381145,112.78580148959182,92.21921746447036,87.36986247162324,83.94392006797612,83.0079118141671,76.31667203008054
120.0,120.0,120.0,120.0,120.0,120.0,120.0,120.0,120.0,120.0,0.01054315013081727,111.07705233888449,112.47120067373655,114.02663866365667,114.72800317196976,114.67189011809175,104.70212674777946,104.66206703732126,114.58188869578214,112.98435179807494,93.57681609358059,88.83581406610284,86.36840723380128,86.99758885848108,86.25465471980475
120.0,120.0,120.0,120.0,120.0,120.0,120.0,120.0,120.0,120.0,15.001485758930627,113.19495611681945,114.12368658738241,114.7257520058158,115.52010502066426,115.97531189997676,114.1788039809394,104.89604716689237,113.59025788913759,114.05821747931084,96.44124058866348,91.66159009242993,90.11293194813781,92.14474269616093,95.54867382600845
120.0,120.0,120.0,120.0,120.0,120.0,120.0,120.0,120.0,120.0,10.387524640718205,113.6276265253214,115.03682683475961,115.23414166678477,115.48887424092455,116.009434408056,116.11131439887825,114.17942471905918,104.67008930690636,113.87953677700143,97.8276678615041,92.97002655781887,91.84375159011792,94.61396515267917,100.44530643427517
120.0,120.0,120.0,120.0,120.0,120.0,120.0,120.0,120.0,120.0,0.0295071331619873,112.74084929062396,115.24735569854779,115.70498925818156,115.73544988634376,115.84558923102219,116.15935238499424,116.09212242543884,104.54484699051764,111.00340003574605,98.61882923898459,93.64137249284663,92.63989496723325,95.7596092294671,102.68142155589287
120.0,120.0,120.0,120.0,120.0,120.0,120.0,120.0,120.0,120.0,0.007451187011749894,112.4208293597183,114.57017522283513,115.82594027327902,116.01165185422714,116.00316575603509,116.03215232964361,116.19060725525995,113.99085285013969,100.90625909006673,99.08063003839499,94.01605472077414,92.9806925270492,96.23631518025559,103.5888776163974
120.0,120.0,120.0,120.0,120.0,120.0,120.0,120.0,120.0,120.0,0.0060759926620172515,113.04115227527524,114.19339182355834,115.40080737878274,116.12487110959216,116.14329426761068,116.14673278027156,116.10387843725428,115.77021782418088,110.6724249456635,99.24926208245965,94.20122903536142,93.09966004242612,96.38464094352123,103.88242369612492
120.0,120.0,120.0,120.0,120.0,120.0,120.0,120.0,120.0,120.0,12.609279033634573,111.56185402097414,113.33058946803399,113.9242783836757,114.45438168126718,114.79716272470573,114.831826155303,114.85793856211801,114.70419275807406,112.93733178789667,99.03243143449473,93.97158892605485,92.6359474928565,95.75709251067903,103.13084864653632
120.0,120.0,120.0,120.0,120.0,120.0,120.0,120.0,120.0,120.0,0.04186232946217078,110.40527415726436,113.2303346779191,113.92231554783214,114.15990369918819,114.44684195189681,114.6698488631671,114.69719523971659,114.65800449174992,113.31164019908493,98.97596037514589,93.90274694409663,92.34474709481808,95.35926799002249,102.74461476987558
120.0,120.0,120.0,120.0,120.0,120.0,120.0,120.0,120.0,120.0,0.011644449628760788,107.39632502279557,113.07640041427237,113.91885262779248,114.29074037243738,114.38559577356068,114.53837402065405,114.66706028760282,114.6125588635776,113.45391056175283,98.98947742456178,93.9148027711895,92.17034661476522,95.08944982788081,102.52691017767336
120.0,120.0,120.0,120.0,120.0,120.0,120.0,120.0,120.0,120.0,0.009564452794793444,101.96327292009894,112.44655363476527,113.83330540055083,114.27308007337403,114.5002146810877,114.53463002104155,114.6012107939746,114.59078118799957,113.43877259007533,99.06480896407793,93.95775866155323,92.0757035240828,94.91506569633992,102.38791662872049
120.0,120.0,120.0,120.0,120.0,120.0,120.0,120.0,120.0,120.0,0.010691156234837497,92.81597739040885,112.5497780278089,113.33998866991097,114.27876170865731,114.44885591162372,114.62718163138932,114.60918008565133,114.55984426356672,113.41804000425485,99.09176414633309,94.0133093897438,92.03320837633585,94.82583543425996,102.3124352182496
120.0,120.0,120.0,120.0,120.0,120.0,120.0,120.0,120.0,120.0,0.014471467463456055,102.36609430341178,112.61869719049976,113.43513065978091,113.89943631307673,114.42288838513043,114.54631871912511,114.67359455474674,114.58411402125267,113.42611220762238,99.13561751150772,94.12947289341892,92.0100748670587,94.65810652538354,102.19063473777518
120.0,120.0,120.0,120.0,120.0,120.0,120.0,120.0,120.0,120.0,0.010816235612481918,100.17489578248303,112.62533557011676,113.48260200459073,113.93688916071447,114.175294832147,114.53638162523585,114.59684041426027,114.62073769850467,113.45484381704686,99.20139939486855,94.2121315687462,91.99572304078521,94.54928724117866,102.10930663648824
120.0,120.0,120.0,120.0,120.0,120.0,120.0,120.0,120.0,120.0,0.012903335149049254,91.03743776377057,112.56634006219157,113.4655042840738,113.92540784696541,114.21800508748069,114.35326252860048,114.5999677102604,114.54667697190747,113.47554859566898,99.27132846620361,94.29980262016787,91.98557215922688,94.46947844527894,102.05511869224013
120.0,120.0,120.0,120.0,120.0,120.0,120.0,120.0,120.0,120.0,0.01478025809660433,83.9185549735212,112.51385653658961,113.440014612823,113.87392697415353,114.17746010913076,114.39133445314783,114.46480539506025,114.55788700336241,113.42045141158749,99.31020863791063,94.38227687168418,91.99448137482274,94.41094949650551,102.0113615614117
120.0,120.0,120.0,120.0,120.0,120.0,120.0,120.0,120.0,120.0,0.016829983115681527,73.3179385898513,112.40951710181965,113.42522594606255,113.85567165151853,114.10806224660476,114.34444737887723,114.50147971951144,114.45395348540951,113.44434572873055,99.29654099984283,94.4306069006305,92.01143676277789,94.38345299531234,101.98069448798998
120.0,120.0,120.0,120.0,120.0,120.0,120.0,120.0,120.0,120.0,0.009600852243921387,74.64504385008766,112.50566289025822,113.35426246364942,113.80712225296877,114.09345606457671,114.25180902171317,114.42739415307244,114.47438854472746,113.36968564947517,99.30420084631542,94.4856057779921,92.05163057126926,94.3528566290124,101.94261472174125
120.0,120.0,120.0,120.0,120.0,120.0,120.0,120.0,120.0,120.0,0.011205527597420262,73.76844539207211,112.55384579386369,113.49768228844174,113.79615145940251,114.05603802629103,114.24553099971376,114.34110394878643,114.4086276559084,113.36339351309566,99.27521709889906,94.53696898578708,92.07410692726013,94.3304429312223,101.9218730300711
120.0,120.0,120.0,120.0,120.0,120.0,120.0,120.0,120.0,120.0,0.013247906282423318,70.65357798437337,112.15363008229086,113.62710824416085,113.94470129646189,114.04466827737359,114.206506216576,114.34115340181307,114.32482517688841,113.30175141048115,99.23983350982469,94.56929378661623,92.10066223121436,94.31028527983136,101.90347007558174
120.0,120.0,120.0,120.0,120.0,120.0,120.0,120.0,120.0,120.0,0.01610726727714758,59.99207041443958,112.00770283061377,113.3091603382609,114.0808441488796,114.1810808231876,114.18687178075166,114.29660628780455,114.32707142333336,113.21818578075701,99.17319161326124,94.58710901132748,92.12399117517911,94.3029924471004,101.88507822486064
120.0,120.0,120.0,120.0,120.0,120.0,120.0,120.0,120.0,120.0,0.018521782675281165,51.49030904396021,112.08933073762796,113.18679789844586,113.84434125329784,114.33004410503774,114.28500438595692,114.25968437022622,114.28367897934345,113.21435505483817,99.10039400995795,94.58688637066426,92.13828728192917,94.30276946728786,101.87793712285242
120.0,120.0,120.0,120.0,120.0,120.0,120.0,120.0,120.0,120.0,0.013163436752229044,59.330659714382385,112.360144312669,113.3973888919542,113.87178399731958,114.13056194597235,114.37419774386952,114.32588923679889,114.24766135781884,113.1733106973035,99.00905971893454,94.46401332327427,92.05095888064372,94.24206232073018,101.85465577292334
120.0,120.0,120.0,120.0,120.0,120.0,120.0,120.0,120.0,120.0,0.0154880065436267,61.00645150507727,112.28056704674026,113.64440080517839,113.95959805428035,114.1552825617228,114.25479277683661,114.41912695596069,114.29280973586852,113.10857577031844,98.88320679081826,94.39961048792802,92.03068145844954,94.23056582457502,101.84759680684923
120.0,120.0,120.0,120.0,120.0,120.0,120.0,120.0,120.0,120.0,0.01770464603243776,57.37668269871369,111.4790449673357,113.6598148444503,114.16020454103058,114.24045085286865,114.30603168797819,114.31823460530603,114.35487780881819,113.12445889151803,98.75630732875906,94.32896043676757,92.02428169173871,94.22745367092534,101.84234790402571
120.0,120.0,120.0,120.0,120.0,120.0,120.0,120.0,120.0,120.0,0.020154895280344483,45.48007372166425,111.27200194448896,112.99775111737641,114.20779286999978,114.40639159922162,114.38419577859823,114.38286843727124,114.26651313410657,113.15152237808005,98.69642436651938,94.25003221715234,92.01112401440047,94.2311959178771,101.83903392428276
120.0,120.0,120.0,120.0,120.0,120.0,120.0,120.0,120.0,120.0,0.021565629950842165,37.6699474914279,111.57703706994066,112.73109450272754,113.73184276194404,114.51768945927272,114.49647668739766,114.44388153979341,114.33084691948272,113.06387653729507,98.68219011971124,94.20666234993256,91.99131036398859,94.23383106520828,101.8416103922606
120.0,120.0,120.0,120.0,120.0,120.0,120.0,120.0,120.0,120.0,0.012191061555240303,52.129207734198175,112.0936319646883,100.31245649299724,111.20760187382902,114.20190593726944,114.56707039177871,114.5213562718015,114.38986577311978,113.13124537676697,98.5660499623721,94.10441776500247,91.95564292880702,94.24537526318191,101.86259778530285
120.0,120.0,120.0,120.0,120.0,120.0,120.0,120.0,120.0,120.0,0.01570639610453501,55.63796281359182,112.11015355235834,110.92809115899554,102.21776847520974,114.11892177540409,114.3671195212621,114.59702604421203,114.44139428530335,113.1800117795918,98.54426068295628,94.00144289270979,91.91454287184484,94.24754148845007,101.87048553513709
120.0,120.0,120.0,120.0,120.0,120.0,120.0,120.0,120.0,120.0,0.02046347453261561,54.00965629336877,111.12164081115401,113.30417036713608,111.63893430363154,114.21555941525959,114.336805253404,114.45471727435962,114.51141004014713,113.204415965974,98.56077428794008,93.94533584728036,91.86153301613817,94.24098045924525,101.8771957243178
120.0,120.0,120.0,120.0,120.0,120.0,120.0,120.0,120.0,120.0,0.025952746022586345,39.09106103903162,110.6470212887259,112.84031077218306,113.97470782669598,114.36084839309717,114.4044166646486,114.45914561352427,114.4127567721287,113.26239526026495,98.56990515186894,93.91991316058925,91.82802597915104,94.22246757666888,101.87952129057393
120.0,120.0,120.0,120.0,120.0,120.0,120.0,120.0,120.0,120.0,0.026515489076042557,26.801980274962368,110.75787819888042,112.46202640692339,113.69008216579486,114.62283391192297,114.44127523699909,114.51204090832269,114.4328873277591,113.2111079541458,98.5985288623196,93.89597922152278,91.81636069932765,94.2117543249066,101.87297783377456
120.0,120.0,120.0,120.0,120.0,120.0,120.0,120.0,120.0,120.0,3.746264903465603,38.890100186102636,111.76775470910844,112.7575646686692,113.43550670498253,114.1103128429583,114.59859134813605,114.58808351119485,114.48907873015652,113.25052039851325,98.62634201622305,93.86690448703177,91.74938683317832,94.187597145236,101.8693848773175
120.0,120.0,120.0,120.0,120.0,120.0,120.0,120.0,120.0,120.0,4.539065639749557,37.95140069883574,112.19340041314678,113.37119687581688,113.5607117251522,113.91779818145666,114.30563593049003,114.65112343231159,114.52365368575927,113.29968911132548,98.68391489477007,93.84942209430712,91.6974086379629,94.15857863361062,101.86875524269155
120.0,120.0,120.0,120.0,120.0,120.0,120.0,120.0,120.0,120.0,4.566190391011447,34.527131024418935,111.2898710176278,113.76071454822998,113.96772279379263,113.99250214233585,114.2006878294095,114.4276358657307,114.57626941758768,113.31674361261524,98.75246913641179,93.85828352776657,91.65988139271016,94.13038119758787,101.859297084501
120.0,120.0,120.0,120.0,120.0,120.0,120.0,120.0,120.0,120.0,5.436475750473751,26.26522473955024,110.69806433046449,113.18306060567156,114.27690305081966,114.25866120973873,114.2431783828042,114.37253781021928,114.41486681475487,113.35922804647228,98.79540404587132,93.87940120155176,91.64330591280273,94.10788666595518,101.84789271417434
120.0,120.0,120.0,120.0,120.0,120.0,120.0,120.0,120.0,120.0,6.331181019214945,20.35561374101008,110.64594209777596,112.77557027337407,113.93279644375053,114.52554748293132,114.37423019978009,114.38723965577823,114.39403619471665,113.2664423760185,98.83899149920842,93.88520474682124,91.64152261325266,94.09709528398211,101.8391625846878
120.0,120.0,120.0,120.0,120.0,120.0,120.0,120.0,120.0,120.0,0.01757658622817003,29.863341896928592,110.9462374448233,112.75464766098,113.67645562234635,114.2578510162122,114.56975263513482,114.47046452814537,114.40771339334982,113.26037553634893,98.81423956261158,93.90864542948407,91.62097434496874,94.07555586721168,101.82918652086374
120.0,120.0,120.0,120.0,120.0,120.0,120.0,120.0,120.0,120.0,0.10578949445397492,28.155301728590146,111.07130248229771,112.99011733011946,113.65945142744422,114.11988618308285,114.40993052949152,114.56641271737854,114.43329383587229,113.26835000055314,98.81729717565212,93.91620688863124,91.60611435085947,94.05299009957231,101.82226481684098
120.0,120.0,120.0,120.0,120.0,120.0,120.0,120.0,120.0,120.0,0.6618346751596781,26.128525867950675,110.39288537503798,113.1259680342022,113.7918387931384,114.12072087724329,114.35882401033165,114.21861699322396,114.52163351149021,113.258692148558,98.82749869809552,93.93545511563669,91.59484445845754,94.03264238554176,101.81016302319848
120.0,120.0,120.0,120.0,120.0,120.0,120.0,120.0,120.0,120.0,1.2271249923906629,20.16727535492909,110.36775126734473,112.6221881754669,113.88585636025971,114.1900040792323,114.37096069958488,112.49202978644824,114.44150889199271,113.3106749785264,98.81675129596536,93.95515679610783,91.5978247053774,94.01613762518585,101.79791078302937
120.0,120.0,120.0,120.0,120.0,120.0,120.0,120.0,120.0,120.0,1.5361842800313055,18.406463633125245,110.80340987023847,112.49389625481271,113.53107110354384,114.29280089739605,114.38209235575432,104.08351490628598,114.46724072087937,113.26367383740988,98.83200395291004,93.95232396242224,91.60754220845538,94.01014758703278,101.78816158643008
120.0,120.0,120.0,120.0,120.0,120.0,120.0,120.0,120.0,120.0,0.01625810163032003,31.34531399449774,111.38601894967103,112.86027171762767,113.51072001517296,114.01103010252201,114.43268268675084,112.49915505444626,114.49499151188405,113.30477239089124,98.8357874340576,93.9586184678145,91.60172408463549,94.00827482700242,101.78400140820592
120.0,120.0,120.0,120.0,120.0,120.0,120.0,120.0,120.0,120.0,0.019696269783663557,30.072245009584922,111.43249403284375,113.29150215736358,113.69665683974767,113.98427881040375,114.24474381205407,114.261761495599,114.46657070828495,113.336349801527,98.87399345938135,93.96425866598835,91.59617186073461,94.00028851350358,101.78413458014693
120.0,120.0,120.0,120.0,120.0,120.0,120.0,120.0,120.0,120.0,0.023429597071978878,27.035129971894285,110.43431212999307,113.41777647067053,113.97104697819604,114.10376360753472,114.24508055447838,114.34601139239699,114.4911759168012,113.3042097303992,98.91422056408554,93.9886285508798,91.59356684925345,93.99144553014357,101.77830778017832
120.0,120.0,120.0,120.0,120.0,120.0,120.0,120.0,120.0,120.0,0.02660700292437452,17.353459549012268,110.04982984725136,112.73240523205963,114.09638364844838,114.28394037557257,114.32158992184766,114.38926191609195,114.38181090391244,113.31821176809495,98.91244176922514,94.01654875819784,91.60231227677154,93.98461113310368,101.77190769516113
120.0,120.0,120.0,120.0,120.0,120.0,120.0,120.0,120.0,120.0,0.029216981660448667,13.545042239961601,110.23825439610984,112.40579194454278,113.66425823595608,114.43610447401875,114.41243865016112,114.43590897204867,114.39561882662855,113.24922348881269,98.92304690515186,94.01891329872416,91.61503262442471,93.98373496431944,101.767044751128
120.0,120.0,120.0,120.0,120.0,120.0,120.0,120.0,120.0,120.0,0.01603707071760894,26.60192925573304,111.51462058730502,113.10218039328053,113.93634684945717,114.56396024456491,114.98693879411447,114.95795921391256,114.87764356883032,113.68337907271074,99.27663142054976,94.40935554912194,87.18263155802521,94.38538355609484,102.20788610472756
120.0,120.0,120.0,120.0,120.0,120.0,120.0,120.0,120.0,120.0,0.019695621897257463,25.049860248338124,111.89631741015866,113.70723893279279,114.15686624944537,114.56698039157439,114.89853491206127,115.155528653668,115.01335096896905,113.80937630725693,99.36823433379661,94.50979458420122,81.4108597419693,94.48906641234306,102.32832440144387
120.0,120.0,120.0,120.0,120.0,120.0,120.0,120.0,120.0,120.0,0.024094190070550064,21.751461508084024,110.97522521986434,113.96934071878134,114.4858364524575,114.65631873355501,114.87566860421367,115.03754369123662,115.10515473674953,113.83258081954504,99.39124549420772,94.54029254233208,73.68424990551603,94.51660304270766,102.35961833657394
120.0,120.0,120.0,120.0,120.0,120.0,120.0,120.0,120.0,120.0,0.01196960199922803,12.787834675271698,110.5246849604825,113.34581693601594,114.67335304776786,114.84904011780355,114.91664549438,115.03102160059292,115.00877581108408,113.88245349483947,99.38490661242997,94.54680010120252,63.6605816111011,94.5245278046063,102.36519139457346
120.0,120.0,120.0,120.0,120.0,120.0,120.0,120.0,120.0,120.0,0.37727723653044865,9.46633877685633,110.6704756616637,112.99271881672327,114.28961619391752,115.02200402392164,115.00404884802444,115.04840044382458,115.01917842545613,113.82352468898732,99.40292514263389,94.53498993787846,51.280271918965234,94.52860912583168,102.36533645738822
120.0,120.0,120.0,120.0,120.0,120.0,120.0,120.0,120.0,120.0,0.02047219887518189,23.10130909058595,111.0080806990665,112.6997189416133,113.56351904699392,114.17946094387847,114.56968603784894,114.56176985876426,114.51396499063597,113.37048433116308,99.12100457461285,94.30918956031849,51.21643355857621,86.83018489528592,100.20252830402175
120.0,120.0,120.0,120.0,120.0,120.0,120.0,120.0,120.0,120.0,0.025165588714612788,20.021460932695824,111.18308753601262,113.07563520187644,113.56239375622258,113.98263465017939,114.31158381695307,114.563531250497,114.45564034143675,113.3029029160616,98.99806686698285,94.18181594208355,51.221249154729264,78.13500992662225,97.14686273293725
120.0,120.0,120.0,120.0,120.0,120.0,120.0,120.0,120.0,120.0,0.030730250179221607,16.192038165506986,110.20670063103928,113.31129377087467,113.83655144589603,114.02615943448517,114.25098774340951,114.41897677555689,114.49886522781604,113.27791141775057,98.9459086657665,94.1258781883846,62.95102975548952,67.83101037461127,91.84220976099591
120.0,120.0,120.0,120.0,120.0,120.0,120.0,120.0,120.0,120.0,0.035795297434792955,5.989580599592961,109.7515780744781,112.68748795025495,114.02667878629997,114.20057052040039,114.28467836109418,114.40625480901575,114.40072927606325,113.30701981969321,98.90798264689205,94.10871889537395,71.89854387503536,55.729514994460125,83.39078702567203
120.0,120.0,120.0,120.0,120.0,120.0,120.0,120.0,120.0,120.0,0.044155897813699996,6.065056363727814,109.9010859652284,112.36213818318352,113.64769921041176,114.3737720620076,114.36412096646623,114.42572344013968,114.40988797942549,113.24789275141408,98.90747089473648,94.10571372324003,76.80716829484932,66.04906291176948,71.98812906302489
120.0,120.0,120.0,120.0,120.0,120.0,120.0,120.0,120.0,120.0,0.02112154311398186,21.001506870182226,110.88263791964864,112.60230035033011,113.45794233175194,114.06517864938826,114.47504982003643,114.47269368121765,114.43010898924813,113.26530267202466,98.86636625261782,94.0717707101748,82.64975582629269,73.55579373799159,83.10573606304416
120.0,120.0,120.0,120.0,120.0,120.0,120.0,120.0,120.0,120.0,0.03777280093373972,20.10720461201074,111.04843412171365,113.15123033168804,113.57408093634538,113.97264861254352,114.28512194419173,114.54362618897642,114.43872237702254,113.28029339076119,98.86313394372684,94.04796301296098,86.32552155524948,73.82406249696349,89.63488983279038
120.0,120.0,120.0,120.0,120.0,120.0,120.0,120.0,120.0,120.0,0.09316217929088644,15.80021329205976,109.78578592810912,113.32022720151568,113.9165828821611,114.04992077935675,114.25499390807079,114.40667664028736,114.49000809705178,113.26796453724502,98.86918614501856,94.04592344984341,88.46623497475339,66.45694670684162,89.32228476918692
120.0,120.0,120.0,120.0,120.0,120.0,120.0,120.0,120.0,120.0,0.4963545858766932,3.6838900640970413,109.10134057792257,112.50330734455412,114.05739782596595,114.26975686622897,114.30503901585702,114.410814349333,114.39211543298688,113.29821649865137,98.85753702197984,94.05059921808089,89.62387934576432,55.74276199261042,82.1027504076553
120.0,120.0,120.0,120.0,120.0,120.0,120.0,120.0,120.0,120.0,0.1773501565521486,0.5793387577128203,109.1072228637566,112.00535498894274,113.5745130533049,114.42127496362849,114.4208593041213,114.43655381711243,114.41298456306845,113.2376011114376,98.86696041261177,94.04246322622134,90.13119316192613,65.76273153455021,71.99515556623896
120.0,120.0,120.0,120.0,120.0,120.0,120.0,120.0,120.0,120.0,0.024118674956818822,15.526139588664263,94.6418195332948,112.28942064851864,113.25195844096983,114.02429520460485,114.5062171613845,114.51155401822793,114.43840595769734,113.26358797682309,98.8386579417533,94.03118590586911,90.78184364230005,75.62037204690377,83.48426737810054
120.0,120.0,120.0,120.0,120.0,120.0,120.0,120.0,120.0,120.0,0.02170768407170916,11.340486856874636,105.13630963491251,112.97885736010464,113.35769212190556,113.78662222370922,114.26977769028478,114.56870823221594,114.46777208919998,113.28358540081202,98.84879770306716,94.02062077205335,91.14840990391835,82.78277112101121,91.79040407533783
120.0,120.0,120.0,120.0,120.0,120.0,120.0,120.0,120.0,120.0,0.019430659583399137,6.767313754294024,108.09169662939794,113.35316425116184,113.76752242781207,113.56942880616765,114.16433596131164,114.40326000283325,114.5102945634512,113.28737959246992,98.86641424088278,94.02799509958005,91.352012502857,87.342972996734,96.76383658537073
120.0,120.0,120.0,120.0,120.0,120.0,120.0,120.0,120.0,120.0,0.017047839561280632,0.02982384104468705,108.58837894415498,112.56957710537185,114.04077860313252,112.02159245280072,114.19278357794182,114.35268705204838,114.3960171828106,113.31585841557926,98.86908335867862,94.0387354413894,91.46740757859092,89.86778445795132,99.22843034335484
120.0,120.0,120.0,120.0,120.0,120.0,120.0,120.0,120.0,120.0,0.012824111431304368,0.018954527989735116,109.3003212720215,112.05175369072852,113.62737912697305,103.85923533597541,114.31015773490418,114.35808154023111,114.38043119436779,113.25084912547764,98.88450573894117,94.03578071069043,91.52283052327505,90.96654548359078,100.19630415677615
120.0,120.0,120.0,120.0,120.0,120.0,120.0,120.0,120.0,120.0,0.010197461215096426,14.57708484022632,110.53220305859638,112.53246864650701,113.49419209226014,111.98969458939753,114.47160224790017,114.43019345129473,114.38479782203831,113.24777557330778,98.8460722795433,94.03116949976203,91.58061018361958,92.32868067974118,101.04822113292775
120.0,120.0,120.0,120.0,120.0,120.0,120.0,120.0,120.0,120.0,0.006139814166414394,3.2264768385023936,110.85188420976164,113.06503502059265,113.61896117102918,113.7060514478267,114.32607199875095,114.52590402929992,114.40203461220862,113.24716341134686,98.8342860060382,94.02267299178092,91.61129719558936,93.07633781488718,101.44506558906001
120.0,120.0,120.0,120.0,120.0,120.0,120.0,120.0,120.0,120.0,0.0047204148736493265,0.01092958631797328,109.65435076020051,113.26309965522228,113.89540356770598,114.06661257898244,114.30434817991473,114.42771948831769,114.46415688994362,113.23298003180898,98.82493956039664,94.02682443668849,91.62809668972729,93.47864514023149,101.62259910907068
120.0,120.0,120.0,120.0,120.0,120.0,120.0,120.0,120.0,120.0,0.0038464078593280137,0.005327194300201005,109.7639119326769,112.49924457236985,114.03080168831195,114.27581305986008,114.36695380553223,114.44872428908177,114.39770971096611,113.26399900912146,98.79971193621321,94.0309510442147,91.64484893788783,93.6848047312935,101.69878440033366
120.0,120.0,120.0,120.0,120.0,120.0,120.0,120.0,120.0,120.0,0.0031594100127019546,0.004390356101916483,110.38111910213797,112.49932013510973,113.52788045907486,114.44235893691831,114.4426511107946,114.494937189374,114.43534113837498,113.22248814460939,98.79854688120672,94.02040072849152,91.6577895009171,93.77467160716634,101.72599332913515
120.0,120.0,120.0,120.0,120.0,120.0,120.0,120.0,120.0,120.0,0.0058231148284339776,14.687332432577543,110.3490776078964,112.93458634853143,113.71979539341982,114.13557245496371,114.54810907611517,114.5407288281957,114.48271321347997,113.27380334691293,98.79292313774076,94.0004105125621,91.6523530161855,93.89027045184842,101.75759544363356
120.0,120.0,120.0,120.0,120.0,120.0,120.0,120.0,120.0,120.0,0.004086753739146534,0.06691982718890886,109.36189346756426,113.09495959315888,113.89057381994364,114.23168629148722,114.36571212323688,114.61433127887123,114.49558315967377,113.31334158962298,98.83071480090214,93.98907708684743,91.64487301726822,93.94822436126321,101.77476180167587
120.0,120.0,120.0,120.0,120.0,120.0,120.0,120.0,120.0,120.0,0.0035754228999148904,0.007120684872306242,105.76867350389558,112.95723420481322,113.94889228465102,114.32430018614544,114.48269381225609,114.49014100485826,114.55587956746979,113.31245631906434,98.87476874028926,94.00186285749714,91.64050146825164,93.97625606005168,101.77862892544547
120.0,120.0,120.0,120.0,120.0,120.0,120.0,120.0,120.0,120.0,0.0032790769664356703,0.004079864765433887,101.07954445115105,111.98773597383632,113.87507907991925,114.35918636460359,114.5343240556958,114.61099383416695,114.47435716288992,113.35866342909394,98.89241943900305,94.01949918759814,91.64738512140981,93.9898595737531,101.77797779033493
120.0,120.0,120.0,120.0,120.0,120.0,120.0,120.0,120.0,120.0,0.0030245489839561958,0.003734369878622575,92.47388115738376,112.32267029778316,113.13966635277367,114.44028070357008,114.52628438274809,114.64072821531421,114.58741784963999,113.31080814364364,98.92421696582637,94.01885222097482,91.6569189952405,93.99856734274883,101.77653629258852
120.0,120.0,120.0,120.0,120.0,120.0,120.0,120.0,120.0,120.0,0.00761649949562276,8.66327224708367,93.10655100293175,109.05673711063908,113.53297433890347,113.97047961975994,114.58049646331844,114.62021205190516,114.6027891343251,113.42345101837405,99.00202536664096,94.06775792121418,91.66386370290712,94.01468569179113,101.78319508865462
120.0,120.0,120.0,120.0,120.0,120.0,120.0,120.0,120.0,120.0,0.005052900953711303,0.0191199281800571,102.94339865172725,99.72654439627603,113.69166250365328,114.07149300746036,114.27726369515237,114.6821600303499,114.57825395002749,113.44783499814156,99.11838688511892,94.11704008424762,91.67540345463172,94.01874632399242,101.78738600166477
120.0,120.0,120.0,120.0,120.0,120.0,120.0,120.0,120.0,120.0,0.004004972047006576,0.01094818751727872,106.59267039694258,108.98529143371469,113.74190363342613,113.82315549539102,114.41176795885637,114.45330180423427,114.64937450523925,113.42847184104083,99.199506679756,94.18572582758782,91.69362610688759,94.02109345682038,101.78366270833587
120.0,120.0,120.0,120.0,120.0,120.0,120.0,120.0,120.0,120.0,0.003728481227412713,0.007845848400348665,108.5497504142972,111.25589804884201,113.69656626779356,111.90360313779074,114.39660644992689,114.5744891816217,114.47845381701221,113.49956205896112,99.24224291829378,94.23475258009508,91.72355419065327,94.0253262810769,101.77991396226821
120.0,120.0,120.0,120.0,120.0,120.0,120.0,120.0,120.0,120.0,0.00425804450661412,0.006806961729626014,109.55054889019745,111.99251416086783,113.21848304529473,103.35953963246423,114.36263705904489,114.53900449516587,114.58955434951041,113.38737971673771,99.31668482935191,94.2473208627763,91.74465016319756,94.03359371077406,101.77766417724493
120.0,120.0,120.0,120.0,120.0,120.0,120.0,120.0,120.0,120.0,11.644084182161262,0.011348318998431188,101.70683210128779,112.37898831532964,113.38185955425753,111.57382569998317,114.42247580357036,114.48479527519419,114.53094525543771,113.46877850486092,99.33845370671445,94.36754446385139,91.79508532615462,94.05375021225757,101.78501568773589
120.0,120.0,120.0,120.0,120.0,120.0,120.0,120.0,120.0,120.0,26.641551052963358,0.005194871947686728,91.2071596698937,112.52565592337824,113.46637972037719,113.5911417480058,114.20962020779014,114.54799112195317,114.47098349149695,113.43549268666867,99.39268657754253,94.44725770773495,91.8520741340758,94.0647139822508,101.7869783464931
120.0,120.0,120.0,120.0,120.0,120.0,120.0,120.0,120.0,120.0,28.982431302486624,0.003473230339057139,97.96195382438434,112.55771469200309,113.5045378876674,113.91026218774121,114.24974018810526,114.37882179429296,114.53901393355868,113.37149088824827,99.39954037165917,94.52166941157259,91.90141491002939,94.08205172339719,101.78232050001907
120.0,120.0,120.0,120.0,120.0,120.0,120.0,120.0,120.0,120.0,13.988793459990234,0.004046833611305126,88.24201347517092,112.50212114093814,113.53827397530102,113.94765666509946,114.23335757663703,114.41689565678864,114.40225176212405,113.42789078632715,99.3721626571588,94.56171340947202,91.94915783797411,94.09764829168368,101.78435627963525
120.0,120.0,120.0,120.0,120.0,120.0,120.0,120.0,120.0,120.0,0.005486703105926085,0.008243892844445261,73.25629820991993,112.30581108409092,113.51763481684544,113.98954464065763,114.1921647734167,114.39568267217922,114.43678835050211,113.3316677150912,99.40611662870593,94.56051884356562,91.97908630263935,94.11117192706035,101.78512652497012
120.0,120.0,120.0,120.0,120.0,120.0,120.0,120.0,120.0,120.0,0.0026135564331056667,0.0036590125696662826,58.25778480177728,111.2705862025105,113.3658619789797,114.13657163979437,114.41764732692317,114.51694806919247,114.57689111386614,113.53414393311617,99.61430844673234,94.9116437694725,92.33563584134028,94.45701261135821,102.1145133507447
120.0,120.0,120.0,120.0,120.0,120.0,120.0,120.0,120.0,120.0,0.002823129720056265,0.007389047984426228,43.25984056251021,110.58198624722607,112.77293709386872,113.94893452768822,114.39782644553341,114.55727188133659,114.5237060607678,113.53044519822949,99.69762299365787,95.08772022233073,92.55819007008198,94.6498997014957,102.27035121354362
120.0,120.0,120.0,120.0,120.0,120.0,120.0,120.0,120.0,120.0,0.003717065027558677,0.008531986100295003,28.26416281788229,110.61006591932197,112.39891129646125,113.52472001262308,114.24868593441943,114.52689921227986,114.54923150327275,113.46087027057835,99.70428416402042,95.17314147858981,92.6885798003137,94.76960089925595,102.3429628535381
120.0,120.0,120.0,120.0,120.0,120.0,120.0,120.0,120.0,120.0,0.00672345534839816,0.005122874746826041,31.94114753914508,111.58849126219863,112.38096530348308,113.28995292629808,113.94903146068793,114.41440550478788,114.52309016103476,113.47113939333146,99.65370750336645,95.20576949739828,92.76115759465053,94.83806198474313,102.3842715622545
120.0,120.0,120.0,120.0,120.0,120.0,120.0,120.0,120.0,120.0,0.03432633027849872,0.0037072340418542217,46.91996823411749,112.91012948318169,112.87470661116336,113.18980565955415,113.81820162612311,114.21097651067058,114.4510966564594,113.45543966066258,99.6357735557133,95.19717406835173,92.79626651593293,94.86917961746161,102.40250472527698
120.0,120.0,120.0,120.0,120.0,120.0,120.0,120.0,120.0,120.0,9.641761713131716,0.003991255542959215,61.919968852527006,113.45457913059303,113.87603078141315,113.50230894027638,113.56353342592097,113.92930893068186,114.1075792928009,113.16000781031424,99.20766667033527,94.85257310247643,92.52121852270666,94.61610906724079,102.10563463788415
120.0,120.0,120.0,120.0,120.0,120.0,120.0,120.0,120.0,120.0,24.49102494678024,0.004123063443890286,76.91996900115,113.16016783224276,114.43515736776602,114.21841272943706,113.81236385187577,113.82267536235248,114.01381057539794,112.99478868603433,98.89005321024455,94.63083142049892,92.362900713895,94.48053189151405,101.97601728178613
120.0,120.0,120.0,120.0,120.0,120.0,120.0,120.0,120.0,120.0,9.49393749565041,9.972528698307173,71.65526553887844,112.55880811367005,114.35702677253849,114.66707406293904,114.3355795849428,113.9899194994965,113.91753548217106,112.91682193331236,98.63286715640852,94.45752589856609,92.26648844712795,94.41290843041928,101.9194320358008
120.0,120.0,120.0,120.0,120.0,120.0,120.0,120.0,120.0,120.0,0.004138757075840698,24.970522316552096,56.65844185309271,111.92880165259675,113.950482438117,114.71743542072498,114.68785311441724,114.36323793926513,114.00824081605695,112.79986845034786,98.45176334747332,94.32564716693997,92.19656702433106,94.3813025557434,101.90034826197092
120.0,120.0,120.0,120.0,120.0,120.0,120.0,120.0,120.0,120.0,0.004119459870824827,10.085648889211777,41.66041945552988,111.6481590208623,113.44523484543689,114.53840669035635,114.81079733933554,114.61047591854587,114.24522782868414,112.78322422271211,98.31277021109972,94.25837045613696,92.15351163377217,94.36479417934609,101.8973468130951
120.0,120.0,120.0,120.0,120.0,120.0,120.0,120.0,120.0,120.0,0.00538255589192531,0.008218938255012746,26.67051868368774,110.23635331267239,113.1945722624912,114.07827302196806,112.68350744265977,114.54416054932723,114.43256281609735,112.97463289468138,98.16008146752063,94.01107855140204,92.0464703813501,94.33494209228107,101.89472360889414
120.0,120.0,120.0,120.0,120.0,120.0,120.0,120.0,120.0,120.0,0.010918231494117888,0.004692699521287611,16.123666959301037,109.02121433464468,112.45231222526684,113.9917021349424,103.69790906797884,112.89613649497423,114.37486365398007,113.11432982876786,98.1603547076757,93.82549000913347,91.95123883254432,94.32041288246761,101.89706195529399
120.0,120.0,120.0,120.0,120.0,120.0,120.0,120.0,120.0,120.0,0.5279481844657499,0.00364161538243226,27.627940274783153,109.87526703266528,111.51529616072986,113.47825282027057,103.97110160335117,104.22681658977697,112.78655554408012,113.26197782333094,98.22464239157303,93.71417427713288,91.86788716272193,94.30635019726547,101.90785432208503
120.0,120.0,120.0,120.0,120.0,120.0,120.0,120.0,120.0,120.0,0.014307048604692169,0.0035900301976071382,42.61310792189336,111.79028614648114,112.06105435701272,112.71082771791134,111.89938287347108,104.54986071679352,104.22640698347445,113.38902864154399,98.33791692170513,93.64116749361985,91.81072570571558,94.29227664333983,101.91516743691818
120.0,120.0,120.0,120.0,120.0,120.0,120.0,120.0,120.0,120.0,0.006104010733349625,0.004790841716418497,54.39241665506564,112.74276071012575,113.14897227350589,112.960722759838,112.93730499622924,112.28173344832454,104.58715048848744,113.36706262689775,98.45827465144932,93.60661438467395,91.77309957470037,94.28680712182106,101.91780019399597
120.0,120.0,120.0,120.0,120.0,120.0,120.0,120.0,120.0,120.0,0.0042938866470222355,15.004790990208376,51.00597629348524,112.53909897547936,113.80792993381671,113.7555364601774,113.60285525782201,113.5305282051097,112.55275019369982,113.45411599774562,98.65442076771772,93.6822725357093,91.68598615026944,94.23854212982118,101.92285391844088
120.0,120.0,120.0,120.0,120.0,120.0,120.0,120.0,120.0,120.0,0.004390096438598991,29.952849735881717,36.011943116001525,111.87485167467207,113.85289246364286,114.14184246563325,114.05521693238681,114.000816431541,113.76552717805238,113.31511901323024,98.79670581626101,93.75716924034916,91.6422075110261,94.19335276613991,101.91600617212316
120.0,120.0,120.0,120.0,120.0,120.0,120.0,120.0,120.0,120.0,0.005177006270997198,43.618210652183485,21.01541298124239,111.44733262257331,113.49425910959857,114.27062527886405,114.26123722348203,114.22409813817913,114.15721220315318,113.03855416286346,98.78312172394968,93.83405540049425,91.62388461183745,94.16136815252531,101.90088773669834
120.0,120.0,120.0,120.0,120.0,120.0,120.0,120.0,120.0,120.0,0.006171620698733217,56.36285578017283,6.021102540309905,110.9225710168147,113.34949121554179,114.10697862851933,114.42513841787817,114.30407693622882,114.23828824757396,113.12686845076819,98.65693356807978,93.85692810403984,91.62863093906776,94.1386790936213,101.88887857535208
120.0,120.0,120.0,120.0,120.0,120.0,120.0,120.0,120.0,120.0,0.006736608376907959,66.37707076817483,0.005721874835320906,110.29786588633819,113.22013634477176,114.0864709753632,114.37705803644822,114.4751122334846,114.21070509057846,113.11834867813567,98.66905484609661,93.8198533083747,91.633028278838,94.12959534228993,101.8786832625911
120.0,120.0,120.0,120.0,120.0,120.0,120.0,120.0,120.0,120.0,0.009428088654710063,55.97254644861785,4.303520786240735,103.48086125759608,112.80400081919313,114.02128894024227,114.43112432541369,114.49716634830129,114.40315761547922,113.02263329426654,98.56318485305046,93.83322483523906,91.6060216122469,94.10041923984292,101.85945810118426
120.0,120.0,120.0,120.0,120.0,120.0,120.0,120.0,120.0,120.0,0.00925705855272485,40.9751611265463,0.019190843238812514,93.16192150586579,112.8354032605746,113.77144127908446,114.41654844683801,114.57412693962785,114.45306513968033,113.1562637080083,98.43306994489231,93.80280870642764,91.6114956450735,94.07641755915867,101.84170899627529
120.0,120.0,120.0,120.0,120.0,120.0,120.0,120.0,120.0,120.0,0.0116946578931334,25.97871130627844,0.01107190436837146,90.48559937131766,112.86983378759898,113.82099529938253,114.24054425266705,114.59742164718648,114.53623128252559,113.23193206463384,98.45940483178444,93.71440351814806,91.60080612862664,94.07997850775939,101.82753443030661
120.0,120.0,120.0,120.0,120.0,120.0,120.0,120.0,120.0,120.0,0.028553163083109692,10.984543583951531,0.010036639969225455,88.3623628722307,112.4284623348851,113.83431903257492,114.30101618770425,114.47403033408695,114.58549494743107,113.30215774687322,98.52951300413446,93.69006861737458,91.55041075154102,94.08088236543077,101.83897545883727
120.0,120.0,120.0,120.0,120.0,120.0,120.0,120.0,120.0,120.0,14.27254893601647,0.007777520238059233,0.022124014332870832,88.0753202996965,112.15814800547234,113.5311727449078,114.33372588435526,114.53603424065682,114.49690284378062,113.37833355647493,98.57393332370944,93.70397649438584,91.52525616856605,94.06065734106166,101.8495045100719
120.0,120.0,120.0,120.0,120.0,120.0,120.0,120.0,120.0,120.0,16.300171386444195,0.0032424398104274168,15.00819061083324,90.14199021147664,112.9133306262843,114.08435567768328,114.74284216000575,115.1303818016548,115.15133719496212,114.0639616631059,99.86056886315707,94.87081664748759,92.63125460395634,95.16700172075373,103.02723231344939
120.0,120.0,120.0,120.0,120.0,120.0,120.0,120.0,120.0,120.0,1.3051036376032585,0.004794478268034857,28.14382426204177,102.17169630595792,113.31194390000313,114.1385873038171,114.7307400627608,115.06629074577452,115.23609119425464,114.26269380082178,100.32041135740899,95.29067504255326,92.98427602456051,95.52316204842799,103.39529845798816
120.0,120.0,120.0,120.0,120.0,120.0,120.0,120.0,120.0,120.0,0.0034286480190939346,0.010849266851203163,25.654442611958572,108.82789315766856,113.74132747111092,114.23613915735552,114.65253451551378,115.00020721903628,115.11314025475481,114.28465865099814,100.52680855136046,95.46529442529427,93.09986318036272,95.63240129303838,103.52402723953914
120.0,120.0,120.0,120.0,120.0,120.0,120.0,120.0,120.0,120.0,0.002972949687076251,13.447396091196877,10.707790778469683,110.64844271840926,113.74129990193518,114.46099997953945,114.66035621290477,114.91438885756897,115.07043473803644,114.1870059759087,100.60166707068825,95.56410630300422,93.14136179706136,95.66037594613259,103.55841815197228
120.0,120.0,120.0,120.0,120.0,120.0,120.0,120.0,120.0,120.0,0.003862618720962519,27.634864347939764,0.011133911175255622,111.4024584777084,113.4379647947582,114.47906124308145,114.78683686333392,114.87784127985115,114.99822851617289,114.17112770217187,100.57672326649224,95.61333554975411,93.15993868168408,95.66468802864243,103.56279618833364
120.0,120.0,120.0,120.0,120.0,120.0,120.0,120.0,120.0,120.0,0.007445902434053518,12.637773184298888,6.2713414442019015,114.12658739478559,117.07277808308669,117.13673597009895,116.91355349864507,116.83972690876496,117.01160251113502,116.04530715594713,101.7105217482988,96.7858749888537,94.50341042641331,97.13816711576187,105.28260201828095
120.0,120.0,120.0,120.0,120.0,120.0,120.0,120.0,120.0,120.0,14.747158113966766,0.009706063559025518,18.255881692624573,112.72130471275501,117.61374249764661,117.74850713815434,117.77373135326683,117.76607744477049,117.6671026989183,116.91145077720314,102.42947811758923,97.61188652469367,95.34562419673016,97.9981461668989,106.31255207840044
120.0,120.0,120.0,120.0,120.0,120.0,120.0,120.0,120.0,120.0,27.140927301234793,0.29884053383966636,33.24744573267234,106.1342695653785,117.48213768662177,117.66276192488417,117.67906112409601,117.69029969292303,117.71249651782443,116.98076592818725,102.44232273684831,97.81384638038337,95.6268159096391,98.29565303815991,106.66941855511494
120.0,120.0,120.0,120.0,120.0,120.0,120.0,120.0,120.0,120.0,17.123511829865937,2.5015396086382546,48.21603637694794,95.41501059094978,117.15595790389943,117.6133599976403,117.68460241735131,117.67221152572436,117.66541771452695,117.11775497254007,102.25562854136878,97.72677952437422,95.68680687822476,98.39540953829957,106.78599681321029
120.0,120.0,120.0,120.0,120.0,120.0,120.0,120.0,120.0,120.0,2.127043472444897,17.499836117060866,43.08239272624074,95.11309947287374,116.79052516839985,117.43522819569938,117.69723686654042,117.68710747856132,117.6689781487269,117.19503474715029,102.22642845897226,97.5779163632875,95.65755942273067,98.4212994223461,106.82201592814211
120.0,120.0,120.0,120.0,120.0,120.0,120.0,120.0,120.0,120.0,4.131279801594987,30.646020563677926,28.083699544233582,105.34664883275094,113.23093390827567,114.06926999684693,114.8571109065133,115.08280767913492,114.91274746496211,113.85174332179285,100.32039751416424,95.89776641567876,93.95900217715726,96.48181389022609,104.12263439854871
120.0,120.0,120.0,120.0,120.0,120.0,120.0,120.0,120.0,120.0,6.09225092663663,43.3140862145954,13.085495915574434,110.68728141226039,112.97145442280434,113.44676466733682,114.11604290967567,114.6563813098002,114.6551821386794,113.35476329969444,99.42984416836988,94.94639118063266,92.98190077078375,95.41734408887223,102.87656473972143
120.0,120.0,120.0,120.0,120.0,120.0,120.0,120.0,120.0,120.0,20.451296137097287,55.44864586376083,0.0041292690626390655,110.52089925081683,113.55739379718653,113.56505188911518,113.92387850905233,114.35988681538682,114.58430895155392,113.34038816380419,99.05236678263348,94.45033258201325,92.42598098745846,94.84112019325235,102.31183723331401
120.0,120.0,120.0,120.0,120.0,120.0,120.0,120.0,120.0,120.0,31.058844887560944,66.35009113138764,0.003448010674764708,109.26397776539352,113.1854766985684,114.06784187257774,113.96385114899874,114.23540637313683,114.42988939362911,113.35382853381512,98.90751710991856,94.20863423340178,92.14092501720323,94.54195756318826,102.0620916111395
120.0,120.0,120.0,120.0,120.0,120.0,120.0,120.0,120.0,120.0,37.93700136742242,72.4503670517628,0.003287683418065271,109.1148352844812,112.32075102675901,114.04756540498208,114.30186153053184,114.17349156204246,114.35371052337985,113.30423407492894,98.87295046629013,94.10314852638851,92.02386539796031,94.4208503944028,101.96553933563624
120.0,120.0,120.0,120.0,120.0,120.0,120.0,120.0,120.0,120.0,22.93700113813494,76.92627705313714,0.0027998892667895968,94.11483434460366,112.27257906859069,113.43196039472039,114.28394734910609,114.4240989478509,114.27978862369474,113.24167488856266,98.8332331302028,94.00799276670897,91.84308646356403,94.27402537305097,101.90115702411322
120.0,120.0,120.0,120.0,120.0,120.0,120.0,120.0,120.0,120.0,7.950545784951991,79.60031532393155,0.002931327111743582,88.19469257163071,112.31054561498566,113.44955587528074,113.94845388967555,114.43487726272924,114.41684304082656,113.16936249362287,98.7966939854508,93.9727111943567,91.73867771176445,94.1821464639779,101.87339971192664
120.0,120.0,120.0,120.0,120.0,120.0,120.0,120.0,120.0,120.0,0.01007192881970676,81.71126261125443,0.00304909924025535,73.21041883531477,112.10034854791486,113.40226822136725,114.02012839089322,114.22155104468187,114.42442494933887,113.23806288185308,98.74672544204593,93.95935964812239,91.68848956728323,94.12590013367786,101.85085046279498
120.0,120.0,120.0,120.0,120.0,120.0,120.0,120.0,120.0,120.0,0.008883370766684082,83.9968300153963,0.004290221115562042,58.21482250062654,111.54516902662617,113.22256006450414,113.94039389292716,114.31851786846546,114.28706692297173,113.242501161138,98.75554897829633,93.94000430146042,91.66769015510783,94.09890304713075,101.83400982340146
120.0,120.0,120.0,120.0,120.0,120.0,120.0,120.0,120.0,120.0,0.008581806159351038,85.6356543169577,0.0065781787102771735,43.22097452137197,111.24816021018545,112.90256058983226,113.82326455330454,114.23115237181288,114.40537133455696,113.13945962102856,98.7674452236886,93.93928684387417,91.65435690718758,94.09037316531273,101.82726448163955
120.0,120.0,120.0,120.0,120.0,120.0,120.0,120.0,120.0,120.0,0.007530683593643851,70.63925621527608,0.00459805984058904,29.73954516700302,112.21683685172366,114.03370437002526,101.59744163556904,112.17075672346186,115.21855016858676,114.32089911623422,100.34290696443034,95.57047187858252,93.28669311673428,95.75249976320129,103.60710984828263
120.0,120.0,120.0,120.0,120.0,120.0,120.0,120.0,120.0,120.0,0.011790774964776707,55.642857743287664,0.004149874980412009,21.69013380708816,112.60055992784645,114.1017997292656,111.29628445919107,102.60117339518116,115.2630027038929,114.45517370488201,100.85153116234274,96.07933946435021,93.82256675408063,96.29535755155133,104.16667972163961
120.0,120.0,120.0,120.0,120.0,120.0,120.0,120.0,120.0,120.0,0.007727530621372399,40.64645365788945,0.004136204319954263,24.21057889491435,113.0988726159577,114.22482363874971,114.22972587134456,112.16115168354624,115.2266244217482,114.38292374239795,100.9023592249637,96.24601548069893,93.99048443033114,96.47612066486326,104.35026829082365
120.0,120.0,120.0,120.0,120.0,120.0,120.0,120.0,120.0,120.0,0.005602622218447744,53.84977932222242,0.004979879088048854,30.1591873730424,113.32606309005718,114.55276182542579,114.76818287127176,114.67963602146789,115.21280901848802,114.35684126415937,100.79836552865478,96.24733978846777,94.05311983219937,96.53143072262583,104.40381862355491
120.0,120.0,120.0,120.0,120.0,120.0,120.0,120.0,120.0,120.0,0.00634783331912449,63.67525298491978,0.00848327055689119,33.154469012997815,112.99293874894387,114.7768071118217,115.04172430703024,115.05309940419629,115.14786193968675,114.33814416396253,100.74796981310587,96.18461289731474,94.06166740435953,96.55331726925579,104.41175992879624
120.0,120.0,120.0,120.0,120.0,120.0,120.0,120.0,120.0,120.0,14.71870572921713,48.67525249943557,0.004126628611667201,37.58726794861574,111.15310245281927,113.62729669065514,114.26404259036562,114.29662126167229,114.21077532241753,113.11982646188001,99.46642800333598,95.04820910595022,92.98368213671229,95.43659195945476,103.01299885563438
120.0,120.0,120.0,120.0,120.0,120.0,120.0,120.0,120.0,120.0,29.71625489476765,33.675865060137696,0.0076010199389282395,27.128064868194325,110.41318474150125,113.02529426799039,114.11851944063915,114.3560260379333,114.2237806783757,112.92671377930434,98.73694458216994,94.39961732394649,92.37277430266448,94.81625944723488,102.37104688432316
120.0,120.0,120.0,120.0,120.0,120.0,120.0,120.0,120.0,120.0,14.751105897230746,18.677009242294293,0.007908381579189615,13.424419598822022,110.20123299538052,112.64871222085783,113.84011510680922,114.37278575021473,114.34264585974817,112.99222173836995,98.37522704875884,93.99278686680928,92.03021079420867,94.4886757641163,102.07289365005876
120.0,120.0,120.0,120.0,120.0,120.0,120.0,120.0,120.0,120.0,0.017965929474942202,33.3863023956884,0.004090423418672393,10.080204761542062,110.81258575371224,112.42443886437948,113.59366452128873,114.22974335501692,114.38980919255204,113.0720075217429,98.24667164112633,93.76568685071429,91.82574589916882,94.32808867098882,101.9497774608831
120.0,120.0,120.0,120.0,120.0,120.0,120.0,120.0,120.0,120.0,0.01029373682183597,42.451636590010764,0.002651061870206456,18.616584800755824,111.68035060885137,112.73115635786752,113.35450247150787,114.1027598098446,114.33259386465458,113.12169317811643,98.20934014159708,93.67933373076144,91.72771748307105,94.25469970269347,101.9122911188296
120.0,120.0,120.0,120.0,120.0,120.0,120.0,120.0,120.0,120.0,0.005600223500773726,54.76018644151977,0.0016036406408862565,30.66247683288478,112.5714794421464,114.22743228846166,114.46064380140731,114.68447483213403,114.96676068027311,113.81853467757823,98.82788419332496,94.14982291539002,92.18827410069972,94.78125030190203,102.59203480205005
120.0,120.0,120.0,120.0,120.0,120.0,120.0,120.0,120.0,120.0,0.00539615805430637,65.77555162603656,10.646964141556845,16.9943389371973,111.90319159566032,114.59485802612093,115.03319514808129,115.01252128242427,114.98219837345788,113.91381337827242,98.95379913141876,94.19362077418911,92.22572049026293,94.86745692796305,102.73104173223891
120.0,120.0,120.0,120.0,120.0,120.0,120.0,120.0,120.0,120.0,0.005595963367738539,75.50868333391293,25.645952764835023,1.9996264738736451,110.68981396892573,114.11189677013603,115.23700630159065,115.3297075265486,115.13755801731091,113.84996608208849,98.96188767928115,94.17877547608141,92.19190676277253,94.87400862026817,102.7814315816483
120.0,120.0,120.0,120.0,120.0,120.0,120.0,120.0,120.0,120.0,0.006325719497241339,83.02858608413953,39.03926328556585,0.0031473818655522413,111.47743438743773,113.1949180776419,114.93754199149328,115.48881680773486,115.33905301669569,113.93311157426811,98.9140131871039,94.15360305720513,92.15770514579879,94.85694483554465,102.79380340381763
120.0,120.0,120.0,120.0,120.0,120.0,120.0,120.0,120.0,120.0,0.010134977580424274,86.82178923581777,50.07412073047136,0.0025282825305723336,112.62954040182845,113.5757778895141,114.25078623289853,115.41573691246911,115.45438414598243,114.05610739428757,98.9203888969461,94.11902714117659,92.1380859672798,94.84293707857321,102.79022142877962
120.0,120.0,120.0,120.0,120.0,120.0,120.0,120.0,120.0,120.0,0.0026339752743823864,71.82284615640508,46.7113931581573,0.0010354326636160158,110.99311903418511,113.6361825089367,114.02862947897961,114.24931599216191,114.61587806500437,113.42720969179351,98.71365635568891,93.82101409913732,91.78589615221853,94.46072730184898,102.27721626948906
120.0,120.0,120.0,120.0,120.0,120.0,120.0,120.0,120.0,120.0,0.004679297681540511,56.823903562830765,31.71165249900781,0.0009926433919728262,109.18681671473976,113.33899879902306,114.2939254369126,114.39593444677665,114.29962172698448,113.31423380546927,98.65294026292939,93.68938437979378,91.59601522546019,94.24871782765484,102.04269663775514
120.0,120.0,120.0,120.0,120.0,120.0,120.0,120.0,120.0,120.0,0.010730133877658738,41.824960681776446,16.71205807016369,0.0011229963712519923,107.67572818198826,112.46278029357897,114.16719499728605,114.59170685219301,114.51497011385494,113.19744890527552,98.64940278074272,93.626647045462,91.50029663043543,94.1387750415647,101.93444562058701
120.0,120.0,120.0,120.0,120.0,120.0,120.0,120.0,120.0,120.0,0.022122057252990712,26.827018747264766,1.7129520966274665,0.0013866415659643183,106.80062905773568,111.51181735804296,113.67983224890412,114.5132463675185,114.63878736652669,113.38005222409106,98.657891519,93.59833329780515,91.44570924880432,94.08682703734222,101.89114662183403
120.0,120.0,120.0,120.0,120.0,120.0,120.0,120.0,120.0,120.0,0.016725076520761883,11.832860015957802,0.0025488033216896455,0.0017423321380827554,106.65806685961432,110.89001233651973,113.12643917281191,114.28617197246277,114.58988167320219,113.47718742536608,98.76494533792976,93.58200525107705,91.4188203241218,94.06138412393275,101.87892802621381
120.0,120.0,120.0,120.0,120.0,120.0,120.0,120.0,120.0,120.0,0.013130119458678027,1.1925035063419012,15.002548952030724,0.002651654275162131,108.10051105857727,110.86782007431133,112.54106118293838,113.80100353500575,114.44556412998843,113.4539638729584,99.12798669291567,94.02552281855891,91.66251068958837,94.26378480300266,102.0218177192182
120.0,120.0,120.0,120.0,120.0,120.0,120.0,120.0,120.0,120.0,0.011344247169873294,6.616319063884321,30.00254910071427,0.0034642925879468166,109.54471660332533,111.36019148168647,112.36703956610158,113.3706666766918,114.1312300518152,113.40279219399405,99.2746430857677,94.32641987611822,91.88800112215029,94.3987953487931,102.09480314999124
120.0,120.0,120.0,120.0,120.0,120.0,120.0,120.0,120.0,120.0,0.01297988027566173,0.009401727206344574,15.004591902037983,0.004034532395308127,110.04112810847333,112.22629772692005,112.54307518369563,113.16257812558429,113.77631001970458,113.19274074565556,99.32262303577525,94.48788171213046,92.04617991354894,94.49552560154672,102.1339751808417
120.0,120.0,120.0,120.0,120.0,120.0,120.0,120.0,120.0,120.0,0.024287501837042747,0.010780026500811708,0.016183487627018826,0.006093988703120993,106.22758205825298,113.22718819256457,113.00921079084816,113.16637256579392,113.56012462818234,112.8875222641063,99.24063629766106,94.59923483015034,92.12536174752788,94.54969649763026,102.16630641503426
120.0,120.0,120.0,120.0,120.0,120.0,120.0,120.0,120.0,120.0,1.7963723640753289,0.014891832630190375,5.055799204378976,8.561965209154573,97.71541423023372,113.94558470051695,113.58937917666583,113.34360070750157,113.46722346924673,112.68180878631172,99.08508946152979,94.6565739355241,92.16948886490862,94.56111195300691,102.18204648116756
120.0,120.0,120.0,120.0,120.0,120.0,120.0,120.0,120.0,120.0,12.131988038406245,0.003157424019214243,19.686029109206302,23.561568018605335,97.07021474476309,111.65330354531692,114.01108245202894,113.79873207784459,113.5443554361221,112.44147547497228,98.31739700751447,94.21786777589983,91.97727626009687,94.34569170592619,101.98216633035543
120.0,120.0,120.0,120.0,120.0,120.0,120.0,120.0,120.0,120.0,27.12718582343411,0.001566331484092333,12.800907991736922,38.56101583924522,107.1127166557479,102.91900151147235,112.7082527688572,114.09885986459597,113.83346406959707,112.38564525715965,97.76879389169424,93.86205136177516,91.84482294538095,94.24287453136004,101.89355443861476
120.0,120.0,120.0,120.0,120.0,120.0,120.0,120.0,120.0,120.0,12.131135618132559,0.0015624195724021409,0.013547354852083979,53.56020804531017,111.267107654673,111.82065883770794,104.63606821483019,112.95183658386873,114.20635176685776,112.51257219264947,97.40029328555714,93.56649256511649,91.74411016548959,94.18812646590237,101.86218136257276
120.0,120.0,120.0,120.0,120.0,120.0,120.0,120.0,120.0,120.0,0.002164947796377145,7.326257714756954,0.0041455702260235205,68.55899809048199,111.51167411598026,113.91972940952782,113.10628366805446,105.12488214610595,114.50860157330109,112.75369111213737,97.22095047003135,93.33097201766859,91.66825544957683,94.16165429271479,101.84883670662617
120.0,120.0,120.0,120.0,120.0,120.0,120.0,120.0,120.0,120.0,0.0021000654838735484,22.32498403252717,0.0030577233247644827,83.55671045348792,110.72807628616212,113.85542959878322,114.71119053074719,113.30954938908494,114.74979707319494,112.97421719398984,97.18796924341395,93.19441681071457,91.61649595873138,94.15438207125497,101.84652991641298
120.0,120.0,120.0,120.0,120.0,120.0,120.0,120.0,120.0,120.0,0.005633908156226731,20.800485695249677,11.380224407342368,96.70279179406954,111.33745899299265,113.26095130386085,114.61965474017687,114.91487069921253,114.98936864696456,113.32554006268512,97.59974885260137,93.0500099054255,91.45399732723139,94.1308282021662,101.87160552348261
120.0,120.0,120.0,120.0,120.0,120.0,120.0,120.0,120.0,120.0,10.632495035168148,5.8047327739265935,0.012742767348157526,106.20165457175725,112.22840904289934,113.02608734992461,114.09849385724672,114.92473021766757,115.07259759674014,113.60797239272455,98.06817792374638,93.02065721895542,91.33653252638841,94.10828236864018,101.89251331759151
120.0,120.0,120.0,120.0,120.0,120.0,120.0,120.0,120.0,120.0,25.626155345036974,0.010744914915810354,0.015444694858381423,107.73872778194247,112.967925779846,113.3126064605163,113.8126578262249,114.5323030747408,114.9880644899384,113.77326203828616,98.54911079118253,93.0907296262154,91.25811842526284,94.08714198066558,101.90794303218792
120.0,120.0,120.0,120.0,120.0,120.0,120.0,120.0,120.0,120.0,10.634157224485909,0.01802138502387412,0.36341243076928953,107.82392566116349,112.15972440371728,113.73244070821728,113.90165137466651,114.26534492460294,114.69342415725673,113.80456983371221,98.94455035215961,93.2189396520252,91.21961468224961,94.06695589958899,101.91778479475758
120.0,120.0,120.0,120.0,120.0,120.0,120.0,120.0,120.0,120.0,0.008409709492014849,0.0033550110630998714,9.32473520758326,108.55041361546127,111.56573994695634,113.29806287026186,114.18870164488033,114.22609312957329,114.48031223418441,113.6782875394272,99.17668011181755,93.32714730078779,91.21303953604908,94.05376554007204,101.92019258481041
120.0,120.0,120.0,120.0,120.0,120.0,120.0,120.0,120.0,120.0,0.01474075194730032,15.003355159812084,24.318145469437518,93.96133678483804,112.12022557831493,113.1924150778406,114.145671586378,114.59215649884388,114.62298730954272,113.7515842825924,99.77972315272946,91.41990282310682,91.98629285623024,90.48907503641307,99.78311039150731
120.0,120.0,120.0,120.0,120.0,120.0,120.0,120.0,120.0,120.0,8.151543130573263,28.916975033266116,18.958034722947218,104.01306254655789,112.23125212248685,113.39562152469719,114.0177300992353,114.43014041276045,114.68605610593717,113.7276433574534,100.08526068392928,87.01094361120474,92.43680140015984,88.52951860758459,98.14919153247126
120.0,120.0,120.0,120.0,120.0,120.0,120.0,120.0,120.0,120.0,6.826146239160987,42.52857016793371,3.978220868334107,96.8060594138342,110.03199968745798,113.27038576025183,114.07151635322634,114.33099251250385,114.50800002954045,113.70094244083566,100.20626617357827,79.23098763405632,92.70220239308661,87.21099088295946,98.14059693544414
120.0,120.0,120.0,120.0,120.0,120.0,120.0,120.0,120.0,120.0,0.006638083840153621,55.67572790720849,0.009631421343339431,93.00076060675043,101.511153913091,111.1026292434928,114.00084015129158,114.36470718166889,114.44741686218951,113.54130841935326,100.20742337795488,68.91182592671137,92.85611128434638,86.0722095457676,99.55018138452873
120.0,120.0,120.0,120.0,120.0,120.0,120.0,120.0,120.0,120.0,0.010638981195179755,67.5075053355825,0.00867585584920544,91.04672633637466,109.97775576731833,103.02005703937324,113.09979601893619,114.43671221729174,114.45995862891587,113.48912001115214,100.1265082214396,56.670365236744274,92.92939780139919,86.5034660177472,100.71758193272353
120.0,120.0,120.0,120.0,120.0,120.0,120.0,120.0,120.0,120.0,15.010639130045677,63.52289605723173,0.003022935240518477,90.58288230545553,111.89994868322438,112.10784403528127,114.82788721110688,115.01445861762757,114.86527348959036,113.7903207844138,99.98360103439244,68.82377673219395,92.94401849282481,90.27527475396698,101.8974676928693
120.0,120.0,120.0,120.0,120.0,120.0,120.0,120.0,120.0,120.0,0.014875153300508547,48.52368296930407,0.0027751899577838713,90.52649982769526,108.54681177475119,113.6967993558475,115.00851938858085,115.1713609831237,115.0158704941371,113.76869014982667,99.68021387025543,78.18217994850129,92.74914357714037,92.24402952293883,102.25622480253953
120.0,120.0,120.0,120.0,120.0,120.0,120.0,120.0,120.0,120.0,0.0057469637751797215,33.52537720478979,0.002620759538983176,90.46099967719917,98.44782863723664,111.18819641248962,114.70264030596763,115.2432676809897,115.11243517749777,113.80555318351047,99.42746341335184,84.63001441723799,92.63411454871458,93.30642477508853,102.41008888111813
120.0,120.0,120.0,120.0,120.0,120.0,120.0,120.0,120.0,120.0,0.00859787928631371,47.73880928819663,0.0024289298314240024,89.73697634739808,98.2625619629577,101.43156170664686,112.36987678862064,115.28064579330369,115.2007248470842,113.87750245260625,99.28552403727275,88.3421863855299,92.57973316135212,93.86465416834793,102.46846594706432
120.0,120.0,120.0,120.0,120.0,120.0,120.0,120.0,120.0,120.0,0.04659635564600158,59.27012265447981,0.002885091873786368,98.44227698522171,107.62147391813106,101.22216485460231,102.87311309947066,115.21109599618204,115.26562858212108,113.95190284349145,99.24716317474535,89.95742161013804,92.5403271715453,94.11358110728459,102.49436932811716
120.0,120.0,120.0,120.0,120.0,120.0,120.0,120.0,120.0,120.0,0.0055226431149342226,44.270690498739064,0.002235674654421533,87.34194907600887,110.93840002449346,110.19594437469577,111.54597357006966,114.45694975392466,114.55672203993886,113.42871913769031,99.00832440095894,91.73075040881955,92.1954025097853,94.11723521027282,102.13255599370981
120.0,120.0,120.0,120.0,120.0,120.0,120.0,120.0,120.0,120.0,0.1773851323374438,29.271490024287008,0.003099016146181855,72.38359019308476,111.57135997834891,112.60125168756664,113.49136358213883,114.29840647075416,114.42194621167356,113.31179074464454,98.92875331279022,92.7377692501661,92.00346483581271,94.11597106227019,101.96664181318718
120.0,120.0,120.0,120.0,120.0,120.0,120.0,120.0,120.0,120.0,2.339664081679408,14.273529152942476,0.0036486360561966877,57.39862050989307,111.53035765333152,112.92688646694886,113.69087824586269,114.17893849773304,114.3597214444791,113.27270003281158,98.8882881493655,93.2993666085327,91.90272765824024,94.12202718859938,101.89127448831591
120.0,120.0,120.0,120.0,120.0,120.0,120.0,120.0,120.0,120.0,0.008054223420459122,29.269212330267525,0.0030294507668307234,51.478817836228906,111.91052863457247,112.84643907265149,113.6035562432525,114.07742867369858,114.26563863258826,113.2405618939351,98.87163175551517,93.58863611653544,91.85104153091731,94.13102193722575,101.86523630460952
120.0,120.0,120.0,120.0,120.0,120.0,120.0,120.0,120.0,120.0,0.00742638396262085,44.267532728609766,0.002812524567166128,64.9902504663005,112.24986066425853,113.17563704361388,113.41509116496265,113.98983684817127,114.19120450208042,113.17365167918,98.86787529688633,93.71359337995034,91.82565204837393,94.13603780072282,101.86013649258531
120.0,120.0,120.0,120.0,120.0,120.0,120.0,120.0,120.0,120.0,0.015802303128815014,29.26944111933751,0.005721169970836577,79.98663134385347,113.69700841034269,114.67142881977634,114.91292810189287,114.99907090501634,115.17296448063128,114.17453165075776,99.93598052744504,95.04843249576469,92.99550724640396,95.37043837490181,99.21312205704368
120.0,120.0,120.0,120.0,120.0,120.0,120.0,120.0,120.0,120.0,0.07932891504097576,14.273593867515082,0.005610812752934974,91.61629913960984,114.00153786107472,115.16731745732405,115.43202577575963,115.46237530110133,115.34271429671644,114.36137962208123,100.11943912652276,95.42962510446725,93.32268657185777,95.72654263165467,93.66847692568061
120.0,120.0,120.0,120.0,120.0,120.0,120.0,120.0,120.0,120.0,3.6362947481225074,0.020793412153625665,0.005782993598215208,103.35972347777926,114.23835519530604,115.14207618015836,115.64012786715162,115.67633295229074,115.5449674591351,114.3272335419824,100.04689045880487,95.50236006889898,93.40479349313158,95.83421344020114,84.58310341580432
120.0,120.0,120.0,120.0,120.0,120.0,120.0,120.0,120.0,120.0,5.97771662444767,5.519661578651382,0.016137460938261197,108.85063064905731,114.34030482981399,115.16720813904418,115.57350031593705,115.7938138359381,115.65870418081819,114.42563244263428,99.92117846772072,95.46722010059541,93.40929298158008,95.86843079426099,72.17896181358
120.0,120.0,120.0,120.0,120.0,120.0,120.0,120.0,120.0,120.0,0.014788254204511969,0.0032808286496675593,9.440640280961698,110.70785025546955,114.22560534194464,115.19657375359249,115.56097615947057,115.74651470479691,115.73941570375833,114.48290775859921,99.89745611840033,95.40517232101259,93.39417806592083,95.87277655591808,83.13579340236906
120.0,120.0,120.0,120.0,120.0,120.0,120.0,120.0,120.0,120.0,0.0035480132350772286,0.003097905693910247,24.439069627435725,113.13581749975292,114.3820710813146,115.04441347416663,115.4494529620145,115.61474061558151,115.58596101336617,114.51040873788781,100.50555458331493,96.01173853472648,94.02585204623665,96.52465376016274,92.96072645801796
120.0,120.0,120.0,120.0,120.0,120.0,120.0,120.0,120.0,120.0,0.004161309636758997,0.0027072563680633163,39.43618232992499,114.33985218633788,115.10623497957573,115.19989339785761,115.4785166133181,115.6747335334091,115.66089646750562,114.57494030225098,100.50290926310589,95.9714249974402,94.00668248363947,96.52490056928492,98.73366203962387
120.0,120.0,120.0,120.0,120.0,120.0,120.0,120.0,120.0,120.0,0.00619540884483398,0.0030541838327893004,54.42266351857883,114.41487017331478,115.63604028915535,115.63273483460883,115.55472764919713,115.6658852443001,115.67605145798645,114.61504430189466,100.40250198678025,95.81145198120515,93.8748758797937,96.43566929994034,101.58582384067388
120.0,120.0,120.0,120.0,120.0,120.0,120.0,120.0,120.0,120.0,0.0037711001630225103,0.00398547555637931,61.99962414902962,113.737004094532,115.7134863770963,115.96823694285523,115.83785776692056,115.7085932742277,115.66077976495133,114.62786002628323,100.34714774845041,95.67035410393294,93.74773086059233,96.3617467667709,102.87333153980133
120.0,120.0,120.0,120.0,120.0,120.0,120.0,120.0,120.0,120.0,0.002484489572277456,0.004381923726951395,68.69811000978359,112.94780562592338,115.3811228516127,116.08367180514767,116.05670646470212,115.89299314211804,115.6778692960734,114.61878619753294,100.33040416673553,95.59827291618242,93.6646242568114,96.31543539810382,103.36232567805328
120.0,120.0,120.0,120.0,120.0,120.0,120.0,120.0,120.0,120.0,4.922516975876068,0.0016930933955943007,79.46511873670771,112.11852667808115,113.85930500658841,115.05283129503847,115.39963284642832,115.31672144758079,115.10643038098587,113.99299366724615,100.70231007073343,96.0009469937619,94.03814782061109,96.65366614240823,103.92840977430076
120.0,120.0,120.0,120.0,120.0,120.0,120.0,120.0,120.0,120.0,19.92141706240924,0.0011970716568303007,86.43840454380607,112.47519083644376,113.45064095702924,114.43673877106654,115.1902939783954,115.33362140556329,115.1391345125845,114.00722470006802,100.7547121177144,95.97928717561261,93.9785745189147,96.5886751783226,104.03292976792288
120.0,120.0,120.0,120.0,120.0,120.0,120.0,120.0,120.0,120.0,4.922849765300797,0.001132217234959456,94.55335169434493,113.19993347218053,113.5860583455004,114.16315678124565,114.79479461238357,115.26880645630142,115.22238840054688,114.08936153721305,100.79888998468432,95.89174435471003,93.84092021044835,96.46465123465299,104.0371079262545
120.0,120.0,120.0,120.0,120.0,120.0,120.0,120.0,120.0,120.0,0.0015538030066555347,0.0012133849994204072,105.75266106434452,114.07490050154416,113.90335493347513,114.16383805812436,114.58338040953235,114.99477567869877,115.22165047268119,114.1927360581052,100.86646200296235,95.83532755692266,93.73181872293063,96.36484947298933,104.01889731988182
120.0,120.0,120.0,120.0,120.0,120.0,120.0,120.0,120.0,120.0,0.0013068340954570771,0.0015065371444925534,109.45495601639892,114.50228435672766,114.41656800840991,114.22287396773764,114.52734101032426,114.84579582866081,115.04708007270139,114.26193742229687,100.94767076239395,95.80917981859726,93.67553694427103,96.31162427800933,104.00326483390981
120.0,120.0,120.0,120.0,120.0,120.0,120.0,120.0,120.0,120.0,0.01614060417066677,0.015977839034930476,97.16156492189484,113.99269921133404,115.20561469718135,115.0678874808165,114.91575411721146,115.17019315799642,115.36407214040963,114.43192023595081,100.93067223922968,95.76795466279674,93.46538875288508,96.01142972372111,103.64674968699558
120.0,120.0,120.0,120.0,120.0,120.0,120.0,120.0,120.0,120.0,0.02471821594922243,0.018992897821489933,83.88443608615113,112.93665347807557,115.02178055032275,115.54058075514736,115.35804326831473,115.25019497224501,115.4136509647546,114.46180998051067,100.71442628266455,95.61058019993335,93.1516408509106,95.63546666294344,103.32676465543736
120.0,120.0,120.0,120.0,120.0,120.0,120.0,120.0,120.0,120.0,0.03185718874216364,0.04758316855419607,88.23737728859221,112.59041148948691,114.33152939756779,115.43493737749972,115.64024920448682,115.47629196727232,115.32869949127937,114.38727137430295,100.51637591483528,95.50088379206998,92.94840713223437,95.37846763617173,103.13896652147997
120.0,120.0,120.0,120.0,120.0,120.0,120.0,120.0,120.0,120.0,0.034942306744932136,0.573993960142026,100.48367803783482,113.00042329021922,114.02812979077237,115.00330708913344,115.59523095144797,115.65260257984524,115.44267053390107,114.24223105706383,100.34208144113803,95.4477819035628,92.8397846895305,95.2346611176478,103.03584076374092
120.0,120.0,120.0,120.0,120.0,120.0,120.0,120.0,120.0,120.0,0.03572225808030138,1.264609163842564,108.6333167436478,113.64686736584498,114.10318065234463,114.78846736901663,115.36704483118773,115.65212148973097,115.54647229252512,114.26381896076417,100.18574255892904,95.42770621177745,92.7968860034057,95.16923063044945,102.9912739664805
120.0,120.0,120.0,120.0,120.0,120.0,120.0,120.0,120.0,120.0,0.025540687423991227,14.740645870815907,111.04141911319745,113.593018301391,113.6211079504774,113.8347062628831,114.21605954792727,114.51794238985703,114.56821150995908,113.44001824913279,99.54083636024988,94.88729304677803,92.36535918295269,94.64885310736298,102.32474308872413
120.0,120.0,120.0,120.0,120.0,120.0,120.0,120.0,120.0,120.0,0.030044396835873642,11.783914144128339,109.78524307950462,113.8878779472965,114.00363453925591,113.87544067194834,114.02270876808501,114.29606710122405,114.39139112074194,113.27014029579017,99.21926847254488,94.58447488913302,92.11798825869175,94.37266686451596,102.01889879079455
120.0,120.0,120.0,120.0,120.0,120.0,120.0,120.0,120.0,120.0,0.032617839637032825,7.663712922051452,104.39731504502429,113.65117254435633,114.38071940850578,114.21734000135591,114.08076804888186,114.2035081212696,114.32609318154651,113.23148088273746,99.02807674197217,94.41442910651632,91.98667515198284,94.22437611662632,101.88177313175238
120.0,120.0,120.0,120.0,120.0,120.0,120.0,120.0,120.0,120.0,0.03495410983169493,0.7416856565265212,96.63619575324421,112.37569055626555,114.37767889905741,114.56420937653216,114.32320142615855,114.2123849000451,114.23866725701393,113.20532234471405,98.93856852823713,94.30155780308407,91.92176222574852,94.15540429779692,101.81865169137427
120.0,120.0,120.0,120.0,120.0,120.0,120.0,120.0,120.0,120.0,0.03549028345874378,1.636868673673326,89.71381059265232,111.80538588657498,113.62521787076986,114.72941400260532,114.5787021187254,114.35027904364998,114.20422089197973,113.12626929524617,98.91051757943602,94.24928150792485,91.88549756770486,94.13302195056669,101.79808452121294
120.0,120.0,120.0,120.0,120.0,120.0,120.0,120.0,120.0,120.0,0.021305641450579765,16.309939861160466,93.96409417640311,111.57022621153526,113.25819462821951,114.20948607215793,114.73139846351255,114.58580273420793,114.32834094484069,113.0717367293405,98.73919828441126,94.15653598888656,91.82905360928434,94.1053883087432,101.79340173651065
120.0,120.0,120.0,120.0,120.0,120.0,120.0,120.0,120.0,120.0,0.021624743933118674,12.25379715300842,95.78894453802597,109.60917428425732,112.99244246424348,113.98537028003919,114.44570181197538,114.72452657824071,114.48047470614398,113.13152439107297,98.62055372155812,94.0609840755685,91.79715764440704,94.0929391500948,101.79004219818592
120.0,120.0,120.0,120.0,120.0,120.0,120.0,120.0,120.0,120.0,0.022292927900522456,10.874963898947529,103.9251383974891,101.0702329183832,111.2182033171967,114.00321897191611,114.33416796479653,114.55695509268469,114.60197173538943,113.23099149270065,98.59794994674293,93.97429159097078,91.76179277556,94.0927076018525,101.7926989609541
120.0,120.0,120.0,120.0,120.0,120.0,120.0,120.0,120.0,120.0,0.02408505788217774,6.54332381445725,107.5516854804188,109.16551714833842,102.83259737316254,114.14758821507925,114.32154339105867,114.52249810974136,114.5159949883998,113.32700638895486,98.63182039568098,93.92894357079112,91.72601553948581,94.0883509014171,101.80171797317414
120.0,120.0,120.0,120.0,120.0,120.0,120.0,120.0,120.0,120.0,0.02744948979224931,6.419341630257898,109.07814161900077,111.3992683617581,110.66682277255391,114.311706027895,114.35317278748323,114.50326336701052,114.53641939390293,113.30194265939662,98.67825400505856,93.91308528052126,91.70922759508225,94.08072693584867,101.80499742804783
120.0,120.0,120.0,120.0,120.0,120.0,120.0,120.0,120.0,120.0,0.018594623318577263,21.027436487818612,110.968869783411,112.59665724017562,113.046640291852,114.0452291745286,114.5037042100218,114.55192276385931,114.60303805967533,113.48574194144743,99.00763987415435,93.97316128453157,91.75980799991245,93.93302896952058,102.06178264659762
120.0,120.0,120.0,120.0,120.0,120.0,120.0,120.0,120.0,120.0,0.02167767682868785,19.626032610351864,111.21723853007948,113.20625162199349,113.6200093478776,114.02712009026827,114.3042319872978,114.60609144054554,114.5450836067801,113.37409994633698,99.26304263278857,94.07844119115494,91.80403255231093,94.17833851839818,102.15795853335095
120.0,120.0,120.0,120.0,120.0,120.0,120.0,120.0,120.0,120.0,0.024615139336404076,15.803718240136453,109.70664733647,113.36920018588837,113.94597343453411,114.1141133755292,114.31021116821074,114.44773695595464,114.57724798160977,111.8912254660972,99.4409689517848,94.20445370407835,91.81782056079037,94.30211755694863,102.19084888876696
120.0,120.0,120.0,120.0,120.0,120.0,120.0,120.0,120.0,120.0,0.02772570798994588,7.227293030141233,109.38406152707381,112.39655777530358,114.0772617241205,114.29167720957258,114.35784967017278,114.4693908714445,114.45555915285183,113.31924435201603,99.4710758854252,94.3297859198469,91.83731558352949,94.33556840797768,102.20139762193166
120.0,120.0,120.0,120.0,120.0,120.0,120.0,120.0,120.0,120.0,0.03380940446047137,7.362581742811453,109.9027905214741,112.0272412728208,113.45939216331907,114.45832203672754,114.4422150300918,114.49103473493977,114.48056855277606,113.41110355722451,99.48362720581588,94.37986431669336,91.8668548414553,94.33964990556692,102.19579370602534
120.0,120.0,120.0,120.0,120.0,120.0,120.0,120.0,120.0,120.0,0.01510402189461646,22.351660811197956,111.15433938304975,112.62355837112449,113.39735855434428,114.03697737551482,114.45534445087685,114.46290121624686,114.4399491837252,113.3166116921395,99.2046930642522,94.25399781954569,91.78260967618326,94.2075429377122,101.98235708822902
120.0,120.0,120.0,120.0,120.0,120.0,120.0,120.0,120.0,120.0,0.0256470280742126,27.10664995675199,111.50463104850365,113.28459993458054,113.60570180070684,113.93478436605116,114.25061369023526,114.5237003040275,114.428382543405,113.2978732442179,99.07559639578082,94.18870282328632,91.74085903434575,94.12741187733033,101.88339925316959
120.0,120.0,120.0,120.0,120.0,120.0,120.0,120.0,120.0,120.0,0.4249597952541565,26.825341669537774,110.38791728379684,113.55740514514972,113.99267795561803,114.0616180304902,114.21578454762879,114.3791773782459,114.47887410060198,113.27233432006848,99.00856597965956,94.1630079326857,91.72464550645638,94.08394989956035,101.8294506943401
120.0,120.0,120.0,120.0,120.0,120.0,120.0,120.0,120.0,120.0,1.0356541967892479,20.119981330186178,109.62315012782256,112.852666942323,114.21090194927358,114.30856264177599,114.30261203344328,114.37435371343418,114.37135116122487,113.30221156264635,98.95973430366995,94.1510185025983,91.72451006283498,94.0641239220536,101.80355196000527
120.0,120.0,120.0,120.0,120.0,120.0,120.0,120.0,120.0,120.0,1.4081943558729966,15.751924293691753,109.75805431789193,112.22733255973819,113.8356138777229,114.51169897674392,114.43153145567054,114.42643478082617,114.37803648835408,113.23200670760495,98.95729837378917,94.13540464043801,91.72895261548946,94.05841614760837,101.79389462119912
120.0,120.0,120.0,120.0,120.0,120.0,120.0,120.0,120.0,120.0,0.015091082153977036,28.479360407128905,111.44251455621666,112.73752425794257,113.61447981623992,103.24381224729161,112.99598672537665,114.51014799984688,114.56790674179835,113.45400168967068,99.78958775996809,95.11228518378375,92.79239078458329,95.14230705024822,102.75628700623471
120.0,120.0,120.0,120.0,120.0,120.0,120.0,120.0,120.0,120.0,0.01708571984658543,29.11840110437584,111.67064778778658,113.1300233672129,113.48950757376454,111.94338868341055,103.79555575512352,112.989729016313,114.45672284601757,113.3038984828851,99.38439497316891,94.74007424569395,92.45191016211135,94.76438207220026,102.29442741203705
120.0,120.0,120.0,120.0,120.0,120.0,120.0,120.0,120.0,120.0,0.020142299201614616,27.775649373119762,110.48241707956143,113.4384170553696,113.82225629198659,113.78534329550565,112.45271065480165,104.06533740828154,114.35736037754775,113.27559980685866,99.1083805110682,94.42520396057675,92.120014158004,94.42765841965316,101.9991842099403
120.0,120.0,120.0,120.0,120.0,120.0,120.0,120.0,120.0,120.0,0.024658143112737434,21.851710228237742,110.0154452673662,112.70354004439739,114.05709706810815,114.1829885421853,114.11979284343603,103.75936593513138,112.70127829135683,113.32153358151417,98.96720730566219,94.26389047760861,91.9404073639114,94.24486586020521,101.87232135139446
120.0,120.0,120.0,120.0,120.0,120.0,120.0,120.0,120.0,120.0,0.03061882359179586,20.877903504561967,110.3859489552629,112.2802674103324,113.60968014955945,114.40521517819217,114.36191756299777,112.56205461161338,103.81395055773146,113.27329680808332,98.93543276373136,94.1866301321164,91.87283423265673,94.17211380245936,101.82650188213228
120.0,120.0,120.0,120.0,120.0,120.0,120.0,120.0,120.0,120.0,0.041748035116389165,35.86729400716046,111.44874178621428,112.67757465792972,113.46268504992308,114.09638659181046,114.49182767876414,114.31663046727707,112.87377403751859,113.27119909404612,98.88641029791573,94.10390824341597,91.72473396141746,94.04622701558128,101.77506018518602
120.0,120.0,120.0,120.0,120.0,120.0,120.0,120.0,120.0,120.0,0.04810618640415107,41.48461908343744,111.74724259262187,113.26737899697098,113.16493413009897,113.97240591058389,114.2920034318134,114.52784124517747,114.27218587944158,113.28870392342583,98.88304343573903,94.07419483813462,91.68147774065504,94.012323362375,101.77199015832893
120.0,120.0,120.0,120.0,120.0,120.0,120.0,120.0,120.0,120.0,0.027608111897981725,39.163769362641325,110.43634955153443,113.49356956813685,111.13172194193255,114.05035613376242,114.24265586917005,114.39815465766782,114.4615152765751,113.27294155254596,98.89547523435827,94.07779348279772,91.67187504932211,94.00403775556565,101.7683699345876
120.0,120.0,120.0,120.0,120.0,120.0,120.0,120.0,120.0,120.0,0.027931330863390974,30.19634204431601,109.9246757648534,112.58080434853923,113.7884663056579,114.27351731425068,114.29701822181563,114.39356071478525,114.37652300919513,113.29960710269458,98.87858180910503,94.09052020493073,91.68109171531924,94.00292492669813,101.76551287455709
120.0,120.0,120.0,120.0,120.0,120.0,120.0,120.0,120.0,120.0,0.02710283736710815,26.801173908587327,110.52517610653946,112.02302411015191,113.56891912896006,114.45701229379341,114.41462723593256,114.42742297760532,114.39396395332703,113.22999928986494,98.88610922341789,94.08100593084926,91.69601135491611,94.00669456760781,101.76357628633963
120.0,120.0,120.0,120.0,120.0,120.0,120.0,120.0,120.0,120.0,0.008144493533061143,41.51049240681671,111.80782964152824,112.75041795233084,111.20691489590712,113.8601693903878,114.5359631704377,114.49149427294398,114.42065132973899,113.24447018608558,89.76876319276546,84.11946012231648,91.65451893053954,94.00138177123962,101.7701235995138
120.0,120.0,120.0,120.0,120.0,120.0,120.0,120.0,120.0,120.0,0.008066279948591003,49.12916658788275,112.0497401414455,113.44438192531574,113.38585078546562,112.06376543204799,114.32090315532638,114.57577325978797,114.44580495082562,113.2732692332035,85.3525002837443,77.34256322513508,91.65109639306948,94.00662678603793,101.78056497227011
120.0,120.0,120.0,120.0,120.0,120.0,120.0,120.0,120.0,120.0,0.008892226800897428,50.289722801646896,109.36442494613533,113.70396120113935,114.08153191677441,113.9216043527458,114.23292148234749,114.42206378622231,114.50576714780664,113.2674405851472,85.65300664368054,75.54014974232885,91.6567031648723,94.00567912218887,101.77763873398695
120.0,120.0,120.0,120.0,120.0,120.0,120.0,120.0,120.0,120.0,0.0106445118808915,43.19929510261463,104.26387207961831,112.17281866244731,113.9596042467574,114.37277416487287,114.31531211363014,114.38573710282377,114.3956472748452,113.3052397450369,90.2088349684262,76.30823942876239,91.67870616254233,94.00422635706812,101.77030354467489
120.0,120.0,120.0,120.0,120.0,120.0,120.0,120.0,120.0,120.0,0.014675185876908239,41.114353911355195,101.67514446119206,108.12139186267868,110.48739119630822,114.57307987286578,114.46133019524319,114.43981179612472,114.38813305586396,113.23650261898256,93.94326008600183,79.64406113699548,91.700635237126,94.00995918314571,101.76469945341368
120.0,120.0,120.0,120.0,120.0,120.0,120.0,120.0,120.0,120.0,2.9590486968959495,56.10686716146525,109.48925473275848,112.25011465382852,113.27234589045217,114.09909337199053,114.83667812232287,114.81196050309504,114.70458093888239,113.49436571580199,96.66040909905784,85.9159831366277,92.0455663292922,94.37479757239905,102.0953124735337
120.0,120.0,120.0,120.0,120.0,120.0,120.0,120.0,120.0,120.0,1.4490469500469847,62.48197339460418,111.85918572411866,113.59586770398963,113.9634233059521,111.0139961917706,114.43789776731326,114.98150573231563,114.82957186221869,113.63106447207626,97.98509927941413,89.65194607032053,92.12295500873829,94.46205675074336,102.1765990191359
120.0,120.0,120.0,120.0,120.0,120.0,120.0,120.0,120.0,120.0,0.22381336125160894,63.78412424669914,111.42530075109292,113.85323750847597,114.3715270716694,103.00849511125838,111.59692774318083,114.53786047297204,114.91264216876188,113.67065192975058,98.66213791626372,91.7565624352847,92.13610470321981,94.47430923699557,102.18157134937415
120.0,120.0,120.0,120.0,120.0,120.0,120.0,120.0,120.0,120.0,0.10106801077731639,61.569607469891324,111.10848420815962,113.12515589302997,114.4543596979184,111.43785101013424,103.69565684138422,111.26707081108543,114.85616893474139,113.71714915464797,98.98146663329767,92.8701159446027,92.14343757556948,94.46804253071342,102.16714077760065
120.0,120.0,120.0,120.0,120.0,120.0,120.0,120.0,120.0,120.0,0.26418525965066497,59.0432862045908,111.47173019868313,112.64882297853887,113.96572059234862,114.49519244384936,111.78013763240241,104.08450846201089,114.81653838172362,113.70034466583596,99.12588799319683,93.33968298082455,92.15580664139537,94.4621127564504,102.1536915996152
120.0,120.0,120.0,120.0,120.0,120.0,120.0,120.0,120.0,120.0,0.010891933891422729,70.97428663138432,113.0790813336139,114.69180867068872,115.23947700390589,115.77946261932176,115.87953611170514,114.36649640269988,104.07149994028609,114.89119732438962,100.82553103933355,97.26163448974724,95.27090631506107,97.68642962391812,105.40542354193043
120.0,120.0,120.0,120.0,120.0,120.0,120.0,120.0,120.0,120.0,0.010107871851290981,72.22213373797706,114.7818094521392,115.46599674191843,115.67258797669885,115.9329374267415,116.2059523885769,116.25255335024467,113.52706741327529,115.27652422466424,98.85870713410151,98.93542181978454,96.7944825438962,99.2391652452374,106.82886830011637
120.0,120.0,120.0,120.0,120.0,120.0,120.0,120.0,120.0,120.0,0.008615878730435952,68.46401910183604,114.71553263847622,115.7210941598677,115.90907825138991,116.01925413175697,116.16668294570226,116.3115015320886,116.12070946489948,115.34587748436022,91.31741024579532,99.54803739066008,97.39887076883902,99.86026979968202,107.35158186233636
120.0,120.0,120.0,120.0,120.0,120.0,120.0,120.0,120.0,120.0,0.007670767308112736,62.65161934935998,114.69984342374079,115.41335884607464,116.04009218930167,116.13728193830512,116.20097439855031,116.27174789405016,116.27102062969449,115.40287549002078,79.80275720243823,99.71454966422122,97.60877881864504,100.08242231898022,107.51816428213863
120.0,120.0,120.0,120.0,120.0,120.0,120.0,120.0,120.0,120.0,0.006876714848225982,69.01882547601902,113.81777146690763,115.53160379291283,115.75574525987048,116.25925290278965,116.2385777115642,116.28870184291688,116.2310411178424,115.35023328154548,66.11016375025697,99.68653421583838,97.66393683924842,100.15187920605283,107.56159847843942
120.0,120.0,120.0,120.0,120.0,120.0,120.0,120.0,120.0,120.0,10.915834587882037,84.01882631484621,114.7719139813378,115.60870654508216,115.6510824455922,115.74480079454767,115.95897717468858,115.9367626416158,115.89977974398703,114.82297233903887,78.82422574376542,85.64386730489016,87.94420539203867,98.57926145651385,105.72436893745639
120.0,120.0,120.0,120.0,120.0,120.0,120.0,120.0,120.0,120.0,8.737676640940709,98.06788020758574,114.71769261334599,115.97675765431731,116.10398229305567,116.00310008958296,115.97478855638482,116.11394284694492,115.98316435895137,114.83839017374687,87.84586635461774,70.9740172752439,77.12082268186185,97.38702644928775,104.63105094422149
120.0,120.0,120.0,120.0,120.0,120.0,120.0,120.0,120.0,120.0,2.305784622201145,107.08528781636019,114.31539881678118,115.80228142550854,116.37564135790291,116.32860899611774,116.16961995425702,116.07972398225783,116.06813443165943,114.80616383644042,93.50778073367293,56.1615078355913,65.15619801616967,96.66381835675602,104.07825843103421
120.0,120.0,120.0,120.0,120.0,120.0,120.0,120.0,120.0,120.0,1.9500397612181137,111.247645640032,114.05589431358146,115.34037877815157,116.24914037455211,116.51497760701297,116.40217205073938,116.21639507609055,116.00588617879752,114.8193312194436,96.46420883908284,68.35387239069591,51.49740806942915,96.27256428900553,103.81176590312869
120.0,120.0,120.0,120.0,120.0,120.0,120.0,120.0,120.0,120.0,3.669830447451322,113.04698078997036,114.21073817377794,115.02577114712915,115.9183925157742,116.46704267468577,116.53419935789314,116.37744255996948,116.0933102710575,114.7554378196978,97.69677392158042,75.74184813200394,62.66471890466227,96.1063479986473,103.70492666858654
120.0,120.0,120.0,120.0,120.0,120.0,120.0,120.0,120.0,120.0,18.642094482905804,113.21650823327624,114.10572950315606,114.43579270368129,114.80535025791258,115.21820020905182,115.49555825640242,115.24836423723923,115.31021080511687,114.14116087142112,99.13748484105659,83.76490218206335,73.11391560150102,96.15162564908726,103.69125004596198
120.0,120.0,120.0,120.0,120.0,120.0,120.0,120.0,120.0,120.0,22.807885098588706,113.27859920203014,114.31569654752144,114.61324697148062,114.75142136554612,114.97415535760423,115.2445298563371,113.36721147651879,115.2894963864979,114.14927641364868,99.72833932857192,88.7469120402333,80.71039731069993,95.94825682763594,103.53559813105493
120.0,120.0,120.0,120.0,120.0,120.0,120.0,120.0,120.0,120.0,24.562276145265113,112.70803758697429,113.8478259145336,114.85468677368229,114.8817134943409,114.97588416766087,115.13135078682147,104.38497471142138,115.30270801011613,114.18199516707479,100.01472851049802,91.57309352436317,85.54246524204098,95.77316140285947,103.42306891915572
120.0,120.0,120.0,120.0,120.0,120.0,120.0,120.0,120.0,120.0,15.090672273199464,112.46719387582046,109.79184949125558,114.98745929303983,115.05299063918004,115.03382208546951,115.11942193777699,113.11785178708188,115.24016678082053,114.21823341112157,100.14873092928575,93.0510754709299,88.24291832396487,95.66402919411145,103.35907416771332
120.0,120.0,120.0,120.0,120.0,120.0,120.0,120.0,120.0,120.0,9.361356343195094,112.77402776538172,99.47867958892338,114.69407994696995,115.20480817529784,115.1299329017015,115.11971317626382,114.90111590043222,115.1945431567795,114.21029496853791,100.22065547793507,93.66535021187086,89.42644112283185,95.61490641678319,103.33165927848034
120.0,120.0,120.0,120.0,120.0,120.0,120.0,120.0,120.0,120.0,24.347979328595205,112.98531565601351,109.26104048997428,113.78348572871622,114.3256271572647,114.64232770629997,114.58618700853711,114.54129574003534,114.58930775487723,113.53021151246664,99.67901468442503,93.88852077995824,90.39815110573653,94.917062125916,102.50324494481896
120.0,120.0,120.0,120.0,120.0,120.0,120.0,120.0,120.0,120.0,36.800966136968704,113.43394119498413,113.14991544751345,113.77198292861932,114.04440502986438,114.39030361703875,114.60576823285612,114.53849118299158,114.470380644864,113.39983341445323,99.41047904536008,94.03669086362466,90.9520191108978,94.5275619002953,102.12409714395773
120.0,120.0,120.0,120.0,120.0,120.0,120.0,120.0,120.0,120.0,45.820612249780275,113.03353613683882,114.21632440911439,114.21954593751751,114.08883106097188,114.24890829271042,114.46472783372245,114.6085156795695,114.47781244298301,113.33497052969038,99.26660784736212,94.1323799421971,91.27201014476593,94.31303456830749,101.94356684782463
120.0,120.0,120.0,120.0,120.0,120.0,120.0,120.0,120.0,120.0,48.83694023007913,112.5271680249174,114.00296428074626,114.60986210678388,114.41577684010242,114.2846364999218,114.37955264274967,114.50576689565202,114.53167652664403,113.332181331148,99.16948609419211,94.18648078680147,91.45036408096861,94.20471944068005,101.85823596642024
120.0,120.0,120.0,120.0,120.0,120.0,120.0,120.0,120.0,120.0,47.54064201270689,112.544665630416,113.50219960345082,114.46306408503668,114.72478463355783,114.47898555474553,114.39346762398598,114.45692736636167,114.45248266977673,113.37584431346667,99.12509804446185,94.20281600741004,91.53154271348053,94.16085146815487,101.82559691586167
120.0,120.0,120.0,120.0,120.0,120.0,120.0,120.0,120.0,120.0,53.03733988447616,112.44257929953743,107.80476188028148,113.74817795445175,114.38524807006512,114.27388851911508,112.25977014980896,113.80245946943255,114.40926718531323,113.07470296889147,94.51676939993602,84.13513877035348,78.1001987683654,82.22955594135034,96.64592091229663
120.0,120.0,120.0,120.0,120.0,120.0,120.0,120.0,120.0,120.0,59.57197852273511,113.72349670867793,113.17501695832604,113.83305259221801,114.13270981569242,114.49007177485285,114.17708545939789,113.93711412252608,114.41762454730504,113.14570928402956,92.54161623859243,81.89274208870268,64.98208103261996,76.12142960124643,94.38173986195764
120.0,120.0,120.0,120.0,120.0,120.0,120.0,120.0,120.0,120.0,67.35962549229413,112.95377659793802,114.39018004125326,114.08619049521737,114.15946612812768,114.34621946952092,114.52548601852895,114.49068499774624,113.84102340180678,113.18361976878923,91.98958370798326,82.11041002274658,51.54861517519743,67.79938832415868,92.42748728823126
120.0,120.0,120.0,120.0,120.0,120.0,120.0,120.0,120.0,120.0,75.15084067459995,113.42915719410138,113.5441520358295,114.20105804628689,114.27125516211719,114.3407471599527,114.46909597319204,114.59147034213046,114.32713187725606,113.03533534404032,91.8799084619314,83.08399025418923,63.39995698019601,55.875883213555696,88.19240842078236
120.0,120.0,120.0,120.0,120.0,120.0,120.0,120.0,120.0,120.0,87.0049305369821,111.53457197544535,114.21060057653132,111.83370734617458,114.64674966023176,114.27951324285611,114.47920816885136,114.54720275791308,114.50944452641504,112.21559646567192,91.78929279258072,83.64537069006616,70.86484576413939,66.79656883917596,80.57291033124793
120.0,120.0,120.0,120.0,120.0,120.0,120.0,120.0,120.0,120.0,101.56199936527481,113.63636650142739,114.2637007219304,113.88947527474954,114.56620894519855,114.71181580279647,114.60111885157265,114.55690386827277,114.47736807509207,113.10786686965046,95.34203665579079,88.30313234715625,76.26407759381868,76.9549876999197,88.69695887484559
120.0,120.0,120.0,120.0,120.0,120.0,120.0,120.0,120.0,120.0,112.45336331767032,110.75345563883667,114.57151788424909,114.33285349021442,114.41624066118818,114.59204152876109,114.71792252145055,114.61018879728398,114.50752749436332,113.29004326449736,97.37227347636662,91.27740558132561,73.32646890610988,81.68377922490916,95.35861237186325
120.0,120.0,120.0,120.0,120.0,120.0,120.0,120.0,120.0,120.0,115.60767002692032,114.5604192688663,114.69563279304894,114.56204816930192,114.46361160757425,114.48932398011421,114.60373185417914,114.68960119375916,114.52990361895893,113.35008192318624,98.31570469646678,92.79195930815544,63.73333751074428,77.89627144129686,99.15669977987413
120.0,120.0,120.0,120.0,120.0,120.0,120.0,120.0,120.0,120.0,115.89870340084781,115.57281032498719,114.78582873878067,114.5942208771852,114.57199105027544,114.52635361668003,114.53994903729063,114.60088061751198,114.58386492276509,113.36255249480845,98.73909546685712,93.49875542334928,51.44860544779512,68.13849167683088,100.74533139401005
120.0,120.0,120.0,120.0,120.0,120.0,120.0,120.0,120.0,120.0,115.9567454364975,115.77073915492136,115.36173384588292,114.54765187372706,114.56763503639668,114.5771043594666,114.56948293122369,114.5643098879247,114.51809189373685,113.40740355519003,98.88579377695378,93.7867555463905,51.464493375246114,55.83678385529581,101.27584164089087
120.0,120.0,120.0,120.0,120.0,120.0,120.0,120.0,120.0,120.0,116.02838781570364,115.84838937465693,115.59223708732917,115.16945633426761,114.5850095659283,114.52327263307922,114.56227789551563,114.59526778912527,114.51678423635559,113.37544086792805,99.04362490666335,94.03585803290889,51.538329959558524,55.84215792933473,86.6401569930017
120.0,120.0,120.0,120.0,120.0,120.0,120.0,120.0,120.0,120.0,116.05618584973298,115.96627013286101,115.71019053606886,115.42148337107275,115.04119903022979,114.53451491059955,114.51016186323805,114.56477971025629,114.53493654042657,113.37021961744672,99.10366855325074,94.15790374390578,61.988298957156545,67.58175369261458,72.00080728062439
120.0,120.0,120.0,120.0,120.0,120.0,120.0,120.0,120.0,120.0,116.0634889361968,116.01119085898986,115.8854641357445,115.56016873609381,115.2590618135175,114.93136872302017,114.51260456912905,114.5052849731204,114.48635970247102,113.3872217713857,99.14339732505937,94.22013800595413,60.80591813519116,73.7583084017954,84.16248878441075
120.0,120.0,120.0,120.0,120.0,120.0,120.0,120.0,120.0,120.0,115.78809138433917,116.03556157311675,115.9523729519515,115.78808102694633,115.40783504028678,115.10864058560156,114.8435057472284,114.50296626286061,114.42551222896977,113.33018078266807,99.17268034754382,94.26785851567173,69.42034615369863,67.55712382218016,93.42885981658361
120.0,120.0,120.0,120.0,120.0,120.0,120.0,120.0,120.0,120.0,112.07999855640267,116.0631245467726,115.98938984574677,115.87216098226448,115.6714169717113,115.23642693276108,114.96713277163083,114.76179477727668,114.40084856036906,113.26953004135163,99.15012461748023,94.30593443145135,75.192481081349,55.816760236837695,97.78672152826918
120.0,120.0,120.0,120.0,120.0,120.0,120.0,120.0,120.0,120.0,115.15754963908674,116.07329872534213,116.03891482604543,115.93346943294188,115.78045924828234,115.55706309523042,115.13199238548357,114.87214968023643,114.63828652832123,113.27709121979925,99.03861998552489,94.25233205571485,82.22799534196866,55.83032735343856,85.21569451083536
120.0,120.0,120.0,120.0,120.0,120.0,120.0,120.0,120.0,120.0,108.54042689438364,116.06871171503283,116.05502661090348,116.00510072203176,115.86171096910546,115.67547617979334,115.44129909083642,115.01418586592345,114.70437397317212,113.42382230900263,99.01755111430285,94.20360096768692,86.64479111078788,68.22045339889515,72.00170198941021
120.0,120.0,120.0,120.0,120.0,120.0,120.0,120.0,120.0,120.0,108.54318832919566,115.83732783333488,116.06704104255179,116.02926184293494,115.96029323476276,115.77777295321478,115.56214336055983,115.32069727653554,114.83414281864813,113.47530008122014,99.10331599527669,94.18939257441046,89.02513668664145,78.35176206972423,83.9408159229643
120.0,120.0,120.0,120.0,120.0,120.0,120.0,120.0,120.0,120.0,108.54580978928666,112.98609409730072,116.07726261028856,116.04964685591858,115.9935728019997,115.90412775424375,115.68364534615212,115.43862984097386,115.12803252459443,113.59697196169473,99.16576160130901,94.21734721307213,90.2022008243217,85.15364590348122,92.72019906692124
120.0,120.0,120.0,120.0,120.0,120.0,120.0,120.0,120.0,120.0,108.54822512525448,108.54046369406238,116.07182526018916,116.06910847520436,116.02255516497416,115.94441663828763,115.83322698762768,115.5631526247822,115.23077089951789,113.87246695517995,99.22695884497168,94.22728394422329,90.69514013277636,88.21403241793308,96.87976292148122
120.0,120.0,120.0,120.0,120.0,120.0,120.0,120.0,120.0,120.0,108.54899194947858,108.54558117592497,113.14368575939801,113.3302298260457,113.29000647440573,113.35703375389359,113.17199546933011,112.99946778367831,112.3405672404912,113.15515173992846,86.99290950274944,80.5497854050862,87.67190177333615,91.028189846266,87.85372736688217
120.0,120.0,120.0,120.0,120.0,120.0,120.0,120.0,120.0,120.0,108.54974075007128,108.54674982471593,108.54063856934367,113.35737011031699,113.32305696668776,113.26080549804765,113.32494252027715,113.05902705839618,112.66479796976044,109.9617714103297,86.36680589184044,67.13727192445974,81.28901827208458,89.62614650775458,91.06702755093798
120.0,120.0,120.0,120.0,120.0,120.0,120.0,120.0,120.0,120.0,108.55033083593058,108.54837213426083,108.54278890926447,113.31323154595695,113.36740169203124,113.31210040773873,113.28557337537168,113.26417322491996,112.8046630082711,110.36738880243273,82.11344605300971,64.08161389168448,71.13658851893804,84.39310136601334,87.96064604595836
120.0,120.0,120.0,120.0,120.0,120.0,120.0,120.0,120.0,120.0,108.55047666378368,108.54958186603866,108.54595743028254,110.90045988705425,113.38109161470064,113.3557127763837,113.2674907548372,113.28005547796664,113.03341528896286,110.65207533033356,82.73468937673519,68.72408642141166,59.4770557179735,74.66370443140399,77.9253257083326
120.0,120.0,120.0,120.0,120.0,120.0,120.0,120.0,120.0,120.0,108.55068809386316,108.54987067747405,108.54822682860521,108.54197761237168,113.38111566981738,113.3838932107183,113.32634795841086,113.28437082301222,113.1220444929243,110.99154660509008,83.66214013704938,70.63353860039437,58.05387796037671,63.143747527893105,87.35625461111191
120.0,120.0,120.0,120.0,120.0,120.0,120.0,120.0,120.0,120.0,108.5509187190537,108.55040910849581,108.54884137204131,108.54597814069034,115.13631801203218,115.8656544455119,115.84763903246309,115.80335581238872,115.66403326026531,114.50559317539977,92.73387942289234,80.59165758399187,69.15458718542733,73.6437998179782,94.25878407663586
120.0,120.0,120.0,120.0,120.0,120.0,120.0,120.0,120.0,120.0,108.55095903781809,108.55070142668772,108.54977672431261,108.54694506076274,108.54217341082122,116.06443890557283,116.05480679939761,116.03101547984453,115.9264209806002,115.02255917445378,98.63842529573446,87.99726086001509,77.91338937671578,81.55244008116922,98.12305913799733
120.0,120.0,120.0,120.0,120.0,120.0,120.0,120.0,120.0,120.0,108.55102524867661,108.55078041690811,108.55032374021762,108.54869936518821,108.54386713522956,116.03057368457898,116.07842736434343,116.05597872664057,115.979688263641,115.16644338595516,101.86855979266635,92.90605898851884,84.12265163593246,86.80507221520189,100.0379653108302
120.0,120.0,120.0,120.0,120.0,120.0,120.0,120.0,120.0,120.0,108.55105732583952,108.5509215413274,108.55047514017551,108.54966484377063,108.54692802189318,115.3456420922617,116.08477280550471,116.06948999190526,115.99713693348052,115.25858767193229,103.49734797644254,95.78520357341311,87.9613081246165,89.82586638362595,100.9189415734669
120.0,120.0,120.0,120.0,120.0,120.0,120.0,120.0,120.0,120.0,108.55106234450987,108.55098848341243,108.55075370559888,108.5499488906044,108.54854442242826,108.5441376493015,116.08667027843867,116.07699052597391,116.01580653615437,115.31169219746455,104.23207043944328,97.15350403743462,89.79997244604229,91.19316029400842,101.26104655892658
120.0,120.0,120.0,120.0,120.0,120.0,120.0,120.0,120.0,120.0,108.55114348538807,108.55106267918086,108.55092462862001,108.55050271586472,108.54909152533573,108.54673646010512,116.83814264993451,118.23794656737935,118.18247178875225,117.6777905886468,107.82840429325864,101.88960032565218,95.34065823079759,95.83229421169405,104.49104661262768
120.0,120.0,120.0,120.0,120.0,120.0,120.0,120.0,120.0,120.0,108.55114948263417,108.55110336156143,108.55097374997399,108.55073533143549,108.55001947072279,108.54762810630602,108.54343035389137,118.64139309113236,118.60069147437078,118.23040497672274,109.07419794637403,103.9599135650132,98.0130808836664,97.82830395264766,105.51010453829929
120.0,120.0,120.0,120.0,120.0,120.0,120.0,120.0,120.0,120.0,108.5511519118301,108.5511171888487,108.55105358335015,108.55082742479316,108.55041176366359,108.54920892433755,108.54498433902873,118.56815026066293,118.63689454377894,118.3337109611135,109.5922084540063,105.06932227183076,99.5554952779361,98.88942227148178,105.9050141015115
120.0,120.0,120.0,120.0,120.0,120.0,120.0,120.0,120.0,120.0,108.55115107385204,108.55112697390342,108.55108172049195,108.5509773066585,108.55058052608399,108.54984871876871,108.54755598139447,117.3803520811221,118.61748566851092,118.35582870224142,109.88507328068968,105.7444268252729,100.53102782249391,99.53304389342817,106.09660572351406
120.0,120.0,120.0,120.0,120.0,120.0,120.0,120.0,120.0,120.0,108.55114284391102,108.55113283004508,108.55110120404782,108.55102952737377,108.55085020164123,108.55015281784002,108.54858980097859,108.53963245724367,118.60215910632398,118.35709781787708,110.05723179645608,106.13500519301685,101.06925633740272,99.88905995999701,106.20093979445805
120.0,120.0,120.0,120.0,120.0,120.0,120.0,120.0,120.0,120.0,108.55119777124546,108.55117847532536,108.55115659778924,108.55109357354941,108.55096322625717,108.55063417678164,108.54915411521058,108.54151692275512,116.25164193921857,115.79520247364508,107.99914150344708,104.84467977967414,100.53717975504969,99.08666104939171,104.33485821817132
120.0,120.0,120.0,120.0,120.0,120.0,120.0,120.0,120.0,120.0,108.55119370606604,108.5511799005843,108.55116383892714,108.55113566020414,108.55102824894068,108.5507903405934,108.54994216731833,108.54265445974174,116.06922075536959,115.56800306589462,107.34009444729945,104.51957641480126,100.61072972410548,98.9591621955298,103.65173765382141
120.0,120.0,120.0,120.0,120.0,120.0,120.0,120.0,120.0,120.0,108.55119020415647,108.55117724188922,108.55116865574229,108.55114883149919,108.55110392246827,108.55090220138482,108.55020987629962,108.54410367039749,116.0044130641293,115.55856012208469,107.18049376054294,104.5790814854552,100.94858799313943,99.1651251913812,103.50662829596214
120.0,120.0,120.0,120.0,120.0,120.0,120.0,120.0,120.0,120.0,108.55118186221333,108.5511774620782,108.55116933213934,108.55115944970169,108.55112680153712,108.55103464291341,108.5504133244731,108.544708334991,115.30749458772698,115.5667589365486,107.18329428039334,104.75918155845828,101.34726683873515,99.49208432059773,103.58844339851204
120.0,120.0,120.0,120.0,120.0,120.0,120.0,120.0,120.0,120.0,108.55116995055211,108.55117056384444,108.55117255573514,108.55116607363865,108.55114723749773,108.55107379934692,108.55064707269378,108.54519292944228,108.46243027307818,115.57519124288106,107.21256015497075,104.91713297238172,101.64893193166313,99.76502082221042,103.7173876923489
120.0,120.0,120.0,120.0,120.0,120.0,120.0,120.0,120.0,120.0,108.55121625303126,108.55120588340938,108.55120106478182,108.5511973391753,108.55118245747882,108.55112498630554,108.55073142340161,108.54570332129862,108.46473178201845,115.58588261222185,107.32310381360182,105.2725946784693,102.41679253131272,100.63544162316538,104.18719657839759
120.0,120.0,120.0,120.0,120.0,120.0,120.0,120.0,120.0,120.0,108.55120899072682,108.55120277322868,108.5512001108464,108.55119910361762,108.55119493310384,108.55116077650666,108.5508074069416,108.54593667461951,108.46681042397896,115.59255679656818,107.40617194873238,105.54306426884843,103.01017851431251,101.34691091215723,104.59950295076442
120.0,120.0,120.0,120.0,120.0,120.0,120.0,120.0,120.0,120.0,108.55120317094189,108.55119545391041,108.55119806653134,108.55119999605463,108.55119974572425,108.55117739533533,108.55087611401689,108.54615444779893,108.46832191562082,115.59763432677602,107.47010379269756,105.75771046648528,103.48494099007654,101.94323343443547,104.97519472260194
120.0,120.0,120.0,120.0,120.0,120.0,120.0,120.0,120.0,120.0,108.55119306088257,108.55119268710546,108.5511913991685,108.5511994128312,108.55120371859833,108.55118814446774,108.55090572406954,108.54634558392777,108.46962538058057,115.6019878875226,107.51140433312898,105.9224961393779,103.8540547975547,102.42326351309788,105.30303249847995
120.0,120.0,120.0,120.0,120.0,120.0,120.0,120.0,120.0,120.0,108.55117945839234,108.55118352825039,108.55119087543261,108.55119391398182,108.55120489386168,108.5511973051282,108.55093151679941,108.54645900714031,108.47075105941839,115.6056796663539,107.54048757108775,106.01967322293484,104.08885708160815,102.73527454897787,105.53374938651397
120.0,120.0,120.0,120.0,120.0,120.0,120.0,120.0,120.0,120.0,108.5512238823859,108.55121597378027,108.55121551540604,108.55121959474936,108.5512189977186,108.55121375722074,108.55096201731666,108.54656755075838,108.47164268162086,115.6117063896145,107.60862036620624,106.2164717315537,104.5399023874953,103.39968544674294,106.01157894390988
120.0,120.0,120.0,120.0,120.0,120.0,120.0,120.0,120.0,120.0,108.55121574021436,108.55121146985196,108.55121172934535,108.55121688981532,108.55122512745473,108.5512151556138,108.55097429113012,108.54665421670602,108.4724094791722,115.61501481430071,107.65305933592643,106.35553938579602,104.8679611599054,103.89517982946731,106.38056489395012
120.0,120.0,120.0,120.0,120.0,120.0,120.0,120.0,120.0,120.0,108.55120905272379,108.55120302755485,108.55120800714818,108.5512136269531,108.55122277927289,108.55122254149823,108.55098232778754,108.54671558070272,108.47306412754638,115.61767359073586,107.68579737583993,106.4616919476399,105.12042003389733,104.28336137011476,106.68532042725492
120.0,120.0,120.0,120.0,120.0,120.0,120.0,120.0,120.0,120.0,108.5511983415546,108.5511991792422,108.55119988545022,108.55121101033131,108.55122037887539,108.55122108034622,108.55099451702331,108.54676724707534,108.47360441606638,115.61992370238616,107.71058651183378,106.54264040441822,105.31240315545536,104.58190385478167,106.933466013509
120.0,120.0,120.0,120.0,120.0,120.0,120.0,120.0,120.0,120.0,108.5511844063995,108.55118932630826,108.5511980071458,108.55120353509913,108.5512190196249,108.55122001170206,108.55099673990861,108.54681550806549,108.4740670057395,115.62170153672717,107.72661805163722,106.5943569117611,105.43363915881498,104.77137430890805,107.1009209976596
120.0,120.0,120.0,120.0,120.0,120.0,120.0,120.0,120.0,120.0,108.55122683734663,108.55121993008702,108.55122079849141,108.55122661166274,108.5512295271807,108.55123239922713,108.55100807532965,108.54685366709944,108.47447002453697,115.61549800936346,107.75214343352836,106.68144195636347,105.64801282358383,105.12091288318467,107.39233578109676
120.0,120.0,120.0,120.0,120.0,120.0,120.0,120.0,120.0,120.0,108.55121828210834,108.55121482415936,108.55121617036937,108.5512228799734,108.55123326350468,108.55122916761243,108.5510131896079,108.54688383268737,108.47480182528231,115.53216130470439,107.77001370956341,106.74374838737813,105.80155061854383,105.37314742213118,107.60673197045834
120.0,120.0,120.0,120.0,120.0,120.0,120.0,120.0,120.0,120.0,108.55121112601078,108.55120594171824,108.55121174768549,108.5512185905961,108.55122971935232,108.55123307622178,108.55101201500452,108.54691100608572,108.47508774524891,114.59047849849553,107.78178669171267,106.79122698409405,105.9187331625085,105.56638842162839,107.77676389731207
120.0,120.0,120.0,120.0,120.0,120.0,120.0,120.0,120.0,120.0,108.55120012069175,108.5512015293715,108.55120314356707,108.55121514414517,108.55122599056656,108.55123004592312,108.55101753222233,108.54692833418437,108.47533352890952,107.22212084334564,107.7820011030506,106.82550705113374,106.0074243559463,105.71290981911123,107.91096812691337
120.0,120.0,120.0,120.0,120.0,120.0,120.0,120.0,120.0,120.0,108.55118589160446,108.55119134381454,108.55120062467857,108.55120713236244,108.55122361834346,108.55122705177128,108.55101631033001,108.54694951166412,108.47553725605871,107.22460553317502,107.78421878587415,106.8386558794469,106.06340418328008,105.80537243184438,107.9999569229652
120.0,120.0,120.0,120.0,120.0,120.0,120.0,120.0,120.0,120.0,108.55122827177627,108.55122174846427,108.55122308972915,108.55122949779256,108.55123349143413,108.55123803474824,108.55102362121309,108.5469679817044,108.47572129573041,107.22670293130903,107.8082054668579,106.88587084217191,106.15877121468534,105.9650158637146,108.14186544535156
120.0,120.0,120.0,120.0,120.0,120.0,120.0,120.0,120.0,120.0,108.55121957743584,108.55121639814868,108.55121816341646,108.55122538078895,108.55123643625636,108.5512340420909,108.5510259290663,108.54697968104423,108.47587086658706,107.22850800634521,107.82069402682549,106.91663882192113,106.2266527503638,106.07878155636833,108.24406286575267
120.0,120.0,120.0,120.0,120.0,120.0,120.0,120.0,120.0,120.0,108.55121233217048,108.55120734611708,108.55121344967407,108.55122075123543,108.55123244693586,108.5512369415254,108.5510229284201,108.5469920685491,108.47599745681026,107.23004589075313,107.82853071567745,106.93899386098911,106.27830480709184,106.16531936197336,108.32381929688239
120.0,120.0,120.0,120.0,120.0,120.0,120.0,120.0,120.0,120.0,108.55120121722068,108.55120281821065,108.55120464997599,108.55121696534108,108.55122833354328,108.55123333486384,108.5510264148365,108.54699758310913,108.47610877564033,107.23134897182408,107.8339654694944,106.95560909059061,106.31732725097976,106.23067949429067,108.3860229092477
120.0,120.0,120.0,120.0,120.0,120.0,120.0,120.0,120.0,120.0,108.55118695161138,108.55119250469558,108.55120198697122,108.55120873440474,108.5512255663439,108.55122986117756,108.5510238400261,108.54700796383504,108.47619874173066,107.23246284016956,107.83733394994401,106.96610867341508,106.34195780001332,106.27190202497705,108.4270320845293
120.0,120.0,120.0,120.0,120.0,120.0,120.0,120.0,120.0,120.0,108.55122875919022,108.55122241065519,108.55122396664572,108.55123065276236,108.55123498014825,108.55124017971085,108.55102991485884,108.54701767093346,108.47628413918001,107.23340885069703,107.8423554210168,106.98319406619099,106.38326512303776,106.3411411453351,108.490033908236
120.0,120.0,120.0,120.0,120.0,120.0,120.0,120.0,120.0,120.0,108.55121997552938,108.55121696308929,108.5512189065569,108.55122633648088,108.55123769603539,108.55123586200438,108.5510311266012,108.5470220282891,108.47635014924397,107.23421421196855,107.84527308495394,106.99516795054994,106.41257623137969,106.39028610137026,108.53506831093914
120.0,120.0,120.0,120.0,120.0,120.0,120.0,120.0,120.0,120.0,108.5512125916784,108.55120781699884,108.5512140844668,108.55122156915753,108.55123348621235,108.55123847735544,108.55102735476615,108.54702793198632,108.47640645033627,107.2348953266707,107.84466094866356,107.00342154645752,106.43470249302942,106.42760779169058,108.57004055462798
120.0,120.0,120.0,120.0,120.0,120.0,120.0,120.0,120.0,120.0,108.55120145793592,108.55120314324112,108.55120518315309,108.55121766252674,108.55122922732511,108.55123460014384,108.55103016537613,108.54702813377607,108.47645657993988,107.23547354237739,107.84461243481995,107.00568362556282,106.45063936626008,106.45578107491998,108.5972182832384
120.0,120.0,120.0,120.0,120.0,120.0,120.0,120.0,120.0,120.0,108.55118710218933,108.55119279777807,108.55120237399453,108.55120932153127,108.55122632534834,108.55123095060144,108.55102697923702,108.54703400040464,108.47649445476634,107.23596627372821,107.84513979402278,107.00714366313515,106.45721643341427,106.47356702144207,108.6151123031062
120.0,120.0,120.0,120.0,120.0,120.0,120.0,120.0,120.0,120.0,108.55122898263461,108.55122270198464,108.55122436226203,108.55123115088367,108.55123565265791,108.55124111681366,108.55103261194212,108.54703976286808,108.47653574608107,107.23638177261984,106.99394167648751,108.50749783202794,107.99274017214444,108.04996283281214,110.19633767632781
120.0,120.0,120.0,120.0,120.0,120.0,120.0,120.0,120.0,120.0,108.5512201642884,108.55121721499359,108.55121923002157,108.55122677310548,108.55123823962658,108.55123666721573,108.55103342202479,108.5470408396008,108.47656384179042,107.23673715660547,101.59647473804968,108.97882637667362,108.48478333690639,108.55761965488881,110.69421493773375
120.0,120.0,120.0,120.0,120.0,120.0,120.0,120.0,120.0,120.0,108.55121275231734,108.55120802450816,108.55121436296005,108.5512219234082,108.55123396238588,108.55123913938337,108.55102930976136,108.54704393631165,108.47658787281931,107.23703479131727,92.36032474056768,109.07408999935178,108.62640459972678,108.71195262490741,110.83763625148352
120.0,120.0,120.0,120.0,120.0,120.0,120.0,120.0,120.0,120.0,108.55120160698127,108.55120332497457,108.55120541058162,108.55121796564238,108.55122961327542,108.55123517721204,108.551031811277,108.5470417291726,108.47661060292363,107.2372865039489,86.44136705264745,109.02652417600876,108.6460742326382,108.76517169798824,110.8810035124393
120.0,120.0,120.0,120.0,120.0,120.0,120.0,120.0,120.0,120.0,108.5511872305667,108.55119296232941,108.55120257520487,108.55120956906475,108.55122665378312,108.55123142162329,108.55102839282135,108.54704553481093,108.47662509576425,107.23750228723604,86.44345223823228,108.98745695120896,108.60494624313782,108.77975291060115,110.89721661040394
120.0,120.0,120.0,120.0,120.0,120.0,120.0,120.0,120.0,120.0,108.55122906756604,108.55122282156842,108.55122451843313,108.55123135563488,108.55123591106428,108.55124150570038,108.55103378327134,108.54704956520797,108.47664647448504,107.23768252927555,86.44518938647697,106.98310352911126,107.2171605015839,107.304638929687,109.3344565695737
120.0,120.0,120.0,120.0,120.0,120.0,120.0,120.0,120.0,120.0,108.5512202351771,108.55121731319338,108.55121936067742,108.55122694383815,108.55123846293522,108.55123698895416,108.55103441643624,108.54704913474271,108.47665770046841,107.23783809243348,86.44666987428978,104.47200437766145,106.72577551017069,106.79170092937898,108.86668404295531
120.0,120.0,120.0,120.0,120.0,120.0,120.0,120.0,120.0,120.0,108.55121282166567,108.55120810840762,108.55121447338024,108.55122206491801,108.55123414816445,108.55123941451542,108.55103014684715,108.54705097071911,108.47666735773181,107.23796465757023,86.44793597220165,98.20829911916213,106.580615706959,106.64714772061755,108.75859293841557
120.0,120.0,120.0,120.0,120.0,120.0,120.0,120.0,120.0,120.0,108.55120164334372,108.55120339948783,108.55120550578168,108.55121808721289,108.55122976676785,108.55123540643646,108.5510325215299,108.5470476869911,108.47667789746983,107.23807226777151,86.44899114956765,87.92783511789764,106.52146545295935,106.60555449847163,108.73667272038436
120.0,120.0,120.0,120.0,120.0,120.0,120.0,120.0,120.0,120.0,108.55118726354117,108.55119300737465,108.55120265486313,108.55120967388747,108.55122678667175,108.55123161172617,108.55102899073903,108.54705058094777,108.4766819581065,107.23816644782947,86.44988370515142,84.42443318122608,106.49852959844495,106.5816436885732,108.73411100761943
120.0,120.0,120.0,120.0,120.0,120.0,120.0,120.0,120.0,120.0,108.55122920620687,108.55122296276177,108.5512246485196,108.55123148558064,108.55123605855508,108.5512416952671,108.55103430411314,108.54705384517477,108.47669455421043,107.23824308325314,86.45064839452195,84.42681791687393,105.85200281008296,106.59620955135814,100.00277527136501
120.0,120.0,120.0,120.0,120.0,120.0,120.0,120.0,120.0,120.0,108.55122039182409,108.55121744535947,108.55121949810537,108.5512270729382,108.55123859436426,108.55123715727015,108.55103486625923,108.54705275543762,108.47669834725285,107.23831113682022,86.4512822776906,84.42880665312587,104.49365497763881,106.60340898722339,88.66314708866946
120.0,120.0,120.0,120.0,120.0,120.0,120.0,120.0,120.0,120.0,108.55121302923067,108.55120825903724,108.55121459868752,108.55122219704411,108.5512342760828,108.55123956183861,108.55103053351267,108.54705403920795,108.47670167188774,107.23836562073862,86.451825043759,84.43049496397343,101.19320044730473,106.60755309441977,88.66975589963388
120.0,120.0,120.0,120.0,120.0,120.0,120.0,120.0,120.0,120.0,108.55120182736538,108.5512035894045,108.55120564914742,108.55121820576105,108.55122989357038,108.55123554547318,108.55103285186154,108.54705028608666,108.47670686943881,107.23841113392673,86.45227717075922,84.43193244140164,94.22458030945025,106.61018779108933,88.67526463369008
120.0,120.0,120.0,120.0,120.0,120.0,120.0,120.0,120.0,120.0,108.5511874923371,108.55119317848411,108.55120282597773,108.55120980893248,108.55122689917917,108.55123174397313,108.55102928226006,108.54705277739758,108.47670651190053,107.23845230417542,86.4526576661559,84.43313683290833,83.19137015015839,106.61171244461627,88.67995432202058
120.0,120.0,120.0,120.0,120.0,120.0,120.0,120.0,120.0,120.0,108.55122923362097,108.55122300050203,108.55122468062,108.5512315262169,108.55123610163638,108.55124175478109,108.55103452146197,108.54705568142882,108.47671527954537,107.23848466963804,86.45298717330819,84.43415258851708,83.1937385690774,95.60659813720991,88.68390528446133
120.0,120.0,120.0,120.0,120.0,120.0,120.0,120.0,120.0,120.0,108.55122041958427,108.55121747585929,108.55121953953277,108.55122710256983,108.55123863436822,108.55123721056314,108.55103503867021,108.5470543106422,108.47671583582931,107.23851511910152,86.45325567025745,84.43501700243868,83.19569509454934,83.363051995974,88.6872440438533
120.0,120.0,120.0,120.0,120.0,120.0,120.0,120.0,120.0,120.0,108.55121304391766,108.55120829474477,108.55121463084295,108.55122224042164,108.55123430509191,108.55123960907451,108.55103068315265,108.54705534264609,108.47671645837677,107.2385376527635,86.45348950732418,84.43573877991054,83.19737493360248,83.36581613176676,88.69010004122325
120.0,120.0,120.0,120.0,120.0,120.0,120.0,120.0,120.0,120.0,108.55120184093002,108.55120360625125,108.55120568892039,108.5512182384195,108.55122993794532,108.55123558030635,108.55103297934059,108.54705139068051,108.47671934492892,107.23855632462944,86.453683347244,84.43634807089992,83.19879518212548,83.36812024375034,88.69248972821843
120.0,120.0,120.0,120.0,120.0,120.0,120.0,120.0,120.0,120.0,108.55118750484989,108.55119319472969,108.55120284501271,108.55120985022617,108.55122693178097,108.55123179329897,108.55102938458418,108.54705371122209,108.47671703927907,107.23857478430031,86.45384496614786,84.43686237414987,83.1999858987224,83.37010392346939,88.69443273061226
120.0,120.0,120.0,120.0,120.0,120.0,120.0,120.0,120.0,120.0,108.55122924152101,108.55122301414295,108.55122469817296,108.55123154611361,108.55123614197157,108.55124178993965,108.55103462619726,108.5470564637702,108.47672416585232,107.23858810191821,86.45398811280874,84.4372958940725,83.20098762200902,83.37177516257249,88.69611443915674
120.0,120.0,120.0,120.0,120.0,120.0,120.0,120.0,120.0,120.0,108.55122042676176,108.55121748478703,108.55121955591426,108.55122712263281,108.55123865644023,108.55123725360285,108.55103512088964,108.54705498835035,108.47672332754155,107.23860244963484,86.45410029948145,84.43766477030182,83.2018348967084,83.37317480498247,88.69752461610614
120.0,120.0,120.0,120.0,120.0,120.0,120.0,120.0,120.0,120.0,108.55121305013648,108.55120830317531,108.55121464077777,108.55122225933107,108.55123432737022,108.55123963588997,108.55103076526387,108.54705590822294,108.47672280029603,107.23861129270979,86.45420233202184,84.43796976025507,83.20255267315201,83.37436156942911,88.69870748734364
120.0,120.0,120.0,120.0,120.0,120.0,120.0,120.0,120.0,120.0,108.55120184606767,108.55120361345004,108.55120569871376,108.5512182493567,108.55122995914572,108.55123560668117,108.55103304164787,108.54705187974989,108.47672469257272,107.23861848029965,86.45428422748331,84.4382322487504,83.2031525627706,83.37536487740455,88.69971103339387
120.0,120.0,120.0,120.0,120.0,120.0,120.0,120.0,120.0,120.0,108.55118750949549,108.55119320040747,108.55120285325941,108.55120986146527,108.55122694382165,108.5512318183991,108.5510294407551,108.54705411950852,108.47672156008069,107.23862723683938,86.45435158438755,84.43845153597121,83.2036625776548,83.37620612145636,88.70055849148227
120.0,120.0,120.0,120.0,120.0,120.0,120.0,120.0,120.0,120.0,108.5512292449187,108.55122301871276,108.5512247037802,108.55123155492228,108.55123615431334,108.55124180440146,108.55103467658627,108.54705681142349,108.47672797856298,107.23863233629919,86.45441570928222,84.43863501177232,83.20409247689193,83.37691944448765,88.70126980612594
120.0,120.0,120.0,120.0,120.0,120.0,120.0,120.0,120.0,120.0,108.55122042965606,108.55121748865538,108.55121956113555,108.55122712878229,108.55123866647114,108.5512372689915,108.55103515690024,108.54705528530307,108.47672654816947,107.23863974985395,86.45446096898837,84.43879447127371,83.20445231818198,83.37752077184481,88.70187259842874
120.0,120.0,120.0,120.0,120.0,120.0,120.0,120.0,120.0,120.0,108.55121305266088,108.55120830641346,108.5512146451156,108.55122226525997,108.55123433412672,108.55123964834749,108.55103079939843,108.54705615251643,108.47672552001082,107.23864277336423,86.45450638222368,84.43892300721166,83.20476012863985,83.37802568382578,88.70238065592336
120.0,120.0,120.0,120.0,120.0,120.0,120.0,120.0,120.0,120.0,108.5512018482711,108.55120361627692,108.5512057022653,108.55121825416693,108.55122996589598,108.55123561509315,108.5510330697914,108.54705209012104,108.47672698048311,107.23864503804333,86.45454072754896,84.43903601838426,83.20501554903191,83.37845503685541,88.7028075445517
120.0,120.0,120.0,120.0,120.0,120.0,120.0,120.0,120.0,120.0,108.55118751143218,108.55119320284987,108.55120285639345,108.55120986530862,108.55122694915418,108.551231826903,108.55102946208228,108.54705429616598,108.47672349543146,107.23864962337535,86.45456798901051,84.43912946740278,83.20523371089946,83.3788142171488,88.70317036738747
120.0,120.0,120.0,120.0,120.0,120.0,120.0,120.0,120.0,120.0,108.5512292463441,108.55122302056165,108.5512247062008,108.55123155815228,108.55123615827881,108.55124181083359,108.55103469624245,108.54705695768682,108.47672961004838,107.23865122589335,86.45459818522669,84.43920698639731,83.20541758253282,83.37911909731885,88.70347424056718
120.0,120.0,120.0,120.0,120.0,120.0,120.0,120.0,120.0,120.0,108.55122043089425,108.55121749025899,108.55121956317436,108.55122713143939,108.5512386700999,108.55123727392802,108.55103517263267,108.54705541090948,108.476727921052,107.23865568505589,86.45461488712583,84.43927685867517,83.20557032657587,83.3793760336564,88.70373173958016
120.0,120.0,120.0,120.0,120.0,120.0,120.0,120.0,120.0,120.0,108.55121305372583,108.55120830779966,108.55121464688926,108.55122226747669,108.5512343370416,108.55123965293541,108.55103081207176,108.54705625734464,108.47672668080045,107.23865620819484,86.45463623204732,84.43932987250982,83.20570311417407,83.37959100305758,88.7039488176325
120.0,120.0,120.0,120.0,120.0,120.0,120.0,120.0,120.0,120.0,108.55120184920719,108.55120361745554,108.55120570378534,108.55121825610684,108.55122996830542,108.55123561870616,108.55103308107255,108.54705217783574,108.47672795834632,107.23865637278166,86.45465023544601,84.43937925482476,83.2058109069731,83.37977535044219,88.7041306428909
120.0,120.0,120.0,120.0,120.0,120.0,120.0,120.0,120.0,120.0,108.55118751225952,108.55119320388384,108.55120285767691,108.55120986695012,108.55122695128141,108.55123182987761,108.55102947119612,108.54705437094064,108.47672431927684,107.23865918404069,86.45466035757937,84.43941896793854,83.20590467709187,83.37992785710676,88.70428635711168
120.0,120.0,120.0,120.0,120.0,120.0,120.0,120.0,120.0,120.0,108.5512292469492,108.55122302135132,108.55122470721984,108.55123155943659,108.55123615996374,108.55124181340096,108.55103470378089,108.54705702014373,108.47673030590913,107.23865928816595,86.45467610299934,84.43945116971716,83.20598353358167,83.38005856724891,88.70441556623736
120.0,120.0,120.0,120.0,120.0,120.0,120.0,120.0,120.0,120.0,108.55122043142211,108.551217490936,108.55121956404413,108.55122713255263,108.55123867149844,108.55123727601094,108.55103517915573,108.54705546347242,108.47672850730964,107.2386624863854,86.45468060430248,84.43948283978652,83.20604769055085,83.38016847788151,88.70452585013058
120.0,120.0,120.0,120.0,120.0,120.0,120.0,120.0,120.0,120.0,108.55121305418054,108.55120830839012,108.55121464763147,108.55122226841965,108.5512343382579,108.55123965467091,108.5510308174323,108.54705630190277,108.47672717511266,107.23866194464036,86.45469166391936,84.43950361214546,83.20610579358448,83.38025941681373,88.70461864705065
120.0,120.0,120.0,120.0,120.0,120.0,120.0,120.0,120.0,120.0,108.55120184960597,108.55120361795858,108.55120570443212,108.55121825690823,108.55122996932482,108.5512356202147,108.55103308557736,108.54705221520523,108.47672837556958,107.23866121088962,86.45469699260289,84.43952580089135,83.20615056590768,83.38033919025325,88.70469564031647
120.0,120.0,120.0,120.0,120.0,120.0,120.0,120.0,120.0,120.0,108.55118751261263,108.55119320432334,108.55120285822409,108.55120986764781,108.55122695214526,108.5512318311278,108.55102947505002,108.54705440245058,108.47672467092262,107.23866326518912,86.45469979528353,84.43954258207071,83.2061911748131,83.38040345901575,88.704762962522
120.0,120.0,120.0,120.0,120.0,120.0,120.0,120.0,120.0,120.0,108.55122924720757,108.5512230216883,108.55122470765093,108.5512315599827,108.55123616067922,108.55124181442852,108.55103470696308,108.54705704676849,108.47673060248482,107.23866273031577,86.45470936841375,84.43955543659308,83.20622520008223,83.38045973404937,88.70481758459043
120.0,120.0,120.0,120.0,120.0,120.0,120.0,120.0,120.0,120.0,108.55122043164727,108.55121749122496,108.55121956441526,108.55122713302067,108.5512386720905,108.55123727689602,108.55103518184056,108.54705548585544,108.47672875753958,107.23866538968782,86.45470866326919,84.43957078778725,83.2062515360794,83.3805068709681,88.70486495184711
120.0,120.0,120.0,120.0,120.0,120.0,120.0,120.0,120.0,120.0,108.55121305437466,108.5512083086417,108.551214647948,108.55122226882203,108.55123433876494,108.55123965540186,108.55103081971703,108.54705632078755,108.47672738607803,107.23866439361345,86.45471533104255,84.43957779636945,83.20627773589321,83.38054485276925,88.70490468781306
120.0,120.0,120.0,120.0,120.0,120.0,120.0,120.0,120.0,120.0,108.5512018497762,108.55120361817335,108.55120570470723,108.5512182572494,108.55122996975993,108.5512356208393,108.55103308748264,108.5470522311555,108.47672855352171,107.23866327645771,86.45471695565669,84.43958837468524,83.20629560022415,83.38057995456866,88.70493691678413
120.0,120.0,120.0,120.0,120.0,120.0,120.0,120.0,120.0,120.0,108.55118751276335,108.55119320451092,108.55120285845774,108.55120986794384,108.55122695251195,108.55123183166175,108.55102947666605,108.54705441587426,108.47672482104457,107.23866500745606,86.45471663377639,84.43959536262332,83.20631351108439,83.380606545733,88.7049664790921
120.0,120.0,120.0,120.0,120.0,120.0,120.0,120.0,120.0,120.0,108.55122924731786,108.55122302183206,108.55122470783485,108.55123156021597,108.55123616098147,108.5512418148631,108.55103470832235,108.54705705809386,108.47673072906603,107.23866419991816,86.45472357145948,84.43959995669138,83.20632839019157,83.38063103804703,88.704989252895
120.0,120.0,120.0,120.0,120.0,120.0,120.0,120.0,120.0,120.0,108.55122043174342,108.55121749134832,108.55121956457346,108.55122713322017,108.55123867234347,108.5512372772687,108.55103518297936,108.54705549541261,108.4767288643196,107.23866662923085,86.4547206434457,84.43960834020521,83.20633857683573,83.38065136552025,88.70500975441814
120.0,120.0,120.0,120.0,120.0,120.0,120.0,120.0,120.0,120.0,108.55121305445755,108.55120830874911,108.55121464808313,108.55122226899336,108.55123433898065,108.5512396557143,108.5510308206845,108.54705632883805,108.47672747614948,107.23866543915982,86.45472543611814,84.43960947161871,83.20635115455657,83.38066673412521,88.70502682866842
120.0,120.0,120.0,120.0,120.0,120.0,120.0,120.0,120.0,120.0,108.55120184984891,108.55120361826502,108.55120570482464,108.5512182573951,108.55122996994493,108.55123562110442,108.55103308829662,108.54705223795385,108.47672862948144,107.23866415837064,86.45472547919823,84.43961509250882,83.206357528583,83.38068276142539,88.70503994291023
120.0,120.0,120.0,120.0,120.0,120.0,120.0,120.0,120.0,120.0,108.55118751282771,108.55119320459102,108.55120285855743,108.5512098680701,108.55122695266861,108.55123183188842,108.55102947735327,108.54705442160616,108.47672488512426,107.23866575132011,86.45472382332774,84.4396178989495,83.20636574740789,83.38069326306373,88.70505338162812
120.0,120.0,120.0,120.0,120.0,120.0,120.0,120.0,120.0,120.0,108.55122924736494,108.55122302189345,108.55122470791339,108.55123156031544,108.55123616111028,108.55124181504877,108.55103470890067,108.54705706292468,108.47673078311149,107.23866482736646,86.45472963573799,84.43961896596052,83.20637245134043,83.38070418393197,88.7050625550345
120.0,120.0,120.0,120.0,120.0,120.0,120.0,120.0,120.0,120.0,108.55122043178444,108.55121749140099,108.551219564641,108.55122713330533,108.55123867245129,108.55123727742732,108.55103518346577,108.5470554994901,108.47672890990376,107.23866715847569,86.45472575862526,84.43962437436585,83.20637574223464,83.38071306390063,88.70507158467366
120.0,120.0,120.0,120.0,120.0,120.0,120.0,120.0,120.0,120.0,108.55121305449296,108.55120830879497,108.55121464814083,108.5512222690665,108.55123433907275,108.5512396558474,108.55103082109665,108.54705633227552,108.47672751460247,107.2386658855672,86.45472975073376,84.43962299634168,83.20638250337217,83.38071877651304,88.70507898237314
120.0,120.0,120.0,120.0,120.0,120.0,120.0,120.0,120.0,120.0,108.55120184987993,108.55120361830416,108.55120570487477,108.5512182574573,108.55122997002381,108.55123562121767,108.55103308864369,108.5470522408549,108.47672866191385,107.23866453491483,86.45472911852534,84.4396265005358,83.20638397116848,83.38072665897458,88.70508393441636
120.0,120.0,120.0,120.0,120.0,120.0,120.0,120.0,120.0,120.0,108.5511875128552,108.5511932046252,108.5512028586,108.55120986812403,108.55122695273545,108.55123183198505,108.55102947764672,108.54705442405276,108.47672491248181,107.23866606892973,86.45472689307891,84.43962752153054,83.20638805160753,83.3807302904854,88.70509048831215
120.0,120.0,120.0,120.0,120.0,120.0,120.0,120.0,120.0,120.0,108.55122924738504,108.55122302191967,108.55122470794691,108.5512315603579,108.55123616116528,108.55124181512798,108.5510347091473,108.54705706498731,108.47673080618617,107.2386650952668,86.45473222504795,84.43962708255276,83.206391264802,83.38073541641643,88.70509385440089
120.0,120.0,120.0,120.0,120.0,120.0,120.0,120.0,120.0,120.0,108.55122043180197,108.55121749142347,108.55121956466986,108.5512271333417,108.5512386724973,108.55123727749505,108.55103518367335,108.54705550123057,108.47672892936691,107.23866738444754,86.45472794268537,84.4396312206618,83.20639161129516,83.38073940834812,88.70509798557413
120.0,120.0,120.0,120.0,120.0,120.0,120.0,120.0,120.0,120.0,108.55121305450807,108.55120830881455,108.55121464816547,108.55122226909772,108.55123433911206,108.55123965590415,108.5510308212726,108.54705633374304,108.47672753102003,107.2386660761723,86.45473159297383,84.43962877114355,83.2063958888431,83.3807409979359,88.7051012514114
120.0,120.0,120.0,120.0,120.0,120.0,120.0,120.0,120.0,120.0,108.55120184989319,108.55120361832087,108.55120570489618,108.55121825748384,108.55122997005753,108.551235621266,108.55103308879177,108.54705224209357,108.47672867576136,107.23866469568905,86.45473067244117,84.43963137154664,83.206395261733,83.38074540264164,88.7051027182562
120.0,120.0,120.0,120.0,120.0,120.0,120.0,120.0,120.0,120.0,108.55118751286693,108.55119320463979,108.55120285861818,108.55120986814704,108.55122695276398,108.55123183202632,108.55102947777198,108.54705442509723,108.47672492416278,107.23866620454103,86.45472820379564,84.43963163019785,83.20639757513754,83.38074610066738,88.70510633239716
120.0,120.0,120.0,120.0,120.0,120.0,120.0,120.0,120.0,120.0,108.55122924739365,108.55122302193084,108.55122470796123,108.55123156037604,108.55123616118877,108.55124181516177,108.55103470925262,108.54705706586796,108.47673081603821,107.23866520965426,86.45473333062763,84.43963054818676,83.20639929784677,83.38074875222512,88.70510721880402
120.0,120.0,120.0,120.0,120.0,120.0,120.0,120.0,120.0,120.0,108.55122043180945,108.55121749143309,108.55121956468216,108.55122713335723,108.55123867251694,108.55123727752397,108.55103518376193,108.54705550197367,108.47672893767714,107.2386674809322,86.45472887523503,84.43963414390207,83.20639838712057,83.3807506570335,88.70510925838335
120.0,120.0,120.0,120.0,120.0,120.0,120.0,120.0,120.0,120.0,108.55121305451449,108.55120830882292,108.55121464817597,108.55122226911107,108.55123433912885,108.5512396559284,108.55103082134775,108.54705633436957,108.47672753802992,107.2386661575564,86.45473237957265,84.43963123687902,83.2064016042127,83.38075048613881,88.70511075996869
120.0,120.0,120.0,120.0,120.0,120.0,120.0,120.0,120.0,120.0,108.55120184989885,108.551203618328,108.55120570490531,108.5512182574952,108.55122997007193,108.55123562128662,108.55103308885502,108.54705224262244,108.47672868167383,107.23866476433626,86.45473133593174,84.4396334513787,83.20640008261437,83.38075340588891,88.70511073867199
120.0,120.0,120.0,120.0,120.0,120.0,120.0,120.0,120.0,120.0,108.55118751287195,108.55119320464604,108.55120285862594,108.55120986815686,108.55122695277616,108.55123183204391,108.55102947782547,108.5470544255432,108.47672492915031,107.23866626244414,86.45472876344618,84.43963338452288,83.20640164152225,83.38075285136205,88.70511309757516
120.0,120.0,120.0,120.0,120.0,120.0,120.0,120.0,120.0,120.0,108.5512292473973,108.55122302193563,108.55122470796734,108.55123156038377,108.55123616119877,108.5512418151762,108.55103470929755,108.54705706624395,108.47673082024482,107.23866525849535,86.45473380268851,84.43963202794953,83.20640272781792,83.3807544463973,88.70511292519456
120.0,120.0,120.0,120.0,120.0,120.0,120.0,120.0,120.0,120.0,108.55122043181265,108.5512174914372,108.55121956468741,108.55122713336385,108.55123867252533,108.5512372775363,108.55103518379975,108.54705550229099,108.4767289412254,107.2386675221292,86.45472927341567,84.4396353920723,83.20640128028126,83.3807554600349,88.70511407169153
120.0,120.0,120.0,120.0,120.0,120.0,120.0,120.0,120.0,120.0,108.55121305451728,108.55120830882649,108.55121464818045,108.55122226911672,108.55123433913602,108.55123965593876,108.55103082137983,108.54705633463709,108.47672754102302,107.23866619230576,86.45473271543536,84.43963228970298,83.20640404457616,83.38075453744297,88.70511481996675
120.0,120.0,120.0,120.0,120.0,120.0,120.0,120.0,120.0,120.0,108.55120184990126,108.55120361833104,108.55120570490921,108.55121825750003,108.55122997007804,108.55123562129545,108.55103308888201,108.54705224284824,108.47672868419835,107.2386647936473,86.4547316192296,84.43963433942926,83.20640214104621,83.38075682314013,88.70511416325726
120.0,120.0,120.0,120.0,120.0,120.0,120.0,120.0,120.0,120.0,108.55118751287407,108.5511932046487,108.55120285862925,108.55120986816107,108.55122695278136,108.55123183205143,108.55102947784829,108.5470544257336,108.47672493127985,107.23866628716765,86.45472900240641,84.43963413358786,83.2064033777973,83.38075573379318,88.70511598619292
120.0,120.0,120.0,120.0,120.0,120.0,120.0,120.0,120.0,120.0,108.55122924739888,108.55122302193766,108.55122470796995,108.55123156038707,108.55123616120305,108.5512418151824,108.55103470931675,108.5470570664045,108.47673082204096,107.23866527934953,86.45473400424966,84.43963265978138,83.20640419235524,83.38075687771118,88.7051153617266
120.0,120.0,120.0,120.0,120.0,120.0,120.0,120.0,120.0,120.0,108.55122043181403,108.55121749143893,108.55121956468965,108.5512271333667,108.55123867252891,108.55123727754157,108.5510351838159,108.54705550242645,108.47672894274044,107.23866753971954,86.45472944343133,84.4396359250184,83.20640251560974,83.38075751083352,88.70511612689218
120.0,120.0,120.0,120.0,120.0,120.0,120.0,120.0,120.0,120.0,108.55121305451843,108.551208308828,108.5512146481824,108.55122226911915,108.55123433913909,108.55123965594316,108.55103082139352,108.54705633475133,108.476727542301,107.23866620714308,86.45473285884252,84.43963273923976,83.20640508656818,83.38075626727937,88.70511655351622
120.0,120.0,120.0,120.0,120.0,120.0,120.0,120.0,120.0,120.0,108.55120184990231,108.55120361833234,108.5512057049109,108.5512182575021,108.55122997008064,108.55123562129921,108.55103308889355,108.54705224294467,108.47672868527627,107.23866480616252,86.45473174019256,84.4396347186108,83.20640301996012,83.38075828224677,88.70511562549595
120.0,120.0,120.0,120.0,120.0,120.0,120.0,120.0,120.0,120.0,108.55118751287499,108.55119320464983,108.55120285863066,108.55120986816283,108.5512269527836,108.55123183205464,108.55102947785805,108.5470544258149,108.47672493218911,107.23866629772412,86.45472910443799,84.43963445342506,83.2064041191559,83.3807569645408,88.70511721958256
120.0,120.0,120.0,120.0,120.0,120.0,120.0,120.0,120.0,120.0,108.55122924739955,108.55122302193854,108.55122470797107,108.55123156038849,108.55123616120488,108.55124181518502,108.55103470932494,108.54705706647306,108.4767308228079,107.23866528825387,86.45473409031258,84.43963292956218,83.20640481768667,83.38075791583938,88.70511640208332
120.0,120.0,120.0,120.0,120.0,120.0,120.0,120.0,120.0,120.0,108.55122043181458,108.55121749143967,108.55121956469063,108.55122713336789,108.55123867253045,108.55123727754383,108.55103518382282,108.5470555024843,108.47672894338734,107.23866754723029,86.45472951602491,84.43963615257678,83.20640304307298,83.38075838648837,88.70511700442682
120.0,120.0,120.0,120.0,120.0,120.0,120.0,120.0,120.0,120.0,108.55121305451893,108.55120830882865,108.5512146481832,108.55122226912022,108.5512343391404,108.55123965594505,108.55103082139938,108.54705633480012,108.47672754284666,107.23866621347835,86.45473292007475,84.43963293118382,83.2064055314802,83.38075700588894,88.70511729371138
120.0,120.0,120.0,120.0,120.0,120.0,120.0,120.0,120.0,120.0,108.55120184990272,108.5512036183329,108.55120570491161,108.55121825750297,108.55122997008179,108.5512356213008,108.55103308889846,108.54705224298583,108.47672868573655,107.2386648115063,86.45473179184155,84.4396348805145,83.20640339524064,83.3807589052595,88.7051162498461
120.0,120.0,120.0,120.0,120.0,120.0,120.0,120.0,120.0,120.0,108.55118751287537,108.55119320465032,108.55120285863129,108.55120986816361,108.55122695278456,108.55123183205602,108.55102947786222,108.54705442584961,108.47672493257737,107.23866630223156,86.45472914800364,84.43963458998978,83.20640443570275,83.38075749004817,88.70511774621816
120.0,120.0,120.0,120.0,120.0,120.0,120.0,120.0,120.0,120.0,108.55122924739983,108.55122302193888,108.55122470797154,108.5512315603891,108.55123616120568,108.55124181518615,108.55103470932846,108.54705706650233,108.47673082313536,107.23866529205587,86.45473412705991,84.4396330447537,83.20640508469195,83.3807583591017,88.7051168462972
120.0,120.0,120.0,120.0,120.0,120.0,120.0,120.0,120.0,120.0,108.55122043181484,108.55121749144,108.55121956469104,108.5512271333684,108.5512386725311,108.5512372775448,108.55103518382575,108.547055502509,108.47672894366356,107.23866755043723,86.45472954702106,84.43963624974012,83.20640326829032,83.38075876037738,88.70511737911859
120.0,120.0,120.0,120.0,120.0,120.0,120.0,120.0,120.0,120.0,108.55121305451914,108.55120830882893,108.55121464818356,108.55122226912064,108.55123433914096,108.55123965594586,108.55103082140187,108.54705633482094,108.47672754307968,107.2386662161834,86.45473294621979,84.43963301314051,83.20640572144968,83.38075732126201,88.70511760976154
120.0,120.0,120.0,120.0,120.0,120.0,120.0,120.0,120.0,120.0,108.55120184990292,108.55120361833315,108.5512057049119,108.55121825750334,108.55122997008228,108.5512356213015,108.55103308890057,108.5470522430034,108.47672868593305,107.238664813788,86.45473181389475,84.43963494964444,83.20640355547873,83.38075917127479,88.70511651643247
120.0,120.0,120.0,120.0,120.0,120.0,120.0,120.0,120.0,120.0,108.55118751287554,108.55119320465052,108.55120285863153,108.55120986816394,108.55122695278493,108.55123183205662,108.551029477864,108.54705442586445,108.47672493274315,107.23866630415615,86.45472916660539,84.43963464830047,83.20640457086259,83.38075771443043,88.70511797108215
120.0,120.0,120.0,120.0,120.0,120.0,120.0,120.0,120.0,120.0,108.55122924739995,108.55122302193907,108.55122470797173,108.55123156038935,108.551236161206,108.55124181518661,108.55103470932995,108.54705706651482,108.47673082327518,107.23866529367928,86.45473414275033,84.4396330939384,83.20640519869845,83.38075854836677,88.7051170359686
120.0,120.0,120.0,120.0,120.0,120.0,120.0,120.0,120.0,120.0,108.55122043181497,108.55121749144013,108.55121956469121,108.55122713336863,108.5512386725314,108.5512372775452,108.55103518382701,108.54705550251956,108.47672894378147,107.23866755180657,86.45472956025588,84.43963629122712,83.20640336445412,83.38075892002131,88.70511753910523
120.0,120.0,120.0,120.0,120.0,120.0,120.0,120.0,120.0,120.0,108.55121305451924,108.55120830882905,108.5512146481837,108.55122226912083,108.55123433914119,108.55123965594622,108.55103082140293,108.54705633482982,108.47672754317915,107.23866621733839,86.45473295738329,84.43963304813455,83.20640580256322,83.38075745592072,88.70511774470931
120.0,120.0,120.0,120.0,120.0,120.0,120.0,120.0,120.0,120.0,108.551201849903,108.55120361833325,108.55120570491202,108.55121825750349,108.55122997008246,108.55123562130179,108.55103308890146,108.54705224301091,108.47672868601697,107.23866481476226,86.45473182331102,84.43963497916172,83.20640362389751,83.38075928485856,88.7051166302601
120.0,120.0,120.0,120.0,120.0,120.0,120.0,120.0,120.0,120.0,108.5511875128756,108.55119320465062,108.55120285863163,108.5512098681641,108.55122695278511,108.55123183205684,108.55102947786474,108.5470544258708,108.47672493281394,107.23866630497793,86.454729174548,84.43963467319806,83.20640462857344,83.38075781023764,88.70511806709504
120.0,120.0,120.0,120.0,120.0,120.0,120.0,120.0,120.0,120.0,108.55122924740002,108.5512230219391,108.55122470797183,108.55123156038945,108.55123616120615,108.55124181518681,108.55103470933058,108.54705706652017,108.47673082333489,107.23866529437241,86.45473414944989,84.43963311493941,83.20640524737715,83.38075862917957,88.70511711695492
120.0,120.0,120.0,120.0,120.0,120.0,120.0,120.0,120.0,120.0,108.551220431815,108.55121749144018,108.55121956469127,108.55122713336873,108.5512386725315,108.55123727754538,108.55103518382757,108.54705550252405,108.47672894383183,107.23866755239123,86.45472956590687,84.43963630894133,83.20640340551432,83.3807589881864,88.7051176074167
120.0,120.0,120.0,120.0,120.0,120.0,120.0,120.0,120.0,120.0,108.55121305451927,108.5512083088291,108.55121464818379,108.5512222691209,108.5512343391413,108.55123965594635,108.55103082140339,108.54705633483361,108.47672754322161,107.23866621783156,86.4547329621499,84.43963306307634,83.20640583719728,83.38075751341756,88.70511780232961
120.0,120.0,120.0,120.0,120.0,120.0,120.0,120.0,120.0,120.0,108.55120184990304,108.55120361833326,108.55120570491209,108.55121825750358,108.55122997008253,108.55123562130193,108.55103308890183,108.54705224301412,108.47672868605278,107.23866481517823,86.45473182733166,84.43963499176508,83.20640365311107,83.38075933335679,88.70511667886248
120.0,120.0,120.0,120.0,120.0,120.0,120.0,120.0,120.0,120.0,108.55118751287566,108.55119320465066,108.55120285863168,108.55120986816415,108.5512269527852,108.55123183205697,108.55102947786509,108.54705442587347,108.47672493284416,107.23866630532879,86.45472917793936,84.43963468382893,83.20640465321493,83.38075785114557,88.70511810809087
120.0,120.0,120.0,120.0,120.0,120.0,120.0,120.0,120.0,120.0,108.55122924740002,108.55122302193914,108.55122470797187,108.55123156038948,108.5512361612062,108.55124181518693,108.55103470933084,108.54705706652244,108.47673082336036,107.23866529466838,86.45473415231048,84.43963312390646,83.20640526816211,83.38075866368519,88.7051171515346
120.0,120.0,120.0,120.0,120.0,120.0,120.0,120.0,120.0,120.0,108.55122043181501,108.5512174914402,108.55121956469131,108.55122713336878,108.55123867253154,108.55123727754544,108.55103518382779,108.54705550252595,108.47672894385335,107.23866755264085,86.45472956831976,84.43963631650499,83.20640342304631,83.38075901729167,88.70511763658448
120.0,120.0,120.0,120.0,120.0,120.0,120.0,120.0,120.0,120.0,108.55121305451931,108.55120830882913,108.5512146481838,108.55122226912094,108.55123433914136,108.5512396559464,108.55103082140356,108.54705633483526,108.47672754323976,107.23866621804214,86.45473296418513,84.43963306945626,83.20640585198538,83.38075753796768,88.70511782693244
120.0,120.0,120.0,120.0,120.0,120.0,120.0,120.0,120.0,120.0,108.55120184990304,108.55120361833332,108.55120570491214,108.55121825750359,108.55122997008256,108.55123562130198,108.55103308890199,108.54705224301547,108.47672868606809,107.23866481535583,86.45473182904837,84.43963499714644,83.2064036655848,83.38075935406466,88.7051166996148
120.0,120.0,120.0,120.0,120.0,120.0,120.0,120.0,120.0,120.0,108.55118751287564,108.55119320465066,108.5512028586317,108.55120986816418,108.55122695278521,108.551231832057,108.55102947786523,108.54705442587463,108.47672493285704,107.2386663054786,86.45472917938737,84.43963468836812,83.20640466373638,83.38075786861258,88.70511812559529
120.0,120.0,120.0,120.0,120.0,120.0,120.0,120.0,120.0,120.0,108.55122924740003,108.55122302193915,108.55122470797187,108.55123156038952,108.55123616120623,108.55124181518696,108.55103470933095,108.54705706652342,108.47673082337124,107.23866529479473,86.45473415353186,84.43963312773522,83.20640527703694,83.38075867841846,88.7051171662995
120.0,120.0,120.0,120.0,120.0,120.0,120.0,120.0,120.0,120.0,108.55122043181503,108.55121749144024,108.55121956469132,108.55122713336878,108.55123867253158,108.55123727754548,108.55103518382788,108.54705550252677,108.47672894386253,107.23866755274744,86.45472956935,84.43963631973452,83.20640343053213,83.38075902971913,88.70511764903854
120.0,120.0,120.0,120.0,120.0,120.0,120.0,120.0,120.0,120.0,108.5512130545193,108.55120830882913,108.55121464818383,108.55122226912096,108.55123433914135,108.55123965594645,108.55103082140367,108.54705633483593,108.4767275432475,107.23866621813205,86.45473296505413,84.43963307218033,83.20640585829963,83.38075754845013,88.70511783743744
120.0,120.0,120.0,120.0,120.0,120.0,120.0,120.0,120.0,120.0,108.55120184990305,108.55120361833332,108.55120570491214,108.5512182575036,108.55122997008262,108.551235621302,108.55103308890207,108.54705224301607,108.47672868607461,107.23866481543168,86.45473182978137,84.43963499944418,83.20640367091083,83.38075936290656,88.70511670847566
120.0,120.0,120.0,120.0,120.0,120.0,120.0,120.0,120.0,120.0,108.55118751287566,108.55119320465069,108.55120285863171,108.55120986816418,108.55122695278523,108.55123183205703,108.55102947786527,108.54705442587512,108.47672493286258,107.23866630554257,86.45472918000566,84.43963469030622,83.20640466822886,83.38075787607065,88.7051181330694
120.0,120.0,120.0,120.0,120.0,120.0,120.0,120.0,120.0,120.0,108.55122924740004,108.55122302193918,108.55122470797188,108.55123156038952,108.55123616120625,108.55124181518696,108.55103470933102,108.54705706652383,108.47673082337587,107.23866529484873,86.45473415405336,84.43963312937001,83.20640528082629,83.38075868470932,88.70511717260388
120.0,120.0,120.0,120.0,120.0,120.0,120.0,120.0,120.0,120.0,108.55122043181503,108.55121749144024,108.55121956469134,108.5512271333688,108.55123867253158,108.5512372775455,108.5510351838279,108.54705550252714,108.47672894386643,107.23866755279298,86.45472956978993,84.43963632111343,83.20640343372847,83.3807590350254,88.70511765435626
120.0,120.0,120.0,120.0,120.0,120.0,120.0,120.0,120.0,120.0,108.55121305451932,108.55120830882912,108.5512146481838,108.55122226912097,108.55123433914136,108.55123965594646,108.55103082140371,108.54705633483621,108.47672754325083,107.23866621817044,86.45473296542518,84.4396330733435,83.20640586099567,83.38075755292596,88.70511784192287
120.0,120.0,120.0,120.0,120.0,120.0,120.0,120.0,120.0,120.0,108.55120184990305,108.55120361833333,108.55120570491212,108.5512182575036,108.55122997008262,108.551235621302,108.5510330889021,108.54705224301632,108.4767286860774,107.23866481546408,86.45473183009433,84.43963500042528,83.20640367318497,83.38075936668186,88.70511671225913
120.0,120.0,120.0,120.0,120.0,120.0,120.0,120.0,120.0,120.0,108.55118751287567,108.55119320465069,108.55120285863174,108.5512098681642,108.55122695278524,108.55123183205704,108.55102947786531,108.54705442587533,108.47672493286493,107.2386663055699,86.45472918026968,84.43963469113376,83.20640467014707,83.38075787925513,88.7051181362607
120.0,120.0,120.0,120.0,120.0,120.0,120.0,120.0,120.0,120.0,108.55122924740003,108.55122302193917,108.55122470797188,108.55123156038952,108.55123616120626,108.55124181518697,108.55103470933105,108.547057066524,108.47673082337786,107.23866529487175,86.45473415427607,84.43963313006806,83.20640528244427,83.38075868739539,88.70511717529574
120.0,120.0,120.0,120.0,120.0,120.0,120.0,120.0,120.0,120.0,108.55122043181503,108.55121749144026,108.55121956469132,108.55122713336878,108.55123867253158,108.55123727754551,108.5510351838279,108.5470555025273,108.47672894386811,107.23866755281239,86.45472956997774,84.43963632170225,83.20640343509322,83.38075903729109,88.70511765662681
120.0,120.0,120.0,120.0,120.0,120.0,120.0,120.0,120.0,120.0,108.55121305451931,108.55120830882912,108.55121464818382,108.55122226912097,108.55123433914136,108.55123965594647,108.55103082140371,108.54705633483633,108.47672754325224,107.23866621818681,86.45473296558363,84.43963307384013,83.20640586214687,83.38075755483707,88.70511784383804
120.0,120.0,120.0,120.0,120.0,120.0,120.0,120.0,120.0,120.0,108.55120184990307,108.55120361833332,108.55120570491214,108.5512182575036,108.55122997008262,108.551235621302,108.55103308890213,108.54705224301642,108.47672868607857,107.2386648154779,86.45473183022797,84.43963500084422,83.20640367415594,83.38075936829387,88.70511671387459
120.0,120.0,120.0,120.0,120.0,120.0,120.0,120.0,120.0,120.0,108.55118751287567,108.55119320465069,108.55120285863171,108.5512098681642,108.55122695278526,108.55123183205703,108.55102947786531,108.54705442587542,108.47672493286593,107.23866630558152,86.45472918038243,84.43963469148713,83.20640467096612,83.38075788061481,88.70511813762333
120.0,120.0,120.0,120.0,120.0,120.0,120.0,120.0,120.0,120.0,108.55122924740004,108.55122302193918,108.55122470797188,108.55123156038954,108.55123616120625,108.55124181518698,108.55103470933105,108.54705706652408,108.47673082337872,107.2386652948816,86.45473415437112,84.43963313036612,83.20640528313514,83.3807586885423,88.70511717644504
120.0,120.0,120.0,120.0,120.0,120.0,120.0,120.0,120.0,120.0,108.55122043181503,108.55121749144024,108.55121956469134,108.5512271333688,108.55123867253158,108.55123727754548,108.55103518382795,108.54705550252736,108.47672894386882,107.23866755282069,86.45472957005795,84.43963632195364,83.20640343567595,83.3807590382585,88.7051176575963
120.0,120.0,120.0,120.0,120.0,120.0,120.0,120.0,120.0,120.0,108.55121305451932,108.55120830882915,108.55121464818382,108.55122226912098,108.55123433914137,108.55123965594646,108.5510308214037,108.54705633483641,108.47672754325284,107.2386662181938,86.45473296565129,84.4396330740522,83.20640586263839,83.38075755565306,88.7051178446558
120.0,120.0,120.0,120.0,120.0,120.0,120.0,120.0,120.0,120.0,108.55120184990307,108.55120361833333,108.55120570491214,108.55121825750362,108.5512299700826,108.55123562130201,108.55103308890212,108.54705224301645,108.47672868607911,107.2386648154838,86.45473183028503,84.43963500102308,83.20640367457055,83.38075936898215,88.70511671456434
120.0,120.0,120.0,120.0,120.0,120.0,120.0,120.0,120.0,120.0,108.55118751287566,108.55119320465069,108.55120285863173,108.55120986816418,108.55122695278524,108.55123183205704,108.55102947786533,108.54705442587546,108.47672493286636,107.23866630558653,86.45472918043053,84.439634691638,83.20640467131584,83.38075788119541,88.70511813820515
120.0,120.0,120.0,120.0,120.0,120.0,120.0,120.0,120.0,120.0,108.55122924740004,108.55122302193917,108.55122470797188,108.55123156038952,108.55123616120626,108.55124181518698,108.55103470933106,108.5470570665241,108.47673082337907,107.23866529488578,86.45473415441175,84.43963313049338,83.2064052834301,83.380758689032,88.70511717693581
120.0,120.0,120.0,120.0,120.0,120.0,120.0,120.0,120.0,120.0,108.55122043181503,108.55121749144024,108.55121956469132,108.5512271333688,108.55123867253158,108.5512372775455,108.55103518382795,108.54705550252739,108.47672894386913,107.23866755282425,86.45472957009217,84.43963632206102,83.20640343592476,83.38075903867156,88.70511765801025
120.0,120.0,120.0,120.0,120.0,120.0,120.0,120.0,120.0,120.0,108.55121305451931,108.55120830882913,108.55121464818383,108.55122226912096,108.55123433914136,108.55123965594646,108.55103082140371,108.54705633483643,108.47672754325309,107.23866621819681,86.45473296568018,84.4396330741427,83.20640586284827,83.38075755600148,88.70511784500499
120.0,120.0,120.0,120.0,120.0,120.0,120.0,120.0,120.0,120.0,108.55120184990304,108.5512036183333,108.55120570491212,108.55121825750362,108.5512299700826,108.551235621302,108.55103308890213,108.54705224301648,108.47672868607933,107.23866481548632,86.45473183030941,84.43963500109946,83.20640367474755,83.38075936927608,88.70511671485885
120.0,120.0,120.0,120.0,120.0,120.0,120.0,120.0,120.0,120.0,108.55118751287569,108.55119320465069,108.55120285863171,108.55120986816418,108.55122695278526,108.55123183205703,108.55102947786533,108.54705442587549,108.47672493286653,107.23866630558867,86.45472918045107,84.43963469170245,83.20640467146517,83.38075788144326,88.70511813845359
120.0,120.0,120.0,120.0,120.0,120.0,120.0,120.0,120.0,120.0,108.55122924740004,108.55122302193917,108.5512247079719,108.55123156038952,108.55123616120623,108.55124181518697,108.55103470933105,108.54705706652413,108.47673082337926,107.2386652948876,86.45473415442908,84.4396331305477,83.2064052835561,83.38075868924108,88.70511717714538
120.0,120.0,120.0,120.0,120.0,120.0,120.0,120.0,120.0,120.0,108.55122043181503,108.55121749144023,108.55121956469134,108.5512271333688,108.55123867253158,108.5512372775455,108.55103518382795,108.54705550252739,108.47672894386926,107.23866755282576,86.45472957010684,84.43963632210682,83.20640343603101,83.38075903884793,88.70511765818699
120.0,120.0,120.0,120.0,120.0,120.0,120.0,120.0,120.0,120.0,108.55121305451931,108.55120830882913,108.55121464818383,108.55122226912097,108.55123433914137,108.55123965594646,108.55103082140371,108.54705633483644,108.47672754325319,107.23866621819808,86.4547329656925,84.43963307418143,83.20640586293788,83.38075755615024,88.70511784515406
120.0,120.0,120.0,120.0,120.0,120.0,120.0,120.0,120.0,120.0,108.55120184990308,108.55120361833332,108.55120570491214,108.55121825750363,108.55122997008262,108.55123562130201,108.55103308890213,108.5470522430165,108.47672868607941,107.2386648154874,86.45473183031982,84.43963500113206,83.20640367482319,83.38075936940153,88.70511671498461
120.0,120.0,120.0,120.0,120.0,120.0,120.0,120.0,120.0,120.0,108.55118751287566,108.5511932046507,108.55120285863171,108.55120986816418,108.55122695278524,108.55123183205704,108.55102947786534,108.54705442587547,108.4767249328666,107.23866630558959,86.45472918045985,84.43963469172992,83.20640467152892,83.38075788154913,88.70511813855964
120.0,120.0,120.0,120.0,120.0,120.0,120.0,120.0,120.0,120.0,108.55122924740003,108.55122302193915,108.55122470797188,108.55123156038955,108.55123616120625,108.55124181518698,108.55103470933106,108.54705706652413,108.47673082337928,107.23866529488834,86.4547341544365,84.43963313057091,83.20640528360985,83.38075868933038,88.70511717723485
120.0,120.0,120.0,120.0,120.0,120.0,120.0,120.0,120.0,120.0,108.55122043181503,108.55121749144026,108.55121956469132,108.5512271333688,108.55123867253161,108.5512372775455,108.55103518382795,108.54705550252741,108.47672894386932,107.2386675528264,86.45472957011303,84.4396363221264,83.20640343607639,83.38075903892324,88.70511765826245
120.0,120.0,120.0,120.0,120.0,120.0,120.0,120.0,120.0,120.0,108.55121305451931,108.55120830882913,108.55121464818384,108.55122226912097,108.55123433914137,108.55123965594646,108.55103082140374,108.54705633483643,108.47672754325325,107.23866621819865,86.45473296569777,84.43963307419789,83.20640586297617,83.38075755621378,88.7051178452177
120.0,120.0,120.0,120.0,120.0,120.0,120.0,120.0,120.0,120.0,108.55120184990305,108.5512036183333,108.55120570491212,108.55121825750363,108.5512299700826,108.55123562130201,108.55103308890214,108.54705224301651,108.47672868607945,107.23866481548785,86.45473183032425,84.439635001146,83.20640367485544,83.38075936945513,88.70511671503833
120.0,120.0,120.0,120.0,120.0,120.0,120.0,120.0,120.0,120.0,108.55118751287566,108.55119320465069,108.55120285863171,108.5512098681642,108.55122695278527,108.55123183205703,108.55102947786531,108.5470544258755,108.47672493286665,107.23866630558994,86.45472918046359,84.43963469174167,83.20640467155614,83.38075788159432,88.70511813860493
120.0,120.0,120.0,120.0,120.0,120.0,120.0,120.0,120.0,120.0,108.55122924740004,108.55122302193918,108.5512247079719,108.55123156038954,108.55123616120625,108.55124181518698,108.55103470933105,108.54705706652415,108.47673082337934,107.23866529488869,86.45473415443962,84.4396331305808,83.20640528363283,83.3807586893685,88.70511717727305
120.0,120.0,120.0,120.0,120.0,120.0,120.0,120.0,120.0,120.0,108.55122043181503,108.55121749144026,108.55121956469134,108.5512271333688,108.55123867253158,108.55123727754548,108.55103518382798,108.54705550252739,108.47672894386935,107.23866755282667,86.45472957011573,84.43963632213475,83.20640343609575,83.38075903895539,88.7051176582947
120.0,120.0,120.0,120.0,120.0,120.0,120.0,120.0,120.0,120.0,108.55121305451931,108.55120830882915,108.55121464818382,108.55122226912097,108.55123433914137,108.55123965594645,108.55103082140371,108.54705633483645,108.47672754325326,107.23866621819886,86.4547329657,84.43963307420495,83.20640586299248,83.3807575562409,88.7051178452449
120.0,120.0,120.0,120.0,120.0,120.0,120.0,120.0,120.0,120.0,108.55120184990307,108.55120361833333,108.55120570491212,108.55121825750363,108.55122997008262,108.55123562130203,108.55103308890212,108.5470522430165,108.47672868607948,107.23866481548804,86.45473183032615,84.43963500115191,83.20640367486924,83.380759369478,88.70511671506125
120.0,120.0,120.0,120.0,120.0,120.0,120.0,120.0,120.0,120.0,108.55118751287567,108.55119320465069,108.55120285863173,108.5512098681642,108.55122695278526,108.55123183205703,108.55102947786534,108.54705442587549,108.47672493286665,107.23866630559013,86.4547291804652,84.4396346917467,83.20640467156774,83.38075788161365,88.70511813862429
120.0,120.0,120.0,120.0,120.0,120.0,120.0,120.0,120.0,120.0,108.55122924740004,108.55122302193917,108.55122470797188,108.55123156038952,108.55123616120626,108.55124181518698,108.55103470933106,108.54705706652415,108.47673082337933,107.23866529488882,86.45473415444103,84.43963313058505,83.20640528364262,83.38075868938476,88.70511717728937
120.0,120.0,120.0,120.0,120.0,120.0,120.0,120.0,120.0,120.0,108.55122043181503,108.55121749144024,108.55121956469132,108.55122713336878,108.55123867253161,108.55123727754551,108.55103518382793,108.54705550252741,108.47672894386936,107.23866755282678,86.45472957011685,84.43963632213836,83.206403436104,83.38075903896915,88.70511765830844
120.0,120.0,120.0,120.0,120.0,120.0,120.0,120.0,120.0,120.0,108.55121305451931,108.55120830882913,108.55121464818383,108.55122226912097,108.55123433914136,108.55123965594646,108.55103082140373,108.54705633483643,108.47672754325326,107.23866621819899,86.45473296570096,84.43963307420795,83.20640586299947,83.38075755625246,88.70511784525654
120.0,120.0,120.0,120.0,120.0,120.0,120.0,120.0,120.0,120.0,108.55120184990305,108.5512036183333,108.55120570491212,108.55121825750363,108.5512299700826,108.55123562130201,108.55103308890213,108.54705224301651,108.47672868607947,107.23866481548812,86.45473183032699,84.43963500115447,83.20640367487512,83.38075936948778,88.70511671507103
120.0,120.0,120.0,120.0,120.0,120.0,120.0,120.0,120.0,120.0,108.55118751287566,108.55119320465069,108.55120285863173,108.5512098681642,108.55122695278526,108.55123183205704,108.55102947786533,108.54705442587549,108.47672493286666,107.2386663055902,86.45472918046586,84.43963469174886,83.20640467157273,83.38075788162185,88.70511813863254
120.0,120.0,120.0,120.0,120.0,120.0,120.0,120.0,120.0,120.0,108.55122924679114,108.55122302146836,108.5512247076318,108.55123156013796,108.55123616101885,108.5512418150518,108.55103470923638,108.54705706645923,108.47673082333635,107.23866529486325,86.4547341544264,84.43963313057746,83.20640528364113,83.38075868938805,88.70511717729302
120.0,120.0,120.0,120.0,120.0,120.0,120.0,120.0,120.0,120.0,108.55122043112736,108.55121749090281,108.55121956427563,108.55122713306773,108.55123867231286,108.55123727738582,108.55103518371489,108.54705550245036,108.47672894381853,107.2386675527965,86.45472957009935,84.43963632212872,83.20640343610077,83.38075903897065,88.70511765831039
120.0,120.0,120.0,120.0,120.0,120.0,120.0,120.0,120.0,120.0,108.55121305357939,108.55120830821448,108.55121464771814,108.55122226876254,108.55123433888203,108.5512396557621,108.5510308212729,108.54705633474637,108.47672754319414,107.23866621816398,86.45473296568139,84.43963307419683,83.20640586299497,83.38075755625255,88.70511784525695
120.0,120.0,120.0,120.0,120.0,120.0,120.0,120.0,120.0,120.0,108.55120184884369,108.5512036174829,108.55120570437047,108.55121825710651,108.55122996978079,108.55123562108508,108.55103308875209,108.547052242914,108.47672868601173,107.23866481544832,86.45473183030683,84.43963500114289,83.20640367486996,83.38075936948697,88.70511671507032
120.0,120.0,120.0,120.0,120.0,120.0,120.0,120.0,120.0,120.0,108.55118751171547,108.5511932037168,108.55120285788179,108.55120986769425,108.5512269524525,108.55123183180977,108.5510294776904,108.54705442575867,108.4767249327908,107.23866630554585,86.45472918044642,84.43963469173843,83.206404671568,83.38075788162077,88.70511813863108
120.0,120.0,120.0,120.0,120.0,120.0,120.0,120.0,120.0,120.0,108.55122793886446,108.55122175751765,108.55122382100706,108.5512309294295,108.55123566913993,108.55124145466543,108.5510344586817,108.54705689462016,108.47673070862233,107.23866522636983,86.45473411392754,84.43963310542554,83.20640526833878,83.38075867949759,88.70511716842744
120.0,120.0,120.0,120.0,120.0,120.0,120.0,120.0,120.0,120.0,108.551218765416,108.55121630055596,108.55121846276766,108.55122633781562,108.55123811500539,108.55123685907886,108.5510348821351,108.54705529755178,108.47672880893633,107.23866747179714,86.45472952198735,84.43963629232015,83.20640341795219,83.3807590272187,88.7051176477784
120.0,120.0,120.0,120.0,120.0,120.0,120.0,120.0,120.0,120.0,108.55121047420417,108.55120673773565,108.55121358685356,108.55122133068052,108.55123364659316,108.55123917891137,108.55103047873924,108.54705609458733,108.47672738535971,107.23866612501236,86.45473291229717,84.43963304093727,83.20640584296486,83.38075754319478,88.7051178330824
120.0,120.0,120.0,120.0,120.0,120.0,120.0,120.0,120.0,120.0,108.55119999290797,108.55120135568805,108.5512042540545,108.55121732657949,108.55122918873641,108.55123503761374,108.55103269527095,108.54705197421264,108.47672850549156,107.2386647088579,86.45473177577405,84.4396349672413,83.2064036542665,83.38075935611329,88.70511670194362
120.0,120.0,120.0,120.0,120.0,120.0,120.0,120.0,120.0,120.0,108.55118472130687,108.55119147497332,108.551200922633,108.55120855909436,108.55122614991727,108.55123119827913,108.55102900479629,108.54705411555945,108.47672473339901,107.23866618736504,86.4547291271992,84.43963466143762,83.20640465315607,83.38075786911392,88.70511812518362
120.0,120.0,120.0,120.0,120.0,120.0,120.0,120.0,120.0,120.0,108.55122868639924,108.55122226900542,108.55122438991324,108.55123133679878,108.55123601078712,108.55124178708475,108.55103470063548,108.54705705198216,108.47673082083647,107.23866530231035,86.45473419048292,84.43963315680884,83.20640530203056,83.38075870016094,88.70511718223942
120.0,120.0,120.0,120.0,120.0,120.0,120.0,120.0,120.0,120.0,108.55121983723346,108.55121699544584,108.55121882942345,108.55122690492446,108.55123853379676,108.55123717302202,108.55103519372254,108.5470555266467,108.47672895411924,107.23866757158417,86.45472963830414,84.43963637076219,83.20640346902115,83.3807590600342,88.70511766869302
120.0,120.0,120.0,120.0,120.0,120.0,120.0,120.0,120.0,120.0,108.551211852686,108.55120760059408,108.55121422773749,108.55122158912515,108.55123417797621,108.5512395804045,108.55103075402091,108.5470563699963,108.47672758873155,107.23866624984396,86.45473306170281,84.43963315109501,83.20640591452569,83.38075758881773,88.7051178630381
120.0,120.0,120.0,120.0,120.0,120.0,120.0,120.0,120.0,120.0,108.55120128976557,108.55120256817499,108.55120495087874,108.5512179159108,108.55122936756456,108.55123551498704,108.55103306326521,108.54705220746091,108.47672873942061,107.2386648835484,86.45473195887077,84.43963510247237,83.20640374981711,83.38075941652028,88.70511674009222
120.0,120.0,120.0,120.0,120.0,120.0,120.0,120.0,120.0,120.0,108.5511868710213,108.55119271534271,108.55120195354534,108.55120911767199,108.55122668874291,108.55123131768,108.55102941891785,108.54705444129362,108.47672492558532,107.23866638495907,86.45472939013138,84.4396348222065,83.20640476705103,83.3807579467913,88.70511817285436
120.0,120.0,120.0,120.0,120.0,120.0,120.0,120.0,120.0,120.0,108.55122917236879,108.55122280876664,108.55122469263469,108.55123145195006,108.55123584305876,108.55124186928943,108.5510344863843,108.54705719227927,108.4767309639982,107.2386653808309,86.45473443580202,84.43963335005468,83.20640541623295,83.38075877851892,88.70511723007773
120.0,120.0,120.0,120.0,120.0,120.0,120.0,120.0,120.0,120.0,108.55122034171052,108.55121741173002,108.5512192736649,108.5512271573826,108.55123857031468,108.55123698245121,108.55103527732265,108.54705532655687,108.47672907570477,107.23866771493348,86.45472979658484,84.43963658386821,83.2064036262008,83.3807591492798,88.70511772181189
120.0,120.0,120.0,120.0,120.0,120.0,120.0,120.0,120.0,120.0,108.55121298416972,108.5512082048214,108.5512145745307,108.55122192995907,108.55123438102997,108.551239558467,108.55103055519061,108.5470564580118,108.4767274107837,107.23866637242742,86.45473334546067,84.43963330665929,83.20640608826795,83.38075770930172,88.70511792239522
120.0,120.0,120.0,120.0,120.0,120.0,120.0,120.0,120.0,120.0,108.5512017736964,108.55120353308945,108.55120559531349,108.55121819677048,108.55122960461681,108.55123567052401,108.55103299780811,108.54705200867129,108.47672883181076,107.23866473747515,86.45473221291613,84.43963536744282,83.20640388838638,83.38075954866618,88.70511682027517
120.0,120.0,120.0,120.0,120.0,120.0,120.0,120.0,120.0,120.0,108.5511874133719,108.55119312927741,108.55120275333982,108.55120975711458,108.55122690846696,108.5512314563532,108.55102953019977,108.54705434403269,108.47672473277343,107.23866647945977,86.45472915843335,84.43963507541136,83.20640499726294,83.3807580580252,88.70511825788721
120.0,120.0,120.0,120.0,120.0,120.0,120.0,120.0,120.0,120.0,108.55122923752299,108.55122300328814,108.5512246901444,108.55123146831318,108.5512360780289,108.55124180891438,108.55103434943514,108.5470571307466,108.47673076009609,107.23866515704779,86.45473457318673,84.43963322172993,83.20640563451117,83.38075895640047,88.70511729477695
120.0,120.0,120.0,120.0,120.0,120.0,120.0,120.0,120.0,120.0,108.55122042399029,108.55121747690316,108.55121953895284,108.5512271152722,108.55123855310894,108.55123719081877,108.5510351912375,108.5470551503559,108.47672900956161,107.23866749401053,86.45472945774094,84.43963675478133,83.20640358813871,83.38075932889934,88.70511784321592
120.0,120.0,120.0,120.0,120.0,120.0,120.0,120.0,120.0,120.0,108.55121305100519,108.55120829694478,108.5512146272278,108.55122223430192,108.5512343230224,108.55123951048988,108.55103073112451,108.54705635464047,108.47672720637571,107.2386662994178,86.45473287653617,84.43963312652693,83.20640628222507,83.38075771683576,88.70511803952797
120.0,120.0,120.0,120.0,120.0,120.0,120.0,120.0,120.0,120.0,108.55120184658027,108.55120361290916,108.55120569043551,108.55121822829292,108.55122992455004,108.5512356094505,108.55103292062448,108.5470521495409,108.47672871517582,107.23866449947768,86.45473204754467,84.43963499616204,83.20640383591132,83.38075974211415,88.70511682413708
120.0,120.0,120.0,120.0,120.0,120.0,120.0,120.0,120.0,120.0,108.55118751181057,108.55119319988343,108.55120285038291,108.55120985219538,108.55122691370441,108.5512317744741,108.55102947224532,108.5470542392092,108.47672483799164,107.23866632000814,86.4547286351359,84.43963495563725,83.20640475241292,83.38075808077669,88.70511841831026
120.0,120.0,120.0,120.0,120.0,120.0,120.0,120.0,120.0,120.0,108.5512292394155,108.55122301254663,108.55122469640821,108.55123154356696,108.55123614047349,108.55124176223121,108.55103463636036,108.54705706660957,108.47673062134552,107.23866520968272,86.4547341315437,84.43963277205374,83.20640558703681,83.3807588186129,88.70511731840651
120.0,120.0,120.0,120.0,120.0,120.0,120.0,120.0,120.0,120.0,108.55122042533505,108.55121748297998,108.55121955404344,108.55122711900417,108.55123865076212,108.5512372575395,108.5510351196735,108.54705541632501,108.47672895059964,107.2386673174818,86.4547294491597,84.43963630751198,83.20640325751484,83.38075935196291,88.70511777039289
120.0,120.0,120.0,120.0,120.0,120.0,120.0,120.0,120.0,120.0,108.55121304708584,108.55120830182311,108.55121463903436,108.55122225721038,108.55123432140844,108.55123962789425,108.55103080302725,108.54705625972835,108.47672744465774,107.23866621357665,86.45473243979761,84.43963303269646,83.2064058993738,83.38075750390784,88.70511809663738
120.0,120.0,120.0,120.0,120.0,120.0,120.0,120.0,120.0,120.0,108.55120184159505,108.5512036102639,108.55120569713972,108.55121824728013,108.55122995701966,108.551235599714,108.55103305314934,108.54705222695537,108.47672859902738,107.23866470381685,86.45473176366967,84.43963454254337,83.20640371850256,83.38075945895497,88.70511668634884
120.0,120.0,120.0,120.0,120.0,120.0,120.0,120.0,120.0,120.0,108.55118750787882,108.55119319655614,108.55120284999337,108.55120985936202,108.55122694095121,108.55123181805402,108.55102945208111,108.54705438108235,108.47672491842744,107.23866618053556,86.454728944367,84.43963460313272,83.20640433011776,83.38075798987387,88.7051182451593
120.0,120.0,120.0,120.0,120.0,120.0,120.0,120.0,120.0,120.0,108.5512290731275,108.55122287803633,108.55122460242963,108.55123148006327,108.55123609806517,108.55124176359632,108.55103466929357,108.54705701866075,108.47673075680001,107.23866526327105,86.45473380344636,84.43963292439985,83.20640521700756,83.38075846484621,88.70511727722909
120.0,120.0,120.0,120.0,120.0,120.0,120.0,120.0,120.0,120.0,108.55122022742646,108.55121733454158,108.55121943726903,108.55122703894894,108.55123860103042,108.55123722115214,108.55103513563816,108.54705546706695,108.47672889367092,107.23866747043898,86.45472946316413,84.43963594900787,83.2064032886888,83.38075902183827,88.70511750813543
120.0,120.0,120.0,120.0,120.0,120.0,120.0,120.0,120.0,120.0,108.55121277244913,108.55120812280478,108.55121450962403,108.55122215859363,108.55123425660929,108.55123959390592,108.55103077195528,108.54705628938021,108.47672751184484,107.2386661469312,86.45473276698826,84.43963293054524,83.20640552263353,83.38075747338766,88.70511787262359
120.0,120.0,120.0,120.0,120.0,120.0,120.0,120.0,120.0,120.0,108.55120156835977,108.55120336472223,108.55120553858934,108.55121813708767,108.55122987604364,108.55123555073108,108.55103303646996,108.54705220022014,108.47672864176081,107.2386647796654,86.45473162196157,84.43963478652903,83.20640352672207,83.38075909435825,88.7051166624667
120.0,120.0,120.0,120.0,120.0,120.0,120.0,120.0,120.0,120.0,108.55118717142065,108.55119294951493,108.55120263620866,108.55120972218856,108.55122684994556,108.55123175378299,108.55102941889842,108.54705438281634,108.47672489501488,107.23866625377225,86.4547290811996,84.43963443364866,83.20640446656321,83.38075776243134,88.70511794264392
120.0,120.0,120.0,120.0,120.0,120.0,120.0,120.0,120.0,120.0,116.38533057180065,116.40120898382389,116.4135680053873,116.42294895404689,116.43160488023878,116.43791310571594,116.440997513701,116.43760851319858,116.3919055229934,115.67259628131616,98.34767888605278,96.45146463278016,95.29306539321891,95.48214035457454,100.53546011549572
120.0,120.0,120.0,120.0,120.0,120.0,120.0,120.0,120.0,120.0,117.38220687903285,117.3598247869035,117.3759559724067,117.38994552104003,117.40111329275213,117.40907448728399,117.41313073470764,117.41055020998401,117.3760390094346,116.89371143300264,105.02788633366539,103.49190569035223,102.53601286956827,102.70401718205596,106.80387016505911
120.0,120.0,120.0,120.0,120.0,120.0,120.0,120.0,120.0,120.0,117.52248830434864,117.4974615708629,117.48738489993717,117.500778867409,117.51397433679736,117.5234899777987,117.52812580614888,117.52570893109156,117.49261523324866,117.04229567789737,107.7760485398409,106.60257518116825,105.86724684151353,106.00805827732563,109.16605758442289
120.0,120.0,120.0,120.0,120.0,120.0,120.0,120.0,120.0,120.0,117.55838962654785,117.53904561846984,117.51936425643507,117.51544217215526,117.52693307468647,117.53787517462872,117.54391787878423,117.54192062787008,117.5088119712784,117.0631419752002,108.73832984862332,107.75752359720214,107.15411864022946,107.2813003108753,109.93044115528265
120.0,120.0,120.0,120.0,120.0,120.0,120.0,120.0,120.0,120.0,117.58396708502838,117.55377044436909,117.53952670419396,117.52333331852854,117.52673855172284,117.53659833418577,117.5437868074449,117.54267548117505,117.50977797910485,117.06488937104473,109.03404555163806,108.12692047937811,107.57463650880464,107.69949280883499,110.15084218624547
120.0,120.0,120.0,120.0,120.0,120.0,120.0,120.0,120.0,120.0,108.55126347506257,116.2648626092717,116.24958137698066,116.24918221911301,116.25048416562522,116.25145737652801,116.2520697468044,116.2507919966403,116.22696505473951,115.82020851297843,108.53831253747273,107.74216319965683,107.25188248418971,107.34510758888621,109.46383329570284
120.0,120.0,120.0,120.0,120.0,120.0,120.0,120.0,120.0,120.0,115.80272621692066,116.21855549981476,116.16253175572122,116.16479564415457,116.16827346053955,116.16863018601273,116.16878754183486,116.16745652547621,116.14335755930736,115.72320843756162,108.4085632561075,107.64353986556432,107.17229450987342,107.25564844087849,109.29123716974314
120.0,120.0,120.0,120.0,120.0,120.0,120.0,120.0,120.0,120.0,115.68834784268681,116.31568007823645,116.14925837061448,116.15322641207042,116.16518833150718,116.16557649780597,116.16570636341426,116.16437127376827,116.14019912908125,115.71807528836139,108.37013089994315,107.61350048724056,107.1493061626028,107.23010979245457,109.2460310498645
120.0,120.0,120.0,120.0,120.0,120.0,120.0,120.0,120.0,120.0,108.5512376584299,115.59059739313385,116.16362496786341,116.12593960072256,116.16547071217971,116.16592436977736,116.16612612242673,116.16479127552988,116.14061735706578,115.71840228238149,108.35763188780362,107.60144840578177,107.1405673793019,107.22182288037746,109.23327624970462
120.0,120.0,120.0,120.0,120.0,120.0,120.0,120.0,120.0,120.0,108.55122245973014,108.55125052304737,116.218010964626,116.0874967207856,116.16550850994626,116.16593444234262,116.16618792207632,116.16489796434423,116.1407242696152,115.71853715181163,108.35390789254666,107.59676977213138,107.13647072801466,107.2189824260147,109.22971637458674
120.0,120.0,120.0,120.0,120.0,120.0,120.0,120.0,120.0,120.0,108.55122848777856,114.67711154460008,108.5512960265525,116.09312350404028,116.09923134902304,116.09925608131061,116.09920043130404,116.09780227522243,116.07326753479332,115.6407420158358,108.02994529798512,107.24835229026412,106.76821473206343,106.84266424856915,108.90515126731701
120.0,120.0,120.0,120.0,120.0,120.0,120.0,120.0,120.0,120.0,108.55122762900595,108.55121412769266,115.30449478164805,116.0900291821858,116.0941554133438,116.09421851698256,116.09416644933108,116.09275422731336,116.06812967588291,115.63369968187126,107.92039102688614,107.12366511552045,106.63216933688341,106.70425801065088,108.80293198659218
120.0,120.0,120.0,120.0,120.0,120.0,120.0,120.0,120.0,120.0,108.55122004459412,108.5512526698506,115.3037211222864,116.04014606774093,116.09359451938407,116.09368833969975,116.09379573481381,116.09238144908988,116.06774339609443,115.63305829423516,107.88332780767234,107.07903918961232,106.58192093721563,106.65335934602342,108.77070198868932
120.0,120.0,120.0,120.0,120.0,120.0,120.0,120.0,120.0,120.0,108.55120126726662,108.5512182129064,108.55130674578574,115.35737857329589,116.09387015599123,116.09319177458019,116.093745762423,116.09236004584184,116.06772133717172,115.63300481864064,107.87090712728677,107.06326183928745,106.56361001083373,106.63488753781108,108.76061418157134
120.0,120.0,120.0,120.0,120.0,120.0,120.0,120.0,120.0,120.0,108.5511908938631,108.55119103716429,108.55125436389427,108.55134813453242,116.09466428845641,116.09255915810307,116.09376583616069,116.0923383977121,116.06772612156085,115.63300700642796,107.86713310003867,107.05824337428068,106.55764627917819,106.62888846617498,108.75771646618793
120.0,120.0,120.0,120.0,120.0,120.0,120.0,120.0,120.0,120.0,108.55123053144113,108.55123393858038,108.55121882279526,108.55133466726826,108.55139885260387,115.3560001117577,116.09379980122655,116.09236369095854,116.06771048973053,115.63301171962122,107.86521241367213,107.05544218307297,106.5541340295903,106.62538220768721,108.75637701272804
120.0,120.0,120.0,120.0,120.0,120.0,120.0,120.0,120.0,120.0,108.55122028894245,108.5512213412372,108.55124317038947,108.55121506708076,114.66955014051533,108.55141515090794,116.09372366806596,116.09239149258605,116.06773298112286,115.63300162234934,107.86456624918641,107.05444533547958,106.55283626701839,106.62408772183797,108.75595415160181
120.0,120.0,120.0,120.0,120.0,120.0,120.0,120.0,120.0,120.0,108.55121408502352,108.55120789927088,108.55122412713787,108.55126371969129,108.55121415790623,115.29446954589118,116.09379662196359,116.09232120844402,116.06775614504905,115.63302263241567,107.86434651286552,107.054091534961,106.55236204306254,106.62361323971173,108.75581921515632
120.0,120.0,120.0,120.0,120.0,120.0,120.0,120.0,120.0,120.0,108.55120213732611,108.5512064091797,108.55120471066967,108.5512370433705,108.55132018705218,115.2943700086136,116.09381690394109,116.09239557844504,116.06769323839012,115.63304201639892,107.86430313594494,107.05396531809635,106.55218999020816,106.62344493660962,108.75577827823321
120.0,120.0,120.0,120.0,120.0,120.0,120.0,120.0,120.0,120.0,108.55118750005414,108.55119394881484,108.55120902241033,108.55120783293583,108.55125688983993,108.5513883593338,116.09371750093055,116.0924260769515,116.0677638528193,115.63298351276073,107.8643133765602,107.05394090164029,106.55213034550322,106.62339105311011,108.75576899502285
120.0,120.0,120.0,120.0,120.0,120.0,120.0,120.0,120.0,120.0,108.55122942669689,108.5512229013716,108.55122632743272,108.55124469242128,108.55123190707715,108.55130847953768,108.5512377748761,116.09620840922268,116.0676512481554,115.63306712552999,107.86467053596773,107.0545355568433,106.55285196327728,106.62409118682268,108.75608881731164
120.0,120.0,120.0,120.0,120.0,120.0,120.0,120.0,120.0,120.0,108.55122037837667,108.5512181300581,108.55121942503561,108.55123018835798,108.55126445053315,108.55122892017314,115.2667540877573,116.09055616121242,116.0667882577443,115.63283566189678,107.86455780994572,107.05420542344967,106.55247471200767,106.62371209731933,108.75597435664132
120.0,120.0,120.0,120.0,120.0,120.0,120.0,120.0,120.0,120.0,108.55121288796161,108.5512083344162,108.55121626928715,108.55122212526804,108.55124045949253,108.55128417593356,108.55101648353998,115.67297378350982,116.06381953152477,115.63160241545816,107.86453435100752,107.05416451028184,106.55231743989759,106.62358143896522,108.75594938867499
120.0,120.0,120.0,120.0,120.0,120.0,120.0,120.0,120.0,120.0,108.55120175199195,108.55120348068485,108.55120586309654,108.55122182117817,108.55122981300599,108.55124738229229,108.5511261589862,108.54702893423341,116.05634213515057,115.62722954718221,107.86442045036279,107.05416637086228,106.55233340063334,106.62352859039991,108.75594250985755
120.0,120.0,120.0,120.0,120.0,120.0,120.0,120.0,120.0,120.0,108.55118735642814,108.55119324787358,108.5512027758686,108.55121026692237,108.55123398408317,108.5512316072718,108.5510481893314,108.5472110304363,116.06268703992819,115.61495591546948,107.86453315895723,107.05406153231156,106.55237087402979,106.62355130182144,108.75591905961349
120.0,120.0,120.0,120.0,120.0,120.0,120.0,120.0,120.0,120.0,108.55122909660525,108.55122290469659,108.55122507389383,108.55123163277881,108.55123704510584,108.55125577318566,108.5510350143187,108.54708216986644,108.47695523997322,115.63124245916376,107.86438860236815,107.05408951351922,106.5522244485117,106.62347780244343,108.7558493589498
120.0,120.0,120.0,120.0,120.0,120.0,120.0,120.0,120.0,120.0,108.5512202671683,108.55121735992549,108.55121947175462,108.55122802262336,108.55123893838869,108.55123879857152,108.55106117338347,108.5470577707277,114.63650326731528,115.63244900135643,107.8640060581059,107.05405549378959,106.55224470048239,106.62342034163028,108.75583156590189
120.0,120.0,120.0,120.0,120.0,120.0,120.0,120.0,120.0,120.0,108.5512128157042,108.55120818766137,108.55121455379401,108.55122220817489,108.55123624022141,108.5512403474276,108.55103294016507,108.54710027435424,108.47673334194717,115.63195222938572,107.86276620621165,107.05368793414377,106.55225545416792,106.62345753971816,108.75580061113278
120.0,120.0,120.0,120.0,120.0,120.0,120.0,120.0,120.0,120.0,108.5512016106764,108.55120340304424,108.55120566541298,108.55121823143816,108.5512299417208,108.55123940049288,108.55103472817022,108.54705587305676,108.4768169616608,115.6311625373215,107.85723312013516,107.05221326067443,106.55221202708339,106.62346993555096,108.75584803102005
120.0,120.0,120.0,120.0,120.0,120.0,120.0,120.0,120.0,120.0,108.55118721015619,108.55119298972309,108.55120266689848,108.55120998019189,108.55122705789859,108.55123180311486,108.55103646001955,108.54705785007113,108.47673360168686,115.62991316859362,107.86037143124132,107.04558234540083,106.55227000628031,106.62342096447414,108.75586948912307
120.0,120.0,120.0,120.0,120.0,120.0,120.0,120.0,120.0,120.0,108.55122904099923,108.5512228519404,108.55122459663149,108.55123146032733,108.55123660247479,108.55124221476551,108.55103467034708,108.5470701963727,108.4767379689841,115.63199375014656,107.86294947209336,107.05099312914848,106.55228174742061,106.62349804871228,108.75583454478486
120.0,120.0,120.0,120.0,120.0,120.0,120.0,120.0,120.0,120.0,108.55122017844208,108.55121730275815,108.55121943065738,108.55122706237646,108.55123856986683,108.5512382104995,108.55103608284323,108.54705548338643,108.47675382495245,115.62455226703719,107.86341248996683,107.05293538099203,106.55224505532352,106.62352000050903,108.75588527550238
120.0,120.0,120.0,120.0,120.0,120.0,120.0,120.0,120.0,120.0,108.55121271597388,108.5512080681629,108.5512144784872,108.55122218914961,108.55123433450726,108.55123952943205,108.55103264977741,108.54705820015727,108.4767304875846,115.53956893745192,107.86182077545953,107.05324348231198,106.55228238857858,106.62349643506273,108.75589077630626
120.0,120.0,120.0,120.0,120.0,120.0,120.0,120.0,120.0,120.0,108.55120153488816,108.55120332135586,108.55120548632654,108.55121810522137,108.55122997511243,108.55123573538168,108.55103290688064,108.54705573927292,108.4767335942505,114.59989411655349,107.85410741974178,107.05166738533474,106.55227567789728,106.62353850802714,108.75586665740792
120.0,120.0,120.0,120.0,120.0,120.0,120.0,120.0,120.0,120.0,108.55118710288231,108.55119291798,108.55120260657628,108.55120968090536,108.55122681341012,108.55123197759778,108.55102981182569,108.54705429407012,108.47673329230848,107.23870436887918,107.85056979592962,107.0443173885858,106.55224548614547,106.6235478390492,108.75590654041699
120.0,120.0,120.0,120.0,120.0,120.0,120.0,120.0,120.0,120.0,108.55122915791381,108.55122292623147,108.55122464771108,108.55123153692273,108.55123614967206,108.55124176832616,108.55103516164321,108.54705791221987,108.47673301392177,107.23871330043487,107.8632110101123,107.05372699024778,106.55262643960835,106.6239725584903,108.75641041130599
120.0,120.0,120.0,120.0,120.0,120.0,120.0,120.0,120.0,120.0,108.55122030780733,108.55121740772294,108.55121947505863,108.55122708360436,108.55123867394023,108.55123731199879,108.55103512314925,108.5470564746222,108.47673212876147,107.23868729422077,107.86061480935642,107.05300205583468,106.55250254042335,106.62411338344236,108.75651994777645
120.0,120.0,120.0,120.0,120.0,120.0,120.0,120.0,120.0,120.0,108.55121291210806,108.55120818080358,108.55121457332714,108.55122218973597,108.55123429581035,108.55123969284782,108.5510309401867,108.54705636981666,108.47673123623247,107.23868141787453,107.84934261370879,107.0489640547508,106.5516369059313,106.62414407284206,108.75656917899862
120.0,120.0,120.0,120.0,120.0,120.0,120.0,120.0,120.0,120.0,108.55120173244508,108.55120349337922,108.55120558046977,108.55121819385919,108.55122990573793,108.55123558098094,108.55103318953692,108.54705259638445,108.47672974990924,107.23868396318505,107.84335669166558,107.03361680475649,106.54832126280121,106.62413868732979,108.75655570653105
120.0,120.0,120.0,120.0,120.0,120.0,120.0,120.0,120.0,120.0,108.55118732594292,108.55119309369024,108.55120275110602,108.5512097519686,108.55122690256479,108.55123178998768,108.55102944326393,108.54705474105508,108.4767262504786,107.2386782505737,107.84185049878471,107.02498597673107,106.53593172816376,106.62415409677585,108.75653159792257
120.0,120.0,120.0,120.0,120.0,120.0,120.0,120.0,120.0,120.0,108.5512292025742,108.55122297021707,108.55122467288706,108.55123153914766,108.5512361086804,108.5512418148692,108.55103473006966,108.54705710772679,108.4767322471374,107.23867510930322,109.35258296208002,108.5615860764221,108.07900739636857,108.18229383419096,110.34177866731932
120.0,120.0,120.0,120.0,120.0,120.0,120.0,120.0,120.0,120.0,108.55122036447251,108.55121745121859,108.5512195119556,108.55122710236928,108.5512386565793,108.55123722941694,108.55103520663093,108.54705561909883,108.47672962199671,107.23867815570073,109.77420906268506,109.03317097643672,108.56289728228934,108.67238398244456,110.82758568676239
120.0,120.0,120.0,120.0,120.0,120.0,120.0,120.0,120.0,120.0,108.5512129853135,108.55120824083005,108.55121461294745,108.55122221700837,108.55123431186517,108.55123964632557,108.55103078031081,108.54705644108317,108.47672823323991,107.23867464925229,109.83617181346527,109.1273818336989,108.69442528237485,108.81067041108814,110.95671557252471
120.0,120.0,120.0,120.0,120.0,120.0,120.0,120.0,120.0,120.0,108.55120178717317,108.55120355670957,108.55120563924264,108.55121822749207,108.55122991972848,108.55123559845474,108.55103309129913,108.54705224268548,108.47672938457556,107.23867223168467,109.84570227594635,109.09684511447406,108.70833357278156,108.85081807844654,110.98852982047383
120.0,120.0,120.0,120.0,120.0,120.0,120.0,120.0,120.0,120.0,108.55118740737497,108.55119314418103,108.55120280444918,108.55120980658914,108.55122692821958,108.55123178435367,108.55102946367998,108.5470544736669,108.47672539046516,107.23867374089428,109.8460506038122,109.07724335165261,108.67453674995875,108.8562179464998,110.99644140298513
120.0,120.0,120.0,120.0,120.0,120.0,120.0,120.0,120.0,120.0,108.55122917513506,108.55122294988215,108.55122465842794,108.55123152551488,108.55123611592634,108.55124180251534,108.55103467087072,108.54705709684679,108.47673128602769,107.23867198044263,97.5828401580507,107.72157644521033,107.27348494651757,107.37819865520368,109.40969770578525
120.0,120.0,120.0,120.0,120.0,120.0,120.0,120.0,120.0,120.0,108.55122034012389,108.55121742739098,108.55121949905191,108.5512270889093,108.5512386413701,108.5512372363548,108.5510351790065,108.54705549313107,108.47672938151902,107.2386737827043,86.454816347079,107.23980617368993,106.76338903326469,106.84443623244698,108.91721772501822
120.0,120.0,120.0,120.0,120.0,120.0,120.0,120.0,120.0,120.0,108.55121291763896,108.55120821889183,108.55121459222273,108.55122221023352,108.55123430018863,108.55123962804282,108.55103078625166,108.54705636023753,108.47672789785331,107.23867232667617,86.45481642894686,107.09189567901429,106.60894337135679,106.68665281339328,108.79480503486775
120.0,120.0,120.0,120.0,120.0,120.0,120.0,120.0,120.0,120.0,108.55120174348382,108.55120349913219,108.55120561965353,108.55121820913412,108.55122991782676,108.55123558830992,108.55103306539156,108.54705223580227,108.47672905230259,107.23867063114773,86.45478121104513,107.0194845383132,106.55484263760403,106.64182900864505,108.76545217249364
120.0,120.0,120.0,120.0,120.0,120.0,120.0,120.0,120.0,120.0,108.55118736748759,108.55119310889914,108.55120275717901,108.5512097896553,108.55122691145907,108.55123178615581,108.5510294523989,108.5470544261028,108.47672525925577,107.23867191528548,86.45477047813795,107.00350168040765,106.50790871258951,106.63005882970006,108.75879563767853
120.0,120.0,120.0,120.0,120.0,120.0,120.0,120.0,120.0,120.0,108.55122917552089,108.55122294904915,108.5512246638541,108.55123152811834,108.55123612800304,108.55124180285233,108.551034687139,108.54705707904438,108.476731148112,107.23866903958864,86.4547763117587,96.46030526578936,105.86164251144591,106.6259252701261,105.6330838054835
120.0,120.0,120.0,120.0,120.0,120.0,120.0,120.0,120.0,120.0,108.55122033949684,108.55121742624776,108.55121949629526,108.55122709716032,108.55123864600624,108.55123724864168,108.55103517618473,108.547055501578,108.47672926045023,107.23867064851223,86.45476240699116,84.43977312347066,104.50027392056982,106.62437775527138,99.38768430439393
120.0,120.0,120.0,120.0,120.0,120.0,120.0,120.0,120.0,120.0,108.55121292850214,108.5512082183793,108.55121459060383,108.55122220686911,108.55123430969114,108.55123963419224,108.55103079761756,108.54705634804296,108.47672774693577,107.23866927428611,86.45476099999978,84.43975667241878,101.19364536079922,106.62357964145625,88.70539353441575
120.0,120.0,120.0,120.0,120.0,120.0,120.0,120.0,120.0,120.0,108.55120174572887,108.55120350788081,108.55120561975623,108.551218207853,108.55122991476689,108.55123559791797,108.55103307225421,108.54705224036823,108.4767288735122,107.23866720026454,86.45475933860517,84.43971577959933,94.22108842943541,106.62207991550856,88.70538606001423
120.0,120.0,120.0,120.0,120.0,120.0,120.0,120.0,120.0,120.0,108.55118736658686,108.55119310950397,108.55120276365074,108.55120979055465,108.55122691105532,108.5512317839664,108.55102946095141,108.54705442473164,108.4767251020921,107.23866833420324,86.45475334679416,84.43970570453526,83.20660035316467,106.61619433377479,88.70529051057183
120.0,120.0,120.0,120.0,120.0,120.0,120.0,120.0,120.0,120.0,108.5512292413493,108.55122300875125,108.55122470351998,108.55123155555151,108.55123614848938,108.55124181810936,108.55103469553059,108.54705708375482,108.47673096741178,107.23866724587485,86.45475239200914,84.4396999252287,83.20658728959076,95.62057861816876,88.7053170252336
120.0,120.0,120.0,120.0,120.0,120.0,120.0,120.0,120.0,120.0,108.55122042316822,108.55121748527905,108.55121954854116,108.55122713128146,108.55123866921727,108.55123726657213,108.55103518957576,108.54705550073423,108.47672907266767,107.23866925872763,86.45474552108651,84.43969066534433,83.20654396619533,83.38104969232766,88.7052829044605
120.0,120.0,120.0,120.0,120.0,120.0,120.0,120.0,120.0,120.0,108.55121305359337,108.5512082954424,108.55121464240294,108.55122225138366,108.5512343383356,108.5512396531575,108.55103081238376,108.547056349569,108.47672764996679,107.23866755888226,86.45474739586142,84.43968116839159,83.20651946729475,83.38101022610743,88.70531494264215
120.0,120.0,120.0,120.0,120.0,120.0,120.0,120.0,120.0,120.0,108.5512018489809,108.55120361657754,108.5512056891979,108.55121825247552,108.55122995178839,108.55123562131126,108.55103308670809,108.54705224185551,108.4767287936237,107.23866597278513,86.45474365562929,84.43967585566337,83.20650737186249,83.38092918411733,88.70533373103895
120.0,120.0,120.0,120.0,120.0,120.0,120.0,120.0,120.0,120.0,108.55118751152811,108.5511932027966,108.5512028558111,108.55120985162888,108.5512269487028,108.551231813944,108.55102947889182,108.54705442997016,108.47672500533832,107.23866735411535,86.45473941335602,84.43966817766245,83.20649450124635,83.38090633581382,88.70525976013458
120.0,120.0,120.0,120.0,120.0,120.0,120.0,120.0,120.0,120.0,108.55122924731488,108.55122301930194,108.55122470509741,108.55123155636352,108.55123614474493,108.55124181210827,108.55103469220688,108.54705707347048,108.47673089140548,107.23866614714302,86.45474306878147,84.43966233736916,83.20647601500356,83.38089080489013,88.70524637757508
120.0,120.0,120.0,120.0,120.0,120.0,120.0,120.0,120.0,120.0,108.55122043161074,108.55121749122253,108.551219560618,108.55122712956437,108.55123866730509,108.55123726171294,108.5510351820476,108.54705549062093,108.47672900811295,107.23866829094516,86.45473694778914,84.43966168214277,83.20646361265867,83.38086181325447,88.7052303963943
120.0,120.0,120.0,120.0,120.0,120.0,120.0,120.0,120.0,120.0,108.55121305427532,108.55120830832578,108.55121464775213,108.55122226359416,108.55123433458704,108.55123964963002,108.5510308067755,108.54705633776126,108.4767275790829,107.23866686620977,86.4547393145947,84.43965391359389,83.20645803065095,83.38084455962287,88.70520532931901
120.0,120.0,120.0,120.0,120.0,120.0,120.0,120.0,120.0,120.0,108.55120184992764,108.55120361779993,108.55120570397163,108.55121825676422,108.55122996318872,108.55123561624755,108.55103308188897,108.5470522328416,108.47672873018709,107.2386653389001,86.45473735211104,84.439652674617,83.20644635847664,83.3808343767123,88.7051913939013
120.0,120.0,120.0,120.0,120.0,120.0,120.0,120.0,120.0,120.0,108.55118751284395,108.55119320465562,108.55120285769212,108.55120986666492,108.55122695164728,108.55123182396164,108.55102947276397,108.54705442090494,108.47672495908405,107.23866676628059,86.45473375751735,84.43964993418267,83.20644054971017,83.38081910744653,88.70518205338496
120.0,120.0,120.0,120.0,120.0,120.0,120.0,120.0,120.0,120.0,108.55122924736669,108.55122302181371,108.55122470793025,108.55123155893068,108.551236159056,108.55124181358367,108.55103470039958,108.54705706381819,108.47673084714083,107.2386656839253,86.45473805575911,84.43964581732335,83.20643600247288,83.38081003698133,88.7051692221401
120.0,120.0,120.0,120.0,120.0,120.0,120.0,120.0,120.0,120.0,108.55122043183884,108.55121749134435,108.55121956441927,108.55122713325508,108.5512386704692,108.55123727471481,108.55103518186408,108.5470554948909,108.47672896648703,107.23866787781957,86.45473291399666,84.43964701998694,83.20642900189894,83.38080278475762,88.7051614399848
120.0,120.0,120.0,120.0,120.0,120.0,120.0,120.0,120.0,120.0,108.55121305452188,108.55120830885117,108.55121464798934,108.55122226863121,108.55123433891534,108.55123965322288,108.55103081802322,108.54705633408845,108.47672755686382,107.23866649715497,86.45473576707226,84.4396422047092,83.20642732243014,83.38079392169467,88.70515503834282
120.0,120.0,120.0,120.0,120.0,120.0,120.0,120.0,120.0,120.0,108.55120184990983,108.55120361831183,108.55120570492608,108.55121825716857,108.55122996929848,108.5512356209248,108.55103308558913,108.5470522405046,108.47672870297517,107.23866504866382,86.45473420126393,84.43964266037885,83.20642190286614,83.38078985397415,88.70514757795966
120.0,120.0,120.0,120.0,120.0,120.0,120.0,120.0,120.0,120.0,108.55118751289345,108.55119320464506,108.55120285856579,108.55120986815952,108.55122695226423,108.55123183090933,108.55102947738278,108.54705442315121,108.47672494530002,107.2386665063963,86.4547311918575,84.43964114085512,83.20641995592817,83.38078370081348,88.70514404168873
120.0,120.0,120.0,120.0,120.0,120.0,120.0,120.0,120.0,120.0,108.55122924740759,108.55122302195473,108.55122470794227,108.55123156024908,108.55123616116543,108.55124181443757,108.55103470783165,108.54705706688134,108.47673083326742,107.23866546307588,86.45473585574585,84.4396385962053,83.20641812394297,83.38078031910501,88.70513909097653
120.0,120.0,120.0,120.0,120.0,120.0,120.0,120.0,120.0,120.0,108.55122043182382,108.55121749144186,108.55121956470529,108.55122713330573,108.55123867228384,108.55123727745428,108.55103518287729,108.54705550147261,108.47672895508826,107.2386676947593,86.4547310022914,84.43964092889216,83.20641429320072,83.3807771961797,88.70513599505368
120.0,120.0,120.0,120.0,120.0,120.0,120.0,120.0,120.0,120.0,108.55121305452928,108.55120830883624,108.55121464817313,108.55122226912957,108.55123433903033,108.55123965555426,108.55103082129433,108.54705633437179,108.47672755115602,107.2386663411089,86.45473417695993,84.43963695034715,83.20641500015546,83.38077288716094,88.70513324499107
120.0,120.0,120.0,120.0,120.0,120.0,120.0,120.0,120.0,120.0,108.55120184991031,108.5512036183439,108.55120570491535,108.5512182574712,108.55122997007975,108.55123562112946,108.55103308837016,108.54705224346785,108.47672869331909,107.2386649175475,86.45473285878865,84.43963827570776,83.20641135730267,83.38077225934339,88.70512971198781
120.0,120.0,120.0,120.0,120.0,120.0,120.0,120.0,120.0,120.0,108.55118751288296,108.55119320465676,108.5512028586421,108.5512098681605,108.55122695271822,108.5512318320366,108.55102947765523,108.54705442567597,108.47672493996856,107.23866639244055,86.45473004437048,84.43963745786907,83.20641115349692,83.38076871552902,88.70512905838962
120.0,120.0,120.0,120.0,120.0,120.0,120.0,120.0,120.0,120.0,108.55122924740574,108.5512230219455,108.55122470797387,108.55123156039731,108.55123616119099,108.55124181507058,108.55103470931601,108.54705706669631,108.47673082865019,107.2386653695975,86.45473488494206,84.43963545780377,83.20641074825119,83.38076782371517,88.70512635626224
120.0,120.0,120.0,120.0,120.0,120.0,120.0,120.0,120.0,120.0,108.55122043181963,108.55121749144642,108.55121956469738,108.55122713336488,108.55123867253545,108.55123727751688,108.55103518367342,108.54705550287409,108.47672894877752,107.2386676149721,86.4547301902379,84.43963828615388,83.20640803376455,83.38076673243589,88.70512539617953
120.0,120.0,120.0,120.0,120.0,120.0,120.0,120.0,120.0,120.0,108.55121305452353,108.55120830883375,108.55121464819018,108.55122226912601,108.55123433912738,108.5512396559445,108.55103082138191,108.54705633493546,108.47672754765219,107.23866627119524,86.45473348672196,84.43963473412413,83.20640973931255,83.38076402834447,88.70512435963889
120.0,120.0,120.0,120.0,120.0,120.0,120.0,120.0,120.0,120.0,108.55120184990683,108.55120361833788,108.55120570491621,108.55121825750959,108.5512299700858,108.5512356212738,108.55103308891094,108.54705224326057,108.4767286895376,107.23866486071478,86.45473227090987,84.43963639828225,83.20640694503334,83.38076482364264,88.70512219496256
120.0,120.0,120.0,120.0,120.0,120.0,120.0,120.0,120.0,120.0,108.55118751287893,108.5511932046548,108.55120285863653,108.55120986816686,108.55122695278993,108.55123183205846,108.55102947783416,108.54705442611323,108.47672493600808,107.23866634339363,86.4547295538547,84.4396358705713,83.20640742461667,83.3807624791696,88.70512275648
120.0,120.0,120.0,120.0,120.0,120.0,120.0,120.0,120.0,120.0,108.5512292474025,108.5512230219421,108.55122470797573,108.55123156039402,108.55123616120592,108.55124181518977,108.55103470934476,108.5470570666712,108.47673082607722,107.23866532707225,86.4547344685249,84.43963412660223,83.20640760449456,83.380762559685,88.7051210687262
120.0,120.0,120.0,120.0,120.0,120.0,120.0,120.0,120.0,120.0,108.55122043181717,108.55121749144297,108.55121956469432,108.55122713337263,108.55123867253597,108.55123727754176,108.55103518384038,108.5470555027124,108.47672894607234,107.23866758014015,86.45472983562571,84.43963716099337,83.20640539432638,83.3807623005183,88.70512093381886
120.0,120.0,120.0,120.0,120.0,120.0,120.0,120.0,120.0,120.0,108.55121305452113,108.55120830883149,108.55121464818677,108.55122226912376,108.55123433914491,108.55123965595133,108.5510308214055,108.54705633499184,108.4767275451997,107.238666241126,86.45473319034305,84.43963378196293,83.206407512481,83.38076030647873,88.7051206055622
120.0,120.0,120.0,120.0,120.0,120.0,120.0,120.0,120.0,120.0,108.5512018499047,108.55120361833531,108.55120570491468,108.55121825750675,108.55122997008485,108.55123562130541,108.55103308891668,108.54705224313567,108.47672868772445,107.23866483495314,86.45473201950954,84.43963559886076,83.20640506554403,83.38076168595127,88.70511904215464
120.0,120.0,120.0,120.0,120.0,120.0,120.0,120.0,120.0,120.0,108.55118751287712,108.55119320465248,108.5512028586338,108.55120986816678,108.55122695278853,108.5512318320588,108.55102947787587,108.54705442599627,108.47672493423724,107.23866632205846,86.45472934030572,84.43963519543135,83.20640584488496,83.38075983405597,88.70512009846126
120.0,120.0,120.0,120.0,120.0,120.0,120.0,120.0,120.0,120.0,108.5512292474011,108.5512230219405,108.55122470797365,108.55123156039149,108.55123616120868,108.55124181519074,108.55103470933844,108.54705706662287,108.47673082456582,107.23866530875004,86.45473428951534,84.43963355553622,83.20640627242047,83.38076033593586,88.70511882913921
120.0,120.0,120.0,120.0,120.0,120.0,120.0,120.0,120.0,120.0,108.55122043181596,108.55121749144142,108.55121956469279,108.55122713337067,108.55123867253351,108.55123727754815,108.55103518383802,108.54705550260886,108.47672894486783,107.23866756456653,86.45472968396471,84.43963668085858,83.20640426984599,83.38076042643767,88.70511905116
120.0,120.0,120.0,120.0,120.0,120.0,120.0,120.0,120.0,120.0,108.55121305452009,108.55120830883016,108.55121464818508,108.55122226912252,108.55123433914338,108.55123965594858,108.55103082141123,108.54705633491126,108.47672754409278,107.23866622811609,86.45473306184059,84.43963337662645,83.20640656636027,83.38075872590686,88.70511901882752
120.0,120.0,120.0,120.0,120.0,120.0,120.0,120.0,120.0,120.0,108.55120184990375,108.55120361833418,108.55120570491326,108.55121825750497,108.55122997008422,108.55123562130446,108.5510330889084,108.54705224307801,108.47672868679719,107.23866482384733,86.45473191150816,84.439635256287,83.2064042678114,83.38076035593224,88.70511770440022
120.0,120.0,120.0,120.0,120.0,120.0,120.0,120.0,120.0,120.0,108.55118751287627,108.55119320465145,108.55120285863266,108.55120986816539,108.55122695278662,108.55123183205889,108.55102947787168,108.54705442592743,108.47672493347063,107.23866631265797,86.45472924892317,84.43963490705131,83.206405171593,83.3807587131262,88.70511897291414
120.0,120.0,120.0,120.0,120.0,120.0,120.0,120.0,120.0,120.0,108.55122924740047,108.55122302193976,108.55122470797262,108.55123156039048,108.55123616120747,108.55124181518853,108.551034709336,108.54705706656964,108.47673082388881,107.23866530085513,86.45473421222712,84.43963331214592,83.2064057054394,83.38075939047634,88.70511788048402
120.0,120.0,120.0,120.0,120.0,120.0,120.0,120.0,120.0,120.0,108.55122043181541,108.55121749144074,108.55121956469199,108.55122713336958,108.55123867253256,108.551237277547,108.55103518383221,108.54705550256514,108.47672894430194,107.23866755785909,86.45472961888996,84.43963647530231,83.20640379176218,83.38075963025692,88.70511825120138
120.0,120.0,120.0,120.0,120.0,120.0,120.0,120.0,120.0,120.0,108.55121305451965,108.55120830882956,108.55121464818436,108.55122226912167,108.55123433914223,108.55123965594764,108.55103082140758,108.54705633486849,108.4767275436176,107.23866622244934,86.45473300683959,84.43963320343546,83.20640616294736,83.38075805478441,88.70511834525804
120.0,120.0,120.0,120.0,120.0,120.0,120.0,120.0,120.0,120.0,108.55120184990335,108.5512036183337,108.5512057049126,108.55121825750419,108.55122997008338,108.55123562130302,108.55103308890527,108.54705224304396,108.4767286863871,107.23866481907487,86.45473186504276,84.43963511014518,83.20640392788381,83.38075978987862,88.7051171366136
120.0,120.0,120.0,120.0,120.0,120.0,120.0,120.0,120.0,120.0,108.55118751287593,108.55119320465101,108.55120285863212,108.55120986816469,108.55122695278587,108.55123183205795,108.55102947786801,108.54705442589847,108.47672493312693,107.23866630861613,86.45472920975934,84.43963478368906,83.20640488494023,83.3807582361787,88.70511849409647
120.0,120.0,120.0,120.0,120.0,120.0,120.0,120.0,120.0,120.0,108.55122924740023,108.55122302193944,108.55122470797221,108.55123156038995,108.55123616120677,108.55124181518771,108.5510347093334,108.54705706654362,108.47673082359873,107.23866529744308,86.4547341791521,84.43963320814962,83.2064054636019,83.38075898837633,88.70511747708066
120.0,120.0,120.0,120.0,120.0,120.0,120.0,120.0,120.0,120.0,108.55122043181518,108.55121749144045,108.5512195646916,108.55122713336912,108.55123867253204,108.55123727754615,108.55103518382987,108.54705550254393,108.47672894405457,107.23866755498192,86.45472959096617,84.43963638756139,83.20640358789746,83.38075929111866,88.70511791110165
120.0,120.0,120.0,120.0,120.0,120.0,120.0,120.0,120.0,120.0,108.55121305451947,108.55120830882932,108.55121464818406,108.55122226912127,108.55123433914173,108.55123965594703,108.55103082140539,108.54705633485032,108.47672754340974,107.2386662200172,86.45473298329121,84.43963312939461,83.20640599102128,83.38075776891932,88.7051180584425
120.0,120.0,120.0,120.0,120.0,120.0,120.0,120.0,120.0,120.0,108.5512018499032,108.55120361833349,108.55120570491232,108.55121825750389,108.55122997008296,108.55123562130245,108.55103308890354,108.54705224302829,108.47672868621142,107.2386648170224,86.45473184516554,84.43963504770807,83.2064037828531,83.38075954884027,88.70511689487026
120.0,120.0,120.0,120.0,120.0,120.0,120.0,120.0,120.0,120.0,108.55118751287576,108.55119320465083,108.55120285863191,108.55120986816439,108.55122695278551,108.55123183205744,108.55102947786649,108.54705442588545,108.47672493297803,107.23866630688457,86.45472919298417,84.4396347310165,83.20640476264998,83.38075803288523,88.70511829026222
120.0,120.0,120.0,120.0,120.0,120.0,120.0,120.0,120.0,120.0,108.55122924740012,108.55122302193926,108.55122470797203,108.55123156038971,108.55123616120648,108.55124181518731,108.55103470933206,108.5470570665325,108.47673082347335,107.2386652959809,86.45473416500212,84.4396331637099,83.20640536046479,83.38075881697225,88.7051173051772
120.0,120.0,120.0,120.0,120.0,120.0,120.0,120.0,120.0,120.0,108.55122043181511,108.55121749144033,108.55121956469145,108.55122713336894,108.55123867253175,108.55123727754578,108.5510351838288,108.54705550253449,108.47672894394863,107.23866755374816,86.45472957902584,84.43963635008026,83.20640350090002,83.38075914657689,88.70511776617123
120.0,120.0,120.0,120.0,120.0,120.0,120.0,120.0,120.0,120.0,108.55121305451937,108.55120830882922,108.55121464818393,108.5512222691211,108.55123433914153,108.55123965594669,108.55103082140441,108.54705633484242,108.4767275433202,107.23866621897622,86.4547329732164,84.43963309777708,83.20640591765356,83.38075764701121,88.70511793622688
120.0,120.0,120.0,120.0,120.0,120.0,120.0,120.0,120.0,120.0,108.55120184990311,108.55120361833339,108.55120570491222,108.55121825750375,108.55122997008274,108.5512356213022,108.55103308890274,108.54705224302153,108.47672868613593,107.23866481614384,86.45473183666668,84.43963502103527,83.20640372097373,83.38075944603808,88.70511679179667
120.0,120.0,120.0,120.0,120.0,120.0,120.0,120.0,120.0,120.0,108.55118751287571,108.55119320465074,108.55120285863178,108.55120986816428,108.55122695278536,108.5512318320572,108.55102947786585,108.54705442587975,108.47672493291427,107.23866630614334,86.45472918581378,84.43963470851861,83.20640471045544,83.38075794618729,88.7051182033459
120.0,120.0,120.0,120.0,120.0,120.0,120.0,120.0,120.0,120.0,108.55122924679117,108.55122302146839,108.55122470763189,108.55123156013802,108.55123616101893,108.55124181505194,108.55103470923677,108.54705706646284,108.47673082337653,107.23866529532987,86.45473415893761,84.43963314472286,83.20640531643794,83.38075874384553,88.70511723187413
120.0,120.0,120.0,120.0,120.0,120.0,120.0,120.0,120.0,120.0,108.5512204311274,108.55121749090284,108.55121956427567,108.5512271330678,108.55123867231293,108.55123727738594,108.55103518371527,108.54705550245336,108.47672894385242,107.23866755319013,86.4547295739047,84.43963633406042,83.20640346376408,83.38075908490339,88.70511770434629
120.0,120.0,120.0,120.0,120.0,120.0,120.0,120.0,120.0,120.0,108.55121305357942,108.55120830821453,108.55121464771818,108.55122226876259,108.55123433888211,108.55123965576219,108.5510308212732,108.54705633474894,108.47672754322272,107.23866621849605,86.45473296889136,84.43963308426127,83.20640588632837,83.3807575949949,88.70511788408615
120.0,120.0,120.0,120.0,120.0,120.0,120.0,120.0,120.0,120.0,108.55120184884369,108.55120361748293,108.55120570437052,108.55121825710656,108.55122996978083,108.55123562108517,108.55103308875233,108.54705224291615,108.47672868603587,107.23866481572841,86.45473183301456,84.43963500963231,83.20640369455126,83.38075940216473,88.70511674782091
120.0,120.0,120.0,120.0,120.0,120.0,120.0,120.0,120.0,120.0,108.55118751171547,108.55119320371685,108.55120285788183,108.55120986769431,108.55122695245254,108.55123183180983,108.55102947769063,108.54705442576048,108.47672493281115,107.23866630578213,86.45472918273039,84.4396346988993,83.20640468816886,83.38075790918344,88.70511816625483
120.0,120.0,120.0,120.0,120.0,120.0,120.0,120.0,120.0,120.0,108.55122892407175,108.55122274616562,108.55122450887025,108.5512314144195,108.55123605055358,108.55124173487211,108.5510346530271,108.5470570278566,108.47673079771728,107.23866527977596,86.45473414731143,84.43963313100939,83.20640529423679,83.38075871043604,88.70511719862021
120.0,120.0,120.0,120.0,120.0,120.0,120.0,120.0,120.0,120.0,108.55122004294475,108.55121719961181,108.55121932158214,108.55122695611374,108.55123854460636,108.5512371831398,108.55103511658143,108.54705545662739,108.47672891357507,107.23866753486125,86.45472956100299,84.43963632058043,83.20640344387287,83.38075905596824,88.70511767562026
120.0,120.0,120.0,120.0,120.0,120.0,120.0,120.0,120.0,120.0,108.55121251134223,108.5512079532287,108.55121439027259,108.55122205964062,108.55123418572977,108.55123954739469,108.55103074393385,108.54705628121852,108.47672750798824,107.23866619744888,86.4547329551477,84.4396330710961,83.20640586850429,83.38075756989281,88.70511785912802
120.0,120.0,120.0,120.0,120.0,120.0,120.0,120.0,120.0,120.0,108.55120134319701,108.55120313132035,108.55120538526684,108.55121803357198,108.55122979362491,108.55123549249772,108.55103300006053,108.54705218219816,108.47672864572176,107.23866479182388,86.45473181930333,84.4396349972245,83.2064036787052,83.38075938047362,88.70511672613752
120.0,120.0,120.0,120.0,120.0,120.0,120.0,120.0,120.0,120.0,108.5511868599827,108.55119273907161,108.55120243236038,108.5512095862223,108.55122676205265,108.55123168733301,108.55102937366624,108.54705435637786,108.4767248877705,107.23866627923262,86.45472916966949,84.4396346880729,83.20640467457785,83.38075789062887,88.70511814744287
120.0,120.0,120.0,120.0,120.0,120.0,120.0,120.0,120.0,120.0,108.55122894036654,108.55122273788668,108.55122450453496,108.55123141863338,108.55123607883884,108.5512417636846,108.55103467428067,108.5470570427123,108.47673080915064,107.23866528815452,86.45473415838782,84.43963313608548,83.20640529191485,83.38075870054104,88.70511718728652
120.0,120.0,120.0,120.0,120.0,120.0,120.0,120.0,120.0,120.0,108.55121997382192,108.55121720020655,108.55121930686082,108.5512269680738,108.5512385579159,108.55123721409015,108.55103514891451,108.54705548069913,108.47672893013973,107.2386675475824,86.45472958005513,84.43963633157813,83.20640344641475,83.38075905066495,88.70511766775635
120.0,120.0,120.0,120.0,120.0,120.0,120.0,120.0,120.0,120.0,108.55121259556884,108.55120787834281,108.5512143805244,108.55122204226078,108.55123420774125,108.55123956579934,108.55103077452691,108.54705631357731,108.47672753230378,107.23866621447964,86.45473298208428,84.43963308910286,83.20640587637448,83.38075756910803,88.70511785486086
120.0,120.0,120.0,120.0,120.0,120.0,120.0,120.0,120.0,120.0,108.5512014101347,108.55120321173116,108.55120531363785,108.55121801846595,108.55122977606996,108.5512355205353,108.55103302141634,108.5470522111121,108.47672867640176,107.23866481621099,86.45473185421044,84.43963502196296,83.20640369268251,83.38075938437524,88.70511672511402
120.0,120.0,120.0,120.0,120.0,120.0,120.0,120.0,120.0,120.0,108.5511867273075,108.55119277135876,108.55120250636438,108.5512095229253,108.55122674561774,108.55123167104391,108.55102940489685,108.54705437941135,108.47672491466297,107.23866630943556,86.45472921881377,84.43963471961955,83.20640469431036,83.3807578996999,88.70511814971087
120.0,120.0,120.0,120.0,120.0,120.0,120.0,120.0,120.0,120.0,108.55122869946763,108.55122271113217,108.55122446754146,108.5512313708746,108.55123598394238,108.55124172034199,108.5510346302967,108.54705705454258,108.47673082071599,107.23866530794524,86.45473421439542,84.43963317681946,83.20640531564145,83.3807587131916,88.70511719202965
120.0,120.0,120.0,120.0,120.0,120.0,120.0,120.0,120.0,120.0,108.55122008205119,108.55121702453447,108.55121926013227,108.55122691263887,108.55123852177269,108.55123712894783,108.5510351120614,108.54705544579265,108.47672894613996,107.23866756572578,86.45472963243162,84.43963638210528,83.20640347968047,83.38075906783799,88.70511767540839
120.0,120.0,120.0,120.0,120.0,120.0,120.0,120.0,120.0,120.0,108.55121262181986,108.55120797175674,108.55121425725923,108.55122198051684,108.55123414070755,108.55123953811649,108.55103070163025,108.54705628479181,108.47672750629492,107.2386662381027,86.45473303727758,84.4396331392871,83.2064059180968,83.38075759382346,88.70511786542264
120.0,120.0,120.0,120.0,120.0,120.0,120.0,120.0,120.0,120.0,108.55120085050619,108.55120314710648,108.55120539168915,108.55121793709056,108.55122970574021,108.55123544708299,108.55103299978207,108.5470521514567,108.47672865647401,107.23866480246113,86.4547319235034,84.43963507860589,83.20640373608298,83.38075941579042,88.70511674073025
120.0,120.0,120.0,120.0,120.0,120.0,120.0,120.0,120.0,120.0,108.55118727022926,108.55119235102099,108.55120237170439,108.55120958232591,108.55122669686352,108.5512315986712,108.55102932946319,108.54705436209265,108.47672486824668,107.23866630059965,86.45472922473357,84.43963479066932,83.20640474595716,83.38075793346042,88.70511816944615
120.0,120.0,120.0,120.0,120.0,120.0,120.0,120.0,120.0,120.0,108.55122912924077,108.55122295883707,108.55122466003232,108.55123143935404,108.55123610310636,108.55124182337502,108.55103465873931,108.54705703677755,108.47673084444206,107.23866530128271,86.45473424124208,84.43963321193688,83.20640538650456,83.38075875877158,88.7051172163386
120.0,120.0,120.0,120.0,120.0,120.0,120.0,120.0,120.0,120.0,108.55122035212155,108.55121730569005,108.55121953610218,108.5512271074298,108.55123854928596,108.55123723170733,108.55103520390308,108.5470554631012,108.47672892409147,107.23866758192794,86.45472962810699,84.43963642437329,83.20640352250508,83.38075912612295,88.70511770687997
120.0,120.0,120.0,120.0,120.0,120.0,120.0,120.0,120.0,120.0,108.55121296310963,108.55120823448144,108.55121442776989,108.55122225617896,108.55123432974712,108.55123953772929,108.55103078230651,108.54705636194217,108.47672751407511,107.23866621177785,86.45473305195313,84.43963316095778,83.20640596855631,83.38075763455052,88.70511790603302
120.0,120.0,120.0,120.0,120.0,120.0,120.0,120.0,120.0,120.0,108.5512017523183,108.55120353113196,108.55120564313863,108.55121802420486,108.55122996166249,108.55123562499698,108.55103298064682,108.54705220809875,108.47672871749971,107.23866479797577,86.45473185844526,84.4396351018681,83.20640377531195,83.38075946548163,88.70511676926986
120.0,120.0,120.0,120.0,120.0,120.0,120.0,120.0,120.0,120.0,108.55118739824037,108.55119309900486,108.55120277513927,108.55120982303889,108.55122672091224,108.55123182201437,108.55102949213025,108.54705433061879,108.4767249015949,107.23866634329713,86.45472918125232,84.43963475117059,83.20640477908431,83.38075797869642,88.70511820802429
120.0,120.0,120.0,120.0,120.0,120.0,120.0,120.0,120.0,120.0,108.55122916757246,108.55122295740114,108.5512246162254,108.5512315011624,108.55123614788423,108.55124160043314,108.55103469806585,108.54705709085769,108.47673074224238,107.23866527080943,86.4547342532476,84.43963316491117,83.20640536330308,83.38075879017846,88.70511724689925
120.0,120.0,120.0,120.0,120.0,120.0,120.0,120.0,120.0,120.0,108.55122034477712,108.55121741639545,108.55121950673893,108.55122703064339,108.55123861074004,108.5512372796785,108.55103498407762,108.54705548436031,108.47672897396771,107.2386674850877,86.45472955800922,84.4396364297616,83.2064034982017,83.38075912329664,88.70511773109047
120.0,120.0,120.0,120.0,120.0,120.0,120.0,120.0,120.0,120.0,108.55121295202049,108.55120822272288,108.55121457734057,108.55122222010534,108.55123422680278,108.5512395903364,108.55103083758411,108.54705615380205,108.47672751929608,107.23866625471669,86.45473286697256,84.43963309227138,83.20640597729341,83.38075763023814,88.70511790684861
120.0,120.0,120.0,120.0,120.0,120.0,120.0,120.0,120.0,120.0,108.55120172914788,108.55120352227878,108.55120562046471,108.55121818954261,108.55122993176275,108.55123550218407,108.55103301893702,108.5470522713231,108.47672852564952,107.238664791719,86.45473192471856,84.43963494742583,83.20640371887902,83.38075948047997,88.70511677181541
120.0,120.0,120.0,120.0,120.0,120.0,120.0,120.0,120.0,120.0,108.55118738915459,108.55119309361174,108.55120277099138,108.55120978542601,108.5512268860228,108.5512318055173,108.55102935566855,108.54705435175296,108.47672497090753,107.23866616100558,86.45472915830877,84.43963479068603,83.20640466083002,83.38075793800111,88.70511822184152
120.0,120.0,120.0,120.0,120.0,120.0,120.0,120.0,120.0,120.0,108.55122911470647,108.55122292622801,108.5512246364574,108.55123150259892,108.5512360926858,108.55124175904409,108.55103470368385,108.54705695207176,108.4767307514703,107.23866534180547,86.4547339067716,84.43963312946455,83.20640539066154,83.38075870877456,88.70511721734425
120.0,120.0,120.0,120.0,120.0,120.0,120.0,120.0,120.0,120.0,108.55122031264055,108.55121737016833,108.55121947511462,108.55122706796922,108.55123862396674,108.55123720983558,108.55103512400675,108.54705550742226,108.47672883239402,107.23866748326226,86.45472966993711,84.43963613631321,83.2064034554886,83.38075914606117,88.70511767671204
120.0,120.0,120.0,120.0,120.0,120.0,120.0,120.0,120.0,120.0,108.55121290102214,108.55120819705263,108.55121454023545,108.55122218620889,108.55123427869805,108.55123961680466,108.55103075484652,108.54705627027984,108.47672755735036,107.2386660991365,86.45473285681469,84.43963316593084,83.20640573981358,83.38075758668445,88.70511792943961
120.0,120.0,120.0,120.0,120.0,120.0,120.0,120.0,120.0,120.0,108.55120163166434,108.55120346897702,108.55120560271467,108.55121816365107,108.55122989418784,108.5512355645609,108.55103305917238,108.54705217829276,108.47672861671386,107.23866483534512,86.45473157974122,84.43963492579108,83.20640376691621,83.38075929549358,88.70511672365271
120.0,120.0,120.0,120.0,120.0,120.0,120.0,120.0,120.0,120.0,108.55118735660335,108.55119301049106,108.55120271718839,108.55120977619454,108.55122687310728,108.55123176346893,108.55102942358471,108.5470544052714,108.47672486985401,107.23866623258242,86.45472922613453,84.43963446584921,83.20640462981173,83.38075797326366,88.70511808095293
