0,1,2,3,4,5,6,7,8,9,10,11,12,13,14,15,16,17,18,19,20,21,22,23,24
120.0,120.0,120.0,120.0,120.0,120.0,120.0,120.0,120.0,120.0,114.95926491210602,114.95926491466554,114.95926491475288,114.95926491351754,114.95926491205175,114.95926445993801,114.95923592563636,114.95833839525562,105.33481886938758,103.70901520066533,79.5808754929909,80.16360314295153,82.9740322190202,86.82811670473495,92.82108341131858
120.0,120.0,120.0,120.0,120.0,120.0,120.0,120.0,120.0,120.0,114.95926491210602,114.95926491466554,114.95926491475288,114.95926491351754,114.95926491205175,114.95926445993801,114.95923592563636,114.95833839525562,105.33481886938758,103.70901520066533,79.5808754929909,80.16360314295153,82.9740322190202,86.82811670473495,92.82108341131858
120.0,120.0,120.0,120.0,120.0,120.0,120.0,120.0,120.0,120.0,114.95926491210602,114.95926491466554,114.95926491475288,114.95926491351754,114.95926491205175,114.95926445993801,114.95923592563636,114.95833839525562,105.33481886938758,103.70901520066533,79.5808754929909,80.16360314295153,82.9740322190202,86.82811670473495,92.82108341131858
120.0,120.0,120.0,120.0,120.0,120.0,120.0,120.0,120.0,120.0,114.95926491210602,114.95926491466554,114.95926491475288,114.95926491351754,114.95926491205175,114.95926445993801,114.95923592563636,114.95833839525562,105.33481886938758,103.70901520066533,79.5808754929909,80.16360314295153,82.9740322190202,86.82811670473495,92.82108341131858
120.0,120.0,120.0,120.0,120.0,120.0,120.0,120.0,120.0,120.0,114.95926491210602,114.95926491466554,114.95926491475288,114.95926491351754,114.95926491205175,114.95926445993801,114.95923592563636,114.95833839525562,105.33481886938758,103.70901520066533,79.5808754929909,80.16360314295153,82.9740322190202,86.82811670473495,92.82108341131858
120.0,120.0,120.0,120.0,120.0,120.0,120.0,120.0,120.0,120.0,114.95926491210602,114.95926491466554,114.95926491475288,114.95926491351754,114.95926491205175,114.95926445993801,114.95923592563636,114.95833839525562,105.33481886938758,103.70901520066533,79.5808754929909,80.16360314295153,82.9740322190202,86.82811670473495,92.82108341131858
120.0,120.0,120.0,120.0,120.0,120.0,120.0,120.0,120.0,120.0,114.95926491210602,114.95926491466554,114.95926491475288,114.95926491351754,114.95926491205175,114.95926445993801,114.95923592563636,114.95833839525562,105.33481886938758,103.70901520066533,79.5808754929909,80.16360314295153,82.9740322190202,86.82811670473495,92.82108341131858
120.0,120.0,120.0,120.0,120.0,120.0,120.0,120.0,120.0,120.0,114.95926491210602,114.95926491466554,114.95926491475288,114.95926491351754,114.95926491205175,114.95926445993801,114.95923592563636,114.95833839525562,105.33481886938758,103.70901520066533,79.5808754929909,80.16360314295153,82.9740322190202,86.82811670473495,92.82108341131858
120.0,120.0,120.0,120.0,120.0,120.0,120.0,120.0,120.0,120.0,114.95926491210602,114.95926491466554,114.95926491475288,114.95926491351754,114.95926491205175,114.95926445993801,114.95923592563636,114.95833839525562,105.33481886938758,103.70901520066533,79.5808754929909,80.16360314295153,82.9740322190202,86.82811670473495,92.82108341131858
120.0,120.0,120.0,120.0,120.0,120.0,120.0,120.0,120.0,120.0,114.95926491210602,114.95926491466554,114.95926491475288,114.95926491351754,114.95926491205175,114.95926445993801,114.95923592563636,114.95833839525562,105.33481886938758,103.70901520066533,79.5808754929909,80.16360314295153,82.9740322190202,86.82811670473495,92.82108341131858
120.0,120.0,120.0,120.0,120.0,120.0,120.0,120.0,120.0,120.0,114.95926491210602,114.95926491466554,114.95926491475288,114.95926491351754,114.95926491205175,114.95926445993801,114.95923592563636,114.95833839525562,105.33481886938758,103.70901520066533,79.5808754929909,80.16360314295153,82.9740322190202,86.82811670473495,92.82108341131858
120.0,120.0,120.0,120.0,120.0,120.0,120.0,120.0,120.0,120.0,114.95926491210602,114.95926491466554,114.95926491475288,114.95926491351754,114.95926491205175,114.95926445993801,114.95923592563636,114.95833839525562,105.33481886938758,103.70901520066533,79.5808754929909,80.16360314295153,82.9740322190202,86.82811670473495,92.82108341131858
120.0,120.0,120.0,120.0,120.0,120.0,120.0,120.0,120.0,120.0,106.49712912385195,106.32595247998533,106.17201327547595,106.0357745533684,105.9169113730912,105.81446862915887,105.72642754770395,105.52997182913346,114.90641690724638,114.12209114241203,103.19956403023946,101.98212959431602,101.9726863920023,103.23204863642319,106.95451393186686
120.0,120.0,120.0,120.0,120.0,120.0,120.0,120.0,120.0,120.0,106.49712912385195,106.32595247998533,106.17201327547595,106.0357745533684,105.9169113730912,105.81446862915887,105.72642754770395,105.52997182913346,114.90641690724638,114.12209114241203,103.19956403023946,101.98212959431602,101.9726863920023,103.23204863642319,106.95451393186686
120.0,120.0,120.0,120.0,120.0,120.0,120.0,120.0,120.0,120.0,106.49712912385195,106.32595247998533,106.17201327547595,106.0357745533684,105.9169113730912,105.81446862915887,105.72642754770395,105.52997182913346,114.90641690724638,114.12209114241203,103.19956403023946,101.98212959431602,101.9726863920023,103.23204863642319,106.95451393186686
120.0,120.0,120.0,120.0,120.0,120.0,120.0,120.0,120.0,120.0,106.49712912385195,106.32595247998533,106.17201327547595,106.0357745533684,105.9169113730912,105.81446862915887,105.72642754770395,105.52997182913346,114.90641690724638,114.12209114241203,103.19956403023946,101.98212959431602,101.9726863920023,103.23204863642319,106.95451393186686
120.0,120.0,120.0,120.0,120.0,120.0,120.0,120.0,120.0,120.0,106.49712912385195,106.32595247998533,106.17201327547595,106.0357745533684,105.9169113730912,105.81446862915887,105.72642754770395,105.52997182913346,114.90641690724638,114.12209114241203,103.19956403023946,101.98212959431602,101.9726863920023,103.23204863642319,106.95451393186686
120.0,120.0,120.0,120.0,120.0,120.0,120.0,120.0,120.0,120.0,106.49712912385195,106.32595247998533,106.17201327547595,106.0357745533684,105.9169113730912,105.81446862915887,105.72642754770395,105.52997182913346,114.90641690724638,114.12209114241203,103.19956403023946,101.98212959431602,101.9726863920023,103.23204863642319,106.95451393186686
120.0,120.0,120.0,120.0,120.0,120.0,120.0,120.0,120.0,120.0,106.49712912385195,106.32595247998533,106.17201327547595,106.0357745533684,105.9169113730912,105.81446862915887,105.72642754770395,105.52997182913346,114.90641690724638,114.12209114241203,103.19956403023946,101.98212959431602,101.9726863920023,103.23204863642319,106.95451393186686
120.0,120.0,120.0,120.0,120.0,120.0,120.0,120.0,120.0,120.0,106.49712912385195,106.32595247998533,106.17201327547595,106.0357745533684,105.9169113730912,105.81446862915887,105.72642754770395,105.52997182913346,114.90641690724638,114.12209114241203,103.19956403023946,101.98212959431602,101.9726863920023,103.23204863642319,106.95451393186686
120.0,120.0,120.0,120.0,120.0,120.0,120.0,120.0,120.0,120.0,106.49712912385195,106.32595247998533,106.17201327547595,106.0357745533684,105.9169113730912,105.81446862915887,105.72642754770395,105.52997182913346,114.90641690724638,114.12209114241203,103.19956403023946,101.98212959431602,101.9726863920023,103.23204863642319,106.95451393186686
120.0,120.0,120.0,120.0,120.0,120.0,120.0,120.0,120.0,120.0,106.49712912385195,106.32595247998533,106.17201327547595,106.0357745533684,105.9169113730912,105.81446862915887,105.72642754770395,105.52997182913346,114.90641690724638,114.12209114241203,103.19956403023946,101.98212959431602,101.9726863920023,103.23204863642319,106.95451393186686
120.0,120.0,120.0,120.0,120.0,120.0,120.0,120.0,120.0,120.0,106.49712912385195,106.32595247998533,106.17201327547595,106.0357745533684,105.9169113730912,105.81446862915887,105.72642754770395,105.52997182913346,114.90641690724638,114.12209114241203,103.19956403023946,101.98212959431602,101.9726863920023,103.23204863642319,106.95451393186686
120.0,120.0,120.0,120.0,120.0,120.0,120.0,120.0,120.0,120.0,106.49712912385195,106.32595247998533,106.17201327547595,106.0357745533684,105.9169113730912,105.81446862915887,105.72642754770395,105.52997182913346,114.90641690724638,114.12209114241203,103.19956403023946,101.98212959431602,101.9726863920023,103.23204863642319,106.95451393186686
120.0,120.0,120.0,120.0,120.0,120.0,120.0,120.0,120.0,120.0,105.98874929655697,107.60255930057266,107.67519335553328,107.40524335962522,107.27916180059934,107.14939077515828,106.34672485875713,105.64260100768648,105.59429763381561,104.33368212369231,103.56953147313246,101.2737889106928,100.11844384133418,100.87216900203705,105.2076343843387
120.0,120.0,120.0,120.0,120.0,120.0,120.0,120.0,120.0,120.0,105.98874929655697,107.60255930057266,107.67519335553328,107.40524335962522,107.27916180059934,107.14939077515828,106.34672485875713,105.64260100768648,105.59429763381561,104.33368212369231,103.56953147313246,101.2737889106928,100.11844384133418,100.87216900203705,105.2076343843387
120.0,120.0,120.0,120.0,120.0,120.0,120.0,120.0,120.0,120.0,105.98874929655697,107.60255930057266,107.67519335553328,107.40524335962522,107.27916180059934,107.14939077515828,106.34672485875713,105.64260100768648,105.59429763381561,104.33368212369231,103.56953147313246,101.2737889106928,100.11844384133418,100.87216900203705,105.2076343843387
120.0,120.0,120.0,120.0,120.0,120.0,120.0,120.0,120.0,120.0,105.98874929655697,107.60255930057266,107.67519335553328,107.40524335962522,107.27916180059934,107.14939077515828,106.34672485875713,105.64260100768648,105.59429763381561,104.33368212369231,103.56953147313246,101.2737889106928,100.11844384133418,100.87216900203705,105.2076343843387
120.0,120.0,120.0,120.0,120.0,120.0,120.0,120.0,120.0,120.0,105.98874929655697,107.60255930057266,107.67519335553328,107.40524335962522,107.27916180059934,107.14939077515828,106.34672485875713,105.64260100768648,105.59429763381561,104.33368212369231,103.56953147313246,101.2737889106928,100.11844384133418,100.87216900203705,105.2076343843387
120.0,120.0,120.0,120.0,120.0,120.0,120.0,120.0,120.0,120.0,105.98874929655697,107.60255930057266,107.67519335553328,107.40524335962522,107.27916180059934,107.14939077515828,106.34672485875713,105.64260100768648,105.59429763381561,104.33368212369231,103.56953147313246,101.2737889106928,100.11844384133418,100.87216900203705,105.2076343843387
120.0,120.0,120.0,120.0,120.0,120.0,120.0,120.0,120.0,120.0,105.98874929655697,107.60255930057266,107.67519335553328,107.40524335962522,107.27916180059934,107.14939077515828,106.34672485875713,105.64260100768648,105.59429763381561,104.33368212369231,103.56953147313246,101.2737889106928,100.11844384133418,100.87216900203705,105.2076343843387
120.0,120.0,120.0,120.0,120.0,120.0,120.0,120.0,120.0,120.0,105.98874929655697,107.60255930057266,107.67519335553328,107.40524335962522,107.27916180059934,107.14939077515828,106.34672485875713,105.64260100768648,105.59429763381561,104.33368212369231,103.56953147313246,101.2737889106928,100.11844384133418,100.87216900203705,105.2076343843387
120.0,120.0,120.0,120.0,120.0,120.0,120.0,120.0,120.0,120.0,105.98874929655697,107.60255930057266,107.67519335553328,107.40524335962522,107.27916180059934,107.14939077515828,106.34672485875713,105.64260100768648,105.59429763381561,104.33368212369231,103.56953147313246,101.2737889106928,100.11844384133418,100.87216900203705,105.2076343843387
120.0,120.0,120.0,120.0,120.0,120.0,120.0,120.0,120.0,120.0,105.98874929655697,107.60255930057266,107.67519335553328,107.40524335962522,107.27916180059934,107.14939077515828,106.34672485875713,105.64260100768648,105.59429763381561,104.33368212369231,103.56953147313246,101.2737889106928,100.11844384133418,100.87216900203705,105.2076343843387
120.0,120.0,120.0,120.0,120.0,120.0,120.0,120.0,120.0,120.0,105.98874929655697,107.60255930057266,107.67519335553328,107.40524335962522,107.27916180059934,107.14939077515828,106.34672485875713,105.64260100768648,105.59429763381561,104.33368212369231,103.56953147313246,101.2737889106928,100.11844384133418,100.87216900203705,105.2076343843387
120.0,120.0,120.0,120.0,120.0,120.0,120.0,120.0,120.0,120.0,105.98874929655697,107.60255930057266,107.67519335553328,107.40524335962522,107.27916180059934,107.14939077515828,106.34672485875713,105.64260100768648,105.59429763381561,104.33368212369231,103.56953147313246,101.2737889106928,100.11844384133418,100.87216900203705,105.2076343843387
120.0,120.0,120.0,120.0,120.0,120.0,120.0,120.0,120.0,120.0,103.0419719647154,103.69540106435667,104.51430661437779,104.77622837871453,105.01011007798141,105.22463737661815,105.81665117498889,106.05475711317781,106.18220812123123,104.79059775504709,80.58130559037897,78.659135226405,75.04235013507919,76.32388180797886,82.60442769625165
120.0,120.0,120.0,120.0,120.0,120.0,120.0,120.0,120.0,120.0,103.0419719647154,103.69540106435667,104.51430661437779,104.77622837871453,105.01011007798141,105.22463737661815,105.81665117498889,106.05475711317781,106.18220812123123,104.79059775504709,80.58130559037897,78.659135226405,75.04235013507919,76.32388180797886,82.60442769625165
120.0,120.0,120.0,120.0,120.0,120.0,120.0,120.0,120.0,120.0,103.0419719647154,103.69540106435667,104.51430661437779,104.77622837871453,105.01011007798141,105.22463737661815,105.81665117498889,106.05475711317781,106.18220812123123,104.79059775504709,80.58130559037897,78.659135226405,75.04235013507919,76.32388180797886,82.60442769625165
120.0,120.0,120.0,120.0,120.0,120.0,120.0,120.0,120.0,120.0,103.0419719647154,103.69540106435667,104.51430661437779,104.77622837871453,105.01011007798141,105.22463737661815,105.81665117498889,106.05475711317781,106.18220812123123,104.79059775504709,80.58130559037897,78.659135226405,75.04235013507919,76.32388180797886,82.60442769625165
120.0,120.0,120.0,120.0,120.0,120.0,120.0,120.0,120.0,120.0,103.0419719647154,103.69540106435667,104.51430661437779,104.77622837871453,105.01011007798141,105.22463737661815,105.81665117498889,106.05475711317781,106.18220812123123,104.79059775504709,80.58130559037897,78.659135226405,75.04235013507919,76.32388180797886,82.60442769625165
120.0,120.0,120.0,120.0,120.0,120.0,120.0,120.0,120.0,120.0,103.0419719647154,103.69540106435667,104.51430661437779,104.77622837871453,105.01011007798141,105.22463737661815,105.81665117498889,106.05475711317781,106.18220812123123,104.79059775504709,80.58130559037897,78.659135226405,75.04235013507919,76.32388180797886,82.60442769625165
120.0,120.0,120.0,120.0,120.0,120.0,120.0,120.0,120.0,120.0,103.0419719647154,103.69540106435667,104.51430661437779,104.77622837871453,105.01011007798141,105.22463737661815,105.81665117498889,106.05475711317781,106.18220812123123,104.79059775504709,80.58130559037897,78.659135226405,75.04235013507919,76.32388180797886,82.60442769625165
120.0,120.0,120.0,120.0,120.0,120.0,120.0,120.0,120.0,120.0,103.0419719647154,103.69540106435667,104.51430661437779,104.77622837871453,105.01011007798141,105.22463737661815,105.81665117498889,106.05475711317781,106.18220812123123,104.79059775504709,80.58130559037897,78.659135226405,75.04235013507919,76.32388180797886,82.60442769625165
120.0,120.0,120.0,120.0,120.0,120.0,120.0,120.0,120.0,120.0,103.0419719647154,103.69540106435667,104.51430661437779,104.77622837871453,105.01011007798141,105.22463737661815,105.81665117498889,106.05475711317781,106.18220812123123,104.79059775504709,80.58130559037897,78.659135226405,75.04235013507919,76.32388180797886,82.60442769625165
120.0,120.0,120.0,120.0,120.0,120.0,120.0,120.0,120.0,120.0,103.0419719647154,103.69540106435667,104.51430661437779,104.77622837871453,105.01011007798141,105.22463737661815,105.81665117498889,106.05475711317781,106.18220812123123,104.79059775504709,80.58130559037897,78.659135226405,75.04235013507919,76.32388180797886,82.60442769625165
120.0,120.0,120.0,120.0,120.0,120.0,120.0,120.0,120.0,120.0,103.0419719647154,103.69540106435667,104.51430661437779,104.77622837871453,105.01011007798141,105.22463737661815,105.81665117498889,106.05475711317781,106.18220812123123,104.79059775504709,80.58130559037897,78.659135226405,75.04235013507919,76.32388180797886,82.60442769625165
120.0,120.0,120.0,120.0,120.0,120.0,120.0,120.0,120.0,120.0,103.0419719647154,103.69540106435667,104.51430661437779,104.77622837871453,105.01011007798141,105.22463737661815,105.81665117498889,106.05475711317781,106.18220812123123,104.79059775504709,80.58130559037897,78.659135226405,75.04235013507919,76.32388180797886,82.60442769625165
120.0,120.0,120.0,120.0,120.0,120.0,120.0,120.0,120.0,120.0,113.45684958404362,113.50931727850649,113.58053818069344,113.67437150331763,113.78887418348405,113.92675180869509,114.08656553754426,114.2546671062503,114.39741897372406,113.84269152438807,103.36583910177269,78.18011989524324,76.65272312752411,75.97558160671248,82.63637258563911
120.0,120.0,120.0,120.0,120.0,120.0,120.0,120.0,120.0,120.0,113.45684958404362,113.50931727850649,113.58053818069344,113.67437150331763,113.78887418348405,113.92675180869509,114.08656553754426,114.2546671062503,114.39741897372406,113.84269152438807,103.36583910177269,78.18011989524324,76.65272312752411,75.97558160671248,82.63637258563911
120.0,120.0,120.0,120.0,120.0,120.0,120.0,120.0,120.0,120.0,113.45684958404362,113.50931727850649,113.58053818069344,113.67437150331763,113.78887418348405,113.92675180869509,114.08656553754426,114.2546671062503,114.39741897372406,113.84269152438807,103.36583910177269,78.18011989524324,76.65272312752411,75.97558160671248,82.63637258563911
120.0,120.0,120.0,120.0,120.0,120.0,120.0,120.0,120.0,120.0,113.45684958404362,113.50931727850649,113.58053818069344,113.67437150331763,113.78887418348405,113.92675180869509,114.08656553754426,114.2546671062503,114.39741897372406,113.84269152438807,103.36583910177269,78.18011989524324,76.65272312752411,75.97558160671248,82.63637258563911
120.0,120.0,120.0,120.0,120.0,120.0,120.0,120.0,120.0,120.0,113.45684958404362,113.50931727850649,113.58053818069344,113.67437150331763,113.78887418348405,113.92675180869509,114.08656553754426,114.2546671062503,114.39741897372406,113.84269152438807,103.36583910177269,78.18011989524324,76.65272312752411,75.97558160671248,82.63637258563911
120.0,120.0,120.0,120.0,120.0,120.0,120.0,120.0,120.0,120.0,113.45684958404362,113.50931727850649,113.58053818069344,113.67437150331763,113.78887418348405,113.92675180869509,114.08656553754426,114.2546671062503,114.39741897372406,113.84269152438807,103.36583910177269,78.18011989524324,76.65272312752411,75.97558160671248,82.63637258563911
120.0,120.0,120.0,120.0,120.0,120.0,120.0,120.0,120.0,120.0,113.45684958404362,113.50931727850649,113.58053818069344,113.67437150331763,113.78887418348405,113.92675180869509,114.08656553754426,114.2546671062503,114.39741897372406,113.84269152438807,103.36583910177269,78.18011989524324,76.65272312752411,75.97558160671248,82.63637258563911
120.0,120.0,120.0,120.0,120.0,120.0,120.0,120.0,120.0,120.0,113.45684958404362,113.50931727850649,113.58053818069344,113.67437150331763,113.78887418348405,113.92675180869509,114.08656553754426,114.2546671062503,114.39741897372406,113.84269152438807,103.36583910177269,78.18011989524324,76.65272312752411,75.97558160671248,82.63637258563911
120.0,120.0,120.0,120.0,120.0,120.0,120.0,120.0,120.0,120.0,113.45684958404362,113.50931727850649,113.58053818069344,113.67437150331763,113.78887418348405,113.92675180869509,114.08656553754426,114.2546671062503,114.39741897372406,113.84269152438807,103.36583910177269,78.18011989524324,76.65272312752411,75.97558160671248,82.63637258563911
120.0,120.0,120.0,120.0,120.0,120.0,120.0,120.0,120.0,120.0,113.45684958404362,113.50931727850649,113.58053818069344,113.67437150331763,113.78887418348405,113.92675180869509,114.08656553754426,114.2546671062503,114.39741897372406,113.84269152438807,103.36583910177269,78.18011989524324,76.65272312752411,75.97558160671248,82.63637258563911
120.0,120.0,120.0,120.0,120.0,120.0,120.0,120.0,120.0,120.0,113.45684958404362,113.50931727850649,113.58053818069344,113.67437150331763,113.78887418348405,113.92675180869509,114.08656553754426,114.2546671062503,114.39741897372406,113.84269152438807,103.36583910177269,78.18011989524324,76.65272312752411,75.97558160671248,82.63637258563911
120.0,120.0,120.0,120.0,120.0,120.0,120.0,120.0,120.0,120.0,113.45684958404362,113.50931727850649,113.58053818069344,113.67437150331763,113.78887418348405,113.92675180869509,114.08656553754426,114.2546671062503,114.39741897372406,113.84269152438807,103.36583910177269,78.18011989524324,76.65272312752411,75.97558160671248,82.63637258563911
120.0,120.0,120.0,120.0,120.0,120.0,120.0,120.0,120.0,120.0,17.519311831351928,96.80162865088239,100.99706187687092,102.4354135882918,103.55349462872324,104.93507951687907,106.4883608116849,105.95793308498743,105.25124944450846,100.73130731124623,65.98651325949885,60.40563266076444,60.05523509184428,64.684392406586,77.24411649497995
120.0,120.0,120.0,120.0,120.0,120.0,120.0,120.0,120.0,120.0,17.519311831351928,96.80162865088239,100.99706187687092,102.4354135882918,103.55349462872324,104.93507951687907,106.4883608116849,105.95793308498743,105.25124944450846,100.73130731124623,65.98651325949885,60.40563266076444,60.05523509184428,64.684392406586,77.24411649497995
120.0,120.0,120.0,120.0,120.0,120.0,120.0,120.0,120.0,120.0,17.519311831351928,96.80162865088239,100.99706187687092,102.4354135882918,103.55349462872324,104.93507951687907,106.4883608116849,105.95793308498743,105.25124944450846,100.73130731124623,65.98651325949885,60.40563266076444,60.05523509184428,64.684392406586,77.24411649497995
120.0,120.0,120.0,120.0,120.0,120.0,120.0,120.0,120.0,120.0,17.519311831351928,96.80162865088239,100.99706187687092,102.4354135882918,103.55349462872324,104.93507951687907,106.4883608116849,105.95793308498743,105.25124944450846,100.73130731124623,65.98651325949885,60.40563266076444,60.05523509184428,64.684392406586,77.24411649497995
120.0,120.0,120.0,120.0,120.0,120.0,120.0,120.0,120.0,120.0,17.519311831351928,96.80162865088239,100.99706187687092,102.4354135882918,103.55349462872324,104.93507951687907,106.4883608116849,105.95793308498743,105.25124944450846,100.73130731124623,65.98651325949885,60.40563266076444,60.05523509184428,64.684392406586,77.24411649497995
120.0,120.0,120.0,120.0,120.0,120.0,120.0,120.0,120.0,120.0,17.519311831351928,96.80162865088239,100.99706187687092,102.4354135882918,103.55349462872324,104.93507951687907,106.4883608116849,105.95793308498743,105.25124944450846,100.73130731124623,65.98651325949885,60.40563266076444,60.05523509184428,64.684392406586,77.24411649497995
120.0,120.0,120.0,120.0,120.0,120.0,120.0,120.0,120.0,120.0,17.519311831351928,96.80162865088239,100.99706187687092,102.4354135882918,103.55349462872324,104.93507951687907,106.4883608116849,105.95793308498743,105.25124944450846,100.73130731124623,65.98651325949885,60.40563266076444,60.05523509184428,64.684392406586,77.24411649497995
120.0,120.0,120.0,120.0,120.0,120.0,120.0,120.0,120.0,120.0,17.519311831351928,96.80162865088239,100.99706187687092,102.4354135882918,103.55349462872324,104.93507951687907,106.4883608116849,105.95793308498743,105.25124944450846,100.73130731124623,65.98651325949885,60.40563266076444,60.05523509184428,64.684392406586,77.24411649497995
120.0,120.0,120.0,120.0,120.0,120.0,120.0,120.0,120.0,120.0,17.519311831351928,96.80162865088239,100.99706187687092,102.4354135882918,103.55349462872324,104.93507951687907,106.4883608116849,105.95793308498743,105.25124944450846,100.73130731124623,65.98651325949885,60.40563266076444,60.05523509184428,64.684392406586,77.24411649497995
120.0,120.0,120.0,120.0,120.0,120.0,120.0,120.0,120.0,120.0,17.519311831351928,96.80162865088239,100.99706187687092,102.4354135882918,103.55349462872324,104.93507951687907,106.4883608116849,105.95793308498743,105.25124944450846,100.73130731124623,65.98651325949885,60.40563266076444,60.05523509184428,64.684392406586,77.24411649497995
120.0,120.0,120.0,120.0,120.0,120.0,120.0,120.0,120.0,120.0,17.519311831351928,96.80162865088239,100.99706187687092,102.4354135882918,103.55349462872324,104.93507951687907,106.4883608116849,105.95793308498743,105.25124944450846,100.73130731124623,65.98651325949885,60.40563266076444,60.05523509184428,64.684392406586,77.24411649497995
120.0,120.0,120.0,120.0,120.0,120.0,120.0,120.0,120.0,120.0,17.519311831351928,96.80162865088239,100.99706187687092,102.4354135882918,103.55349462872324,104.93507951687907,106.4883608116849,105.95793308498743,105.25124944450846,100.73130731124623,65.98651325949885,60.40563266076444,60.05523509184428,64.684392406586,77.24411649497995
120.0,120.0,120.0,120.0,120.0,120.0,120.0,120.0,120.0,120.0,2.0816367910365634,110.89484376993953,112.87692727817677,113.6716599437864,114.080424239325,103.76372304813759,104.0540195803919,104.20815530179442,104.51539898394078,100.82879103862261,66.8648294905219,58.04221646268525,93.00393712060233,95.58812516588046,102.70425958792046
120.0,120.0,120.0,120.0,120.0,120.0,120.0,120.0,120.0,120.0,2.0816367910365634,110.89484376993953,112.87692727817677,113.6716599437864,114.080424239325,103.76372304813759,104.0540195803919,104.20815530179442,104.51539898394078,100.82879103862261,66.8648294905219,58.04221646268525,93.00393712060233,95.58812516588046,102.70425958792046
120.0,120.0,120.0,120.0,120.0,120.0,120.0,120.0,120.0,120.0,2.0816367910365634,110.89484376993953,112.87692727817677,113.6716599437864,114.080424239325,103.76372304813759,104.0540195803919,104.20815530179442,104.51539898394078,100.82879103862261,66.8648294905219,58.04221646268525,93.00393712060233,95.58812516588046,102.70425958792046
120.0,120.0,120.0,120.0,120.0,120.0,120.0,120.0,120.0,120.0,2.0816367910365634,110.89484376993953,112.87692727817677,113.6716599437864,114.080424239325,103.76372304813759,104.0540195803919,104.20815530179442,104.51539898394078,100.82879103862261,66.8648294905219,58.04221646268525,93.00393712060233,95.58812516588046,102.70425958792046
120.0,120.0,120.0,120.0,120.0,120.0,120.0,120.0,120.0,120.0,2.0816367910365634,110.89484376993953,112.87692727817677,113.6716599437864,114.080424239325,103.76372304813759,104.0540195803919,104.20815530179442,104.51539898394078,100.82879103862261,66.8648294905219,58.04221646268525,93.00393712060233,95.58812516588046,102.70425958792046
120.0,120.0,120.0,120.0,120.0,120.0,120.0,120.0,120.0,120.0,2.0816367910365634,110.89484376993953,112.87692727817677,113.6716599437864,114.080424239325,103.76372304813759,104.0540195803919,104.20815530179442,104.51539898394078,100.82879103862261,66.8648294905219,58.04221646268525,93.00393712060233,95.58812516588046,102.70425958792046
120.0,120.0,120.0,120.0,120.0,120.0,120.0,120.0,120.0,120.0,2.0816367910365634,110.89484376993953,112.87692727817677,113.6716599437864,114.080424239325,103.76372304813759,104.0540195803919,104.20815530179442,104.51539898394078,100.82879103862261,66.8648294905219,58.04221646268525,93.00393712060233,95.58812516588046,102.70425958792046
120.0,120.0,120.0,120.0,120.0,120.0,120.0,120.0,120.0,120.0,2.0816367910365634,110.89484376993953,112.87692727817677,113.6716599437864,114.080424239325,103.76372304813759,104.0540195803919,104.20815530179442,104.51539898394078,100.82879103862261,66.8648294905219,58.04221646268525,93.00393712060233,95.58812516588046,102.70425958792046
120.0,120.0,120.0,120.0,120.0,120.0,120.0,120.0,120.0,120.0,2.0816367910365634,110.89484376993953,112.87692727817677,113.6716599437864,114.080424239325,103.76372304813759,104.0540195803919,104.20815530179442,104.51539898394078,100.82879103862261,66.8648294905219,58.04221646268525,93.00393712060233,95.58812516588046,102.70425958792046
120.0,120.0,120.0,120.0,120.0,120.0,120.0,120.0,120.0,120.0,2.0816367910365634,110.89484376993953,112.87692727817677,113.6716599437864,114.080424239325,103.76372304813759,104.0540195803919,104.20815530179442,104.51539898394078,100.82879103862261,66.8648294905219,58.04221646268525,93.00393712060233,95.58812516588046,102.70425958792046
120.0,120.0,120.0,120.0,120.0,120.0,120.0,120.0,120.0,120.0,2.0816367910365634,110.89484376993953,112.87692727817677,113.6716599437864,114.080424239325,103.76372304813759,104.0540195803919,104.20815530179442,104.51539898394078,100.82879103862261,66.8648294905219,58.04221646268525,93.00393712060233,95.58812516588046,102.70425958792046
120.0,120.0,120.0,120.0,120.0,120.0,120.0,120.0,120.0,120.0,2.0816367910365634,110.89484376993953,112.87692727817677,113.6716599437864,114.080424239325,103.76372304813759,104.0540195803919,104.20815530179442,104.51539898394078,100.82879103862261,66.8648294905219,58.04221646268525,93.00393712060233,95.58812516588046,102.70425958792046
120.0,120.0,120.0,120.0,120.0,120.0,120.0,120.0,120.0,120.0,0.02428479837357142,91.4235772449381,97.50806764754681,99.97560874050366,101.242179291571,102.89844445638839,114.09718353007814,114.25334605976347,103.63407764046065,100.00425876123397,65.12937211691975,57.90989668430231,53.91261710146764,57.674956183495155,73.08020478200231
120.0,120.0,120.0,120.0,120.0,120.0,120.0,120.0,120.0,120.0,0.02428479837357142,91.4235772449381,97.50806764754681,99.97560874050366,101.242179291571,102.89844445638839,114.09718353007814,114.25334605976347,103.63407764046065,100.00425876123397,65.12937211691975,57.90989668430231,53.91261710146764,57.674956183495155,73.08020478200231
120.0,120.0,120.0,120.0,120.0,120.0,120.0,120.0,120.0,120.0,0.02428479837357142,91.4235772449381,97.50806764754681,99.97560874050366,101.242179291571,102.89844445638839,114.09718353007814,114.25334605976347,103.63407764046065,100.00425876123397,65.12937211691975,57.90989668430231,53.91261710146764,57.674956183495155,73.08020478200231
120.0,120.0,120.0,120.0,120.0,120.0,120.0,120.0,120.0,120.0,0.02428479837357142,91.4235772449381,97.50806764754681,99.97560874050366,101.242179291571,102.89844445638839,114.09718353007814,114.25334605976347,103.63407764046065,100.00425876123397,65.12937211691975,57.90989668430231,53.91261710146764,57.674956183495155,73.08020478200231
120.0,120.0,120.0,120.0,120.0,120.0,120.0,120.0,120.0,120.0,0.024284798373571417,91.4235772449381,97.50806764754681,99.97560874050366,101.242179291571,102.89844445638839,114.09718353007814,114.25334605976347,103.63407764046065,100.00425876123397,65.12937211691975,57.90989668430231,53.91261710146764,57.674956183495155,73.08020478200231
120.0,120.0,120.0,120.0,120.0,120.0,120.0,120.0,120.0,120.0,0.024284798373571417,91.4235772449381,97.50806764754681,99.97560874050366,101.242179291571,102.89844445638839,114.09718353007814,114.25334605976347,103.63407764046065,100.00425876123397,65.12937211691975,57.90989668430231,53.91261710146764,57.674956183495155,73.08020478200231
120.0,120.0,120.0,120.0,120.0,120.0,120.0,120.0,120.0,120.0,0.024284798373571417,91.4235772449381,97.50806764754681,99.97560874050366,101.242179291571,102.89844445638839,114.09718353007814,114.25334605976347,103.63407764046065,100.00425876123397,65.12937211691975,57.90989668430231,53.91261710146764,57.674956183495155,73.08020478200231
120.0,120.0,120.0,120.0,120.0,120.0,120.0,120.0,120.0,120.0,0.024284798373571417,91.4235772449381,97.50806764754681,99.97560874050366,101.242179291571,102.89844445638839,114.09718353007814,114.25334605976347,103.63407764046065,100.00425876123397,65.12937211691975,57.90989668430231,53.91261710146764,57.674956183495155,73.08020478200231
120.0,120.0,120.0,120.0,120.0,120.0,120.0,120.0,120.0,120.0,0.024284798373571417,91.4235772449381,97.50806764754681,99.97560874050366,101.242179291571,102.89844445638839,114.09718353007814,114.25334605976347,103.63407764046065,100.00425876123397,65.12937211691975,57.90989668430231,53.91261710146764,57.674956183495155,73.08020478200231
120.0,120.0,120.0,120.0,120.0,120.0,120.0,120.0,120.0,120.0,0.024284798373571417,91.4235772449381,97.50806764754681,99.97560874050366,101.242179291571,102.89844445638839,114.09718353007814,114.25334605976347,103.63407764046065,100.00425876123397,65.12937211691975,57.90989668430231,53.91261710146764,57.674956183495155,73.08020478200231
120.0,120.0,120.0,120.0,120.0,120.0,120.0,120.0,120.0,120.0,0.024284798373571417,91.4235772449381,97.50806764754681,99.97560874050366,101.242179291571,102.89844445638839,114.09718353007814,114.25334605976347,103.63407764046065,100.00425876123397,65.12937211691975,57.90989668430231,53.91261710146764,57.674956183495155,73.08020478200231
120.0,120.0,120.0,120.0,120.0,120.0,120.0,120.0,120.0,120.0,0.024284798373571417,91.4235772449381,97.50806764754681,99.97560874050366,101.242179291571,102.89844445638839,114.09718353007814,114.25334605976347,103.63407764046065,100.00425876123397,65.12937211691975,57.90989668430231,53.91261710146764,57.674956183495155,73.08020478200231
120.0,120.0,120.0,120.0,120.0,120.0,120.0,120.0,120.0,120.0,17.127993084686498,17.20547898766763,97.73205673538016,99.9183538886158,100.25117930122155,105.57158243751802,105.17841396947112,105.56750570181268,105.76820688322469,112.68723887396241,96.7032938946478,92.49770357849006,91.37779761132984,56.79924860465355,72.52075134618035
120.0,120.0,120.0,120.0,120.0,120.0,120.0,120.0,120.0,120.0,17.127993084686498,17.20547898766763,97.73205673538016,99.9183538886158,100.25117930122155,105.57158243751802,105.17841396947112,105.56750570181268,105.76820688322469,112.68723887396241,96.7032938946478,92.49770357849006,91.37779761132984,56.79924860465355,72.52075134618035
120.0,120.0,120.0,120.0,120.0,120.0,120.0,120.0,120.0,120.0,17.127993084686498,17.20547898766763,97.73205673538016,99.9183538886158,100.25117930122155,105.57158243751802,105.17841396947112,105.56750570181268,105.76820688322469,112.68723887396241,96.7032938946478,92.49770357849006,91.37779761132984,56.79924860465355,72.52075134618035
120.0,120.0,120.0,120.0,120.0,120.0,120.0,120.0,120.0,120.0,17.127993084686498,17.20547898766763,97.73205673538016,99.9183538886158,100.25117930122155,105.57158243751802,105.17841396947112,105.56750570181268,105.76820688322469,112.68723887396241,96.7032938946478,92.49770357849006,91.37779761132984,56.79924860465355,72.52075134618035
120.0,120.0,120.0,120.0,120.0,120.0,120.0,120.0,120.0,120.0,17.127993084686498,17.20547898766763,97.73205673538016,99.9183538886158,100.25117930122155,105.57158243751802,105.17841396947112,105.56750570181268,105.76820688322469,112.68723887396241,96.7032938946478,92.49770357849006,91.37779761132984,56.79924860465355,72.52075134618035
120.0,120.0,120.0,120.0,120.0,120.0,120.0,120.0,120.0,120.0,17.127993084686498,17.20547898766763,97.73205673538016,99.9183538886158,100.25117930122155,105.57158243751802,105.17841396947112,105.56750570181268,105.76820688322469,112.68723887396241,96.7032938946478,92.49770357849006,91.37779761132984,56.79924860465355,72.52075134618035
120.0,120.0,120.0,120.0,120.0,120.0,120.0,120.0,120.0,120.0,17.127993084686498,17.20547898766763,97.73205673538016,99.9183538886158,100.25117930122155,105.57158243751802,105.17841396947112,105.56750570181268,105.76820688322469,112.68723887396241,96.7032938946478,92.49770357849006,91.37779761132984,56.79924860465355,72.52075134618035
120.0,120.0,120.0,120.0,120.0,120.0,120.0,120.0,120.0,120.0,17.127993084686498,17.20547898766763,97.73205673538016,99.9183538886158,100.25117930122155,105.57158243751802,105.17841396947112,105.56750570181268,105.76820688322469,112.68723887396241,96.7032938946478,92.49770357849006,91.37779761132984,56.79924860465355,72.52075134618035
120.0,120.0,120.0,120.0,120.0,120.0,120.0,120.0,120.0,120.0,17.127993084686498,17.20547898766763,97.73205673538016,99.9183538886158,100.25117930122155,105.57158243751802,105.17841396947112,105.56750570181268,105.76820688322469,112.68723887396241,96.7032938946478,92.49770357849006,91.37779761132984,56.79924860465355,72.52075134618035
120.0,120.0,120.0,120.0,120.0,120.0,120.0,120.0,120.0,120.0,17.127993084686498,17.20547898766763,97.73205673538016,99.9183538886158,100.25117930122155,105.57158243751802,105.17841396947112,105.56750570181268,105.76820688322469,112.68723887396241,96.7032938946478,92.49770357849006,91.37779761132984,56.79924860465355,72.52075134618035
120.0,120.0,120.0,120.0,120.0,120.0,120.0,120.0,120.0,120.0,17.127993084686498,17.20547898766763,97.73205673538016,99.9183538886158,100.25117930122155,105.57158243751802,105.17841396947112,105.56750570181268,105.76820688322469,112.68723887396241,96.7032938946478,92.49770357849006,91.37779761132984,56.79924860465355,72.52075134618035
120.0,120.0,120.0,120.0,120.0,120.0,120.0,120.0,120.0,120.0,17.127993084686498,17.20547898766763,97.73205673538016,99.9183538886158,100.25117930122155,105.57158243751802,105.17841396947112,105.56750570181268,105.76820688322469,112.68723887396241,96.7032938946478,92.49770357849006,91.37779761132984,56.79924860465355,72.52075134618035
120.0,120.0,120.0,120.0,120.0,120.0,120.0,120.0,120.0,120.0,1.8144245370622034,13.510960661625068,111.26459993184281,113.33794247427757,114.0379862974688,114.3312877900676,114.47391652675537,104.72505345949432,104.75157356779243,101.06769267432982,98.85300375085464,92.86387245217328,90.27496202284487,93.35855218076144,101.66901122795382
120.0,120.0,120.0,120.0,120.0,120.0,120.0,120.0,120.0,120.0,1.8144245370622034,13.510960661625068,111.26459993184281,113.33794247427757,114.0379862974688,114.3312877900676,114.47391652675537,104.72505345949432,104.75157356779243,101.06769267432982,98.85300375085464,92.86387245217328,90.27496202284487,93.35855218076144,101.66901122795382
120.0,120.0,120.0,120.0,120.0,120.0,120.0,120.0,120.0,120.0,1.8144245370622034,13.510960661625068,111.26459993184281,113.33794247427757,114.0379862974688,114.3312877900676,114.47391652675537,104.72505345949432,104.75157356779243,101.06769267432982,98.85300375085464,92.86387245217328,90.27496202284487,93.35855218076144,101.66901122795382
120.0,120.0,120.0,120.0,120.0,120.0,120.0,120.0,120.0,120.0,1.8144245370622034,13.510960661625068,111.26459993184281,113.33794247427757,114.0379862974688,114.3312877900676,114.47391652675537,104.72505345949432,104.75157356779243,101.06769267432982,98.85300375085464,92.86387245217328,90.27496202284487,93.35855218076144,101.66901122795382
120.0,120.0,120.0,120.0,120.0,120.0,120.0,120.0,120.0,120.0,1.8144245370622034,13.510960661625068,111.26459993184281,113.33794247427757,114.0379862974688,114.3312877900676,114.47391652675537,104.72505345949432,104.75157356779243,101.06769267432982,98.85300375085464,92.86387245217328,90.27496202284487,93.35855218076144,101.66901122795382
120.0,120.0,120.0,120.0,120.0,120.0,120.0,120.0,120.0,120.0,1.8144245370622034,13.510960661625068,111.26459993184281,113.33794247427757,114.0379862974688,114.3312877900676,114.47391652675537,104.72505345949432,104.75157356779243,101.06769267432982,98.85300375085464,92.86387245217328,90.27496202284487,93.35855218076144,101.66901122795382
120.0,120.0,120.0,120.0,120.0,120.0,120.0,120.0,120.0,120.0,1.8144245370622034,13.510960661625068,111.26459993184281,113.33794247427757,114.0379862974688,114.3312877900676,114.47391652675537,104.72505345949432,104.75157356779243,101.06769267432982,98.85300375085464,92.86387245217328,90.27496202284487,93.35855218076144,101.66901122795382
120.0,120.0,120.0,120.0,120.0,120.0,120.0,120.0,120.0,120.0,1.8144245370622034,13.510960661625068,111.26459993184281,113.33794247427757,114.0379862974688,114.3312877900676,114.47391652675537,104.72505345949432,104.75157356779243,101.06769267432982,98.85300375085464,92.86387245217328,90.27496202284487,93.35855218076144,101.66901122795382
120.0,120.0,120.0,120.0,120.0,120.0,120.0,120.0,120.0,120.0,1.8144245370622034,13.510960661625068,111.26459993184281,113.33794247427757,114.0379862974688,114.3312877900676,114.47391652675537,104.72505345949432,104.75157356779243,101.06769267432982,98.85300375085464,92.86387245217328,90.27496202284487,93.35855218076144,101.66901122795382
120.0,120.0,120.0,120.0,120.0,120.0,120.0,120.0,120.0,120.0,1.8144245370622034,13.510960661625068,111.26459993184281,113.33794247427757,114.0379862974688,114.3312877900676,114.47391652675537,104.72505345949432,104.75157356779243,101.06769267432982,98.85300375085464,92.86387245217328,90.27496202284487,93.35855218076144,101.66901122795382
120.0,120.0,120.0,120.0,120.0,120.0,120.0,120.0,120.0,120.0,1.8144245370622034,13.510960661625068,111.26459993184281,113.33794247427757,114.0379862974688,114.3312877900676,114.47391652675537,104.72505345949432,104.75157356779243,101.06769267432982,98.85300375085464,92.86387245217328,90.27496202284487,93.35855218076144,101.66901122795382
120.0,120.0,120.0,120.0,120.0,120.0,120.0,120.0,120.0,120.0,1.8144245370622034,13.510960661625068,111.26459993184281,113.33794247427757,114.0379862974688,114.3312877900676,114.47391652675537,104.72505345949432,104.75157356779243,101.06769267432982,98.85300375085464,92.86387245217328,90.27496202284487,93.35855218076144,101.66901122795382
120.0,120.0,120.0,120.0,120.0,120.0,120.0,120.0,120.0,120.0,0.005267151424788712,16.395344842481784,90.68318758969775,100.14695138816839,102.75286690613034,104.38194327261253,105.06944385021241,105.3683557156398,104.76323826336376,100.82573937414546,99.95502972577647,94.54805135211679,91.4046396627912,93.58102532497396,101.55416608319825
120.0,120.0,120.0,120.0,120.0,120.0,120.0,120.0,120.0,120.0,0.005267151424788712,16.395344842481784,90.68318758969775,100.14695138816839,102.75286690613034,104.38194327261253,105.06944385021241,105.3683557156398,104.76323826336376,100.82573937414546,99.95502972577647,94.54805135211679,91.4046396627912,93.58102532497396,101.55416608319825
120.0,120.0,120.0,120.0,120.0,120.0,120.0,120.0,120.0,120.0,0.005267151424788712,16.395344842481784,90.68318758969775,100.14695138816839,102.75286690613034,104.38194327261253,105.06944385021241,105.3683557156398,104.76323826336376,100.82573937414546,99.95502972577647,94.54805135211679,91.4046396627912,93.58102532497396,101.55416608319825
120.0,120.0,120.0,120.0,120.0,120.0,120.0,120.0,120.0,120.0,0.0052671514247887114,16.395344842481784,90.68318758969775,100.14695138816839,102.75286690613034,104.38194327261253,105.06944385021241,105.3683557156398,104.76323826336376,100.82573937414546,99.95502972577647,94.54805135211679,91.4046396627912,93.58102532497396,101.55416608319825
120.0,120.0,120.0,120.0,120.0,120.0,120.0,120.0,120.0,120.0,0.0052671514247887114,16.395344842481784,90.68318758969775,100.14695138816839,102.75286690613034,104.38194327261253,105.06944385021241,105.3683557156398,104.76323826336376,100.82573937414546,99.95502972577647,94.54805135211679,91.4046396627912,93.58102532497396,101.55416608319825
120.0,120.0,120.0,120.0,120.0,120.0,120.0,120.0,120.0,120.0,0.0052671514247887114,16.395344842481784,90.68318758969775,100.14695138816839,102.75286690613034,104.38194327261253,105.06944385021241,105.3683557156398,104.76323826336376,100.82573937414546,99.95502972577647,94.54805135211679,91.4046396627912,93.58102532497396,101.55416608319825
120.0,120.0,120.0,120.0,120.0,120.0,120.0,120.0,120.0,120.0,0.0052671514247887114,16.395344842481784,90.68318758969775,100.14695138816839,102.75286690613034,104.38194327261253,105.06944385021241,105.3683557156398,104.76323826336376,100.82573937414546,99.95502972577647,94.54805135211679,91.4046396627912,93.58102532497396,101.55416608319825
120.0,120.0,120.0,120.0,120.0,120.0,120.0,120.0,120.0,120.0,0.0052671514247887114,16.395344842481784,90.68318758969775,100.14695138816839,102.75286690613034,104.38194327261253,105.06944385021241,105.3683557156398,104.76323826336376,100.82573937414546,99.95502972577647,94.54805135211679,91.4046396627912,93.58102532497396,101.55416608319825
120.0,120.0,120.0,120.0,120.0,120.0,120.0,120.0,120.0,120.0,0.0052671514247887114,16.395344842481784,90.68318758969775,100.14695138816839,102.75286690613034,104.38194327261253,105.06944385021241,105.3683557156398,104.76323826336376,100.82573937414546,99.95502972577647,94.54805135211679,91.4046396627912,93.58102532497396,101.55416608319825
120.0,120.0,120.0,120.0,120.0,120.0,120.0,120.0,120.0,120.0,0.0052671514247887114,16.395344842481784,90.68318758969775,100.14695138816839,102.75286690613034,104.38194327261253,105.06944385021241,105.3683557156398,104.76323826336376,100.82573937414546,99.95502972577647,94.54805135211679,91.4046396627912,93.58102532497396,101.55416608319825
120.0,120.0,120.0,120.0,120.0,120.0,120.0,120.0,120.0,120.0,0.0052671514247887114,16.395344842481784,90.68318758969775,100.14695138816839,102.75286690613034,104.38194327261253,105.06944385021241,105.3683557156398,104.76323826336376,100.82573937414546,99.95502972577647,94.54805135211679,91.4046396627912,93.58102532497396,101.55416608319825
120.0,120.0,120.0,120.0,120.0,120.0,120.0,120.0,120.0,120.0,0.0052671514247887114,16.395344842481784,90.68318758969775,100.14695138816839,102.75286690613034,104.38194327261253,105.06944385021241,105.3683557156398,104.76323826336376,100.82573937414546,99.95502972577647,94.54805135211679,91.4046396627912,93.58102532497396,101.55416608319825
120.0,120.0,120.0,120.0,120.0,120.0,120.0,120.0,120.0,120.0,0.012431825815252168,1.5952173838512715,93.97722656021772,112.96182541643434,113.7491106009973,114.06830699727048,114.2078398473363,114.27143130890843,114.2419698768144,101.345229067389,99.36965377542386,95.4393629442918,92.98557309471812,94.6205537621656,101.89091584751206
120.0,120.0,120.0,120.0,120.0,120.0,120.0,120.0,120.0,120.0,0.012431825815252168,1.5952173838512715,93.97722656021772,112.96182541643434,113.7491106009973,114.06830699727048,114.2078398473363,114.27143130890843,114.2419698768144,101.345229067389,99.36965377542386,95.4393629442918,92.98557309471812,94.6205537621656,101.89091584751206
120.0,120.0,120.0,120.0,120.0,120.0,120.0,120.0,120.0,120.0,0.012431825815252168,1.5952173838512715,93.97722656021772,112.96182541643434,113.7491106009973,114.06830699727048,114.2078398473363,114.27143130890843,114.2419698768144,101.345229067389,99.36965377542386,95.4393629442918,92.98557309471812,94.6205537621656,101.89091584751206
120.0,120.0,120.0,120.0,120.0,120.0,120.0,120.0,120.0,120.0,0.012431825815252168,1.5952173838512715,93.97722656021772,112.96182541643434,113.7491106009973,114.06830699727048,114.2078398473363,114.27143130890843,114.2419698768144,101.345229067389,99.36965377542386,95.4393629442918,92.98557309471812,94.6205537621656,101.89091584751206
120.0,120.0,120.0,120.0,120.0,120.0,120.0,120.0,120.0,120.0,0.012431825815252168,1.5952173838512715,93.97722656021772,112.96182541643434,113.7491106009973,114.06830699727048,114.2078398473363,114.27143130890843,114.2419698768144,101.345229067389,99.36965377542386,95.4393629442918,92.98557309471812,94.6205537621656,101.89091584751206
120.0,120.0,120.0,120.0,120.0,120.0,120.0,120.0,120.0,120.0,0.012431825815252167,1.5952173838512715,93.97722656021772,112.96182541643434,113.7491106009973,114.06830699727048,114.2078398473363,114.27143130890843,114.2419698768144,101.345229067389,99.36965377542386,95.4393629442918,92.98557309471812,94.6205537621656,101.89091584751206
120.0,120.0,120.0,120.0,120.0,120.0,120.0,120.0,120.0,120.0,0.012431825815252167,1.5952173838512715,93.97722656021772,112.96182541643434,113.7491106009973,114.06830699727048,114.2078398473363,114.27143130890843,114.2419698768144,101.345229067389,99.36965377542386,95.4393629442918,92.98557309471812,94.6205537621656,101.89091584751206
120.0,120.0,120.0,120.0,120.0,120.0,120.0,120.0,120.0,120.0,0.012431825815252167,1.5952173838512715,93.97722656021772,112.96182541643434,113.7491106009973,114.06830699727048,114.2078398473363,114.27143130890843,114.2419698768144,101.345229067389,99.36965377542386,95.4393629442918,92.98557309471812,94.6205537621656,101.89091584751206
120.0,120.0,120.0,120.0,120.0,120.0,120.0,120.0,120.0,120.0,0.012431825815252167,1.5952173838512715,93.97722656021772,112.96182541643434,113.7491106009973,114.06830699727048,114.2078398473363,114.27143130890843,114.2419698768144,101.345229067389,99.36965377542386,95.4393629442918,92.98557309471812,94.6205537621656,101.89091584751206
120.0,120.0,120.0,120.0,120.0,120.0,120.0,120.0,120.0,120.0,0.012431825815252167,1.5952173838512715,93.97722656021772,112.96182541643434,113.7491106009973,114.06830699727048,114.2078398473363,114.27143130890843,114.2419698768144,101.345229067389,99.36965377542386,95.4393629442918,92.98557309471812,94.6205537621656,101.89091584751206
120.0,120.0,120.0,120.0,120.0,120.0,120.0,120.0,120.0,120.0,0.012431825815252167,1.5952173838512715,93.97722656021772,112.96182541643434,113.7491106009973,114.06830699727048,114.2078398473363,114.27143130890843,114.2419698768144,101.345229067389,99.36965377542386,95.4393629442918,92.98557309471812,94.6205537621656,101.89091584751206
120.0,120.0,120.0,120.0,120.0,120.0,120.0,120.0,120.0,120.0,0.012431825815252167,1.5952173838512715,93.97722656021772,112.96182541643434,113.7491106009973,114.06830699727048,114.2078398473363,114.27143130890843,114.2419698768144,101.345229067389,99.36965377542386,95.4393629442918,92.98557309471812,94.6205537621656,101.89091584751206
120.0,120.0,120.0,120.0,120.0,120.0,120.0,120.0,120.0,120.0,0.004780777138917533,2.292096889847875,90.12713829077659,112.45511513381625,113.6053618429165,114.16801637670164,114.4777547500858,114.64705801552398,114.64662537225122,113.51280828051986,99.3931649234557,94.66745353292892,92.46104074368559,94.68007881606476,102.0819828764975
120.0,120.0,120.0,120.0,120.0,120.0,120.0,120.0,120.0,120.0,0.004780777138917533,2.292096889847875,90.12713829077659,112.45511513381625,113.6053618429165,114.16801637670164,114.4777547500858,114.64705801552398,114.64662537225122,113.51280828051986,99.3931649234557,94.66745353292892,92.46104074368559,94.68007881606476,102.0819828764975
120.0,120.0,120.0,120.0,120.0,120.0,120.0,120.0,120.0,120.0,0.004780777138917533,2.292096889847875,90.12713829077659,112.45511513381625,113.6053618429165,114.16801637670164,114.4777547500858,114.64705801552398,114.64662537225122,113.51280828051986,99.3931649234557,94.66745353292892,92.46104074368559,94.68007881606476,102.0819828764975
120.0,120.0,120.0,120.0,120.0,120.0,120.0,120.0,120.0,120.0,0.004780777138917533,2.292096889847875,90.12713829077659,112.45511513381625,113.6053618429165,114.16801637670164,114.4777547500858,114.64705801552398,114.64662537225122,113.51280828051986,99.3931649234557,94.66745353292892,92.46104074368559,94.68007881606476,102.0819828764975
120.0,120.0,120.0,120.0,120.0,120.0,120.0,120.0,120.0,120.0,0.004780777138917532,2.292096889847875,90.12713829077659,112.45511513381625,113.6053618429165,114.16801637670164,114.4777547500858,114.64705801552398,114.64662537225122,113.51280828051986,99.3931649234557,94.66745353292892,92.46104074368559,94.68007881606476,102.0819828764975
120.0,120.0,120.0,120.0,120.0,120.0,120.0,120.0,120.0,120.0,0.004780777138917531,2.292096889847875,90.12713829077659,112.45511513381625,113.6053618429165,114.16801637670164,114.4777547500858,114.64705801552398,114.64662537225122,113.51280828051986,99.3931649234557,94.66745353292892,92.46104074368559,94.68007881606476,102.0819828764975
120.0,120.0,120.0,120.0,120.0,120.0,120.0,120.0,120.0,120.0,0.00478077713891753,2.292096889847875,90.12713829077659,112.45511513381625,113.6053618429165,114.16801637670164,114.4777547500858,114.64705801552398,114.64662537225122,113.51280828051986,99.3931649234557,94.66745353292892,92.46104074368559,94.68007881606476,102.0819828764975
120.0,120.0,120.0,120.0,120.0,120.0,120.0,120.0,120.0,120.0,0.00478077713891753,2.292096889847875,90.12713829077659,112.45511513381625,113.6053618429165,114.16801637670164,114.4777547500858,114.64705801552398,114.64662537225122,113.51280828051986,99.3931649234557,94.66745353292892,92.46104074368559,94.68007881606476,102.0819828764975
120.0,120.0,120.0,120.0,120.0,120.0,120.0,120.0,120.0,120.0,0.00478077713891753,2.292096889847875,90.12713829077659,112.45511513381625,113.6053618429165,114.16801637670164,114.4777547500858,114.64705801552398,114.64662537225122,113.51280828051986,99.3931649234557,94.66745353292892,92.46104074368559,94.68007881606476,102.0819828764975
120.0,120.0,120.0,120.0,120.0,120.0,120.0,120.0,120.0,120.0,0.004780777138917529,2.292096889847875,90.12713829077659,112.45511513381625,113.6053618429165,114.16801637670164,114.4777547500858,114.64705801552398,114.64662537225122,113.51280828051986,99.3931649234557,94.66745353292892,92.46104074368559,94.68007881606476,102.0819828764975
120.0,120.0,120.0,120.0,120.0,120.0,120.0,120.0,120.0,120.0,0.004780777138917529,2.292096889847875,90.12713829077659,112.45511513381625,113.6053618429165,114.16801637670164,114.4777547500858,114.64705801552398,114.64662537225122,113.51280828051986,99.3931649234557,94.66745353292892,92.46104074368559,94.68007881606476,102.0819828764975
120.0,120.0,120.0,120.0,120.0,120.0,120.0,120.0,120.0,120.0,0.004780777138917529,2.292096889847875,90.12713829077659,112.45511513381625,113.6053618429165,114.16801637670164,114.4777547500858,114.64705801552398,114.64662537225122,113.51280828051986,99.3931649234557,94.66745353292892,92.46104074368559,94.68007881606476,102.0819828764975
120.0,120.0,120.0,120.0,120.0,120.0,120.0,120.0,120.0,120.0,1.9836301545344395,1.9555631020587017,57.16306722296359,96.877755197043,116.39068614134453,116.95598633841846,103.84357964881333,104.09848197060569,103.93157791858103,101.08437301307927,101.7665249603146,97.54051461287911,95.28431731130547,97.31242152302976,104.91560916317015
120.0,120.0,120.0,120.0,120.0,120.0,120.0,120.0,120.0,120.0,1.9836301545344395,1.9555631020587017,57.16306722296359,96.877755197043,116.39068614134453,116.95598633841846,103.84357964881333,104.09848197060569,103.93157791858103,101.08437301307927,101.7665249603146,97.54051461287911,95.28431731130547,97.31242152302976,104.91560916317015
120.0,120.0,120.0,120.0,120.0,120.0,120.0,120.0,120.0,120.0,1.9836301545344395,1.9555631020587017,57.16306722296359,96.877755197043,116.39068614134453,116.95598633841846,103.84357964881333,104.09848197060569,103.93157791858103,101.08437301307927,101.7665249603146,97.54051461287911,95.28431731130547,97.31242152302976,104.91560916317015
120.0,120.0,120.0,120.0,120.0,120.0,120.0,120.0,120.0,120.0,1.9836301545344395,1.9555631020587017,57.16306722296359,96.877755197043,116.39068614134453,116.95598633841846,103.84357964881333,104.09848197060569,103.93157791858103,101.08437301307927,101.7665249603146,97.54051461287911,95.28431731130547,97.31242152302976,104.91560916317015
120.0,120.0,120.0,120.0,120.0,120.0,120.0,120.0,120.0,120.0,1.9836301545344395,1.9555631020587017,57.16306722296359,96.877755197043,116.39068614134453,116.95598633841846,103.84357964881333,104.09848197060569,103.93157791858103,101.08437301307927,101.7665249603146,97.54051461287911,95.28431731130547,97.31242152302976,104.91560916317015
120.0,120.0,120.0,120.0,120.0,120.0,120.0,120.0,120.0,120.0,1.9836301545344395,1.9555631020587017,57.16306722296359,96.877755197043,116.39068614134453,116.95598633841846,103.84357964881333,104.09848197060569,103.93157791858103,101.08437301307927,101.7665249603146,97.54051461287911,95.28431731130547,97.31242152302976,104.91560916317015
120.0,120.0,120.0,120.0,120.0,120.0,120.0,120.0,120.0,120.0,1.9836301545344395,1.9555631020587017,57.16306722296359,96.877755197043,116.39068614134453,116.95598633841846,103.84357964881333,104.09848197060569,103.93157791858103,101.08437301307927,101.7665249603146,97.54051461287911,95.28431731130547,97.31242152302976,104.91560916317015
120.0,120.0,120.0,120.0,120.0,120.0,120.0,120.0,120.0,120.0,1.9836301545344395,1.9555631020587017,57.16306722296359,96.877755197043,116.39068614134453,116.95598633841846,103.84357964881333,104.09848197060569,103.93157791858103,101.08437301307927,101.7665249603146,97.54051461287911,95.28431731130547,97.31242152302976,104.91560916317015
120.0,120.0,120.0,120.0,120.0,120.0,120.0,120.0,120.0,120.0,1.9836301545344395,1.9555631020587017,57.16306722296359,96.877755197043,116.39068614134453,116.95598633841846,103.84357964881333,104.09848197060569,103.93157791858103,101.08437301307927,101.7665249603146,97.54051461287911,95.28431731130547,97.31242152302976,104.91560916317015
120.0,120.0,120.0,120.0,120.0,120.0,120.0,120.0,120.0,120.0,1.9836301545344395,1.9555631020587017,57.16306722296359,96.877755197043,116.39068614134453,116.95598633841846,103.84357964881333,104.09848197060569,103.93157791858103,101.08437301307927,101.7665249603146,97.54051461287911,95.28431731130547,97.31242152302976,104.91560916317015
120.0,120.0,120.0,120.0,120.0,120.0,120.0,120.0,120.0,120.0,1.9836301545344395,1.9555631020587017,57.16306722296359,96.877755197043,116.39068614134453,116.95598633841846,103.84357964881333,104.09848197060569,103.93157791858103,101.08437301307927,101.7665249603146,97.54051461287911,95.28431731130547,97.31242152302976,104.91560916317015
120.0,120.0,120.0,120.0,120.0,120.0,120.0,120.0,120.0,120.0,1.9836301545344395,1.9555631020587017,57.16306722296359,96.877755197043,116.39068614134453,116.95598633841846,103.84357964881333,104.09848197060569,103.93157791858103,101.08437301307927,101.7665249603146,97.54051461287911,95.28431731130547,97.31242152302976,104.91560916317015
120.0,120.0,120.0,120.0,120.0,120.0,120.0,120.0,120.0,120.0,1.207349916024322,0.12827617468662697,43.39938382265532,111.34296024511315,113.06696441652696,102.38311984787825,103.20181909744161,103.56096108051872,103.48512749392921,113.18914190948594,99.06411240088832,94.89957013685009,92.82774366796696,94.87917469230433,102.14198720266509
120.0,120.0,120.0,120.0,120.0,120.0,120.0,120.0,120.0,120.0,1.207349916024322,0.12827617468662697,43.39938382265532,111.34296024511315,113.06696441652696,102.38311984787825,103.20181909744161,103.56096108051872,103.48512749392921,113.18914190948594,99.06411240088832,94.89957013685009,92.82774366796696,94.87917469230433,102.14198720266509
120.0,120.0,120.0,120.0,120.0,120.0,120.0,120.0,120.0,120.0,1.207349916024322,0.12827617468662697,43.39938382265532,111.34296024511315,113.06696441652696,102.38311984787825,103.20181909744161,103.56096108051872,103.48512749392921,113.18914190948594,99.06411240088832,94.89957013685009,92.82774366796696,94.87917469230433,102.14198720266509
120.0,120.0,120.0,120.0,120.0,120.0,120.0,120.0,120.0,120.0,1.207349916024322,0.12827617468662697,43.39938382265532,111.34296024511315,113.06696441652696,102.38311984787825,103.20181909744161,103.56096108051872,103.48512749392921,113.18914190948594,99.06411240088832,94.89957013685009,92.82774366796696,94.87917469230433,102.14198720266509
120.0,120.0,120.0,120.0,120.0,120.0,120.0,120.0,120.0,120.0,1.207349916024322,0.12827617468662697,43.39938382265532,111.34296024511315,113.06696441652696,102.38311984787825,103.20181909744161,103.56096108051872,103.48512749392921,113.18914190948594,99.06411240088832,94.89957013685009,92.82774366796696,94.87917469230433,102.14198720266509
120.0,120.0,120.0,120.0,120.0,120.0,120.0,120.0,120.0,120.0,1.207349916024322,0.12827617468662697,43.39938382265532,111.34296024511315,113.06696441652696,102.38311984787825,103.20181909744161,103.56096108051872,103.48512749392921,113.18914190948594,99.06411240088832,94.89957013685009,92.82774366796696,94.87917469230433,102.14198720266509
120.0,120.0,120.0,120.0,120.0,120.0,120.0,120.0,120.0,120.0,1.207349916024322,0.12827617468662697,43.39938382265532,111.34296024511315,113.06696441652696,102.38311984787825,103.20181909744161,103.56096108051872,103.48512749392921,113.18914190948594,99.06411240088832,94.89957013685009,92.82774366796696,94.87917469230433,102.14198720266509
120.0,120.0,120.0,120.0,120.0,120.0,120.0,120.0,120.0,120.0,1.207349916024322,0.12827617468662697,43.39938382265532,111.34296024511315,113.06696441652696,102.38311984787825,103.20181909744161,103.56096108051872,103.48512749392921,113.18914190948594,99.06411240088832,94.89957013685009,92.82774366796696,94.87917469230433,102.14198720266509
120.0,120.0,120.0,120.0,120.0,120.0,120.0,120.0,120.0,120.0,1.207349916024322,0.12827617468662697,43.39938382265532,111.34296024511315,113.06696441652696,102.38311984787825,103.20181909744161,103.56096108051872,103.48512749392921,113.18914190948594,99.06411240088832,94.89957013685009,92.82774366796696,94.87917469230433,102.14198720266509
120.0,120.0,120.0,120.0,120.0,120.0,120.0,120.0,120.0,120.0,1.207349916024322,0.12827617468662697,43.39938382265532,111.34296024511315,113.06696441652696,102.38311984787825,103.20181909744161,103.56096108051872,103.48512749392921,113.18914190948594,99.06411240088832,94.89957013685009,92.82774366796696,94.87917469230433,102.14198720266509
120.0,120.0,120.0,120.0,120.0,120.0,120.0,120.0,120.0,120.0,1.207349916024322,0.12827617468662697,43.39938382265532,111.34296024511315,113.06696441652696,102.38311984787825,103.20181909744161,103.56096108051872,103.48512749392921,113.18914190948594,99.06411240088832,94.89957013685009,92.82774366796696,94.87917469230433,102.14198720266509
120.0,120.0,120.0,120.0,120.0,120.0,120.0,120.0,120.0,120.0,1.207349916024322,0.12827617468662697,43.39938382265532,111.34296024511315,113.06696441652696,102.38311984787825,103.20181909744161,103.56096108051872,103.48512749392921,113.18914190948594,99.06411240088832,94.89957013685009,92.82774366796696,94.87917469230433,102.14198720266509
120.0,120.0,120.0,120.0,120.0,120.0,120.0,120.0,120.0,120.0,35.39444660719098,82.07824962042004,0.0012451926519774308,73.77695524176094,99.5631244987218,101.84999557928326,102.9306485912543,103.50992195012192,105.14818314302718,101.79247000656648,99.99972908785973,94.87043885804171,92.50601420283957,94.68115478233327,102.07927005112043
120.0,120.0,120.0,120.0,120.0,120.0,120.0,120.0,120.0,120.0,35.39444660719098,82.07824962042004,0.0012451926519774308,73.77695524176094,99.5631244987218,101.84999557928326,102.9306485912543,103.50992195012192,105.14818314302718,101.79247000656648,99.99972908785973,94.87043885804171,92.50601420283957,94.68115478233327,102.07927005112043
120.0,120.0,120.0,120.0,120.0,120.0,120.0,120.0,120.0,120.0,35.39444660719098,82.07824962042004,0.0012451926519774308,73.77695524176094,99.5631244987218,101.84999557928326,102.9306485912543,103.50992195012192,105.14818314302718,101.79247000656648,99.99972908785973,94.87043885804171,92.50601420283957,94.68115478233327,102.07927005112043
120.0,120.0,120.0,120.0,120.0,120.0,120.0,120.0,120.0,120.0,35.39444660719098,82.07824962042004,0.0012451926519774308,73.77695524176094,99.5631244987218,101.84999557928326,102.9306485912543,103.50992195012192,105.14818314302718,101.79247000656648,99.99972908785973,94.87043885804171,92.50601420283957,94.68115478233327,102.07927005112043
120.0,120.0,120.0,120.0,120.0,120.0,120.0,120.0,120.0,120.0,35.39444660719098,82.07824962042004,0.0012451926519774308,73.77695524176094,99.5631244987218,101.84999557928326,102.9306485912543,103.50992195012192,105.14818314302718,101.79247000656648,99.99972908785973,94.87043885804171,92.50601420283957,94.68115478233327,102.07927005112043
120.0,120.0,120.0,120.0,120.0,120.0,120.0,120.0,120.0,120.0,35.39444660719098,82.07824962042004,0.0012451926519774308,73.77695524176094,99.5631244987218,101.84999557928326,102.9306485912543,103.50992195012192,105.14818314302718,101.79247000656648,99.99972908785973,94.87043885804171,92.50601420283957,94.68115478233327,102.07927005112043
120.0,120.0,120.0,120.0,120.0,120.0,120.0,120.0,120.0,120.0,35.39444660719098,82.07824962042004,0.0012451926519774308,73.77695524176094,99.5631244987218,101.84999557928326,102.9306485912543,103.50992195012192,105.14818314302718,101.79247000656648,99.99972908785973,94.87043885804171,92.50601420283957,94.68115478233327,102.07927005112043
120.0,120.0,120.0,120.0,120.0,120.0,120.0,120.0,120.0,120.0,35.39444660719098,82.07824962042004,0.0012451926519774308,73.77695524176094,99.5631244987218,101.84999557928326,102.9306485912543,103.50992195012192,105.14818314302718,101.79247000656648,99.99972908785973,94.87043885804171,92.50601420283957,94.68115478233327,102.07927005112043
120.0,120.0,120.0,120.0,120.0,120.0,120.0,120.0,120.0,120.0,35.39444660719098,82.07824962042004,0.0012451926519774308,73.77695524176094,99.5631244987218,101.84999557928326,102.9306485912543,103.50992195012192,105.14818314302718,101.79247000656648,99.99972908785973,94.87043885804171,92.50601420283957,94.68115478233327,102.07927005112043
120.0,120.0,120.0,120.0,120.0,120.0,120.0,120.0,120.0,120.0,35.39444660719098,82.07824962042004,0.0012451926519774308,73.77695524176094,99.5631244987218,101.84999557928326,102.9306485912543,103.50992195012192,105.14818314302718,101.79247000656648,99.99972908785973,94.87043885804171,92.50601420283957,94.68115478233327,102.07927005112043
120.0,120.0,120.0,120.0,120.0,120.0,120.0,120.0,120.0,120.0,35.39444660719098,82.07824962042004,0.0012451926519774308,73.77695524176094,99.5631244987218,101.84999557928326,102.9306485912543,103.50992195012192,105.14818314302718,101.79247000656648,99.99972908785973,94.87043885804171,92.50601420283957,94.68115478233327,102.07927005112043
120.0,120.0,120.0,120.0,120.0,120.0,120.0,120.0,120.0,120.0,35.39444660719098,82.07824962042004,0.0012451926519774308,73.77695524176094,99.5631244987218,101.84999557928326,102.9306485912543,103.50992195012192,105.14818314302718,101.79247000656648,99.99972908785973,94.87043885804171,92.50601420283957,94.68115478233327,102.07927005112043
120.0,120.0,120.0,120.0,120.0,120.0,120.0,120.0,120.0,120.0,0.000694044970970344,57.208326013425676,0.00045276673029650795,71.92241637297954,108.49559878065318,109.78145764808058,110.59253913968472,111.41473481472488,112.19102315822488,111.64261152919924,97.73781993288115,95.58676721432266,94.02546949276478,95.58613447754111,102.3479065856819
120.0,120.0,120.0,120.0,120.0,120.0,120.0,120.0,120.0,120.0,0.000694044970970344,57.208326013425676,0.00045276673029650795,71.92241637297954,108.49559878065318,109.78145764808058,110.59253913968472,111.41473481472488,112.19102315822488,111.64261152919924,97.73781993288115,95.58676721432266,94.02546949276478,95.58613447754111,102.3479065856819
120.0,120.0,120.0,120.0,120.0,120.0,120.0,120.0,120.0,120.0,0.000694044970970344,57.208326013425676,0.00045276673029650795,71.92241637297954,108.49559878065318,109.78145764808058,110.59253913968472,111.41473481472488,112.19102315822488,111.64261152919924,97.73781993288115,95.58676721432266,94.02546949276478,95.58613447754111,102.3479065856819
120.0,120.0,120.0,120.0,120.0,120.0,120.0,120.0,120.0,120.0,0.000694044970970344,57.208326013425676,0.00045276673029650795,71.92241637297954,108.49559878065318,109.78145764808058,110.59253913968472,111.41473481472488,112.19102315822488,111.64261152919924,97.73781993288115,95.58676721432266,94.02546949276478,95.58613447754111,102.3479065856819
120.0,120.0,120.0,120.0,120.0,120.0,120.0,120.0,120.0,120.0,0.000694044970970344,57.208326013425676,0.00045276673029650795,71.92241637297954,108.49559878065318,109.78145764808058,110.59253913968472,111.41473481472488,112.19102315822488,111.64261152919924,97.73781993288115,95.58676721432266,94.02546949276478,95.58613447754111,102.3479065856819
120.0,120.0,120.0,120.0,120.0,120.0,120.0,120.0,120.0,120.0,0.000694044970970344,57.208326013425676,0.00045276673029650795,71.92241637297954,108.49559878065318,109.78145764808058,110.59253913968472,111.41473481472488,112.19102315822488,111.64261152919924,97.73781993288115,95.58676721432266,94.02546949276478,95.58613447754111,102.3479065856819
120.0,120.0,120.0,120.0,120.0,120.0,120.0,120.0,120.0,120.0,0.000694044970970344,57.208326013425676,0.00045276673029650795,71.92241637297954,108.49559878065318,109.78145764808058,110.59253913968472,111.41473481472488,112.19102315822488,111.64261152919924,97.73781993288115,95.58676721432266,94.02546949276478,95.58613447754111,102.3479065856819
120.0,120.0,120.0,120.0,120.0,120.0,120.0,120.0,120.0,120.0,0.000694044970970344,57.208326013425676,0.00045276673029650795,71.92241637297954,108.49559878065318,109.78145764808058,110.59253913968472,111.41473481472488,112.19102315822488,111.64261152919924,97.73781993288115,95.58676721432266,94.02546949276478,95.58613447754111,102.3479065856819
120.0,120.0,120.0,120.0,120.0,120.0,120.0,120.0,120.0,120.0,0.000694044970970344,57.208326013425676,0.00045276673029650795,71.92241637297954,108.49559878065318,109.78145764808058,110.59253913968472,111.41473481472488,112.19102315822488,111.64261152919924,97.73781993288115,95.58676721432266,94.02546949276478,95.58613447754111,102.3479065856819
120.0,120.0,120.0,120.0,120.0,120.0,120.0,120.0,120.0,120.0,0.000694044970970344,57.208326013425676,0.00045276673029650795,71.92241637297954,108.49559878065318,109.78145764808058,110.59253913968472,111.41473481472488,112.19102315822488,111.64261152919924,97.73781993288115,95.58676721432266,94.02546949276478,95.58613447754111,102.3479065856819
120.0,120.0,120.0,120.0,120.0,120.0,120.0,120.0,120.0,120.0,0.000694044970970344,57.208326013425676,0.00045276673029650795,71.92241637297954,108.49559878065318,109.78145764808058,110.59253913968472,111.41473481472488,112.19102315822488,111.64261152919924,97.73781993288115,95.58676721432266,94.02546949276478,95.58613447754111,102.3479065856819
120.0,120.0,120.0,120.0,120.0,120.0,120.0,120.0,120.0,120.0,0.000694044970970344,57.208326013425676,0.00045276673029650795,71.92241637297954,108.49559878065318,109.78145764808058,110.59253913968472,111.41473481472488,112.19102315822488,111.64261152919924,97.73781993288115,95.58676721432266,94.02546949276478,95.58613447754111,102.3479065856819
120.0,120.0,120.0,120.0,120.0,120.0,120.0,120.0,120.0,120.0,0.0009905203103876177,94.62171009237667,0.00027096075705967726,0.00023687027659310693,113.47203421590906,114.66838648563484,59.163581395727256,114.13494202537471,105.85625498157059,110.19739779593067,85.88038097013421,84.38742627472394,88.35288224943919,94.18507454551045,73.64993158364216
120.0,120.0,120.0,120.0,120.0,120.0,120.0,120.0,120.0,120.0,0.0009905203103876177,94.62171009237667,0.00027096075705967726,0.00023687027659310693,113.47203421590906,114.66838648563484,59.163581395727256,114.13494202537471,105.85625498157059,110.19739779593067,85.88038097013421,84.38742627472394,88.35288224943919,94.18507454551045,73.64993158364216
120.0,120.0,120.0,120.0,120.0,120.0,120.0,120.0,120.0,120.0,0.0009905203103876177,94.62171009237667,0.00027096075705967726,0.00023687027659310693,113.47203421590906,114.66838648563484,59.163581395727256,114.13494202537471,105.85625498157059,110.19739779593067,85.88038097013421,84.38742627472394,88.35288224943919,94.18507454551045,73.64993158364216
120.0,120.0,120.0,120.0,120.0,120.0,120.0,120.0,120.0,120.0,0.0009905203103876175,94.62171009237667,0.00027096075705967726,0.00023687027659310693,113.47203421590906,114.66838648563484,59.163581395727256,114.13494202537471,105.85625498157059,110.19739779593067,85.88038097013421,84.38742627472394,88.35288224943919,94.18507454551045,73.64993158364216
120.0,120.0,120.0,120.0,120.0,120.0,120.0,120.0,120.0,120.0,0.0009905203103876175,94.62171009237667,0.00027096075705967726,0.00023687027659310693,113.47203421590906,114.66838648563484,59.163581395727256,114.13494202537471,105.85625498157059,110.19739779593067,85.88038097013421,84.38742627472394,88.35288224943919,94.18507454551045,73.64993158364216
120.0,120.0,120.0,120.0,120.0,120.0,120.0,120.0,120.0,120.0,0.0009905203103876175,94.62171009237667,0.00027096075705967726,0.00023687027659310693,113.47203421590906,114.66838648563484,59.163581395727256,114.13494202537471,105.85625498157059,110.19739779593067,85.88038097013421,84.38742627472394,88.35288224943919,94.18507454551045,73.64993158364216
120.0,120.0,120.0,120.0,120.0,120.0,120.0,120.0,120.0,120.0,0.0009905203103876175,94.62171009237667,0.00027096075705967726,0.00023687027659310693,113.47203421590906,114.66838648563484,59.163581395727256,114.13494202537471,105.85625498157059,110.19739779593067,85.88038097013421,84.38742627472394,88.35288224943919,94.18507454551045,73.64993158364216
120.0,120.0,120.0,120.0,120.0,120.0,120.0,120.0,120.0,120.0,0.0009905203103876175,94.62171009237667,0.00027096075705967726,0.00023687027659310693,113.47203421590906,114.66838648563484,59.163581395727256,114.13494202537471,105.85625498157059,110.19739779593067,85.88038097013421,84.38742627472394,88.35288224943919,94.18507454551045,73.64993158364216
120.0,120.0,120.0,120.0,120.0,120.0,120.0,120.0,120.0,120.0,0.0009905203103876177,94.62171009237667,0.00027096075705967726,0.00023687027659310693,113.47203421590906,114.66838648563484,59.163581395727256,114.13494202537471,105.85625498157059,110.19739779593067,85.88038097013421,84.38742627472394,88.35288224943919,94.18507454551045,73.64993158364216
120.0,120.0,120.0,120.0,120.0,120.0,120.0,120.0,120.0,120.0,0.0009905203103876177,94.62171009237667,0.00027096075705967726,0.00023687027659310693,113.47203421590906,114.66838648563484,59.163581395727256,114.13494202537471,105.85625498157059,110.19739779593067,85.88038097013421,84.38742627472394,88.35288224943919,94.18507454551045,73.64993158364216
120.0,120.0,120.0,120.0,120.0,120.0,120.0,120.0,120.0,120.0,0.0009905203103876177,94.62171009237667,0.00027096075705967726,0.00023687027659310693,113.47203421590906,114.66838648563484,59.163581395727256,114.13494202537471,105.85625498157059,110.19739779593067,85.88038097013421,84.38742627472394,88.35288224943919,94.18507454551045,73.64993158364216
120.0,120.0,120.0,120.0,120.0,120.0,120.0,120.0,120.0,120.0,0.000990520310387618,94.62171009237667,0.00027096075705967726,0.00023687027659310693,113.47203421590906,114.66838648563484,59.163581395727256,114.13494202537471,105.85625498157059,110.19739779593067,85.88038097013421,84.38742627472394,88.35288224943919,94.18507454551045,73.64993158364216
120.0,120.0,120.0,120.0,120.0,120.0,120.0,120.0,120.0,120.0,0.0006590522995902388,14.969218155717067,35.83832230401793,0.0001939999339741466,119.04958979550447,102.91797537781336,119.06835083003294,119.07323672197826,119.0758305563876,119.06221821524068,98.92058079725712,89.88922242367263,91.84397587897003,99.54690419647878,110.58920886088531
120.0,120.0,120.0,120.0,120.0,120.0,120.0,120.0,120.0,120.0,0.0006590522995902388,14.969218155717067,35.83832230401793,0.0001939999339741466,119.04958979550447,102.91797537781336,119.06835083003294,119.07323672197826,119.0758305563876,119.06221821524068,98.92058079725712,89.88922242367263,91.84397587897003,99.54690419647878,110.58920886088531
120.0,120.0,120.0,120.0,120.0,120.0,120.0,120.0,120.0,120.0,0.0006590522995902388,14.969218155717067,35.83832230401793,0.0001939999339741466,119.04958979550447,102.91797537781336,119.06835083003294,119.07323672197826,119.0758305563876,119.06221821524068,98.92058079725712,89.88922242367263,91.84397587897003,99.54690419647878,110.58920886088531
120.0,120.0,120.0,120.0,120.0,120.0,120.0,120.0,120.0,120.0,0.0006590522995902388,14.969218155717067,35.83832230401793,0.0001939999339741466,119.04958979550447,102.91797537781336,119.06835083003294,119.07323672197826,119.0758305563876,119.06221821524068,98.92058079725712,89.88922242367263,91.84397587897003,99.54690419647878,110.58920886088531
120.0,120.0,120.0,120.0,120.0,120.0,120.0,120.0,120.0,120.0,0.0006590522995902388,14.969218155717067,35.83832230401793,0.0001939999339741466,119.04958979550447,102.91797537781336,119.06835083003294,119.07323672197826,119.0758305563876,119.06221821524068,98.92058079725712,89.88922242367263,91.84397587897003,99.54690419647878,110.58920886088531
120.0,120.0,120.0,120.0,120.0,120.0,120.0,120.0,120.0,120.0,0.0006590522995902388,14.969218155717067,35.83832230401793,0.0001939999339741466,119.04958979550447,102.91797537781336,119.06835083003294,119.07323672197826,119.0758305563876,119.06221821524068,98.92058079725712,89.88922242367263,91.84397587897003,99.54690419647878,110.58920886088531
120.0,120.0,120.0,120.0,120.0,120.0,120.0,120.0,120.0,120.0,0.0006590522995902388,14.969218155717067,35.83832230401793,0.0001939999339741466,119.04958979550447,102.91797537781336,119.06835083003294,119.07323672197826,119.0758305563876,119.06221821524068,98.92058079725712,89.88922242367263,91.84397587897003,99.54690419647878,110.58920886088531
120.0,120.0,120.0,120.0,120.0,120.0,120.0,120.0,120.0,120.0,0.0006590522995902388,14.969218155717067,35.83832230401793,0.0001939999339741466,119.04958979550447,102.91797537781336,119.06835083003294,119.07323672197826,119.0758305563876,119.06221821524068,98.92058079725712,89.88922242367263,91.84397587897003,99.54690419647878,110.58920886088531
120.0,120.0,120.0,120.0,120.0,120.0,120.0,120.0,120.0,120.0,0.0006590522995902388,14.969218155717067,35.83832230401793,0.0001939999339741466,119.04958979550447,102.91797537781336,119.06835083003294,119.07323672197826,119.0758305563876,119.06221821524068,98.92058079725712,89.88922242367263,91.84397587897003,99.54690419647878,110.58920886088531
120.0,120.0,120.0,120.0,120.0,120.0,120.0,120.0,120.0,120.0,0.0006590522995902388,14.969218155717067,35.83832230401793,0.0001939999339741466,119.04958979550447,102.91797537781336,119.06835083003294,119.07323672197826,119.0758305563876,119.06221821524068,98.92058079725712,89.88922242367263,91.84397587897003,99.54690419647878,110.58920886088531
120.0,120.0,120.0,120.0,120.0,120.0,120.0,120.0,120.0,120.0,0.0006590522995902388,14.969218155717067,35.83832230401793,0.0001939999339741466,119.04958979550447,102.91797537781336,119.06835083003294,119.07323672197826,119.0758305563876,119.06221821524068,98.92058079725712,89.88922242367263,91.84397587897003,99.54690419647878,110.58920886088531
120.0,120.0,120.0,120.0,120.0,120.0,120.0,120.0,120.0,120.0,0.0006590522995902388,14.969218155717067,35.83832230401793,0.0001939999339741466,119.04958979550447,102.91797537781336,119.06835083003294,119.07323672197826,119.0758305563876,119.06221821524068,98.92058079725712,89.88922242367263,91.84397587897003,99.54690419647878,110.58920886088531
120.0,120.0,120.0,120.0,120.0,120.0,120.0,120.0,120.0,120.0,33.744917176023776,86.79091074508631,0.0002751573624405677,0.0003155436592515534,112.54040251741073,114.50017173742478,115.12128435548571,115.31103482434936,103.76897642822645,98.76773775000903,94.68278564769061,85.8853702657689,85.23433191083109,91.36810560969171,101.33941092137391
120.0,120.0,120.0,120.0,120.0,120.0,120.0,120.0,120.0,120.0,33.744917176023776,86.79091074508631,0.0002751573624405677,0.0003155436592515534,112.54040251741073,114.50017173742478,115.12128435548571,115.31103482434936,103.76897642822645,98.76773775000903,94.68278564769061,85.8853702657689,85.23433191083109,91.36810560969171,101.33941092137391
120.0,120.0,120.0,120.0,120.0,120.0,120.0,120.0,120.0,120.0,33.744917176023776,86.79091074508631,0.0002751573624405677,0.0003155436592515534,112.54040251741073,114.50017173742478,115.12128435548571,115.31103482434936,103.76897642822645,98.76773775000903,94.68278564769061,85.8853702657689,85.23433191083109,91.36810560969171,101.33941092137391
120.0,120.0,120.0,120.0,120.0,120.0,120.0,120.0,120.0,120.0,33.744917176023776,86.79091074508631,0.0002751573624405677,0.0003155436592515534,112.54040251741073,114.50017173742478,115.12128435548571,115.31103482434936,103.76897642822645,98.76773775000903,94.68278564769061,85.8853702657689,85.23433191083109,91.36810560969171,101.33941092137391
120.0,120.0,120.0,120.0,120.0,120.0,120.0,120.0,120.0,120.0,33.744917176023776,86.79091074508631,0.0002751573624405676,0.0003155436592515534,112.54040251741073,114.50017173742478,115.12128435548571,115.31103482434936,103.76897642822645,98.76773775000903,94.68278564769061,85.8853702657689,85.23433191083109,91.36810560969171,101.33941092137391
120.0,120.0,120.0,120.0,120.0,120.0,120.0,120.0,120.0,120.0,33.744917176023776,86.79091074508631,0.0002751573624405676,0.0003155436592515534,112.54040251741073,114.50017173742478,115.12128435548571,115.31103482434936,103.76897642822645,98.76773775000903,94.68278564769061,85.8853702657689,85.23433191083109,91.36810560969171,101.33941092137391
120.0,120.0,120.0,120.0,120.0,120.0,120.0,120.0,120.0,120.0,33.744917176023776,86.79091074508631,0.0002751573624405676,0.0003155436592515534,112.54040251741073,114.50017173742478,115.12128435548571,115.31103482434936,103.76897642822645,98.76773775000903,94.68278564769061,85.8853702657689,85.23433191083109,91.36810560969171,101.33941092137391
120.0,120.0,120.0,120.0,120.0,120.0,120.0,120.0,120.0,120.0,33.744917176023776,86.79091074508631,0.0002751573624405676,0.0003155436592515534,112.54040251741073,114.50017173742478,115.12128435548571,115.31103482434936,103.76897642822645,98.76773775000903,94.68278564769061,85.8853702657689,85.23433191083109,91.36810560969171,101.33941092137391
120.0,120.0,120.0,120.0,120.0,120.0,120.0,120.0,120.0,120.0,33.744917176023776,86.79091074508631,0.0002751573624405676,0.0003155436592515534,112.54040251741073,114.50017173742478,115.12128435548571,115.31103482434936,103.76897642822645,98.76773775000903,94.68278564769061,85.8853702657689,85.23433191083109,91.36810560969171,101.33941092137391
120.0,120.0,120.0,120.0,120.0,120.0,120.0,120.0,120.0,120.0,33.744917176023776,86.79091074508631,0.0002751573624405676,0.0003155436592515534,112.54040251741073,114.50017173742478,115.12128435548571,115.31103482434936,103.76897642822645,98.76773775000903,94.68278564769061,85.8853702657689,85.23433191083109,91.36810560969171,101.33941092137391
120.0,120.0,120.0,120.0,120.0,120.0,120.0,120.0,120.0,120.0,33.744917176023776,86.79091074508631,0.0002751573624405676,0.0003155436592515534,112.54040251741073,114.50017173742478,115.12128435548571,115.31103482434936,103.76897642822645,98.76773775000903,94.68278564769061,85.8853702657689,85.23433191083109,91.36810560969171,101.33941092137391
120.0,120.0,120.0,120.0,120.0,120.0,120.0,120.0,120.0,120.0,33.744917176023776,86.79091074508631,0.0002751573624405677,0.0003155436592515534,112.54040251741073,114.50017173742478,115.12128435548571,115.31103482434936,103.76897642822645,98.76773775000903,94.68278564769061,85.8853702657689,85.23433191083109,91.36810560969171,101.33941092137391
120.0,120.0,120.0,120.0,120.0,120.0,120.0,120.0,120.0,120.0,5.946676787667918,18.436043579972626,0.00036344747532788955,107.99999458371047,99.06891343836325,111.30599505744372,97.02022881876366,104.09248235138547,105.85783087351868,103.45451007865675,99.28134769028406,91.646085873906,87.7485457100499,91.61392598165753,101.10325246740413
120.0,120.0,120.0,120.0,120.0,120.0,120.0,120.0,120.0,120.0,5.946676787667918,18.436043579972626,0.00036344747532788955,107.99999458371047,99.06891343836325,111.30599505744372,97.02022881876366,104.09248235138547,105.85783087351868,103.45451007865675,99.28134769028406,91.646085873906,87.7485457100499,91.61392598165753,101.10325246740413
120.0,120.0,120.0,120.0,120.0,120.0,120.0,120.0,120.0,120.0,5.946676787667918,18.436043579972626,0.00036344747532788955,107.99999458371047,99.06891343836325,111.30599505744372,97.02022881876366,104.09248235138547,105.85783087351868,103.45451007865675,99.28134769028406,91.646085873906,87.7485457100499,91.61392598165753,101.10325246740413
120.0,120.0,120.0,120.0,120.0,120.0,120.0,120.0,120.0,120.0,5.946676787667918,18.436043579972626,0.00036344747532788955,107.99999458371047,99.06891343836325,111.30599505744372,97.02022881876366,104.09248235138547,105.85783087351868,103.45451007865675,99.28134769028406,91.646085873906,87.7485457100499,91.61392598165753,101.10325246740413
120.0,120.0,120.0,120.0,120.0,120.0,120.0,120.0,120.0,120.0,5.946676787667918,18.436043579972626,0.00036344747532788955,107.99999458371047,99.06891343836325,111.30599505744372,97.02022881876366,104.09248235138547,105.85783087351868,103.45451007865675,99.28134769028406,91.646085873906,87.7485457100499,91.61392598165753,101.10325246740413
120.0,120.0,120.0,120.0,120.0,120.0,120.0,120.0,120.0,120.0,5.946676787667918,18.436043579972626,0.00036344747532788955,107.99999458371047,99.06891343836325,111.30599505744372,97.02022881876366,104.09248235138547,105.85783087351868,103.45451007865675,99.28134769028406,91.646085873906,87.7485457100499,91.61392598165753,101.10325246740413
120.0,120.0,120.0,120.0,120.0,120.0,120.0,120.0,120.0,120.0,5.946676787667918,18.436043579972626,0.00036344747532788955,107.99999458371047,99.06891343836325,111.30599505744372,97.02022881876366,104.09248235138547,105.85783087351868,103.45451007865675,99.28134769028406,91.646085873906,87.7485457100499,91.61392598165753,101.10325246740413
120.0,120.0,120.0,120.0,120.0,120.0,120.0,120.0,120.0,120.0,5.946676787667918,18.436043579972626,0.00036344747532788955,107.99999458371047,99.06891343836325,111.30599505744372,97.02022881876366,104.09248235138547,105.85783087351868,103.45451007865675,99.28134769028406,91.646085873906,87.7485457100499,91.61392598165753,101.10325246740413
120.0,120.0,120.0,120.0,120.0,120.0,120.0,120.0,120.0,120.0,5.946676787667918,18.436043579972626,0.00036344747532788955,107.99999458371047,99.06891343836325,111.30599505744372,97.02022881876366,104.09248235138547,105.85783087351868,103.45451007865675,99.28134769028406,91.646085873906,87.7485457100499,91.61392598165753,101.10325246740413
120.0,120.0,120.0,120.0,120.0,120.0,120.0,120.0,120.0,120.0,5.946676787667918,18.436043579972626,0.00036344747532788955,107.99999458371047,99.06891343836325,111.30599505744372,97.02022881876366,104.09248235138547,105.85783087351868,103.45451007865675,99.28134769028406,91.646085873906,87.7485457100499,91.61392598165753,101.10325246740413
120.0,120.0,120.0,120.0,120.0,120.0,120.0,120.0,120.0,120.0,5.946676787667918,18.436043579972626,0.00036344747532788955,107.99999458371047,99.06891343836325,111.30599505744372,97.02022881876366,104.09248235138547,105.85783087351868,103.45451007865675,99.28134769028406,91.646085873906,87.7485457100499,91.61392598165753,101.10325246740413
120.0,120.0,120.0,120.0,120.0,120.0,120.0,120.0,120.0,120.0,5.946676787667918,18.436043579972626,0.00036344747532788955,107.99999458371047,99.06891343836325,111.30599505744372,97.02022881876366,104.09248235138547,105.85783087351868,103.45451007865675,99.28134769028406,91.646085873906,87.7485457100499,91.61392598165753,101.10325246740413
120.0,120.0,120.0,120.0,120.0,120.0,120.0,120.0,120.0,120.0,0.0004464519603619352,38.58505828233065,0.00023326668977215174,95.45618838827171,101.1944797323032,103.8669175648494,104.07175504476264,105.60324076267582,114.04764576278453,96.91685255535445,87.63795458929575,83.11306795847234,85.12072156341466,91.40690776300993,101.23094340211344
120.0,120.0,120.0,120.0,120.0,120.0,120.0,120.0,120.0,120.0,0.0004464519603619352,38.58505828233065,0.00023326668977215174,95.45618838827171,101.1944797323032,103.8669175648494,104.07175504476264,105.60324076267582,114.04764576278453,96.91685255535445,87.63795458929575,83.11306795847234,85.12072156341466,91.40690776300993,101.23094340211344
120.0,120.0,120.0,120.0,120.0,120.0,120.0,120.0,120.0,120.0,0.0004464519603619352,38.58505828233065,0.00023326668977215174,95.45618838827171,101.1944797323032,103.8669175648494,104.07175504476264,105.60324076267582,114.04764576278453,96.91685255535445,87.63795458929575,83.11306795847234,85.12072156341466,91.40690776300993,101.23094340211344
120.0,120.0,120.0,120.0,120.0,120.0,120.0,120.0,120.0,120.0,0.0004464519603619352,38.58505828233065,0.0002332666897721517,95.45618838827171,101.1944797323032,103.8669175648494,104.07175504476264,105.60324076267582,114.04764576278453,96.91685255535445,87.63795458929575,83.11306795847234,85.12072156341466,91.40690776300993,101.23094340211344
120.0,120.0,120.0,120.0,120.0,120.0,120.0,120.0,120.0,120.0,0.0004464519603619352,38.58505828233065,0.0002332666897721517,95.45618838827171,101.1944797323032,103.8669175648494,104.07175504476264,105.60324076267582,114.04764576278453,96.91685255535445,87.63795458929575,83.11306795847234,85.12072156341466,91.40690776300993,101.23094340211344
120.0,120.0,120.0,120.0,120.0,120.0,120.0,120.0,120.0,120.0,0.0004464519603619352,38.58505828233065,0.0002332666897721517,95.45618838827171,101.1944797323032,103.8669175648494,104.07175504476264,105.60324076267582,114.04764576278453,96.91685255535445,87.63795458929575,83.11306795847234,85.12072156341466,91.40690776300993,101.23094340211344
120.0,120.0,120.0,120.0,120.0,120.0,120.0,120.0,120.0,120.0,0.0004464519603619352,38.58505828233065,0.00023326668977215174,95.45618838827171,101.1944797323032,103.8669175648494,104.07175504476264,105.60324076267582,114.04764576278453,96.91685255535445,87.63795458929575,83.11306795847234,85.12072156341466,91.40690776300993,101.23094340211344
120.0,120.0,120.0,120.0,120.0,120.0,120.0,120.0,120.0,120.0,0.0004464519603619352,38.58505828233065,0.00023326668977215174,95.45618838827171,101.1944797323032,103.8669175648494,104.07175504476264,105.60324076267582,114.04764576278453,96.91685255535445,87.63795458929575,83.11306795847234,85.12072156341466,91.40690776300993,101.23094340211344
120.0,120.0,120.0,120.0,120.0,120.0,120.0,120.0,120.0,120.0,0.0004464519603619352,38.58505828233065,0.00023326668977215174,95.45618838827171,101.1944797323032,103.8669175648494,104.07175504476264,105.60324076267582,114.04764576278453,96.91685255535445,87.63795458929575,83.11306795847234,85.12072156341466,91.40690776300993,101.23094340211344
120.0,120.0,120.0,120.0,120.0,120.0,120.0,120.0,120.0,120.0,0.00044645196036193516,38.58505828233065,0.00023326668977215174,95.45618838827171,101.1944797323032,103.8669175648494,104.07175504476264,105.60324076267582,114.04764576278453,96.91685255535445,87.63795458929575,83.11306795847234,85.12072156341466,91.40690776300993,101.23094340211344
120.0,120.0,120.0,120.0,120.0,120.0,120.0,120.0,120.0,120.0,0.00044645196036193516,38.58505828233065,0.00023326668977215174,95.45618838827171,101.1944797323032,103.8669175648494,104.07175504476264,105.60324076267582,114.04764576278453,96.91685255535445,87.63795458929575,83.11306795847234,85.12072156341466,91.40690776300993,101.23094340211344
120.0,120.0,120.0,120.0,120.0,120.0,120.0,120.0,120.0,120.0,0.00044645196036193516,38.58505828233065,0.00023326668977215174,95.45618838827171,101.1944797323032,103.8669175648494,104.07175504476264,105.60324076267582,114.04764576278453,96.91685255535445,87.63795458929575,83.11306795847234,85.12072156341466,91.40690776300993,101.23094340211344
120.0,120.0,120.0,120.0,120.0,120.0,120.0,120.0,120.0,120.0,59.72711507399995,0.00022750767139794343,47.70273172778368,90.9285483548399,111.95090747775573,113.10128072356643,113.77070968514192,104.23806526751031,114.25374515579266,95.75406958199443,92.1009726543789,83.93483777064569,84.79470201080333,91.58528132646136,101.5418646116179
120.0,120.0,120.0,120.0,120.0,120.0,120.0,120.0,120.0,120.0,59.72711507399995,0.00022750767139794346,47.70273172778368,90.9285483548399,111.95090747775573,113.10128072356643,113.77070968514192,104.23806526751031,114.25374515579266,95.75406958199443,92.1009726543789,83.93483777064569,84.79470201080333,91.58528132646136,101.5418646116179
120.0,120.0,120.0,120.0,120.0,120.0,120.0,120.0,120.0,120.0,59.72711507399995,0.0002275076713979435,47.70273172778368,90.9285483548399,111.95090747775573,113.10128072356643,113.77070968514192,104.23806526751031,114.25374515579266,95.75406958199443,92.1009726543789,83.93483777064569,84.79470201080333,91.58528132646136,101.5418646116179
120.0,120.0,120.0,120.0,120.0,120.0,120.0,120.0,120.0,120.0,59.72711507399995,0.0002275076713979436,47.70273172778368,90.9285483548399,111.95090747775573,113.10128072356643,113.77070968514192,104.23806526751031,114.25374515579266,95.75406958199443,92.1009726543789,83.93483777064569,84.79470201080333,91.58528132646136,101.5418646116179
120.0,120.0,120.0,120.0,120.0,120.0,120.0,120.0,120.0,120.0,59.72711507399995,0.00022750767139794367,47.70273172778368,90.9285483548399,111.95090747775573,113.10128072356643,113.77070968514192,104.23806526751031,114.25374515579266,95.75406958199443,92.1009726543789,83.93483777064569,84.79470201080333,91.58528132646136,101.5418646116179
120.0,120.0,120.0,120.0,120.0,120.0,120.0,120.0,120.0,120.0,59.72711507399995,0.00022750767139794373,47.70273172778368,90.9285483548399,111.95090747775573,113.10128072356643,113.77070968514192,104.23806526751031,114.25374515579266,95.75406958199443,92.1009726543789,83.93483777064569,84.79470201080333,91.58528132646136,101.5418646116179
120.0,120.0,120.0,120.0,120.0,120.0,120.0,120.0,120.0,120.0,59.72711507399995,0.00022750767139794378,47.70273172778368,90.9285483548399,111.95090747775573,113.10128072356643,113.77070968514192,104.23806526751031,114.25374515579266,95.75406958199443,92.1009726543789,83.93483777064569,84.79470201080333,91.58528132646136,101.5418646116179
120.0,120.0,120.0,120.0,120.0,120.0,120.0,120.0,120.0,120.0,59.72711507399995,0.00022750767139794384,47.70273172778368,90.9285483548399,111.95090747775573,113.10128072356643,113.77070968514192,104.23806526751031,114.25374515579266,95.75406958199443,92.1009726543789,83.93483777064569,84.79470201080333,91.58528132646136,101.5418646116179
120.0,120.0,120.0,120.0,120.0,120.0,120.0,120.0,120.0,120.0,59.72711507399995,0.0002275076713979439,47.70273172778368,90.9285483548399,111.95090747775573,113.10128072356643,113.77070968514192,104.23806526751031,114.25374515579266,95.75406958199443,92.1009726543789,83.93483777064569,84.79470201080333,91.58528132646136,101.5418646116179
120.0,120.0,120.0,120.0,120.0,120.0,120.0,120.0,120.0,120.0,59.72711507399995,0.00022750767139794394,47.70273172778368,90.9285483548399,111.95090747775573,113.10128072356643,113.77070968514192,104.23806526751031,114.25374515579266,95.75406958199443,92.1009726543789,83.93483777064569,84.79470201080333,91.58528132646136,101.5418646116179
120.0,120.0,120.0,120.0,120.0,120.0,120.0,120.0,120.0,120.0,59.72711507399995,0.00022750767139794397,47.70273172778368,90.9285483548399,111.95090747775573,113.10128072356643,113.77070968514192,104.23806526751031,114.25374515579266,95.75406958199443,92.1009726543789,83.93483777064569,84.79470201080333,91.58528132646136,101.5418646116179
120.0,120.0,120.0,120.0,120.0,120.0,120.0,120.0,120.0,120.0,59.72711507399995,0.000227507671397944,47.70273172778368,90.9285483548399,111.95090747775573,113.10128072356643,113.77070968514192,104.23806526751031,114.25374515579266,95.75406958199443,92.1009726543789,83.93483777064569,84.79470201080333,91.58528132646136,101.5418646116179
120.0,120.0,120.0,120.0,120.0,120.0,120.0,120.0,120.0,120.0,6.744885709482807,0.0007444065694285374,87.92181609494178,93.21934443953717,98.13632771950537,98.24362176099596,98.63170173385065,112.92248444113504,112.66710583665056,86.83659744439932,86.68451671801331,81.49734283056429,83.94926608469613,91.20749413751705,101.39941422074641
120.0,120.0,120.0,120.0,120.0,120.0,120.0,120.0,120.0,120.0,6.744885709482807,0.0007444065694285374,87.92181609494178,93.21934443953717,98.13632771950537,98.24362176099596,98.63170173385065,112.92248444113504,112.66710583665056,86.83659744439932,86.68451671801331,81.49734283056429,83.94926608469613,91.20749413751705,101.39941422074641
120.0,120.0,120.0,120.0,120.0,120.0,120.0,120.0,120.0,120.0,6.744885709482807,0.0007444065694285374,87.92181609494178,93.21934443953717,98.13632771950537,98.24362176099596,98.63170173385065,112.92248444113504,112.66710583665056,86.83659744439932,86.68451671801331,81.49734283056429,83.94926608469613,91.20749413751705,101.39941422074641
120.0,120.0,120.0,120.0,120.0,120.0,120.0,120.0,120.0,120.0,6.744885709482807,0.0007444065694285375,87.92181609494178,93.21934443953717,98.13632771950537,98.24362176099596,98.63170173385065,112.92248444113504,112.66710583665056,86.83659744439932,86.68451671801331,81.49734283056429,83.94926608469613,91.20749413751705,101.39941422074641
120.0,120.0,120.0,120.0,120.0,120.0,120.0,120.0,120.0,120.0,6.744885709482807,0.0007444065694285376,87.92181609494178,93.21934443953717,98.13632771950537,98.24362176099596,98.63170173385065,112.92248444113504,112.66710583665056,86.83659744439932,86.68451671801331,81.49734283056429,83.94926608469613,91.20749413751705,101.39941422074641
120.0,120.0,120.0,120.0,120.0,120.0,120.0,120.0,120.0,120.0,6.744885709482807,0.0007444065694285377,87.92181609494178,93.21934443953717,98.13632771950537,98.24362176099596,98.63170173385065,112.92248444113504,112.66710583665056,86.83659744439932,86.68451671801331,81.49734283056429,83.94926608469613,91.20749413751705,101.39941422074641
120.0,120.0,120.0,120.0,120.0,120.0,120.0,120.0,120.0,120.0,6.744885709482807,0.0007444065694285378,87.92181609494178,93.21934443953717,98.13632771950537,98.24362176099596,98.63170173385065,112.92248444113504,112.66710583665056,86.83659744439932,86.68451671801331,81.49734283056429,83.94926608469613,91.20749413751705,101.39941422074641
120.0,120.0,120.0,120.0,120.0,120.0,120.0,120.0,120.0,120.0,6.744885709482807,0.0007444065694285379,87.92181609494178,93.21934443953717,98.13632771950537,98.24362176099596,98.63170173385065,112.92248444113504,112.66710583665056,86.83659744439932,86.68451671801331,81.49734283056429,83.94926608469613,91.20749413751705,101.39941422074641
120.0,120.0,120.0,120.0,120.0,120.0,120.0,120.0,120.0,120.0,6.744885709482807,0.0007444065694285382,87.92181609494178,93.21934443953717,98.13632771950537,98.24362176099596,98.63170173385065,112.92248444113504,112.66710583665056,86.83659744439932,86.68451671801331,81.49734283056429,83.94926608469613,91.20749413751705,101.39941422074641
120.0,120.0,120.0,120.0,120.0,120.0,120.0,120.0,120.0,120.0,6.744885709482807,0.0007444065694285385,87.92181609494178,93.21934443953717,98.13632771950537,98.24362176099596,98.63170173385065,112.92248444113504,112.66710583665056,86.83659744439932,86.68451671801331,81.49734283056429,83.94926608469613,91.20749413751705,101.39941422074641
120.0,120.0,120.0,120.0,120.0,120.0,120.0,120.0,120.0,120.0,6.744885709482807,0.0007444065694285388,87.92181609494178,93.21934443953717,98.13632771950537,98.24362176099596,98.63170173385065,112.92248444113504,112.66710583665056,86.83659744439932,86.68451671801331,81.49734283056429,83.94926608469613,91.20749413751705,101.39941422074641
120.0,120.0,120.0,120.0,120.0,120.0,120.0,120.0,120.0,120.0,6.744885709482807,0.000744406569428539,87.92181609494178,93.21934443953717,98.13632771950537,98.24362176099596,98.63170173385065,112.92248444113504,112.66710583665056,86.83659744439932,86.68451671801331,81.49734283056429,83.94926608469613,91.20749413751705,101.39941422074641
120.0,120.0,120.0,120.0,120.0,120.0,120.0,120.0,120.0,120.0,0.006018527484321674,0.004524320364148773,38.39298759655505,92.60474725966337,66.33235346548851,71.56377681588287,49.79686322090039,109.7347485080324,116.98329730963637,100.44767014825435,86.79363205760122,78.4135434449047,83.48267349148354,91.99225109389556,102.03880867347753
120.0,120.0,120.0,120.0,120.0,120.0,120.0,120.0,120.0,120.0,0.006018527484321674,0.0045243203641487685,38.39298759655505,92.60474725966337,66.33235346548851,71.56377681588287,49.79686322090039,109.7347485080324,116.98329730963637,100.44767014825435,86.79363205760122,78.4135434449047,83.48267349148354,91.99225109389556,102.03880867347753
120.0,120.0,120.0,120.0,120.0,120.0,120.0,120.0,120.0,120.0,0.006018527484321674,0.004524320364148772,38.39298759655505,92.60474725966337,66.33235346548851,71.56377681588287,49.79686322090039,109.7347485080324,116.98329730963637,100.44767014825435,86.79363205760122,78.4135434449047,83.48267349148354,91.99225109389556,102.03880867347753
120.0,120.0,120.0,120.0,120.0,120.0,120.0,120.0,120.0,120.0,0.006018527484321674,0.004524320364148772,38.39298759655505,92.60474725966337,66.33235346548851,71.56377681588287,49.79686322090039,109.7347485080324,116.98329730963637,100.44767014825435,86.79363205760122,78.4135434449047,83.48267349148354,91.99225109389556,102.03880867347753
120.0,120.0,120.0,120.0,120.0,120.0,120.0,120.0,120.0,120.0,0.006018527484321675,0.004524320364148773,38.39298759655505,92.60474725966337,66.33235346548851,71.56377681588287,49.79686322090039,109.7347485080324,116.98329730963637,100.44767014825435,86.79363205760122,78.4135434449047,83.48267349148354,91.99225109389556,102.03880867347753
120.0,120.0,120.0,120.0,120.0,120.0,120.0,120.0,120.0,120.0,0.006018527484321675,0.004524320364148773,38.39298759655505,92.60474725966337,66.33235346548851,71.56377681588287,49.79686322090039,109.7347485080324,116.98329730963637,100.44767014825435,86.79363205760122,78.4135434449047,83.48267349148354,91.99225109389556,102.03880867347753
120.0,120.0,120.0,120.0,120.0,120.0,120.0,120.0,120.0,120.0,0.006018527484321675,0.004524320364148773,38.39298759655505,92.60474725966337,66.33235346548851,71.56377681588287,49.79686322090039,109.7347485080324,116.98329730963637,100.44767014825435,86.79363205760122,78.4135434449047,83.48267349148354,91.99225109389556,102.03880867347753
120.0,120.0,120.0,120.0,120.0,120.0,120.0,120.0,120.0,120.0,0.006018527484321675,0.004524320364148773,38.39298759655505,92.60474725966337,66.33235346548851,71.56377681588287,49.79686322090039,109.7347485080324,116.98329730963637,100.44767014825435,86.79363205760122,78.4135434449047,83.48267349148354,91.99225109389556,102.03880867347753
120.0,120.0,120.0,120.0,120.0,120.0,120.0,120.0,120.0,120.0,0.006018527484321675,0.004524320364148773,38.39298759655505,92.60474725966337,66.33235346548851,71.56377681588287,49.79686322090039,109.7347485080324,116.98329730963637,100.44767014825435,86.79363205760122,78.4135434449047,83.48267349148354,91.99225109389556,102.03880867347753
120.0,120.0,120.0,120.0,120.0,120.0,120.0,120.0,120.0,120.0,0.006018527484321677,0.004524320364148774,38.39298759655505,92.60474725966337,66.33235346548851,71.56377681588287,49.79686322090039,109.7347485080324,116.98329730963637,100.44767014825435,86.79363205760122,78.4135434449047,83.48267349148354,91.99225109389556,102.03880867347753
120.0,120.0,120.0,120.0,120.0,120.0,120.0,120.0,120.0,120.0,0.006018527484321677,0.004524320364148774,38.39298759655505,92.60474725966337,66.33235346548851,71.56377681588287,49.79686322090039,109.7347485080324,116.98329730963637,100.44767014825435,86.79363205760122,78.4135434449047,83.48267349148354,91.99225109389556,102.03880867347753
120.0,120.0,120.0,120.0,120.0,120.0,120.0,120.0,120.0,120.0,0.006018527484321677,0.004524320364148774,38.39298759655505,92.60474725966337,66.33235346548851,71.56377681588287,49.79686322090039,109.7347485080324,116.98329730963637,100.44767014825435,86.79363205760122,78.4135434449047,83.48267349148354,91.99225109389556,102.03880867347753
120.0,120.0,120.0,120.0,120.0,120.0,120.0,120.0,120.0,120.0,0.0005139233182069613,49.91818930106792,108.2521960896023,111.65745736312272,100.52754327957922,113.6665704055684,113.9755436584637,115.00927306687072,115.75085572761492,109.0096411857277,74.88639064566364,93.62307733440639,89.34144233950535,93.21064656232161,102.04481554792049
120.0,120.0,120.0,120.0,120.0,120.0,120.0,120.0,120.0,120.0,0.0005139233182069613,49.91818930106792,108.2521960896023,111.65745736312272,100.52754327957922,113.6665704055684,113.9755436584637,115.00927306687072,115.75085572761492,109.0096411857277,74.88639064566364,93.62307733440639,89.34144233950535,93.21064656232161,102.04481554792049
120.0,120.0,120.0,120.0,120.0,120.0,120.0,120.0,120.0,120.0,0.0005139233182069613,49.91818930106792,108.2521960896023,111.65745736312272,100.52754327957922,113.6665704055684,113.9755436584637,115.00927306687072,115.75085572761492,109.0096411857277,74.88639064566364,93.62307733440639,89.34144233950535,93.21064656232161,102.04481554792049
120.0,120.0,120.0,120.0,120.0,120.0,120.0,120.0,120.0,120.0,0.0005139233182069613,49.91818930106792,108.2521960896023,111.65745736312272,100.52754327957922,113.6665704055684,113.9755436584637,115.00927306687072,115.75085572761492,109.0096411857277,74.88639064566364,93.62307733440639,89.34144233950535,93.21064656232161,102.04481554792049
120.0,120.0,120.0,120.0,120.0,120.0,120.0,120.0,120.0,120.0,0.0005139233182069613,49.91818930106792,108.2521960896023,111.65745736312272,100.52754327957922,113.6665704055684,113.9755436584637,115.00927306687072,115.75085572761492,109.0096411857277,74.88639064566364,93.62307733440639,89.34144233950535,93.21064656232161,102.04481554792049
120.0,120.0,120.0,120.0,120.0,120.0,120.0,120.0,120.0,120.0,0.0005139233182069613,49.91818930106792,108.2521960896023,111.65745736312272,100.52754327957922,113.6665704055684,113.9755436584637,115.00927306687072,115.75085572761492,109.0096411857277,74.88639064566364,93.62307733440639,89.34144233950535,93.21064656232161,102.04481554792049
120.0,120.0,120.0,120.0,120.0,120.0,120.0,120.0,120.0,120.0,0.0005139233182069613,49.91818930106792,108.2521960896023,111.65745736312272,100.52754327957922,113.6665704055684,113.9755436584637,115.00927306687072,115.75085572761492,109.0096411857277,74.88639064566364,93.62307733440639,89.34144233950535,93.21064656232161,102.04481554792049
120.0,120.0,120.0,120.0,120.0,120.0,120.0,120.0,120.0,120.0,0.0005139233182069613,49.91818930106792,108.2521960896023,111.65745736312272,100.52754327957922,113.6665704055684,113.9755436584637,115.00927306687072,115.75085572761492,109.0096411857277,74.88639064566364,93.62307733440639,89.34144233950535,93.21064656232161,102.04481554792049
120.0,120.0,120.0,120.0,120.0,120.0,120.0,120.0,120.0,120.0,0.0005139233182069613,49.91818930106792,108.2521960896023,111.65745736312272,100.52754327957922,113.6665704055684,113.9755436584637,115.00927306687072,115.75085572761492,109.0096411857277,74.88639064566364,93.62307733440639,89.34144233950535,93.21064656232161,102.04481554792049
120.0,120.0,120.0,120.0,120.0,120.0,120.0,120.0,120.0,120.0,0.0005139233182069613,49.91818930106792,108.2521960896023,111.65745736312272,100.52754327957922,113.6665704055684,113.9755436584637,115.00927306687072,115.75085572761492,109.0096411857277,74.88639064566364,93.62307733440639,89.34144233950535,93.21064656232161,102.04481554792049
120.0,120.0,120.0,120.0,120.0,120.0,120.0,120.0,120.0,120.0,0.0005139233182069613,49.91818930106792,108.2521960896023,111.65745736312272,100.52754327957922,113.6665704055684,113.9755436584637,115.00927306687072,115.75085572761492,109.0096411857277,74.88639064566364,93.62307733440639,89.34144233950535,93.21064656232161,102.04481554792049
120.0,120.0,120.0,120.0,120.0,120.0,120.0,120.0,120.0,120.0,0.0005139233182069613,49.91818930106792,108.2521960896023,111.65745736312272,100.52754327957922,113.6665704055684,113.9755436584637,115.00927306687072,115.75085572761492,109.0096411857277,74.88639064566364,93.62307733440639,89.34144233950535,93.21064656232161,102.04481554792049
120.0,120.0,120.0,120.0,120.0,120.0,120.0,120.0,120.0,120.0,1.546621178946268,4.580028439966297,114.06585123157924,106.82027883516001,107.83177013375011,105.51790573198011,108.20027060813659,114.07445261235812,113.41421333400277,111.52476978545012,95.36811387182554,92.97213334762513,91.80816302836622,94.10595597674799,101.70334697279331
120.0,120.0,120.0,120.0,120.0,120.0,120.0,120.0,120.0,120.0,1.546621178946268,4.580028439966297,114.06585123157924,106.82027883516001,107.83177013375011,105.51790573198011,108.20027060813659,114.07445261235812,113.41421333400277,111.52476978545012,95.36811387182554,92.97213334762513,91.80816302836622,94.10595597674799,101.70334697279331
120.0,120.0,120.0,120.0,120.0,120.0,120.0,120.0,120.0,120.0,1.546621178946268,4.580028439966297,114.06585123157924,106.82027883516001,107.83177013375011,105.51790573198011,108.20027060813659,114.07445261235812,113.41421333400277,111.52476978545012,95.36811387182554,92.97213334762513,91.80816302836622,94.10595597674799,101.70334697279331
120.0,120.0,120.0,120.0,120.0,120.0,120.0,120.0,120.0,120.0,1.546621178946268,4.580028439966297,114.06585123157924,106.82027883516001,107.83177013375011,105.51790573198011,108.20027060813659,114.07445261235812,113.41421333400277,111.52476978545012,95.36811387182554,92.97213334762513,91.80816302836622,94.10595597674799,101.70334697279331
120.0,120.0,120.0,120.0,120.0,120.0,120.0,120.0,120.0,120.0,1.546621178946268,4.580028439966297,114.06585123157924,106.82027883516001,107.83177013375011,105.51790573198011,108.20027060813659,114.07445261235812,113.41421333400277,111.52476978545012,95.36811387182554,92.97213334762513,91.80816302836622,94.10595597674799,101.70334697279331
120.0,120.0,120.0,120.0,120.0,120.0,120.0,120.0,120.0,120.0,1.546621178946268,4.580028439966297,114.06585123157924,106.82027883516001,107.83177013375011,105.51790573198011,108.20027060813659,114.07445261235812,113.41421333400277,111.52476978545012,95.36811387182554,92.97213334762513,91.80816302836622,94.10595597674799,101.70334697279331
120.0,120.0,120.0,120.0,120.0,120.0,120.0,120.0,120.0,120.0,1.546621178946268,4.580028439966297,114.06585123157924,106.82027883516001,107.83177013375011,105.51790573198011,108.20027060813659,114.07445261235812,113.41421333400277,111.52476978545012,95.36811387182554,92.97213334762513,91.80816302836622,94.10595597674799,101.70334697279331
120.0,120.0,120.0,120.0,120.0,120.0,120.0,120.0,120.0,120.0,1.546621178946268,4.580028439966297,114.06585123157924,106.82027883516001,107.83177013375011,105.51790573198011,108.20027060813659,114.07445261235812,113.41421333400277,111.52476978545012,95.36811387182554,92.97213334762513,91.80816302836622,94.10595597674799,101.70334697279331
120.0,120.0,120.0,120.0,120.0,120.0,120.0,120.0,120.0,120.0,1.546621178946268,4.580028439966297,114.06585123157924,106.82027883516001,107.83177013375011,105.51790573198011,108.20027060813659,114.07445261235812,113.41421333400277,111.52476978545012,95.36811387182554,92.97213334762513,91.80816302836622,94.10595597674799,101.70334697279331
120.0,120.0,120.0,120.0,120.0,120.0,120.0,120.0,120.0,120.0,1.546621178946268,4.580028439966297,114.06585123157924,106.82027883516001,107.83177013375011,105.51790573198011,108.20027060813659,114.07445261235812,113.41421333400277,111.52476978545012,95.36811387182554,92.97213334762513,91.80816302836622,94.10595597674799,101.70334697279331
120.0,120.0,120.0,120.0,120.0,120.0,120.0,120.0,120.0,120.0,1.546621178946268,4.580028439966297,114.06585123157924,106.82027883516001,107.83177013375011,105.51790573198011,108.20027060813659,114.07445261235812,113.41421333400277,111.52476978545012,95.36811387182554,92.97213334762513,91.80816302836622,94.10595597674799,101.70334697279331
120.0,120.0,120.0,120.0,120.0,120.0,120.0,120.0,120.0,120.0,1.546621178946268,4.580028439966297,114.06585123157924,106.82027883516001,107.83177013375011,105.51790573198011,108.20027060813659,114.07445261235812,113.41421333400277,111.52476978545012,95.36811387182554,92.97213334762513,91.80816302836622,94.10595597674799,101.70334697279331
120.0,120.0,120.0,120.0,120.0,120.0,120.0,120.0,120.0,120.0,9.332570620149667,86.74302723703379,111.29292363167885,94.83933923379146,96.82976570392698,100.33966434054055,102.06689399305198,108.74519562860438,107.09920231537703,115.19192069740748,101.95200674655813,93.12048862476608,89.34311850436741,93.12278398821513,101.7894612299094
120.0,120.0,120.0,120.0,120.0,120.0,120.0,120.0,120.0,120.0,9.332570620149667,86.74302723703379,111.29292363167885,94.83933923379146,96.82976570392698,100.33966434054055,102.06689399305198,108.74519562860438,107.09920231537703,115.19192069740748,101.95200674655813,93.12048862476608,89.34311850436741,93.12278398821513,101.7894612299094
120.0,120.0,120.0,120.0,120.0,120.0,120.0,120.0,120.0,120.0,9.332570620149667,86.74302723703379,111.29292363167885,94.83933923379146,96.82976570392698,100.33966434054055,102.06689399305198,108.74519562860438,107.09920231537703,115.19192069740748,101.95200674655813,93.12048862476608,89.34311850436741,93.12278398821513,101.7894612299094
120.0,120.0,120.0,120.0,120.0,120.0,120.0,120.0,120.0,120.0,9.332570620149667,86.74302723703379,111.29292363167885,94.83933923379146,96.82976570392698,100.33966434054055,102.06689399305198,108.74519562860438,107.09920231537703,115.19192069740748,101.95200674655813,93.12048862476608,89.34311850436741,93.12278398821513,101.7894612299094
120.0,120.0,120.0,120.0,120.0,120.0,120.0,120.0,120.0,120.0,9.332570620149667,86.74302723703379,111.29292363167885,94.83933923379146,96.82976570392698,100.33966434054055,102.06689399305198,108.74519562860438,107.09920231537703,115.19192069740748,101.95200674655813,93.12048862476608,89.34311850436741,93.12278398821513,101.7894612299094
120.0,120.0,120.0,120.0,120.0,120.0,120.0,120.0,120.0,120.0,9.332570620149667,86.74302723703379,111.29292363167885,94.83933923379146,96.82976570392698,100.33966434054055,102.06689399305198,108.74519562860438,107.09920231537703,115.19192069740748,101.95200674655813,93.12048862476608,89.34311850436741,93.12278398821513,101.7894612299094
120.0,120.0,120.0,120.0,120.0,120.0,120.0,120.0,120.0,120.0,9.332570620149667,86.74302723703379,111.29292363167885,94.83933923379146,96.82976570392698,100.33966434054055,102.06689399305198,108.74519562860438,107.09920231537703,115.19192069740748,101.95200674655813,93.12048862476608,89.34311850436741,93.12278398821513,101.7894612299094
120.0,120.0,120.0,120.0,120.0,120.0,120.0,120.0,120.0,120.0,9.332570620149667,86.74302723703379,111.29292363167885,94.83933923379146,96.82976570392698,100.33966434054055,102.06689399305198,108.74519562860438,107.09920231537703,115.19192069740748,101.95200674655813,93.12048862476608,89.34311850436741,93.12278398821513,101.7894612299094
120.0,120.0,120.0,120.0,120.0,120.0,120.0,120.0,120.0,120.0,9.332570620149667,86.74302723703379,111.29292363167885,94.83933923379146,96.82976570392698,100.33966434054055,102.06689399305198,108.74519562860438,107.09920231537703,115.19192069740748,101.95200674655813,93.12048862476608,89.34311850436741,93.12278398821513,101.7894612299094
120.0,120.0,120.0,120.0,120.0,120.0,120.0,120.0,120.0,120.0,9.332570620149667,86.74302723703379,111.29292363167885,94.83933923379146,96.82976570392698,100.33966434054055,102.06689399305198,108.74519562860438,107.09920231537703,115.19192069740748,101.95200674655813,93.12048862476608,89.34311850436741,93.12278398821513,101.7894612299094
120.0,120.0,120.0,120.0,120.0,120.0,120.0,120.0,120.0,120.0,9.332570620149667,86.74302723703379,111.29292363167885,94.83933923379146,96.82976570392698,100.33966434054055,102.06689399305198,108.74519562860438,107.09920231537703,115.19192069740748,101.95200674655813,93.12048862476608,89.34311850436741,93.12278398821513,101.7894612299094
120.0,120.0,120.0,120.0,120.0,120.0,120.0,120.0,120.0,120.0,9.332570620149667,86.74302723703379,111.29292363167885,94.83933923379146,96.82976570392698,100.33966434054055,102.06689399305198,108.74519562860438,107.09920231537703,115.19192069740748,101.95200674655813,93.12048862476608,89.34311850436741,93.12278398821513,101.7894612299094
120.0,120.0,120.0,120.0,120.0,120.0,120.0,120.0,120.0,120.0,28.648409019850657,95.59568100599361,113.67204941882243,113.80160789856389,113.68770874495618,113.47110467398275,113.26149079518927,113.14286091329426,113.04229815905656,112.03565344622434,98.49550944795061,96.27706579779084,94.09782723704787,95.06100187152998,101.90935330205612
120.0,120.0,120.0,120.0,120.0,120.0,120.0,120.0,120.0,120.0,28.648409019850657,95.59568100599361,113.67204941882243,113.80160789856389,113.68770874495618,113.47110467398275,113.26149079518927,113.14286091329426,113.04229815905656,112.03565344622434,98.49550944795061,96.27706579779084,94.09782723704787,95.06100187152998,101.90935330205612
120.0,120.0,120.0,120.0,120.0,120.0,120.0,120.0,120.0,120.0,28.648409019850657,95.59568100599361,113.67204941882243,113.80160789856389,113.68770874495618,113.47110467398275,113.26149079518927,113.14286091329426,113.04229815905656,112.03565344622434,98.49550944795061,96.27706579779084,94.09782723704787,95.06100187152998,101.90935330205612
120.0,120.0,120.0,120.0,120.0,120.0,120.0,120.0,120.0,120.0,28.648409019850657,95.59568100599361,113.67204941882243,113.80160789856389,113.68770874495618,113.47110467398275,113.26149079518927,113.14286091329426,113.04229815905656,112.03565344622434,98.49550944795061,96.27706579779084,94.09782723704787,95.06100187152998,101.90935330205612
120.0,120.0,120.0,120.0,120.0,120.0,120.0,120.0,120.0,120.0,28.648409019850657,95.59568100599361,113.67204941882243,113.80160789856389,113.68770874495618,113.47110467398275,113.26149079518927,113.14286091329426,113.04229815905656,112.03565344622434,98.49550944795061,96.27706579779084,94.09782723704787,95.06100187152998,101.90935330205612
120.0,120.0,120.0,120.0,120.0,120.0,120.0,120.0,120.0,120.0,28.648409019850657,95.59568100599361,113.67204941882243,113.80160789856389,113.68770874495618,113.47110467398275,113.26149079518927,113.14286091329426,113.04229815905656,112.03565344622434,98.49550944795061,96.27706579779084,94.09782723704787,95.06100187152998,101.90935330205612
120.0,120.0,120.0,120.0,120.0,120.0,120.0,120.0,120.0,120.0,28.648409019850657,95.59568100599361,113.67204941882243,113.80160789856389,113.68770874495618,113.47110467398275,113.26149079518927,113.14286091329426,113.04229815905656,112.03565344622434,98.49550944795061,96.27706579779084,94.09782723704787,95.06100187152998,101.90935330205612
120.0,120.0,120.0,120.0,120.0,120.0,120.0,120.0,120.0,120.0,28.648409019850657,95.59568100599361,113.67204941882243,113.80160789856389,113.68770874495618,113.47110467398275,113.26149079518927,113.14286091329426,113.04229815905656,112.03565344622434,98.49550944795061,96.27706579779084,94.09782723704787,95.06100187152998,101.90935330205612
120.0,120.0,120.0,120.0,120.0,120.0,120.0,120.0,120.0,120.0,28.648409019850657,95.59568100599361,113.67204941882243,113.80160789856389,113.68770874495618,113.47110467398275,113.26149079518927,113.14286091329426,113.04229815905656,112.03565344622434,98.49550944795061,96.27706579779084,94.09782723704787,95.06100187152998,101.90935330205612
120.0,120.0,120.0,120.0,120.0,120.0,120.0,120.0,120.0,120.0,28.648409019850657,95.59568100599361,113.67204941882243,113.80160789856389,113.68770874495618,113.47110467398275,113.26149079518927,113.14286091329426,113.04229815905656,112.03565344622434,98.49550944795061,96.27706579779084,94.09782723704787,95.06100187152998,101.90935330205612
120.0,120.0,120.0,120.0,120.0,120.0,120.0,120.0,120.0,120.0,28.648409019850657,95.59568100599361,113.67204941882243,113.80160789856389,113.68770874495618,113.47110467398275,113.26149079518927,113.14286091329426,113.04229815905656,112.03565344622434,98.49550944795061,96.27706579779084,94.09782723704787,95.06100187152998,101.90935330205612
120.0,120.0,120.0,120.0,120.0,120.0,120.0,120.0,120.0,120.0,28.648409019850657,95.59568100599361,113.67204941882243,113.80160789856389,113.68770874495618,113.47110467398275,113.26149079518927,113.14286091329426,113.04229815905656,112.03565344622434,98.49550944795061,96.27706579779084,94.09782723704787,95.06100187152998,101.90935330205612
120.0,120.0,120.0,120.0,120.0,120.0,120.0,120.0,120.0,120.0,55.335441089298065,114.63111855794556,106.23637759364514,106.27094803511707,106.18533864009005,105.84211422847757,105.0365609462871,114.92494469450202,114.64618382264963,96.0708181244923,94.5286852757516,89.27823279749185,89.59043345480457,94.02249913813147,102.18666477142096
120.0,120.0,120.0,120.0,120.0,120.0,120.0,120.0,120.0,120.0,55.335441089298065,114.63111855794556,106.23637759364514,106.27094803511707,106.18533864009005,105.84211422847757,105.0365609462871,114.92494469450202,114.64618382264963,96.0708181244923,94.5286852757516,89.27823279749185,89.59043345480457,94.02249913813147,102.18666477142096
120.0,120.0,120.0,120.0,120.0,120.0,120.0,120.0,120.0,120.0,55.335441089298065,114.63111855794556,106.23637759364514,106.27094803511707,106.18533864009005,105.84211422847757,105.0365609462871,114.92494469450202,114.64618382264963,96.0708181244923,94.5286852757516,89.27823279749185,89.59043345480457,94.02249913813147,102.18666477142096
120.0,120.0,120.0,120.0,120.0,120.0,120.0,120.0,120.0,120.0,55.335441089298065,114.63111855794556,106.23637759364514,106.27094803511707,106.18533864009005,105.84211422847757,105.0365609462871,114.92494469450202,114.64618382264963,96.0708181244923,94.5286852757516,89.27823279749185,89.59043345480457,94.02249913813147,102.18666477142096
120.0,120.0,120.0,120.0,120.0,120.0,120.0,120.0,120.0,120.0,55.335441089298065,114.63111855794556,106.23637759364514,106.27094803511707,106.18533864009005,105.84211422847757,105.0365609462871,114.92494469450202,114.64618382264963,96.0708181244923,94.5286852757516,89.27823279749185,89.59043345480457,94.02249913813147,102.18666477142096
120.0,120.0,120.0,120.0,120.0,120.0,120.0,120.0,120.0,120.0,55.335441089298065,114.63111855794556,106.23637759364514,106.27094803511707,106.18533864009005,105.84211422847757,105.0365609462871,114.92494469450202,114.64618382264963,96.0708181244923,94.5286852757516,89.27823279749185,89.59043345480457,94.02249913813147,102.18666477142096
120.0,120.0,120.0,120.0,120.0,120.0,120.0,120.0,120.0,120.0,55.335441089298065,114.63111855794556,106.23637759364514,106.27094803511707,106.18533864009005,105.84211422847757,105.0365609462871,114.92494469450202,114.64618382264963,96.0708181244923,94.5286852757516,89.27823279749185,89.59043345480457,94.02249913813147,102.18666477142096
120.0,120.0,120.0,120.0,120.0,120.0,120.0,120.0,120.0,120.0,55.335441089298065,114.63111855794556,106.23637759364514,106.27094803511707,106.18533864009005,105.84211422847757,105.0365609462871,114.92494469450202,114.64618382264963,96.0708181244923,94.5286852757516,89.27823279749185,89.59043345480457,94.02249913813147,102.18666477142096
120.0,120.0,120.0,120.0,120.0,120.0,120.0,120.0,120.0,120.0,55.335441089298065,114.63111855794556,106.23637759364514,106.27094803511707,106.18533864009005,105.84211422847757,105.0365609462871,114.92494469450202,114.64618382264963,96.0708181244923,94.5286852757516,89.27823279749185,89.59043345480457,94.02249913813147,102.18666477142096
120.0,120.0,120.0,120.0,120.0,120.0,120.0,120.0,120.0,120.0,55.335441089298065,114.63111855794556,106.23637759364514,106.27094803511707,106.18533864009005,105.84211422847757,105.0365609462871,114.92494469450202,114.64618382264963,96.0708181244923,94.5286852757516,89.27823279749185,89.59043345480457,94.02249913813147,102.18666477142096
120.0,120.0,120.0,120.0,120.0,120.0,120.0,120.0,120.0,120.0,55.335441089298065,114.63111855794556,106.23637759364514,106.27094803511707,106.18533864009005,105.84211422847757,105.0365609462871,114.92494469450202,114.64618382264963,96.0708181244923,94.5286852757516,89.27823279749185,89.59043345480457,94.02249913813147,102.18666477142096
120.0,120.0,120.0,120.0,120.0,120.0,120.0,120.0,120.0,120.0,55.335441089298065,114.63111855794556,106.23637759364514,106.27094803511707,106.18533864009005,105.84211422847757,105.0365609462871,114.92494469450202,114.64618382264963,96.0708181244923,94.5286852757516,89.27823279749185,89.59043345480457,94.02249913813147,102.18666477142096
120.0,120.0,120.0,120.0,120.0,120.0,120.0,120.0,120.0,120.0,115.80391345018501,115.69506319301699,115.63971744008406,115.60582110536681,115.56924333781676,115.55628521314785,115.53888326796081,115.47824199121655,115.39643053797545,100.85845383086894,99.67281692998846,92.10582197932821,88.85066659125016,92.55476515166148,101.46642714228263
120.0,120.0,120.0,120.0,120.0,120.0,120.0,120.0,120.0,120.0,115.80391345018501,115.69506319301699,115.63971744008406,115.60582110536681,115.56924333781676,115.55628521314785,115.53888326796081,115.47824199121655,115.39643053797545,100.85845383086894,99.67281692998846,92.10582197932821,88.85066659125016,92.55476515166148,101.46642714228263
120.0,120.0,120.0,120.0,120.0,120.0,120.0,120.0,120.0,120.0,115.80391345018501,115.69506319301699,115.63971744008406,115.60582110536681,115.56924333781676,115.55628521314785,115.53888326796081,115.47824199121655,115.39643053797545,100.85845383086894,99.67281692998846,92.10582197932821,88.85066659125016,92.55476515166148,101.46642714228263
120.0,120.0,120.0,120.0,120.0,120.0,120.0,120.0,120.0,120.0,115.80391345018501,115.69506319301699,115.63971744008406,115.60582110536681,115.56924333781676,115.55628521314785,115.53888326796081,115.47824199121655,115.39643053797545,100.85845383086894,99.67281692998846,92.10582197932821,88.85066659125016,92.55476515166148,101.46642714228263
120.0,120.0,120.0,120.0,120.0,120.0,120.0,120.0,120.0,120.0,115.80391345018501,115.69506319301699,115.63971744008406,115.60582110536681,115.56924333781676,115.55628521314785,115.53888326796081,115.47824199121655,115.39643053797545,100.85845383086894,99.67281692998846,92.10582197932821,88.85066659125016,92.55476515166148,101.46642714228263
120.0,120.0,120.0,120.0,120.0,120.0,120.0,120.0,120.0,120.0,115.80391345018501,115.69506319301699,115.63971744008406,115.60582110536681,115.56924333781676,115.55628521314785,115.53888326796081,115.47824199121655,115.39643053797545,100.85845383086894,99.67281692998846,92.10582197932821,88.85066659125016,92.55476515166148,101.46642714228263
120.0,120.0,120.0,120.0,120.0,120.0,120.0,120.0,120.0,120.0,115.80391345018501,115.69506319301699,115.63971744008406,115.60582110536681,115.56924333781676,115.55628521314785,115.53888326796081,115.47824199121655,115.39643053797545,100.85845383086894,99.67281692998846,92.10582197932821,88.85066659125016,92.55476515166148,101.46642714228263
120.0,120.0,120.0,120.0,120.0,120.0,120.0,120.0,120.0,120.0,115.80391345018501,115.69506319301699,115.63971744008406,115.60582110536681,115.56924333781676,115.55628521314785,115.53888326796081,115.47824199121655,115.39643053797545,100.85845383086894,99.67281692998846,92.10582197932821,88.85066659125016,92.55476515166148,101.46642714228263
120.0,120.0,120.0,120.0,120.0,120.0,120.0,120.0,120.0,120.0,115.80391345018501,115.69506319301699,115.63971744008406,115.60582110536681,115.56924333781676,115.55628521314785,115.53888326796081,115.47824199121655,115.39643053797545,100.85845383086894,99.67281692998846,92.10582197932821,88.85066659125016,92.55476515166148,101.46642714228263
120.0,120.0,120.0,120.0,120.0,120.0,120.0,120.0,120.0,120.0,115.80391345018501,115.69506319301699,115.63971744008406,115.60582110536681,115.56924333781676,115.55628521314785,115.53888326796081,115.47824199121655,115.39643053797545,100.85845383086894,99.67281692998846,92.10582197932821,88.85066659125016,92.55476515166148,101.46642714228263
120.0,120.0,120.0,120.0,120.0,120.0,120.0,120.0,120.0,120.0,115.80391345018501,115.69506319301699,115.63971744008406,115.60582110536681,115.56924333781676,115.55628521314785,115.53888326796081,115.47824199121655,115.39643053797545,100.85845383086894,99.67281692998846,92.10582197932821,88.85066659125016,92.55476515166148,101.46642714228263
120.0,120.0,120.0,120.0,120.0,120.0,120.0,120.0,120.0,120.0,115.80391345018501,115.69506319301699,115.63971744008406,115.60582110536681,115.56924333781676,115.55628521314785,115.53888326796081,115.47824199121655,115.39643053797545,100.85845383086894,99.67281692998846,92.10582197932821,88.85066659125016,92.55476515166148,101.46642714228263
120.0,120.0,120.0,120.0,120.0,120.0,120.0,120.0,120.0,120.0,108.55070782735196,108.55052189084203,108.54960676498314,108.55046190731825,116.0568516935584,116.0066976131499,115.9424833680853,115.8865298259529,115.7139753524909,101.81077158610705,103.44195624808158,98.20960437774234,93.46042791921164,93.99947451113485,101.46348688575573
120.0,120.0,120.0,120.0,120.0,120.0,120.0,120.0,120.0,120.0,108.55070782735196,108.55052189084203,108.54960676498314,108.55046190731825,116.0568516935584,116.0066976131499,115.9424833680853,115.8865298259529,115.7139753524909,101.81077158610705,103.44195624808158,98.20960437774234,93.46042791921164,93.99947451113485,101.46348688575573
120.0,120.0,120.0,120.0,120.0,120.0,120.0,120.0,120.0,120.0,108.55070782735196,108.55052189084203,108.54960676498314,108.55046190731825,116.0568516935584,116.0066976131499,115.9424833680853,115.8865298259529,115.7139753524909,101.81077158610705,103.44195624808158,98.20960437774234,93.46042791921164,93.99947451113485,101.46348688575573
120.0,120.0,120.0,120.0,120.0,120.0,120.0,120.0,120.0,120.0,108.55070782735196,108.55052189084203,108.54960676498314,108.55046190731825,116.0568516935584,116.0066976131499,115.9424833680853,115.8865298259529,115.7139753524909,101.81077158610705,103.44195624808158,98.20960437774234,93.46042791921164,93.99947451113485,101.46348688575573
120.0,120.0,120.0,120.0,120.0,120.0,120.0,120.0,120.0,120.0,108.55070782735196,108.55052189084203,108.54960676498314,108.55046190731825,116.0568516935584,116.0066976131499,115.9424833680853,115.8865298259529,115.7139753524909,101.81077158610705,103.44195624808158,98.20960437774234,93.46042791921164,93.99947451113485,101.46348688575573
120.0,120.0,120.0,120.0,120.0,120.0,120.0,120.0,120.0,120.0,108.55070782735196,108.55052189084203,108.54960676498314,108.55046190731825,116.0568516935584,116.0066976131499,115.9424833680853,115.8865298259529,115.7139753524909,101.81077158610705,103.44195624808158,98.20960437774234,93.46042791921164,93.99947451113485,101.46348688575573
120.0,120.0,120.0,120.0,120.0,120.0,120.0,120.0,120.0,120.0,108.55070782735196,108.55052189084203,108.54960676498314,108.55046190731825,116.0568516935584,116.0066976131499,115.9424833680853,115.8865298259529,115.7139753524909,101.81077158610705,103.44195624808158,98.20960437774234,93.46042791921164,93.99947451113485,101.46348688575573
120.0,120.0,120.0,120.0,120.0,120.0,120.0,120.0,120.0,120.0,108.55070782735196,108.55052189084203,108.54960676498314,108.55046190731825,116.0568516935584,116.0066976131499,115.9424833680853,115.8865298259529,115.7139753524909,101.81077158610705,103.44195624808158,98.20960437774234,93.46042791921164,93.99947451113485,101.46348688575573
120.0,120.0,120.0,120.0,120.0,120.0,120.0,120.0,120.0,120.0,108.55070782735196,108.55052189084203,108.54960676498314,108.55046190731825,116.0568516935584,116.0066976131499,115.9424833680853,115.8865298259529,115.7139753524909,101.81077158610705,103.44195624808158,98.20960437774234,93.46042791921164,93.99947451113485,101.46348688575573
120.0,120.0,120.0,120.0,120.0,120.0,120.0,120.0,120.0,120.0,108.55070782735196,108.55052189084203,108.54960676498314,108.55046190731825,116.0568516935584,116.0066976131499,115.9424833680853,115.8865298259529,115.7139753524909,101.81077158610705,103.44195624808158,98.20960437774234,93.46042791921164,93.99947451113485,101.46348688575573
120.0,120.0,120.0,120.0,120.0,120.0,120.0,120.0,120.0,120.0,108.55070782735196,108.55052189084203,108.54960676498314,108.55046190731825,116.0568516935584,116.0066976131499,115.9424833680853,115.8865298259529,115.7139753524909,101.81077158610705,103.44195624808158,98.20960437774234,93.46042791921164,93.99947451113485,101.46348688575573
120.0,120.0,120.0,120.0,120.0,120.0,120.0,120.0,120.0,120.0,108.55070782735196,108.55052189084203,108.54960676498314,108.55046190731825,116.0568516935584,116.0066976131499,115.9424833680853,115.8865298259529,115.7139753524909,101.81077158610705,103.44195624808158,98.20960437774234,93.46042791921164,93.99947451113485,101.46348688575573
120.0,120.0,120.0,120.0,120.0,120.0,120.0,120.0,120.0,120.0,108.55173434486099,108.55173637422473,108.55159375254009,108.55151553973724,108.5509840273636,108.54969568933286,116.09166283652647,116.0875825202785,116.04778908129958,106.0997754667644,106.69610453512492,104.07623978731459,100.87137405858465,99.38931622296346,103.57856970042164
120.0,120.0,120.0,120.0,120.0,120.0,120.0,120.0,120.0,120.0,108.55173434486099,108.55173637422473,108.55159375254009,108.55151553973724,108.5509840273636,108.54969568933286,116.09166283652647,116.0875825202785,116.04778908129958,106.0997754667644,106.69610453512492,104.07623978731459,100.87137405858465,99.38931622296346,103.57856970042164
120.0,120.0,120.0,120.0,120.0,120.0,120.0,120.0,120.0,120.0,108.55173434486099,108.55173637422473,108.55159375254009,108.55151553973724,108.5509840273636,108.54969568933286,116.09166283652647,116.0875825202785,116.04778908129958,106.0997754667644,106.69610453512492,104.07623978731459,100.87137405858465,99.38931622296346,103.57856970042164
120.0,120.0,120.0,120.0,120.0,120.0,120.0,120.0,120.0,120.0,108.55173434486099,108.55173637422473,108.55159375254009,108.55151553973724,108.5509840273636,108.54969568933286,116.09166283652647,116.0875825202785,116.04778908129958,106.0997754667644,106.69610453512492,104.07623978731459,100.87137405858465,99.38931622296346,103.57856970042164
120.0,120.0,120.0,120.0,120.0,120.0,120.0,120.0,120.0,120.0,108.55173434486099,108.55173637422473,108.55159375254009,108.55151553973724,108.5509840273636,108.54969568933286,116.09166283652647,116.0875825202785,116.04778908129958,106.0997754667644,106.69610453512492,104.07623978731459,100.87137405858465,99.38931622296346,103.57856970042164
120.0,120.0,120.0,120.0,120.0,120.0,120.0,120.0,120.0,120.0,108.55173434486099,108.55173637422473,108.55159375254009,108.55151553973724,108.5509840273636,108.54969568933286,116.09166283652647,116.0875825202785,116.04778908129958,106.0997754667644,106.69610453512492,104.07623978731459,100.87137405858465,99.38931622296346,103.57856970042164
120.0,120.0,120.0,120.0,120.0,120.0,120.0,120.0,120.0,120.0,108.55173434486099,108.55173637422473,108.55159375254009,108.55151553973724,108.5509840273636,108.54969568933286,116.09166283652647,116.0875825202785,116.04778908129958,106.0997754667644,106.69610453512492,104.07623978731459,100.87137405858465,99.38931622296346,103.57856970042164
120.0,120.0,120.0,120.0,120.0,120.0,120.0,120.0,120.0,120.0,108.55173434486099,108.55173637422473,108.55159375254009,108.55151553973724,108.5509840273636,108.54969568933286,116.09166283652647,116.0875825202785,116.04778908129958,106.0997754667644,106.69610453512492,104.07623978731459,100.87137405858465,99.38931622296346,103.57856970042164
120.0,120.0,120.0,120.0,120.0,120.0,120.0,120.0,120.0,120.0,108.55173434486099,108.55173637422473,108.55159375254009,108.55151553973724,108.5509840273636,108.54969568933286,116.09166283652647,116.0875825202785,116.04778908129958,106.0997754667644,106.69610453512492,104.07623978731459,100.87137405858465,99.38931622296346,103.57856970042164
120.0,120.0,120.0,120.0,120.0,120.0,120.0,120.0,120.0,120.0,108.55173434486099,108.55173637422473,108.55159375254009,108.55151553973724,108.5509840273636,108.54969568933286,116.09166283652647,116.0875825202785,116.04778908129958,106.0997754667644,106.69610453512492,104.07623978731459,100.87137405858465,99.38931622296346,103.57856970042164
120.0,120.0,120.0,120.0,120.0,120.0,120.0,120.0,120.0,120.0,108.55173434486099,108.55173637422473,108.55159375254009,108.55151553973724,108.5509840273636,108.54969568933286,116.09166283652647,116.0875825202785,116.04778908129958,106.0997754667644,106.69610453512492,104.07623978731459,100.87137405858465,99.38931622296346,103.57856970042164
120.0,120.0,120.0,120.0,120.0,120.0,120.0,120.0,120.0,120.0,108.55173434486099,108.55173637422473,108.55159375254009,108.55151553973724,108.5509840273636,108.54969568933286,116.09166283652647,116.0875825202785,116.04778908129958,106.0997754667644,106.69610453512492,104.07623978731459,100.87137405858465,99.38931622296346,103.57856970042164
120.0,120.0,120.0,120.0,120.0,120.0,120.0,120.0,120.0,120.0,108.55117707822339,108.55120909280822,108.55123423594549,108.55126558761253,108.55127961276675,116.09324956142177,116.09169807097359,116.08946760304585,108.46742590349389,107.06449265431043,85.45601552118048,106.48621926048227,105.32690317357896,104.72708167481142,107.0759999043277
120.0,120.0,120.0,120.0,120.0,120.0,120.0,120.0,120.0,120.0,108.55117707822339,108.55120909280822,108.55123423594549,108.55126558761253,108.55127961276675,116.09324956142177,116.09169807097359,116.08946760304585,108.46742590349389,107.06449265431043,85.45601552118048,106.48621926048227,105.32690317357896,104.72708167481142,107.0759999043277
120.0,120.0,120.0,120.0,120.0,120.0,120.0,120.0,120.0,120.0,108.55117707822339,108.55120909280822,108.55123423594549,108.55126558761253,108.55127961276675,116.09324956142177,116.09169807097359,116.08946760304585,108.46742590349389,107.06449265431043,85.45601552118048,106.48621926048227,105.32690317357896,104.72708167481142,107.0759999043277
120.0,120.0,120.0,120.0,120.0,120.0,120.0,120.0,120.0,120.0,108.55117707822339,108.55120909280822,108.55123423594549,108.55126558761253,108.55127961276675,116.09324956142177,116.09169807097359,116.08946760304585,108.46742590349389,107.06449265431043,85.45601552118048,106.48621926048227,105.32690317357896,104.72708167481142,107.0759999043277
120.0,120.0,120.0,120.0,120.0,120.0,120.0,120.0,120.0,120.0,108.55117707822339,108.55120909280822,108.55123423594549,108.55126558761253,108.55127961276675,116.09324956142177,116.09169807097359,116.08946760304585,108.46742590349389,107.06449265431043,85.45601552118048,106.48621926048227,105.32690317357896,104.72708167481142,107.0759999043277
120.0,120.0,120.0,120.0,120.0,120.0,120.0,120.0,120.0,120.0,108.55117707822339,108.55120909280822,108.55123423594549,108.55126558761253,108.55127961276675,116.09324956142177,116.09169807097359,116.08946760304585,108.46742590349389,107.06449265431043,85.45601552118048,106.48621926048227,105.32690317357896,104.72708167481142,107.0759999043277
120.0,120.0,120.0,120.0,120.0,120.0,120.0,120.0,120.0,120.0,108.55117707822339,108.55120909280822,108.55123423594549,108.55126558761253,108.55127961276675,116.09324956142177,116.09169807097359,116.08946760304585,108.46742590349389,107.06449265431043,85.45601552118048,106.48621926048227,105.32690317357896,104.72708167481142,107.0759999043277
120.0,120.0,120.0,120.0,120.0,120.0,120.0,120.0,120.0,120.0,108.55117707822339,108.55120909280822,108.55123423594549,108.55126558761253,108.55127961276675,116.09324956142177,116.09169807097359,116.08946760304585,108.46742590349389,107.06449265431043,85.45601552118048,106.48621926048227,105.32690317357896,104.72708167481142,107.0759999043277
120.0,120.0,120.0,120.0,120.0,120.0,120.0,120.0,120.0,120.0,108.55117707822339,108.55120909280822,108.55123423594549,108.55126558761253,108.55127961276675,116.09324956142177,116.09169807097359,116.08946760304585,108.46742590349389,107.06449265431043,85.45601552118048,106.48621926048227,105.32690317357896,104.72708167481142,107.0759999043277
120.0,120.0,120.0,120.0,120.0,120.0,120.0,120.0,120.0,120.0,108.55117707822339,108.55120909280822,108.55123423594549,108.55126558761253,108.55127961276675,116.09324956142177,116.09169807097359,116.08946760304585,108.46742590349389,107.06449265431043,85.45601552118048,106.48621926048227,105.32690317357896,104.72708167481142,107.0759999043277
120.0,120.0,120.0,120.0,120.0,120.0,120.0,120.0,120.0,120.0,108.55117707822339,108.55120909280822,108.55123423594549,108.55126558761253,108.55127961276675,116.09324956142177,116.09169807097359,116.08946760304585,108.46742590349389,107.06449265431043,85.45601552118048,106.48621926048227,105.32690317357896,104.72708167481142,107.0759999043277
120.0,120.0,120.0,120.0,120.0,120.0,120.0,120.0,120.0,120.0,108.55117707822339,108.55120909280822,108.55123423594549,108.55126558761253,108.55127961276675,116.09324956142177,116.09169807097359,116.08946760304585,108.46742590349389,107.06449265431043,85.45601552118048,106.48621926048227,105.32690317357896,104.72708167481142,107.0759999043277
120.0,120.0,120.0,120.0,120.0,120.0,120.0,120.0,120.0,120.0,117.7816140050345,117.72237841402237,117.69079894721115,108.55124378053054,117.6933533323388,117.7056675094317,117.72484497372108,117.7406143663325,117.73134865810461,107.20439091140116,86.14159657049287,106.34253365506206,103.02375474299042,102.20193147439802,106.89715513359215
120.0,120.0,120.0,120.0,120.0,120.0,120.0,120.0,120.0,120.0,117.7816140050345,117.72237841402237,117.69079894721115,108.55124378053054,117.6933533323388,117.7056675094317,117.72484497372108,117.7406143663325,117.73134865810461,107.20439091140116,86.14159657049287,106.34253365506206,103.02375474299042,102.20193147439802,106.89715513359215
120.0,120.0,120.0,120.0,120.0,120.0,120.0,120.0,120.0,120.0,117.7816140050345,117.72237841402237,117.69079894721115,108.55124378053054,117.6933533323388,117.7056675094317,117.72484497372108,117.7406143663325,117.73134865810461,107.20439091140116,86.14159657049287,106.34253365506206,103.02375474299042,102.20193147439802,106.89715513359215
120.0,120.0,120.0,120.0,120.0,120.0,120.0,120.0,120.0,120.0,117.7816140050345,117.72237841402237,117.69079894721115,108.55124378053054,117.6933533323388,117.7056675094317,117.72484497372108,117.7406143663325,117.73134865810461,107.20439091140116,86.14159657049287,106.34253365506206,103.02375474299042,102.20193147439802,106.89715513359215
120.0,120.0,120.0,120.0,120.0,120.0,120.0,120.0,120.0,120.0,117.7816140050345,117.72237841402237,117.69079894721115,108.55124378053054,117.6933533323388,117.7056675094317,117.72484497372108,117.7406143663325,117.73134865810461,107.20439091140116,86.14159657049287,106.34253365506206,103.02375474299042,102.20193147439802,106.89715513359215
120.0,120.0,120.0,120.0,120.0,120.0,120.0,120.0,120.0,120.0,117.7816140050345,117.72237841402237,117.69079894721115,108.55124378053054,117.6933533323388,117.7056675094317,117.72484497372108,117.7406143663325,117.73134865810461,107.20439091140116,86.14159657049287,106.34253365506206,103.02375474299042,102.20193147439802,106.89715513359215
120.0,120.0,120.0,120.0,120.0,120.0,120.0,120.0,120.0,120.0,117.7816140050345,117.72237841402237,117.69079894721115,108.55124378053054,117.6933533323388,117.7056675094317,117.72484497372108,117.7406143663325,117.73134865810461,107.20439091140116,86.14159657049287,106.34253365506206,103.02375474299042,102.20193147439802,106.89715513359215
120.0,120.0,120.0,120.0,120.0,120.0,120.0,120.0,120.0,120.0,117.7816140050345,117.72237841402237,117.69079894721115,108.55124378053054,117.6933533323388,117.7056675094317,117.72484497372108,117.7406143663325,117.73134865810461,107.20439091140116,86.14159657049287,106.34253365506206,103.02375474299042,102.20193147439802,106.89715513359215
120.0,120.0,120.0,120.0,120.0,120.0,120.0,120.0,120.0,120.0,117.7816140050345,117.72237841402237,117.69079894721115,108.55124378053054,117.6933533323388,117.7056675094317,117.72484497372108,117.7406143663325,117.73134865810461,107.20439091140116,86.14159657049287,106.34253365506206,103.02375474299042,102.20193147439802,106.89715513359215
120.0,120.0,120.0,120.0,120.0,120.0,120.0,120.0,120.0,120.0,117.7816140050345,117.72237841402237,117.69079894721115,108.55124378053054,117.6933533323388,117.7056675094317,117.72484497372108,117.7406143663325,117.73134865810461,107.20439091140116,86.14159657049287,106.34253365506206,103.02375474299042,102.20193147439802,106.89715513359215
120.0,120.0,120.0,120.0,120.0,120.0,120.0,120.0,120.0,120.0,117.7816140050345,117.72237841402237,117.69079894721115,108.55124378053054,117.6933533323388,117.7056675094317,117.72484497372108,117.7406143663325,117.73134865810461,107.20439091140116,86.14159657049287,106.34253365506206,103.02375474299042,102.20193147439802,106.89715513359215
120.0,120.0,120.0,120.0,120.0,120.0,120.0,120.0,120.0,120.0,117.7816140050345,117.72237841402237,117.69079894721115,108.55124378053054,117.6933533323388,117.7056675094317,117.72484497372108,117.7406143663325,117.73134865810461,107.20439091140116,86.14159657049287,106.34253365506206,103.02375474299042,102.20193147439802,106.89715513359215
120.0,120.0,120.0,120.0,120.0,120.0,120.0,120.0,120.0,120.0,118.00618246098634,117.9917979910759,117.98575809718223,117.9834939889366,117.98107146264378,117.98013023408986,117.97898119211537,117.97314022359771,117.93687763016881,117.48770560655727,109.71816295107828,108.90040583233007,108.40610836702757,108.51471124291315,110.75996413308219
120.0,120.0,120.0,120.0,120.0,120.0,120.0,120.0,120.0,120.0,118.00618246098634,117.9917979910759,117.98575809718223,117.9834939889366,117.98107146264378,117.98013023408986,117.97898119211537,117.97314022359771,117.93687763016881,117.48770560655727,109.71816295107828,108.90040583233007,108.40610836702757,108.51471124291315,110.75996413308219
120.0,120.0,120.0,120.0,120.0,120.0,120.0,120.0,120.0,120.0,118.00618246098634,117.9917979910759,117.98575809718223,117.9834939889366,117.98107146264378,117.98013023408986,117.97898119211537,117.97314022359771,117.93687763016881,117.48770560655727,109.71816295107828,108.90040583233007,108.40610836702757,108.51471124291315,110.75996413308219
120.0,120.0,120.0,120.0,120.0,120.0,120.0,120.0,120.0,120.0,118.00618246098634,117.9917979910759,117.98575809718223,117.9834939889366,117.98107146264378,117.98013023408986,117.97898119211537,117.97314022359771,117.93687763016881,117.48770560655727,109.71816295107828,108.90040583233007,108.40610836702757,108.51471124291315,110.75996413308219
120.0,120.0,120.0,120.0,120.0,120.0,120.0,120.0,120.0,120.0,118.00618246098634,117.9917979910759,117.98575809718223,117.9834939889366,117.98107146264378,117.98013023408986,117.97898119211537,117.97314022359771,117.93687763016881,117.48770560655727,109.71816295107828,108.90040583233007,108.40610836702757,108.51471124291315,110.75996413308219
120.0,120.0,120.0,120.0,120.0,120.0,120.0,120.0,120.0,120.0,118.00618246098634,117.9917979910759,117.98575809718223,117.9834939889366,117.98107146264378,117.98013023408986,117.97898119211537,117.97314022359771,117.93687763016881,117.48770560655727,109.71816295107828,108.90040583233007,108.40610836702757,108.51471124291315,110.75996413308219
120.0,120.0,120.0,120.0,120.0,120.0,120.0,120.0,120.0,120.0,118.00618246098634,117.9917979910759,117.98575809718223,117.9834939889366,117.98107146264378,117.98013023408986,117.97898119211537,117.97314022359771,117.93687763016881,117.48770560655727,109.71816295107828,108.90040583233007,108.40610836702757,108.51471124291315,110.75996413308219
120.0,120.0,120.0,120.0,120.0,120.0,120.0,120.0,120.0,120.0,118.00618246098634,117.9917979910759,117.98575809718223,117.9834939889366,117.98107146264378,117.98013023408986,117.97898119211537,117.97314022359771,117.93687763016881,117.48770560655727,109.71816295107828,108.90040583233007,108.40610836702757,108.51471124291315,110.75996413308219
120.0,120.0,120.0,120.0,120.0,120.0,120.0,120.0,120.0,120.0,118.00618246098634,117.9917979910759,117.98575809718223,117.9834939889366,117.98107146264378,117.98013023408986,117.97898119211537,117.97314022359771,117.93687763016881,117.48770560655727,109.71816295107828,108.90040583233007,108.40610836702757,108.51471124291315,110.75996413308219
120.0,120.0,120.0,120.0,120.0,120.0,120.0,120.0,120.0,120.0,118.00618246098634,117.9917979910759,117.98575809718223,117.9834939889366,117.98107146264378,117.98013023408986,117.97898119211537,117.97314022359771,117.93687763016881,117.48770560655727,109.71816295107828,108.90040583233007,108.40610836702757,108.51471124291315,110.75996413308219
120.0,120.0,120.0,120.0,120.0,120.0,120.0,120.0,120.0,120.0,118.00618246098634,117.9917979910759,117.98575809718223,117.9834939889366,117.98107146264378,117.98013023408986,117.97898119211537,117.97314022359771,117.93687763016881,117.48770560655727,109.71816295107828,108.90040583233007,108.40610836702757,108.51471124291315,110.75996413308219
120.0,120.0,120.0,120.0,120.0,120.0,120.0,120.0,120.0,120.0,118.00618246098634,117.9917979910759,117.98575809718223,117.9834939889366,117.98107146264378,117.98013023408986,117.97898119211537,117.97314022359771,117.93687763016881,117.48770560655727,109.71816295107828,108.90040583233007,108.40610836702757,108.51471124291315,110.75996413308219
120.0,120.0,120.0,120.0,120.0,120.0,120.0,120.0,120.0,120.0,108.55116850229331,108.55120251204906,108.55123450514827,108.55127536285472,116.093845794069,116.09384679611823,116.09376942155801,116.09236587370272,116.06772598219067,115.63291413180261,86.44896837019655,84.42176021102469,106.54483142336576,106.61219820131312,108.74532781141966
120.0,120.0,120.0,120.0,120.0,120.0,120.0,120.0,120.0,120.0,108.55116850229331,108.55120251204906,108.55123450514827,108.55127536285472,116.093845794069,116.09384679611823,116.09376942155801,116.09236587370272,116.06772598219067,115.63291413180261,86.44896837019655,84.42176021102469,106.54483142336576,106.61219820131312,108.74532781141966
120.0,120.0,120.0,120.0,120.0,120.0,120.0,120.0,120.0,120.0,108.55116850229331,108.55120251204906,108.55123450514827,108.55127536285472,116.093845794069,116.09384679611823,116.09376942155801,116.09236587370272,116.06772598219067,115.63291413180261,86.44896837019655,84.42176021102469,106.54483142336576,106.61219820131312,108.74532781141966
120.0,120.0,120.0,120.0,120.0,120.0,120.0,120.0,120.0,120.0,108.55116850229331,108.55120251204906,108.55123450514827,108.55127536285472,116.093845794069,116.09384679611823,116.09376942155801,116.09236587370272,116.06772598219067,115.63291413180261,86.44896837019655,84.42176021102469,106.54483142336576,106.61219820131312,108.74532781141966
120.0,120.0,120.0,120.0,120.0,120.0,120.0,120.0,120.0,120.0,108.55116850229331,108.55120251204906,108.55123450514827,108.55127536285472,116.093845794069,116.09384679611823,116.09376942155801,116.09236587370272,116.06772598219067,115.63291413180261,86.44896837019655,84.42176021102469,106.54483142336576,106.61219820131312,108.74532781141966
120.0,120.0,120.0,120.0,120.0,120.0,120.0,120.0,120.0,120.0,108.55116850229331,108.55120251204906,108.55123450514827,108.55127536285472,116.093845794069,116.09384679611823,116.09376942155801,116.09236587370272,116.06772598219067,115.63291413180261,86.44896837019655,84.42176021102469,106.54483142336576,106.61219820131312,108.74532781141966
120.0,120.0,120.0,120.0,120.0,120.0,120.0,120.0,120.0,120.0,108.55116850229331,108.55120251204906,108.55123450514827,108.55127536285472,116.093845794069,116.09384679611823,116.09376942155801,116.09236587370272,116.06772598219067,115.63291413180261,86.44896837019655,84.42176021102469,106.54483142336576,106.61219820131312,108.74532781141966
120.0,120.0,120.0,120.0,120.0,120.0,120.0,120.0,120.0,120.0,108.55116850229331,108.55120251204906,108.55123450514827,108.55127536285472,116.093845794069,116.09384679611823,116.09376942155801,116.09236587370272,116.06772598219067,115.63291413180261,86.44896837019655,84.42176021102469,106.54483142336576,106.61219820131312,108.74532781141966
120.0,120.0,120.0,120.0,120.0,120.0,120.0,120.0,120.0,120.0,108.55116850229331,108.55120251204906,108.55123450514827,108.55127536285472,116.093845794069,116.09384679611823,116.09376942155801,116.09236587370272,116.06772598219067,115.63291413180261,86.44896837019655,84.42176021102469,106.54483142336576,106.61219820131312,108.74532781141966
120.0,120.0,120.0,120.0,120.0,120.0,120.0,120.0,120.0,120.0,108.55116850229331,108.55120251204906,108.55123450514827,108.55127536285472,116.093845794069,116.09384679611823,116.09376942155801,116.09236587370272,116.06772598219067,115.63291413180261,86.44896837019655,84.42176021102469,106.54483142336576,106.61219820131312,108.74532781141966
120.0,120.0,120.0,120.0,120.0,120.0,120.0,120.0,120.0,120.0,108.55116850229331,108.55120251204906,108.55123450514827,108.55127536285472,116.093845794069,116.09384679611823,116.09376942155801,116.09236587370272,116.06772598219067,115.63291413180261,86.44896837019655,84.42176021102469,106.54483142336576,106.61219820131312,108.74532781141966
120.0,120.0,120.0,120.0,120.0,120.0,120.0,120.0,120.0,120.0,108.55116850229331,108.55120251204906,108.55123450514827,108.55127536285472,116.093845794069,116.09384679611823,116.09376942155801,116.09236587370272,116.06772598219067,115.63291413180261,86.44896837019655,84.42176021102469,106.54483142336576,106.61219820131312,108.74532781141966
120.0,120.0,120.0,120.0,120.0,120.0,120.0,120.0,120.0,120.0,108.55114471772443,108.55116891711911,108.55119127818644,108.5512121958083,108.55124962883275,108.55127037010426,116.09336702682174,116.09153551860267,116.066794578392,115.63198312642405,107.86225640166847,84.43427892352197,106.55012138025423,106.62099142333837,108.75378292019387
120.0,120.0,120.0,120.0,120.0,120.0,120.0,120.0,120.0,120.0,108.55114471772443,108.55116891711911,108.55119127818644,108.5512121958083,108.55124962883275,108.55127037010426,116.09336702682174,116.09153551860267,116.066794578392,115.63198312642405,107.86225640166847,84.43427892352197,106.55012138025423,106.62099142333837,108.75378292019387
120.0,120.0,120.0,120.0,120.0,120.0,120.0,120.0,120.0,120.0,108.55114471772443,108.55116891711911,108.55119127818644,108.5512121958083,108.55124962883275,108.55127037010426,116.09336702682174,116.09153551860267,116.066794578392,115.63198312642405,107.86225640166847,84.43427892352197,106.55012138025423,106.62099142333837,108.75378292019387
120.0,120.0,120.0,120.0,120.0,120.0,120.0,120.0,120.0,120.0,108.55114471772443,108.55116891711911,108.55119127818644,108.5512121958083,108.55124962883275,108.55127037010426,116.09336702682174,116.09153551860267,116.066794578392,115.63198312642405,107.86225640166847,84.43427892352197,106.55012138025423,106.62099142333837,108.75378292019387
120.0,120.0,120.0,120.0,120.0,120.0,120.0,120.0,120.0,120.0,108.55114471772443,108.55116891711911,108.55119127818644,108.5512121958083,108.55124962883275,108.55127037010426,116.09336702682174,116.09153551860267,116.066794578392,115.63198312642405,107.86225640166847,84.43427892352197,106.55012138025423,106.62099142333837,108.75378292019387
120.0,120.0,120.0,120.0,120.0,120.0,120.0,120.0,120.0,120.0,108.55114471772443,108.55116891711911,108.55119127818644,108.5512121958083,108.55124962883275,108.55127037010426,116.09336702682174,116.09153551860267,116.066794578392,115.63198312642405,107.86225640166847,84.43427892352197,106.55012138025423,106.62099142333837,108.75378292019387
120.0,120.0,120.0,120.0,120.0,120.0,120.0,120.0,120.0,120.0,108.55114471772443,108.55116891711911,108.55119127818644,108.5512121958083,108.55124962883275,108.55127037010426,116.09336702682174,116.09153551860267,116.066794578392,115.63198312642405,107.86225640166847,84.43427892352197,106.55012138025423,106.62099142333837,108.75378292019387
120.0,120.0,120.0,120.0,120.0,120.0,120.0,120.0,120.0,120.0,108.55114471772443,108.55116891711911,108.55119127818644,108.5512121958083,108.55124962883275,108.55127037010426,116.09336702682174,116.09153551860267,116.066794578392,115.63198312642405,107.86225640166847,84.43427892352197,106.55012138025423,106.62099142333837,108.75378292019387
120.0,120.0,120.0,120.0,120.0,120.0,120.0,120.0,120.0,120.0,108.55114471772443,108.55116891711911,108.55119127818644,108.5512121958083,108.55124962883275,108.55127037010426,116.09336702682174,116.09153551860267,116.066794578392,115.63198312642405,107.86225640166847,84.43427892352197,106.55012138025423,106.62099142333837,108.75378292019387
120.0,120.0,120.0,120.0,120.0,120.0,120.0,120.0,120.0,120.0,108.55114471772443,108.55116891711911,108.55119127818644,108.5512121958083,108.55124962883275,108.55127037010426,116.09336702682174,116.09153551860267,116.066794578392,115.63198312642405,107.86225640166847,84.43427892352197,106.55012138025423,106.62099142333837,108.75378292019387
120.0,120.0,120.0,120.0,120.0,120.0,120.0,120.0,120.0,120.0,108.55114471772443,108.55116891711911,108.55119127818644,108.5512121958083,108.55124962883275,108.55127037010426,116.09336702682174,116.09153551860267,116.066794578392,115.63198312642405,107.86225640166847,84.43427892352197,106.55012138025423,106.62099142333837,108.75378292019387
120.0,120.0,120.0,120.0,120.0,120.0,120.0,120.0,120.0,120.0,108.55114471772443,108.55116891711911,108.55119127818644,108.5512121958083,108.55124962883275,108.55127037010426,116.09336702682174,116.09153551860267,116.066794578392,115.63198312642405,107.86225640166847,84.43427892352197,106.55012138025423,106.62099142333837,108.75378292019387
120.0,120.0,120.0,120.0,120.0,120.0,120.0,120.0,120.0,120.0,108.55114545076428,108.55115873119135,108.55117479065942,108.55119248801485,108.55121196037834,108.55122413761,116.09328086835067,116.09135291816327,116.06658666831476,115.63177661007474,107.86207646475708,107.05230605998284,106.551020454186,106.62262630304694,108.75529067313929
120.0,120.0,120.0,120.0,120.0,120.0,120.0,120.0,120.0,120.0,108.55114545076428,108.55115873119135,108.55117479065942,108.55119248801485,108.55121196037834,108.55122413761,116.09328086835067,116.09135291816327,116.06658666831476,115.63177661007474,107.86207646475708,107.05230605998284,106.551020454186,106.62262630304694,108.75529067313929
120.0,120.0,120.0,120.0,120.0,120.0,120.0,120.0,120.0,120.0,108.55114545076428,108.55115873119135,108.55117479065942,108.55119248801485,108.55121196037834,108.55122413761,116.09328086835067,116.09135291816327,116.06658666831476,115.63177661007474,107.86207646475708,107.05230605998284,106.551020454186,106.62262630304694,108.75529067313929
120.0,120.0,120.0,120.0,120.0,120.0,120.0,120.0,120.0,120.0,108.55114545076428,108.55115873119135,108.55117479065942,108.55119248801485,108.55121196037834,108.55122413761,116.09328086835067,116.09135291816327,116.06658666831476,115.63177661007474,107.86207646475708,107.05230605998284,106.551020454186,106.62262630304694,108.75529067313929
120.0,120.0,120.0,120.0,120.0,120.0,120.0,120.0,120.0,120.0,108.55114545076428,108.55115873119135,108.55117479065942,108.55119248801485,108.55121196037834,108.55122413761,116.09328086835067,116.09135291816327,116.06658666831476,115.63177661007474,107.86207646475708,107.05230605998284,106.551020454186,106.62262630304694,108.75529067313929
120.0,120.0,120.0,120.0,120.0,120.0,120.0,120.0,120.0,120.0,108.55114545076428,108.55115873119135,108.55117479065942,108.55119248801485,108.55121196037834,108.55122413761,116.09328086835067,116.09135291816327,116.06658666831476,115.63177661007474,107.86207646475708,107.05230605998284,106.551020454186,106.62262630304694,108.75529067313929
120.0,120.0,120.0,120.0,120.0,120.0,120.0,120.0,120.0,120.0,108.55114545076428,108.55115873119135,108.55117479065942,108.55119248801485,108.55121196037834,108.55122413761,116.09328086835067,116.09135291816327,116.06658666831476,115.63177661007474,107.86207646475708,107.05230605998284,106.551020454186,106.62262630304694,108.75529067313929
120.0,120.0,120.0,120.0,120.0,120.0,120.0,120.0,120.0,120.0,108.55114545076428,108.55115873119135,108.55117479065942,108.55119248801485,108.55121196037834,108.55122413761,116.09328086835067,116.09135291816327,116.06658666831476,115.63177661007474,107.86207646475708,107.05230605998284,106.551020454186,106.62262630304694,108.75529067313929
120.0,120.0,120.0,120.0,120.0,120.0,120.0,120.0,120.0,120.0,108.55114545076428,108.55115873119135,108.55117479065942,108.55119248801485,108.55121196037834,108.55122413761,116.09328086835067,116.09135291816327,116.06658666831476,115.63177661007474,107.86207646475708,107.05230605998284,106.551020454186,106.62262630304694,108.75529067313929
120.0,120.0,120.0,120.0,120.0,120.0,120.0,120.0,120.0,120.0,108.55114545076428,108.55115873119135,108.55117479065942,108.55119248801485,108.55121196037834,108.55122413761,116.09328086835067,116.09135291816327,116.06658666831476,115.63177661007474,107.86207646475708,107.05230605998284,106.551020454186,106.62262630304694,108.75529067313929
120.0,120.0,120.0,120.0,120.0,120.0,120.0,120.0,120.0,120.0,108.55114545076428,108.55115873119135,108.55117479065942,108.55119248801485,108.55121196037834,108.55122413761,116.09328086835067,116.09135291816327,116.06658666831476,115.63177661007474,107.86207646475708,107.05230605998284,106.551020454186,106.62262630304694,108.75529067313929
120.0,120.0,120.0,120.0,120.0,120.0,120.0,120.0,120.0,120.0,108.55114545076428,108.55115873119135,108.55117479065942,108.55119248801485,108.55121196037834,108.55122413761,116.09328086835067,116.09135291816327,116.06658666831476,115.63177661007474,107.86207646475708,107.05230605998284,106.551020454186,106.62262630304694,108.75529067313929
120.0,120.0,120.0,120.0,120.0,120.0,120.0,120.0,120.0,120.0,108.5510586871865,108.55110758173588,108.55150408896966,108.55106011191097,108.55106673684656,108.5516579434064,116.09372427156546,116.09230509474585,116.06767456054676,115.63296676077785,107.86417429492764,107.05388273477203,106.55209791724458,106.62334039965786,108.75574813392598
120.0,120.0,120.0,120.0,120.0,120.0,120.0,120.0,120.0,120.0,108.5510586871865,108.55110758173588,108.55150408896966,108.55106011191097,108.55106673684656,108.5516579434064,116.09372427156546,116.09230509474585,116.06767456054676,115.63296676077785,107.86417429492764,107.05388273477203,106.55209791724458,106.62334039965786,108.75574813392598
120.0,120.0,120.0,120.0,120.0,120.0,120.0,120.0,120.0,120.0,108.5510586871865,108.55110758173588,108.55150408896966,108.55106011191097,108.55106673684656,108.5516579434064,116.09372427156546,116.09230509474585,116.06767456054676,115.63296676077785,107.86417429492764,107.05388273477203,106.55209791724458,106.62334039965786,108.75574813392598
120.0,120.0,120.0,120.0,120.0,120.0,120.0,120.0,120.0,120.0,108.5510586871865,108.55110758173588,108.55150408896966,108.55106011191097,108.55106673684656,108.5516579434064,116.09372427156546,116.09230509474585,116.06767456054676,115.63296676077785,107.86417429492764,107.05388273477203,106.55209791724458,106.62334039965786,108.75574813392598
120.0,120.0,120.0,120.0,120.0,120.0,120.0,120.0,120.0,120.0,108.5510586871865,108.55110758173588,108.55150408896966,108.55106011191097,108.55106673684656,108.5516579434064,116.09372427156546,116.09230509474585,116.06767456054676,115.63296676077785,107.86417429492764,107.05388273477203,106.55209791724458,106.62334039965786,108.75574813392598
120.0,120.0,120.0,120.0,120.0,120.0,120.0,120.0,120.0,120.0,108.5510586871865,108.55110758173588,108.55150408896966,108.55106011191097,108.55106673684656,108.5516579434064,116.09372427156546,116.09230509474585,116.06767456054676,115.63296676077785,107.86417429492764,107.05388273477203,106.55209791724458,106.62334039965786,108.75574813392598
120.0,120.0,120.0,120.0,120.0,120.0,120.0,120.0,120.0,120.0,108.5510586871865,108.55110758173588,108.55150408896966,108.55106011191097,108.55106673684656,108.5516579434064,116.09372427156546,116.09230509474585,116.06767456054676,115.63296676077785,107.86417429492764,107.05388273477203,106.55209791724458,106.62334039965786,108.75574813392598
120.0,120.0,120.0,120.0,120.0,120.0,120.0,120.0,120.0,120.0,108.5510586871865,108.55110758173588,108.55150408896966,108.55106011191097,108.55106673684656,108.5516579434064,116.09372427156546,116.09230509474585,116.06767456054676,115.63296676077785,107.86417429492764,107.05388273477203,106.55209791724458,106.62334039965786,108.75574813392598
120.0,120.0,120.0,120.0,120.0,120.0,120.0,120.0,120.0,120.0,108.5510586871865,108.55110758173588,108.55150408896966,108.55106011191097,108.55106673684656,108.5516579434064,116.09372427156546,116.09230509474585,116.06767456054676,115.63296676077785,107.86417429492764,107.05388273477203,106.55209791724458,106.62334039965786,108.75574813392598
120.0,120.0,120.0,120.0,120.0,120.0,120.0,120.0,120.0,120.0,108.5510586871865,108.55110758173588,108.55150408896966,108.55106011191097,108.55106673684656,108.5516579434064,116.09372427156546,116.09230509474585,116.06767456054676,115.63296676077785,107.86417429492764,107.05388273477203,106.55209791724458,106.62334039965786,108.75574813392598
120.0,120.0,120.0,120.0,120.0,120.0,120.0,120.0,120.0,120.0,108.5510586871865,108.55110758173588,108.55150408896966,108.55106011191097,108.55106673684656,108.5516579434064,116.09372427156546,116.09230509474585,116.06767456054676,115.63296676077785,107.86417429492764,107.05388273477203,106.55209791724458,106.62334039965786,108.75574813392598
120.0,120.0,120.0,120.0,120.0,120.0,120.0,120.0,120.0,120.0,108.5510586871865,108.55110758173588,108.55150408896966,108.55106011191097,108.55106673684656,108.5516579434064,116.09372427156546,116.09230509474585,116.06767456054676,115.63296676077785,107.86417429492764,107.05388273477203,106.55209791724458,106.62334039965786,108.75574813392598
120.0,120.0,120.0,120.0,120.0,120.0,120.0,120.0,120.0,120.0,108.5511428816932,108.55115614629231,108.55117746632553,108.55119242039021,108.55121020362775,108.5512258680375,108.5510329899628,116.09233802713223,116.06771009382764,115.6330086779216,107.86427098652499,107.05396064176857,106.55216918885492,106.62342198488726,108.75581920296105
120.0,120.0,120.0,120.0,120.0,120.0,120.0,120.0,120.0,120.0,108.5511428816932,108.55115614629231,108.55117746632553,108.55119242039021,108.55121020362775,108.5512258680375,108.5510329899628,116.09233802713223,116.06771009382764,115.6330086779216,107.86427098652499,107.05396064176857,106.55216918885492,106.62342198488726,108.75581920296105
120.0,120.0,120.0,120.0,120.0,120.0,120.0,120.0,120.0,120.0,108.5511428816932,108.55115614629231,108.55117746632553,108.55119242039021,108.55121020362775,108.5512258680375,108.5510329899628,116.09233802713223,116.06771009382764,115.6330086779216,107.86427098652499,107.05396064176857,106.55216918885492,106.62342198488726,108.75581920296105
120.0,120.0,120.0,120.0,120.0,120.0,120.0,120.0,120.0,120.0,108.5511428816932,108.55115614629231,108.55117746632553,108.55119242039021,108.55121020362775,108.5512258680375,108.5510329899628,116.09233802713223,116.06771009382764,115.6330086779216,107.86427098652499,107.05396064176857,106.55216918885492,106.62342198488726,108.75581920296105
120.0,120.0,120.0,120.0,120.0,120.0,120.0,120.0,120.0,120.0,108.5511428816932,108.55115614629231,108.55117746632553,108.55119242039021,108.55121020362775,108.5512258680375,108.5510329899628,116.09233802713223,116.06771009382764,115.6330086779216,107.86427098652499,107.05396064176857,106.55216918885492,106.62342198488726,108.75581920296105
120.0,120.0,120.0,120.0,120.0,120.0,120.0,120.0,120.0,120.0,108.5511428816932,108.55115614629231,108.55117746632553,108.55119242039021,108.55121020362775,108.5512258680375,108.5510329899628,116.09233802713223,116.06771009382764,115.6330086779216,107.86427098652499,107.05396064176857,106.55216918885492,106.62342198488726,108.75581920296105
120.0,120.0,120.0,120.0,120.0,120.0,120.0,120.0,120.0,120.0,108.5511428816932,108.55115614629231,108.55117746632553,108.55119242039021,108.55121020362775,108.5512258680375,108.5510329899628,116.09233802713223,116.06771009382764,115.6330086779216,107.86427098652499,107.05396064176857,106.55216918885492,106.62342198488726,108.75581920296105
120.0,120.0,120.0,120.0,120.0,120.0,120.0,120.0,120.0,120.0,108.5511428816932,108.55115614629231,108.55117746632553,108.55119242039021,108.55121020362775,108.5512258680375,108.5510329899628,116.09233802713223,116.06771009382764,115.6330086779216,107.86427098652499,107.05396064176857,106.55216918885492,106.62342198488726,108.75581920296105
120.0,120.0,120.0,120.0,120.0,120.0,120.0,120.0,120.0,120.0,108.5511428816932,108.55115614629231,108.55117746632553,108.55119242039021,108.55121020362775,108.5512258680375,108.5510329899628,116.09233802713223,116.06771009382764,115.6330086779216,107.86427098652499,107.05396064176857,106.55216918885492,106.62342198488726,108.75581920296105
120.0,120.0,120.0,120.0,120.0,120.0,120.0,120.0,120.0,120.0,108.5511428816932,108.55115614629231,108.55117746632553,108.55119242039021,108.55121020362775,108.5512258680375,108.5510329899628,116.09233802713223,116.06771009382764,115.6330086779216,107.86427098652499,107.05396064176857,106.55216918885492,106.62342198488726,108.75581920296105
120.0,120.0,120.0,120.0,120.0,120.0,120.0,120.0,120.0,120.0,108.5511428816932,108.55115614629231,108.55117746632553,108.55119242039021,108.55121020362775,108.5512258680375,108.5510329899628,116.09233802713223,116.06771009382764,115.6330086779216,107.86427098652499,107.05396064176857,106.55216918885492,106.62342198488726,108.75581920296105
120.0,120.0,120.0,120.0,120.0,120.0,120.0,120.0,120.0,120.0,108.5511428816932,108.55115614629231,108.55117746632553,108.55119242039021,108.55121020362775,108.5512258680375,108.5510329899628,116.09233802713223,116.06771009382764,115.6330086779216,107.86427098652499,107.05396064176857,106.55216918885492,106.62342198488726,108.75581920296105
120.0,120.0,120.0,120.0,120.0,120.0,120.0,120.0,120.0,120.0,108.5511448210687,108.55115817875598,108.55117425201202,108.55119159694394,108.5512107941329,108.55122067838815,108.5510213439945,108.5470536351476,116.06763358508144,115.632882024349,107.86399755122947,107.05374715611647,106.55204017362807,106.6233698527314,108.75580700633054
120.0,120.0,120.0,120.0,120.0,120.0,120.0,120.0,120.0,120.0,108.5511448210687,108.55115817875598,108.55117425201202,108.55119159694394,108.5512107941329,108.55122067838815,108.5510213439945,108.5470536351476,116.06763358508144,115.632882024349,107.86399755122947,107.05374715611647,106.55204017362807,106.6233698527314,108.75580700633054
120.0,120.0,120.0,120.0,120.0,120.0,120.0,120.0,120.0,120.0,108.5511448210687,108.55115817875598,108.55117425201202,108.55119159694394,108.5512107941329,108.55122067838815,108.5510213439945,108.5470536351476,116.06763358508144,115.632882024349,107.86399755122947,107.05374715611647,106.55204017362807,106.6233698527314,108.75580700633054
120.0,120.0,120.0,120.0,120.0,120.0,120.0,120.0,120.0,120.0,108.5511448210687,108.55115817875598,108.55117425201202,108.55119159694394,108.5512107941329,108.55122067838815,108.5510213439945,108.5470536351476,116.06763358508144,115.632882024349,107.86399755122947,107.05374715611647,106.55204017362807,106.6233698527314,108.75580700633054
120.0,120.0,120.0,120.0,120.0,120.0,120.0,120.0,120.0,120.0,108.5511448210687,108.55115817875598,108.55117425201202,108.55119159694394,108.5512107941329,108.55122067838815,108.5510213439945,108.5470536351476,116.06763358508144,115.632882024349,107.86399755122947,107.05374715611647,106.55204017362807,106.6233698527314,108.75580700633054
120.0,120.0,120.0,120.0,120.0,120.0,120.0,120.0,120.0,120.0,108.5511448210687,108.55115817875598,108.55117425201202,108.55119159694394,108.5512107941329,108.55122067838815,108.5510213439945,108.5470536351476,116.06763358508144,115.632882024349,107.86399755122947,107.05374715611647,106.55204017362807,106.6233698527314,108.75580700633054
120.0,120.0,120.0,120.0,120.0,120.0,120.0,120.0,120.0,120.0,108.5511448210687,108.55115817875598,108.55117425201202,108.55119159694394,108.5512107941329,108.55122067838815,108.5510213439945,108.5470536351476,116.06763358508144,115.632882024349,107.86399755122947,107.05374715611647,106.55204017362807,106.6233698527314,108.75580700633054
120.0,120.0,120.0,120.0,120.0,120.0,120.0,120.0,120.0,120.0,108.5511448210687,108.55115817875598,108.55117425201202,108.55119159694394,108.5512107941329,108.55122067838815,108.5510213439945,108.5470536351476,116.06763358508144,115.632882024349,107.86399755122947,107.05374715611647,106.55204017362807,106.6233698527314,108.75580700633054
120.0,120.0,120.0,120.0,120.0,120.0,120.0,120.0,120.0,120.0,108.5511448210687,108.55115817875598,108.55117425201202,108.55119159694394,108.5512107941329,108.55122067838815,108.5510213439945,108.5470536351476,116.06763358508144,115.632882024349,107.86399755122947,107.05374715611647,106.55204017362807,106.6233698527314,108.75580700633054
120.0,120.0,120.0,120.0,120.0,120.0,120.0,120.0,120.0,120.0,108.5511448210687,108.55115817875598,108.55117425201202,108.55119159694394,108.5512107941329,108.55122067838815,108.5510213439945,108.5470536351476,116.06763358508144,115.632882024349,107.86399755122947,107.05374715611647,106.55204017362807,106.6233698527314,108.75580700633054
120.0,120.0,120.0,120.0,120.0,120.0,120.0,120.0,120.0,120.0,108.5511448210687,108.55115817875598,108.55117425201202,108.55119159694394,108.5512107941329,108.55122067838815,108.5510213439945,108.5470536351476,116.06763358508144,115.632882024349,107.86399755122947,107.05374715611647,106.55204017362807,106.6233698527314,108.75580700633054
120.0,120.0,120.0,120.0,120.0,120.0,120.0,120.0,120.0,120.0,108.5511448210687,108.55115817875598,108.55117425201202,108.55119159694394,108.5512107941329,108.55122067838815,108.5510213439945,108.5470536351476,116.06763358508144,115.632882024349,107.86399755122947,107.05374715611647,106.55204017362807,106.6233698527314,108.75580700633054
120.0,120.0,120.0,120.0,120.0,120.0,120.0,120.0,120.0,120.0,108.55114487239655,108.55115803932631,108.55117407725388,108.5511916662529,108.5512106285965,108.55122073597009,108.55102081180218,108.54704748371395,108.47672897948011,115.99985263960913,108.28740907754629,107.47654499794636,106.97776518606618,107.05605013777733,109.21540802559343
120.0,120.0,120.0,120.0,120.0,120.0,120.0,120.0,120.0,120.0,108.55114487239655,108.55115803932631,108.55117407725388,108.5511916662529,108.5512106285965,108.55122073597009,108.55102081180218,108.54704748371395,108.47672897948011,115.99985263960913,108.28740907754629,107.47654499794636,106.97776518606618,107.05605013777733,109.21540802559343
120.0,120.0,120.0,120.0,120.0,120.0,120.0,120.0,120.0,120.0,108.55114487239655,108.55115803932631,108.55117407725388,108.5511916662529,108.5512106285965,108.55122073597009,108.55102081180218,108.54704748371395,108.47672897948011,115.99985263960913,108.28740907754629,107.47654499794636,106.97776518606618,107.05605013777733,109.21540802559343
120.0,120.0,120.0,120.0,120.0,120.0,120.0,120.0,120.0,120.0,108.55114487239655,108.55115803932631,108.55117407725388,108.5511916662529,108.5512106285965,108.55122073597009,108.55102081180218,108.54704748371395,108.47672897948011,115.99985263960913,108.28740907754629,107.47654499794636,106.97776518606618,107.05605013777733,109.21540802559343
120.0,120.0,120.0,120.0,120.0,120.0,120.0,120.0,120.0,120.0,108.55114487239655,108.55115803932631,108.55117407725388,108.5511916662529,108.5512106285965,108.55122073597009,108.55102081180218,108.54704748371395,108.47672897948011,115.99985263960913,108.28740907754629,107.47654499794636,106.97776518606618,107.05605013777733,109.21540802559343
120.0,120.0,120.0,120.0,120.0,120.0,120.0,120.0,120.0,120.0,108.55114487239655,108.55115803932631,108.55117407725388,108.5511916662529,108.5512106285965,108.55122073597009,108.55102081180218,108.54704748371395,108.47672897948011,115.99985263960913,108.28740907754629,107.47654499794636,106.97776518606618,107.05605013777733,109.21540802559343
120.0,120.0,120.0,120.0,120.0,120.0,120.0,120.0,120.0,120.0,108.55114487239655,108.55115803932631,108.55117407725388,108.5511916662529,108.5512106285965,108.55122073597009,108.55102081180218,108.54704748371395,108.47672897948011,115.99985263960913,108.28740907754629,107.47654499794636,106.97776518606618,107.05605013777733,109.21540802559343
120.0,120.0,120.0,120.0,120.0,120.0,120.0,120.0,120.0,120.0,108.55114487239655,108.55115803932631,108.55117407725388,108.5511916662529,108.5512106285965,108.55122073597009,108.55102081180218,108.54704748371395,108.47672897948011,115.99985263960913,108.28740907754629,107.47654499794636,106.97776518606618,107.05605013777733,109.21540802559343
120.0,120.0,120.0,120.0,120.0,120.0,120.0,120.0,120.0,120.0,108.55114487239655,108.55115803932631,108.55117407725388,108.5511916662529,108.5512106285965,108.55122073597009,108.55102081180218,108.54704748371395,108.47672897948011,115.99985263960913,108.28740907754629,107.47654499794636,106.97776518606618,107.05605013777733,109.21540802559343
120.0,120.0,120.0,120.0,120.0,120.0,120.0,120.0,120.0,120.0,108.55114487239655,108.55115803932631,108.55117407725388,108.5511916662529,108.5512106285965,108.55122073597009,108.55102081180218,108.54704748371395,108.47672897948011,115.99985263960913,108.28740907754629,107.47654499794636,106.97776518606618,107.05605013777733,109.21540802559343
120.0,120.0,120.0,120.0,120.0,120.0,120.0,120.0,120.0,120.0,108.55114487239655,108.55115803932631,108.55117407725388,108.5511916662529,108.5512106285965,108.55122073597009,108.55102081180218,108.54704748371395,108.47672897948011,115.99985263960913,108.28740907754629,107.47654499794636,106.97776518606618,107.05605013777733,109.21540802559343
120.0,120.0,120.0,120.0,120.0,120.0,120.0,120.0,120.0,120.0,108.55114487239655,108.55115803932631,108.55117407725388,108.5511916662529,108.5512106285965,108.55122073597009,108.55102081180218,108.54704748371395,108.47672897948011,115.99985263960913,108.28740907754629,107.47654499794636,106.97776518606618,107.05605013777733,109.21540802559343
120.0,120.0,120.0,120.0,120.0,120.0,120.0,120.0,120.0,120.0,108.55114503886692,108.55115823560585,108.5511742428531,108.55119180914214,108.55121073775561,108.55122071683356,108.5510207189786,108.54704678993754,108.47672415883686,115.63300639795955,107.86425551398546,107.05395133298636,106.55217493296104,106.62344524935601,108.75584288035374
120.0,120.0,120.0,120.0,120.0,120.0,120.0,120.0,120.0,120.0,108.55114503886692,108.55115823560585,108.5511742428531,108.55119180914214,108.55121073775561,108.55122071683356,108.5510207189786,108.54704678993754,108.47672415883686,115.63300639795955,107.86425551398546,107.05395133298636,106.55217493296104,106.62344524935601,108.75584288035374
120.0,120.0,120.0,120.0,120.0,120.0,120.0,120.0,120.0,120.0,108.55114503886692,108.55115823560585,108.5511742428531,108.55119180914214,108.55121073775561,108.55122071683356,108.5510207189786,108.54704678993754,108.47672415883686,115.63300639795955,107.86425551398546,107.05395133298636,106.55217493296104,106.62344524935601,108.75584288035374
120.0,120.0,120.0,120.0,120.0,120.0,120.0,120.0,120.0,120.0,108.55114503886692,108.55115823560585,108.5511742428531,108.55119180914214,108.55121073775561,108.55122071683356,108.5510207189786,108.54704678993754,108.47672415883686,115.63300639795955,107.86425551398546,107.05395133298636,106.55217493296104,106.62344524935601,108.75584288035374
120.0,120.0,120.0,120.0,120.0,120.0,120.0,120.0,120.0,120.0,108.55114503886692,108.55115823560585,108.5511742428531,108.55119180914214,108.55121073775561,108.55122071683356,108.5510207189786,108.54704678993754,108.47672415883686,115.63300639795955,107.86425551398546,107.05395133298636,106.55217493296104,106.62344524935601,108.75584288035374
120.0,120.0,120.0,120.0,120.0,120.0,120.0,120.0,120.0,120.0,108.55114503886692,108.55115823560585,108.5511742428531,108.55119180914214,108.55121073775561,108.55122071683356,108.5510207189786,108.54704678993754,108.47672415883686,115.63300639795955,107.86425551398546,107.05395133298636,106.55217493296104,106.62344524935601,108.75584288035374
120.0,120.0,120.0,120.0,120.0,120.0,120.0,120.0,120.0,120.0,108.55114503886692,108.55115823560585,108.5511742428531,108.55119180914214,108.55121073775561,108.55122071683356,108.5510207189786,108.54704678993754,108.47672415883686,115.63300639795955,107.86425551398546,107.05395133298636,106.55217493296104,106.62344524935601,108.75584288035374
120.0,120.0,120.0,120.0,120.0,120.0,120.0,120.0,120.0,120.0,108.55114503886692,108.55115823560585,108.5511742428531,108.55119180914214,108.55121073775561,108.55122071683356,108.5510207189786,108.54704678993754,108.47672415883686,115.63300639795955,107.86425551398546,107.05395133298636,106.55217493296104,106.62344524935601,108.75584288035374
120.0,120.0,120.0,120.0,120.0,120.0,120.0,120.0,120.0,120.0,108.55114503886692,108.55115823560585,108.5511742428531,108.55119180914214,108.55121073775561,108.55122071683356,108.5510207189786,108.54704678993754,108.47672415883686,115.63300639795955,107.86425551398546,107.05395133298636,106.55217493296104,106.62344524935601,108.75584288035374
120.0,120.0,120.0,120.0,120.0,120.0,120.0,120.0,120.0,120.0,108.55114503886692,108.55115823560585,108.5511742428531,108.55119180914214,108.55121073775561,108.55122071683356,108.5510207189786,108.54704678993754,108.47672415883686,115.63300639795955,107.86425551398546,107.05395133298636,106.55217493296104,106.62344524935601,108.75584288035374
120.0,120.0,120.0,120.0,120.0,120.0,120.0,120.0,120.0,120.0,108.55114503886692,108.55115823560585,108.5511742428531,108.55119180914214,108.55121073775561,108.55122071683356,108.5510207189786,108.54704678993754,108.47672415883686,115.63300639795955,107.86425551398546,107.05395133298636,106.55217493296104,106.62344524935601,108.75584288035374
120.0,120.0,120.0,120.0,120.0,120.0,120.0,120.0,120.0,120.0,108.55114503886692,108.55115823560585,108.5511742428531,108.55119180914214,108.55121073775561,108.55122071683356,108.5510207189786,108.54704678993754,108.47672415883686,115.63300639795955,107.86425551398546,107.05395133298636,106.55217493296104,106.62344524935601,108.75584288035374
120.0,120.0,120.0,120.0,120.0,120.0,120.0,120.0,120.0,120.0,108.55114443484841,108.55115784701356,108.55117372509201,108.55119136649382,108.55121046284715,108.55122056301903,108.55102083158383,108.54704691654005,108.47672357834327,107.23867365494115,107.85661616499745,107.04521720421593,106.54458762396791,106.61803261960945,108.7526739169451
120.0,120.0,120.0,120.0,120.0,120.0,120.0,120.0,120.0,120.0,108.55114443484841,108.55115784701356,108.55117372509201,108.55119136649382,108.55121046284715,108.55122056301903,108.55102083158383,108.54704691654005,108.47672357834327,107.23867365494115,107.85661616499745,107.04521720421593,106.54458762396791,106.61803261960945,108.7526739169451
120.0,120.0,120.0,120.0,120.0,120.0,120.0,120.0,120.0,120.0,108.55114443484841,108.55115784701356,108.55117372509201,108.55119136649382,108.55121046284715,108.55122056301903,108.55102083158383,108.54704691654005,108.47672357834327,107.23867365494115,107.85661616499745,107.04521720421593,106.54458762396791,106.61803261960945,108.7526739169451
120.0,120.0,120.0,120.0,120.0,120.0,120.0,120.0,120.0,120.0,108.55114443484841,108.55115784701356,108.55117372509201,108.55119136649382,108.55121046284715,108.55122056301903,108.55102083158383,108.54704691654005,108.47672357834327,107.23867365494115,107.85661616499745,107.04521720421593,106.54458762396791,106.61803261960945,108.7526739169451
120.0,120.0,120.0,120.0,120.0,120.0,120.0,120.0,120.0,120.0,108.55114443484841,108.55115784701356,108.55117372509201,108.55119136649382,108.55121046284715,108.55122056301903,108.55102083158383,108.54704691654005,108.47672357834327,107.23867365494115,107.85661616499745,107.04521720421593,106.54458762396791,106.61803261960945,108.7526739169451
120.0,120.0,120.0,120.0,120.0,120.0,120.0,120.0,120.0,120.0,108.55114443484841,108.55115784701356,108.55117372509201,108.55119136649382,108.55121046284715,108.55122056301903,108.55102083158383,108.54704691654005,108.47672357834327,107.23867365494115,107.85661616499745,107.04521720421593,106.54458762396791,106.61803261960945,108.7526739169451
120.0,120.0,120.0,120.0,120.0,120.0,120.0,120.0,120.0,120.0,108.55114443484841,108.55115784701356,108.55117372509201,108.55119136649382,108.55121046284715,108.55122056301903,108.55102083158383,108.54704691654005,108.47672357834327,107.23867365494115,107.85661616499745,107.04521720421593,106.54458762396791,106.61803261960945,108.7526739169451
120.0,120.0,120.0,120.0,120.0,120.0,120.0,120.0,120.0,120.0,108.55114443484841,108.55115784701356,108.55117372509201,108.55119136649382,108.55121046284715,108.55122056301903,108.55102083158383,108.54704691654005,108.47672357834327,107.23867365494115,107.85661616499745,107.04521720421593,106.54458762396791,106.61803261960945,108.7526739169451
120.0,120.0,120.0,120.0,120.0,120.0,120.0,120.0,120.0,120.0,108.55114443484841,108.55115784701356,108.55117372509201,108.55119136649382,108.55121046284715,108.55122056301903,108.55102083158383,108.54704691654005,108.47672357834327,107.23867365494115,107.85661616499745,107.04521720421593,106.54458762396791,106.61803261960945,108.7526739169451
120.0,120.0,120.0,120.0,120.0,120.0,120.0,120.0,120.0,120.0,108.55114443484841,108.55115784701356,108.55117372509201,108.55119136649382,108.55121046284715,108.55122056301903,108.55102083158383,108.54704691654005,108.47672357834327,107.23867365494115,107.85661616499745,107.04521720421593,106.54458762396791,106.61803261960945,108.7526739169451
120.0,120.0,120.0,120.0,120.0,120.0,120.0,120.0,120.0,120.0,108.55114443484841,108.55115784701356,108.55117372509201,108.55119136649382,108.55121046284715,108.55122056301903,108.55102083158383,108.54704691654005,108.47672357834327,107.23867365494115,107.85661616499745,107.04521720421593,106.54458762396791,106.61803261960945,108.7526739169451
120.0,120.0,120.0,120.0,120.0,120.0,120.0,120.0,120.0,120.0,108.55114443484841,108.55115784701356,108.55117372509201,108.55119136649382,108.55121046284715,108.55122056301903,108.55102083158383,108.54704691654005,108.47672357834327,107.23867365494115,107.85661616499745,107.04521720421593,106.54458762396791,106.61803261960945,108.7526739169451
120.0,120.0,120.0,120.0,120.0,120.0,120.0,120.0,120.0,120.0,108.55114410863416,108.55115264108586,108.55116346590638,108.55117662541727,108.55119241768497,108.55120015021683,108.55100506144242,108.54703872564805,108.47671767196704,107.23866717727368,86.4547658917965,84.43970463520016,83.20651654930909,83.38090778210498,88.70526322165597
120.0,120.0,120.0,120.0,120.0,120.0,120.0,120.0,120.0,120.0,108.55114410863416,108.55115264108586,108.55116346590638,108.55117662541727,108.55119241768497,108.55120015021683,108.55100506144242,108.54703872564805,108.47671767196704,107.23866717727368,86.4547658917965,84.43970463520016,83.20651654930909,83.38090778210498,88.70526322165597
120.0,120.0,120.0,120.0,120.0,120.0,120.0,120.0,120.0,120.0,108.55114410863416,108.55115264108586,108.55116346590638,108.55117662541727,108.55119241768497,108.55120015021683,108.55100506144242,108.54703872564805,108.47671767196704,107.23866717727368,86.4547658917965,84.43970463520016,83.20651654930909,83.38090778210498,88.70526322165597
120.0,120.0,120.0,120.0,120.0,120.0,120.0,120.0,120.0,120.0,108.55114410863416,108.55115264108586,108.55116346590638,108.55117662541727,108.55119241768497,108.55120015021683,108.55100506144242,108.54703872564805,108.47671767196704,107.23866717727368,86.4547658917965,84.43970463520016,83.20651654930909,83.38090778210498,88.70526322165597
120.0,120.0,120.0,120.0,120.0,120.0,120.0,120.0,120.0,120.0,108.55114410863416,108.55115264108586,108.55116346590638,108.55117662541727,108.55119241768497,108.55120015021683,108.55100506144242,108.54703872564805,108.47671767196704,107.23866717727368,86.4547658917965,84.43970463520016,83.20651654930909,83.38090778210498,88.70526322165597
120.0,120.0,120.0,120.0,120.0,120.0,120.0,120.0,120.0,120.0,108.55114410863416,108.55115264108586,108.55116346590638,108.55117662541727,108.55119241768497,108.55120015021683,108.55100506144242,108.54703872564805,108.47671767196704,107.23866717727368,86.4547658917965,84.43970463520016,83.20651654930909,83.38090778210498,88.70526322165597
120.0,120.0,120.0,120.0,120.0,120.0,120.0,120.0,120.0,120.0,108.55114410863416,108.55115264108586,108.55116346590638,108.55117662541727,108.55119241768497,108.55120015021683,108.55100506144242,108.54703872564805,108.47671767196704,107.23866717727368,86.4547658917965,84.43970463520016,83.20651654930909,83.38090778210498,88.70526322165597
120.0,120.0,120.0,120.0,120.0,120.0,120.0,120.0,120.0,120.0,108.55114410863416,108.55115264108586,108.55116346590638,108.55117662541727,108.55119241768497,108.55120015021683,108.55100506144242,108.54703872564805,108.47671767196704,107.23866717727368,86.4547658917965,84.43970463520016,83.20651654930909,83.38090778210498,88.70526322165597
120.0,120.0,120.0,120.0,120.0,120.0,120.0,120.0,120.0,120.0,108.55114410863416,108.55115264108586,108.55116346590638,108.55117662541727,108.55119241768497,108.55120015021683,108.55100506144242,108.54703872564805,108.47671767196704,107.23866717727368,86.4547658917965,84.43970463520016,83.20651654930909,83.38090778210498,88.70526322165597
120.0,120.0,120.0,120.0,120.0,120.0,120.0,120.0,120.0,120.0,108.55114410863416,108.55115264108586,108.55116346590638,108.55117662541727,108.55119241768497,108.55120015021683,108.55100506144242,108.54703872564805,108.47671767196704,107.23866717727368,86.4547658917965,84.43970463520016,83.20651654930909,83.38090778210498,88.70526322165597
120.0,120.0,120.0,120.0,120.0,120.0,120.0,120.0,120.0,120.0,108.55114410863416,108.55115264108586,108.55116346590638,108.55117662541727,108.55119241768497,108.55120015021683,108.55100506144242,108.54703872564805,108.47671767196704,107.23866717727368,86.4547658917965,84.43970463520016,83.20651654930909,83.38090778210498,88.70526322165597
120.0,120.0,120.0,120.0,120.0,120.0,120.0,120.0,120.0,120.0,108.55114410863416,108.55115264108586,108.55116346590638,108.55117662541727,108.55119241768497,108.55120015021683,108.55100506144242,108.54703872564805,108.47671767196704,107.23866717727368,86.4547658917965,84.43970463520016,83.20651654930909,83.38090778210498,88.70526322165597
120.0,120.0,120.0,120.0,120.0,120.0,120.0,120.0,120.0,120.0,108.55114465954401,108.55115633130035,108.55117046307235,108.55118633784072,108.55120406306125,108.55121346172747,108.55101445964607,108.54704232537084,108.47671990662585,107.23866195639893,86.45473225984564,84.43964667512108,83.20643143170841,83.38079845797623,88.7051556626147
120.0,120.0,120.0,120.0,120.0,120.0,120.0,120.0,120.0,120.0,108.55114465954401,108.55115633130035,108.55117046307235,108.55118633784072,108.55120406306125,108.55121346172747,108.55101445964607,108.54704232537084,108.47671990662585,107.23866195639893,86.45473225984564,84.43964667512108,83.20643143170841,83.38079845797623,88.7051556626147
120.0,120.0,120.0,120.0,120.0,120.0,120.0,120.0,120.0,120.0,108.55114465954401,108.55115633130035,108.55117046307235,108.55118633784072,108.55120406306125,108.55121346172747,108.55101445964607,108.54704232537084,108.47671990662585,107.23866195639893,86.45473225984564,84.43964667512108,83.20643143170841,83.38079845797623,88.7051556626147
120.0,120.0,120.0,120.0,120.0,120.0,120.0,120.0,120.0,120.0,108.55114465954401,108.55115633130035,108.55117046307235,108.55118633784072,108.55120406306125,108.55121346172747,108.55101445964607,108.54704232537084,108.47671990662585,107.23866195639893,86.45473225984564,84.43964667512108,83.20643143170841,83.38079845797623,88.7051556626147
120.0,120.0,120.0,120.0,120.0,120.0,120.0,120.0,120.0,120.0,108.55114465954401,108.55115633130035,108.55117046307235,108.55118633784072,108.55120406306125,108.55121346172747,108.55101445964607,108.54704232537084,108.47671990662585,107.23866195639893,86.45473225984564,84.43964667512108,83.20643143170841,83.38079845797623,88.7051556626147
120.0,120.0,120.0,120.0,120.0,120.0,120.0,120.0,120.0,120.0,108.55114465954401,108.55115633130035,108.55117046307235,108.55118633784072,108.55120406306125,108.55121346172747,108.55101445964607,108.54704232537084,108.47671990662585,107.23866195639893,86.45473225984564,84.43964667512108,83.20643143170841,83.38079845797623,88.7051556626147
120.0,120.0,120.0,120.0,120.0,120.0,120.0,120.0,120.0,120.0,108.55114465954401,108.55115633130035,108.55117046307235,108.55118633784072,108.55120406306125,108.55121346172747,108.55101445964607,108.54704232537084,108.47671990662585,107.23866195639893,86.45473225984564,84.43964667512108,83.20643143170841,83.38079845797623,88.7051556626147
120.0,120.0,120.0,120.0,120.0,120.0,120.0,120.0,120.0,120.0,108.55114465954401,108.55115633130035,108.55117046307235,108.55118633784072,108.55120406306125,108.55121346172747,108.55101445964607,108.54704232537084,108.47671990662585,107.23866195639893,86.45473225984564,84.43964667512108,83.20643143170841,83.38079845797623,88.7051556626147
120.0,120.0,120.0,120.0,120.0,120.0,120.0,120.0,120.0,120.0,108.55114465954401,108.55115633130035,108.55117046307235,108.55118633784072,108.55120406306125,108.55121346172747,108.55101445964607,108.54704232537084,108.47671990662585,107.23866195639893,86.45473225984564,84.43964667512108,83.20643143170841,83.38079845797623,88.7051556626147
120.0,120.0,120.0,120.0,120.0,120.0,120.0,120.0,120.0,120.0,108.55114465954401,108.55115633130035,108.55117046307235,108.55118633784072,108.55120406306125,108.55121346172747,108.55101445964607,108.54704232537084,108.47671990662585,107.23866195639893,86.45473225984564,84.43964667512108,83.20643143170841,83.38079845797623,88.7051556626147
120.0,120.0,120.0,120.0,120.0,120.0,120.0,120.0,120.0,120.0,108.55114465954401,108.55115633130035,108.55117046307235,108.55118633784072,108.55120406306125,108.55121346172747,108.55101445964607,108.54704232537084,108.47671990662585,107.23866195639893,86.45473225984564,84.43964667512108,83.20643143170841,83.38079845797623,88.7051556626147
120.0,120.0,120.0,120.0,120.0,120.0,120.0,120.0,120.0,120.0,108.55114465954401,108.55115633130035,108.55117046307235,108.55118633784072,108.55120406306125,108.55121346172747,108.55101445964607,108.54704232537084,108.47671990662585,107.23866195639893,86.45473225984564,84.43964667512108,83.20643143170841,83.38079845797623,88.7051556626147
120.0,120.0,120.0,120.0,120.0,120.0,120.0,120.0,120.0,120.0,108.55114469659927,108.55115751721024,108.55117312010762,108.55119024419952,108.55120894241274,108.55121895255631,108.55101911823233,108.54704545018508,108.47672164232094,107.23866152108295,86.45472629331466,84.43963212179622,83.20640626317623,83.3807641798019,88.70512379843977
120.0,120.0,120.0,120.0,120.0,120.0,120.0,120.0,120.0,120.0,108.55114469659927,108.55115751721024,108.55117312010762,108.55119024419952,108.55120894241274,108.55121895255631,108.55101911823233,108.54704545018508,108.47672164232094,107.23866152108295,86.45472629331466,84.43963212179622,83.20640626317623,83.3807641798019,88.70512379843977
120.0,120.0,120.0,120.0,120.0,120.0,120.0,120.0,120.0,120.0,108.55114469659927,108.55115751721024,108.55117312010762,108.55119024419952,108.55120894241274,108.55121895255631,108.55101911823233,108.54704545018508,108.47672164232094,107.23866152108295,86.45472629331466,84.43963212179622,83.20640626317623,83.3807641798019,88.70512379843977
120.0,120.0,120.0,120.0,120.0,120.0,120.0,120.0,120.0,120.0,108.55114469659927,108.55115751721024,108.55117312010762,108.55119024419952,108.55120894241274,108.55121895255631,108.55101911823233,108.54704545018508,108.47672164232094,107.23866152108295,86.45472629331466,84.43963212179622,83.20640626317623,83.3807641798019,88.70512379843977
120.0,120.0,120.0,120.0,120.0,120.0,120.0,120.0,120.0,120.0,108.55114469659927,108.55115751721024,108.55117312010762,108.55119024419952,108.55120894241274,108.55121895255631,108.55101911823233,108.54704545018508,108.47672164232094,107.23866152108295,86.45472629331466,84.43963212179622,83.20640626317623,83.3807641798019,88.70512379843977
120.0,120.0,120.0,120.0,120.0,120.0,120.0,120.0,120.0,120.0,108.55114469659927,108.55115751721024,108.55117312010762,108.55119024419952,108.55120894241274,108.55121895255631,108.55101911823233,108.54704545018508,108.47672164232094,107.23866152108295,86.45472629331466,84.43963212179622,83.20640626317623,83.3807641798019,88.70512379843977
120.0,120.0,120.0,120.0,120.0,120.0,120.0,120.0,120.0,120.0,108.55114469659927,108.55115751721024,108.55117312010762,108.55119024419952,108.55120894241274,108.55121895255631,108.55101911823233,108.54704545018508,108.47672164232094,107.23866152108295,86.45472629331466,84.43963212179622,83.20640626317623,83.3807641798019,88.70512379843977
120.0,120.0,120.0,120.0,120.0,120.0,120.0,120.0,120.0,120.0,108.55114469659927,108.55115751721024,108.55117312010762,108.55119024419952,108.55120894241274,108.55121895255631,108.55101911823233,108.54704545018508,108.47672164232094,107.23866152108295,86.45472629331466,84.43963212179622,83.20640626317623,83.3807641798019,88.70512379843977
120.0,120.0,120.0,120.0,120.0,120.0,120.0,120.0,120.0,120.0,108.55114469659927,108.55115751721024,108.55117312010762,108.55119024419952,108.55120894241274,108.55121895255631,108.55101911823233,108.54704545018508,108.47672164232094,107.23866152108295,86.45472629331466,84.43963212179622,83.20640626317623,83.3807641798019,88.70512379843977
120.0,120.0,120.0,120.0,120.0,120.0,120.0,120.0,120.0,120.0,108.55114469659927,108.55115751721024,108.55117312010762,108.55119024419952,108.55120894241274,108.55121895255631,108.55101911823233,108.54704545018508,108.47672164232094,107.23866152108295,86.45472629331466,84.43963212179622,83.20640626317623,83.3807641798019,88.70512379843977
120.0,120.0,120.0,120.0,120.0,120.0,120.0,120.0,120.0,120.0,108.55114469659927,108.55115751721024,108.55117312010762,108.55119024419952,108.55120894241274,108.55121895255631,108.55101911823233,108.54704545018508,108.47672164232094,107.23866152108295,86.45472629331466,84.43963212179622,83.20640626317623,83.3807641798019,88.70512379843977
120.0,120.0,120.0,120.0,120.0,120.0,120.0,120.0,120.0,120.0,108.55114469659927,108.55115751721024,108.55117312010762,108.55119024419952,108.55120894241274,108.55121895255631,108.55101911823233,108.54704545018508,108.47672164232094,107.23866152108295,86.45472629331466,84.43963212179622,83.20640626317623,83.3807641798019,88.70512379843977
120.0,120.0,120.0,120.0,120.0,120.0,120.0,120.0,120.0,120.0,108.5511446239799,108.55115764828389,108.55117360472167,108.55119108650605,108.5512100700307,108.55122025353008,108.5510204221453,108.5470465557112,108.47672241404013,107.23866201924125,86.4547266660786,84.43963058544797,83.20640192124078,83.38075710045781,88.70511697156743
120.0,120.0,120.0,120.0,120.0,120.0,120.0,120.0,120.0,120.0,108.5511446239799,108.55115764828389,108.55117360472167,108.55119108650605,108.5512100700307,108.55122025353008,108.5510204221453,108.5470465557112,108.47672241404013,107.23866201924125,86.4547266660786,84.43963058544797,83.20640192124078,83.38075710045781,88.70511697156743
120.0,120.0,120.0,120.0,120.0,120.0,120.0,120.0,120.0,120.0,108.5511446239799,108.55115764828389,108.55117360472167,108.55119108650605,108.5512100700307,108.55122025353008,108.5510204221453,108.5470465557112,108.47672241404013,107.23866201924125,86.4547266660786,84.43963058544797,83.20640192124078,83.38075710045781,88.70511697156743
120.0,120.0,120.0,120.0,120.0,120.0,120.0,120.0,120.0,120.0,108.5511446239799,108.55115764828389,108.55117360472167,108.55119108650605,108.5512100700307,108.55122025353008,108.5510204221453,108.5470465557112,108.47672241404013,107.23866201924125,86.4547266660786,84.43963058544797,83.20640192124078,83.38075710045781,88.70511697156743
120.0,120.0,120.0,120.0,120.0,120.0,120.0,120.0,120.0,120.0,108.5511446239799,108.55115764828389,108.55117360472167,108.55119108650605,108.5512100700307,108.55122025353008,108.5510204221453,108.5470465557112,108.47672241404013,107.23866201924125,86.4547266660786,84.43963058544797,83.20640192124078,83.38075710045781,88.70511697156743
120.0,120.0,120.0,120.0,120.0,120.0,120.0,120.0,120.0,120.0,108.5511446239799,108.55115764828389,108.55117360472167,108.55119108650605,108.5512100700307,108.55122025353008,108.5510204221453,108.5470465557112,108.47672241404013,107.23866201924125,86.4547266660786,84.43963058544797,83.20640192124078,83.38075710045781,88.70511697156743
120.0,120.0,120.0,120.0,120.0,120.0,120.0,120.0,120.0,120.0,108.5511446239799,108.55115764828389,108.55117360472167,108.55119108650605,108.5512100700307,108.55122025353008,108.5510204221453,108.5470465557112,108.47672241404013,107.23866201924125,86.4547266660786,84.43963058544797,83.20640192124078,83.38075710045781,88.70511697156743
120.0,120.0,120.0,120.0,120.0,120.0,120.0,120.0,120.0,120.0,108.5511446239799,108.55115764828389,108.55117360472167,108.55119108650605,108.5512100700307,108.55122025353008,108.5510204221453,108.5470465557112,108.47672241404013,107.23866201924125,86.4547266660786,84.43963058544797,83.20640192124078,83.38075710045781,88.70511697156743
120.0,120.0,120.0,120.0,120.0,120.0,120.0,120.0,120.0,120.0,108.5511446239799,108.55115764828389,108.55117360472167,108.55119108650605,108.5512100700307,108.55122025353008,108.5510204221453,108.5470465557112,108.47672241404013,107.23866201924125,86.4547266660786,84.43963058544797,83.20640192124078,83.38075710045781,88.70511697156743
120.0,120.0,120.0,120.0,120.0,120.0,120.0,120.0,120.0,120.0,108.5511446239799,108.55115764828389,108.55117360472167,108.55119108650605,108.5512100700307,108.55122025353008,108.5510204221453,108.5470465557112,108.47672241404013,107.23866201924125,86.4547266660786,84.43963058544797,83.20640192124078,83.38075710045781,88.70511697156743
120.0,120.0,120.0,120.0,120.0,120.0,120.0,120.0,120.0,120.0,108.5511446239799,108.55115764828389,108.55117360472167,108.55119108650605,108.5512100700307,108.55122025353008,108.5510204221453,108.5470465557112,108.47672241404013,107.23866201924125,86.4547266660786,84.43963058544797,83.20640192124078,83.38075710045781,88.70511697156743
120.0,120.0,120.0,120.0,120.0,120.0,120.0,120.0,120.0,120.0,108.5511446239799,108.55115764828389,108.55117360472167,108.55119108650605,108.5512100700307,108.55122025353008,108.5510204221453,108.5470465557112,108.47672241404013,107.23866201924125,86.4547266660786,84.43963058544797,83.20640192124078,83.38075710045781,88.70511697156743
120.0,120.0,120.0,120.0,120.0,120.0,120.0,120.0,120.0,120.0,108.55114458864044,108.55115761210095,108.55117361082966,108.55119115208379,108.55121018629399,108.5512204064437,108.55102062639793,108.54704677996584,108.47672261019555,107.23866225358528,86.45472724663306,84.43963102934981,83.20640195134784,83.3807565913988,88.70511631205704
120.0,120.0,120.0,120.0,120.0,120.0,120.0,120.0,120.0,120.0,108.55114458864044,108.55115761210095,108.55117361082966,108.55119115208379,108.55121018629399,108.5512204064437,108.55102062639793,108.54704677996584,108.47672261019555,107.23866225358528,86.45472724663306,84.43963102934981,83.20640195134784,83.3807565913988,88.70511631205704
120.0,120.0,120.0,120.0,120.0,120.0,120.0,120.0,120.0,120.0,108.55114458864044,108.55115761210095,108.55117361082966,108.55119115208379,108.55121018629399,108.5512204064437,108.55102062639793,108.54704677996584,108.47672261019555,107.23866225358528,86.45472724663306,84.43963102934981,83.20640195134784,83.3807565913988,88.70511631205704
120.0,120.0,120.0,120.0,120.0,120.0,120.0,120.0,120.0,120.0,108.55114458864044,108.55115761210095,108.55117361082966,108.55119115208379,108.55121018629399,108.5512204064437,108.55102062639793,108.54704677996584,108.47672261019555,107.23866225358528,86.45472724663306,84.43963102934981,83.20640195134784,83.3807565913988,88.70511631205704
120.0,120.0,120.0,120.0,120.0,120.0,120.0,120.0,120.0,120.0,108.55114458864044,108.55115761210095,108.55117361082966,108.55119115208379,108.55121018629399,108.5512204064437,108.55102062639793,108.54704677996584,108.47672261019555,107.23866225358528,86.45472724663306,84.43963102934981,83.20640195134784,83.3807565913988,88.70511631205704
120.0,120.0,120.0,120.0,120.0,120.0,120.0,120.0,120.0,120.0,108.55114458864044,108.55115761210095,108.55117361082966,108.55119115208379,108.55121018629399,108.5512204064437,108.55102062639793,108.54704677996584,108.47672261019555,107.23866225358528,86.45472724663306,84.43963102934981,83.20640195134784,83.3807565913988,88.70511631205704
120.0,120.0,120.0,120.0,120.0,120.0,120.0,120.0,120.0,120.0,108.55114458864044,108.55115761210095,108.55117361082966,108.55119115208379,108.55121018629399,108.5512204064437,108.55102062639793,108.54704677996584,108.47672261019555,107.23866225358528,86.45472724663306,84.43963102934981,83.20640195134784,83.3807565913988,88.70511631205704
120.0,120.0,120.0,120.0,120.0,120.0,120.0,120.0,120.0,120.0,108.55114458864044,108.55115761210095,108.55117361082966,108.55119115208379,108.55121018629399,108.5512204064437,108.55102062639793,108.54704677996584,108.47672261019555,107.23866225358528,86.45472724663306,84.43963102934981,83.20640195134784,83.3807565913988,88.70511631205704
120.0,120.0,120.0,120.0,120.0,120.0,120.0,120.0,120.0,120.0,108.55114458864044,108.55115761210095,108.55117361082966,108.55119115208379,108.55121018629399,108.5512204064437,108.55102062639793,108.54704677996584,108.47672261019555,107.23866225358528,86.45472724663306,84.43963102934981,83.20640195134784,83.3807565913988,88.70511631205704
120.0,120.0,120.0,120.0,120.0,120.0,120.0,120.0,120.0,120.0,108.55114458864044,108.55115761210095,108.55117361082966,108.55119115208379,108.55121018629399,108.5512204064437,108.55102062639793,108.54704677996584,108.47672261019555,107.23866225358528,86.45472724663306,84.43963102934981,83.20640195134784,83.3807565913988,88.70511631205704
120.0,120.0,120.0,120.0,120.0,120.0,120.0,120.0,120.0,120.0,108.55114458864044,108.55115761210095,108.55117361082966,108.55119115208379,108.55121018629399,108.5512204064437,108.55102062639793,108.54704677996584,108.47672261019555,107.23866225358528,86.45472724663306,84.43963102934981,83.20640195134784,83.3807565913988,88.70511631205704
120.0,120.0,120.0,120.0,120.0,120.0,120.0,120.0,120.0,120.0,108.55114458864044,108.55115761210095,108.55117361082966,108.55119115208379,108.55121018629399,108.5512204064437,108.55102062639793,108.54704677996584,108.47672261019555,107.23866225358528,86.45472724663306,84.43963102934981,83.20640195134784,83.3807565913988,88.70511631205704
120.0,120.0,120.0,120.0,120.0,120.0,120.0,120.0,120.0,120.0,108.55114457955,108.55115758874543,108.55117358005019,108.55119112010213,108.55121015590016,108.5512203786896,108.55102061731044,108.54704679292477,108.47672263425558,107.23866231031198,86.45472744890863,84.43963131140971,83.20640226501895,83.38075687560594,88.70511651048635
120.0,120.0,120.0,120.0,120.0,120.0,120.0,120.0,120.0,120.0,108.55114457955,108.55115758874543,108.55117358005019,108.55119112010213,108.55121015590016,108.5512203786896,108.55102061731044,108.54704679292477,108.47672263425558,107.23866231031198,86.45472744890863,84.43963131140971,83.20640226501895,83.38075687560594,88.70511651048635
120.0,120.0,120.0,120.0,120.0,120.0,120.0,120.0,120.0,120.0,108.55114457955,108.55115758874543,108.55117358005019,108.55119112010213,108.55121015590016,108.5512203786896,108.55102061731044,108.54704679292477,108.47672263425558,107.23866231031198,86.45472744890863,84.43963131140971,83.20640226501895,83.38075687560594,88.70511651048635
120.0,120.0,120.0,120.0,120.0,120.0,120.0,120.0,120.0,120.0,108.55114457955,108.55115758874543,108.55117358005019,108.55119112010213,108.55121015590016,108.5512203786896,108.55102061731044,108.54704679292477,108.47672263425558,107.23866231031198,86.45472744890863,84.43963131140971,83.20640226501895,83.38075687560594,88.70511651048635
120.0,120.0,120.0,120.0,120.0,120.0,120.0,120.0,120.0,120.0,108.55114457955,108.55115758874543,108.55117358005019,108.55119112010213,108.55121015590016,108.5512203786896,108.55102061731044,108.54704679292477,108.47672263425558,107.23866231031198,86.45472744890863,84.43963131140971,83.20640226501895,83.38075687560594,88.70511651048635
120.0,120.0,120.0,120.0,120.0,120.0,120.0,120.0,120.0,120.0,108.55114457955,108.55115758874543,108.55117358005019,108.55119112010213,108.55121015590016,108.5512203786896,108.55102061731044,108.54704679292477,108.47672263425558,107.23866231031198,86.45472744890863,84.43963131140971,83.20640226501895,83.38075687560594,88.70511651048635
120.0,120.0,120.0,120.0,120.0,120.0,120.0,120.0,120.0,120.0,108.55114457955,108.55115758874543,108.55117358005019,108.55119112010213,108.55121015590016,108.5512203786896,108.55102061731044,108.54704679292477,108.47672263425558,107.23866231031198,86.45472744890863,84.43963131140971,83.20640226501895,83.38075687560594,88.70511651048635
120.0,120.0,120.0,120.0,120.0,120.0,120.0,120.0,120.0,120.0,108.55114457955,108.55115758874543,108.55117358005019,108.55119112010213,108.55121015590016,108.5512203786896,108.55102061731044,108.54704679292477,108.47672263425558,107.23866231031198,86.45472744890863,84.43963131140971,83.20640226501895,83.38075687560594,88.70511651048635
120.0,120.0,120.0,120.0,120.0,120.0,120.0,120.0,120.0,120.0,108.55114457955,108.55115758874543,108.55117358005019,108.55119112010213,108.55121015590016,108.5512203786896,108.55102061731044,108.54704679292477,108.47672263425558,107.23866231031198,86.45472744890863,84.43963131140971,83.20640226501895,83.38075687560594,88.70511651048635
120.0,120.0,120.0,120.0,120.0,120.0,120.0,120.0,120.0,120.0,108.55114457955,108.55115758874543,108.55117358005019,108.55119112010213,108.55121015590016,108.5512203786896,108.55102061731044,108.54704679292477,108.47672263425558,107.23866231031198,86.45472744890863,84.43963131140971,83.20640226501895,83.38075687560594,88.70511651048635
120.0,120.0,120.0,120.0,120.0,120.0,120.0,120.0,120.0,120.0,108.55114457955,108.55115758874543,108.55117358005019,108.55119112010213,108.55121015590016,108.5512203786896,108.55102061731044,108.54704679292477,108.47672263425558,107.23866231031198,86.45472744890863,84.43963131140971,83.20640226501895,83.38075687560594,88.70511651048635
120.0,120.0,120.0,120.0,120.0,120.0,120.0,120.0,120.0,120.0,108.55114457955,108.55115758874543,108.55117358005019,108.55119112010213,108.55121015590016,108.5512203786896,108.55102061731044,108.54704679292477,108.47672263425558,107.23866231031198,86.45472744890863,84.43963131140971,83.20640226501895,83.38075687560594,88.70511651048635
120.0,120.0,120.0,120.0,120.0,120.0,120.0,120.0,120.0,120.0,108.55114457840837,108.55115758209384,108.55117356754238,108.5511911029937,108.55121013612725,108.55122035730085,108.5510205996199,108.54704678273423,108.47672263014394,107.2386623163728,86.45472748843217,84.43963139172418,83.20640238669046,83.38075702245133,88.70511663363729
120.0,120.0,120.0,120.0,120.0,120.0,120.0,120.0,120.0,120.0,108.55114457840837,108.55115758209384,108.55117356754238,108.5511911029937,108.55121013612725,108.55122035730085,108.5510205996199,108.54704678273423,108.47672263014394,107.2386623163728,86.45472748843217,84.43963139172418,83.20640238669046,83.38075702245133,88.70511663363729
120.0,120.0,120.0,120.0,120.0,120.0,120.0,120.0,120.0,120.0,108.55114457840837,108.55115758209384,108.55117356754238,108.5511911029937,108.55121013612725,108.55122035730085,108.5510205996199,108.54704678273423,108.47672263014394,107.2386623163728,86.45472748843217,84.43963139172418,83.20640238669046,83.38075702245133,88.70511663363729
120.0,120.0,120.0,120.0,120.0,120.0,120.0,120.0,120.0,120.0,108.55114457840837,108.55115758209384,108.55117356754238,108.5511911029937,108.55121013612725,108.55122035730085,108.5510205996199,108.54704678273423,108.47672263014394,107.2386623163728,86.45472748843217,84.43963139172418,83.20640238669046,83.38075702245133,88.70511663363729
120.0,120.0,120.0,120.0,120.0,120.0,120.0,120.0,120.0,120.0,108.55114457840837,108.55115758209384,108.55117356754238,108.5511911029937,108.55121013612725,108.55122035730085,108.5510205996199,108.54704678273423,108.47672263014394,107.2386623163728,86.45472748843217,84.43963139172418,83.20640238669046,83.38075702245133,88.70511663363729
120.0,120.0,120.0,120.0,120.0,120.0,120.0,120.0,120.0,120.0,108.55114457840837,108.55115758209384,108.55117356754238,108.5511911029937,108.55121013612725,108.55122035730085,108.5510205996199,108.54704678273423,108.47672263014394,107.2386623163728,86.45472748843217,84.43963139172418,83.20640238669046,83.38075702245133,88.70511663363729
120.0,120.0,120.0,120.0,120.0,120.0,120.0,120.0,120.0,120.0,108.55114457840837,108.55115758209384,108.55117356754238,108.5511911029937,108.55121013612725,108.55122035730085,108.5510205996199,108.54704678273423,108.47672263014394,107.2386623163728,86.45472748843217,84.43963139172418,83.20640238669046,83.38075702245133,88.70511663363729
120.0,120.0,120.0,120.0,120.0,120.0,120.0,120.0,120.0,120.0,108.55114457840837,108.55115758209384,108.55117356754238,108.5511911029937,108.55121013612725,108.55122035730085,108.5510205996199,108.54704678273423,108.47672263014394,107.2386623163728,86.45472748843217,84.43963139172418,83.20640238669046,83.38075702245133,88.70511663363729
120.0,120.0,120.0,120.0,120.0,120.0,120.0,120.0,120.0,120.0,108.55114457840837,108.55115758209384,108.55117356754238,108.5511911029937,108.55121013612725,108.55122035730085,108.5510205996199,108.54704678273423,108.47672263014394,107.2386623163728,86.45472748843217,84.43963139172418,83.20640238669046,83.38075702245133,88.70511663363729
120.0,120.0,120.0,120.0,120.0,120.0,120.0,120.0,120.0,120.0,108.55114457840837,108.55115758209384,108.55117356754238,108.5511911029937,108.55121013612725,108.55122035730085,108.5510205996199,108.54704678273423,108.47672263014394,107.2386623163728,86.45472748843217,84.43963139172418,83.20640238669046,83.38075702245133,88.70511663363729
120.0,120.0,120.0,120.0,120.0,120.0,120.0,120.0,120.0,120.0,108.55114457840837,108.55115758209384,108.55117356754238,108.5511911029937,108.55121013612725,108.55122035730085,108.5510205996199,108.54704678273423,108.47672263014394,107.2386623163728,86.45472748843217,84.43963139172418,83.20640238669046,83.38075702245133,88.70511663363729
120.0,120.0,120.0,120.0,120.0,120.0,120.0,120.0,120.0,120.0,108.55114457840837,108.55115758209384,108.55117356754238,108.5511911029937,108.55121013612725,108.55122035730085,108.5510205996199,108.54704678273423,108.47672263014394,107.2386623163728,86.45472748843217,84.43963139172418,83.20640238669046,83.38075702245133,88.70511663363729
120.0,120.0,120.0,120.0,120.0,120.0,120.0,120.0,120.0,120.0,108.55114457858609,108.55115758109112,108.5511735647393,108.55119109846352,108.55121013045557,108.55122035078895,108.55102059328539,108.54704677784464,108.47672262685445,107.23866231485908,86.45472749006572,84.43963140392358,83.20640241303639,83.3807570606974,88.70511666848692
120.0,120.0,120.0,120.0,120.0,120.0,120.0,120.0,120.0,120.0,108.55114457858609,108.55115758109112,108.5511735647393,108.55119109846352,108.55121013045557,108.55122035078895,108.55102059328539,108.54704677784464,108.47672262685445,107.23866231485908,86.45472749006572,84.43963140392358,83.20640241303639,83.3807570606974,88.70511666848692
120.0,120.0,120.0,120.0,120.0,120.0,120.0,120.0,120.0,120.0,108.55114457858609,108.55115758109112,108.5511735647393,108.55119109846352,108.55121013045557,108.55122035078895,108.55102059328539,108.54704677784464,108.47672262685445,107.23866231485908,86.45472749006572,84.43963140392358,83.20640241303639,83.3807570606974,88.70511666848692
120.0,120.0,120.0,120.0,120.0,120.0,120.0,120.0,120.0,120.0,108.55114457858609,108.55115758109112,108.5511735647393,108.55119109846352,108.55121013045557,108.55122035078895,108.55102059328539,108.54704677784464,108.47672262685445,107.23866231485908,86.45472749006572,84.43963140392358,83.20640241303639,83.3807570606974,88.70511666848692
120.0,120.0,120.0,120.0,120.0,120.0,120.0,120.0,120.0,120.0,108.55114457858609,108.55115758109112,108.5511735647393,108.55119109846352,108.55121013045557,108.55122035078895,108.55102059328539,108.54704677784464,108.47672262685445,107.23866231485908,86.45472749006572,84.43963140392358,83.20640241303639,83.3807570606974,88.70511666848692
120.0,120.0,120.0,120.0,120.0,120.0,120.0,120.0,120.0,120.0,108.55114457858609,108.55115758109112,108.5511735647393,108.55119109846352,108.55121013045557,108.55122035078895,108.55102059328539,108.54704677784464,108.47672262685445,107.23866231485908,86.45472749006572,84.43963140392358,83.20640241303639,83.3807570606974,88.70511666848692
120.0,120.0,120.0,120.0,120.0,120.0,120.0,120.0,120.0,120.0,108.55114457858609,108.55115758109112,108.5511735647393,108.55119109846352,108.55121013045557,108.55122035078895,108.55102059328539,108.54704677784464,108.47672262685445,107.23866231485908,86.45472749006572,84.43963140392358,83.20640241303639,83.3807570606974,88.70511666848692
120.0,120.0,120.0,120.0,120.0,120.0,120.0,120.0,120.0,120.0,108.55114457858609,108.55115758109112,108.5511735647393,108.55119109846352,108.55121013045557,108.55122035078895,108.55102059328539,108.54704677784464,108.47672262685445,107.23866231485908,86.45472749006572,84.43963140392358,83.20640241303639,83.3807570606974,88.70511666848692
120.0,120.0,120.0,120.0,120.0,120.0,120.0,120.0,120.0,120.0,108.55114457858609,108.55115758109112,108.5511735647393,108.55119109846352,108.55121013045557,108.55122035078895,108.55102059328539,108.54704677784464,108.47672262685445,107.23866231485908,86.45472749006572,84.43963140392358,83.20640241303639,83.3807570606974,88.70511666848692
120.0,120.0,120.0,120.0,120.0,120.0,120.0,120.0,120.0,120.0,108.55114457858609,108.55115758109112,108.5511735647393,108.55119109846352,108.55121013045557,108.55122035078895,108.55102059328539,108.54704677784464,108.47672262685445,107.23866231485908,86.45472749006572,84.43963140392358,83.20640241303639,83.3807570606974,88.70511666848692
120.0,120.0,120.0,120.0,120.0,120.0,120.0,120.0,120.0,120.0,108.55114457858609,108.55115758109112,108.5511735647393,108.55119109846352,108.55121013045557,108.55122035078895,108.55102059328539,108.54704677784464,108.47672262685445,107.23866231485908,86.45472749006572,84.43963140392358,83.20640241303639,83.3807570606974,88.70511666848692
120.0,120.0,120.0,120.0,120.0,120.0,120.0,120.0,120.0,120.0,108.55114457858609,108.55115758109112,108.5511735647393,108.55119109846352,108.55121013045557,108.55122035078895,108.55102059328539,108.54704677784464,108.47672262685445,107.23866231485908,86.45472749006572,84.43963140392358,83.20640241303639,83.3807570606974,88.70511666848692
120.0,120.0,120.0,120.0,120.0,120.0,120.0,120.0,120.0,120.0,108.55114457873472,108.5511575811544,108.551173564496,108.55119109785815,108.55121012958386,108.55122034969581,108.55102059201145,108.54704677662137,108.47672262584068,107.2386623138497,86.45472748799311,84.43963140320801,83.20640241504783,83.38075706565971,88.70511667374211
120.0,120.0,120.0,120.0,120.0,120.0,120.0,120.0,120.0,120.0,108.55114457873472,108.5511575811544,108.551173564496,108.55119109785815,108.55121012958386,108.55122034969581,108.55102059201145,108.54704677662137,108.47672262584068,107.2386623138497,86.45472748799311,84.43963140320801,83.20640241504783,83.38075706565971,88.70511667374211
120.0,120.0,120.0,120.0,120.0,120.0,120.0,120.0,120.0,120.0,108.55114457873472,108.5511575811544,108.551173564496,108.55119109785815,108.55121012958386,108.55122034969581,108.55102059201145,108.54704677662137,108.47672262584068,107.2386623138497,86.45472748799311,84.43963140320801,83.20640241504783,83.38075706565971,88.70511667374211
120.0,120.0,120.0,120.0,120.0,120.0,120.0,120.0,120.0,120.0,108.55114457873472,108.5511575811544,108.551173564496,108.55119109785815,108.55121012958386,108.55122034969581,108.55102059201145,108.54704677662137,108.47672262584068,107.2386623138497,86.45472748799311,84.43963140320801,83.20640241504783,83.38075706565971,88.70511667374211
120.0,120.0,120.0,120.0,120.0,120.0,120.0,120.0,120.0,120.0,108.55114457873472,108.5511575811544,108.551173564496,108.55119109785815,108.55121012958386,108.55122034969581,108.55102059201145,108.54704677662137,108.47672262584068,107.2386623138497,86.45472748799311,84.43963140320801,83.20640241504783,83.38075706565971,88.70511667374211
120.0,120.0,120.0,120.0,120.0,120.0,120.0,120.0,120.0,120.0,108.55114457873472,108.5511575811544,108.551173564496,108.55119109785815,108.55121012958386,108.55122034969581,108.55102059201145,108.54704677662137,108.47672262584068,107.2386623138497,86.45472748799311,84.43963140320801,83.20640241504783,83.38075706565971,88.70511667374211
120.0,120.0,120.0,120.0,120.0,120.0,120.0,120.0,120.0,120.0,108.55114457873472,108.5511575811544,108.551173564496,108.55119109785815,108.55121012958386,108.55122034969581,108.55102059201145,108.54704677662137,108.47672262584068,107.2386623138497,86.45472748799311,84.43963140320801,83.20640241504783,83.38075706565971,88.70511667374211
120.0,120.0,120.0,120.0,120.0,120.0,120.0,120.0,120.0,120.0,108.55114457873472,108.5511575811544,108.551173564496,108.55119109785815,108.55121012958386,108.55122034969581,108.55102059201145,108.54704677662137,108.47672262584068,107.2386623138497,86.45472748799311,84.43963140320801,83.20640241504783,83.38075706565971,88.70511667374211
120.0,120.0,120.0,120.0,120.0,120.0,120.0,120.0,120.0,120.0,108.55114457873472,108.5511575811544,108.551173564496,108.55119109785815,108.55121012958386,108.55122034969581,108.55102059201145,108.54704677662137,108.47672262584068,107.2386623138497,86.45472748799311,84.43963140320801,83.20640241504783,83.38075706565971,88.70511667374211
120.0,120.0,120.0,120.0,120.0,120.0,120.0,120.0,120.0,120.0,108.55114457873472,108.5511575811544,108.551173564496,108.55119109785815,108.55121012958386,108.55122034969581,108.55102059201145,108.54704677662137,108.47672262584068,107.2386623138497,86.45472748799311,84.43963140320801,83.20640241504783,83.38075706565971,88.70511667374211
120.0,120.0,120.0,120.0,120.0,120.0,120.0,120.0,120.0,120.0,108.55114457873472,108.5511575811544,108.551173564496,108.55119109785815,108.55121012958386,108.55122034969581,108.55102059201145,108.54704677662137,108.47672262584068,107.2386623138497,86.45472748799311,84.43963140320801,83.20640241504783,83.38075706565971,88.70511667374211
120.0,120.0,120.0,120.0,120.0,120.0,120.0,120.0,120.0,120.0,108.55114457873472,108.5511575811544,108.551173564496,108.55119109785815,108.55121012958386,108.55122034969581,108.55102059201145,108.54704677662137,108.47672262584068,107.2386623138497,86.45472748799311,84.43963140320801,83.20640241504783,83.38075706565971,88.70511667374211
120.0,120.0,120.0,120.0,120.0,120.0,120.0,120.0,120.0,120.0,108.55114457878099,108.5511575812481,108.55117356459267,108.55119109793127,108.55121012963029,108.55122034971282,108.55102059194579,108.54704677647584,108.47672262566775,107.23866231355716,86.45472748706645,84.43963140209048,83.20640241403167,83.38075706498766,88.70511667341769
120.0,120.0,120.0,120.0,120.0,120.0,120.0,120.0,120.0,120.0,108.55114457878099,108.5511575812481,108.55117356459267,108.55119109793127,108.55121012963029,108.55122034971282,108.55102059194579,108.54704677647584,108.47672262566775,107.23866231355716,86.45472748706645,84.43963140209048,83.20640241403167,83.38075706498766,88.70511667341769
120.0,120.0,120.0,120.0,120.0,120.0,120.0,120.0,120.0,120.0,108.55114457878099,108.5511575812481,108.55117356459267,108.55119109793127,108.55121012963029,108.55122034971282,108.55102059194579,108.54704677647584,108.47672262566775,107.23866231355716,86.45472748706645,84.43963140209048,83.20640241403167,83.38075706498766,88.70511667341769
120.0,120.0,120.0,120.0,120.0,120.0,120.0,120.0,120.0,120.0,108.55114457878099,108.5511575812481,108.55117356459267,108.55119109793127,108.55121012963029,108.55122034971282,108.55102059194579,108.54704677647584,108.47672262566775,107.23866231355716,86.45472748706645,84.43963140209048,83.20640241403167,83.38075706498766,88.70511667341769
120.0,120.0,120.0,120.0,120.0,120.0,120.0,120.0,120.0,120.0,108.55114457878099,108.5511575812481,108.55117356459267,108.55119109793127,108.55121012963029,108.55122034971282,108.55102059194579,108.54704677647584,108.47672262566775,107.23866231355716,86.45472748706645,84.43963140209048,83.20640241403167,83.38075706498766,88.70511667341769
120.0,120.0,120.0,120.0,120.0,120.0,120.0,120.0,120.0,120.0,108.55114457878099,108.5511575812481,108.55117356459267,108.55119109793127,108.55121012963029,108.55122034971282,108.55102059194579,108.54704677647584,108.47672262566775,107.23866231355716,86.45472748706645,84.43963140209048,83.20640241403167,83.38075706498766,88.70511667341769
120.0,120.0,120.0,120.0,120.0,120.0,120.0,120.0,120.0,120.0,108.55114457878099,108.5511575812481,108.55117356459267,108.55119109793127,108.55121012963029,108.55122034971282,108.55102059194579,108.54704677647584,108.47672262566775,107.23866231355716,86.45472748706645,84.43963140209048,83.20640241403167,83.38075706498766,88.70511667341769
120.0,120.0,120.0,120.0,120.0,120.0,120.0,120.0,120.0,120.0,108.55114457878099,108.5511575812481,108.55117356459267,108.55119109793127,108.55121012963029,108.55122034971282,108.55102059194579,108.54704677647584,108.47672262566775,107.23866231355716,86.45472748706645,84.43963140209048,83.20640241403167,83.38075706498766,88.70511667341769
120.0,120.0,120.0,120.0,120.0,120.0,120.0,120.0,120.0,120.0,108.55114457878099,108.5511575812481,108.55117356459267,108.55119109793127,108.55121012963029,108.55122034971282,108.55102059194579,108.54704677647584,108.47672262566775,107.23866231355716,86.45472748706645,84.43963140209048,83.20640241403167,83.38075706498766,88.70511667341769
120.0,120.0,120.0,120.0,120.0,120.0,120.0,120.0,120.0,120.0,108.55114457878099,108.5511575812481,108.55117356459267,108.55119109793127,108.55121012963029,108.55122034971282,108.55102059194579,108.54704677647584,108.47672262566775,107.23866231355716,86.45472748706645,84.43963140209048,83.20640241403167,83.38075706498766,88.70511667341769
120.0,120.0,120.0,120.0,120.0,120.0,120.0,120.0,120.0,120.0,108.55114457878099,108.5511575812481,108.55117356459267,108.55119109793127,108.55121012963029,108.55122034971282,108.55102059194579,108.54704677647584,108.47672262566775,107.23866231355716,86.45472748706645,84.43963140209048,83.20640241403167,83.38075706498766,88.70511667341769
120.0,120.0,120.0,120.0,120.0,120.0,120.0,120.0,120.0,120.0,108.55114457878099,108.5511575812481,108.55117356459267,108.55119109793127,108.55121012963029,108.55122034971282,108.55102059194579,108.54704677647584,108.47672262566775,107.23866231355716,86.45472748706645,84.43963140209048,83.20640241403167,83.38075706498766,88.70511667341769
120.0,120.0,120.0,120.0,120.0,120.0,120.0,120.0,120.0,120.0,108.55114457878899,108.55115758128056,108.55117356464734,108.55119109800152,108.55121012970827,108.55122034979446,108.5510205920074,108.54704677650253,108.47672262566934,107.23866231351148,86.45472748684458,84.43963140170067,83.20640241349464,83.38075706438366,88.70511667293003
120.0,120.0,120.0,120.0,120.0,120.0,120.0,120.0,120.0,120.0,108.55114457878899,108.55115758128056,108.55117356464734,108.55119109800152,108.55121012970827,108.55122034979446,108.5510205920074,108.54704677650253,108.47672262566934,107.23866231351148,86.45472748684458,84.43963140170067,83.20640241349464,83.38075706438366,88.70511667293003
120.0,120.0,120.0,120.0,120.0,120.0,120.0,120.0,120.0,120.0,108.55114457878899,108.55115758128056,108.55117356464734,108.55119109800152,108.55121012970827,108.55122034979446,108.5510205920074,108.54704677650253,108.47672262566934,107.23866231351148,86.45472748684458,84.43963140170067,83.20640241349464,83.38075706438366,88.70511667293003
120.0,120.0,120.0,120.0,120.0,120.0,120.0,120.0,120.0,120.0,108.55114457878899,108.55115758128056,108.55117356464734,108.55119109800152,108.55121012970827,108.55122034979446,108.5510205920074,108.54704677650253,108.47672262566934,107.23866231351148,86.45472748684458,84.43963140170067,83.20640241349464,83.38075706438366,88.70511667293003
120.0,120.0,120.0,120.0,120.0,120.0,120.0,120.0,120.0,120.0,108.55114457878899,108.55115758128056,108.55117356464734,108.55119109800152,108.55121012970827,108.55122034979446,108.5510205920074,108.54704677650253,108.47672262566934,107.23866231351148,86.45472748684458,84.43963140170067,83.20640241349464,83.38075706438366,88.70511667293003
120.0,120.0,120.0,120.0,120.0,120.0,120.0,120.0,120.0,120.0,108.55114457878899,108.55115758128056,108.55117356464734,108.55119109800152,108.55121012970827,108.55122034979446,108.5510205920074,108.54704677650253,108.47672262566934,107.23866231351148,86.45472748684458,84.43963140170067,83.20640241349464,83.38075706438366,88.70511667293003
120.0,120.0,120.0,120.0,120.0,120.0,120.0,120.0,120.0,120.0,108.55114457878899,108.55115758128056,108.55117356464734,108.55119109800152,108.55121012970827,108.55122034979446,108.5510205920074,108.54704677650253,108.47672262566934,107.23866231351148,86.45472748684458,84.43963140170067,83.20640241349464,83.38075706438366,88.70511667293003
120.0,120.0,120.0,120.0,120.0,120.0,120.0,120.0,120.0,120.0,108.55114457878899,108.55115758128056,108.55117356464734,108.55119109800152,108.55121012970827,108.55122034979446,108.5510205920074,108.54704677650253,108.47672262566934,107.23866231351148,86.45472748684458,84.43963140170067,83.20640241349464,83.38075706438366,88.70511667293003
120.0,120.0,120.0,120.0,120.0,120.0,120.0,120.0,120.0,120.0,108.55114457878899,108.55115758128056,108.55117356464734,108.55119109800152,108.55121012970827,108.55122034979446,108.5510205920074,108.54704677650253,108.47672262566934,107.23866231351148,86.45472748684458,84.43963140170067,83.20640241349464,83.38075706438366,88.70511667293003
120.0,120.0,120.0,120.0,120.0,120.0,120.0,120.0,120.0,120.0,108.55114457878899,108.55115758128056,108.55117356464734,108.55119109800152,108.55121012970827,108.55122034979446,108.5510205920074,108.54704677650253,108.47672262566934,107.23866231351148,86.45472748684458,84.43963140170067,83.20640241349464,83.38075706438366,88.70511667293003
120.0,120.0,120.0,120.0,120.0,120.0,120.0,120.0,120.0,120.0,108.55114457878899,108.55115758128056,108.55117356464734,108.55119109800152,108.55121012970827,108.55122034979446,108.5510205920074,108.54704677650253,108.47672262566934,107.23866231351148,86.45472748684458,84.43963140170067,83.20640241349464,83.38075706438366,88.70511667293003
120.0,120.0,120.0,120.0,120.0,120.0,120.0,120.0,120.0,120.0,108.55114457878899,108.55115758128056,108.55117356464734,108.55119109800152,108.55121012970827,108.55122034979446,108.5510205920074,108.54704677650253,108.47672262566934,107.23866231351148,86.45472748684458,84.43963140170067,83.20640241349464,83.38075706438366,88.70511667293003
120.0,120.0,120.0,120.0,120.0,120.0,120.0,120.0,120.0,120.0,108.55114457878895,108.55115758128689,108.5511735646622,108.5511910980241,108.55121012973571,108.55122034982537,108.5510205920361,108.54704677652296,108.47672262568183,107.2386623135136,86.45472748682097,84.43963140162421,83.20640241335342,83.38075706419255,88.70511667276078
120.0,120.0,120.0,120.0,120.0,120.0,120.0,120.0,120.0,120.0,108.55114457878895,108.55115758128689,108.5511735646622,108.5511910980241,108.55121012973571,108.55122034982537,108.5510205920361,108.54704677652296,108.47672262568183,107.2386623135136,86.45472748682097,84.43963140162421,83.20640241335342,83.38075706419255,88.70511667276078
120.0,120.0,120.0,120.0,120.0,120.0,120.0,120.0,120.0,120.0,108.55114457878895,108.55115758128689,108.5511735646622,108.5511910980241,108.55121012973571,108.55122034982537,108.5510205920361,108.54704677652296,108.47672262568183,107.2386623135136,86.45472748682097,84.43963140162421,83.20640241335342,83.38075706419255,88.70511667276078
120.0,120.0,120.0,120.0,120.0,120.0,120.0,120.0,120.0,120.0,108.55114457878895,108.55115758128689,108.5511735646622,108.5511910980241,108.55121012973571,108.55122034982537,108.5510205920361,108.54704677652296,108.47672262568183,107.2386623135136,86.45472748682097,84.43963140162421,83.20640241335342,83.38075706419255,88.70511667276078
120.0,120.0,120.0,120.0,120.0,120.0,120.0,120.0,120.0,120.0,108.55114457878895,108.55115758128689,108.5511735646622,108.5511910980241,108.55121012973571,108.55122034982537,108.5510205920361,108.54704677652296,108.47672262568183,107.2386623135136,86.45472748682097,84.43963140162421,83.20640241335342,83.38075706419255,88.70511667276078
120.0,120.0,120.0,120.0,120.0,120.0,120.0,120.0,120.0,120.0,108.55114457878895,108.55115758128689,108.5511735646622,108.5511910980241,108.55121012973571,108.55122034982537,108.5510205920361,108.54704677652296,108.47672262568183,107.2386623135136,86.45472748682097,84.43963140162421,83.20640241335342,83.38075706419255,88.70511667276078
120.0,120.0,120.0,120.0,120.0,120.0,120.0,120.0,120.0,120.0,108.55114457878895,108.55115758128689,108.5511735646622,108.5511910980241,108.55121012973571,108.55122034982537,108.5510205920361,108.54704677652296,108.47672262568183,107.2386623135136,86.45472748682097,84.43963140162421,83.20640241335342,83.38075706419255,88.70511667276078
120.0,120.0,120.0,120.0,120.0,120.0,120.0,120.0,120.0,120.0,108.55114457878895,108.55115758128689,108.5511735646622,108.5511910980241,108.55121012973571,108.55122034982537,108.5510205920361,108.54704677652296,108.47672262568183,107.2386623135136,86.45472748682097,84.43963140162421,83.20640241335342,83.38075706419255,88.70511667276078
120.0,120.0,120.0,120.0,120.0,120.0,120.0,120.0,120.0,120.0,108.55114457878895,108.55115758128689,108.5511735646622,108.5511910980241,108.55121012973571,108.55122034982537,108.5510205920361,108.54704677652296,108.47672262568183,107.2386623135136,86.45472748682097,84.43963140162421,83.20640241335342,83.38075706419255,88.70511667276078
120.0,120.0,120.0,120.0,120.0,120.0,120.0,120.0,120.0,120.0,108.55114457878895,108.55115758128689,108.5511735646622,108.5511910980241,108.55121012973571,108.55122034982537,108.5510205920361,108.54704677652296,108.47672262568183,107.2386623135136,86.45472748682097,84.43963140162421,83.20640241335342,83.38075706419255,88.70511667276078
120.0,120.0,120.0,120.0,120.0,120.0,120.0,120.0,120.0,120.0,108.55114457878895,108.55115758128689,108.5511735646622,108.5511910980241,108.55121012973571,108.55122034982537,108.5510205920361,108.54704677652296,108.47672262568183,107.2386623135136,86.45472748682097,84.43963140162421,83.20640241335342,83.38075706419255,88.70511667276078
120.0,120.0,120.0,120.0,120.0,120.0,120.0,120.0,120.0,120.0,108.55114457878895,108.55115758128689,108.5511735646622,108.5511910980241,108.55121012973571,108.55122034982537,108.5510205920361,108.54704677652296,108.47672262568183,107.2386623135136,86.45472748682097,84.43963140162421,83.20640241335342,83.38075706419255,88.70511667276078
120.0,120.0,120.0,120.0,120.0,120.0,120.0,120.0,120.0,120.0,108.55114440107903,108.55115744891675,108.55117346417346,108.55119102251854,108.55121007665244,108.55122031311042,108.5510205676335,108.54704676120028,108.47672261640143,107.23866231006615,86.45472749291116,84.43963140684386,83.2064024170414,83.38075706606243,88.70511667281792
120.0,120.0,120.0,120.0,120.0,120.0,120.0,120.0,120.0,120.0,108.55114440107903,108.55115744891675,108.55117346417346,108.55119102251854,108.55121007665244,108.55122031311042,108.5510205676335,108.54704676120028,108.47672261640143,107.23866231006615,86.45472749291116,84.43963140684386,83.2064024170414,83.38075706606243,88.70511667281792
120.0,120.0,120.0,120.0,120.0,120.0,120.0,120.0,120.0,120.0,108.55114440107903,108.55115744891675,108.55117346417346,108.55119102251854,108.55121007665244,108.55122031311042,108.5510205676335,108.54704676120028,108.47672261640143,107.23866231006615,86.45472749291116,84.43963140684386,83.2064024170414,83.38075706606243,88.70511667281792
120.0,120.0,120.0,120.0,120.0,120.0,120.0,120.0,120.0,120.0,108.55114440107903,108.55115744891675,108.55117346417346,108.55119102251854,108.55121007665244,108.55122031311042,108.5510205676335,108.54704676120028,108.47672261640143,107.23866231006615,86.45472749291116,84.43963140684386,83.2064024170414,83.38075706606243,88.70511667281792
120.0,120.0,120.0,120.0,120.0,120.0,120.0,120.0,120.0,120.0,108.55114440107903,108.55115744891675,108.55117346417346,108.55119102251854,108.55121007665244,108.55122031311042,108.5510205676335,108.54704676120028,108.47672261640143,107.23866231006615,86.45472749291116,84.43963140684386,83.2064024170414,83.38075706606243,88.70511667281792
120.0,120.0,120.0,120.0,120.0,120.0,120.0,120.0,120.0,120.0,108.55114440107903,108.55115744891675,108.55117346417346,108.55119102251854,108.55121007665244,108.55122031311042,108.5510205676335,108.54704676120028,108.47672261640143,107.23866231006615,86.45472749291116,84.43963140684386,83.2064024170414,83.38075706606243,88.70511667281792
120.0,120.0,120.0,120.0,120.0,120.0,120.0,120.0,120.0,120.0,108.55114440107903,108.55115744891675,108.55117346417346,108.55119102251854,108.55121007665244,108.55122031311042,108.5510205676335,108.54704676120028,108.47672261640143,107.23866231006615,86.45472749291116,84.43963140684386,83.2064024170414,83.38075706606243,88.70511667281792
120.0,120.0,120.0,120.0,120.0,120.0,120.0,120.0,120.0,120.0,108.55114440107903,108.55115744891675,108.55117346417346,108.55119102251854,108.55121007665244,108.55122031311042,108.5510205676335,108.54704676120028,108.47672261640143,107.23866231006615,86.45472749291116,84.43963140684386,83.2064024170414,83.38075706606243,88.70511667281792
120.0,120.0,120.0,120.0,120.0,120.0,120.0,120.0,120.0,120.0,108.55114440107903,108.55115744891675,108.55117346417346,108.55119102251854,108.55121007665244,108.55122031311042,108.5510205676335,108.54704676120028,108.47672261640143,107.23866231006615,86.45472749291116,84.43963140684386,83.2064024170414,83.38075706606243,88.70511667281792
120.0,120.0,120.0,120.0,120.0,120.0,120.0,120.0,120.0,120.0,108.55114440107903,108.55115744891675,108.55117346417346,108.55119102251854,108.55121007665244,108.55122031311042,108.5510205676335,108.54704676120028,108.47672261640143,107.23866231006615,86.45472749291116,84.43963140684386,83.2064024170414,83.38075706606243,88.70511667281792
120.0,120.0,120.0,120.0,120.0,120.0,120.0,120.0,120.0,120.0,108.55114440107903,108.55115744891675,108.55117346417346,108.55119102251854,108.55121007665244,108.55122031311042,108.5510205676335,108.54704676120028,108.47672261640143,107.23866231006615,86.45472749291116,84.43963140684386,83.2064024170414,83.38075706606243,88.70511667281792
120.0,120.0,120.0,120.0,120.0,120.0,120.0,120.0,120.0,120.0,108.55114440107903,108.55115744891675,108.55117346417346,108.55119102251854,108.55121007665244,108.55122031311042,108.5510205676335,108.54704676120028,108.47672261640143,107.23866231006615,86.45472749291116,84.43963140684386,83.2064024170414,83.38075706606243,88.70511667281792
120.0,120.0,120.0,120.0,120.0,120.0,120.0,120.0,120.0,120.0,108.5511445458694,108.55115756755356,108.5511735459934,108.55119107413985,108.55121010686717,108.55122033534636,108.55102057972293,108.54704676362637,108.47672262310564,107.23866231424856,86.45472749152792,84.43963141849244,83.20640243676353,83.38075708852062,88.7051166925028
120.0,120.0,120.0,120.0,120.0,120.0,120.0,120.0,120.0,120.0,108.5511445458694,108.55115756755356,108.5511735459934,108.55119107413985,108.55121010686717,108.55122033534636,108.55102057972293,108.54704676362637,108.47672262310564,107.23866231424856,86.45472749152792,84.43963141849244,83.20640243676353,83.38075708852062,88.7051166925028
120.0,120.0,120.0,120.0,120.0,120.0,120.0,120.0,120.0,120.0,108.5511445458694,108.55115756755356,108.5511735459934,108.55119107413985,108.55121010686717,108.55122033534636,108.55102057972293,108.54704676362637,108.47672262310564,107.23866231424856,86.45472749152792,84.43963141849244,83.20640243676353,83.38075708852062,88.7051166925028
120.0,120.0,120.0,120.0,120.0,120.0,120.0,120.0,120.0,120.0,108.5511445458694,108.55115756755356,108.5511735459934,108.55119107413985,108.55121010686717,108.55122033534636,108.55102057972293,108.54704676362637,108.47672262310564,107.23866231424856,86.45472749152792,84.43963141849244,83.20640243676353,83.38075708852062,88.7051166925028
120.0,120.0,120.0,120.0,120.0,120.0,120.0,120.0,120.0,120.0,108.5511445458694,108.55115756755356,108.5511735459934,108.55119107413985,108.55121010686717,108.55122033534636,108.55102057972293,108.54704676362637,108.47672262310564,107.23866231424856,86.45472749152792,84.43963141849244,83.20640243676353,83.38075708852062,88.7051166925028
120.0,120.0,120.0,120.0,120.0,120.0,120.0,120.0,120.0,120.0,108.5511445458694,108.55115756755356,108.5511735459934,108.55119107413985,108.55121010686717,108.55122033534636,108.55102057972293,108.54704676362637,108.47672262310564,107.23866231424856,86.45472749152792,84.43963141849244,83.20640243676353,83.38075708852062,88.7051166925028
120.0,120.0,120.0,120.0,120.0,120.0,120.0,120.0,120.0,120.0,108.5511445458694,108.55115756755356,108.5511735459934,108.55119107413985,108.55121010686717,108.55122033534636,108.55102057972293,108.54704676362637,108.47672262310564,107.23866231424856,86.45472749152792,84.43963141849244,83.20640243676353,83.38075708852062,88.7051166925028
120.0,120.0,120.0,120.0,120.0,120.0,120.0,120.0,120.0,120.0,108.5511445458694,108.55115756755356,108.5511735459934,108.55119107413985,108.55121010686717,108.55122033534636,108.55102057972293,108.54704676362637,108.47672262310564,107.23866231424856,86.45472749152792,84.43963141849244,83.20640243676353,83.38075708852062,88.7051166925028
120.0,120.0,120.0,120.0,120.0,120.0,120.0,120.0,120.0,120.0,108.5511445458694,108.55115756755356,108.5511735459934,108.55119107413985,108.55121010686717,108.55122033534636,108.55102057972293,108.54704676362637,108.47672262310564,107.23866231424856,86.45472749152792,84.43963141849244,83.20640243676353,83.38075708852062,88.7051166925028
120.0,120.0,120.0,120.0,120.0,120.0,120.0,120.0,120.0,120.0,108.5511445458694,108.55115756755356,108.5511735459934,108.55119107413985,108.55121010686717,108.55122033534636,108.55102057972293,108.54704676362637,108.47672262310564,107.23866231424856,86.45472749152792,84.43963141849244,83.20640243676353,83.38075708852062,88.7051166925028
120.0,120.0,120.0,120.0,120.0,120.0,120.0,120.0,120.0,120.0,108.5511445458694,108.55115756755356,108.5511735459934,108.55119107413985,108.55121010686717,108.55122033534636,108.55102057972293,108.54704676362637,108.47672262310564,107.23866231424856,86.45472749152792,84.43963141849244,83.20640243676353,83.38075708852062,88.7051166925028
120.0,120.0,120.0,120.0,120.0,120.0,120.0,120.0,120.0,120.0,108.5511445458694,108.55115756755356,108.5511735459934,108.55119107413985,108.55121010686717,108.55122033534636,108.55102057972293,108.54704676362637,108.47672262310564,107.23866231424856,86.45472749152792,84.43963141849244,83.20640243676353,83.38075708852062,88.7051166925028
120.0,120.0,120.0,120.0,120.0,120.0,120.0,120.0,120.0,120.0,108.55114456644702,108.5511575701497,108.55117355484558,108.55119108945604,108.55121012391068,108.55122034089449,108.55102058309332,108.5470467717701,108.47672261707788,107.23866230357218,86.45472747006494,84.43963138255887,83.20640239685564,83.38075705368574,88.70511666468708
120.0,120.0,120.0,120.0,120.0,120.0,120.0,120.0,120.0,120.0,108.55114456644702,108.5511575701497,108.55117355484558,108.55119108945604,108.55121012391068,108.55122034089449,108.55102058309332,108.5470467717701,108.47672261707788,107.23866230357218,86.45472747006494,84.43963138255887,83.20640239685564,83.38075705368574,88.70511666468708
120.0,120.0,120.0,120.0,120.0,120.0,120.0,120.0,120.0,120.0,108.55114456644702,108.5511575701497,108.55117355484558,108.55119108945604,108.55121012391068,108.55122034089449,108.55102058309332,108.5470467717701,108.47672261707788,107.23866230357218,86.45472747006494,84.43963138255887,83.20640239685564,83.38075705368574,88.70511666468708
120.0,120.0,120.0,120.0,120.0,120.0,120.0,120.0,120.0,120.0,108.55114456644702,108.5511575701497,108.55117355484558,108.55119108945604,108.55121012391068,108.55122034089449,108.55102058309332,108.5470467717701,108.47672261707788,107.23866230357218,86.45472747006494,84.43963138255887,83.20640239685564,83.38075705368574,88.70511666468708
120.0,120.0,120.0,120.0,120.0,120.0,120.0,120.0,120.0,120.0,108.55114456644702,108.5511575701497,108.55117355484558,108.55119108945604,108.55121012391068,108.55122034089449,108.55102058309332,108.5470467717701,108.47672261707788,107.23866230357218,86.45472747006494,84.43963138255887,83.20640239685564,83.38075705368574,88.70511666468708
120.0,120.0,120.0,120.0,120.0,120.0,120.0,120.0,120.0,120.0,108.55114456644702,108.5511575701497,108.55117355484558,108.55119108945604,108.55121012391068,108.55122034089449,108.55102058309332,108.5470467717701,108.47672261707788,107.23866230357218,86.45472747006494,84.43963138255887,83.20640239685564,83.38075705368574,88.70511666468708
120.0,120.0,120.0,120.0,120.0,120.0,120.0,120.0,120.0,120.0,108.55114456644702,108.5511575701497,108.55117355484558,108.55119108945604,108.55121012391068,108.55122034089449,108.55102058309332,108.5470467717701,108.47672261707788,107.23866230357218,86.45472747006494,84.43963138255887,83.20640239685564,83.38075705368574,88.70511666468708
120.0,120.0,120.0,120.0,120.0,120.0,120.0,120.0,120.0,120.0,108.55114456644702,108.5511575701497,108.55117355484558,108.55119108945604,108.55121012391068,108.55122034089449,108.55102058309332,108.5470467717701,108.47672261707788,107.23866230357218,86.45472747006494,84.43963138255887,83.20640239685564,83.38075705368574,88.70511666468708
120.0,120.0,120.0,120.0,120.0,120.0,120.0,120.0,120.0,120.0,108.55114456644702,108.5511575701497,108.55117355484558,108.55119108945604,108.55121012391068,108.55122034089449,108.55102058309332,108.5470467717701,108.47672261707788,107.23866230357218,86.45472747006494,84.43963138255887,83.20640239685564,83.38075705368574,88.70511666468708
120.0,120.0,120.0,120.0,120.0,120.0,120.0,120.0,120.0,120.0,108.55114456644702,108.5511575701497,108.55117355484558,108.55119108945604,108.55121012391068,108.55122034089449,108.55102058309332,108.5470467717701,108.47672261707788,107.23866230357218,86.45472747006494,84.43963138255887,83.20640239685564,83.38075705368574,88.70511666468708
120.0,120.0,120.0,120.0,120.0,120.0,120.0,120.0,120.0,120.0,108.55114456644702,108.5511575701497,108.55117355484558,108.55119108945604,108.55121012391068,108.55122034089449,108.55102058309332,108.5470467717701,108.47672261707788,107.23866230357218,86.45472747006494,84.43963138255887,83.20640239685564,83.38075705368574,88.70511666468708
120.0,120.0,120.0,120.0,120.0,120.0,120.0,120.0,120.0,120.0,108.55114456644702,108.5511575701497,108.55117355484558,108.55119108945604,108.55121012391068,108.55122034089449,108.55102058309332,108.5470467717701,108.47672261707788,107.23866230357218,86.45472747006494,84.43963138255887,83.20640239685564,83.38075705368574,88.70511666468708
