0,1,2,3,4,5,6,7,8,9,10,11,12,13,14,15,16,17,18,19,20,21,22,23,24
120.0,120.0,120.0,120.0,120.0,120.0,120.0,120.0,120.0,120.0,105.33447278265017,105.33452689746022,105.33457315273102,105.33461053414864,105.33464389762341,105.33467834224314,105.3347034280468,105.33472046918682,105.33474835648819,105.33474588107136,105.33468853911648,105.33441314640972,105.33429128774435,105.33395767742948,105.3331165072199
120.0,120.0,120.0,120.0,120.0,120.0,120.0,120.0,120.0,120.0,105.3344401074894,105.33449949389808,105.33454998477507,105.33459408823376,105.33462965729736,105.33466189366972,105.33469629069945,105.33471956187599,105.33473533294946,105.33476232367711,92.78413924557019,105.33458825802674,105.33426046952702,105.33401647695523,105.33297497583241
120.0,120.0,120.0,120.0,120.0,120.0,120.0,120.0,120.0,120.0,105.33436655073582,105.33447293612078,105.33452753543703,105.33457474003903,105.33461727181086,105.33465192493668,105.33468308087284,105.33471712137118,105.3347395876778,105.33476277893752,87.50361566467909,96.82726116760924,105.33443272002683,105.33395581007309,106.53350244687816
120.0,120.0,120.0,120.0,120.0,120.0,120.0,120.0,120.0,120.0,105.33431576569876,105.3343898736257,105.33450586933127,105.33455658596868,105.33460116009577,105.33464285628254,105.33467741534957,105.33470779492758,105.33474143593706,104.57592649955465,86.8561735522879,90.74392506306711,99.33701865806712,105.33414601034379,106.46553585668457
120.0,120.0,120.0,120.0,120.0,120.0,120.0,120.0,120.0,120.0,105.33425868850694,105.33434171406513,105.33442382023605,105.33453917480867,105.33458713218079,105.33462991495804,105.33467148538774,105.3347067393647,105.33473720148604,104.18796611275161,83.69424920684983,90.00246561391268,93.78528625818899,101.10913288659435,106.48466301720427
120.0,120.0,120.0,120.0,120.0,120.0,120.0,120.0,120.0,120.0,105.33435479373458,105.33441138822627,105.3344696464581,105.33452775349694,105.33462017480501,105.33465387207234,105.33468610138564,105.3347207753699,105.28720490426575,104.11338583068259,81.68935807715752,85.90537560933778,93.23789193440881,96.45256585988076,103.47415579359253
120.0,120.0,120.0,120.0,120.0,120.0,120.0,120.0,120.0,120.0,105.33431106939993,105.33436548867522,105.33444007592425,105.33450484421346,105.3345622796277,105.33464977754775,105.33468476791612,105.33471801629742,105.26336737531668,103.83984650680922,81.15068177655826,83.11221841016308,88.809385169355,96.13860874585613,99.8722009366058
120.0,120.0,120.0,120.0,120.0,120.0,120.0,120.0,120.0,120.0,105.33427287916022,105.33432099651772,105.33439079513825,105.33447624405191,105.33454426842025,105.33459995492339,105.33468260958382,105.33172983325213,105.25791379991071,103.64400934473323,79.91492119767796,82.25461525269728,85.74688939365343,91.76004856397233,99.88445483264493
120.0,120.0,120.0,120.0,120.0,120.0,120.0,120.0,120.0,120.0,105.33421549999129,105.33429102688685,105.334348774311,105.33442598008287,105.33451787606732,105.33458770647064,105.33464174320252,105.33028220521946,105.23607057447343,103.5758087153829,78.89958684725926,80.37719997969374,84.78330273632882,88.82382723714072,95.97885710028186
120.0,120.0,120.0,120.0,120.0,120.0,120.0,120.0,120.0,120.0,105.33415156116696,105.3342363923326,105.33432422690174,105.3343884799873,105.33446873760015,105.33456441658068,105.33444748272483,105.32985907875847,105.2218499376029,103.45438287548882,78.45173596450435,78.79036604746311,82.45526480335215,87.938834615213,93.92206331124295
120.0,120.0,120.0,120.0,120.0,120.0,120.0,120.0,120.0,120.0,105.33426311822005,105.33431222264475,105.33436968338663,105.33443801248717,105.33448804093099,105.33455480242354,105.33436613660227,105.32819982835616,105.21662366497402,103.34849319346061,77.85125102057724,77.99882722758906,80.51317535156305,85.38561810590163,93.25213524799769
120.0,120.0,120.0,120.0,120.0,120.0,120.0,120.0,120.0,120.0,105.33421273880396,105.33427336864118,105.33433703990637,105.33440261455712,105.33447872141103,105.33452396304021,105.33430068784867,105.32718477121934,105.20642629075274,103.29476209480103,77.27961460687061,76.99022964276547,79.49640420451577,83.4015630761314,91.07923458090337
120.0,120.0,120.0,120.0,120.0,120.0,120.0,120.0,120.0,120.0,105.38150252159636,105.33422185675144,105.33430066645734,105.3343722849248,105.3344432045327,105.33450906488206,105.33416229651905,105.32675823209097,105.19834939636797,103.23158241825702,76.93371797631326,76.01689530158667,78.15377749206606,82.3437465974179,89.64410942937128
120.0,120.0,120.0,120.0,120.0,120.0,120.0,120.0,120.0,120.0,105.50972648374793,105.36881425942133,105.3342511327084,105.33434005891483,105.3344159201329,105.33447269145744,105.33408376703838,105.32591452530843,105.19422191686229,103.17102578102451,76.58563148404417,75.36894044966897,76.87085737541516,80.85158728703706,88.84541632891
120.0,120.0,120.0,120.0,120.0,120.0,120.0,120.0,120.0,120.0,105.64366455874341,105.46630073410218,105.35955425829043,105.33429414806099,105.33438824303231,105.33444191212108,105.33402201298159,105.32530515523327,105.18896265370189,103.1315225303328,76.24101061378467,74.73030138978814,75.97927657878168,79.48287982007417,87.65244962442003
120.0,120.0,120.0,120.0,120.0,120.0,120.0,120.0,120.0,120.0,105.90296883509839,105.57060604607668,105.43326414167342,105.3528729343329,105.33439748415122,105.33445067818403,105.33396381534024,105.32498218430375,105.18428594342969,103.09374020681655,75.98608534747419,74.09848318270704,75.08569957395778,78.51971407284734,86.64268033688975
120.0,120.0,120.0,120.0,120.0,120.0,120.0,120.0,120.0,120.0,106.21404826679208,105.79274482723025,105.51347171506357,105.4081221401845,105.34794298239244,105.33441777777381,105.33390609643735,105.32454104984933,105.18126339078539,103.05696844851083,75.75709922242898,73.59852735711267,74.2063333700397,77.52955543741191,85.93314455938621
120.0,120.0,120.0,120.0,120.0,120.0,120.0,120.0,120.0,120.0,106.49643340482427,106.0667191012024,105.70161144201869,105.4692997384194,105.38916107649541,105.34432107993611,105.33385473324562,105.32417372007454,105.17821293219474,103.02872897132991,75.53480780185403,73.14747489178319,73.48885465201793,76.57166428928534,85.18310700650726
120.0,120.0,120.0,120.0,120.0,120.0,120.0,120.0,120.0,120.0,106.83352048669786,106.32527855303219,105.93877861124223,105.62699878362403,105.43543356136472,105.37490213318709,105.34106824317446,105.32392272035624,105.17536146370614,103.00370013059579,75.34974386744491,72.7120651699515,72.83266128484402,75.78641631643481,84.48100293963273
120.0,120.0,120.0,120.0,120.0,120.0,120.0,120.0,120.0,120.0,107.14437194964435,106.65300271776496,106.17138676825932,105.82917917620355,105.56642830587944,105.40962938866836,105.36361810639971,105.32898195394759,105.1732052408694,102.97985810316447,75.18745419255214,72.33406304159068,72.20081932057448,75.06110384919552,83.91313243454026
120.0,120.0,120.0,120.0,120.0,120.0,120.0,120.0,120.0,120.0,107.40112339550153,106.96274752613147,106.48388929134897,106.03529294026615,105.73647926026946,105.51761776121833,105.38950328840566,105.34536577232714,105.17514638902094,102.95970889458007,75.03458056577375,71.99722073428084,71.64200194999736,74.3674925344163,83.38442619642478
120.0,120.0,120.0,120.0,120.0,120.0,120.0,120.0,120.0,120.0,107.64964986072587,107.22766672513693,106.78555644333304,106.32789431116201,105.91651614701341,105.65878950556008,105.4778371487412,105.36436711775373,105.18547774638095,102.9449315664043,74.89934965959606,71.68063778520866,71.13778507528937,73.75363503570533,82.88496947750173
120.0,120.0,120.0,120.0,120.0,120.0,120.0,120.0,120.0,120.0,107.84978860575252,107.49488684228365,107.0533611921208,106.61596818255691,106.18625559164374,105.81420789453408,105.59372162220284,105.43608835102047,105.19814093649141,102.93769539612158,74.7833138677433,71.39398228091252,70.66373680172777,73.1976902113348,82.4483308641996
120.0,120.0,120.0,120.0,120.0,120.0,120.0,120.0,120.0,120.0,108.00613681981781,107.71410030719112,107.334391872241,106.88151180986767,106.45636424202876,106.05935837457399,105.72646060072624,105.53014188625576,105.25509538136068,102.93435811676173,74.68493138692305,71.13773835297425,70.23017747385387,72.67664819010969,82.05347907937916
120.0,120.0,120.0,120.0,120.0,120.0,120.0,120.0,120.0,120.0,108.14130307685872,107.89040055050079,107.56918938214473,107.17106237837288,106.71504884899367,106.30842296098788,105.94642074465675,105.64241046525457,105.33013123433129,102.9701343815355,74.60041016100708,70.90520536692539,69.83664358926976,72.20063849466652,81.68552905615793
120.0,120.0,120.0,120.0,120.0,120.0,120.0,120.0,120.0,120.0,108.2425087984659,108.04720321138173,107.76398542850536,107.41743058837528,107.0078077856055,106.5564190088845,106.1726180593474,105.83750603427923,105.42403583270524,103.0247657583431,74.58184848893174,70.69383104797473,69.47340116179481,71.76754233106611,81.35226083861525
120.0,120.0,120.0,120.0,120.0,120.0,120.0,120.0,120.0,120.0,108.31930301813046,108.16586901489771,107.94177395009518,107.62827679358246,107.26116983407707,106.84713624409129,106.40681017609056,106.04008431316267,105.59539736248524,103.1006855367023,74.60508289592919,70.53721549141828,69.1380869477831,71.36689316004964,81.05031798177619
120.0,120.0,120.0,120.0,120.0,120.0,120.0,120.0,120.0,120.0,108.3812508321686,108.25813763017992,108.0782507467385,107.82595543356814,107.48529777889034,107.10303769730643,106.6908661802686,106.25839350465246,105.77553043395962,103.254104597098,74.67333673318966,70.42042120317211,68.85055724170175,70.9965744356015,80.77183836680113
120.0,120.0,120.0,120.0,120.0,120.0,120.0,120.0,120.0,120.0,108.42574497229273,108.33398610274565,108.1869959240292,107.97987835507968,107.70091662382171,107.33715705277775,106.94495777414599,106.53189460062913,105.97779777002846,103.42626450033215,74.88394131737182,70.34474974009,68.59938231868985,70.66749325715408,80.51545239797281
120.0,120.0,120.0,120.0,120.0,120.0,120.0,120.0,120.0,120.0,108.45908232270804,108.38894878928352,108.27804647566408,108.10570228235379,107.87132300117261,107.56810611986147,107.18553114731543,106.78039196999916,106.23944828876313,103.62939418003805,75.1593365935267,70.38220981004935,68.38353865516062,70.3694240637987,80.28726736070192
120.0,120.0,120.0,120.0,120.0,120.0,120.0,120.0,120.0,120.0,108.48486933731759,108.43102584397633,108.34477408512338,108.21303148853539,108.0144207627008,107.75350355469024,107.4287171972832,107.02402503209161,106.48188141629032,103.90522366873493,75.51205492967696,70.4886504943373,68.25088459837974,70.09978428973763,80.0780722848159
120.0,120.0,120.0,120.0,120.0,120.0,120.0,120.0,120.0,120.0,108.24741525808358,108.46375637830786,108.39669136788723,108.29240505628097,108.13851547632379,107.91339533113265,107.62698818308525,107.27613726586529,106.72805495520902,104.17787521024201,76.03052370165031,70.67092091138679,68.17581517244939,69.88829701907325,79.8860583923749
120.0,120.0,120.0,120.0,120.0,120.0,120.0,120.0,120.0,120.0,107.71698233900588,108.2945092865116,108.43767782498178,108.35552867037914,108.23145087668394,108.05450762960693,107.80285568576049,107.48516475231081,106.98928037753821,104.46567735764259,76.59850662651013,71.00633084548777,68.16190030753128,69.71697519711769,79.72948791045962
120.0,120.0,120.0,120.0,120.0,120.0,120.0,120.0,120.0,120.0,107.57591956644183,107.8739731393219,108.32202030284235,108.40597021236306,108.30695071896449,108.1615661268323,107.96070956855863,107.67591289059968,107.21082777680746,104.784718547556,77.22969132432095,71.42381963722652,68.26863661512104,69.58691489191337,79.59237470073107
120.0,120.0,120.0,120.0,120.0,120.0,120.0,120.0,120.0,120.0,106.68380361237911,107.7597293819418,107.99394286127236,108.33317828115402,108.36800034357233,108.25045221109072,108.0821494191044,107.85004766760176,107.4189562648952,105.0741272299855,77.9695415780829,71.92737398231183,68.45711645010371,69.53976859098812,79.47646800884296
120.0,120.0,120.0,120.0,120.0,120.0,120.0,120.0,120.0,120.0,106.10866127047782,106.95200329358038,107.90404759020566,108.08268180184265,108.33031615304331,108.32321171068838,108.18526559753138,107.98612977117119,107.61297522843077,105.35514015923826,78.70514005308321,72.56604155706162,68.73035667945425,69.55194801774434,79.40847140598632
120.0,120.0,120.0,120.0,120.0,120.0,120.0,120.0,120.0,120.0,105.77147754877072,106.443270507123,107.18269097880545,108.0149101226399,108.14476847439931,108.31486762208456,108.2705709825231,108.10424119297267,107.76814992380916,105.62931346126236,79.45118317535642,73.26010981320474,69.13457219366148,69.6267710874666,79.3690926865295
120.0,120.0,120.0,120.0,120.0,120.0,120.0,120.0,120.0,120.0,104.92047853030066,106.1170512922435,106.73982184265338,107.37909393429548,108.09752668063042,108.18407030447823,108.28756387019507,108.2031784012928,107.90607108109914,105.86395913246565,80.21877169057565,74.0076332680745,69.62381755652216,69.8024489940882,79.36347256124412
120.0,120.0,120.0,120.0,120.0,120.0,120.0,120.0,120.0,120.0,104.46871892518172,105.27039046166132,106.42601901325935,106.99939169252755,107.54419878748392,108.1560360956051,108.20323596434994,108.24290294840067,108.02381097585864,106.07857521798586,80.93158051904281,74.8238749485796,70.19508467011318,70.0536004627075,79.41788842818833
120.0,120.0,120.0,120.0,120.0,120.0,120.0,120.0,120.0,120.0,104.09701288683098,104.84428882729055,105.59805603919337,106.699579459598,107.22372559444077,107.68076033995614,108.19339115133099,108.19868907031932,108.08854167367224,106.27122978548621,81.60803647332156,75.6419073450318,70.86836071676721,70.38164003136355,79.51435499325277
120.0,120.0,120.0,120.0,120.0,120.0,120.0,120.0,120.0,120.0,103.50422657871017,104.45925819188899,105.20342472351392,105.9023553356219,106.93962871042699,107.41498784270829,107.79098142100456,108.20653205587459,108.08295959959743,106.4103357099745,82.24746026561151,76.4593175020421,71.59750814688371,70.80904180470633,79.65863453235796
120.0,120.0,120.0,120.0,120.0,120.0,120.0,120.0,120.0,120.0,103.16841988650141,103.83373973584504,104.8072761166701,105.54249342141372,106.18257031211964,107.14819712856512,107.57505840187677,107.8715517916819,108.1112496041992,106.48284500187206,82.78474606556702,77.27389116575547,72.37328705248161,71.30910518314091,79.86858347494532
120.0,120.0,120.0,120.0,120.0,120.0,120.0,120.0,120.0,120.0,102.8657899363907,103.49683748920451,104.15977094245018,105.1378562093364,105.85911287554633,106.43860279190247,107.32727169780279,107.70095662962184,107.84099544485059,106.56891326390995,83.19209887784068,78.02640595212655,73.19422783066462,71.87727409446751,80.12782798896843
120.0,120.0,120.0,120.0,120.0,120.0,120.0,120.0,120.0,120.0,102.49547663424694,103.16840481443622,103.82842549399908,104.47899697553424,105.4487584275161,106.15164851118278,106.67026952885156,107.47383714573773,107.71261583745944,106.38788950182875,83.58603353762763,78.6870534642797,74.0123199317355,72.51717944239986,80.43862313430886
120.0,120.0,120.0,120.0,120.0,120.0,120.0,120.0,120.0,120.0,102.2609875101399,102.76044092458248,103.4756591773358,104.15867867347684,104.78873343653684,105.7386112441013,106.41885543132538,106.87275762058393,107.50918615885445,106.30660662389046,83.50848554314042,79.32281880423555,74.7986870130364,73.19627128198563,80.80654804640861
120.0,120.0,120.0,120.0,120.0,120.0,120.0,120.0,120.0,120.0,102.05015846965526,102.51109881536921,103.03523147965053,103.78329930424144,104.48367127206724,105.0868662444201,106.00645063851556,106.65516137545916,106.96609224959822,106.14219390384994,83.51554797375381,79.60861145433697,75.58551857774661,73.89443891001478,81.2120719849064
120.0,120.0,120.0,120.0,120.0,120.0,120.0,120.0,120.0,120.0,101.82999458511713,102.27310171869188,102.77521338989851,103.31622575542416,104.08740241824029,104.79983049827311,105.371261378065,106.24681552966015,106.7782475666209,105.64275548295166,83.35555115614504,79.89796058487785,76.15017294845985,74.62793062958697,81.64710372917683
120.0,120.0,120.0,120.0,120.0,120.0,120.0,120.0,120.0,120.0,101.67757339889177,102.02143605147822,102.51041145699418,103.05007238045182,103.60043017758747,104.38491781807227,105.10400150002478,105.63529219797421,106.37765079711687,105.45106810875156,82.52881142104492,80.03521255782832,76.70009311373877,75.24862205543674,82.12405651569999
120.0,120.0,120.0,120.0,120.0,120.0,120.0,120.0,120.0,120.0,101.5435997696388,101.85064069993003,102.22861828713037,102.75892205204246,103.33221558557386,103.88501438443853,104.67297586219586,105.38822614294835,105.79241254875483,105.04555681035032,82.1551942193548,79.60235521268446,77.13231118065761,75.87904640648769,82.5445679550685
120.0,120.0,120.0,120.0,120.0,120.0,120.0,120.0,120.0,120.0,101.41685578575051,101.6941809690949,102.04120222086503,102.44935329683975,103.01544281820655,103.61826304469855,104.16710827195081,104.94394001624278,105.56070810598185,104.42582069990989,81.41073168157538,79.43226990443415,77.12037917192703,76.44329441332789,83.00213551684601
120.0,120.0,120.0,120.0,120.0,120.0,120.0,120.0,120.0,120.0,101.32431121622527,101.54470204669113,101.8616015452286,102.2476383348688,102.6813914448805,103.2769368459054,103.90468453834686,104.43848729402568,105.10440760797394,104.1470135881224,80.15573011494946,78.95636815909761,77.24073376534531,76.69827593547862,83.42778055805896
120.0,120.0,120.0,120.0,120.0,120.0,120.0,120.0,120.0,120.0,101.24453317492522,101.43583740090295,101.68824487297815,102.04398945375894,102.46759194731085,102.92215389859808,103.54000764600445,104.18194858455536,104.59830023785698,103.63262909979622,79.4772026888143,77.9711493112928,77.11081662095441,77.03184289757033,83.66001813683302
120.0,120.0,120.0,120.0,120.0,120.0,120.0,120.0,120.0,120.0,101.17347284451364,101.33964997870292,101.56336103648879,101.84713416338958,102.23981205137478,102.69887791696974,103.16895095027411,103.79541810700015,104.3421813996839,103.03017351748342,78.39606568209773,77.3857362632377,76.52270959018946,77.1723688317932,83.9789594591007
120.0,120.0,120.0,120.0,120.0,120.0,120.0,120.0,120.0,120.0,101.11931300273434,101.2531882577035,101.44939813030267,101.70658163654504,102.02029481575129,102.44702911626258,102.93856165425916,103.41214095579693,103.93098379285829,102.69111219582754,77.02757329388719,76.47026581604798,76.17918195734762,76.94167870485927,84.15213044427247
120.0,120.0,120.0,120.0,120.0,120.0,120.0,120.0,120.0,120.0,101.07281489701012,101.18755450567414,101.34621721893541,101.57370011570627,101.86480805317936,102.20635139849215,102.66297914038493,103.17614154175786,103.53007550403004,102.17987060556611,76.13863193807167,75.21468111782637,75.56040858366948,76.86097751756634,84.0800363774981
120.0,120.0,120.0,120.0,120.0,120.0,120.0,120.0,120.0,120.0,101.03498896687786,101.13189589734607,101.26859974008988,101.45311991404462,101.71226137130955,102.0370513227247,102.40324320487997,102.87706130250653,103.28155524960492,101.64654882963204,74.96184565367913,74.31943417509768,74.59958986734446,76.5482910539067,84.13551418707202
120.0,120.0,120.0,120.0,120.0,120.0,120.0,120.0,120.0,120.0,101.00244297224096,101.08296676645274,101.20009049590928,101.36200307895326,101.57330595573285,101.86392796758008,102.22114763922569,102.59983431773078,102.95231417475324,101.2858391634054,73.64275760370609,73.18853593670113,73.87923949298333,75.93293632434919,83.99871069427266
120.0,120.0,120.0,120.0,120.0,120.0,120.0,120.0,120.0,120.0,100.97610271513501,101.04404995268229,101.14038252387252,101.27989347490455,101.46862946801838,101.70677101846064,102.0271540283897,102.40553054674133,102.64866478628724,100.83060987231119,72.64790045075716,71.85573756580011,72.96009064315892,75.47545581390467,83.66218497374294
120.0,120.0,120.0,120.0,120.0,120.0,120.0,120.0,120.0,120.0,100.93600964564469,101.01199251945354,101.09347617762988,101.2080995946638,101.37172278822761,101.5884129956002,101.85218352160952,102.18987289411591,102.4331700521643,100.37787249576144,71.50576031184347,70.77189085830646,71.82162605325088,74.84273824472628,83.45078246140464
120.0,120.0,120.0,120.0,120.0,120.0,120.0,120.0,120.0,120.0,89.80554575334152,100.97913744842349,101.05407536399754,101.1519495985512,101.28677155015382,101.47567802362911,101.72021193021011,101.99692313686528,102.18641574730734,100.03011065307827,70.29839243365124,69.5707239425646,70.853847913635,74.00880975350186,83.08904050723659
120.0,120.0,120.0,120.0,120.0,120.0,120.0,120.0,120.0,120.0,76.03303369668367,100.96570110884943,101.01962193469889,101.1043936671139,101.22072583102599,101.3769217884948,101.59083676978017,101.85077676865033,101.96418535421896,99.64423803076684,69.28660026641734,68.2580594578793,69.78714540009568,73.2922648229084,82.59870780509202
120.0,120.0,120.0,120.0,120.0,120.0,120.0,120.0,120.0,120.0,53.401801811413215,101.97421638058115,100.99707601919523,101.06216778914298,101.16242512031934,101.29952029323071,101.47740835622933,101.70308841232251,101.79287504475695,99.26850869804653,68.22698499188391,67.09130543734291,68.59388389421801,72.48615910649399,82.20096701114167
120.0,120.0,120.0,120.0,120.0,120.0,120.0,120.0,120.0,120.0,36.520127572798245,101.9998895365676,102.39752834973004,101.03313511086513,101.11175082865007,101.2298627943772,101.38823562498192,101.57378376899366,101.61566983778943,98.95487499757523,67.14455353828227,65.89028948117067,67.49893246222636,71.56454038872039,81.7251244046681
120.0,120.0,120.0,120.0,120.0,120.0,120.0,120.0,120.0,120.0,22.78621705126634,102.64510818917564,102.82715539017552,102.48463285767606,101.07531011353701,101.16951169691559,101.30608660697226,101.47140234203013,101.45793438409476,98.63412864253925,66.17332102879297,64.63642016434022,66.37609968992238,70.7131499627241,81.17883868878963
120.0,120.0,120.0,120.0,120.0,120.0,120.0,120.0,120.0,120.0,21.99330164920236,102.44157673036739,104.0928493649974,103.03319518609024,102.41540242994512,101.12466790871864,101.23501094636298,101.3748378783061,101.33021462374994,98.32554439871252,65.20486058465004,63.460011489650604,65.19171717631497,69.83672409604081,80.6902276222678
120.0,120.0,120.0,120.0,120.0,120.0,120.0,120.0,120.0,120.0,39.76197809656052,102.14464653572722,104.53348667993929,104.46413699730459,102.95124788652828,102.28498288547074,101.18092351097278,101.29120223214474,101.20705896143889,98.05374851722623,64.23755400944518,62.28949449660431,64.05786361627108,68.90699181956774,80.17928359219489
120.0,120.0,120.0,120.0,120.0,120.0,120.0,120.0,120.0,120.0,44.51170210886873,100.57779281306597,104.8057361979439,105.17765830802267,104.36205785002507,102.74429135204345,102.1420945526757,101.2257806768021,101.0978103931588,97.7881288141575,63.33285519332004,61.10260248705142,62.930802188404044,68.01636926203285,79.6389049377375
120.0,120.0,120.0,120.0,120.0,120.0,120.0,120.0,120.0,120.0,42.14136429830042,96.32929692307104,103.9026529266136,105.6915969463495,105.21792047383329,104.05097675432386,102.50092705128738,101.99406127024221,101.00862921631047,97.53399481299465,62.4486446366515,59.956251478382754,61.78419671342614,67.13410896222291,79.13308786189363
120.0,120.0,120.0,120.0,120.0,120.0,120.0,120.0,120.0,120.0,20.702945697488314,95.07832350472043,100.2180853173494,105.21029640806621,105.86481275177417,104.97126842137034,103.66181845119469,102.24830233822787,101.59209712510429,97.30363931899234,61.57643761047939,58.828152889403896,60.66528087115031,66.23906227045862,78.63406443569805
120.0,120.0,120.0,120.0,120.0,120.0,120.0,120.0,120.0,120.0,8.37709444077669,96.38407008338015,98.68929649969205,102.23432162458352,105.70649961340769,105.69052715319384,104.5892049275612,103.24631483993295,101.74388302015322,97.61419690366402,60.742444641305546,57.70267479344026,59.564893816369526,65.36987135896794,78.13200354716871
120.0,120.0,120.0,120.0,120.0,120.0,120.0,120.0,120.0,120.0,25.834426138612322,99.28912251091842,99.46897829424965,100.91992453309298,103.38096188421515,105.79342800121157,105.33436134503069,104.13661622248038,102.56960157443018,97.6126599101866,60.552292858282414,56.6015311048938,58.468308359542526,64.52191037122292,77.65384955022944
120.0,120.0,120.0,120.0,120.0,120.0,120.0,120.0,120.0,120.0,22.963766048792973,100.28011212296013,102.00463003101065,101.33204188977852,102.3848917965929,104.03964220611343,105.64477336360818,104.86844622641503,103.39128222409957,98.18189493448502,60.079666369737026,55.85408263524348,57.39248717547938,63.683943526998895,77.19354234726241
120.0,120.0,120.0,120.0,120.0,120.0,120.0,120.0,120.0,120.0,17.52679003463998,96.39589586568471,103.18367780619391,103.16208300860521,102.55889356919027,103.36484662074908,104.38777580079831,105.33549919469499,104.0826567705334,98.93244370245633,60.24793638074318,54.96142018377371,56.507793800760766,62.86958710794378,76.74467903249662
120.0,120.0,120.0,120.0,120.0,120.0,120.0,120.0,120.0,120.0,0.08623043392124699,94.82156606455466,100.50357059740476,104.11909578746435,103.7546543283567,103.3926288541315,104.00193966362653,104.50085882473299,104.6587658492128,99.60103727681147,60.94781354803909,54.37215607473688,55.53802248399088,62.167801087539566,76.31666637596199
120.0,120.0,120.0,120.0,120.0,120.0,120.0,120.0,120.0,120.0,0.030254807521839056,95.74939586191975,99.35777686957042,102.21207837545496,104.44896138628674,104.09472511660397,103.95414352106243,104.36158294354732,104.18120137391321,100.30426720177836,61.69308361977614,54.17875979693639,54.694190265523034,61.413310179358625,75.95846805021993
120.0,120.0,120.0,120.0,120.0,120.0,120.0,120.0,120.0,120.0,19.535187414797544,98.55808002049861,100.0456202358943,101.54830658368535,103.05020624420366,104.56360149470805,104.3014206370697,104.29336794916397,104.24490207341697,100.23212952988972,62.69338681288533,54.066928557126914,54.07586313105379,60.71502711397283,75.55551964416323
120.0,120.0,120.0,120.0,120.0,120.0,120.0,120.0,120.0,120.0,10.260786881769581,98.86448819380698,102.2498028535663,102.0674193647699,102.76068141955807,103.51158978171922,104.60112367669461,104.40558967404284,104.20428998196633,100.51839700544393,63.040452747610864,54.17709973885873,53.49118190868086,60.13849275965605,75.18659390157268
120.0,120.0,120.0,120.0,120.0,120.0,120.0,120.0,120.0,120.0,0.08646626246848033,94.00520465373988,102.7641164484967,103.62258348793921,103.15733225706805,103.48420486131543,103.79596599108848,104.59466308580589,104.18483292732735,100.64097732551319,63.78680815732899,54.15579188544969,53.017010966321415,59.55524678605666,74.8771105953755
120.0,120.0,120.0,120.0,120.0,120.0,120.0,120.0,120.0,120.0,0.012254431218852552,93.1269028663391,99.48302455151526,104.06408292877623,104.21035459722499,103.78025261626718,103.93215729039592,103.97091318413666,104.31745616371649,100.60545879421076,64.36237328249891,54.468038504294356,52.55124088672161,59.00911029136609,74.53924186142551
120.0,120.0,120.0,120.0,120.0,120.0,120.0,120.0,120.0,120.0,0.012443629068430122,95.33456207824398,98.85028872349575,101.76815713477308,104.55681237709221,104.46095142816924,104.14242381451545,104.19446524668626,103.84049211975554,100.75763654158509,64.46725057304859,54.81932819671546,52.335672406483816,58.477977893704946,74.2085511755945
120.0,120.0,120.0,120.0,120.0,120.0,120.0,120.0,120.0,120.0,8.84076082711412,96.01674819674612,100.42548896224372,101.48476419526482,102.91257491075126,104.73213326117396,104.55222094952182,104.33331309688857,104.09809955130382,100.46900288164896,64.77836102940648,54.85524461628298,52.23449713917551,58.10282149491197,73.87556603426812
120.0,120.0,120.0,120.0,120.0,120.0,120.0,120.0,120.0,120.0,0.023323042807644436,95.53551316857632,100.76613010769329,102.55324144613738,102.90466572770502,103.5441074896863,104.77218249863694,104.55044523159863,104.18617733557386,100.73271161435302,64.66277455456996,54.97630142338047,51.99114291580264,57.817717770060746,73.63726249415424
120.0,120.0,120.0,120.0,120.0,120.0,120.0,120.0,120.0,120.0,0.013607239535215889,92.64064252990684,100.68219625554642,102.58454047004186,103.6289951571364,103.72786213846699,103.9148554128132,104.74073945446143,104.27505474734913,100.83919370312766,65.13266107722417,54.973443564272166,51.8052400194839,57.46448529242487,73.4423776853705
120.0,120.0,120.0,120.0,120.0,120.0,120.0,120.0,120.0,120.0,0.010530068496228109,92.84526575453752,98.78858540973658,102.63613666760178,103.43765652511436,104.2102020029833,104.21527404762234,104.12427075110304,104.45154228315461,100.84993231344015,65.4453265955452,55.27345674302547,51.63476746941792,57.15969401582873,73.19861473580785
120.0,120.0,120.0,120.0,120.0,120.0,120.0,120.0,120.0,120.0,0.010624858367498834,93.1875001311847,98.91258048142595,101.3597718778496,103.56150542422729,103.87676637553467,104.52542764078694,104.48218289716334,104.01468459379538,101.0428978144997,65.4495615583937,55.519471671572724,51.65252745354962,56.904452110624106,72.99052699213915
120.0,120.0,120.0,120.0,120.0,120.0,120.0,120.0,120.0,120.0,0.01099045363761555,93.07576411954402,99.04782572122319,101.47456493875904,102.67857080462854,104.05550859548265,104.1143340883599,104.67161762997652,104.38524872014663,100.78963035661849,65.76686351696321,55.50373879601842,51.67813710337701,56.77469041576006,72.81738280537031
120.0,120.0,120.0,120.0,120.0,120.0,120.0,120.0,120.0,120.0,0.009322180471738366,92.63678258341997,98.89728027931943,101.45895473624024,102.78251764004169,103.4309366912596,104.34067385130639,104.23145657773692,104.49778308765163,101.14034375916793,65.66736859033026,55.65916957132503,51.54870248272104,56.6679376972975,72.72667341876546
120.0,120.0,120.0,120.0,120.0,120.0,120.0,120.0,120.0,120.0,0.0100995562903966,92.0810880362731,98.66846493196584,101.2503108074356,102.68874670039087,103.51413831588447,103.88782795898646,104.49942318175664,104.06583463809334,101.26007754522378,66.23041197394717,55.702507670382374,51.504996897875166,56.47776670738303,72.64244176082578
120.0,120.0,120.0,120.0,120.0,120.0,120.0,120.0,120.0,120.0,0.012862288600323988,88.44346079272198,98.32958228216832,101.11021464991357,102.4376326545944,103.38749565078561,103.94079182220396,104.15895684564808,104.36379370910845,100.85764551125729,66.55524558001723,56.081838445791234,51.468511818763645,56.34275578775546,72.50346163127314
120.0,120.0,120.0,120.0,120.0,120.0,120.0,120.0,120.0,120.0,0.016092407935615994,77.23080336914785,97.97370709819687,100.86079904381839,102.34736080959972,103.11391499356539,103.81201099495311,104.17771601604771,104.10268862034064,101.16706599200387,66.03497189812089,56.366090676320994,51.61451850540736,56.24060883713558,72.40334245269597
120.0,120.0,120.0,120.0,120.0,120.0,120.0,120.0,120.0,120.0,0.010051842975944593,76.45987322692908,98.09902367586646,100.57142558839395,102.14261253869172,103.05627944328093,103.53207505768837,104.06741347878052,104.08564979916501,101.03181185169196,66.48895263600367,56.1100701746954,51.735498677160244,56.24531069679296,72.32507770910017
120.0,120.0,120.0,120.0,120.0,120.0,120.0,120.0,120.0,120.0,0.012233152922884257,73.6578422602981,98.97729079696452,100.75648938726835,101.88643016487663,102.87227598446039,103.49571388088106,103.79192649374129,104.00550164629611,100.94705465732694,66.56468643211186,56.38703433431547,51.5638175785526,56.244169664015516,72.31444330538328
120.0,120.0,120.0,120.0,120.0,120.0,120.0,120.0,120.0,120.0,0.01506804123037307,69.78952578773972,97.74158744817944,101.74350308493887,102.06124301236456,102.6360422021825,103.3224840204326,103.76913257342311,103.74514864966432,100.90404758639522,66.40218252043945,56.60976570557604,51.664720981527864,56.084560456059286,72.28922088204105
120.0,120.0,120.0,120.0,120.0,120.0,120.0,120.0,120.0,120.0,0.01700005779736497,56.25658685804759,97.3528436652851,100.82862110462621,102.92962713101376,102.78430466953598,103.09846541096925,103.60269085347198,103.7250096929999,100.6748398932504,66.36750667266301,56.5634603584951,51.82590164492979,56.08405932433221,72.166322363798
120.0,120.0,120.0,120.0,120.0,120.0,120.0,120.0,120.0,120.0,0.01779718655365557,46.09795193935374,97.51754075063832,100.66373645969645,102.19881935862826,103.49471578212378,103.21844494129992,103.3872314476865,103.56542307497894,100.62292513780355,66.10244639840943,56.576415536035846,51.814988471568554,56.15123690700346,72.15594158728658
120.0,120.0,120.0,120.0,120.0,120.0,120.0,120.0,120.0,120.0,0.010424729035370945,58.43854285520573,98.91349221630558,100.93453922843003,102.18472417108265,102.8817920937959,103.7744773071704,103.48106664466906,103.35595176916605,100.46250277223992,65.97477584927373,56.501867160789295,51.823134477876515,56.11675306464399,72.1817694680764
120.0,120.0,120.0,120.0,120.0,120.0,120.0,120.0,120.0,120.0,0.01302059416475877,64.5679760385581,99.33316702887065,102.2419013820515,102.48060470362415,102.97229238978203,103.24313773902888,103.89819632500111,103.42275661881722,100.22659048349922,65.71857564305088,56.45322432482318,51.82483784451371,56.097437583912885,72.1438984692028
120.0,120.0,120.0,120.0,120.0,120.0,120.0,120.0,120.0,120.0,0.017297912127631775,65.61222676524699,95.81041525730174,102.862816161084,103.5335043582287,103.27048011763353,103.40613463387876,103.42880182055117,103.72088652947745,100.23384500295882,65.29238942318543,56.32042013125294,51.834564551334495,56.10040061514686,72.12312359520081
120.0,120.0,120.0,120.0,120.0,120.0,120.0,120.0,120.0,120.0,0.020787075133992118,50.39521565111006,94.19098054743024,100.28711359545213,104.11498281033006,104.08000198573845,103.6913796516781,103.6372240538216,103.30008944031024,100.42020328966127,65.1668022749551,56.05061984714546,51.799030718459264,56.11543746614671,72.1208388263294
120.0,120.0,120.0,120.0,120.0,120.0,120.0,120.0,120.0,120.0,0.022022509990698085,36.50002649514235,95.01400500242059,98.88022975054704,102.21531963620436,104.58984653332548,104.29149525569348,103.89779188493618,103.52603782733527,100.019296357458,65.28842693809227,55.91928461939988,51.6832234047223,56.11331169000763,72.1322727440533
120.0,120.0,120.0,120.0,120.0,120.0,120.0,120.0,120.0,120.0,0.012526236411033358,48.68000488180105,97.82797436725552,99.2619282624408,101.20993158367085,103.1758747805682,104.73422089561706,104.32369364759552,103.75564624057719,100.18902281534521,64.64780420038673,55.915076692453404,51.62742694634741,56.07462170018768,72.13735208298876
120.0,120.0,120.0,120.0,120.0,120.0,120.0,120.0,120.0,120.0,0.015611357657660247,52.00650715530427,99.26672897058279,101.38686367341484,101.40058487496279,102.52973767242169,103.68396318141984,104.71061704870804,104.03935273466425,100.41330067196888,64.69360898596878,55.4647581772618,51.62727471046652,56.074052961258964,72.1264261822786
120.0,120.0,120.0,120.0,120.0,120.0,120.0,120.0,120.0,120.0,0.020361610426503855,52.05217072019186,95.52237108519367,102.73183539577232,102.85345512523095,102.6290478610153,103.32512519757857,103.94013437377328,104.38051687143704,100.5685991856591,65.0131412198454,55.34184042580548,51.37877772555542,56.10252666698359,72.1463633677324
120.0,120.0,120.0,120.0,120.0,120.0,120.0,120.0,120.0,120.0,0.02371907162892794,38.12266954136422,93.39530435624822,100.31688179677298,103.88594899662347,103.57049018682046,103.3774345629183,103.79575064178513,103.83007209527455,100.86747118459601,65.10019836281263,55.47875963867957,51.262374198450026,55.989270640233656,72.18162511439917
120.0,120.0,120.0,120.0,120.0,120.0,120.0,120.0,120.0,120.0,0.024683361698463135,27.853669384071807,93.96640118293892,98.77977453201339,102.22237133787684,104.32513085623616,103.94674071192992,103.8246464673964,103.83150345841565,100.53171414362737,65.41864953425298,55.42163894175232,51.31702131823302,55.938593652885395,72.12792340716564
120.0,120.0,120.0,120.0,120.0,120.0,120.0,120.0,120.0,120.0,0.014048488020377533,42.38695995331505,96.94481657288608,99.00752388395775,101.25012415440047,103.12645693968925,104.48666380054279,104.13149311990618,103.85268101676273,100.61338980887197,65.14451097875882,55.450552814620146,51.23887426404807,55.99021227433841,72.12361955364325
120.0,120.0,120.0,120.0,120.0,120.0,120.0,120.0,120.0,120.0,0.01798918868648263,44.531057919437764,98.54492841669173,101.08314322324867,101.3722930985845,102.57601879812461,103.59854780183764,104.51597809720991,103.98323013770256,100.66976170037023,65.34297051081712,55.28951535112222,51.1503233342919,55.946942627775435,72.17622850324797
120.0,120.0,120.0,120.0,120.0,120.0,120.0,120.0,120.0,120.0,0.02378095264100905,43.38482460878883,94.50700575931005,102.41249490825525,102.73883953136531,102.6617781929919,103.3462934478048,103.84753083031451,104.2612899157138,100.67565988337444,65.55006012746044,55.41726125205413,51.007165969106836,55.86730456537371,72.15701355808181
120.0,120.0,120.0,120.0,120.0,120.0,120.0,120.0,120.0,120.0,0.02732846424500312,29.05354297588641,92.36521712371949,99.86732485075456,103.70974397943928,103.53170297945454,103.41428265568669,103.79370029663257,103.75735270484653,100.88015328004963,65.47560385639711,55.60911569950767,51.03927709888616,55.765394221099235,72.11062637485281
120.0,120.0,120.0,120.0,120.0,120.0,120.0,120.0,120.0,120.0,0.02785673766029477,20.693802761525145,93.15940484338076,98.35372968765881,101.97403659846316,104.22322140447498,103.93726058362428,103.84847383675758,103.82169432551852,100.5347035702062,65.66827012419319,55.54838363337558,51.14473534950258,55.765068714089296,72.04929900950633
120.0,120.0,120.0,120.0,120.0,120.0,120.0,120.0,120.0,120.0,0.01573075424881626,36.71242171168269,96.48596222808072,98.71766049975437,101.03358974673006,102.97920289424198,104.42753303408595,104.13078522330336,103.8663860988334,100.63934185954707,65.33126408615739,55.58320005786253,51.093956318896375,55.814310529731834,72.0560463139618
120.0,120.0,120.0,120.0,120.0,120.0,120.0,120.0,120.0,120.0,0.020475074932912413,37.59383826952847,98.21509225237399,100.93499524154278,101.23754827635095,102.4555542771527,103.5104995345833,104.48198590669107,103.98624697335607,100.70342880289877,65.50934142443275,55.42706570300789,51.0554208377254,55.76784968423821,72.08713327975654
120.0,120.0,120.0,120.0,120.0,120.0,120.0,120.0,120.0,120.0,0.02718092101721522,35.761780237607624,93.73627660236767,102.3102318971473,102.66145063843183,102.58745713403351,103.27686783302129,103.79631163505266,104.2443486956928,100.70105833129647,65.69568327436369,55.55206922802267,50.959223416687024,55.71596471146387,72.0523061321726
120.0,120.0,120.0,120.0,120.0,120.0,120.0,120.0,120.0,120.0,0.030735593591404535,21.663544917201143,91.44265789524535,99.60326064201908,103.65119256638658,103.47790048261353,103.36739462757448,103.75368276309901,103.73097257358756,100.89226595971732,65.59845451129038,55.73162311157807,51.01866183937406,55.64793364776854,72.0150137108708
120.0,120.0,120.0,120.0,120.0,120.0,120.0,120.0,120.0,120.0,0.03076780035522461,15.200510073802297,92.39436446778606,98.03364874467077,101.8554936361014,104.17813885956855,103.8938188323422,103.81581483827014,103.80058570315336,100.53957548528706,65.77234146046179,55.65971869792076,51.136729691455336,55.67060650955699,71.96998724109562
120.0,120.0,120.0,120.0,120.0,120.0,120.0,120.0,120.0,120.0,0.01742913920095,32.22601045979759,96.04974937610012,98.46504617036938,100.90436513962128,102.91786960887308,104.38860234153393,104.09367162508958,103.84319453140058,100.64259690665452,65.42324669248046,55.690558339629206,51.09588183469466,55.73481048481501,71.98806429456997
120.0,120.0,120.0,120.0,120.0,120.0,120.0,120.0,120.0,120.0,0.023049401853901596,31.811811104574737,97.90555073757513,100.7835485746313,101.13877762325754,102.40285465492985,103.47527016650473,104.44740548581701,103.95502206690776,100.69637860753598,65.59007102094425,55.534896717553416,51.07046424915874,55.70260122717586,72.02654664354796
120.0,120.0,120.0,120.0,120.0,120.0,120.0,120.0,120.0,120.0,0.030402546276767674,29.20067720475916,93.03139881168032,102.19520274235276,102.58554062976293,102.54758844727107,103.25727033983485,103.77386271900875,104.21430395607416,100.68193565889487,65.74811994694329,55.65702658229986,50.98931075436724,55.667072852507935,71.99959557848076
120.0,120.0,120.0,120.0,120.0,120.0,120.0,120.0,120.0,120.0,0.033335430747301636,15.267481196542759,90.64735331814018,99.34694891817429,103.58230726008809,103.43314097348384,103.35175349139763,103.74786765840942,103.71530291424615,100.87151281710103,65.62085846885508,55.81883069168721,51.05980730123867,55.61643483518541,71.97221627453676
120.0,120.0,120.0,120.0,120.0,120.0,120.0,120.0,120.0,120.0,0.0326383204100243,10.648988351381428,91.78583500918553,97.761297070632,101.73110685323641,104.13007785665914,103.86477344444567,103.8096028501783,103.79968453407645,100.53088925323775,65.78285784237538,55.72526815593945,51.17802860301511,55.65362372252298,71.93814578926185
120.0,120.0,120.0,120.0,120.0,120.0,120.0,120.0,120.0,120.0,0.0191182625241534,28.39948400131343,95.75761762157452,98.28482973081925,100.79247648466323,102.84934039748859,104.35347239759982,104.07338677053275,103.83991689984589,100.64480409408972,65.4440920536868,55.74584304603365,51.13270001070275,55.72547253678075,71.96539989558597
120.0,120.0,120.0,120.0,120.0,120.0,120.0,120.0,120.0,120.0,0.02476616173145735,26.671744935856715,97.66753288944663,100.70446341901489,101.07544319450726,102.35527588922523,103.43538952695941,104.42144166477559,103.9399221829678,100.69458379840052,65.62034033549477,55.59325749093144,51.108056526104896,55.6977672358732,72.0089184450007
120.0,120.0,120.0,120.0,120.0,120.0,120.0,120.0,120.0,120.0,0.030584915916979066,23.285693586040097,92.35691927754337,102.12058414235605,102.5521176993673,102.52548348161925,103.23849408435389,103.75019336686837,104.19502143458446,100.67084184383678,65.76732484734414,55.7172011090542,51.03389601376743,55.669428149144274,71.98564179135175
120.0,120.0,120.0,120.0,120.0,120.0,120.0,120.0,120.0,120.0,0.031581740868763766,9.690901441820811,89.93941441701125,99.10486478058284,103.54209785547694,103.414916591177,103.34520987062596,103.74223226784837,103.70105383675002,100.85799396973208,65.62464528678882,55.8677043664537,51.1086943017201,55.628698717384275,71.96410112749095
120.0,120.0,120.0,120.0,120.0,120.0,120.0,120.0,120.0,120.0,0.03126442156835251,7.0951524854125125,91.32563645579343,97.53300387602164,101.6176505764913,104.10344523549408,103.85276689648134,103.80846659725293,103.79954166671779,100.52272990691242,65.78307642552008,55.76150053110908,51.22205301265034,55.6727573561015,71.93743849603261
120.0,120.0,120.0,120.0,120.0,120.0,120.0,120.0,120.0,120.0,0.019147840660390953,24.982624559416376,95.58979977232899,98.18096240016972,100.70885806560463,102.7906891412735,104.33452158146018,104.06429803071659,103.83994060172485,100.64655124538523,65.45170726493777,55.77928497268557,51.170543342131275,55.74496222114273,71.96959509020836
120.0,120.0,120.0,120.0,120.0,120.0,120.0,120.0,120.0,120.0,0.024458979616565787,22.40299328011207,97.42798787997,100.68605129728631,101.0581212337338,102.32904641198792,103.40465478108979,104.40774321592517,103.93232172925946,100.69411123612713,65.6381510119616,55.631027491926645,51.14618030056334,55.71638314372374,72.01363980194834
120.0,120.0,120.0,120.0,120.0,120.0,120.0,120.0,120.0,120.0,0.03131500770731799,18.714545552193925,91.71140813332552,102.0445718630513,102.55607232000379,102.53456695916265,103.23737843953053,103.73490413272306,104.1850627342619,100.66385096934027,65.77839126462428,55.75891846657037,51.07652101439988,55.69096801603098,71.99040308397399
120.0,120.0,120.0,120.0,120.0,120.0,120.0,120.0,120.0,120.0,0.03702507910641255,6.027953794944901,89.229244947173,98.8750246394851,103.50449152250604,103.42268566094951,103.36162376610301,103.75184651677884,103.69438389841129,100.85087085070705,65.62452387942402,55.90229075734523,51.15427827768609,55.65527277299401,71.97153863086037
120.0,120.0,120.0,120.0,120.0,120.0,120.0,120.0,120.0,120.0,0.04551170010012566,5.277659551820359,90.7765510216317,97.27909098182442,101.51536291700754,104.08224707848157,103.86027415656362,103.82523364274692,103.81280256009326,100.52118882511776,65.78385160600169,55.78657797079177,51.26334935533528,55.70254358089019,71.94871384905008
120.0,120.0,120.0,120.0,120.0,120.0,120.0,120.0,120.0,120.0,86.85053898648836,3.601039146217213,95.16960010426673,97.97872536878914,100.59976660956801,102.74451176410724,104.32294479306891,104.07071123281317,103.85458429388143,100.66045942263703,65.4634890299758,55.80440075163642,51.2057478247921,55.773139559452964,71.98312640145524
120.0,120.0,120.0,120.0,120.0,120.0,120.0,120.0,120.0,120.0,86.87299057684736,0.010557236460083486,96.80578554925799,100.47004025667319,100.95732288334813,102.2815939333211,103.38784765795941,104.40275499734686,103.93771831997711,100.70710957757926,65.67005972146744,55.66390361795756,51.18141711453568,55.741688427983554,72.02614767992759
120.0,120.0,120.0,120.0,120.0,120.0,120.0,120.0,120.0,120.0,0.010694294510295244,0.005595442792986647,96.55358482303288,101.68761383492458,102.4086963117372,102.47664636821736,103.21995910478252,103.73447990200876,104.18487955501337,100.66968631704599,65.80795938819814,55.802900420268564,51.11682190912051,55.71710115933309,72.00133626296136
120.0,120.0,120.0,120.0,120.0,120.0,120.0,120.0,120.0,120.0,0.011793449560909764,0.010163266474300056,91.12145510957363,102.10254706217997,103.25001138745195,103.31334795178002,103.32576637627218,103.74976144591115,103.70317495761554,100.85643261858078,65.6439858502069,55.94337048429126,51.20040148598465,55.68507030795653,71.98346588134838
120.0,120.0,120.0,120.0,120.0,120.0,120.0,120.0,120.0,120.0,0.015711750519615365,0.014837606144298299,81.93257967064028,99.70384445850335,103.82813761601628,103.88832492472373,103.77712986006345,103.80233454217644,103.81863314744288,100.5381477505149,65.80858616989167,55.820012817433614,51.30676335246417,55.735634438212735,71.96325042395179
120.0,120.0,120.0,120.0,120.0,120.0,120.0,120.0,120.0,120.0,0.015941788983718334,9.516450819536924,83.09997392415231,94.1242714793224,102.5960961166343,104.48592263796466,104.17215229931992,104.0076040546382,103.84022402170321,100.67391625677777,65.51086128963907,55.84304291364911,51.243283649387976,55.80407029160955,71.9995253977092
120.0,120.0,120.0,120.0,120.0,120.0,120.0,120.0,120.0,120.0,83.2838668641629,3.6259718864638253,90.1329822172677,94.05199624447873,98.94214354434926,103.84088867364926,104.73184447374618,104.2854368307805,103.89068197626611,100.70143695313735,65.71584560612666,55.72036968672054,51.22164104306817,55.76844007505876,72.0405872352145
120.0,120.0,120.0,120.0,120.0,120.0,120.0,120.0,120.0,120.0,78.96636656812608,0.020751545616948048,94.3668796908124,97.11664258048044,98.69146365478447,101.33456102115065,104.41217093363261,104.78287156702541,104.09415087858733,100.63758376716764,65.82562872161866,55.86211674548058,51.16809808619516,55.74504951931782,72.01281499911225
120.0,120.0,120.0,120.0,120.0,120.0,120.0,120.0,120.0,120.0,0.01515150712962523,0.007944020705693718,99.83606884263718,99.07939156614158,100.06892020721367,101.13296348189746,102.66138961278808,104.6454850028461,104.52413327907713,100.78701359115595,65.62628522246114,55.98685437273757,51.254682170426925,55.71917608216377,71.99568845207064
120.0,120.0,120.0,120.0,120.0,120.0,120.0,120.0,120.0,120.0,0.009049217770210859,0.007487744379149323,100.34805020604418,102.76149361944731,100.88624496742554,101.67149741399619,102.55953118154753,103.4216202743953,104.48646088949128,101.18437786547626,65.73974275944454,55.84534530737726,51.35314232231548,55.77111544573897,71.97905622474045
120.0,120.0,120.0,120.0,120.0,120.0,120.0,120.0,120.0,120.0,0.00890773296760228,81.29467176087326,91.8706890013651,104.28257895256876,103.55431145703231,101.83850639144454,102.64595175356537,103.41989896096257,103.6394174237745,101.22961996543843,66.32430601213986,55.843812400321234,51.28206197532305,55.834798188112686,72.0154421385067
120.0,120.0,120.0,120.0,120.0,120.0,120.0,120.0,120.0,120.0,0.010470893410024678,2.4324157139514373,75.21870777177334,100.50530193045526,105.11966709196496,103.82991686801893,102.43478872761406,103.25844956430252,103.71869811985808,100.65587871289335,66.53484823840625,56.16979238428042,51.25291939986368,55.79600039757151,72.05310566092356
120.0,120.0,120.0,120.0,120.0,120.0,120.0,120.0,120.0,120.0,0.014351217997701698,0.025221726165726308,75.4291489353157,96.21022302113612,103.17397300028051,105.20817804336271,103.94716994900338,102.83926330891413,103.43119261639175,100.78470140923832,65.96400090419121,56.33958365524692,51.40599936155501,55.77185377582031,72.0238915528153
120.0,120.0,120.0,120.0,120.0,120.0,120.0,120.0,120.0,120.0,0.016060565463149955,0.015442311372350493,88.15881288212037,90.34174084122044,100.51279646434791,104.15727962478097,105.06469311320431,104.00356368336715,102.90958145622771,100.47623519622044,66.24338327548767,56.113837079293376,51.48792419054625,55.84651694555649,72.00790800352873
120.0,120.0,120.0,120.0,120.0,120.0,120.0,120.0,120.0,120.0,0.01178477602871722,0.016389733510266936,97.71647886386641,95.74512322386943,96.61288432841877,102.55559144537727,104.48694245466282,104.84721340540443,103.81439915290936,99.84356562682531,65.90527954680417,56.38600704849325,51.38114769440378,55.87185095480604,72.04803612960245
120.0,120.0,120.0,120.0,120.0,120.0,120.0,120.0,120.0,120.0,81.10943825809491,3.137818944111893,102.16946801201952,100.51338628295613,99.32271955198554,99.85890879632687,103.61507264257548,104.51873463822587,104.41129542570928,100.50445606034216,64.78515899784253,56.352290463215766,51.56754152561512,55.79489797280636,72.04581995169835
120.0,120.0,120.0,120.0,120.0,120.0,120.0,120.0,120.0,120.0,83.24688555015204,88.271420026539,101.00280335936638,103.92227731282,101.71407191543008,101.32746630159501,101.72221346674289,104.15735584626898,104.20274040131089,100.95534757732004,65.3684959143454,55.669934598201976,51.65667478916121,55.899374107336264,71.98495106532262
120.0,120.0,120.0,120.0,120.0,120.0,120.0,120.0,120.0,120.0,88.71175750845923,83.32879657490683,76.53962674510277,104.91625863152235,104.09684251267437,102.42925992907584,102.5425170445048,102.82749860563989,104.18904661040165,100.7599037742807,65.95133293573876,55.85495122494126,51.34764022748331,55.9806167967084,72.04889496149406
120.0,120.0,120.0,120.0,120.0,120.0,120.0,120.0,120.0,120.0,0.0076506404465398695,0.010736572906185616,42.61637256880899,101.85988857043333,105.62566865309593,104.01384530305364,102.91539510435959,103.28629549075401,103.26481065189364,100.96806549767636,65.58208220443386,56.15627117885011,51.43202350524806,55.83915888127911,72.09284547920072
120.0,120.0,120.0,120.0,120.0,120.0,120.0,120.0,120.0,120.0,0.00537064449120068,0.011058351558378027,23.843093172147974,88.57872021421902,104.21527717076903,105.60567481450694,103.91249273071499,103.25475564464514,103.50711432084765,100.41296673738088,65.99454438598612,55.81874799502535,51.61033780866657,55.910215423567585,72.0107405909434
120.0,120.0,120.0,120.0,120.0,120.0,120.0,120.0,120.0,120.0,0.003568167328025174,0.004516957623087123,6.092733354556782,84.2590142579083,96.12189264875187,105.02669631346788,105.38597346049366,103.83460215528343,103.27102199725164,100.4599434953527,65.69390379925125,55.99198910565003,51.377889693012115,56.03891401048602,72.0784960250836
120.0,120.0,120.0,120.0,120.0,120.0,120.0,120.0,120.0,120.0,0.004067348042684114,0.003472900915551313,23.937565349033438,91.8015047564925,93.7896047465125,99.78354702676975,105.23424786025372,105.11883988729565,103.56621772826593,100.13861716612563,65.6269053925006,56.058360477372155,51.3891932527742,55.89882194400337,72.16157058635586
120.0,120.0,120.0,120.0,120.0,120.0,120.0,120.0,120.0,120.0,0.0047749960690593955,0.003129656459284416,46.73800277042977,99.72561224562604,98.06303952430446,98.52492005169952,101.76314021775114,105.1664018645878,104.64249138060416,100.20050338694779,65.05853968239028,56.070347484438024,51.49683381364114,55.875790085242635,72.06710105479557
120.0,120.0,120.0,120.0,120.0,120.0,120.0,120.0,120.0,120.0,0.0052448933368712735,0.00328331709227461,64.49816013665435,100.67102443850993,102.29863010023925,100.90025451967077,101.1648336882263,102.86840122283111,104.76563267884366,101.08784637141568,64.82330869056682,55.724747162259675,51.555382360173724,55.95522370764985,72.05608370430107
120.0,120.0,120.0,120.0,120.0,120.0,120.0,120.0,120.0,120.0,0.005284715299522462,0.0038482768987708345,81.87425379591858,96.87823841803485,103.43844914136302,103.15949230889609,102.44186109956101,102.70609661427396,103.26089153061666,101.27854872652121,65.8669393776825,55.447370577862515,51.399992736352715,56.00424839529306,72.10602299643043
120.0,120.0,120.0,120.0,120.0,120.0,120.0,120.0,120.0,120.0,79.18667116066773,84.6143791830839,88.62428081012848,95.46755805734153,101.42313689926993,104.09344207121434,103.55224706219138,103.32760109904436,103.38446541965554,100.29706071066475,66.25946867921505,55.901258621659146,51.234921765122785,55.93568045884023,72.13713580601724
120.0,120.0,120.0,120.0,120.0,120.0,120.0,120.0,120.0,120.0,78.62807556935286,83.9241365038124,66.13516133976162,96.63110193972443,99.9231430236857,103.04360151090515,104.25066475788238,103.74484145385479,103.61609844483239,100.58448459122229,65.25827457368995,56.0919638888487,51.42369340697577,55.86131356040143,72.09897183832994
120.0,120.0,120.0,120.0,120.0,120.0,120.0,120.0,120.0,120.0,82.13579651814258,84.99471162501612,25.13242120766586,98.18449380824319,99.99325433681402,101.96304714556146,103.73466671828265,104.25889930360924,103.61521593363814,100.65901165941442,65.87046824173726,55.59343193499019,51.476525715178106,55.968784638661,72.06787300075788
120.0,120.0,120.0,120.0,120.0,120.0,120.0,120.0,120.0,120.0,0.011958578948800815,0.012949101337575606,0.019253602069277214,93.24872712121625,100.81553999117261,101.75877966258017,103.02399132572629,104.03797050770484,104.00408822082244,100.33408595925111,66.10973967471132,56.08612980667858,51.18451163858646,55.97832798489066,72.14536772518188
120.0,120.0,120.0,120.0,120.0,120.0,120.0,120.0,120.0,120.0,0.009032770570181977,0.011229310970508763,0.012961108906257209,91.00735103653827,98.62107423155138,102.15847748326242,102.77910240919928,103.58716691241435,103.94481774110174,100.61463377247009,65.28223258796169,56.44878405921127,51.47429628718585,55.78972275974846,72.13781855184692
120.0,120.0,120.0,120.0,120.0,120.0,120.0,120.0,120.0,120.0,0.022336571458336625,0.004252598879051265,11.814830404811067,91.26750186148195,98.31737203360528,100.98626005732095,102.93605890734995,103.37840500360805,103.65203759069163,100.71141596052018,65.38743931136439,55.87572007006077,51.796251750256495,55.951833633711665,72.01376895178555
120.0,120.0,120.0,120.0,120.0,120.0,120.0,120.0,120.0,120.0,0.008400122643839455,0.005394334875363258,28.369366057521383,93.9471780064977,98.77341562395318,101.23491495151511,102.22168932341533,103.39971362860464,103.49878072422098,100.48841346332645,65.7185203019084,55.732602158788254,51.507182495595295,56.16861565173659,72.12678741801078
120.0,120.0,120.0,120.0,120.0,120.0,120.0,120.0,120.0,120.0,0.004998548960379374,0.009721631180539828,40.917736424094784,94.56412090120014,100.04404817136403,101.53563024124813,102.6424496438662,102.91790426069686,103.45386114709697,100.35856526427979,65.48000848230066,55.9780766564513,51.35139342304385,56.01075017113165,72.2516657589741
120.0,120.0,120.0,120.0,120.0,120.0,120.0,120.0,120.0,120.0,0.004384795720155049,88.78956057489845,44.10142683872647,93.25024779713037,100.3433858379683,102.19784310688529,102.80729170578381,103.36994380594375,103.09951972070986,100.29542262115444,65.24945153222792,55.88844885422306,51.49857221338956,55.90693328586346,72.13895075249411
120.0,120.0,120.0,120.0,120.0,120.0,120.0,120.0,120.0,120.0,0.005203316849447539,0.011715406224081092,18.64440840757183,93.90662887424604,99.3016933525246,102.39362057725491,103.16046223845865,103.43278784941035,103.52053301748433,99.99792147100356,65.14377656118472,55.717526608358796,51.47998789816053,56.00544785375216,72.08004084581897
120.0,120.0,120.0,120.0,120.0,120.0,120.0,120.0,120.0,120.0,96.00776366137907,0.004531908886556241,34.50989094397238,97.09400861404268,99.20338929089905,101.65056141249467,103.31969658958424,103.61233606862584,103.51168623728915,100.32188371305281,64.73981447810722,55.65544367082522,51.37304448868919,56.00626387999368,72.14694940565235
120.0,120.0,120.0,120.0,120.0,120.0,120.0,120.0,120.0,120.0,94.57238952059281,0.005270297906918738,56.979167197879725,98.34814060494838,101.009200907284,101.46552797614466,102.78285030837164,103.76367938929789,103.58522275888235,100.28058661105456,65.05957970056203,55.44720262246329,51.34849449524202,55.942037067133604,72.14623356289457
120.0,120.0,120.0,120.0,120.0,120.0,120.0,120.0,120.0,120.0,99.75882581833214,0.00968108657254189,72.26937250780914,94.40810528656951,102.80713059487098,102.63696232456398,102.62891237816869,103.3680006691925,103.73885976998923,100.24573939163277,64.98997820574183,55.580584207177274,51.275321548436,55.94112667663367,72.11221739358253
120.0,120.0,120.0,120.0,120.0,120.0,120.0,120.0,120.0,120.0,0.007783994849442407,95.90502329729088,54.97044494594616,91.39919617088299,100.19188097918916,104.20019725469119,103.44431507366471,103.26317516142186,103.44203572971507,100.40679630354158,64.76300643483945,55.528074826773995,51.35128199602115,55.929650737199026,72.12243278913422
120.0,120.0,120.0,120.0,120.0,120.0,120.0,120.0,120.0,120.0,0.013262841605004972,0.033863557731503235,0.05048662165138008,92.78886364856443,97.29703024201719,102.34367652642257,104.69922758336725,103.85527218385624,103.37567313721178,100.2021932952245,64.93332919346288,55.28786784740848,51.33728730373336,55.99202467821043,72.12886244683403
120.0,120.0,120.0,120.0,120.0,120.0,120.0,120.0,120.0,120.0,3.4280774553779443,84.85929388522814,2.0726602625702766,96.3046887180515,97.47234734442233,100.10697471681597,103.3054516988177,104.82941138749109,103.8196515632846,100.13042549383596,64.73467396949796,55.299118944560995,51.17814010190887,56.00500059288951,72.18336117793817
120.0,120.0,120.0,120.0,120.0,120.0,120.0,120.0,120.0,120.0,81.88076190791557,0.013773388006280685,2.012329225675901,99.16714292330782,100.3607450103177,100.03282321444942,101.67546569966615,103.74723545629388,104.56261121203823,100.47523834167544,64.57637115249071,55.19086184138162,51.14022018743554,55.92185314446414,72.19768478773987
120.0,120.0,120.0,120.0,120.0,120.0,120.0,120.0,120.0,120.0,76.6484731094332,4.420933389925054,27.42758964906702,97.20047132059717,103.51016619496602,102.08409210906301,101.6011420696883,102.61451586014249,103.70974186420071,101.0611143988428,64.96976267084351,55.05394527014867,51.077954497449035,55.90110430880347,72.15234876325566
120.0,120.0,120.0,120.0,120.0,120.0,120.0,120.0,120.0,120.0,77.85305787392372,0.005679822936382306,52.22704719172603,93.82928225350238,102.66096461851387,104.58594301556546,102.9726990114673,102.59878207461738,102.96107312499224,100.4114100435869,65.71799178168256,55.21456261345941,50.98553990664387,55.876303089043454,72.14981492699178
120.0,120.0,120.0,120.0,120.0,120.0,120.0,120.0,120.0,120.0,0.020107230772812935,80.60004191970228,71.11704364555061,89.47889053426816,101.17310731499877,104.18515636685193,104.84480802056589,103.45507287359631,103.00410974357108,99.90481174646936,64.96587784642756,55.57176938098811,51.03689621251459,55.828266350459025,72.14258209611414
120.0,120.0,120.0,120.0,120.0,120.0,120.0,120.0,120.0,120.0,0.6263187288991863,70.80106952003452,43.096185885129415,90.20921989050514,97.75107587103622,103.6151165513053,104.64546405271025,104.81553470348142,103.48307497832073,100.01975732064112,64.34526765438974,55.13836676048169,51.17385342907334,55.85408793534275,72.12443208129224
120.0,120.0,120.0,120.0,120.0,120.0,120.0,120.0,120.0,120.0,16.461432215362464,75.0249900358878,0.008507917195098651,95.26846648137617,96.56561652569977,101.16050255499363,104.60534513890292,104.70883562199286,104.44895439880712,100.21576109188055,64.64809982881411,54.775109392864685,50.901115232671835,55.91025512533953,72.15052276778611
120.0,120.0,120.0,120.0,120.0,120.0,120.0,120.0,120.0,120.0,79.35977840815306,86.88585831230559,0.004497478151187933,95.74148911465674,98.58352735222616,99.74555668149759,102.86976882914573,104.98533304885403,104.39336486255793,100.83549824205005,64.76547941391588,55.071345843717275,50.66964546147805,55.73105436173309,72.17939683071569
120.0,120.0,120.0,120.0,120.0,120.0,120.0,120.0,120.0,120.0,74.24274199855766,95.37229483978223,0.004139730004007077,96.43713985711179,100.53859097061292,100.56398584616653,101.57381224588478,103.77826794576194,104.84593636080629,100.86149125461034,65.23980383601291,55.16593172102769,50.8802867611949,55.58464367834573,72.05544599040645
120.0,120.0,120.0,120.0,120.0,120.0,120.0,120.0,120.0,120.0,0.006004914189455066,94.59789643316863,0.0033178029392009994,94.56816345778081,101.94727196662473,102.30818702710403,101.86334533648622,102.68279624100543,104.02947267119679,101.42490967296678,65.30030537155895,55.222945845880986,50.98763753047594,55.7275088149788,71.97685945260952
120.0,120.0,120.0,120.0,120.0,120.0,120.0,120.0,120.0,120.0,79.9633765815713,0.003251964946507571,0.011481065401246434,92.76171353700057,101.10003794578871,103.54553151357823,103.16813017042251,102.74272855805512,103.13882431328227,100.98850400198981,66.24297114578589,55.1365134397378,50.94037317498406,55.81500682427001,72.08830507650465
120.0,120.0,120.0,120.0,120.0,120.0,120.0,120.0,120.0,120.0,83.34974523182578,0.00377699525681983,83.4054171140857,90.26365059223252,100.2427959380522,103.15354288168855,104.10344103449931,103.63879756625153,103.11291241963761,100.25120003137691,66.15232599479852,55.64806072482795,50.79768839879151,55.765571112959414,72.14848900204422
120.0,120.0,120.0,120.0,120.0,120.0,120.0,120.0,120.0,120.0,0.009528841462809355,0.0055119511178938745,0.02054240619675514,72.85725820307096,98.79565227255885,102.83973545930331,103.940740247111,104.27705770833502,103.68802758186513,100.19421076830997,65.27445138269799,55.817626048737665,50.98029130681684,55.649616975346675,72.11342776797756
120.0,120.0,120.0,120.0,120.0,120.0,120.0,120.0,120.0,120.0,0.013707923794468295,73.59093445474034,0.011274038404620943,76.48557910469818,96.14625677846615,101.94572019557079,103.96537521342859,104.23091726341687,104.07311938951811,100.54647881555678,65.17551580913364,55.45926650185083,51.08352040027276,55.70266155141961,72.03097568357295
120.0,120.0,120.0,120.0,120.0,120.0,120.0,120.0,120.0,120.0,16.15088501054224,72.41683282585903,0.009622148915504253,89.81362454777705,91.05113644164555,100.11438622736313,103.40988253099188,104.46482578586205,104.08439103359596,100.70527903643794,65.5763101744494,55.49372779687164,50.92540272213607,55.725635621605036,72.05053147274337
120.0,120.0,120.0,120.0,120.0,120.0,120.0,120.0,120.0,120.0,83.69998726394812,81.61921770048133,0.004523948699696584,99.03560093468471,96.52362674106803,96.88404574008976,102.07167203941886,104.12806721874723,104.43800017228392,100.72441982423092,65.5810338356382,55.802697191992486,50.994161744333915,55.61262471568721,72.03975653134341
120.0,120.0,120.0,120.0,120.0,120.0,120.0,120.0,120.0,120.0,77.84368633342365,0.0034339536059023205,83.7923825171712,100.66892840826439,101.36011978609848,99.66210962930279,99.86671499392467,103.13051073825564,104.2436155400544,101.17059521812769,65.50002566214145,55.74452982475418,51.23932115343876,55.654089127626015,71.95553639470896
120.0,120.0,120.0,120.0,120.0,120.0,120.0,120.0,120.0,120.0,77.3778966285544,2.961260900758041,0.005238596421107257,74.63218601190529,103.56296955011315,102.26589100985997,101.43209617305423,101.58474643181991,103.49681534487051,101.12764035896217,66.25371140804202,55.58140358623689,51.22526802855052,55.817515279964965,71.98744798626348
120.0,120.0,120.0,120.0,120.0,120.0,120.0,120.0,120.0,120.0,82.33324926761432,81.52360168479852,0.004311530978461686,74.2916657083197,101.60445321868525,104.03394580372824,102.76838086631115,102.51007768980918,102.41097736784155,100.55324141139961,66.48960534060878,56.02129888942775,51.08608835011777,55.81447836380945,72.09000408633386
120.0,120.0,120.0,120.0,120.0,120.0,120.0,120.0,120.0,120.0,0.00841586158306934,72.44220439594922,0.0032074107520835625,86.33114260618355,92.17128003244221,103.58199476180488,104.0313133235332,103.0804339510584,102.96219416082432,99.7820048589435,65.83862979134304,56.311936849896995,51.289070939564105,55.71746506659663,72.07705798757871
120.0,120.0,120.0,120.0,120.0,120.0,120.0,120.0,120.0,120.0,10.765741224865051,71.6200308659396,0.0034773988251137937,97.9377502648169,95.41701223322764,98.40653412628494,104.23069277718055,103.91743430156907,103.06167418120987,100.07316321756326,64.9795593148713,56.048601615861806,51.479648583386755,55.81337035341236,72.00914171938109
120.0,120.0,120.0,120.0,120.0,120.0,120.0,120.0,120.0,120.0,85.81047867934782,80.40566230453867,79.82129195407501,101.88804535698222,101.09506743328902,99.47401125563209,101.20711929661186,104.39760044978172,103.57025997371619,99.86606759990721,65.23340263474994,55.72160384394235,51.37311075949387,55.910287429429644,72.06203645920861
120.0,120.0,120.0,120.0,120.0,120.0,120.0,120.0,120.0,120.0,78.91003598810052,89.54452951349246,77.5582853637697,76.20783931123562,104.07394254242199,102.54352323453942,101.5911514100093,102.59213333216384,104.14935598511195,100.0360282248051,64.66554000295058,55.96878564970031,51.2849766789405,55.836326094384766,72.10061901846923
120.0,120.0,120.0,120.0,120.0,120.0,120.0,120.0,120.0,120.0,77.9361056043974,89.33644187050874,0.005030634135595917,46.60109243740583,102.06286817736857,104.47341791265941,103.34765397212342,102.75551713666148,103.06407693475117,100.64526993899956,64.34838096840538,55.620493407596804,51.53841209433409,55.808726404088794,72.03585107566842
120.0,120.0,120.0,120.0,120.0,120.0,120.0,120.0,120.0,120.0,0.0075828200900352975,83.75565105537669,0.006623297618730139,50.555391467312575,90.49842518264873,103.96657245431233,104.50692420752918,103.79740173593419,103.15590755824724,100.034070293724,65.10627838713322,55.14366719372583,51.44972747608669,56.008294873224145,72.02476030980213
120.0,120.0,120.0,120.0,120.0,120.0,120.0,120.0,120.0,120.0,0.009140552375472143,91.02031606979332,0.0311689596640981,54.5973752419194,87.69884992122786,97.55694105385913,104.58649185392072,104.42332017697527,103.79852658623206,100.02588383714189,64.6955698080036,55.406043577480595,51.14315388855299,56.02012484546646,72.16504308724994
120.0,120.0,120.0,120.0,120.0,120.0,120.0,120.0,120.0,120.0,0.007051310418515351,0.004234151503553567,86.89118740440821,35.07171955895541,91.51319007075648,95.73085227878896,100.79936503682512,104.74327125028012,104.07338042569886,100.46872353225956,64.55497165608874,55.29399711459666,51.21386789956193,55.86957638929087,72.17882674690611
120.0,120.0,120.0,120.0,120.0,120.0,120.0,120.0,120.0,120.0,0.004837989994536368,15.958878777577647,84.87790218762183,0.01354061863304798,94.58071141381495,97.09755934936554,99.59166389941342,102.47027497290935,104.47970246528693,100.5382073561742,65.03463188738334,55.16740500198948,51.19298009378072,55.921433863614006,72.10180062143016
120.0,120.0,120.0,120.0,120.0,120.0,120.0,120.0,120.0,120.0,0.004927059441785326,98.8630868619756,0.0029543233525731846,0.007319820770163058,98.41004535652085,98.42357064599409,99.92643661189601,101.67114471943734,103.1409312003915,100.9447518556239,64.96195261074143,55.37432067258838,51.11715176843098,55.94196130450019,72.15399228215121
120.0,120.0,120.0,120.0,120.0,120.0,120.0,120.0,120.0,120.0,0.008191563703807287,93.78815988890254,0.0018668775233952324,7.62120542272103,99.92785871785176,101.66906848638145,100.2969834981625,101.54670956511951,102.6092500108024,100.27340559959273,65.42488147550279,55.22804601715185,51.20396274377957,55.91163903773995,72.17573497416622
120.0,120.0,120.0,120.0,120.0,120.0,120.0,120.0,120.0,120.0,78.74948421047675,0.0030657847218618574,0.0025701649704355086,53.28127599586976,97.23560488416476,103.9886727306782,102.7798835641704,101.39841662078459,102.28747545695222,99.88162489344114,65.11843754164671,55.327798671539114,51.08693104586457,55.96716906224747,72.17019137605821
120.0,120.0,120.0,120.0,120.0,120.0,120.0,120.0,120.0,120.0,78.62946587806391,0.0016371764383816814,83.94923222285951,68.1611965382062,96.7560713389708,102.97221805534623,104.89556123061926,103.2635951495393,101.87006528703908,99.46530513179425,64.78371669302666,55.34793815201345,51.02933484154036,55.89897056850734,72.21370169940921
120.0,120.0,120.0,120.0,120.0,120.0,120.0,120.0,120.0,120.0,82.51989017002731,0.0017270983424733184,80.8895569963258,70.96157456852943,90.7449393304485,102.71745604313574,104.53930076746825,105.00733508011318,103.25552344460277,98.84983412128894,64.14889044380826,55.35382160646322,51.049637935440195,55.82806194487468,72.1672465186943
120.0,120.0,120.0,120.0,120.0,120.0,120.0,120.0,120.0,120.0,0.007983970923637356,74.82725203210289,88.23979327832251,31.100870322319672,95.48460305710674,97.66561783259965,104.66482530618251,104.93863254772182,104.62078021159539,99.78417462297593,62.99570701729345,55.09419299900518,51.131861676560426,55.827962758904604,72.11983926659505
120.0,120.0,120.0,120.0,120.0,120.0,120.0,120.0,120.0,120.0,13.478268851758369,69.30516890194417,0.004051269606178763,13.80932926042355,92.843719773211,99.46396870672972,100.78634468023233,105.36902419964451,104.66528739715817,100.86701901775541,63.732384533074594,54.381161159901005,51.09122411843374,55.890395766652,72.11904107258228
120.0,120.0,120.0,120.0,120.0,120.0,120.0,120.0,120.0,120.0,23.60536483137174,73.69884692983747,0.0033487901508443716,49.87273982080136,94.45921948182114,97.93565032181131,101.66526543971315,102.42369490087361,105.30823870201256,100.94933153281713,65.03256286646484,54.57348796999073,50.783458994333955,55.90713898380124,72.16340585564303
120.0,120.0,120.0,120.0,120.0,120.0,120.0,120.0,120.0,120.0,81.70254828106253,81.57654995562693,87.41234555337326,66.86827327454938,96.45127416675403,99.83500431844615,100.47131336483719,102.97226928285916,103.10482601369412,101.75225565769188,65.12698848126416,55.152838260479186,50.87174868468596,55.79353761926287,72.18492177352954
120.0,120.0,120.0,120.0,120.0,120.0,120.0,120.0,120.0,120.0,76.81829569590148,89.55493262599576,82.12320946257303,43.38181679962564,93.38879748316076,101.24560321414766,101.96883501025711,101.94708737098804,103.51620131633382,100.30568517280761,66.38402745234642,55.02643203392908,51.14012137457087,55.88922495442169,72.14031033110301
120.0,120.0,120.0,120.0,120.0,120.0,120.0,120.0,120.0,120.0,76.50739984141173,90.4211705997786,0.006228669777538309,0.036883325776925935,94.2419764706345,98.53269420295092,102.93463829449517,103.00954859727601,102.63443725521623,100.55976882777563,65.25297597130553,55.5864097966661,50.956429926830836,56.059699829947085,72.23612052779006
120.0,120.0,120.0,120.0,120.0,120.0,120.0,120.0,120.0,120.0,80.73361204550551,85.77513209458394,0.004986922584590376,0.20460418716872888,92.94756233333585,98.42465667372316,100.70624774986089,103.66578249568175,103.33383841345788,99.91489725399536,65.52794960631266,55.29163263760477,51.060866979090555,55.919966027516644,72.34740347115869
120.0,120.0,120.0,120.0,120.0,120.0,120.0,120.0,120.0,120.0,84.10506810243206,80.72190605779,0.001240815619275712,25.32493013005182,95.5835087548474,98.97939408541522,100.53450119991531,101.80810397812868,103.77151303560406,100.23476478920864,64.97435442521052,55.54461343209932,50.93016293618928,55.887069121376705,72.23993536949432
120.0,120.0,120.0,120.0,120.0,120.0,120.0,120.0,120.0,120.0,0.0048735557827312955,81.71513087981857,78.52039952173774,15.032893509875741,98.13889249126343,101.23862200676328,101.46130816570546,101.75386060637227,102.20348983356074,100.53504108093605,65.08436500005878,55.50080193214379,51.07164171412655,55.77876265047517,72.1958061981632
120.0,120.0,120.0,120.0,120.0,120.0,120.0,120.0,120.0,120.0,0.004573465785042451,82.69321922767404,74.01086686050202,0.003920623920602502,93.94460780626154,102.66158155323912,103.05186248480737,102.6820558372597,102.26570699654768,99.18600833401409,65.38078633272167,55.55763143692629,51.16724574384757,55.823017071555306,72.1007830419373
120.0,120.0,120.0,120.0,120.0,120.0,120.0,120.0,120.0,120.0,0.005290687587658571,87.41023007426048,75.95997872544928,0.002048730522150981,95.5345594635585,100.2968533075693,103.98490815033189,103.72379420721825,103.08320791018731,99.2021900741499,63.57149362129916,55.699795677186884,51.2519550256411,55.89021940581825,72.12118481695008
120.0,120.0,120.0,120.0,120.0,120.0,120.0,120.0,120.0,120.0,0.008543426312907883,90.96977485178064,81.92432114062089,0.0019631446961927276,95.5641080144589,101.50394414564488,102.54768996194727,104.39104491382692,103.69983671785893,99.93475928828478,63.29002601081966,54.68916790084625,51.34891328403267,55.94695924090954,72.15755434488848
120.0,120.0,120.0,120.0,120.0,120.0,120.0,120.0,120.0,120.0,80.80772326925609,0.020954703188809824,0.0026632299065673408,80.71669162777971,89.42413707692486,102.05572323093307,103.67884893701012,103.51031258130362,104.19871113153384,100.1941997398463,64.31512073369906,54.39619522213981,50.866174469857086,56.00684415327009,72.19144153966892
120.0,120.0,120.0,120.0,120.0,120.0,120.0,120.0,120.0,120.0,79.27324124781376,2.7739404537004106,2.0578167158174434,81.76299904573858,66.92011956225075,98.7312596579846,104.19471954327733,104.61004763979656,103.69441773388135,100.51486407005731,64.41526440370734,55.02958857566294,50.71063370449686,55.769018376337115,72.22230739314008
120.0,120.0,120.0,120.0,120.0,120.0,120.0,120.0,120.0,120.0,84.22423048966503,0.024632541057784924,0.007434315688082941,0.003570289808851113,50.43017437654432,94.89866825075039,102.00803666903495,105.03665316022314,104.74393221144844,100.35079927489748,64.49378690627542,54.99437996832282,51.12241015647368,55.721057253049665,72.077684242299
120.0,120.0,120.0,120.0,120.0,120.0,120.0,120.0,120.0,120.0,0.010781659023035945,74.25033023245348,0.007839332591181306,0.007852164173069833,71.09415410896578,87.59125296340784,99.550524426081,103.4676231432687,105.09513206860915,101.37137636852029,64.51125877762607,54.72444938985606,51.123764178349134,56.018043685150126,72.08977733488172
120.0,120.0,120.0,120.0,120.0,120.0,120.0,120.0,120.0,120.0,21.894449169123057,69.23787451664161,0.010046636410724117,0.07731148809922046,87.99665883478303,88.46870589278441,95.17299810958879,101.884017683936,103.93454766377654,101.77844367256492,66.10009218475923,54.67196535949738,50.8366759605605,56.050967395989716,72.30777473743939
120.0,120.0,120.0,120.0,120.0,120.0,120.0,120.0,120.0,120.0,29.983085648454477,75.07648080827629,83.8881979680674,26.198221071369467,100.2857101144621,94.04571531451502,95.12783025925839,98.99089659986403,102.95448235107506,100.93258393457776,67.02475426586479,55.61764250462834,50.71467732043105,55.85674884338075,72.32797870216714
120.0,120.0,120.0,120.0,120.0,120.0,120.0,120.0,120.0,120.0,7.552349773079195,82.8975360562077,78.37539179786016,7.086725703216036,107.23970366308356,100.51703097815421,97.22509043331361,98.56649917316822,100.93068956401885,100.38974689792953,66.15634965612695,56.29280763615002,51.166533823682144,55.76547142442684,72.20401967516322
120.0,120.0,120.0,120.0,120.0,120.0,120.0,120.0,120.0,120.0,83.64507397565869,89.57632673696831,82.82562667633135,0.01578328388609313,103.32066835993955,106.13252053708659,100.79677766379228,99.17433429323627,100.32722382569452,98.97491501701631,65.79287007514493,55.923315955453646,51.50145676295474,55.988682384837304,72.14990172255308
120.0,120.0,120.0,120.0,120.0,120.0,120.0,120.0,120.0,120.0,79.65060748172694,94.73846927639207,0.005902416304396828,0.00757242256303671,96.37548560055096,106.03282621520582,105.02813509371227,101.10768510717938,100.2212519627765,98.12854785998118,64.48377341733261,55.94962129561377,51.26562878901204,56.117515271688724,72.28033324210558
120.0,120.0,120.0,120.0,120.0,120.0,120.0,120.0,120.0,120.0,0.011652769026131134,92.95308365304466,0.0064149358366308315,2.0430741729707393,90.28160229288089,103.34795835636949,106.0369327836924,104.18909234599869,101.16687819558577,97.53269857687252,63.0376610430424,55.73499560773747,51.31119079606894,55.90524054150244,72.31487585772193
120.0,120.0,120.0,120.0,120.0,120.0,120.0,120.0,120.0,120.0,32.096309151280366,0.0031330985156660346,87.80033842392284,8.781439629521646,86.84850160950454,99.89998820037907,105.27334669194883,105.45067890480512,103.33300347620343,97.70605926819051,61.58789380204325,55.09605305447154,51.469097840301686,55.88998410002111,72.13312203606223
120.0,120.0,120.0,120.0,120.0,120.0,120.0,120.0,120.0,120.0,0.017127845878860504,0.011299634620719513,79.5566964345204,0.009916256777934736,90.35614255938029,97.30711279683541,103.29888971538725,105.70301831226666,104.50572619398228,99.06220246990094,60.864744135716904,54.155527244408944,51.38977799399971,56.04966379715302,72.1061483904972
120.0,120.0,120.0,120.0,120.0,120.0,120.0,120.0,120.0,120.0,0.010334178308612671,3.3229339077258206,84.32409213054939,0.0042978685226283085,94.30342207986041,98.47169531617999,101.3845203438806,104.69138314330975,105.28601753509277,100.02625103966021,61.66274786929073,53.3817400273852,51.060621536542286,56.11889089094969,72.21035081645823
120.0,120.0,120.0,120.0,120.0,120.0,120.0,120.0,120.0,120.0,0.013901984982753739,81.49932506764283,94.61515576867261,0.003214378724755373,96.13684382447263,100.05737567228321,101.77195932589572,103.31326377252536,104.94269958810492,101.07339670972375,62.47027146051839,53.281994038015135,50.715010974534316,56.07031800893639,72.28234478988192
120.0,120.0,120.0,120.0,120.0,120.0,120.0,120.0,120.0,120.0,12.886304928227586,79.58624106392075,101.70505690057463,0.0031560825854863726,92.79879786805381,101.57705420501941,102.3616197900377,103.43323442587891,104.00224481130752,101.35038264134153,63.925664979824106,53.197384249857606,50.58468069922651,56.0189571975742,72.30785663736424
120.0,120.0,120.0,120.0,120.0,120.0,120.0,120.0,120.0,120.0,4.92271403105501,100.34810485607544,0.008439547775290913,0.3537811780215602,89.17224959602815,100.2792850549686,103.41492490720275,103.53732787473503,104.06296861100502,100.86227966573271,65.05324284797862,53.58205107105993,50.34635213603587,56.043991593771565,72.34935564576419
120.0,120.0,120.0,120.0,120.0,120.0,120.0,120.0,120.0,120.0,97.03270950407041,0.0049382601735959404,0.004704508942174275,0.039495106988225906,88.34644642684142,98.20199144715492,102.79401142316631,104.23453759541073,103.94315539846025,100.99812869733371,65.07484176933951,54.19213747206857,50.25832217318067,55.93732853229126,72.43033840648829
120.0,120.0,120.0,120.0,120.0,120.0,120.0,120.0,120.0,120.0,93.78741552489116,7.5368534369301186,0.0031514700362173667,0.415464828994412,87.62071542451065,97.37516741991504,101.5155620933068,103.89607724799059,104.39365532321266,100.89328887677064,65.57726049273343,54.40148971065012,50.36397234064547,55.83047362220697,72.40077960318673
120.0,120.0,120.0,120.0,120.0,120.0,120.0,120.0,120.0,120.0,0.006226058911259229,7.294567577732305,0.00247227396089531,15.411810190291074,92.80107532956048,96.58647019921933,100.89366170094596,103.06761506852465,104.19754238811251,101.18854328962578,65.72650172564515,54.85635096299143,50.36118146023302,55.800671277374846,72.34820186544405
120.0,120.0,120.0,120.0,120.0,120.0,120.0,120.0,120.0,120.0,0.009111389684810919,96.08735780807906,0.00198190015794437,37.77973720543074,98.78862084956538,99.09342411389798,100.13863482080077,102.62818070582881,103.644791646226,101.1351613859594,66.15115189375014,55.178671163562505,50.52397671208205,55.70494318822366,72.31550965148344
120.0,120.0,120.0,120.0,120.0,120.0,120.0,120.0,120.0,120.0,3.285248764479468,73.22699879234713,0.013244749389420689,70.81856961086692,99.93516585340726,102.39921934563584,101.53343261337751,101.93341124797657,103.34356380081448,100.78205539595353,66.32552324114096,55.52948648328579,50.696964064558976,55.69883228214067,72.22556109900313
120.0,120.0,120.0,120.0,120.0,120.0,120.0,120.0,120.0,120.0,16.101268345885554,76.0640622514508,83.69577004021788,79.62933778701439,96.79038126523164,103.4911431389925,103.57928022742806,102.75268385337546,102.71863122672195,100.58477029499721,66.10895295442526,55.797400757983745,50.867830932871435,55.72300243579282,72.19127280762709
120.0,120.0,120.0,120.0,120.0,120.0,120.0,120.0,120.0,120.0,0.0035942231732527443,84.34227664308024,78.08831428813929,67.87848527270184,92.92805325631818,101.73991471999135,104.44895341982388,104.06491487633996,103.19955458370546,100.03088300505672,66.01671687076436,55.89673884266841,51.016613619855754,55.74201976021785,72.16872435627594
120.0,120.0,120.0,120.0,120.0,120.0,120.0,120.0,120.0,120.0,0.004287163805661076,91.54124353253508,0.007527220597510019,19.832852841353148,96.98220101756748,98.00218698767158,103.47560956835076,104.7012638673779,104.04333342224007,100.23896890551448,65.36099876381414,56.06957588487517,51.123232500071836,55.75682796236678,72.1400995841176
120.0,120.0,120.0,120.0,120.0,120.0,120.0,120.0,120.0,120.0,0.007028628807274002,97.79241894118834,0.004180586819889314,10.04459430369297,90.98777064306391,100.29178898249582,100.52428163786664,104.17687277092983,104.47745738892056,100.78077822381933,65.3989279520056,55.9134889808288,51.308304562058005,55.77112612367949,72.10765837097408
120.0,120.0,120.0,120.0,120.0,120.0,120.0,120.0,120.0,120.0,74.39513839563546,0.00830470680258422,0.0025865256182958877,21.798328541167926,91.77676967430082,97.13138444340413,102.10602057435239,101.94390154393463,104.22409864535712,101.05804669991923,65.93190588416748,55.96923649603947,51.3651359309321,55.856779101140525,72.08097519031179
120.0,120.0,120.0,120.0,120.0,120.0,120.0,120.0,120.0,120.0,75.7107562094432,9.397119386547205,0.0031131966853095334,41.539833156873385,96.38936526343657,98.65069169121038,99.97031564712559,103.17325140234614,102.57026544024723,100.98490632892799,66.16687100720709,56.24705481803823,51.486394805953246,55.90725388031338,72.10924335845827
120.0,120.0,120.0,120.0,120.0,120.0,120.0,120.0,120.0,120.0,83.09344479080664,0.0027845522072786196,0.0037302374358937594,61.59097458270615,97.581145888929,101.14831213734963,101.32978454695511,101.50987118816937,103.57557870003862,99.8128655170226,66.15837005159469,56.29837988774553,51.68592180301167,56.0000949371658,72.12483158431291
120.0,120.0,120.0,120.0,120.0,120.0,120.0,120.0,120.0,120.0,0.013269082479550406,74.7266372371502,0.00405758572781956,79.24438222748798,95.12474587908146,101.76728808575264,102.84789849042691,102.60399303733483,102.19183763527558,100.5945854233888,64.91120805268272,56.257402156410635,51.705435695405214,56.13200072635233,72.1779715292311
120.0,120.0,120.0,120.0,120.0,120.0,120.0,120.0,120.0,120.0,20.010773674310325,69.47531198457524,0.003926384940820206,91.09639662475914,94.08980275504365,100.22581475126336,103.13012952388793,103.5916553508413,103.02916930632848,99.47910431908684,65.85535067377715,55.713632292423576,51.64468768207792,56.13742280361767,72.24910241989555
120.0,120.0,120.0,120.0,120.0,120.0,120.0,120.0,120.0,120.0,27.802444625824023,88.78274330507585,0.002610185846792632,99.21419102443662,97.34873692470248,98.80333735781527,102.19358068359833,103.63853674306013,103.70169021688227,99.9107946630478,64.61195846303113,56.30680458399296,51.41721035851646,56.0779279499352,72.22969703925753
120.0,120.0,120.0,120.0,120.0,120.0,120.0,120.0,120.0,120.0,26.713735384950056,99.68865008904207,96.36760619568975,99.77367591052924,101.87943046751006,100.11418994649945,101.04175498502306,103.09893902571557,103.57984662114576,100.4541211078701,64.65618082743124,55.82635959611671,51.78949455866645,55.96552459613863,72.17247421193106
120.0,120.0,120.0,120.0,120.0,120.0,120.0,120.0,120.0,120.0,96.70706388508532,0.005005073445303171,0.0037279857230199,65.13842663239912,103.5341179062062,102.84747787878709,101.62058303964017,102.25802069936498,103.30025406919073,100.19733371858338,65.33932028034218,55.67066331096951,51.698482412970456,56.19811089174924,72.10132951098173
120.0,120.0,120.0,120.0,120.0,120.0,120.0,120.0,120.0,120.0,0.013630592637021963,3.5991058778292158,0.004369551881425965,54.768838295124866,100.37528368764703,104.33480018825115,103.32117874467323,102.50028474416197,102.72333439497088,100.02985966630028,64.83588583115879,56.02007179673305,51.62143091245638,56.21399415334261,72.26131063697903
120.0,120.0,120.0,120.0,120.0,120.0,120.0,120.0,120.0,120.0,0.009577059257716698,96.92822298340761,0.004682878154838649,68.67951833178407,92.6567929189086,102.9136231833057,104.46701405754237,103.56244258919882,102.78359930840011,99.70095086234222,64.4715308677128,55.65126066285036,51.832941384880336,56.19964853948568,72.27300887475236
120.0,120.0,120.0,120.0,120.0,120.0,120.0,120.0,120.0,120.0,0.0104678814767524,76.04313594764822,0.005143698859031004,87.31928193298424,92.9247298011189,99.27584050205478,103.85832899067971,104.3834605780194,103.43545753162294,99.62139224128684,64.21052867623332,55.27244905412051,51.64659695681006,56.358226257746274,72.28338731926496
120.0,120.0,120.0,120.0,120.0,120.0,120.0,120.0,120.0,120.0,0.046749401851698555,79.4653919969302,0.004173057049801384,96.97977833013438,96.12942589291772,98.68166335217998,102.12222316532782,104.18611458244872,103.99726160819529,99.96017156234662,63.983800998451564,55.16087736923651,51.373178020956175,56.28288631686136,72.39318582605833
120.0,120.0,120.0,120.0,120.0,120.0,120.0,120.0,120.0,120.0,0.007157329381426866,88.63028129600218,0.0036342039825232792,101.41598671546451,100.03097255072619,99.64854030311609,101.38248401581251,103.47503049925682,104.00944681188321,100.32929632689624,64.08902085943633,55.02465897764852,51.32579909156962,56.127492148277696,72.34185068256195
120.0,120.0,120.0,120.0,120.0,120.0,120.0,120.0,120.0,120.0,0.01115958157120005,97.04233772023092,0.004574171603249634,96.51487930463318,103.75318870028181,101.44850964460717,101.49407090148428,102.78771165043297,103.876467547734,100.45761063126413,64.33193888445254,54.90260669703981,51.292222976956396,56.130946799615856,72.25711318244473
120.0,120.0,120.0,120.0,120.0,120.0,120.0,120.0,120.0,120.0,0.013103232751140729,7.142699425871709,0.004999675774572618,88.49347085973912,102.63026198957677,104.22401452589871,102.30017137687553,102.55538363807817,103.29764875583645,100.6766862084954,64.52743148040935,54.81105583531444,51.18679497411027,56.15485177372531,72.28405538147085
120.0,120.0,120.0,120.0,120.0,120.0,120.0,120.0,120.0,120.0,87.5905222654058,20.258504299466455,0.2619289265311906,86.01583199310107,98.36294028206241,104.19143846567292,104.32029741720153,102.85754855473974,102.94330581424632,100.26010661435788,65.17586214433804,54.77592402850085,51.03844995821104,56.11118182611043,72.32291561682602
120.0,120.0,120.0,120.0,120.0,120.0,120.0,120.0,120.0,120.0,91.23812916896489,0.0047327201450804565,23.459064228154038,87.5859603434567,96.44991807495246,101.75833806980911,104.62282741126982,104.30150970547113,102.9952365098096,99.84032836680943,64.90174653190702,55.18184785834514,50.91187373627977,56.019438508848225,72.31641676833172
120.0,120.0,120.0,120.0,120.0,120.0,120.0,120.0,120.0,120.0,0.012072955042644992,91.71602198282677,38.1356987157286,95.15983069543906,96.58171999577205,100.53786770778572,103.21216870685406,104.657661143219,104.00871739941817,99.77005587721224,64.23027635722143,55.17355174221397,51.06236981803809,55.92533291233593,72.2731973621241
120.0,120.0,120.0,120.0,120.0,120.0,120.0,120.0,120.0,120.0,2.7631454786303165,82.93152406235082,33.004266840818836,96.12788850574937,100.21972056893037,100.24427057173983,102.52903079002202,103.85797235623231,104.312410692039,100.46707121969055,63.9706851314284,54.7896399528376,51.06758766067717,55.98024747887663,72.22361091310002
120.0,120.0,120.0,120.0,120.0,120.0,120.0,120.0,120.0,120.0,25.053038307913372,88.17464817090776,1.9398378065728512,97.02202488393233,100.5997874961655,102.21047867872672,102.11159798813785,103.56844705103232,103.88709030232022,100.7098883430165,64.67139414466386,54.589257791777236,50.85200984349045,55.96731017473435,72.26190944230484
120.0,120.0,120.0,120.0,120.0,120.0,120.0,120.0,120.0,120.0,0.28320945663589747,0.007556130752130115,0.023871150188339477,93.77302709179456,101.04468598227884,102.23050437132719,103.21959010734749,103.13887980993574,103.87247380529169,100.5070125117926,64.9397505079197,54.87965614370376,50.73255205556258,55.83150678202728,72.24605672741122
120.0,120.0,120.0,120.0,120.0,120.0,120.0,120.0,120.0,120.0,84.1992138281144,1.3658924072965293,8.58316934399313,93.55455430171163,100.0733376413409,102.5569265571674,103.0202137894973,103.76559510007259,103.4778969787465,100.70595279238835,64.76264449868064,54.922436591696325,50.8563529062001,55.76695285090301,72.16237325402085
120.0,120.0,120.0,120.0,120.0,120.0,120.0,120.0,120.0,120.0,80.33975323319704,4.6226939393408415,39.757991733782106,92.88005228283367,100.6931922298688,102.40497694318725,103.27230593111507,103.45167584644022,103.82290710309562,100.41748343577505,65.2935982327319,54.73781057408207,50.81381514026874,55.83741551802929,72.13794780875996
120.0,120.0,120.0,120.0,120.0,120.0,120.0,120.0,120.0,120.0,0.009941891723727827,0.005919566149584499,66.61724763720613,94.3339181837596,100.09160048019238,103.12484752346035,103.47026518156824,103.64212479033678,103.47304027239242,100.55117897176007,65.16095976185522,55.09572279094053,50.618035702835954,55.789821929936444,72.19334176784861
120.0,120.0,120.0,120.0,120.0,120.0,120.0,120.0,120.0,120.0,0.015758626892472656,78.73558686254023,83.24795694072701,92.27119274637667,100.57847142696016,102.61736332849834,104.13781192124527,103.98345469226096,103.61089475171592,100.23991985919378,65.17060409583017,55.1975214596548,50.757029223399016,55.63455139932314,72.15848609503445
120.0,120.0,120.0,120.0,120.0,120.0,120.0,120.0,120.0,120.0,8.190567458936707,77.8353749086305,61.79297734431682,93.71456117757192,98.48769206822087,102.87022502347644,103.72219182774423,104.54933729724303,103.99100113225607,100.31383954943517,64.74257764914833,55.17758768064885,50.85106619953439,55.67683071294913,72.05761638882996
120.0,120.0,120.0,120.0,120.0,120.0,120.0,120.0,120.0,120.0,10.862147043420427,84.97276852973481,13.115359220400622,97.99216251089966,97.98632116470041,101.15016144569961,103.92659850183746,104.21696153413264,104.44611239124697,100.70016313474108,64.74861712256774,54.92785090647718,50.82262671710844,55.720005181190615,72.08403421445733
120.0,120.0,120.0,120.0,120.0,120.0,120.0,120.0,120.0,120.0,0.013116523262079268,0.008618166353580219,1.1639926670166838,94.34727582814594,100.24210774109102,100.26126973953387,102.54975521174728,104.43510835379021,104.18814294658138,101.07207131407372,65.33085224649831,54.8952814664132,50.675111462789005,55.67723971977033,72.1008073094817
120.0,120.0,120.0,120.0,120.0,120.0,120.0,120.0,120.0,120.0,0.016906061111932495,0.01419429656311114,23.82401257994883,95.35979665667791,99.52031227358314,101.56660083871905,101.64434432187089,103.34627951963812,104.4379046065155,100.89181989276365,65.87200691213683,55.243014271055515,50.64228377345638,55.57754108574097,72.06432418852039
120.0,120.0,120.0,120.0,120.0,120.0,120.0,120.0,120.0,120.0,0.02052554902150795,1.3892545055975554,53.41652505114098,97.07435935495305,101.15890637596016,101.55536508161317,102.44311451249516,102.53378023115002,103.59024520560976,101.18727913158118,65.70177895034347,55.55583840670537,50.8233658550774,55.55198465292597,71.9984468634582
120.0,120.0,120.0,120.0,120.0,120.0,120.0,120.0,120.0,120.0,77.7502793782807,0.01355579043099074,79.70097652608717,96.49132746472671,102.22942161263457,103.07139008059434,102.54708776638478,103.04400416629093,102.8940201492448,100.61007363693864,66.2003476689695,55.455908468008275,50.96937323514666,55.64715566046282,71.98818976072484
120.0,120.0,120.0,120.0,120.0,120.0,120.0,120.0,120.0,120.0,81.18886854617017,0.007336393926154127,94.6866542864162,95.88104901339881,101.59884021503301,103.83835456029885,103.81992036079552,103.08304540298721,103.23228793430955,99.9730455055526,65.75735768952902,55.7529683892179,50.87362621516969,55.705094488041624,72.04921297960466
120.0,120.0,120.0,120.0,120.0,120.0,120.0,120.0,120.0,120.0,0.008583743941313792,75.9786955793594,102.19237860564412,99.56328637729833,100.41703609279779,103.3743134018184,104.41346813648754,104.10069140260055,103.1707537152315,100.18073874113367,64.87468271030173,55.70879804721648,50.980335066539475,55.61174239229926,72.07031029197802
120.0,120.0,120.0,120.0,120.0,120.0,120.0,120.0,120.0,120.0,2.4284250025990093,72.78450370008362,66.48919363977795,104.14843716942707,101.79273035149305,102.39212620061046,104.09659311877306,104.5711087574394,103.9480735807829,100.03424007073208,65.02299844003508,55.30167289086181,51.010284569359555,55.6256237086262,71.99054357923693
120.0,120.0,120.0,120.0,120.0,120.0,120.0,120.0,120.0,120.0,10.867006781858704,0.008522994696025894,33.44514403210568,102.05847388142013,104.75704896781791,102.99995249556058,103.39879807606711,104.3636655050774,104.32400447549657,100.52600944390693,64.76544932268008,55.407906527321146,50.85500422049564,55.63042577368096,71.9819685295179
120.0,120.0,120.0,120.0,120.0,120.0,120.0,120.0,120.0,120.0,0.0036980035444892,0.004436869824504303,50.83286118058306,90.40281354188397,104.00059330160937,104.99658234943779,103.70501694546951,103.92717961135185,104.1925660222933,100.85889452974705,65.09972386961039,55.309986385110975,50.96212530723757,55.54831694134393,71.96676331405143
120.0,120.0,120.0,120.0,120.0,120.0,120.0,120.0,120.0,120.0,91.8371078497729,0.003373610616467448,68.16859949349815,88.65901225415878,98.14859354414682,104.67245398150128,105.07469905201155,104.10904569364122,103.96430103704864,100.79255111089464,65.50556707591825,55.349237084855304,50.99372695354692,55.62927168933491,71.91427732093999
120.0,120.0,120.0,120.0,120.0,120.0,120.0,120.0,120.0,120.0,89.80697336771782,0.0033643596108246577,89.71643712318115,91.69832060215475,96.95385823347819,101.49802786660487,104.89454698454561,105.05405961779616,104.0992380043822,100.72941779579912,65.45835583408848,55.477742458648734,50.99983106840115,55.69099355202881,71.97940565027733
120.0,120.0,120.0,120.0,120.0,120.0,120.0,120.0,120.0,120.0,0.006727738099360446,0.0037669497933436906,99.78941942374709,96.59355277069625,97.21823842887308,100.69388419307191,103.16861208092811,104.91847145871546,104.7534243078515,100.88802700086757,65.50233191291669,55.397926356532416,51.02307915141972,55.708023507024166,72.02715523785109
120.0,120.0,120.0,120.0,120.0,120.0,120.0,120.0,120.0,120.0,0.013570560717550032,0.004804435890630895,102.82464880675369,101.12894816468727,99.24166614488374,100.03085768585014,102.65641758289911,104.04103631913321,104.63757593099375,101.36677282449412,65.84643401431708,55.424208631603044,50.93380536974653,55.7173921607618,72.04455288317729
120.0,120.0,120.0,120.0,120.0,120.0,120.0,120.0,120.0,120.0,0.3697861619216849,81.73332865424581,93.56702769435127,104.67936677676084,101.73006441975794,100.78470728049028,101.66928628837627,103.7429106468481,104.2750069119015,101.30319974813219,66.48060622530564,55.68375809385076,50.90723243915134,55.65299254036283,72.04779887035072
120.0,120.0,120.0,120.0,120.0,120.0,120.0,120.0,120.0,120.0,5.93408693838731,0.014053427439873145,72.0248585181259,101.43927474824818,104.68691361279426,102.1585180590029,101.81421727793939,102.67753204908938,104.1301138965586,101.27096127719457,66.48139201342893,56.05197743678043,51.03944628733996,55.617146501124324,71.99897346667697
120.0,120.0,120.0,120.0,120.0,120.0,120.0,120.0,120.0,120.0,0.016159707853458598,0.024859418365690684,76.39339181859293,95.76096231832081,103.52596817091771,104.43193910571495,102.52882222245718,102.5405759784877,103.0996025887313,101.29172978972731,66.77279830989048,56.06329978779673,51.21206376735285,55.67601577680555,71.97281096619282
120.0,120.0,120.0,120.0,120.0,120.0,120.0,120.0,120.0,120.0,0.019824920814759492,7.155260572668559,90.45422629835184,91.54393978462136,100.04444570800987,104.13207797506169,104.18198233930596,102.85493018869003,102.84768239679052,100.34458084035427,67.18561679879363,56.359336062485305,51.17664893662478,55.74232065215547,72.00390821574157
120.0,120.0,120.0,120.0,120.0,120.0,120.0,120.0,120.0,120.0,0.026036857753896667,27.16773116475754,100.65175158363532,97.08774917835765,97.57211051520738,101.9884012718507,104.23334034043803,103.9848144117716,102.92313074096913,99.97617838619666,65.99710863199594,56.88053479823311,51.32009516903282,55.675523680792374,72.02669165571204
120.0,120.0,120.0,120.0,120.0,120.0,120.0,120.0,120.0,120.0,79.94106362506064,26.105047621456986,104.80394218503514,102.25945650721367,100.15830423744136,100.55346383855114,102.94469318867088,104.14743948182276,103.63020700842138,99.91795696792512,65.22762923698625,56.42804973946079,51.682759802948965,55.710614545607406,71.95744619635985
120.0,120.0,120.0,120.0,120.0,120.0,120.0,120.0,120.0,120.0,83.17320836208417,7.606881812009351,99.50930127644423,105.73721356478536,102.90988245581788,101.83049746474353,102.18029878575305,103.40796867454588,103.78990973004359,100.24166803058691,64.99960205958683,55.98446365114324,51.574872043833935,55.89917387324126,71.95808656093367
120.0,120.0,120.0,120.0,120.0,120.0,120.0,120.0,120.0,120.0,0.020180312093035745,0.009775774103266622,92.15444955545607,104.12469236013582,105.53618932515204,103.26321421253436,102.80125518200137,103.0841638008527,103.39588615686091,100.3104238339432,65.04108813821034,55.89105320802828,51.408924013962086,55.852194467939206,72.04941693575876
120.0,120.0,120.0,120.0,120.0,120.0,120.0,120.0,120.0,120.0,0.01429930728429392,0.012283232097159405,87.9765827951499,99.96812417961088,105.24893585030813,105.19225387151309,103.47337432770713,103.35618727932686,103.34593593608103,100.10708038694274,64.86280578946963,55.79650288544419,51.46952212392918,55.78290904541023,71.99480356079054
120.0,120.0,120.0,120.0,120.0,120.0,120.0,120.0,120.0,120.0,0.012105082794239844,0.022332931548765703,84.30013546263902,97.78120886795519,102.86034934171042,105.453403465125,104.87701737800137,103.58774527241995,103.42670916789982,100.20869106347116,64.59268246448647,55.48477035269448,51.47711331948283,55.88410136804452,71.95734445757513
120.0,120.0,120.0,120.0,120.0,120.0,120.0,120.0,120.0,120.0,0.0072933144849790296,8.121302194963956,87.59744114101476,95.0678441442257,101.67923647012476,104.12039358731377,105.34879850961593,104.611338987551,103.40984548152817,100.1850530954086,64.85313514915059,55.213622984577164,51.27545596316085,55.94955990470031,72.04298593925887
120.0,120.0,120.0,120.0,120.0,120.0,120.0,120.0,120.0,120.0,0.008944515743230456,24.21228409678375,93.6967315683696,96.20084684668741,99.52064735390339,103.55740831985251,104.66671986555419,105.12764962865157,104.16546207659393,99.99075403022523,64.78072496073666,55.37180945425784,51.088738084766156,55.863375210656976,72.1018505063962
120.0,120.0,120.0,120.0,120.0,120.0,120.0,120.0,120.0,120.0,0.012791046641637455,39.37234505405031,97.03779340289643,99.21941591696181,99.8296693617198,101.80617608993201,104.51646267650942,104.84206016221206,104.65160126609332,100.54514545988776,64.23982414385813,55.327310730918555,51.179620254279065,55.7811029586901,72.06445652420305
120.0,120.0,120.0,120.0,120.0,120.0,120.0,120.0,120.0,120.0,0.020333833664745254,44.51615316292936,96.33626573097,101.17296523028541,101.44213465257916,101.77233986114031,103.09883182793017,104.97110459353047,104.59665979514189,101.0355128939711,64.71538132517607,54.85809721859795,51.17797130258297,55.86594957945554,72.03669957933973
120.0,120.0,120.0,120.0,120.0,120.0,120.0,120.0,120.0,120.0,0.032115074372422774,38.44092733817006,94.46508315695726,101.08393872848872,102.56357479576961,102.64153781787094,102.93487601789863,103.83980058110554,104.90977920834848,101.12715529716844,65.44615998219386,54.900481137445595,50.88403667838588,55.897357182511215,72.11451542435843
120.0,120.0,120.0,120.0,120.0,120.0,120.0,120.0,120.0,120.0,0.022713468444952215,41.21803993882794,94.51962698692483,99.840173794995,102.67006756722816,103.20716331606505,103.38586800297887,103.65149556605371,104.03286571913414,101.58849677254867,65.73671294156102,55.226795417399266,50.80305951638514,55.743455244993115,72.14682132648342
120.0,120.0,120.0,120.0,120.0,120.0,120.0,120.0,120.0,120.0,0.034742154666991244,33.94858247843287,95.43678119612363,99.70691366937909,101.94253700874513,103.34889956283081,103.56743307147474,103.86710576292445,103.86719996902195,101.02040085852526,66.62280419262031,55.35186374224126,50.897104949072514,55.69005572924746,72.06445119981609
120.0,120.0,120.0,120.0,120.0,120.0,120.0,120.0,120.0,120.0,0.039805683277453124,26.118242082863375,92.9052866321537,100.43709675143225,101.88922489578118,102.9492513029385,103.6902369550293,103.78736116141197,103.96111305266228,100.86495659125198,66.30341071986972,55.872993396001796,50.87341720089328,55.72661767957635,72.05036580340453
120.0,120.0,120.0,120.0,120.0,120.0,120.0,120.0,120.0,120.0,0.031012593411766914,12.718445509217792,92.36775648956572,98.73181665276387,102.4392673005323,102.9753190904229,103.48851204409223,103.8774218393888,103.71680102278891,100.94550105882426,66.15245038109263,55.92323276483717,51.04890351685202,55.66804474760984,72.07703317494783
120.0,120.0,120.0,120.0,120.0,120.0,120.0,120.0,120.0,120.0,0.02339490593028661,12.821884487440183,93.86062438542398,98.47695754348268,101.15191267222839,103.39575711727596,103.55576149259339,103.78823889803627,103.77208788900617,100.60940722977726,66.37227426333446,55.958115256449034,51.085134413033394,55.69501970211458,72.02948342511915
120.0,120.0,120.0,120.0,120.0,120.0,120.0,120.0,120.0,120.0,0.01222942872193337,34.887211975536005,97.3669317849144,99.48622397979607,101.06158765963569,102.37138477977267,103.88185543630232,103.85963438059225,103.74490655044906,100.58553281610321,65.86818558133186,56.23192286596443,51.11740354480714,55.67008702947259,72.02743297261503
120.0,120.0,120.0,120.0,120.0,120.0,120.0,120.0,120.0,120.0,0.014624293533150276,41.00746120775871,98.5535887175977,101.79412648851752,101.75676066754508,102.39270692263214,103.04919675838926,104.11408406390676,103.79347573343026,100.60829161247679,65.65972472081545,56.03584991384225,51.313731787493715,55.649659629096234,71.98293365886975
120.0,120.0,120.0,120.0,120.0,120.0,120.0,120.0,120.0,120.0,0.018289581162371938,45.73889057354519,93.27985962129345,102.83002969907334,103.3009629778691,102.8857332333976,103.15009063614244,103.43474088557366,103.9892289536889,100.6082646886781,65.7330322945953,55.87182258692693,51.277336461504,55.742971625522934,71.95067460520609
120.0,120.0,120.0,120.0,120.0,120.0,120.0,120.0,120.0,120.0,0.020732135156104677,35.749994985720434,91.23878068877787,99.57518809080058,104.13389392500714,103.9210387280365,103.50218151953777,103.58844707057398,103.43846969183909,100.73165577253025,65.7017924862204,55.95230875944316,51.199857935267154,55.72399312167088,71.9937413661304
120.0,120.0,120.0,120.0,120.0,120.0,120.0,120.0,120.0,120.0,0.02109791070913747,29.05450044529157,92.93717385655718,97.81112211986124,101.98520409884206,104.58517949433765,104.17853840691626,103.83698984661228,103.61709742263965,100.29232471370904,65.77029952542301,55.962151008752144,51.27887869876432,55.67613532768284,71.96596649575044
120.0,120.0,120.0,120.0,120.0,120.0,120.0,120.0,120.0,120.0,0.012123609280099885,46.769506329237664,97.02835830965661,98.3970353937703,100.77802516608745,103.11028080574204,104.7109311104595,104.25433768578084,103.78846043407304,100.43808677195715,65.20260373875801,55.9546414127048,51.32866691147099,55.73442170581473,71.93381724963137
120.0,120.0,120.0,120.0,120.0,120.0,120.0,120.0,120.0,120.0,0.014753231795850306,50.95529306632971,99.20665873742739,100.93196986569842,100.98123391123859,102.36270714886183,103.68228548711569,104.68630943783022,104.01939870585646,100.57439920393973,65.32250336584372,55.632610539209715,51.32560100311936,55.782710371400015,71.97437174894313
120.0,120.0,120.0,120.0,120.0,120.0,120.0,120.0,120.0,120.0,0.01769337325483195,53.21571478359657,95.39683715885523,102.6050885793156,102.52862969781829,102.41370266641171,103.27783527029649,103.96743000277513,104.3754496455593,100.64933016936736,65.52763254938627,55.6713148361088,51.16935230345219,55.78637126205389,72.00549153616919
120.0,120.0,120.0,120.0,120.0,120.0,120.0,120.0,120.0,120.0,0.01834115447952265,41.71500809186755,93.55175879766531,100.2280839694312,103.71238087507881,103.3291170229643,103.26593281675831,103.80432836756582,103.8790740353306,100.94342794298744,65.46783282824967,55.812938699805684,51.197380656848026,55.713508870091815,72.00770954401521
120.0,120.0,120.0,120.0,120.0,120.0,120.0,120.0,120.0,120.0,0.017144593175445304,34.2158463436734,94.6251136655516,98.83225984511388,102.10592085765941,104.14464367873897,103.7678690315848,103.76996601909961,103.87109073488126,100.64938317180619,65.76352835171824,55.698857491573555,51.304991615250515,55.74756710166012,71.96654117184535
120.0,120.0,120.0,120.0,120.0,120.0,120.0,120.0,120.0,120.0,0.00931508793385435,53.02658798642935,98.028977379778,99.3056175811836,101.23169619768817,102.99213316225776,104.32069345801119,104.00223825278064,103.83545635635713,100.7169541637567,65.54243815106436,55.74518391952112,51.230948836854004,55.833073819563495,72.00163406107262
120.0,120.0,120.0,120.0,120.0,120.0,120.0,120.0,120.0,120.0,0.010682788856216032,62.08832845776664,99.8648939371063,101.61121284098506,101.50559336360904,102.51240213456067,103.46023871235512,104.37471682613831,103.89769204731932,100.71726610886995,65.71568568963296,55.6482549301721,51.189360602706586,55.79755996128118,72.06207780439985
120.0,120.0,120.0,120.0,120.0,120.0,120.0,120.0,120.0,120.0,0.012732966011776793,69.37816393321567,96.33939854810986,103.0845888570005,103.03076136507373,102.70290735585466,103.25560502151323,103.71583795970159,104.15087137839699,100.66210654253328,65.83013386747466,55.78271197294651,51.12115813776627,55.757186173321706,72.03955818994439
120.0,120.0,120.0,120.0,120.0,120.0,120.0,120.0,120.0,120.0,0.013999814789948807,61.084764523721574,94.68680910648536,100.69163947567728,104.12150106770362,103.69242596743975,103.39909240260243,103.68947256129488,103.64086785231082,100.83035004306467,65.66377033936585,55.930009738943035,51.18869933232828,55.713261267539686,72.01361914238119
120.0,120.0,120.0,120.0,120.0,120.0,120.0,120.0,120.0,120.0,0.0139565134027562,51.39080684272992,95.80412864114957,99.20770529673806,102.43281297988956,104.48780846133067,104.01485464811475,103.79856074387736,103.71548152221041,100.45788084385329,65.78690151544103,55.82893212404914,51.293709683433455,55.74561652878049,71.98478822874597
120.0,120.0,120.0,120.0,120.0,120.0,120.0,120.0,120.0,120.0,0.007648514183754129,66.41569462220001,98.99285184075525,99.58701716572341,101.3924358777512,103.25548718550296,104.5944013245811,104.1526402351504,103.79738247205398,100.549457273449,65.37279840796181,55.83515823651504,51.24686263548119,55.806091619739384,72.00751334298064
120.0,120.0,120.0,120.0,120.0,120.0,120.0,120.0,120.0,120.0,0.008326506223736367,76.49267364888038,100.77986595969637,101.8196717660514,101.53960307688583,102.60569920105029,103.67807962022198,104.57896375169231,103.9711020816482,100.62973645243082,65.48350839657417,55.630245272039716,51.2210254683303,55.77687292306785,72.04286795692474
120.0,120.0,120.0,120.0,120.0,120.0,120.0,120.0,120.0,120.0,0.00930320025015449,84.42292408696406,98.08753081189174,103.34860873705388,103.03708162989226,102.67316188434478,103.32860806580825,103.89219414619326,104.29050634766075,100.66204363870165,65.64804972716775,55.69709937714605,51.12134492588467,55.75006100391091,72.01882589435287
120.0,120.0,120.0,120.0,120.0,120.0,120.0,120.0,120.0,120.0,0.009904135015875072,77.58618672789797,96.93384949643828,101.39237741581621,104.19509682502253,103.64245824458293,103.36682464307651,103.75590313650031,103.77739933225413,100.8997756114522,65.56383359885879,55.8386662476199,51.163036921915015,55.697766907500025,71.99916824127791
120.0,120.0,120.0,120.0,120.0,120.0,120.0,120.0,120.0,120.0,0.010193925377184823,70.02122682821081,97.9961733963623,100.28234919994662,102.75309275003467,104.48742179301225,103.95984254600305,103.7825196499993,103.77689265942016,100.55073410843823,65.774904889417,55.74701066669216,51.267262527273104,55.726342064138,71.96716486410358
120.0,120.0,120.0,120.0,120.0,120.0,120.0,120.0,120.0,120.0,4.273573797199825,87.41397635110738,100.6269353590286,100.76003014302236,101.96794244942863,103.39661950606468,104.56574522365112,104.11120303193843,103.79943918783303,100.60470550216202,65.42240039295628,55.77026324903661,51.21625309840811,55.79693671984951,71.99334854495096
120.0,120.0,120.0,120.0,120.0,120.0,120.0,120.0,120.0,120.0,8.134178711047714,92.70912433517132,101.72619006367503,102.75057122036016,102.24291781701957,102.92273742633928,103.7256791067877,104.54363261946084,103.94802488124353,100.64988750151318,65.52656692406016,55.58898410175735,51.17998519045577,55.770180081737664,72.04080793674336
120.0,120.0,120.0,120.0,120.0,120.0,120.0,120.0,120.0,120.0,0.04213384108594984,94.02384129161935,99.12280224473984,103.79504654099286,103.66141583947957,103.11732101890958,103.49841229636138,103.89078633770387,104.25909565285694,100.66213986070171,65.67561507595026,55.66135589227703,51.07473064119475,55.73486805850646,72.02159652879084
120.0,120.0,120.0,120.0,120.0,120.0,120.0,120.0,120.0,120.0,0.24809427181744007,94.78442485980115,99.23428553159236,101.5416961487722,104.49694668205994,104.08752704598999,103.6528084580301,103.83896796097069,103.75273355477027,100.88106041807038,65.58024656945724,55.810719012507874,51.10999910206521,55.67323640676717,71.99743446577772
120.0,120.0,120.0,120.0,120.0,120.0,120.0,120.0,120.0,120.0,2.3660289139525483,96.87515957818997,99.72980264310576,101.56446160936125,102.67333965988838,104.72164032364729,104.28356848783542,103.9664335513096,103.80965808310377,100.51831791809036,65.76023351018993,55.730053217472026,51.216469739513975,55.69221480272526,71.95857361620432
120.0,120.0,120.0,120.0,120.0,120.0,120.0,120.0,120.0,120.0,22.187299459134742,98.34475122900923,101.01014501961762,101.90146530370163,102.82080176625783,103.26723248827709,104.75552529792508,104.34666621589639,103.91646971285529,100.60786759005799,65.36355715811771,55.74393176263205,51.17551751720021,55.75968929002923,71.97716390439545
120.0,120.0,120.0,120.0,120.0,120.0,120.0,120.0,120.0,120.0,24.558962558291594,98.71799487756529,102.126571746535,102.63396945058122,103.04692629609305,103.55964305761907,103.60517266573494,104.6981407205585,104.11848677062025,100.72387263151103,65.48880112586059,55.53147326447973,51.13942543182592,55.736810380341254,72.02178728539216
120.0,120.0,120.0,120.0,120.0,120.0,120.0,120.0,120.0,120.0,26.223214259292618,95.35919635706237,102.60542329647575,103.49047781338726,103.40141684974631,103.70219637675117,104.01035602814966,103.79679797191608,104.38508003758992,100.79012566767979,65.72639121278164,55.60114124808336,51.018835656819824,55.701521406266224,72.00454549686192
120.0,120.0,120.0,120.0,120.0,120.0,120.0,120.0,120.0,120.0,11.913022989318236,94.54882991082641,100.01174525267227,103.97350100755398,104.0801510336216,103.79133002624339,104.08497083552236,104.26834105311656,103.68869590320286,100.99449912053947,65.71405520950128,55.789423128961296,51.048795726835294,55.63174874611392,71.98015946414877
120.0,120.0,120.0,120.0,120.0,120.0,120.0,120.0,120.0,120.0,7.131657217282019,96.36783842487044,98.82048104130703,102.0281803193459,104.52727367787428,104.35425468926812,103.99381553546627,104.28843870389422,104.17845381262664,100.49541028096336,65.90686349881243,55.749273982284556,51.169381179646585,55.64768097112653,71.93669669128174
120.0,120.0,120.0,120.0,120.0,120.0,120.0,120.0,120.0,120.0,34.85502298646211,100.18249280363987,99.6674375225429,101.0306164257757,103.04958761633804,104.74537713619097,104.48615783808863,104.08315172921942,104.16212758531655,100.94147529771318,65.37064695176036,55.77423734332704,51.140441449046456,55.721209287326694,71.95446703301228
120.0,120.0,120.0,120.0,120.0,120.0,120.0,120.0,120.0,120.0,40.9419039362526,102.09342753927247,102.54159026938265,101.45569888991366,102.32658911694426,103.60468553662645,104.8091680939721,104.53498217672843,103.89269886413683,100.96179803963517,65.96430250382133,55.505965564807646,51.10107202405354,55.699666078168924,72.00283759919739
120.0,120.0,120.0,120.0,120.0,120.0,120.0,120.0,120.0,120.0,48.829660887612576,98.69527675796564,104.25687017825877,103.49122709072176,102.54654862636497,103.1426833914077,103.91586834919894,104.7856942578661,104.31881110978601,100.6263835316277,66.15159218558513,55.84253333504862,50.953384999069776,55.65491518179636,71.98419921583164
120.0,120.0,120.0,120.0,120.0,120.0,120.0,120.0,120.0,120.0,38.58026591105178,97.57834157728496,101.65711404693704,104.83626402392836,103.93467175883043,103.25197638168271,103.67543281244349,104.0749846768636,104.50689443133133,101.02220256534137,65.57597971434039,56.04737542368479,51.11786491317852,55.56664203345459,71.95064200141739
120.0,120.0,120.0,120.0,120.0,120.0,120.0,120.0,120.0,120.0,30.744128712271028,99.198323664769,100.23313994954219,102.87782368346775,104.9380843231903,104.15436100473687,103.71968630415962,104.01255285291069,103.92962687585687,101.22927006883735,66.05517952011206,55.68292755853986,51.25828309472321,55.64989082784727,71.89426511074956
120.0,120.0,120.0,120.0,120.0,120.0,120.0,120.0,120.0,120.0,48.69075431176209,102.45224853132017,100.96691991977804,101.73635697631175,103.44347283041104,104.8796624897851,104.26422217669182,104.01540373776301,103.99964872107921,100.73492952725161,66.50751226499266,55.89029072175347,51.054037458269406,55.728205485610886,71.95146284644157
120.0,120.0,120.0,120.0,120.0,120.0,120.0,120.0,120.0,120.0,60.29126497214957,103.87995306204775,103.61930062317627,102.12078332775113,102.66688472665105,103.72550086924858,104.77770268823733,104.30159691730907,103.98063769469039,100.86864427858522,65.86987338645913,56.236135672658065,51.11638923625307,55.6008771470303,71.9916019890941
120.0,120.0,120.0,120.0,120.0,120.0,120.0,120.0,120.0,120.0,73.88827193693983,102.01160854810549,105.06573392197498,104.10150124257959,102.90345099817941,103.27550602588985,103.8806243917431,104.66461198286251,104.08328250750057,100.89848208586083,66.05690995989038,55.90886438897088,51.318402122963754,55.61423965403202,71.90294430569374
120.0,120.0,120.0,120.0,120.0,120.0,120.0,120.0,120.0,120.0,78.47945291272681,101.64228783493361,103.41464130092889,105.3104819439244,104.30247393324163,103.43872665257344,103.6827181908771,103.96350569595826,104.34486966091733,100.84407335277692,66.28216471392558,56.004589886715216,51.15493833980327,55.72269323939096,71.91276942652618
120.0,120.0,120.0,120.0,120.0,120.0,120.0,120.0,120.0,120.0,85.75722838746944,102.69204325417302,102.70142471847475,103.97327881247413,105.24331603894183,104.37333929730507,103.80119197831517,103.9401797543769,103.79903286913499,101.02387371071379,66.08247483930444,56.27641760391049,51.181758774215226,55.61921603826325,71.9698180116846
120.0,120.0,120.0,120.0,120.0,120.0,120.0,120.0,120.0,120.0,99.94480878860956,104.42036749194708,103.13262381646116,103.3600400331015,104.18636251969409,105.07863570347497,104.38192777455001,104.02601524142118,103.87775456760832,100.63403684187186,66.19336451324516,56.17244462026557,51.387385524065856,55.61460273776497,71.89134467170088
120.0,120.0,120.0,120.0,120.0,120.0,120.0,120.0,120.0,120.0,106.0865679041996,104.8770316127318,104.42625759330987,103.52150461204121,103.78648518175218,104.25173959793399,104.90068255570937,104.34718339167478,103.93853457405736,100.73037348125088,65.77813408348854,56.149152136080815,51.365965147837606,55.742712004798,71.88978002010111
120.0,120.0,120.0,120.0,120.0,120.0,120.0,120.0,120.0,120.0,107.44460615544749,105.17122953041971,104.75389571947922,104.41387702758837,103.84198452658134,104.06794927490198,104.25979765397415,104.72893495685626,104.07822427361403,100.79092702567368,65.90951984228678,55.95490524204728,51.3190351352309,55.73616364479474,71.96620602852282
120.0,120.0,120.0,120.0,120.0,120.0,120.0,120.0,120.0,120.0,107.996162655361,106.74556437114205,104.58277447292917,104.56249774050121,104.39843431417847,104.08586555903443,104.24995075633812,104.23534574930535,104.36277775693407,100.7863938304,66.04891056277923,56.05470533439536,51.23075054055508,55.69360246218375,71.95174164587013
120.0,120.0,120.0,120.0,120.0,120.0,120.0,120.0,120.0,120.0,108.12309355213289,107.58292521772127,106.18894433799643,104.21736115943257,104.41366412509197,104.3830589013232,104.25730293231867,104.34574960599609,103.98711690016849,100.99378050911521,65.90089238712925,56.1930088462697,51.30570439109345,55.649307789801306,71.91946698148807
120.0,120.0,120.0,120.0,120.0,120.0,120.0,120.0,120.0,120.0,108.33823060992957,107.76297585901058,107.12927816650503,105.75738417402086,104.01440326360262,104.31803837332814,104.36721602267689,104.35200233291754,104.1644146007026,100.74056880673342,66.06554011687899,56.063745801029874,51.420016713855304,55.70229889688915,71.89111244815675
120.0,120.0,120.0,120.0,120.0,120.0,120.0,120.0,120.0,120.0,108.42776430645651,108.14571219273935,107.33502786855381,106.66071479591002,105.42607674381544,103.92544896980162,104.26715399985225,104.33538253411542,104.17399237468548,100.92644018609228,65.81330655488892,56.06284769959502,51.355139895072945,55.78253976626205,71.9310595890318
120.0,120.0,120.0,120.0,120.0,120.0,120.0,120.0,120.0,120.0,108.45593953597125,108.31056851957653,107.89854533589276,106.87744764467921,106.21321992023809,105.17395083025635,103.91172145314603,104.23445011076386,104.07990147281222,100.97040850872325,66.07453492778882,55.93134774893605,51.31387139496902,55.751183568788115,71.98292010775215
120.0,120.0,120.0,120.0,120.0,120.0,120.0,120.0,120.0,120.0,108.50343306985778,108.36206603166093,108.14281746389425,107.60986325848644,106.4233861936044,105.80755107262736,104.98120382968852,103.92724000911323,103.99702346073038,100.82076337647989,66.23243028011062,56.07663113483121,51.239673389389715,55.7184533157187,71.96024293527462
120.0,120.0,120.0,120.0,120.0,120.0,120.0,120.0,120.0,120.0,108.52058406473944,108.456194132739,108.22525069844444,107.92460703883904,107.29476939594927,105.99886826689176,105.45471095711619,104.81724284733501,103.74051894435142,100.75288037803752,65.96679416147074,56.21769837753464,51.307905074590714,55.678886558502484,71.93878387999318
120.0,120.0,120.0,120.0,120.0,120.0,120.0,120.0,120.0,120.0,108.52837240276715,108.489658198508,108.38458551183626,108.04457346763854,107.66141293543298,106.96832381492011,105.62049382643907,105.14408357072621,104.4599945088415,100.55535722310744,65.82880921421305,56.050435603133096,51.3960769130719,55.71463916095816,71.91441669272704
120.0,120.0,120.0,120.0,120.0,120.0,120.0,120.0,120.0,120.0,108.53974153645075,108.50468312519843,108.43912329575123,108.28423571915457,107.82221216541352,107.36186157677899,106.64257132233402,105.28231808972997,104.66857389119957,101.10348509643977,65.60017414427367,55.933854495713696,51.30272988858863,55.76379039791204,71.94052507080158
120.0,120.0,120.0,120.0,120.0,120.0,120.0,120.0,120.0,120.0,108.54321845668352,108.52807470360591,108.46642440092027,108.3644384131382,108.15343157723873,107.56469483716498,107.03751505006475,106.31373207010502,104.78195415957923,101.25859988024399,66.23355348078071,55.831428971393045,51.220535920214076,55.70558855103114,71.9684075202334
120.0,120.0,120.0,120.0,120.0,120.0,120.0,120.0,120.0,120.0,108.54531816439669,108.53486136236958,108.50867060481126,108.40974969431761,108.26160179914393,107.99190052288901,107.279897914514,106.68792034946767,105.78760865493204,101.34279412816112,66.45214454044364,56.147903375591795,51.18409459140321,55.652906669222105,71.92678616126116
120.0,120.0,120.0,120.0,120.0,120.0,120.0,120.0,120.0,120.0,108.54810785233842,108.53935063415625,108.52041987178025,108.47877055362525,108.33136086789395,108.12801991653392,107.80039836469149,106.96466346838703,106.13635730937091,102.34999875193438,66.50787459188071,56.24289037990928,51.34204760748543,55.64487178878267,71.89658707987748
120.0,120.0,120.0,120.0,120.0,120.0,120.0,120.0,120.0,120.0,108.54898199110028,108.54530753066648,108.52924704277922,108.49744655378935,108.43556847699708,108.22884995421703,107.96218093923804,107.56938887803753,106.44203164242842,102.79897478898816,68.06795066228621,56.17992327544066,51.36765794159048,55.73448985261158,71.89987715221571
120.0,120.0,120.0,120.0,120.0,120.0,120.0,120.0,120.0,120.0,108.54960584097378,108.5467232206474,108.54014249829531,108.5129887028129,108.46289178251187,108.3760063455232,108.09995916462519,107.75349432687449,107.12447842403803,103.17037219158887,69.1387767418151,57.06005515014868,51.25706960895213,55.734882106037496,71.9607380762281
120.0,120.0,120.0,120.0,120.0,120.0,120.0,120.0,120.0,120.0,108.5503083523282,108.54808121562468,108.54266899294304,108.53165120535601,108.48871848447529,108.41394242666217,108.29689172927179,107.93320819330468,107.34126538665171,104.04161984668943,69.95754486902274,57.863115204190336,51.634231874873976,55.63318773711796,71.9503463001415
120.0,120.0,120.0,120.0,120.0,120.0,120.0,120.0,120.0,120.0,108.55046639460997,108.54953941704117,108.54539415178466,108.53585263806727,108.51845502389297,108.45429239808342,108.34718450864888,108.1853739014092,107.57010393224839,104.46312434933105,71.82131107131259,58.465822525470216,52.03565544034545,55.78137591484791,71.87282905820757
120.0,120.0,120.0,120.0,120.0,120.0,120.0,120.0,120.0,120.0,108.55065083691228,108.54984585518883,108.54815781362535,108.5409275993086,108.52505132497899,108.4988856345185,108.40693248830792,108.25053696666424,107.89093323665047,104.83456315781471,73.24615257508643,59.85539150465994,52.282378395846756,55.931493263718345,71.9430913723652
120.0,120.0,120.0,120.0,120.0,120.0,120.0,120.0,120.0,120.0,108.55091426936667,108.55033290173337,108.54878201454571,108.54583825218191,108.53393768995622,108.50880242411549,108.47050471068918,108.3351624739505,107.98608705335866,105.36493131927844,74.43847982050725,61.268591197262715,52.980733573608845,55.94433965678127,71.97886830107157
120.0,120.0,120.0,120.0,120.0,120.0,120.0,120.0,120.0,120.0,108.55095321890427,108.55069545703944,108.54962672741534,108.5468180656309,108.54194911223284,108.52334063874827,108.48481348137128,108.42248975904802,108.10654974865813,105.63975999545487,76.04257084838271,62.554686748194385,53.83575963232915,56.18633362875681,71.90710575563979
120.0,120.0,120.0,120.0,120.0,120.0,120.0,120.0,120.0,120.0,108.55101470668276,108.5507684510187,108.55031434428008,108.54842436823755,108.54357963221636,108.53583476669507,108.50751395515637,108.44335751863585,108.23141421551198,105.89531379602435,77.29334405963263,64.25140657411629,54.66138732611316,56.52866363850949,71.96114952378966
120.0,120.0,120.0,120.0,120.0,120.0,120.0,120.0,120.0,120.0,108.55105560515747,108.55090099200841,108.55044992387843,108.54964952121863,108.54645994506656,108.53845697244468,108.52612985770205,108.47750933700226,108.27023415386714,106.17251676790016,78.37814847826056,65.91572153356667,55.80896007874451,56.83541572127266,72.04106919238664
120.0,120.0,120.0,120.0,120.0,120.0,120.0,120.0,120.0,120.0,108.55105922255689,108.55098687396287,108.55071468995895,108.54989542919643,108.54852305228341,108.54335169138001,108.53026250984693,108.50469577359762,108.32476890270351,106.33234788602968,79.52829578227052,67.48119429897213,57.112323954263175,57.334839613378854,72.072465455585
120.0,120.0,120.0,120.0,120.0,120.0,120.0,120.0,120.0,120.0,108.55114124136183,108.5510584841704,108.55092425962471,108.55043295655597,108.54898442573091,108.54667906884518,108.53821629719074,108.51157826352757,108.36978198516964,106.48424988573335,80.43826869854878,69.15803782108344,58.46082377292478,57.97409065689471,72.20727430095054
120.0,120.0,120.0,120.0,120.0,120.0,120.0,120.0,120.0,120.0,108.55114976503795,108.55109854717367,108.55096457990028,108.55073535679222,108.54989744186305,108.54742942567229,108.54332386917291,108.52419069366724,108.3865653543707,106.62457625652371,81.23868011435779,70.7246033394721,59.996387041393675,58.678944706643215,72.40634130089889
120.0,120.0,120.0,120.0,120.0,120.0,120.0,120.0,120.0,120.0,108.55115209979895,108.55111744382413,108.55104420399789,108.5508083205759,108.55041080657844,108.5490062460959,108.54460885629173,108.53218698413781,108.40979249098426,106.71629804838967,81.99327703049057,72.17929286459714,61.608581667023415,59.5561728936013,72.63358915096426
120.0,120.0,120.0,120.0,120.0,120.0,120.0,120.0,120.0,120.0,108.55115129824378,108.55112619021847,108.55108207844499,108.55096011126285,108.5505430229548,108.5498438413319,108.54723596244506,108.5346601735123,108.42619625012884,106.80245798583225,82.6035631102572,73.5890059035387,63.24062008068109,60.5688439231065,72.96713416076034
120.0,120.0,120.0,120.0,120.0,120.0,120.0,120.0,120.0,120.0,108.55114407410368,108.55113231943402,108.5510985971535,108.55103004371965,108.550820175915,108.55008173758523,108.54857519106554,108.5390934907244,108.43415464265095,106.87593688692606,83.14091337676268,74.86216448992865,64.92665900777259,61.67899875477324,73.38708208775404
120.0,120.0,120.0,120.0,120.0,120.0,120.0,120.0,120.0,120.0,108.5511972369388,108.5511780914812,108.55115380540882,108.55108660054496,108.55096299799179,108.55058364064654,108.54902427590692,108.54143235665393,108.44406489423648,106.92959864744978,83.61975732126362,76.01932830360289,66.59225830080084,62.9180159709205,73.88068867654843
120.0,120.0,120.0,120.0,120.0,120.0,120.0,120.0,120.0,120.0,108.55119334579994,108.55117908204569,108.55116348176885,108.55113102795382,108.55101518137762,108.55078937843287,108.54985898983493,108.54241698058381,108.45060425063825,106.97865597215397,84.01581529800931,77.08237262660958,68.20934221815669,64.24510769504417,74.47824527814039
120.0,120.0,120.0,120.0,120.0,120.0,120.0,120.0,120.0,120.0,108.55118994451378,108.55117675695698,108.5511672861092,108.55114850012176,108.55109633678879,108.55087819172361,108.55020369319885,108.54395190380882,108.45470515208174,107.01939498609642,84.3627221719602,78.02333542404938,69.77677502418831,65.63014799714465,75.1595071717529
120.0,120.0,120.0,120.0,120.0,120.0,120.0,120.0,120.0,120.0,108.55118160911377,108.55117716798733,108.55116860168602,108.55115703666817,108.55112640958293,108.55102230908899,108.55036990677546,108.54467342398964,108.4591565689248,107.05155061914228,84.66430674778314,78.86264565617331,71.25435933502048,67.06487662828006,75.91309864705883
120.0,120.0,120.0,120.0,120.0,120.0,120.0,120.0,120.0,120.0,108.55116982714424,108.55117020965018,108.55117223474687,108.5511649315706,108.55114290675489,108.55107291510241,108.55062618117255,108.54510496141177,108.46215311437867,107.08018663856836,84.9180463743988,79.6109419537248,72.63291604960092,68.50894269937415,76.73868003752585
120.0,120.0,120.0,120.0,120.0,120.0,120.0,120.0,120.0,120.0,108.55121633558522,108.55120580984479,108.5512006498435,108.55119707615901,108.55118072765359,108.55111727616239,108.55072815655984,108.54565557806654,108.46441372670358,107.10398751136955,85.13884449851155,80.26526437768882,73.91003624200685,69.93574111929264,77.6110361145656
120.0,120.0,120.0,120.0,120.0,120.0,120.0,120.0,120.0,120.0,108.55120919423624,108.55120280538617,108.55119995544932,108.55119835614562,108.55119457786589,108.55115795044497,108.55079310455473,108.54591705890941,108.46659219398374,107.12364436878211,85.32895129223508,80.8404622102772,75.07232240886565,71.32674716523286,78.5130008603022
120.0,120.0,120.0,120.0,120.0,120.0,120.0,120.0,120.0,120.0,108.5512034286077,108.55119557280916,108.55119804641882,108.55119973268975,108.55119840923028,108.55117675001581,108.55087077204684,108.54611993306864,108.46816665552784,107.14082607808743,85.49055528270696,81.34430251841678,76.12272012755962,72.65406831653449,79.42946579680113
120.0,120.0,120.0,120.0,120.0,120.0,120.0,120.0,120.0,120.0,108.55119341576214,108.55119288431888,108.55119141450288,108.55119933395099,108.55120330426216,108.55118574422463,108.55090375565416,108.54632840435882,108.46946720983726,107.1552431267316,85.63035408044149,81.78119928179366,77.06516849332904,73.90233062174411,80.33657255689052
120.0,120.0,120.0,120.0,120.0,120.0,120.0,120.0,120.0,120.0,108.55118005496881,108.55118384129159,108.55119100768577,108.55119378984719,108.55120473272453,108.55119662844417,108.55092676632785,108.54644797604661,108.47063374627888,107.16741990367736,85.75028950894014,82.16106344494467,77.90120282220778,75.06126654015124,81.21832684736441
120.0,120.0,120.0,120.0,120.0,120.0,120.0,120.0,120.0,120.0,108.55122380630675,108.55121586026017,108.5512153753411,108.55121937145144,108.55121843702685,108.5512132572277,108.55096035242045,108.54655329854725,108.47154819139584,107.17794925858924,85.85272411890908,82.49011349519368,78.63913313212664,76.12065435854805,82.0610293229854
120.0,120.0,120.0,120.0,120.0,120.0,120.0,120.0,120.0,120.0,108.55121569121684,108.5512113824496,108.55121158817815,108.55121672567786,108.55122486763534,108.55121427359045,108.55097309581032,108.54664623823425,108.47232145217878,107.18686435707892,85.94091240209491,82.77360730228766,79.28665585887953,77.07859200213713,82.85094721242324
120.0,120.0,120.0,120.0,120.0,120.0,120.0,120.0,120.0,120.0,108.55120897127159,108.55120299206854,108.55120790881888,108.55121344984688,108.55122258221326,108.55122221539811,108.55098057254102,108.54670902757651,108.47299473573615,107.19445879174577,86.01643428846049,83.01805116716662,79.85075620784639,77.93614752204213,83.58098589995836
120.0,120.0,120.0,120.0,120.0,120.0,120.0,120.0,120.0,120.0,108.55119827382197,108.55119908873533,108.55119985125276,108.55121090147192,108.55122014782826,108.55122080692955,108.55099379758643,108.5467605096826,108.47354558089175,107.20098800838429,86.0809939190259,83.22819324379061,80.34041370435851,78.69577560521302,84.24669899062401
120.0,120.0,120.0,120.0,120.0,120.0,120.0,120.0,120.0,120.0,108.5511843476416,108.55118925738783,108.55119790694124,108.55120349351456,108.55121890010054,108.55121967681428,108.55099608279282,108.54681104711595,108.47401470616592,107.20654516194706,86.13636266708994,83.40827912663299,80.76363996484682,79.36367741804652,84.84566550556343
120.0,120.0,120.0,120.0,120.0,120.0,120.0,120.0,120.0,120.0,108.55122693294791,108.55121999745397,108.55122082453106,108.55122657058219,108.55122952301502,108.5512322922747,108.55100738704672,108.54684975537789,108.47442699088258,107.21129128892056,86.18369501322684,83.56258461545414,81.12779026322019,79.94689077398945,85.37926800061938
120.0,120.0,120.0,120.0,120.0,120.0,120.0,120.0,120.0,120.0,108.55121841614807,108.551214899255,108.55121622482704,108.55122289678356,108.55123319781612,108.55122911560517,108.5510128512701,108.54688024961139,108.47476474333534,107.21536027051573,86.22411011893774,83.69450717589343,81.44032932989096,80.4527654239098,85.85027503867623
120.0,120.0,120.0,120.0,120.0,120.0,120.0,120.0,120.0,120.0,108.55121131706343,108.55120605462061,108.55121180184155,108.55121863142858,108.55122972633204,108.55123296590442,108.55101173140385,108.54690832982514,108.47505541722538,107.21882474751877,86.25866450793013,83.80706665306427,81.70780244567332,80.88950679402892,86.26249782104286
120.0,120.0,120.0,120.0,120.0,120.0,120.0,120.0,120.0,120.0,108.55120032677057,108.55120169467509,108.55120323654003,108.55121517760219,108.5512260159827,108.55123003256789,108.5510172202781,108.54692599591807,108.47530623869201,107.2217836597836,86.28813351098596,83.90306152543877,81.93606793515252,81.26493520557521,86.62102031078632
120.0,120.0,120.0,120.0,120.0,120.0,120.0,120.0,120.0,120.0,108.55118616494124,108.5511915252472,108.55120076315183,108.55120720703776,108.55122363083174,108.55122704995402,108.55101615165921,108.54694742447856,108.47551365827893,107.22431414951618,86.31325178609939,83.98479282140674,82.1305599531885,81.58638198782546,86.93105416730944
120.0,120.0,120.0,120.0,120.0,120.0,120.0,120.0,120.0,120.0,108.55122826125941,108.55122173576848,108.55122305954878,108.55122946379612,108.55123344167977,108.55123794255032,108.55102342708436,108.5469662966564,108.47570077107868,107.22646789223269,86.33466787450776,84.05429319803208,82.29596972551218,81.86085617567058,87.19780680713028
120.0,120.0,120.0,120.0,120.0,120.0,120.0,120.0,120.0,120.0,108.55121957261139,108.55121638794712,108.551218148192,108.55122534255982,108.55123639628707,108.55123398560698,108.55102572506101,108.54697819358718,108.47585329548782,107.22830766733915,86.35288610450237,84.11336197858692,82.43641448878331,82.09462640644563,87.42648182705572
120.0,120.0,120.0,120.0,120.0,120.0,120.0,120.0,120.0,120.0,108.55121231392981,108.5512073484972,108.55121343840464,108.55122073374719,108.55123240247856,108.55123689124476,108.5510227876859,108.54699074835028,108.47598312422568,107.2298721847106,86.36839008685719,84.16350034709856,82.55554594850842,82.29328928591943,87.62186146975156
120.0,120.0,120.0,120.0,120.0,120.0,120.0,120.0,120.0,120.0,108.55120120047276,108.55120279892085,108.55120465445171,108.55121695202442,108.55122831401319,108.551233280418,108.55102628537918,108.54699649142563,108.47609646451875,107.23120323953843,86.3815675480426,84.20603304601117,82.65648025525032,82.46186344288289,87.78832467067106
120.0,120.0,120.0,120.0,120.0,120.0,120.0,120.0,120.0,120.0,108.55118693803806,108.55119248886808,108.55120196711317,108.55120873782677,108.551225550222,108.55122983596506,108.55102371677263,108.54700705305883,108.4761881423486,107.23233870694298,86.39275842767452,84.24208837788393,82.74192423269946,82.60470097137818,87.92986587395127
120.0,120.0,120.0,120.0,120.0,120.0,120.0,120.0,120.0,120.0,108.55122882681937,108.55122247359054,108.55122400590159,108.55123067053918,108.55123500950917,108.55124017808542,108.55102984816223,108.54701688614801,108.47627527537868,107.23330187487151,86.40226600656472,84.27263106253362,82.81420838792461,82.72559455672553,88.04999254188087
120.0,120.0,120.0,120.0,120.0,120.0,120.0,120.0,120.0,120.0,108.55122006530227,108.55121702097496,108.55121896111879,108.55122637154565,108.55123770948079,108.5512358799495,108.5510310724722,108.547021381628,108.47634256944167,107.23412329990117,86.4103240471006,84.29849543020583,82.87531921392048,82.827830950803,88.15179581917035
120.0,120.0,120.0,120.0,120.0,120.0,120.0,120.0,120.0,120.0,108.55121273856948,108.5512078992622,108.55121413271351,108.55122161550861,108.55123351626663,108.55123848372575,108.5510273248032,108.5470273901021,108.47639994950212,107.2348176794947,86.41716382085202,84.32037903335728,82.92696365186134,82.91422534675135,88.23797651193468
120.0,120.0,120.0,120.0,120.0,120.0,120.0,120.0,120.0,120.0,108.55120157283017,108.55120326881773,108.5512052570511,108.55121770180115,108.5512292657496,108.55123462239796,108.55103013369089,108.54702768389781,108.47645106792385,107.2354067158262,86.42295663651574,84.33889565085013,82.9705852297306,82.98719454167298,88.31086151803423
120.0,120.0,120.0,120.0,120.0,120.0,120.0,120.0,120.0,120.0,108.55118726759922,108.55119289932243,108.55120247846969,108.55120938647048,108.55122635633916,108.5512309795765,108.55102696738912,108.54703361036847,108.4764897547348,107.23590904338313,86.42786212803148,84.35455169840043,83.00742422039606,83.04879456695704,88.37245911169755
120.0,120.0,120.0,120.0,120.0,120.0,120.0,120.0,120.0,120.0,108.55122906792673,108.55122278798721,108.55122440858332,108.55123118111656,108.55123567047426,108.55124111622771,108.55103259281218,108.54703943305765,108.47653169398508,107.23633264807793,86.43202297727413,84.36778537344796,83.03852428721656,83.1007832258529,88.42448505550193
120.0,120.0,120.0,120.0,120.0,120.0,120.0,120.0,120.0,120.0,108.55122027540676,108.551217290702,108.55121930722206,108.55122680863936,108.55123826210458,108.5512366791659,108.55103339642508,108.54704056053987,108.47656038446253,107.23669473194845,86.43553590891872,84.37897378487462,83.06477224170153,83.14464630546017,88.4684092677199
120.0,120.0,120.0,120.0,120.0,120.0,120.0,120.0,120.0,120.0,108.55121291967812,108.5512081340654,108.55121442827891,108.55122199035922,108.55123398841462,108.55123915414319,108.55102930044701,108.54704368675523,108.47658490825943,107.23699816920107,86.43851547624628,84.38842091295876,83.08692722462341,83.18164561378853,88.50547888587248
120.0,120.0,120.0,120.0,120.0,120.0,120.0,120.0,120.0,120.0,108.5512017316486,108.55120346917711,108.55120551383631,108.55121802048276,108.5512296696001,108.55123519375113,108.55103180533061,108.54704152830865,108.47660803461353,107.23725480705993,86.44103161955756,84.39640578858541,83.10561731345067,83.21285507961848,88.53675460531531
120.0,120.0,120.0,120.0,120.0,120.0,120.0,120.0,120.0,120.0,108.55118740818776,108.55119307434533,108.55120269641174,108.55120966268849,108.55122669832967,108.55123146680397,108.55102838891771,108.54704536210517,108.47662289401622,107.23747470023199,86.44315747919538,84.40314756273197,83.12138924371017,83.23917226912077,88.56313995521658
120.0,120.0,120.0,120.0,120.0,120.0,120.0,120.0,120.0,120.0,108.55122917079338,108.55122292209005,108.55122458021322,108.55123139856057,108.55123595182265,108.55124151579733,108.55103379163609,108.54704940190487,108.47664456191268,107.23765846080117,86.44496178289259,84.40883914904218,83.13469489374395,83.2613671718841,88.58539206995424
120.0,120.0,120.0,120.0,120.0,120.0,120.0,120.0,120.0,120.0,108.55122036505138,108.55121740576068,108.55121945481417,108.55122699480829,108.55123849733889,108.55123702127632,108.55103440993489,108.54704901750515,108.47665603095766,107.23781700389652,86.44647785126175,84.41364909152101,83.14591699552514,83.28008249969649,88.60415959555552
120.0,120.0,120.0,120.0,120.0,120.0,120.0,120.0,120.0,120.0,108.55121299695983,108.55120823423361,108.55121455432852,108.55122215016443,108.55123418943845,108.55123944097018,108.55103016365628,108.54705085417827,108.47666592460367,107.23794781319971,86.44776613254389,84.41770367573855,83.15538735791888,83.29586175851917,88.61998567686793
120.0,120.0,120.0,120.0,120.0,120.0,120.0,120.0,120.0,120.0,108.55120179942229,108.55120355466558,108.55120562335843,108.55121815634524,108.55122984181385,108.55123543821485,108.5510325342459,108.54704760675197,108.47667662779469,107.23805811206363,86.44885045174077,84.42113084029275,83.16337151232267,83.3091699570352,88.63332953193384
120.0,120.0,120.0,120.0,120.0,120.0,120.0,120.0,120.0,120.0,108.55118746818519,108.5511931490272,108.55120278939076,108.55120978046703,108.55122684414559,108.55123167567322,108.55102900789531,108.5470505088695,108.47668095387695,107.23815401045611,86.44976461090893,84.42402152377652,83.17010891127507,83.32038842198726,88.64458362762917
120.0,120.0,120.0,120.0,120.0,120.0,120.0,120.0,120.0,120.0,108.55122921469636,108.55122297931544,108.55122465343725,108.55123149131659,108.5512360718121,108.55124168699372,108.55103431362456,108.54705375829764,108.476693681176,107.2382327652959,86.45054384924335,84.42645982670771,83.17579150779454,83.32984992855145,88.65407092265544
120.0,120.0,120.0,120.0,120.0,120.0,120.0,120.0,120.0,120.0,108.55122040331274,108.55121745486419,108.55121951778841,108.55122707422323,108.55123859773025,108.55123716785589,108.55103485039295,108.54705270651645,108.47669757775262,107.23830241074924,86.45119303914738,84.42852201712219,83.18058219044279,83.33782766519707,88.66207185871605
120.0,120.0,120.0,120.0,120.0,120.0,120.0,120.0,120.0,120.0,108.55121302994596,108.55120827698394,108.55121460811867,108.5512222183426,108.55123427521927,108.55123956394304,108.55103053829248,108.5470539741784,108.47670105730755,107.23835799409224,86.45174841121742,84.43025623869748,83.1846268946104,83.34455291057684,88.66881803475295
120.0,120.0,120.0,120.0,120.0,120.0,120.0,120.0,120.0,120.0,108.55120182835141,108.55120359115276,108.55120567009719,108.5512182143208,108.55122991531422,108.55123554295847,108.55103285033937,108.54705024794707,108.47670632584202,107.2384046577816,86.45221325342163,84.43172423895199,83.18803415617533,83.35022696400975,88.67450517899974
120.0,120.0,120.0,120.0,120.0,120.0,120.0,120.0,120.0,120.0,108.55118749379578,108.55119318090384,108.55120282907245,108.55120983072634,108.55122690639666,108.55123176515804,108.55102927587158,108.54705274169716,108.4767060553819,107.23844673755107,86.45260393741863,84.43296094425602,83.1909108337346,83.35500862265883,88.67930307314096
120.0,120.0,120.0,120.0,120.0,120.0,120.0,120.0,120.0,120.0,108.55122923343757,108.5512230037419,108.55122468469028,108.5512315309019,108.55123612303431,108.55124176035177,108.55103453937316,108.54705564515585,108.47671488989323,107.2384799947083,86.45294090543942,84.4340030787842,83.1933369237361,83.35904291836266,88.6833466675928
120.0,120.0,120.0,120.0,120.0,120.0,120.0,120.0,120.0,120.0,108.55122041964611,108.55121747582467,108.5512195446674,108.5512271081185,108.5512386405913,108.55123723063359,108.55103504069798,108.54705430206106,108.47671549534292,107.23851118264272,86.45321651302197,84.43488683288018,83.19538082869164,83.36244466267502,88.68675772313446
120.0,120.0,120.0,120.0,120.0,120.0,120.0,120.0,120.0,120.0,108.55121304402773,108.55120829523314,108.55121463107884,108.55122224744233,108.55123431184623,108.55123961660536,108.55103069994581,108.54705532189871,108.47671619253445,107.23853426820386,86.45345636879304,84.43562648627243,83.19710873657597,83.36531159019002,88.68963394063813
120.0,120.0,120.0,120.0,120.0,120.0,120.0,120.0,120.0,120.0,108.55120184070152,108.5512036067287,108.55120569004836,108.5512182390675,108.55122994669617,108.55123558780649,108.55103298660859,108.54705138742067,108.47671910748909,107.23855347666239,86.45365477512767,84.43625515821073,83.19856190043379,83.36773239213225,88.69205812267086
120.0,120.0,120.0,120.0,120.0,120.0,120.0,120.0,120.0,120.0,108.55118750472937,108.551193194512,108.55120284601163,108.55120985218048,108.55122693297719,108.55123180345876,108.5510293912915,108.54705370396407,108.47671684924295,107.23857236325716,86.45382050165381,84.4367835879907,83.19979041171808,83.36977092469499,88.6941048154325
120.0,120.0,120.0,120.0,120.0,120.0,120.0,120.0,120.0,120.0,108.55122924143865,108.55122301416978,108.55122469803193,108.55123154779993,108.55123614490658,108.55124179174803,108.55103463651676,108.5470564575292,108.4767240027065,107.23858603312917,86.45396755065445,84.4372280744336,83.20082637438031,83.37149218239624,88.69582866689473
120.0,120.0,120.0,120.0,120.0,120.0,120.0,120.0,120.0,120.0,108.55122042661938,108.55121748477306,108.55121955614207,108.55122712258822,108.5512386588929,108.55123725749564,108.55103512253022,108.54705498838234,108.47672318864625,107.23860068005945,86.45408284061189,84.43760754993681,83.20169779740897,83.37294349764798,88.69728373846098
120.0,120.0,120.0,120.0,120.0,120.0,120.0,120.0,120.0,120.0,108.55121305003976,108.5512083030242,108.55121464088079,108.55122225986517,108.55123432748628,108.55123963913395,108.55103076940519,108.54705590115988,108.47672268705867,107.23860979951739,86.45418737676856,84.43792172728621,83.20243679132707,83.374165724374,88.69851065189044
120.0,120.0,120.0,120.0,120.0,120.0,120.0,120.0,120.0,120.0,108.55120184597432,108.55120361337858,108.55120569856594,108.55121824963219,108.55122996009655,108.55123560698912,108.55103304512117,108.5470518768183,108.47672458901816,107.23861721757984,86.45427157295475,84.43819142441366,83.20305586832035,83.37519959902237,88.69954409530158
120.0,120.0,120.0,120.0,120.0,120.0,120.0,120.0,120.0,120.0,108.55118750939744,108.5511932003218,108.55120285324342,108.55120986133977,108.55122694432721,108.55123181983781,108.55102944082253,108.54705411698048,108.47672147596647,107.23862615068244,86.4543409138278,84.4384169955033,83.20358087887217,83.37606855051662,88.70041805136859
120.0,120.0,120.0,120.0,120.0,120.0,120.0,120.0,120.0,120.0,108.55122924485474,108.55122301862194,108.5512247037279,108.55123155501425,108.55123615424631,108.55124180517276,108.55103467818273,108.54705680600865,108.4767279071065,107.238631419477,86.45440662325512,84.43860597548408,83.2040234791285,83.37680349350624,88.70115297218103
120.0,120.0,120.0,120.0,120.0,120.0,120.0,120.0,120.0,120.0,108.5512204295966,108.55121748859358,108.5512195610411,108.55122712876585,108.5512386667079,108.55123726897993,108.55103515761171,108.54705528263494,108.4767264835448,107.23863897557943,86.45445327642427,84.43876989725878,83.20439443425481,83.37742302571782,88.70177409345771
120.0,120.0,120.0,120.0,120.0,120.0,120.0,120.0,120.0,120.0,108.55121305260666,108.55120830635059,108.55121464506566,108.55122226516905,108.55123433416469,108.55123964876432,108.55103079916904,108.54705614939523,108.47672546755649,107.23864211081295,86.45449989671762,84.43890223098036,83.2047113094517,83.37794377711154,88.70229773297442
120.0,120.0,120.0,120.0,120.0,120.0,120.0,120.0,120.0,120.0,108.5512018482256,108.55120361621779,108.5512057022025,108.55121825414277,108.55122996581862,108.55123561518805,108.55103307018439,108.54705208645635,108.47672693508353,107.2386444789802,86.45453522564266,84.43901852528596,83.20497434994813,83.37838605962229,88.70273809089367
120.0,120.0,120.0,120.0,120.0,120.0,120.0,120.0,120.0,120.0,108.55118751139054,108.55119320280237,108.55120285633107,108.55120986525037,108.55122694917372,108.55123182683771,108.5510294620308,108.54705429383411,108.47672345562756,107.23864915049691,86.45456333618498,84.43911468796989,83.20519906017182,83.37875608100995,88.703111876135
120.0,120.0,120.0,120.0,120.0,120.0,120.0,120.0,120.0,120.0,108.5512292463133,108.55122302052281,108.55122470615984,108.55123155809444,108.55123615823443,108.55124181090963,108.55103469601795,108.54705695517825,108.47672957728992,107.238650823539,86.45459425912826,84.43919450292381,83.20538836961295,83.37907023628165,88.70342497659745
120.0,120.0,120.0,120.0,120.0,120.0,120.0,120.0,120.0,120.0,108.55122043086783,108.55121749022477,108.55121956313276,108.55122713140348,108.55123867004492,108.55123727388705,108.55103517262417,108.54705540855527,108.47672789269298,107.2386553455589,86.45461156414494,84.43926633694396,83.20554568410527,83.37933487919855,88.70369034919098
120.0,120.0,120.0,120.0,120.0,120.0,120.0,120.0,120.0,120.0,108.55121305370268,108.55120830777086,108.55121464685244,108.55122226743359,108.55123433701638,108.55123965287902,108.55103081190254,108.54705625559554,108.4767266564777,107.23865592086004,86.45463342466635,84.43932098988701,83.2056823610906,83.37955631607252,88.70391395762552
120.0,120.0,120.0,120.0,120.0,120.0,120.0,120.0,120.0,120.0,108.55120184918682,108.55120361743005,108.55120570375517,108.55121825606862,108.55122996826194,108.55123561869087,108.55103308090452,108.54705217612302,108.47672793807259,107.23865612926716,86.45464786537023,84.43937175693674,83.20579341045094,83.3797461530145,88.70410127222856
120.0,120.0,120.0,120.0,120.0,120.0,120.0,120.0,120.0,120.0,108.55118751224155,108.5511932038615,108.55120285764941,108.55120986692003,108.55122695124315,108.55123182982803,108.5510294711002,108.54705436946276,108.47672430184335,107.23865897853157,86.45465835443572,84.43941264473209,83.20588992095922,83.37990325639136,88.70426164043633
120.0,120.0,120.0,120.0,120.0,120.0,120.0,120.0,120.0,120.0,108.55122924693607,108.55122302133442,108.5512247071982,108.5512315594096,108.5512361599373,108.5512418133603,108.55103470364357,108.54705701895666,108.47673029112272,107.23865911429945,86.45467441169075,84.43944583363685,83.20597109749336,83.38003783056936,88.70439474251245
120.0,120.0,120.0,120.0,120.0,120.0,120.0,120.0,120.0,120.0,108.55122043141057,108.55121749092127,108.55121956402587,108.55122713252963,108.55123867146982,108.55123727598315,108.5510351790419,108.54705546238462,108.47672849488886,107.2386623393732,86.45467917633351,84.43947833717145,83.20603720481587,83.38015100820887,88.70450830099743
120.0,120.0,120.0,120.0,120.0,120.0,120.0,120.0,120.0,120.0,108.55121305417059,108.55120830837727,108.55121464761535,108.55122226840051,108.55123433823402,108.55123965463656,108.55103081734524,108.5470563009884,108.4767271645073,107.23866182055642,86.45469045804262,84.43949981398735,83.20609695072598,83.38024469287643,88.70460386508621
120.0,120.0,120.0,120.0,120.0,120.0,120.0,120.0,120.0,120.0,108.55120184959726,108.55120361794765,108.55120570441814,108.5512182568909,108.55122996930521,108.55123562018696,108.55103308548607,108.54705221444412,108.47672836661359,107.23866110598995,86.4546959747976,84.43952259633133,83.20614311044602,83.38032677745477,88.70468318261976
120.0,120.0,120.0,120.0,120.0,120.0,120.0,120.0,120.0,120.0,108.5511875126049,108.55119320431372,108.55120285821229,108.55120986763295,108.5512269521268,108.55123183110518,108.55102947497582,108.54705440178083,108.47672466337166,107.23866317659692,86.45469893607266,84.43953987852815,83.20618488792803,83.38039299669673,88.70475246161804
120.0,120.0,120.0,120.0,120.0,120.0,120.0,120.0,120.0,120.0,108.55122924720197,108.55122302168097,108.55122470764154,108.55123155997116,108.55123616066444,108.55124181440695,108.55103470690193,108.54705704620817,108.47673059607146,107.23866265554068,86.45470864318469,84.43955315585502,83.20621989815716,83.380450913983,88.70480873468607
120.0,120.0,120.0,120.0,120.0,120.0,120.0,120.0,120.0,120.0,108.55122043164234,108.55121749121865,108.55121956440718,108.5512271330105,108.55123867207824,108.55123727687835,108.55103518178389,108.5470554853831,108.47672875213036,107.23866532651937,86.45470805127326,84.43956886370994,83.206247065058,83.38049943440062,88.70485749158769
120.0,120.0,120.0,120.0,120.0,120.0,120.0,120.0,120.0,120.0,108.55121305437042,108.55120830863619,108.55121464794111,108.55122226881333,108.55123433875394,108.5512396553871,108.55103081967046,108.54705632038095,108.47672738151162,107.23866434029544,86.45471481451277,84.43957617325117,83.20627396534593,83.38053858293526,88.7048983982678
120.0,120.0,120.0,120.0,120.0,120.0,120.0,120.0,120.0,120.0,108.5512018497725,108.55120361816866,108.55120570470119,108.55121825724201,108.55122996975066,108.55123562082586,108.55103308744327,108.54705223081439,108.47672854965563,107.23866323145954,86.45471651978926,84.4395870054072,83.20629242028684,83.3805746679801,88.70493161439222
120.0,120.0,120.0,120.0,120.0,120.0,120.0,120.0,120.0,120.0,108.55118751276004,108.5511932045068,108.55120285845264,108.55120986793735,108.55122695250411,108.55123183165058,108.55102947663136,108.54705441558588,108.4767248177841,107.23866496946339,86.45471626601177,84.43959420754148,83.20631082920194,83.38060208789169,88.70496200846056
120.0,120.0,120.0,120.0,120.0,120.0,120.0,120.0,120.0,120.0,108.5512292473155,108.55122302182896,108.55122470783085,108.55123156021091,108.55123616097492,108.55124181485392,108.5510347082937,108.54705705784839,108.47673072631335,107.23866416785874,86.45472326112059,84.439598982325,83.20632612833836,83.3806272789571,88.70498548329347
120.0,120.0,120.0,120.0,120.0,120.0,120.0,120.0,120.0,120.0,108.55122043174129,108.55121749134562,108.55121956457,108.5512271332158,108.55123867233803,108.55123727726063,108.55103518295506,108.54705549520617,108.47672886199315,107.23866660217763,86.4547203816094,84.4396075182441,83.20633666919638,83.38064819555068,88.70500657583935
120.0,120.0,120.0,120.0,120.0,120.0,120.0,120.0,120.0,120.0,108.55121305445573,108.55120830874675,108.55121464808018,108.5512222689896,108.55123433897596,108.55123965570763,108.55103082066356,108.54705632866354,108.47672747418726,107.23866541632671,86.45472521521361,84.43960877825972,83.20634954560612,83.38066406085348,88.70502414833564
120.0,120.0,120.0,120.0,120.0,120.0,120.0,120.0,120.0,120.0,108.55120184984732,108.55120361826302,108.55120570482207,108.55121825739192,108.55122996994088,108.5512356210987,108.55103308827915,108.54705223780593,108.4767286278251,107.23866413910604,86.45472529281386,84.4396145076406,83.2063561715623,83.38068050694616,88.705037682631
120.0,120.0,120.0,120.0,120.0,120.0,120.0,120.0,120.0,120.0,108.55118751282627,108.55119320458923,108.55120285855526,108.55120986806735,108.5512269526652,108.55123183188347,108.55102947733837,108.54705442148166,108.47672488372565,107.23866573506571,86.45472366608719,84.43961740557879,83.20636460286168,83.38069136174472,88.70505147550222
120.0,120.0,120.0,120.0,120.0,120.0,120.0,120.0,120.0,120.0,108.55122924736399,108.55122302189211,108.55122470791171,108.55123156031327,108.55123616110747,108.55124181504478,108.5510347088881,108.54705706281948,108.47673078193182,107.2386648136508,86.4547295030871,84.43961854978927,83.20637148597146,83.38070258041978,88.70506094754379
120.0,120.0,120.0,120.0,120.0,120.0,120.0,120.0,120.0,120.0,108.55122043178353,108.55121749139985,108.5512195646395,108.55122713330346,108.55123867244896,108.55123727742387,108.55103518345523,108.54705549940118,108.47672890890813,107.23866714690459,86.45472564671438,84.43962402331819,83.2063749279987,83.38071171150696,88.705070228997
120.0,120.0,120.0,120.0,120.0,120.0,120.0,120.0,120.0,120.0,108.55121305449218,108.55120830879395,108.55121464813959,108.55122226906488,108.55123433907073,108.5512396558445,108.55103082108765,108.54705633220057,108.4767275137622,107.238665875805,86.45472965632703,84.43962270021981,83.20638181660672,83.38071763590466,88.70507783902643
120.0,120.0,120.0,120.0,120.0,120.0,120.0,120.0,120.0,120.0,108.55120184987926,108.5512036183033,108.55120570487365,108.55121825745593,108.55122997002209,108.5512356212152,108.55103308863615,108.54705224079157,108.47672866120506,107.23866452667859,86.45472903888583,84.43962625075218,83.20638339190494,83.38072569697519,88.70508297013635
120.0,120.0,120.0,120.0,120.0,120.0,120.0,120.0,120.0,120.0,108.55118751285458,108.55119320462444,108.55120285859908,108.55120986812281,108.55122695273401,108.55123183198293,108.5510294776403,108.54705442399936,108.47672491188371,107.23866606198166,86.45472682589549,84.43962731083552,83.20638756302054,83.38072947910753,88.70508967504169
120.0,120.0,120.0,120.0,120.0,120.0,120.0,120.0,120.0,120.0,108.55122924738467,108.55122302191911,108.5512247079462,108.551231560357,108.55123616116407,108.55124181512628,108.55103470914192,108.54705706494227,108.47673080568156,107.23866508940532,86.45473216837489,84.43962690482687,83.20639085269686,83.38073473207452,88.70509316847466
120.0,120.0,120.0,120.0,120.0,120.0,120.0,120.0,120.0,120.0,108.5512204318016,108.55121749142299,108.5512195646692,108.5512271333409,108.55123867249631,108.55123727749354,108.55103518366882,108.5470555011925,108.4767289289412,107.23866737950276,86.45472789487872,84.43963107074832,83.20639126369456,83.38073883114866,88.70509740704955
120.0,120.0,120.0,120.0,120.0,120.0,120.0,120.0,120.0,120.0,108.55121305450771,108.5512083088141,108.55121464816493,108.55122226909702,108.5512343391112,108.55123965590295,108.55103082126875,108.54705633371098,108.47672753066087,107.238666072001,86.45473155264624,84.43962864469073,83.2063955956512,83.38074051109663,88.70510076346703
120.0,120.0,120.0,120.0,120.0,120.0,120.0,120.0,120.0,120.0,108.5512018498929,108.5512036183205,108.5512057048957,108.55121825748327,108.55122997005678,108.55123562126494,108.55103308878856,108.54705224206646,108.47672867545838,107.23866469217025,86.45473063842327,84.43963126488227,83.2063950144333,83.38074499201555,88.70510230670294
120.0,120.0,120.0,120.0,120.0,120.0,120.0,120.0,120.0,120.0,108.55118751286665,108.55119320463947,108.5512028586178,108.55120986814651,108.55122695276334,108.5512318320254,108.55102947776925,108.54705442507438,108.47672492390717,107.23866620157271,86.45472817510046,84.4396315402259,83.20639736654489,83.38074575432218,88.7051059852743
120.0,120.0,120.0,120.0,120.0,120.0,120.0,120.0,120.0,120.0,108.55122924739352,108.55122302193062,108.55122470796094,108.55123156037565,108.55123616118826,108.55124181516105,108.5510347092503,108.54705706584869,108.47673081582262,107.23866520715033,86.4547333064223,84.43963047229524,83.20639912190288,83.38074846009503,88.70510692602292
120.0,120.0,120.0,120.0,120.0,120.0,120.0,120.0,120.0,120.0,108.5512204318093,108.55121749143288,108.55121956468189,108.55122713335687,108.55123867251653,108.55123727752331,108.55103518376,108.54705550195742,108.47672893749524,107.23866747882002,86.45472885481722,84.43963407988723,83.20639823871525,83.38075041063138,88.70510901143422
120.0,120.0,120.0,120.0,120.0,120.0,120.0,120.0,120.0,120.0,108.55121305451435,108.55120830882272,108.55121464817576,108.55122226911074,108.5512343391285,108.5512396559279,108.55103082134609,108.54705633435586,108.47672753787649,107.2386661557747,86.45473236234983,84.4396311828824,83.20640147903504,83.38075027830618,88.7051105516764
120.0,120.0,120.0,120.0,120.0,120.0,120.0,120.0,120.0,120.0,108.55120184989873,108.55120361832786,108.55120570490512,108.55121825749494,108.55122997007159,108.55123562128617,108.55103308885366,108.54705224261085,108.47672868154442,107.23866476283334,86.45473132140397,84.43963340583257,83.20639997702882,83.38075323058739,88.70511056298459
120.0,120.0,120.0,120.0,120.0,120.0,120.0,120.0,120.0,120.0,108.5511875128718,108.5511932046459,108.55120285862577,108.55120986815665,108.5512269527759,108.55123183204351,108.55102947782429,108.54705442553343,108.4767249290411,107.23866626117639,86.45472875119178,84.43963334610473,83.20640155246235,83.38075270349935,88.70511294938791
120.0,120.0,120.0,120.0,120.0,120.0,120.0,120.0,120.0,120.0,108.55122924739727,108.55122302193553,108.55122470796725,108.55123156038363,108.55123616119857,108.55124181517591,108.55103470929656,108.54705706623574,108.47673082015275,107.23866525742595,86.4547337923518,84.43963199554382,83.20640265269698,83.38075432167844,88.70511280020258
120.0,120.0,120.0,120.0,120.0,120.0,120.0,120.0,120.0,120.0,108.55122043181257,108.55121749143709,108.55121956468729,108.55122713336372,108.55123867252514,108.55123727753602,108.55103518379893,108.54705550228404,108.4767289411477,107.23866752122717,86.45472926469651,84.43963536473818,83.20640121691758,83.38075535483691,88.70511396626388
120.0,120.0,120.0,120.0,120.0,120.0,120.0,120.0,120.0,120.0,108.5512130545172,108.5512083088264,108.55121464818036,108.5512222691166,108.55123433913587,108.55123965593852,108.5510308213791,108.54705633463126,108.47672754095748,107.23866619154487,86.45473270808073,84.43963226664667,83.20640399112966,83.38075444871029,88.7051147310408
120.0,120.0,120.0,120.0,120.0,120.0,120.0,120.0,120.0,120.0,108.5512018499012,108.551203618331,108.55120570490914,108.55121825749993,108.55122997007791,108.55123562129525,108.55103308888143,108.5470522428433,108.4767286841431,107.23866479300546,86.4547316130259,84.43963431998137,83.20640209596462,83.38075674829562,88.70511408824994
120.0,120.0,120.0,120.0,120.0,120.0,120.0,120.0,120.0,120.0,108.55118751287401,108.55119320464863,108.55120285862917,108.55120986816095,108.55122695278125,108.55123183205127,108.5510294778478,108.54705442572944,108.4767249312332,107.23866628662628,86.45472899717355,84.43963411718357,83.20640333977141,83.38075567066294,88.70511592292566
120.0,120.0,120.0,120.0,120.0,120.0,120.0,120.0,120.0,120.0,108.55122924739891,108.55122302193764,108.55122470796992,108.55123156038701,108.55123616120297,108.55124181518227,108.55103470931633,108.547057066401,108.47673082200166,107.23866527889285,86.4547339998358,84.43963264594444,83.20640416028077,83.38075682446166,88.70511530836174
120.0,120.0,120.0,120.0,120.0,120.0,120.0,120.0,120.0,120.0,108.55122043181399,108.55121749143889,108.55121956468959,108.55122713336662,108.55123867252883,108.55123727754146,108.55103518381556,108.54705550242348,108.47672894270725,107.23866753933437,86.45472943970816,84.43963591334703,83.20640248855518,83.38075746591824,88.70511608187968
120.0,120.0,120.0,120.0,120.0,120.0,120.0,120.0,120.0,120.0,108.55121305451841,108.55120830882794,108.55121464818235,108.5512222691191,108.55123433913901,108.55123965594309,108.55103082139321,108.54705633474885,108.47672754227301,107.23866620681818,86.45473285570208,84.43963272939492,83.20640506374795,83.38075622939388,88.70511651554881
120.0,120.0,120.0,120.0,120.0,120.0,120.0,120.0,120.0,120.0,108.55120184990227,108.55120361833234,108.55120570491084,108.55121825750204,108.5512299700806,108.55123562129911,108.55103308889329,108.54705224294253,108.47672868525268,107.23866480588846,86.4547317375436,84.4396347103068,83.20640300071138,83.38075825029082,88.70511559347092
120.0,120.0,120.0,120.0,120.0,120.0,120.0,120.0,120.0,120.0,108.55118751287493,108.55119320464979,108.55120285863065,108.55120986816279,108.55122695278352,108.55123183205457,108.55102947785784,108.54705442581313,108.4767249321692,107.23866629749297,86.45472910220357,84.43963444642065,83.20640410291978,83.38075693758623,88.70511719256984
120.0,120.0,120.0,120.0,120.0,120.0,120.0,120.0,120.0,120.0,108.5512292473996,108.55122302193855,108.55122470797106,108.55123156038849,108.55123616120484,108.55124181518497,108.55103470932477,108.54705706647155,108.4767308227911,107.2386652880589,86.4547340884279,84.43963292365396,83.20640480399159,83.38075789310352,88.70511637929835
120.0,120.0,120.0,120.0,120.0,120.0,120.0,120.0,120.0,120.0,108.55122043181456,108.55121749143967,108.55121956469058,108.55122713336786,108.55123867253043,108.55123727754378,108.55103518382266,108.54705550248302,108.47672894337315,107.2386675470658,86.45472951443514,84.43963614759332,83.20640303152126,83.38075836731086,88.70511698520804
120.0,120.0,120.0,120.0,120.0,120.0,120.0,120.0,120.0,120.0,108.55121305451891,108.55120830882862,108.55121464818319,108.55122226912019,108.55123433914035,108.55123965594503,108.55103082139924,108.54705633479904,108.47672754283472,107.23866621333961,86.4547329187338,84.43963292698027,83.20640552173647,83.38075698971284,88.70511727750048
120.0,120.0,120.0,120.0,120.0,120.0,120.0,120.0,120.0,120.0,108.55120184990272,108.5512036183329,108.55120570491157,108.55121825750294,108.55122997008176,108.55123562130076,108.55103308889836,108.54705224298493,108.47672868572644,107.23866481138927,86.45473179071045,84.43963487696881,83.20640338702188,83.38075889161516,88.70511623617236
120.0,120.0,120.0,120.0,120.0,120.0,120.0,120.0,120.0,120.0,108.55118751287533,108.55119320465029,108.55120285863127,108.5512098681636,108.5512269527845,108.551231832056,108.55102947786209,108.5470544258489,108.47672493256886,107.23866630213286,86.45472914704956,84.43963458699902,83.20640442877028,83.38075747853925,88.70511773468448
120.0,120.0,120.0,120.0,120.0,120.0,120.0,120.0,120.0,120.0,108.55122924739989,108.55122302193892,108.55122470797154,108.55123156038911,108.55123616120564,108.55124181518613,108.55103470932838,108.54705706650168,108.47673082312821,107.2386652919726,86.45473412625516,84.43963304223098,83.2064050788445,83.38075834939403,88.70511683656864
120.0,120.0,120.0,120.0,120.0,120.0,120.0,120.0,120.0,120.0,108.55122043181484,108.55121749144,108.551219564691,108.55122713336839,108.55123867253111,108.55123727754476,108.5510351838257,108.54705550250846,108.47672894365748,107.23866755036703,86.45472954634222,84.43963624761226,83.206403263358,83.38075875218907,88.70511737091262
120.0,120.0,120.0,120.0,120.0,120.0,120.0,120.0,120.0,120.0,108.55121305451914,108.55120830882892,108.55121464818356,108.5512222691206,108.55123433914093,108.55123965594586,108.55103082140178,108.54705633482047,108.47672754307457,107.23866621612413,86.45473294564727,84.43963301134563,83.20640571728929,83.38075731435521,88.70511760283992
120.0,120.0,120.0,120.0,120.0,120.0,120.0,120.0,120.0,120.0,108.55120184990291,108.55120361833315,108.5512057049119,108.55121825750334,108.55122997008225,108.55123562130147,108.55103308890054,108.547052243003,108.47672868592873,107.23866481373804,86.45473181341174,84.43963494813053,83.20640355196946,83.38075916544894,88.70511651059412
120.0,120.0,120.0,120.0,120.0,120.0,120.0,120.0,120.0,120.0,108.55118751287552,108.55119320465053,108.55120285863153,108.55120986816391,108.55122695278494,108.55123183205659,108.55102947786393,108.54705442586415,108.4767249327395,107.238666304114,86.454729166198,84.43963464702342,83.2064045679026,83.38075770951635,88.70511796615753
120.0,120.0,120.0,120.0,120.0,120.0,120.0,120.0,120.0,120.0,108.5512292474,108.55122302193908,108.55122470797176,108.55123156038934,108.551236161206,108.55124181518661,108.5510347093299,108.54705706651454,108.47673082327212,107.23866529364369,86.45473414240675,84.43963309286127,83.20640519620166,83.38075854422179,88.70511703181472
120.0,120.0,120.0,120.0,120.0,120.0,120.0,120.0,120.0,120.0,108.55122043181494,108.55121749144014,108.5512195646912,108.55122713336863,108.55123867253137,108.55123727754518,108.551035183827,108.54705550251933,108.47672894377888,107.23866755177659,86.45472955996598,84.43963629031859,83.20640336234808,83.38075891652504,88.7051175356015
120.0,120.0,120.0,120.0,120.0,120.0,120.0,120.0,120.0,120.0,108.55121305451924,108.55120830882903,108.55121464818372,108.55122226912083,108.55123433914119,108.55123965594623,108.55103082140289,108.54705633482962,108.47672754317699,107.23866621731308,86.45473295713883,84.43963304736815,83.20640580078684,83.38075745297162,88.70511774175394
120.0,120.0,120.0,120.0,120.0,120.0,120.0,120.0,120.0,120.0,108.551201849903,108.55120361833325,108.55120570491204,108.5512182575035,108.55122997008246,108.55123562130177,108.55103308890146,108.54705224301074,108.47672868601514,107.23866481474091,86.45473182310481,84.4396349785153,83.20640362239911,83.38075928237105,88.70511662776724
120.0,120.0,120.0,120.0,120.0,120.0,120.0,120.0,120.0,120.0,108.5511875128756,108.55119320465062,108.55120285863164,108.55120986816408,108.55122695278511,108.55123183205686,108.55102947786473,108.54705442587064,108.47672493281236,107.2386663049599,86.45472917437405,84.4396346726528,83.20640462730955,83.38075780813944,88.70511806499235
120.0,120.0,120.0,120.0,120.0,120.0,120.0,120.0,120.0,120.0,108.55122924740004,108.55122302193915,108.55122470797184,108.55123156038948,108.55123616120616,108.55124181518681,108.55103470933058,108.54705706652005,108.47673082333358,107.23866529435723,86.45473414930318,84.43963311447948,83.2064052463111,83.38075862740976,88.70511711518127
120.0,120.0,120.0,120.0,120.0,120.0,120.0,120.0,120.0,120.0,108.551220431815,108.55121749144018,108.55121956469128,108.55122713336873,108.55123867253153,108.55123727754538,108.55103518382754,108.54705550252395,108.47672894383074,107.23866755237842,86.4547295657831,84.43963630855339,83.20640340461509,83.38075898669358,88.7051176059207
120.0,120.0,120.0,120.0,120.0,120.0,120.0,120.0,120.0,120.0,108.55121305451927,108.55120830882909,108.55121464818376,108.55122226912091,108.5512343391413,108.55123965594636,108.55103082140339,108.54705633483351,108.4767275432207,107.23866621782075,86.4547329620455,84.43963306274911,83.20640583643878,83.38075751215835,88.70511780106774
120.0,120.0,120.0,120.0,120.0,120.0,120.0,120.0,120.0,120.0,108.55120184990305,108.55120361833329,108.55120570491208,108.55121825750358,108.55122997008256,108.55123562130191,108.55103308890185,108.54705224301404,108.476728686052,107.23866481516913,86.45473182724358,84.43963499148904,83.2064036524713,83.3807593322947,88.70511667779806
120.0,120.0,120.0,120.0,120.0,120.0,120.0,120.0,120.0,120.0,108.55118751287561,108.55119320465066,108.55120285863167,108.55120986816414,108.55122695278519,108.55123183205698,108.55102947786509,108.54705442587343,108.4767249328435,107.23866630532109,86.45472917786508,84.4396346835961,83.20640465267526,83.38075785024968,88.70511810719304
120.0,120.0,120.0,120.0,120.0,120.0,120.0,120.0,120.0,120.0,108.55122924740009,108.55122302193918,108.55122470797188,108.55123156038952,108.5512361612062,108.55124181518691,108.55103470933086,108.54705706652238,108.47673082335982,107.2386652946619,86.45473415224778,84.43963312371008,83.20640526770693,83.38075866292952,88.7051171507773
120.0,120.0,120.0,120.0,120.0,120.0,120.0,120.0,120.0,120.0,108.551220431815,108.55121749144024,108.55121956469131,108.55122713336876,108.55123867253157,108.55123727754543,108.55103518382776,108.54705550252592,108.47672894385286,107.2386675526354,86.45472956826691,84.4396363163393,83.20640342266235,83.38075901665428,88.7051176359457
120.0,120.0,120.0,120.0,120.0,120.0,120.0,120.0,120.0,120.0,108.55121305451931,108.55120830882913,108.5512146481838,108.55122226912094,108.55123433914135,108.55123965594643,108.55103082140356,108.5470563348352,108.47672754323938,107.23866621803751,86.45473296414059,84.43963306931653,83.2064058516615,83.38075753743001,88.70511782639363
120.0,120.0,120.0,120.0,120.0,120.0,120.0,120.0,120.0,120.0,108.55120184990304,108.55120361833333,108.55120570491209,108.5512182575036,108.55122997008259,108.55123562130196,108.55103308890202,108.54705224301544,108.47672868606774,107.23866481535197,86.45473182901073,84.4396349970286,83.20640366531161,83.38075935361114,88.70511669916033
120.0,120.0,120.0,120.0,120.0,120.0,120.0,120.0,120.0,120.0,108.55118751287563,108.55119320465069,108.55120285863171,108.55120986816416,108.55122695278524,108.55123183205701,108.55102947786521,108.54705442587462,108.47672493285677,107.23866630547533,86.4547291793557,84.43963468826863,83.20640466350599,83.38075786823003,88.70511812521197
120.0,120.0,120.0,120.0,120.0,120.0,120.0,120.0,120.0,120.0,108.55122924740009,108.55122302193922,108.55122470797191,108.55123156038954,108.55123616120623,108.55124181518698,108.55103470933096,108.5470570665234,108.47673082337101,107.23866529479197,86.45473415350513,84.43963312765136,83.20640527684255,83.38075867809583,88.70511716597612
120.0,120.0,120.0,120.0,120.0,120.0,120.0,120.0,120.0,120.0,108.55122043181503,108.55121749144023,108.55121956469132,108.55122713336878,108.55123867253158,108.55123727754545,108.55103518382789,108.54705550252677,108.4767289438623,107.23866755274516,86.45472956932745,84.43963631966379,83.20640343036821,83.38075902944693,88.70511764876585
120.0,120.0,120.0,120.0,120.0,120.0,120.0,120.0,120.0,120.0,108.55121305451931,108.55120830882913,108.55121464818382,108.55122226912097,108.55123433914135,108.55123965594645,108.55103082140364,108.54705633483593,108.47672754324735,107.23866621813005,86.45473296503516,84.43963307212069,83.20640585816135,83.38075754822059,88.70511783720733
120.0,120.0,120.0,120.0,120.0,120.0,120.0,120.0,120.0,120.0,108.55120184990307,108.55120361833335,108.5512057049121,108.5512182575036,108.55122997008262,108.55123562130198,108.55103308890209,108.54705224301604,108.47672868607447,107.23866481543003,86.4547318297653,84.43963499939392,83.20640367079417,83.38075936271292,88.70511670828162
120.0,120.0,120.0,120.0,120.0,120.0,120.0,120.0,120.0,120.0,108.55118751287564,108.55119320465069,108.55120285863174,108.55120986816416,108.55122695278524,108.55123183205701,108.55102947786527,108.54705442587513,108.47672493286244,107.23866630554119,86.45472917999214,84.43963469026377,83.2064046681305,83.38075787590732,88.70511813290572
120.0,120.0,120.0,120.0,120.0,120.0,120.0,120.0,120.0,120.0,108.55122924740007,108.5512230219392,108.5512247079719,108.55123156038955,108.55123616120625,108.551241815187,108.55103470933103,108.54705706652383,108.4767308233758,107.23866529484751,86.454734154042,84.43963312933423,83.2064052807433,83.38075868457157,88.70511717246579
120.0,120.0,120.0,120.0,120.0,120.0,120.0,120.0,120.0,120.0,108.55122043181503,108.55121749144023,108.55121956469135,108.5512271333688,108.55123867253158,108.55123727754547,108.55103518382792,108.54705550252712,108.47672894386635,107.23866755279198,86.45472956978026,84.4396363210833,83.20640343365844,83.38075903490919,88.7051176542398
120.0,120.0,120.0,120.0,120.0,120.0,120.0,120.0,120.0,120.0,108.55121305451932,108.55120830882913,108.5512146481838,108.55122226912097,108.55123433914136,108.55123965594647,108.55103082140367,108.54705633483621,108.47672754325075,107.2386662181696,86.4547329654171,84.439633073318,83.20640586093667,83.38075755282792,88.70511784182462
120.0,120.0,120.0,120.0,120.0,120.0,120.0,120.0,120.0,120.0,108.55120184990304,108.55120361833333,108.55120570491214,108.55121825750362,108.55122997008262,108.551235621302,108.55103308890213,108.5470522430163,108.47672868607735,107.23866481546335,86.4547318300875,84.43963500040384,83.20640367313513,83.38075936659921,88.70511671217625
120.0,120.0,120.0,120.0,120.0,120.0,120.0,120.0,120.0,120.0,108.55118751287564,108.55119320465069,108.55120285863173,108.5512098681642,108.55122695278524,108.55123183205703,108.5510294778653,108.54705442587534,108.47672493286485,107.2386663055693,86.45472918026391,84.43963469111567,83.20640467010507,83.38075787918534,88.70511813619082
120.0,120.0,120.0,120.0,120.0,120.0,120.0,120.0,120.0,120.0,108.55122924740009,108.55122302193921,108.55122470797191,108.55123156038955,108.55123616120626,108.55124181518698,108.55103470933105,108.54705706652399,108.47673082337786,107.23866529487121,86.4547341542712,84.43963313005278,83.20640528240887,83.38075868733655,88.70511717523677
120.0,120.0,120.0,120.0,120.0,120.0,120.0,120.0,120.0,120.0,108.55122043181503,108.55121749144024,108.55121956469134,108.55122713336878,108.5512386725316,108.55123727754548,108.55103518382793,108.54705550252729,108.47672894386805,107.238667552812,86.45472956997362,84.43963632168938,83.20640343506335,83.38075903724149,88.70511765657706
120.0,120.0,120.0,120.0,120.0,120.0,120.0,120.0,120.0,120.0,108.55121305451931,108.55120830882913,108.5512146481838,108.55122226912097,108.55123433914136,108.55123965594646,108.55103082140371,108.54705633483636,108.4767275432522,107.23866621818644,86.4547329655802,84.43963307382924,83.20640586212168,83.3807575547952,88.70511784379612
120.0,120.0,120.0,120.0,120.0,120.0,120.0,120.0,120.0,120.0,108.55120184990307,108.55120361833333,108.55120570491212,108.55121825750363,108.55122997008262,108.551235621302,108.55103308890213,108.54705224301641,108.47672868607857,107.23866481547759,86.45473183022503,84.43963500083507,83.20640367413469,83.38075936825858,88.70511671383919
120.0,120.0,120.0,120.0,120.0,120.0,120.0,120.0,120.0,120.0,108.55118751287563,108.55119320465069,108.55120285863173,108.55120986816418,108.55122695278523,108.55123183205704,108.55102947786531,108.5470544258754,108.4767249328659,107.2386663055813,86.45472918037993,84.43963469147938,83.20640467094822,83.38075788058504,88.70511813759349
120.0,120.0,120.0,120.0,120.0,120.0,120.0,120.0,120.0,120.0,108.5512292474001,108.5512230219392,108.55122470797191,108.55123156038958,108.55123616120626,108.55124181518698,108.55103470933106,108.54705706652409,108.47673082337869,107.23866529488137,86.45473415436909,84.43963313035958,83.20640528311999,83.38075868851722,88.7051171764199
120.0,120.0,120.0,120.0,120.0,120.0,120.0,120.0,120.0,120.0,108.55122043181503,108.55121749144026,108.55121956469134,108.5512271333688,108.55123867253161,108.5512372775455,108.55103518382793,108.54705550252736,108.47672894386882,107.2386675528205,86.45472957005617,84.43963632194819,83.20640343566318,83.38075903823731,88.7051176575751
120.0,120.0,120.0,120.0,120.0,120.0,120.0,120.0,120.0,120.0,108.55121305451932,108.55120830882913,108.55121464818383,108.55122226912097,108.55123433914136,108.55123965594647,108.55103082140371,108.5470563348364,108.47672754325282,107.23866621819367,86.4547329656498,84.43963307404753,83.20640586262768,83.38075755563517,88.70511784463788
120.0,120.0,120.0,120.0,120.0,120.0,120.0,120.0,120.0,120.0,108.55120184990307,108.55120361833335,108.55120570491212,108.55121825750363,108.55122997008262,108.55123562130201,108.55103308890214,108.54705224301647,108.4767286860791,107.23866481548366,86.45473183028382,84.43963500101916,83.20640367456146,83.38075936896713,88.70511671454922
120.0,120.0,120.0,120.0,120.0,120.0,120.0,120.0,120.0,120.0,108.55118751287566,108.55119320465067,108.55120285863173,108.55120986816418,108.55122695278526,108.55123183205704,108.55102947786531,108.54705442587546,108.47672493286635,107.2386663055864,86.45472918042948,84.43963469163472,83.20640467130816,83.38075788118266,88.70511813819243
120.0,120.0,120.0,120.0,120.0,120.0,120.0,120.0,120.0,120.0,108.55122924740009,108.55122302193921,108.55122470797191,108.55123156038957,108.55123616120626,108.551241815187,108.55103470933106,108.5470570665241,108.47673082337907,107.23866529488569,86.45473415441084,84.43963313049058,83.20640528342368,83.38075868902128,88.70511717692506
120.0,120.0,120.0,120.0,120.0,120.0,120.0,120.0,120.0,120.0,108.55122043181503,108.55121749144026,108.55121956469134,108.55122713336878,108.55123867253161,108.5512372775455,108.55103518382793,108.54705550252739,108.47672894386912,107.23866755282415,86.45472957009144,84.43963632205863,83.20640343591931,83.38075903866255,88.70511765800119
120.0,120.0,120.0,120.0,120.0,120.0,120.0,120.0,120.0,120.0,108.55121305451931,108.55120830882913,108.55121464818382,108.55122226912098,108.55123433914136,108.55123965594647,108.55103082140371,108.54705633483641,108.47672754325309,107.23866621819674,86.45473296567954,84.43963307414074,83.20640586284368,83.38075755599382,88.70511784499733
120.0,120.0,120.0,120.0,120.0,120.0,120.0,120.0,120.0,120.0,108.55120184990307,108.55120361833333,108.55120570491212,108.55121825750365,108.55122997008262,108.551235621302,108.55103308890214,108.54705224301648,108.47672868607931,107.23866481548626,86.45473183030889,84.43963500109778,83.20640367474371,83.38075936926963,88.7051167148524
120.0,120.0,120.0,120.0,120.0,120.0,120.0,120.0,120.0,120.0,108.55118751287564,108.55119320465069,108.55120285863173,108.55120986816418,108.55122695278524,108.55123183205703,108.5510294778653,108.54705442587549,108.47672493286652,107.23866630558861,86.45472918045064,84.43963469170102,83.20640467146188,83.38075788143786,88.70511813844814
120.0,120.0,120.0,120.0,120.0,120.0,120.0,120.0,120.0,120.0,108.55122924740009,108.5512230219392,108.55122470797191,108.55123156038957,108.55123616120625,108.551241815187,108.55103470933106,108.54705706652413,108.47673082337926,107.23866529488754,86.4547341544287,84.43963313054651,83.20640528355331,83.38075868923653,88.70511717714079
120.0,120.0,120.0,120.0,120.0,120.0,120.0,120.0,120.0,120.0,108.55122043181503,108.55121749144024,108.55121956469134,108.5512271333688,108.5512386725316,108.55123727754548,108.55103518382796,108.5470555025274,108.47672894386926,107.23866755282573,86.45472957010648,84.43963632210584,83.20640343602868,83.38075903884408,88.70511765818313
120.0,120.0,120.0,120.0,120.0,120.0,120.0,120.0,120.0,120.0,108.55121305451932,108.55120830882916,108.55121464818382,108.55122226912096,108.55123433914136,108.5512396559465,108.55103082140371,108.54705633483644,108.47672754325319,107.23866621819806,86.45473296569223,84.43963307418053,83.20640586293594,83.38075755614696,88.70511784515082
120.0,120.0,120.0,120.0,120.0,120.0,120.0,120.0,120.0,120.0,108.55120184990305,108.55120361833333,108.55120570491214,108.55121825750363,108.5512299700826,108.55123562130201,108.55103308890214,108.54705224301648,108.47672868607941,107.23866481548737,86.45473183031957,84.43963500113138,83.2064036748215,83.3807593693988,88.70511671498183
120.0,120.0,120.0,120.0,120.0,120.0,120.0,120.0,120.0,120.0,108.55118751287564,108.55119320465067,108.55120285863173,108.5512098681642,108.55122695278526,108.55123183205703,108.55102947786531,108.54705442587552,108.47672493286659,107.23866630558955,86.45472918045967,84.43963469172932,83.20640467152754,83.3807578815468,88.70511813855735
120.0,120.0,120.0,120.0,120.0,120.0,120.0,120.0,120.0,120.0,108.5512292474001,108.5512230219392,108.55122470797191,108.55123156038955,108.55123616120626,108.551241815187,108.55103470933106,108.54705706652412,108.47673082337931,107.23866529488832,86.45473415443634,84.4396331305704,83.20640528360867,83.38075868932845,88.70511717723286
120.0,120.0,120.0,120.0,120.0,120.0,120.0,120.0,120.0,120.0,108.55122043181503,108.55121749144026,108.55121956469134,108.5512271333688,108.5512386725316,108.5512372775455,108.55103518382796,108.54705550252741,108.4767289438693,107.2386675528264,86.4547295701129,84.43963632212599,83.20640343607538,83.38075903892161,88.70511765826083
120.0,120.0,120.0,120.0,120.0,120.0,120.0,120.0,120.0,120.0,108.55121305451932,108.55120830882913,108.55121464818383,108.55122226912097,108.55123433914137,108.55123965594646,108.5510308214037,108.54705633483644,108.47672754325325,107.23866621819863,86.45473296569767,84.43963307419753,83.20640586297533,83.38075755621237,88.70511784521631
120.0,120.0,120.0,120.0,120.0,120.0,120.0,120.0,120.0,120.0,108.55120184990307,108.55120361833333,108.55120570491209,108.55121825750362,108.55122997008263,108.55123562130203,108.55103308890214,108.54705224301648,108.47672868607945,107.23866481548784,86.45473183032415,84.43963500114569,83.20640367485474,83.38075936945398,88.70511671503712
120.0,120.0,120.0,120.0,120.0,120.0,120.0,120.0,120.0,120.0,108.55118751287564,108.55119320465067,108.55120285863173,108.55120986816418,108.55122695278526,108.55123183205703,108.55102947786533,108.5470544258755,108.47672493286663,107.23866630558994,86.45472918046352,84.43963469174143,83.20640467155555,83.38075788159334,88.70511813860396
120.0,120.0,120.0,120.0,120.0,120.0,120.0,120.0,120.0,120.0,108.55122924740009,108.55122302193922,108.55122470797191,108.55123156038957,108.55123616120625,108.551241815187,108.55103470933106,108.54705706652413,108.47673082337934,107.23866529488865,86.45473415443959,84.43963313058062,83.20640528363234,83.38075868936768,88.70511717727221
120.0,120.0,120.0,120.0,120.0,120.0,120.0,120.0,120.0,120.0,108.55122043181503,108.55121749144024,108.55121956469134,108.5512271333688,108.5512386725316,108.55123727754547,108.55103518382796,108.5470555025274,108.47672894386935,107.23866755282668,86.45472957011563,84.43963632213462,83.20640343609531,83.38075903895471,88.70511765829399
120.0,120.0,120.0,120.0,120.0,120.0,120.0,120.0,120.0,120.0,108.55121305451932,108.55120830882913,108.55121464818382,108.55122226912096,108.55123433914136,108.55123965594647,108.5510308214037,108.54705633483644,108.47672754325326,107.23866621819887,86.45473296569999,84.43963307420478,83.20640586299217,83.3807575562403,88.70511784524435
120.0,120.0,120.0,120.0,120.0,120.0,120.0,120.0,120.0,120.0,108.55120184990305,108.55120361833333,108.55120570491214,108.55121825750362,108.55122997008262,108.551235621302,108.55103308890214,108.54705224301648,108.47672868607947,107.23866481548805,86.45473183032612,84.43963500115181,83.20640367486891,83.38075936947752,88.70511671506073
120.0,120.0,120.0,120.0,120.0,120.0,120.0,120.0,120.0,120.0,108.55118751287566,108.55119320465067,108.55120285863171,108.5512098681642,108.55122695278524,108.55123183205703,108.55102947786531,108.54705442587549,108.47672493286665,107.23866630559013,86.45472918046516,84.4396346917466,83.20640467156753,83.38075788161319,88.70511813862389
120.0,120.0,120.0,120.0,120.0,120.0,120.0,120.0,120.0,120.0,108.55122924740009,108.55122302193921,108.55122470797191,108.55123156038955,108.55123616120626,108.551241815187,108.55103470933105,108.54705706652413,108.47673082337937,107.23866529488882,86.45473415444097,84.43963313058495,83.20640528364244,83.38075868938444,88.70511717728904
120.0,120.0,120.0,120.0,120.0,120.0,120.0,120.0,120.0,120.0,108.55122043181503,108.55121749144024,108.55121956469132,108.5512271333688,108.55123867253158,108.55123727754548,108.55103518382795,108.5470555025274,108.47672894386932,107.2386675528268,86.45472957011684,84.43963632213827,83.20640343610381,83.38075903896885,88.70511765830814
120.0,120.0,120.0,120.0,120.0,120.0,120.0,120.0,120.0,120.0,108.55121305451931,108.55120830882915,108.55121464818382,108.55122226912097,108.55123433914136,108.55123965594646,108.55103082140371,108.54705633483645,108.47672754325328,107.23866621819894,86.45473296570097,84.43963307420789,83.20640586299933,83.3807575562522,88.70511784525625
120.0,120.0,120.0,120.0,120.0,120.0,120.0,120.0,120.0,120.0,108.55120184990308,108.55120361833333,108.55120570491214,108.55121825750362,108.55122997008262,108.55123562130201,108.55103308890213,108.5470522430165,108.47672868607948,107.23866481548812,86.45473183032693,84.43963500115444,83.20640367487498,83.38075936948756,88.7051167150708
120.0,120.0,120.0,120.0,120.0,120.0,120.0,120.0,120.0,120.0,108.55118751287563,108.55119320465069,108.55120285863171,108.55120986816418,108.55122695278526,108.55123183205704,108.55102947786533,108.54705442587549,108.47672493286666,107.2386663055902,86.45472918046586,84.43963469174878,83.20640467157263,83.38075788162168,88.70511813863237
120.0,120.0,120.0,120.0,120.0,120.0,120.0,120.0,120.0,120.0,108.55122924740009,108.55122302193921,108.55122470797193,108.55123156038955,108.55123616120625,108.551241815187,108.55103470933105,108.54705706652413,108.47673082337936,107.23866529488886,86.45473415444157,84.43963313058683,83.20640528364673,83.38075868939157,88.70511717729616
120.0,120.0,120.0,120.0,120.0,120.0,120.0,120.0,120.0,120.0,108.55122043181503,108.55121749144024,108.55121956469132,108.55122713336881,108.5512386725316,108.55123727754548,108.55103518382793,108.5470555025274,108.47672894386935,107.23866755282685,86.45472957011731,84.43963632213985,83.20640343610746,83.38075903897487,88.7051176583142
120.0,120.0,120.0,120.0,120.0,120.0,120.0,120.0,120.0,120.0,108.55121305451932,108.55120830882912,108.55121464818383,108.55122226912096,108.55123433914137,108.55123965594647,108.5510308214037,108.54705633483644,108.47672754325328,107.23866621819901,86.4547329657014,84.4396330742092,83.2064058630024,83.38075755625731,88.70511784526134
120.0,120.0,120.0,120.0,120.0,120.0,120.0,120.0,120.0,120.0,108.55120184990305,108.55120361833333,108.55120570491214,108.55121825750363,108.5512299700826,108.55123562130201,108.55103308890214,108.54705224301648,108.47672868607948,107.23866481548816,86.4547318303273,84.43963500115554,83.20640367487756,83.38075936949186,88.7051167150751
120.0,120.0,120.0,120.0,120.0,120.0,120.0,120.0,120.0,120.0,108.55118751287564,108.55119320465069,108.55120285863171,108.5512098681642,108.55122695278526,108.55123183205701,108.55102947786533,108.5470544258755,108.47672493286666,107.23866630559023,86.45472918046616,84.43963469174975,83.2064046715748,83.3807578816253,88.70511813863601
120.0,120.0,120.0,120.0,120.0,120.0,120.0,120.0,120.0,120.0,108.55122924740009,108.55122302193922,108.55122470797191,108.55123156038957,108.55123616120626,108.551241815187,108.55103470933105,108.54705706652413,108.47673082337937,107.2386652948889,86.45473415444181,84.43963313058758,83.20640528364858,83.38075868939464,88.70511717729924
120.0,120.0,120.0,120.0,120.0,120.0,120.0,120.0,120.0,120.0,108.55122043181503,108.55121749144024,108.55121956469134,108.5512271333688,108.5512386725316,108.5512372775455,108.55103518382796,108.5470555025274,108.47672894386935,107.23866755282687,86.45472957011755,84.4396363221405,83.20640343610901,83.38075903897746,88.7051176583168
120.0,120.0,120.0,120.0,120.0,120.0,120.0,120.0,120.0,120.0,108.55121305451931,108.55120830882913,108.55121464818382,108.55122226912098,108.55123433914135,108.55123965594649,108.55103082140371,108.54705633483644,108.47672754325328,107.23866621819901,86.45473296570158,84.43963307420977,83.2064058630037,83.38075755625947,88.70511784526359
120.0,120.0,120.0,120.0,120.0,120.0,120.0,120.0,120.0,120.0,108.55120184990305,108.55120361833333,108.55120570491214,108.55121825750362,108.55122997008262,108.55123562130201,108.55103308890214,108.54705224301648,108.47672868607948,107.23866481548818,86.45473183032745,84.439635001156,83.20640367487867,83.38075936949369,88.70511671507691
120.0,120.0,120.0,120.0,120.0,120.0,120.0,120.0,120.0,120.0,108.55118751287564,108.55119320465067,108.55120285863173,108.55120986816418,108.55122695278524,108.55123183205704,108.55102947786531,108.54705442587549,108.47672493286665,107.23866630559024,86.4547291804663,84.43963469175011,83.20640467157573,83.38075788162686,88.70511813863754
120.0,120.0,120.0,120.0,120.0,120.0,120.0,120.0,120.0,120.0,108.55122924740009,108.55122302193921,108.55122470797193,108.55123156038957,108.55123616120626,108.551241815187,108.55103470933105,108.54705706652415,108.47673082337936,107.2386652948889,86.45473415444192,84.43963313058795,83.20640528364935,83.38075868939593,88.70511717730056
120.0,120.0,120.0,120.0,120.0,120.0,120.0,120.0,120.0,120.0,108.55122043181503,108.55121749144024,108.55121956469134,108.5512271333688,108.5512386725316,108.5512372775455,108.55103518382796,108.5470555025274,108.47672894386935,107.23866755282688,86.45472957011762,84.4396363221408,83.20640343610968,83.38075903897855,88.70511765831792
120.0,120.0,120.0,120.0,120.0,120.0,120.0,120.0,120.0,120.0,108.55121305451932,108.55120830882915,108.55121464818383,108.55122226912097,108.55123433914137,108.55123965594647,108.55103082140371,108.54705633483644,108.47672754325328,107.23866621819904,86.45473296570167,84.43963307421001,83.20640586300428,83.38075755626039,88.70511784526445
120.0,120.0,120.0,120.0,120.0,120.0,120.0,120.0,120.0,120.0,108.55120184990307,108.55120361833335,108.55120570491214,108.55121825750362,108.55122997008263,108.55123562130201,108.55103308890213,108.5470522430165,108.4767286860795,107.23866481548818,86.45473183032752,84.43963500115625,83.20640367487911,83.38075936949448,88.70511671507772
120.0,120.0,120.0,120.0,120.0,120.0,120.0,120.0,120.0,120.0,108.55118751287566,108.55119320465069,108.55120285863173,108.55120986816418,108.55122695278524,108.55123183205704,108.55102947786533,108.54705442587549,108.47672493286666,107.23866630559024,86.45472918046634,84.43963469175031,83.20640467157615,83.38075788162749,88.7051181386382
120.0,120.0,120.0,120.0,120.0,120.0,120.0,120.0,120.0,120.0,108.55122924740009,108.55122302193922,108.55122470797191,108.55123156038955,108.55123616120626,108.55124181518698,108.55103470933106,108.54705706652415,108.47673082337937,107.23866529488889,86.454734154442,84.43963313058806,83.20640528364969,83.3807586893965,88.70511717730109
120.0,120.0,120.0,120.0,120.0,120.0,120.0,120.0,120.0,120.0,108.55122043181503,108.55121749144024,108.55121956469132,108.5512271333688,108.5512386725316,108.55123727754551,108.55103518382795,108.5470555025274,108.47672894386936,107.23866755282687,86.45472957011768,84.43963632214091,83.20640343610995,83.38075903897901,88.70511765831834
120.0,120.0,120.0,120.0,120.0,120.0,120.0,120.0,120.0,120.0,108.55121305451931,108.55120830882913,108.55121464818382,108.55122226912097,108.55123433914136,108.55123965594647,108.55103082140373,108.54705633483644,108.47672754325328,107.23866621819904,86.45473296570168,84.43963307421012,83.20640586300449,83.38075755626079,88.70511784526487
120.0,120.0,120.0,120.0,120.0,120.0,120.0,120.0,120.0,120.0,108.55120184990305,108.55120361833335,108.55120570491212,108.55121825750362,108.55122997008262,108.55123562130201,108.55103308890213,108.54705224301651,108.47672868607948,107.23866481548819,86.45473183032755,84.4396350011563,83.20640367487935,83.38075936949481,88.70511671507805
120.0,120.0,120.0,120.0,120.0,120.0,120.0,120.0,120.0,120.0,108.55118751287566,108.55119320465067,108.55120285863173,108.55120986816418,108.55122695278524,108.55123183205704,108.55102947786531,108.54705442587549,108.47672493286667,107.23866630559024,86.4547291804664,84.43963469175038,83.2064046715763,83.38075788162779,88.70511813863851
120.0,120.0,120.0,120.0,120.0,120.0,120.0,120.0,120.0,120.0,108.55122924740009,108.5512230219392,108.55122470797191,108.55123156038957,108.55123616120625,108.55124181518698,108.55103470933106,108.54705706652415,108.47673082337936,107.23866529488892,86.45473415444201,84.43963313058815,83.20640528364981,83.38075868939674,88.70511717730135
120.0,120.0,120.0,120.0,120.0,120.0,120.0,120.0,120.0,120.0,108.55122043181503,108.55121749144024,108.55121956469132,108.5512271333688,108.55123867253158,108.5512372775455,108.55103518382793,108.54705550252741,108.47672894386936,107.23866755282687,86.45472957011772,84.43963632214097,83.20640343611007,83.38075903897922,88.70511765831858
120.0,120.0,120.0,120.0,120.0,120.0,120.0,120.0,120.0,120.0,108.55121305451932,108.55120830882915,108.55121464818382,108.55122226912097,108.55123433914136,108.55123965594647,108.55103082140373,108.54705633483643,108.47672754325329,107.23866621819904,86.45473296570168,84.43963307421018,83.2064058630046,83.38075755626097,88.70511784526506
120.0,120.0,120.0,120.0,120.0,120.0,120.0,120.0,120.0,120.0,108.55120184990305,108.55120361833333,108.55120570491212,108.55121825750362,108.55122997008262,108.551235621302,108.55103308890213,108.54705224301651,108.47672868607947,107.2386648154882,86.45473183032756,84.43963500115635,83.20640367487945,83.38075936949497,88.70511671507819
120.0,120.0,120.0,120.0,120.0,120.0,120.0,120.0,120.0,120.0,108.55118751287566,108.55119320465067,108.55120285863173,108.55120986816418,108.55122695278523,108.55123183205703,108.55102947786531,108.54705442587549,108.47672493286667,107.23866630559024,86.45472918046642,84.43963469175041,83.20640467157638,83.38075788162793,88.70511813863862
120.0,120.0,120.0,120.0,120.0,120.0,120.0,120.0,120.0,120.0,108.55122924740009,108.55122302193921,108.55122470797191,108.55123156038955,108.55123616120628,108.551241815187,108.55103470933106,108.54705706652415,108.47673082337936,107.23866529488893,86.45473415444197,84.43963313058818,83.20640528364989,83.38075868939684,88.70511717730143
120.0,120.0,120.0,120.0,120.0,120.0,120.0,120.0,120.0,120.0,108.55122043181504,108.55121749144024,108.55121956469134,108.5512271333688,108.5512386725316,108.55123727754548,108.55103518382796,108.54705550252741,108.47672894386936,107.23866755282688,86.45472957011772,84.43963632214096,83.20640343611014,83.3807590389793,88.70511765831861
120.0,120.0,120.0,120.0,120.0,120.0,120.0,120.0,120.0,120.0,108.55121305451931,108.55120830882915,108.55121464818382,108.55122226912097,108.55123433914137,108.55123965594646,108.55103082140371,108.54705633483645,108.47672754325329,107.23866621819904,86.45473296570168,84.43963307421019,83.20640586300463,83.38075755626105,88.70511784526512
120.0,120.0,120.0,120.0,120.0,120.0,120.0,120.0,120.0,120.0,108.55120184990307,108.55120361833332,108.55120570491212,108.5512182575036,108.55122997008262,108.55123562130201,108.55103308890213,108.5470522430165,108.47672868607948,107.23866481548819,86.45473183032756,84.43963500115635,83.20640367487948,83.38075936949501,88.70511671507829
120.0,120.0,120.0,120.0,120.0,120.0,120.0,120.0,120.0,120.0,108.55118751287564,108.55119320465067,108.55120285863171,108.55120986816418,108.55122695278524,108.55123183205704,108.55102947786533,108.54705442587549,108.47672493286667,107.23866630559024,86.45472918046642,84.43963469175043,83.2064046715764,83.38075788162797,88.70511813863864
120.0,120.0,120.0,120.0,120.0,120.0,120.0,120.0,120.0,120.0,108.5512292474001,108.55122302193921,108.55122470797193,108.55123156038955,108.55123616120626,108.551241815187,108.55103470933106,108.54705706652415,108.47673082337937,107.2386652948889,86.45473415444201,84.43963313058818,83.20640528364991,83.3807586893969,88.70511717730152
120.0,120.0,120.0,120.0,120.0,120.0,120.0,120.0,120.0,120.0,108.55122043181503,108.55121749144026,108.55121956469132,108.55122713336881,108.55123867253158,108.5512372775455,108.55103518382795,108.5470555025274,108.47672894386935,107.23866755282688,86.45472957011772,84.439636322141,83.20640343611014,83.38075903897935,88.70511765831866
120.0,120.0,120.0,120.0,120.0,120.0,120.0,120.0,120.0,120.0,108.55121305451932,108.55120830882913,108.55121464818383,108.55122226912096,108.55123433914137,108.55123965594646,108.55103082140373,108.54705633483643,108.47672754325328,107.23866621819904,86.4547329657017,84.43963307421018,83.20640586300468,83.38075755626106,88.70511784526518
120.0,120.0,120.0,120.0,120.0,120.0,120.0,120.0,120.0,120.0,108.55120184990305,108.55120361833333,108.55120570491212,108.55121825750363,108.55122997008262,108.55123562130203,108.55103308890213,108.54705224301651,108.47672868607948,107.23866481548819,86.45473183032757,84.43963500115636,83.20640367487948,83.38075936949505,88.70511671507828
120.0,120.0,120.0,120.0,120.0,120.0,120.0,120.0,120.0,120.0,108.55118751287564,108.55119320465067,108.55120285863173,108.55120986816418,108.55122695278524,108.55123183205703,108.55102947786534,108.54705442587549,108.47672493286667,107.23866630559023,86.45472918046637,84.43963469175043,83.20640467157642,83.38075788162799,88.70511813863871
120.0,120.0,120.0,120.0,120.0,120.0,120.0,120.0,120.0,120.0,108.5512292474001,108.55122302193921,108.55122470797191,108.55123156038957,108.55123616120626,108.551241815187,108.55103470933105,108.54705706652416,108.47673082337936,107.23866529488892,86.454734154442,84.43963313058819,83.20640528364994,83.3807586893969,88.70511717730147
120.0,120.0,120.0,120.0,120.0,120.0,120.0,120.0,120.0,120.0,108.55122043181503,108.55121749144026,108.55121956469134,108.5512271333688,108.5512386725316,108.5512372775455,108.55103518382796,108.54705550252739,108.47672894386936,107.23866755282688,86.45472957011772,84.439636322141,83.20640343611018,83.38075903897938,88.70511765831871
120.0,120.0,120.0,120.0,120.0,120.0,120.0,120.0,120.0,120.0,108.55121305451932,108.55120830882913,108.55121464818382,108.55122226912097,108.55123433914136,108.55123965594647,108.55103082140371,108.54705633483644,108.47672754325328,107.23866621819904,86.45473296570168,84.43963307421019,83.20640586300469,83.38075755626109,88.70511784526518
120.0,120.0,120.0,120.0,120.0,120.0,120.0,120.0,120.0,120.0,108.55120184990307,108.55120361833333,108.55120570491214,108.55121825750363,108.55122997008262,108.55123562130201,108.55103308890214,108.5470522430165,108.47672868607948,107.23866481548819,86.45473183032759,84.43963500115638,83.2064036748795,83.38075936949507,88.70511671507832
120.0,120.0,120.0,120.0,120.0,120.0,120.0,120.0,120.0,120.0,108.55118751287566,108.55119320465069,108.55120285863173,108.55120986816416,108.55122695278524,108.55123183205704,108.55102947786531,108.54705442587549,108.47672493286666,107.23866630559024,86.45472918046637,84.43963469175044,83.20640467157642,83.380757881628,88.70511813863871
120.0,120.0,120.0,120.0,120.0,120.0,120.0,120.0,120.0,120.0,108.55122924740009,108.55122302193921,108.5512247079719,108.55123156038957,108.55123616120625,108.551241815187,108.55103470933106,108.54705706652415,108.47673082337937,107.2386652948889,86.45473415444201,84.43963313058818,83.20640528364994,83.38075868939691,88.70511717730149
120.0,120.0,120.0,120.0,120.0,120.0,120.0,120.0,120.0,120.0,108.55122043181503,108.55121749144026,108.55121956469134,108.5512271333688,108.55123867253161,108.55123727754548,108.55103518382795,108.54705550252741,108.47672894386936,107.23866755282687,86.45472957011772,84.43963632214101,83.20640343611015,83.38075903897938,88.7051176583187
120.0,120.0,120.0,120.0,120.0,120.0,120.0,120.0,120.0,120.0,108.55121305451934,108.55120830882913,108.55121464818382,108.55122226912098,108.55123433914136,108.55123965594649,108.55103082140371,108.54705633483644,108.47672754325329,107.23866621819906,86.4547329657017,84.4396330742102,83.20640586300469,83.38075755626106,88.70511784526515
120.0,120.0,120.0,120.0,120.0,120.0,120.0,120.0,120.0,120.0,108.55120184990307,108.55120361833335,108.5512057049121,108.55121825750365,108.55122997008262,108.551235621302,108.55103308890214,108.5470522430165,108.47672868607948,107.23866481548819,86.45473183032757,84.43963500115636,83.20640367487951,83.38075936949507,88.7051167150783
120.0,120.0,120.0,120.0,120.0,120.0,120.0,120.0,120.0,120.0,108.55118751287564,108.55119320465066,108.55120285863174,108.55120986816416,108.55122695278526,108.55123183205703,108.5510294778653,108.5470544258755,108.47672493286666,107.23866630559024,86.45472918046642,84.43963469175043,83.20640467157642,83.380757881628,88.7051181386387
120.0,120.0,120.0,120.0,120.0,120.0,120.0,120.0,120.0,120.0,108.5512292474001,108.55122302193922,108.55122470797191,108.55123156038957,108.55123616120628,108.551241815187,108.55103470933106,108.54705706652413,108.47673082337938,107.23866529488889,86.45473415444201,84.43963313058818,83.20640528364994,83.38075868939691,88.70511717730153
120.0,120.0,120.0,120.0,120.0,120.0,120.0,120.0,120.0,120.0,108.55122043181503,108.55121749144026,108.55121956469134,108.55122713336878,108.5512386725316,108.5512372775455,108.55103518382796,108.5470555025274,108.47672894386935,107.23866755282691,86.45472957011769,84.43963632214103,83.20640343611015,83.38075903897938,88.70511765831873
120.0,120.0,120.0,120.0,120.0,120.0,120.0,120.0,120.0,120.0,108.55121305451931,108.55120830882913,108.55121464818382,108.55122226912098,108.55123433914136,108.55123965594649,108.55103082140371,108.54705633483644,108.47672754325329,107.23866621819903,86.45473296570172,84.43963307421019,83.2064058630047,83.38075755626109,88.70511784526518
120.0,120.0,120.0,120.0,120.0,120.0,120.0,120.0,120.0,120.0,108.55120184990307,108.55120361833333,108.5512057049121,108.55121825750362,108.55122997008264,108.551235621302,108.55103308890216,108.54705224301648,108.47672868607948,107.2386648154882,86.45473183032755,84.43963500115639,83.20640367487948,83.38075936949507,88.7051167150783
120.0,120.0,120.0,120.0,120.0,120.0,120.0,120.0,120.0,120.0,108.55118751287566,108.55119320465069,108.55120285863173,108.55120986816418,108.55122695278524,108.55123183205706,108.5510294778653,108.5470544258755,108.47672493286665,107.23866630559024,86.45472918046642,84.43963469175041,83.20640467157644,83.380757881628,88.70511813863871
120.0,120.0,120.0,120.0,120.0,120.0,120.0,120.0,120.0,120.0,108.5512292474001,108.5512230219392,108.55122470797191,108.55123156038957,108.55123616120625,108.551241815187,108.55103470933108,108.54705706652412,108.47673082337938,107.23866529488889,86.45473415444202,84.43963313058819,83.20640528364994,83.38075868939693,88.70511717730147
120.0,120.0,120.0,120.0,120.0,120.0,120.0,120.0,120.0,120.0,108.55122043181503,108.55121749144026,108.55121956469134,108.5512271333688,108.55123867253161,108.55123727754548,108.55103518382795,108.54705550252741,108.47672894386935,107.2386675528269,86.45472957011772,84.43963632214101,83.20640343611016,83.38075903897936,88.70511765831873
120.0,120.0,120.0,120.0,120.0,120.0,120.0,120.0,120.0,120.0,108.55121305451932,108.55120830882915,108.55121464818383,108.55122226912096,108.55123433914137,108.55123965594649,108.55103082140373,108.54705633483644,108.47672754325329,107.23866621819903,86.45473296570172,84.43963307421019,83.20640586300469,83.38075755626109,88.70511784526516
120.0,120.0,120.0,120.0,120.0,120.0,120.0,120.0,120.0,120.0,108.55120184990305,108.55120361833333,108.5512057049121,108.55121825750363,108.5512299700826,108.551235621302,108.55103308890214,108.5470522430165,108.47672868607948,107.2386648154882,86.45473183032755,84.4396350011564,83.2064036748795,83.38075936949505,88.70511671507833
120.0,120.0,120.0,120.0,120.0,120.0,120.0,120.0,120.0,120.0,108.55118751287566,108.55119320465066,108.55120285863174,108.55120986816418,108.55122695278526,108.55123183205701,108.55102947786531,108.54705442587552,108.47672493286667,107.23866630559024,86.4547291804664,84.43963469175041,83.20640467157645,83.38075788162799,88.7051181386387
120.0,120.0,120.0,120.0,120.0,120.0,120.0,120.0,120.0,120.0,108.55122924740004,108.55122302193914,108.55122470797188,108.55123156038955,108.55123616120622,108.55124181518698,108.55103470933105,108.54705706652413,108.47673082337936,107.2386652948889,86.454734154442,84.43963313058822,83.20640528364994,83.38075868939693,88.70511717730152
120.0,120.0,120.0,120.0,120.0,120.0,120.0,120.0,120.0,120.0,108.55122043181505,108.55121749144023,108.55121956469128,108.55122713336877,108.5512386725316,108.55123727754547,108.55103518382795,108.5470555025274,108.47672894386935,107.2386675528269,86.45472957011772,84.43963632214097,83.2064034361102,83.38075903897936,88.70511765831874
120.0,120.0,120.0,120.0,120.0,120.0,120.0,120.0,120.0,120.0,108.55121305451905,108.55120830882912,108.55121464818382,108.55122226912093,108.55123433914133,108.55123965594647,108.55103082140369,108.54705633483645,108.47672754325328,107.23866621819903,86.4547329657017,84.43963307421019,83.20640586300466,83.3807575562611,88.70511784526516
120.0,120.0,120.0,120.0,120.0,120.0,120.0,120.0,120.0,120.0,108.55120184990307,108.5512036183331,108.55120570491208,108.55121825750363,108.55122997008259,108.55123562130198,108.55103308890213,108.54705224301647,108.4767286860795,107.23866481548819,86.45473183032757,84.43963500115639,83.2064036748795,83.38075936949507,88.70511671507832
120.0,120.0,120.0,120.0,120.0,120.0,120.0,120.0,120.0,120.0,108.55118751287583,108.55119320465072,108.55120285863157,108.55120986816414,108.55122695278524,108.55123183205701,108.55102947786527,108.5470544258755,108.47672493286663,107.23866630559026,86.4547291804664,84.43963469175043,83.20640467157645,83.380757881628,88.70511813863871
120.0,120.0,120.0,120.0,120.0,120.0,120.0,120.0,120.0,120.0,108.55122924740009,108.55122302193918,108.55122470797195,108.55123156038957,108.55123616120623,108.551241815187,108.55103470933106,108.54705706652412,108.47673082337938,107.23866529488889,86.45473415444205,84.4396331305882,83.20640528364993,83.38075868939691,88.70511717730152
120.0,120.0,120.0,120.0,120.0,120.0,120.0,120.0,120.0,120.0,108.55122043181504,108.55121749144024,108.55121956469127,108.55122713336885,108.55123867253161,108.55123727754547,108.55103518382796,108.54705550252741,108.47672894386935,107.2386675528269,86.45472957011769,84.43963632214104,83.20640343611018,83.38075903897935,88.70511765831871
120.0,120.0,120.0,120.0,120.0,120.0,120.0,120.0,120.0,120.0,108.5512130545193,108.55120830882915,108.55121464818382,108.5512222691209,108.55123433914144,108.55123965594647,108.55103082140369,108.54705633483647,108.47672754325329,107.23866621819904,86.45473296570174,84.43963307421018,83.20640586300472,83.38075755626109,88.70511784526514
120.0,120.0,120.0,120.0,120.0,120.0,120.0,120.0,120.0,120.0,108.55120184990307,108.55120361833332,108.55120570491215,108.55121825750362,108.55122997008253,108.55123562130206,108.55103308890216,108.54705224301647,108.4767286860795,107.2386648154882,86.45473183032756,84.4396350011564,83.20640367487947,83.3807593694951,88.70511671507833
120.0,120.0,120.0,120.0,120.0,120.0,120.0,120.0,120.0,120.0,108.55118751287564,108.55119320465066,108.5512028586317,108.55120986816421,108.55122695278524,108.55123183205697,108.55102947786536,108.54705442587552,108.47672493286662,107.23866630559026,86.45472918046642,84.43963469175043,83.20640467157645,83.38075788162799,88.70511813863871
120.0,120.0,120.0,120.0,120.0,120.0,120.0,120.0,120.0,120.0,108.5512292474001,108.55122302193921,108.55122470797193,108.55123156038954,108.55123616120629,108.551241815187,108.55103470933098,108.54705706652419,108.47673082337938,107.2386652948889,86.45473415444204,84.43963313058822,83.20640528364996,83.38075868939693,88.70511717730152
120.0,120.0,120.0,120.0,120.0,120.0,120.0,120.0,120.0,120.0,108.55122043181501,108.55121749144023,108.55121956469134,108.55122713336881,108.55123867253155,108.55123727754551,108.55103518382798,108.54705550252733,108.47672894386939,107.2386675528269,86.45472957011766,84.43963632214104,83.20640343611018,83.38075903897938,88.70511765831871
120.0,120.0,120.0,120.0,120.0,120.0,120.0,120.0,120.0,120.0,108.55121305451932,108.55120830882912,108.55121464818382,108.55122226912097,108.55123433914137,108.55123965594643,108.55103082140374,108.54705633483647,108.47672754325322,107.23866621819906,86.45473296570177,84.43963307421018,83.20640586300472,83.3807575562611,88.70511784526515
120.0,120.0,120.0,120.0,120.0,120.0,120.0,120.0,120.0,120.0,108.55120184990305,108.55120361833333,108.55120570491212,108.55121825750362,108.55122997008262,108.55123562130203,108.5510330889021,108.54705224301651,108.47672868607953,107.23866481548814,86.45473183032762,84.4396350011564,83.20640367487948,83.38075936949507,88.7051167150783
120.0,120.0,120.0,120.0,120.0,120.0,120.0,120.0,120.0,120.0,108.55118751287563,108.55119320465067,108.55120285863173,108.55120986816418,108.55122695278524,108.55123183205704,108.55102947786534,108.54705442587546,108.47672493286669,107.23866630559027,86.45472918046627,84.43963469175047,83.20640467157646,83.380757881628,88.7051181386387
120.0,120.0,120.0,120.0,120.0,120.0,120.0,120.0,120.0,120.0,108.5512292474001,108.5512230219392,108.5512247079719,108.55123156038957,108.55123616120625,108.55124181518698,108.55103470933108,108.54705706652415,108.47673082337931,107.23866529488895,86.45473415444206,84.43963313058813,83.20640528364999,83.38075868939694,88.7051171773015
120.0,120.0,120.0,120.0,120.0,120.0,120.0,120.0,120.0,120.0,108.55122043181503,108.55121749144026,108.55121956469132,108.55122713336878,108.5512386725316,108.5512372775455,108.55103518382793,108.54705550252741,108.47672894386938,107.23866755282685,86.45472957011776,84.43963632214104,83.20640343611012,83.38075903897942,88.70511765831874
120.0,120.0,120.0,120.0,120.0,120.0,120.0,120.0,120.0,120.0,108.55121305451931,108.55120830882913,108.55121464818384,108.55122226912097,108.55123433914136,108.5512396559465,108.55103082140371,108.54705633483643,108.47672754325329,107.23866621819907,86.4547329657016,84.43963307421026,83.20640586300472,83.38075755626106,88.70511784526516
120.0,120.0,120.0,120.0,120.0,120.0,120.0,120.0,120.0,120.0,108.55120184990308,108.55120361833335,108.55120570491212,108.55121825750363,108.55122997008262,108.551235621302,108.55103308890216,108.5470522430165,108.47672868607947,107.2386648154882,86.45473183032762,84.43963500115629,83.20640367487957,83.3807593694951,88.7051167150783
120.0,120.0,120.0,120.0,120.0,120.0,120.0,120.0,120.0,120.0,108.55118751287566,108.55119320465067,108.55120285863173,108.55120986816416,108.55122695278527,108.55123183205703,108.5510294778653,108.54705442587552,108.47672493286666,107.23866630559023,86.45472918046643,84.43963469175046,83.20640467157637,83.38075788162806,88.70511813863874
120.0,120.0,120.0,120.0,120.0,120.0,120.0,120.0,120.0,120.0,108.55122924740009,108.55122302193921,108.5512247079719,108.55123156038957,108.55123616120625,108.551241815187,108.55103470933106,108.54705706652412,108.47673082337938,107.23866529488893,86.45473415444194,84.43963313058825,83.20640528364997,83.38075868939687,88.70511717730155
120.0,120.0,120.0,120.0,120.0,120.0,120.0,120.0,120.0,120.0,108.55122043181504,108.55121749144024,108.55121956469134,108.55122713336878,108.55123867253161,108.55123727754548,108.55103518382796,108.54705550252741,108.47672894386933,107.23866755282691,86.45472957011773,84.43963632214094,83.20640343611022,83.38075903897939,88.70511765831868
120.0,120.0,120.0,120.0,120.0,120.0,120.0,120.0,120.0,120.0,108.55121305451931,108.55120830882913,108.55121464818382,108.55122226912098,108.55123433914136,108.55123965594649,108.5510308214037,108.54705633483645,108.4767275432533,107.238666218199,86.45473296570175,84.43963307421022,83.20640586300463,83.38075755626113,88.7051178452652
120.0,120.0,120.0,120.0,120.0,120.0,120.0,120.0,120.0,120.0,108.55120184990307,108.55120361833335,108.55120570491212,108.5512182575036,108.55122997008263,108.551235621302,108.55103308890214,108.54705224301648,108.4767286860795,107.23866481548822,86.45473183032747,84.43963500115642,83.20640367487951,83.38075936949502,88.70511671507835
120.0,120.0,120.0,120.0,120.0,120.0,120.0,120.0,120.0,120.0,108.55118751287566,108.55119320465069,108.55120285863171,108.5512098681642,108.55122695278524,108.55123183205704,108.55102947786531,108.5470544258755,108.47672493286663,107.23866630559026,86.45472918046643,84.43963469175037,83.20640467157648,83.38075788162801,88.70511813863868
120.0,120.0,120.0,120.0,120.0,120.0,120.0,120.0,120.0,120.0,108.55122924740009,108.5512230219392,108.55122470797191,108.55123156038955,108.55123616120626,108.551241815187,108.55103470933106,108.54705706652412,108.47673082337937,107.23866529488889,86.45473415444201,84.43963313058823,83.20640528364989,83.38075868939696,88.70511717730155
120.0,120.0,120.0,120.0,120.0,120.0,120.0,120.0,120.0,120.0,108.55122043181503,108.55121749144024,108.55121956469134,108.55122713336878,108.5512386725316,108.55123727754548,108.55103518382795,108.5470555025274,108.47672894386935,107.23866755282691,86.45472957011766,84.43963632214103,83.20640343611021,83.38075903897933,88.70511765831874
120.0,120.0,120.0,120.0,120.0,120.0,120.0,120.0,120.0,120.0,108.55121305451932,108.55120830882913,108.55121464818382,108.55122226912097,108.55123433914137,108.55123965594649,108.55103082140373,108.54705633483644,108.47672754325329,107.23866621819903,86.45473296570177,84.43963307421015,83.2064058630047,83.38075755626113,88.70511784526515
120.0,120.0,120.0,120.0,120.0,120.0,120.0,120.0,120.0,120.0,108.55120184990305,108.55120361833335,108.55120570491212,108.55121825750363,108.55122997008263,108.55123562130201,108.55103308890214,108.5470522430165,108.4767286860795,107.23866481548819,86.45473183032755,84.43963500115643,83.20640367487945,83.38075936949508,88.70511671507835
120.0,120.0,120.0,120.0,120.0,120.0,120.0,120.0,120.0,120.0,108.55118751287563,108.55119320465066,108.55120285863173,108.5512098681642,108.55122695278524,108.55123183205703,108.55102947786531,108.54705442587549,108.47672493286666,107.23866630559024,86.45472918046639,84.43963469175043,83.20640467157646,83.38075788162797,88.70511813863872
120.0,120.0,120.0,120.0,120.0,120.0,120.0,120.0,120.0,120.0,108.55122924740009,108.55122302193922,108.55122470797193,108.55123156038954,108.55123616120626,108.551241815187,108.55103470933106,108.54705706652413,108.47673082337937,107.23866529488892,86.454734154442,84.43963313058818,83.20640528364994,83.38075868939694,88.7051171773015
120.0,120.0,120.0,120.0,120.0,120.0,120.0,120.0,120.0,120.0,108.55122043181504,108.55121749144024,108.55121956469134,108.55122713336878,108.5512386725316,108.55123727754548,108.55103518382796,108.54705550252741,108.47672894386935,107.23866755282688,86.45472957011772,84.439636322141,83.20640343611015,83.38075903897938,88.70511765831877
120.0,120.0,120.0,120.0,120.0,120.0,120.0,120.0,120.0,120.0,108.55121305451931,108.55120830882913,108.55121464818382,108.55122226912098,108.55123433914136,108.55123965594647,108.55103082140373,108.54705633483644,108.47672754325328,107.23866621819903,86.4547329657017,84.43963307421018,83.2064058630047,83.38075755626107,88.70511784526515
120.0,120.0,120.0,120.0,120.0,120.0,120.0,120.0,120.0,120.0,108.55120184990308,108.55120361833332,108.55120570491214,108.55121825750362,108.55122997008262,108.55123562130201,108.55103308890214,108.5470522430165,108.47672868607948,107.2386648154882,86.45473183032755,84.43963500115636,83.2064036748795,83.38075936949508,88.70511671507833
120.0,120.0,120.0,120.0,120.0,120.0,120.0,120.0,120.0,120.0,108.55118751287566,108.55119320465067,108.55120285863171,108.55120986816418,108.55122695278523,108.55123183205704,108.55102947786531,108.54705442587549,108.47672493286666,107.23866630559023,86.45472918046643,84.43963469175041,83.20640467157642,83.380757881628,88.70511813863871
120.0,120.0,120.0,120.0,120.0,120.0,120.0,120.0,120.0,120.0,108.5512292474001,108.5512230219392,108.55122470797193,108.55123156038955,108.55123616120625,108.55124181518698,108.55103470933108,108.54705706652412,108.47673082337937,107.23866529488889,86.454734154442,84.43963313058822,83.20640528364993,83.38075868939691,88.7051171773015
120.0,120.0,120.0,120.0,120.0,120.0,120.0,120.0,120.0,120.0,108.55122043181503,108.55121749144026,108.55121956469134,108.55122713336881,108.5512386725316,108.5512372775455,108.55103518382793,108.54705550252741,108.47672894386935,107.2386675528269,86.45472957011769,84.439636322141,83.20640343611018,83.38075903897938,88.70511765831868
120.0,120.0,120.0,120.0,120.0,120.0,120.0,120.0,120.0,120.0,108.55121305451931,108.55120830882913,108.55121464818383,108.55122226912097,108.55123433914137,108.55123965594647,108.55103082140371,108.54705633483643,108.47672754325329,107.23866621819904,86.45473296570171,84.43963307421019,83.20640586300469,83.3807575562611,88.70511784526515
120.0,120.0,120.0,120.0,120.0,120.0,120.0,120.0,120.0,120.0,108.55120184990305,108.55120361833333,108.55120570491212,108.55121825750363,108.5512299700826,108.55123562130203,108.55103308890214,108.5470522430165,108.47672868607948,107.2386648154882,86.45473183032755,84.43963500115639,83.20640367487947,83.38075936949504,88.70511671507832
120.0,120.0,120.0,120.0,120.0,120.0,120.0,120.0,120.0,120.0,108.55118751287564,108.55119320465067,108.55120285863173,108.55120986816418,108.55122695278524,108.55123183205704,108.55102947786531,108.5470544258755,108.47672493286666,107.23866630559024,86.4547291804664,84.43963469175041,83.20640467157644,83.38075788162799,88.7051181386387
120.0,120.0,120.0,120.0,120.0,120.0,120.0,120.0,120.0,120.0,108.5512292474001,108.55122302193921,108.55122470797191,108.55123156038957,108.55123616120625,108.551241815187,108.55103470933105,108.54705706652413,108.47673082337937,107.23866529488892,86.454734154442,84.4396331305882,83.20640528364993,83.38075868939691,88.70511717730149
120.0,120.0,120.0,120.0,120.0,120.0,120.0,120.0,120.0,120.0,108.55122043181503,108.55121749144024,108.55121956469132,108.5512271333688,108.5512386725316,108.55123727754548,108.55103518382796,108.5470555025274,108.47672894386935,107.23866755282687,86.45472957011772,84.439636322141,83.20640343611018,83.38075903897938,88.70511765831871
120.0,120.0,120.0,120.0,120.0,120.0,120.0,120.0,120.0,120.0,108.55121305451931,108.55120830882915,108.55121464818382,108.55122226912097,108.55123433914136,108.55123965594649,108.5510308214037,108.54705633483644,108.47672754325329,107.23866621819903,86.45473296570171,84.43963307421019,83.20640586300469,83.38075755626109,88.70511784526516
120.0,120.0,120.0,120.0,120.0,120.0,120.0,120.0,120.0,120.0,108.55120184990307,108.55120361833333,108.55120570491212,108.55121825750363,108.55122997008262,108.55123562130201,108.55103308890214,108.54705224301648,108.4767286860795,107.23866481548819,86.45473183032756,84.43963500115638,83.2064036748795,83.38075936949505,88.70511671507832
120.0,120.0,120.0,120.0,120.0,120.0,120.0,120.0,120.0,120.0,108.55118751287566,108.55119320465069,108.55120285863173,108.55120986816418,108.55122695278526,108.55123183205703,108.55102947786533,108.5470544258755,108.47672493286666,107.23866630559024,86.4547291804664,84.43963469175041,83.20640467157644,83.380757881628,88.70511813863871
120.0,120.0,120.0,120.0,120.0,120.0,120.0,120.0,120.0,120.0,108.5512292474001,108.55122302193921,108.55122470797191,108.55123156038957,108.55123616120625,108.551241815187,108.55103470933106,108.54705706652415,108.47673082337936,107.2386652948889,86.45473415444201,84.4396331305882,83.20640528364993,83.38075868939691,88.70511717730149
120.0,120.0,120.0,120.0,120.0,120.0,120.0,120.0,120.0,120.0,108.55122043181503,108.55121749144026,108.55121956469134,108.5512271333688,108.5512386725316,108.55123727754548,108.55103518382796,108.5470555025274,108.47672894386935,107.2386675528269,86.45472957011769,84.43963632214101,83.20640343611018,83.38075903897936,88.70511765831873
120.0,120.0,120.0,120.0,120.0,120.0,120.0,120.0,120.0,120.0,108.55121305451932,108.55120830882913,108.55121464818382,108.55122226912097,108.55123433914136,108.55123965594647,108.5510308214037,108.54705633483644,108.47672754325328,107.23866621819904,86.45473296570174,84.43963307421018,83.2064058630047,83.38075755626109,88.70511784526514
120.0,120.0,120.0,120.0,120.0,120.0,120.0,120.0,120.0,120.0,108.55120184990305,108.55120361833333,108.55120570491212,108.55121825750363,108.55122997008262,108.55123562130201,108.55103308890214,108.5470522430165,108.4767286860795,107.23866481548819,86.45473183032757,84.43963500115639,83.20640367487947,83.38075936949505,88.70511671507833
120.0,120.0,120.0,120.0,120.0,120.0,120.0,120.0,120.0,120.0,108.55118751287564,108.55119320465069,108.55120285863174,108.55120986816418,108.55122695278526,108.55123183205703,108.55102947786531,108.5470544258755,108.47672493286665,107.23866630559024,86.45472918046639,84.43963469175044,83.20640467157644,83.38075788162799,88.70511813863871
120.0,120.0,120.0,120.0,120.0,120.0,120.0,120.0,120.0,120.0,108.55122924740009,108.55122302193921,108.55122470797191,108.55123156038957,108.55123616120626,108.551241815187,108.55103470933105,108.54705706652413,108.47673082337938,107.2386652948889,86.45473415444201,84.43963313058819,83.20640528364994,83.38075868939693,88.70511717730147
120.0,120.0,120.0,120.0,120.0,120.0,120.0,120.0,120.0,120.0,108.55122043181503,108.55121749144026,108.55121956469134,108.5512271333688,108.5512386725316,108.55123727754548,108.55103518382796,108.54705550252741,108.47672894386935,107.23866755282688,86.45472957011769,84.43963632214103,83.20640343611015,83.38075903897938,88.7051176583187
120.0,120.0,120.0,120.0,120.0,120.0,120.0,120.0,120.0,120.0,108.55121305451932,108.55120830882912,108.55121464818383,108.55122226912098,108.55123433914136,108.55123965594647,108.55103082140371,108.54705633483644,108.47672754325328,107.23866621819903,86.45473296570171,84.43963307421018,83.2064058630047,83.38075755626107,88.70511784526515
120.0,120.0,120.0,120.0,120.0,120.0,120.0,120.0,120.0,120.0,108.55120184990307,108.55120361833333,108.55120570491212,108.55121825750363,108.5512299700826,108.551235621302,108.55103308890214,108.5470522430165,108.4767286860795,107.23866481548818,86.45473183032756,84.43963500115638,83.20640367487948,83.38075936949507,88.7051167150783
120.0,120.0,120.0,120.0,120.0,120.0,120.0,120.0,120.0,120.0,108.55118751287566,108.55119320465066,108.55120285863173,108.5512098681642,108.55122695278524,108.55123183205704,108.55102947786533,108.5470544258755,108.47672493286665,107.23866630559026,86.45472918046637,84.43963469175043,83.20640467157644,83.380757881628,88.7051181386387
120.0,120.0,120.0,120.0,120.0,120.0,120.0,120.0,120.0,120.0,108.5512292474001,108.5512230219392,108.55122470797191,108.55123156038957,108.55123616120626,108.551241815187,108.55103470933106,108.54705706652413,108.47673082337936,107.23866529488889,86.45473415444202,84.43963313058818,83.20640528364994,83.38075868939693,88.7051171773015
120.0,120.0,120.0,120.0,120.0,120.0,120.0,120.0,120.0,120.0,108.55122043181503,108.55121749144024,108.55121956469134,108.5512271333688,108.5512386725316,108.5512372775455,108.55103518382795,108.5470555025274,108.47672894386935,107.2386675528269,86.45472957011769,84.43963632214103,83.20640343611015,83.38075903897938,88.7051176583187
120.0,120.0,120.0,120.0,120.0,120.0,120.0,120.0,120.0,120.0,108.55121305451932,108.55120830882912,108.55121464818383,108.55122226912098,108.55123433914137,108.55123965594647,108.55103082140371,108.54705633483645,108.47672754325328,107.23866621819904,86.4547329657017,84.43963307421018,83.2064058630047,83.38075755626109,88.70511784526514
120.0,120.0,120.0,120.0,120.0,120.0,120.0,120.0,120.0,120.0,108.55120184990305,108.55120361833333,108.5512057049121,108.55121825750363,108.55122997008263,108.551235621302,108.55103308890214,108.5470522430165,108.47672868607948,107.23866481548819,86.45473183032756,84.43963500115638,83.20640367487947,83.38075936949508,88.70511671507829
120.0,120.0,120.0,120.0,120.0,120.0,120.0,120.0,120.0,120.0,108.55118751287564,108.55119320465067,108.55120285863171,108.5512098681642,108.55122695278524,108.55123183205703,108.5510294778653,108.54705442587549,108.47672493286666,107.23866630559024,86.45472918046639,84.43963469175043,83.20640467157644,83.38075788162799,88.70511813863871
120.0,120.0,120.0,120.0,120.0,120.0,120.0,120.0,120.0,120.0,108.5512292474001,108.55122302193921,108.55122470797191,108.55123156038957,108.55123616120626,108.551241815187,108.55103470933106,108.54705706652413,108.47673082337937,107.23866529488889,86.45473415444201,84.43963313058818,83.20640528364994,83.38075868939693,88.70511717730149
120.0,120.0,120.0,120.0,120.0,120.0,120.0,120.0,120.0,120.0,108.55122043181501,108.55121749144026,108.55121956469134,108.5512271333688,108.5512386725316,108.55123727754548,108.55103518382795,108.5470555025274,108.47672894386936,107.2386675528269,86.45472957011769,84.43963632214101,83.20640343611015,83.38075903897938,88.70511765831874
120.0,120.0,120.0,120.0,120.0,120.0,120.0,120.0,120.0,120.0,108.55121305451932,108.55120830882912,108.55121464818383,108.55122226912097,108.55123433914137,108.55123965594647,108.55103082140373,108.54705633483644,108.47672754325329,107.23866621819906,86.4547329657017,84.43963307421019,83.20640586300469,83.38075755626107,88.70511784526514
120.0,120.0,120.0,120.0,120.0,120.0,120.0,120.0,120.0,120.0,108.55120184990307,108.55120361833333,108.55120570491212,108.55121825750363,108.55122997008262,108.55123562130201,108.55103308890214,108.5470522430165,108.47672868607948,107.2386648154882,86.45473183032759,84.43963500115636,83.20640367487947,83.38075936949507,88.70511671507832
120.0,120.0,120.0,120.0,120.0,120.0,120.0,120.0,120.0,120.0,108.55118751287563,108.55119320465069,108.55120285863171,108.55120986816416,108.55122695278526,108.55123183205704,108.55102947786531,108.5470544258755,108.47672493286666,107.23866630559023,86.45472918046639,84.43963469175044,83.20640467157644,83.38075788162799,88.70511813863871
120.0,120.0,120.0,120.0,120.0,120.0,120.0,120.0,120.0,120.0,108.5512292474001,108.55122302193921,108.55122470797191,108.55123156038958,108.55123616120625,108.551241815187,108.55103470933106,108.54705706652413,108.47673082337937,107.23866529488892,86.45473415444198,84.43963313058818,83.20640528364994,83.38075868939691,88.70511717730153
120.0,120.0,120.0,120.0,120.0,120.0,120.0,120.0,120.0,120.0,108.55122043181503,108.55121749144026,108.55121956469134,108.55122713336878,108.5512386725316,108.55123727754547,108.55103518382796,108.54705550252741,108.47672894386935,107.23866755282688,86.45472957011772,84.43963632214098,83.20640343611015,83.38075903897936,88.70511765831871
120.0,120.0,120.0,120.0,120.0,120.0,120.0,120.0,120.0,120.0,108.55121305451932,108.55120830882915,108.55121464818383,108.55122226912097,108.55123433914137,108.55123965594649,108.55103082140371,108.54705633483644,108.47672754325328,107.23866621819904,86.4547329657017,84.43963307421019,83.20640586300469,83.38075755626107,88.70511784526515
120.0,120.0,120.0,120.0,120.0,120.0,120.0,120.0,120.0,120.0,108.55120184990305,108.55120361833333,108.55120570491212,108.55121825750363,108.55122997008263,108.551235621302,108.55103308890216,108.54705224301648,108.47672868607948,107.23866481548819,86.45473183032755,84.43963500115638,83.20640367487948,83.38075936949507,88.7051167150783
120.0,120.0,120.0,120.0,120.0,120.0,120.0,120.0,120.0,120.0,108.55118751287564,108.55119320465067,108.55120285863173,108.55120986816418,108.55122695278526,108.55123183205703,108.5510294778653,108.54705442587552,108.47672493286665,107.23866630559024,86.45472918046637,84.43963469175041,83.20640467157642,83.38075788162799,88.7051181386387
120.0,120.0,120.0,120.0,120.0,120.0,120.0,120.0,120.0,120.0,108.55122924740009,108.55122302193922,108.5512247079719,108.55123156038958,108.55123616120625,108.551241815187,108.55103470933106,108.54705706652412,108.47673082337938,107.2386652948889,86.45473415444201,84.43963313058819,83.20640528364991,83.38075868939691,88.70511717730153
120.0,120.0,120.0,120.0,120.0,120.0,120.0,120.0,120.0,120.0,108.55122043181501,108.55121749144024,108.55121956469134,108.5512271333688,108.55123867253161,108.55123727754548,108.55103518382796,108.5470555025274,108.47672894386935,107.2386675528269,86.45472957011766,84.43963632214103,83.20640343611015,83.38075903897933,88.70511765831871
120.0,120.0,120.0,120.0,120.0,120.0,120.0,120.0,120.0,120.0,108.55121305451932,108.55120830882913,108.55121464818382,108.551222269121,108.55123433914136,108.55123965594649,108.5510308214037,108.54705633483647,108.47672754325329,107.23866621819903,86.45473296570175,84.43963307421018,83.20640586300469,83.38075755626107,88.70511784526515
120.0,120.0,120.0,120.0,120.0,120.0,120.0,120.0,120.0,120.0,108.55120184990305,108.55120361833335,108.55120570491212,108.55121825750363,108.55122997008263,108.55123562130201,108.55103308890216,108.54705224301648,108.4767286860795,107.23866481548819,86.45473183032755,84.4396350011564,83.20640367487947,83.38075936949507,88.70511671507832
120.0,120.0,120.0,120.0,120.0,120.0,120.0,120.0,120.0,120.0,108.55118751287564,108.55119320465067,108.55120285863173,108.55120986816416,108.55122695278526,108.55123183205706,108.55102947786533,108.54705442587552,108.47672493286665,107.23866630559027,86.45472918046639,84.43963469175041,83.20640467157644,83.38075788162799,88.70511813863868
120.0,120.0,120.0,120.0,120.0,120.0,120.0,120.0,120.0,120.0,108.55122924740009,108.55122302193921,108.55122470797191,108.55123156038955,108.55123616120626,108.55124181518698,108.55103470933108,108.54705706652412,108.47673082337938,107.23866529488889,86.45473415444204,84.43963313058818,83.20640528364994,83.38075868939693,88.70511717730149
120.0,120.0,120.0,120.0,120.0,120.0,120.0,120.0,120.0,120.0,108.55122043181503,108.55121749144026,108.55121956469134,108.55122713336878,108.5512386725316,108.55123727754548,108.55103518382796,108.54705550252743,108.47672894386935,107.23866755282691,86.45472957011765,84.43963632214104,83.20640343611015,83.38075903897938,88.70511765831871
120.0,120.0,120.0,120.0,120.0,120.0,120.0,120.0,120.0,120.0,108.55121305451932,108.55120830882915,108.55121464818382,108.55122226912098,108.55123433914136,108.55123965594649,108.55103082140371,108.54705633483645,108.47672754325329,107.23866621819903,86.45473296570172,84.43963307421016,83.2064058630047,83.38075755626107,88.70511784526515
120.0,120.0,120.0,120.0,120.0,120.0,120.0,120.0,120.0,120.0,108.55120184990305,108.55120361833333,108.55120570491214,108.55121825750363,108.55122997008262,108.551235621302,108.55103308890214,108.5470522430165,108.47672868607948,107.2386648154882,86.45473183032756,84.43963500115639,83.20640367487947,83.38075936949507,88.70511671507832
120.0,120.0,120.0,120.0,120.0,120.0,120.0,120.0,120.0,120.0,108.55118751287566,108.55119320465067,108.55120285863171,108.55120986816418,108.55122695278526,108.55123183205704,108.55102947786533,108.54705442587552,108.47672493286666,107.23866630559026,86.45472918046639,84.43963469175043,83.20640467157644,83.38075788162797,88.70511813863871
120.0,120.0,120.0,120.0,120.0,120.0,120.0,120.0,120.0,120.0,108.55122924740009,108.55122302193921,108.55122470797191,108.55123156038957,108.55123616120626,108.55124181518701,108.55103470933108,108.54705706652412,108.47673082337938,107.2386652948889,86.45473415444201,84.43963313058819,83.20640528364994,83.38075868939691,88.7051171773015
120.0,120.0,120.0,120.0,120.0,120.0,120.0,120.0,120.0,120.0,108.55122043181503,108.55121749144026,108.55121956469134,108.5512271333688,108.55123867253161,108.5512372775455,108.55103518382798,108.54705550252741,108.47672894386935,107.23866755282691,86.45472957011772,84.43963632214101,83.20640343611016,83.38075903897938,88.70511765831868
120.0,120.0,120.0,120.0,120.0,120.0,120.0,120.0,120.0,120.0,108.55121305451931,108.55120830882913,108.55121464818383,108.55122226912097,108.55123433914136,108.55123965594647,108.55103082140373,108.54705633483645,108.47672754325329,107.23866621819901,86.45473296570174,84.43963307421019,83.2064058630047,83.38075755626107,88.70511784526516
120.0,120.0,120.0,120.0,120.0,120.0,120.0,120.0,120.0,120.0,108.55120184990307,108.55120361833333,108.55120570491212,108.55121825750363,108.55122997008263,108.55123562130201,108.55103308890213,108.5470522430165,108.47672868607948,107.2386648154882,86.45473183032753,84.43963500115639,83.20640367487948,83.38075936949507,88.7051167150783
120.0,120.0,120.0,120.0,120.0,120.0,120.0,120.0,120.0,120.0,108.55118751287564,108.55119320465069,108.55120285863171,108.55120986816418,108.55122695278524,108.55123183205703,108.55102947786533,108.54705442587549,108.47672493286666,107.23866630559026,86.45472918046643,84.43963469175041,83.20640467157644,83.380757881628,88.70511813863871
120.0,120.0,120.0,120.0,120.0,120.0,120.0,120.0,120.0,120.0,108.55122923604344,108.55122301211036,108.55122470131873,108.55123155558766,108.55123615755471,108.55124181253814,108.55103470749324,108.54705706527216,108.47673082254707,107.23866529439267,86.45473415414905,84.43963313040678,83.20640528353981,83.3807586893259,88.70511717723798
120.0,120.0,120.0,120.0,120.0,120.0,120.0,120.0,120.0,120.0,108.55122041940044,108.5512174814961,108.55121955619676,108.55122712742092,108.55123866833557,108.55123727445476,108.55103518161884,108.54705550102986,108.47672894288846,107.23866755223987,86.45472956976941,84.43963632192585,83.2064034359796,83.38075903889504,88.7051176582433
120.0,120.0,120.0,120.0,120.0,120.0,120.0,120.0,120.0,120.0,108.55121303292687,108.55120829711294,108.55121463960766,108.55122226194618,108.55123433398967,108.55123965238869,108.5510308188836,108.54705633308325,108.47672754210332,107.23866621752268,86.45473296531519,84.43963307397011,83.20640586286059,83.38075755616748,88.70511784517805
120.0,120.0,120.0,120.0,120.0,120.0,120.0,120.0,120.0,120.0,108.55120183154364,108.55120359951603,108.55120569413283,108.55121825019003,108.55122996415761,108.5512356169872,108.5510330859891,108.54705224104715,108.47672868476596,107.23866481471374,86.45473182993229,84.43963500091193,83.20640367473155,83.38075936939937,88.7051167149846
120.0,120.0,120.0,120.0,120.0,120.0,120.0,120.0,120.0,120.0,108.55118749315703,108.55119318882551,108.55120284262486,108.55120985850242,108.5512269466277,108.55123182728894,108.55102947439342,108.54705442359523,108.47672493141039,107.23866630473314,86.45472918008154,84.43963469153225,83.20640467144489,83.380757881539,88.70511813854303
120.0,120.0,120.0,120.0,120.0,120.0,120.0,120.0,120.0,120.0,108.55122924496595,108.55122301903737,108.55122470730619,108.55123155932355,108.5512361611984,108.55124181566494,108.55103470965209,108.54705706671194,108.47673082354912,107.23866529505015,86.45473415477035,84.43963313081804,83.2064052838063,83.38075868948965,88.70511717735036
120.0,120.0,120.0,120.0,120.0,120.0,120.0,120.0,120.0,120.0,108.5512204292932,108.55121748879981,108.5512195616102,108.55122713346371,108.55123867195977,108.55123727774766,108.55103518450109,108.54705550302153,108.47672894418221,107.23866755309967,86.45472957069248,84.4396363225442,83.20640343637771,83.38075903914961,88.70511765840948
120.0,120.0,120.0,120.0,120.0,120.0,120.0,120.0,120.0,120.0,108.55121305251048,108.55120830585669,108.55121464560871,108.55122226608684,108.55123433970262,108.55123965572984,108.55103082173063,108.54705633559455,108.4767275438326,107.23866621860427,86.45473296650587,84.43963307482484,83.20640586341311,83.38075755651793,88.70511784541206
120.0,120.0,120.0,120.0,120.0,120.0,120.0,120.0,120.0,120.0,108.55120184761049,108.55120361628713,108.55120570186256,108.55121825518194,108.5512299672515,108.55123562215127,108.55103308895724,108.54705224342689,108.47672868686719,107.23866481615521,86.45473183141173,84.439635001965,83.20640367545947,83.38075936985955,88.7051167152801
120.0,120.0,120.0,120.0,120.0,120.0,120.0,120.0,120.0,120.0,108.55118751074635,108.55119320236645,108.55120285655053,108.55120986527093,108.55122695083155,108.55123182952597,108.55102947889186,108.54705442614595,108.4767249333431,107.2386663064605,86.45472918209542,84.43963469279895,83.20640467231381,83.38075788212322,88.70511813890916
120.0,120.0,120.0,120.0,120.0,120.0,120.0,120.0,120.0,120.0,108.55122924303839,108.55122301756465,108.5512247046251,108.55123155754643,108.55123615792273,108.55124181313738,108.55103470680149,108.54705706741676,108.47673082365975,107.23866529542278,86.45473415646482,84.43963313205947,83.20640528456066,83.38075868999661,88.70511717764074
120.0,120.0,120.0,120.0,120.0,120.0,120.0,120.0,120.0,120.0,108.5512204281037,108.55121748749421,108.55121956061082,108.55122713009666,108.55123866976032,108.55123727474056,108.55103518230466,108.54705550042806,108.47672894487899,107.2386675534166,86.4547295718456,84.43963632400168,83.20640343738224,83.38075903972644,88.7051176587259
120.0,120.0,120.0,120.0,120.0,120.0,120.0,120.0,120.0,120.0,108.55121304663211,108.55120830478312,108.55121464461199,108.5512222653676,108.55123433604494,108.55123965329462,108.55103081910019,108.5470563338338,108.47672754159464,107.23866621946404,86.4547329677512,84.43963307594403,83.20640586459398,83.38075755727937,88.70511784576374
120.0,120.0,120.0,120.0,120.0,120.0,120.0,120.0,120.0,120.0,108.55120184380196,108.5512036111788,108.55120570071792,108.55121825424871,108.55122996667642,108.55123561847907,108.55103308642602,108.54705224120514,108.47672868556545,107.23866481442478,86.45473183372982,84.43963500329717,83.2064036764471,83.3807593707485,88.7051167157522
120.0,120.0,120.0,120.0,120.0,120.0,120.0,120.0,120.0,120.0,108.55118750986877,108.55119319965773,108.55120285228774,108.55120986398775,108.55122694980177,108.5512318290099,108.55102947540097,108.54705442363213,108.47672493152817,107.23866630558769,86.45472917998637,84.43963469502462,83.20640467357218,83.38075788290361,88.70511813944805
120.0,120.0,120.0,120.0,120.0,120.0,120.0,120.0,120.0,120.0,108.55122924473429,108.55122301946166,108.55122470597284,108.55123155781753,108.55123615894098,108.55124181345312,108.55103470741344,108.54705706503916,108.47673082176813,107.23866529438543,86.45473415587728,84.43963313116089,83.20640528660505,83.38075869109636,88.70511717829942
120.0,120.0,120.0,120.0,120.0,120.0,120.0,120.0,120.0,120.0,108.55122042882915,108.55121748832983,108.55121956174266,108.55122713167093,108.55123867013238,108.55123727537934,108.55103518222498,108.54705550081277,108.47672894270346,107.23866755146084,86.45472957072724,84.43963632411605,83.20640343720063,83.38075904138762,88.70511765963127
120.0,120.0,120.0,120.0,120.0,120.0,120.0,120.0,120.0,120.0,108.55121305536261,108.55120830629177,108.55121464489483,108.55122226588983,108.55123433760993,108.5512396537347,108.55103081939286,108.54705633337458,108.4767275417622,107.23866621738034,86.45473296402223,84.43963307582001,83.2064058652467,83.38075755743283,88.7051178470847
120.0,120.0,120.0,120.0,120.0,120.0,120.0,120.0,120.0,120.0,108.55120184676908,108.55120361808956,108.55120570269379,108.55121825423578,108.55122996673371,108.55123561987232,108.55103308689611,108.54705224121665,108.47672868477834,107.23866481429502,86.45473182977521,84.43963500047404,83.20640367708073,83.38075937165922,88.70511671601041
120.0,120.0,120.0,120.0,120.0,120.0,120.0,120.0,120.0,120.0,108.5511875086746,108.55119320099782,108.55120285742154,108.55120986613876,108.55122694967763,108.55123182873876,108.55102947652607,108.54705442409418,108.47672493132154,107.23866630442708,86.45472917928458,84.43963469196379,83.20640467179703,83.38075788392321,88.70511814047522
120.0,120.0,120.0,120.0,120.0,120.0,120.0,120.0,120.0,120.0,108.55122917957452,108.55122297030626,108.55122466623916,108.5512315285835,108.5512361377843,108.55124179705149,108.55103469528238,108.54705705776168,108.47673081687493,107.2386652906667,86.45473415116147,84.439633129201,83.20640528393382,83.38075868969209,88.70511717861224
120.0,120.0,120.0,120.0,120.0,120.0,120.0,120.0,120.0,120.0,108.55122034758296,108.55121742979331,108.55121951866965,108.55122709609947,108.55123864418968,108.55123725716291,108.55103516843565,108.54705549080916,108.4767289369057,107.23866754803063,86.45472956658017,84.43963631980338,83.20640343590078,83.38075903985911,88.70511765842636
120.0,120.0,120.0,120.0,120.0,120.0,120.0,120.0,120.0,120.0,108.551212959816,108.55120823450432,108.55121459315939,108.55122222885069,108.55123430669579,108.5512396314045,108.55103080427344,108.5470563223319,108.47672753396398,107.23866621327785,86.45473296194446,84.43963307181428,83.20640586176947,83.3807575568269,88.705117845928
120.0,120.0,120.0,120.0,120.0,120.0,120.0,120.0,120.0,120.0,108.55120173600824,108.55120353174165,108.55120564025849,108.55121820918072,108.55122993547045,108.55123559377792,108.55103306830976,108.54705222919218,108.47672867642966,107.23866480885023,86.45473182730795,84.43963499867601,83.20640367367841,83.38075936909742,88.70511671541392
120.0,120.0,120.0,120.0,120.0,120.0,120.0,120.0,120.0,120.0,108.55118736624655,108.55119309910475,108.55120278132708,108.5512098127344,108.55122691109749,108.55123180294396,108.55102945522532,108.5470544092485,108.47672492228723,107.23866629894617,86.45472917569343,84.43963468982524,83.20640467035781,83.38075788132558,88.70511813822071
120.0,120.0,120.0,120.0,120.0,120.0,120.0,120.0,120.0,120.0,108.55122908189662,108.55122287990575,108.55122459840672,108.55123148421316,108.55123610939347,108.55124177569573,108.55103468240317,108.54705704661303,108.47673080929901,107.2386652870491,86.45473415039955,84.43963312731371,83.20640528257067,83.38075868896482,88.70511717687249
120.0,120.0,120.0,120.0,120.0,120.0,120.0,120.0,120.0,120.0,108.55122020023676,108.55121733822862,108.55121944076909,108.55122703802742,108.55123860717715,108.55123723470825,108.55103515161345,108.54705548137913,108.47672892888887,107.23866754331122,86.45472956716048,84.43963631995092,83.20640343439162,83.38075903862702,88.70511765774576
120.0,120.0,120.0,120.0,120.0,120.0,120.0,120.0,120.0,120.0,108.55121278935933,108.55120809746585,108.55121450966016,108.55122216329278,108.55123425822529,108.55123960135099,108.55103078713032,108.54705630963271,108.47672752763839,107.23866620853855,86.45473296160456,84.43963307322191,83.20640586226848,83.38075755551435,88.705117844587
120.0,120.0,120.0,120.0,120.0,120.0,120.0,120.0,120.0,120.0,108.55120159595226,108.55120338433038,108.55120551624469,108.55121813480162,108.55122988164766,108.5512355545903,108.55103304486578,108.54705221685626,108.47672866751422,107.23866480604896,86.45473182834635,84.43963499956557,83.20640367523653,83.38075936954239,88.70511671395424
120.0,120.0,120.0,120.0,120.0,120.0,120.0,120.0,120.0,120.0,108.55118709934561,108.5511929625817,108.5512026570738,108.55120970344107,108.55122684643737,108.55123176005604,108.55102942484844,108.54705439202228,108.47672491431862,107.23866629440602,86.45472918206164,84.43963469235663,83.20640467165713,83.38075788247794,88.70511813795761
120.0,120.0,120.0,120.0,120.0,120.0,120.0,120.0,120.0,120.0,108.55122922363967,108.55122299212262,108.55122468450885,108.55123155425234,108.55123614894868,108.55124181185252,108.55103471312732,108.54705706928225,108.47673082747745,107.23866530156208,86.4547341661958,84.43963314065606,83.20640528942742,83.38075869234314,88.70511717880387
120.0,120.0,120.0,120.0,120.0,120.0,120.0,120.0,120.0,120.0,108.55122039794374,108.55121747089464,108.55121953350447,108.55122711364807,108.55123867348419,108.55123726984849,108.55103518389674,108.54705550952227,108.47672894912976,107.2386675595432,86.45472958977734,84.43963633435948,83.20640344535705,83.38075904402248,88.70511765938244
120.0,120.0,120.0,120.0,120.0,120.0,120.0,120.0,120.0,120.0,108.55121304677654,108.55120826215527,108.55121463060397,108.5512222385693,108.55123432208454,108.55123966115863,108.55103081711458,108.5470563372007,108.47672755223606,107.23866622598922,86.45473298688026,84.43963309307169,83.20640587394612,83.38075756327298,88.70511784769124
120.0,120.0,120.0,120.0,120.0,120.0,120.0,120.0,120.0,120.0,108.55120183536755,108.5512036090542,108.55120565242686,108.55121824301405,108.55122994176112,108.55123560654732,108.5510330968514,108.54705224162885,108.47672869033696,107.2386648272643,86.4547318539058,84.43963502238178,83.2064036910445,83.38075937747959,88.70511671601506
120.0,120.0,120.0,120.0,120.0,120.0,120.0,120.0,120.0,120.0,108.55118749677746,108.55119318778856,108.55120284843508,108.55120981424409,108.55122694154343,108.55123180711126,108.55102946540232,108.54705443578572,108.47672493422637,107.23866631330905,86.45472921294024,84.4396347154957,83.2064046902281,83.38075789326555,88.70511813848941
