0,1,2,3,4,5,6,7,8,9,10,11,12,13,14,15,16,17,18,19,20,21,22,23,24
120.0,120.0,120.0,120.0,120.0,120.0,120.0,120.0,120.0,120.0,105.33447278492429,105.334526899526,105.3345731543133,105.33461053531383,105.33464389848584,105.3346783428721,105.33470342852097,105.33472046955445,105.3347483567483,105.33474588128414,105.3346885393604,105.33441314683074,105.33429128814838,105.333957678063,105.33311650903465
120.0,120.0,120.0,120.0,120.0,120.0,120.0,120.0,120.0,120.0,105.3344401112862,105.33449949603579,105.33454998653062,105.3345940895893,105.33462965831295,105.33466189441566,105.33469629123476,105.33471956227922,105.33473533326371,105.33476232389945,92.78413924577664,105.33458825831895,105.3342604700048,105.33401647755498,105.33297497795331
120.0,120.0,120.0,120.0,120.0,120.0,120.0,120.0,120.0,120.0,105.33436655581802,105.33447293941578,105.33452753740315,105.33457474152496,105.33461727294794,105.33465192579642,105.33468308150219,105.33471712181581,105.33473958801025,105.33476277918422,87.50361566488499,96.82726116783994,105.33443272037735,105.33395581077053,106.53350244890026
120.0,120.0,120.0,120.0,120.0,120.0,120.0,120.0,120.0,120.0,105.33431576763195,105.33438987743334,105.33450587210582,105.33455658772488,105.33460116134687,105.33464285721564,105.3346774160537,105.33470779544214,105.3347414362953,104.57592649980026,86.85617355248613,90.74392506329225,99.33701865834294,105.33414601086452,106.46553585889063
120.0,120.0,120.0,120.0,120.0,120.0,120.0,120.0,120.0,120.0,105.33425869714517,105.3343417166297,105.33442382309732,105.33453917707239,105.3345871336947,105.33462991599662,105.33467148613336,105.33470673991869,105.33473720188849,104.18796611301029,83.69424920700757,90.00246561411296,93.78528625845551,101.10913288700367,106.48466301886893
120.0,120.0,120.0,120.0,120.0,120.0,120.0,120.0,120.0,120.0,105.33435479957876,105.33441139435996,105.33446965067341,105.33452775626276,105.33462017682076,105.33465387352715,105.3346861024471,105.3347207761212,105.2872049047971,104.11338583103803,81.6893580773664,85.90537560954023,93.23789193468588,96.45256586032838,103.47415579482363
120.0,120.0,120.0,120.0,120.0,120.0,120.0,120.0,120.0,120.0,105.33431107896774,105.33436549384827,105.33444008137404,105.33450484778218,105.33456228189331,105.33464977918929,105.33468476907359,105.3347180171206,105.26336737587687,103.83984650715216,81.1506817767411,83.11221841035314,88.80938516957576,96.13860874621842,99.87220093781308
120.0,120.0,120.0,120.0,120.0,120.0,120.0,120.0,120.0,120.0,105.33427289314348,105.33432100554828,105.33439079963509,105.3344762487559,105.33454427134826,105.3345999567148,105.33468261086631,105.3317298341244,105.25791380050573,103.64400934507402,79.91492119776278,82.25461525285422,85.7468893938596,91.76004856427848,99.88445483357714
120.0,120.0,120.0,120.0,120.0,120.0,120.0,120.0,120.0,120.0,105.33421550550392,105.3342910375562,105.33434878237682,105.33442598388254,105.33451788001621,105.3345877087886,105.33464174454748,105.33028220616153,105.23607057507652,103.5758087157192,78.8995868472666,80.37719997974632,84.78330273649782,88.82382723743166,95.97885710109949
120.0,120.0,120.0,120.0,120.0,120.0,120.0,120.0,120.0,120.0,105.33415157960336,105.33423639885014,105.33432423503902,105.33438848688324,105.33446874067721,105.3345644197869,105.33444748447603,105.32985907969197,105.22184993822698,103.45438287578389,78.45173596441781,78.79036604743547,82.45526480342345,87.93883461545823,93.92206331202829
120.0,120.0,120.0,120.0,120.0,120.0,120.0,120.0,120.0,120.0,105.33426312472734,105.33431222945322,105.33436968706896,105.33443801499529,105.33448804364758,105.33455480275249,105.33436613776988,105.32819982870372,105.21662366493123,103.34849319335713,77.85125102008269,77.99882722729684,80.51317535142074,85.38561810592952,93.25213524853582
120.0,120.0,120.0,120.0,120.0,120.0,120.0,120.0,120.0,120.0,105.33421274755028,105.33427337379567,105.33433704667402,105.33440261739199,105.3344787232287,105.33452396521615,105.3343006878331,105.32718477197785,105.20642629085022,103.29476209453514,77.2796146061545,76.99022964227709,79.49640420428415,83.40156307609855,91.07923458134456
120.0,120.0,120.0,120.0,120.0,120.0,120.0,120.0,120.0,120.0,105.38150253170006,105.33422186527228,105.33430067048455,105.33437229122306,105.33444320663766,105.33450906613078,105.33416229820237,105.32675823180531,105.19834939677799,103.23158241806138,76.93371797525053,76.01689530089526,78.15377749167347,82.34374659731766,89.64410942976146
120.0,120.0,120.0,120.0,120.0,120.0,120.0,120.0,120.0,120.0,105.50972649406329,105.36881426839862,105.33425114055743,105.33434006195272,105.33441592572044,105.33447269291729,105.3340837677965,105.32591452654228,105.19422191635721,103.17102578103703,76.58563148295286,75.36894044869078,76.87085737486095,80.851587286814,88.84541632924244
120.0,120.0,120.0,120.0,120.0,120.0,120.0,120.0,120.0,120.0,105.64366457211513,105.46630074339097,105.3595542661186,105.33429415499766,105.33438824517397,105.33444191687985,105.33402201386751,105.3253051555636,105.18896265452265,103.13152252952293,76.24101061287514,74.73030138871529,75.97927657801335,79.48287981973655,87.65244962466217
120.0,120.0,120.0,120.0,120.0,120.0,120.0,120.0,120.0,120.0,105.90296894946574,105.57060613225103,105.43326420483942,105.35287298196218,105.33439752019572,105.33445070123766,105.33396383456757,105.3249821952181,105.18428595037918,103.093740211202,75.98608534764298,74.09848318347768,75.085699574568,78.51971407375753,86.64268033890883
120.0,120.0,120.0,120.0,120.0,120.0,120.0,120.0,120.0,120.0,106.21404839063923,105.7927449277967,105.51347179081513,105.40812219459974,105.34794302274423,105.33441780758291,105.33390611449073,105.32454106482679,105.18126339857355,103.05696845261743,75.75709922423701,73.59852735701746,74.20633337070964,77.52955543833338,85.93314456146574
120.0,120.0,120.0,120.0,120.0,120.0,120.0,120.0,120.0,120.0,106.49643356558998,106.06671921178648,105.70161152809267,105.46929980273644,105.38916112139025,105.34432111254037,105.33385475656296,105.32417373314331,105.1782129430425,103.02872897556844,75.5348078026425,73.14747489257064,73.48885465200635,76.57166429021449,85.18310700872887
120.0,120.0,120.0,120.0,120.0,120.0,120.0,120.0,120.0,120.0,106.83352067807839,106.32527869993352,105.93877870703507,105.62699885516713,105.43543361394451,105.37490216840946,105.34106826810175,105.32392273747256,105.17536147220746,103.00370013711972,75.34974386709533,72.7120651698503,72.83266128525467,75.78641631686948,84.48100294191411
120.0,120.0,120.0,120.0,120.0,120.0,120.0,120.0,120.0,120.0,107.14437212783054,106.65300288689804,106.17138689744685,105.82917925639094,105.56642836318227,105.40962942969354,105.36361813230276,105.32898197173714,105.17320525241206,102.97985810713824,75.18745419470046,72.33406304011521,72.20081932023454,75.06110384986012,83.91313243657345
120.0,120.0,120.0,120.0,120.0,120.0,120.0,120.0,120.0,120.0,107.40112440644742,106.96274834371947,106.48388994511116,106.03529343578288,105.73647961043122,105.5176180076713,105.38950345880714,105.3453658835117,105.17514646073244,102.9597089346642,75.03458058249687,71.99722074766757,71.6420019588982,74.36749254418415,83.38442621219006
120.0,120.0,120.0,120.0,120.0,120.0,120.0,120.0,120.0,120.0,107.64965102859762,107.22766766041406,106.78555717419127,106.32789487406689,105.91651656327576,105.65878978849142,105.47783733990492,105.36436724461664,105.18547782458693,102.94493161020858,74.89934967912792,71.68063779617718,71.13778508557331,73.75363504522129,82.88496949400962
120.0,120.0,120.0,120.0,120.0,120.0,120.0,120.0,120.0,120.0,107.84978983133291,107.49488790098205,107.05336203069676,106.61596881278273,106.1862560555521,105.81420822543741,105.59372183607928,105.43608848850907,105.19814102303353,102.9376954404805,74.78331388600573,71.39398229184309,70.66373680965086,73.19769022161611,82.44833088165363
120.0,120.0,120.0,120.0,120.0,120.0,120.0,120.0,120.0,120.0,108.00613820385803,107.71410146753044,107.33439280651642,106.88151253626523,106.4563647630682,106.0593587370901,105.72646084701177,105.53014203544754,105.25509547109043,102.93435816357392,74.68493139557303,71.13773836091013,70.23017748035782,72.67664819845912,82.05347909784523
120.0,120.0,120.0,120.0,120.0,120.0,120.0,120.0,120.0,120.0,108.14130468632726,107.89040188513582,107.569190443368,107.17106317704193,106.71504945193543,106.30842336893518,105.94642100899466,105.64241063392716,105.33013132729037,102.97013442545358,74.6004101617839,70.9052053643603,69.83664359232357,72.20063850154165,81.6855290738896
120.0,120.0,120.0,120.0,120.0,120.0,120.0,120.0,120.0,120.0,108.2425115596258,108.04720591597385,107.76398771127683,107.41743240055531,107.00780913920075,106.55642000898956,106.17261873091552,105.83750645899748,105.42403609291439,103.0247658851795,74.58184852019484,70.69383106722417,69.47340117894012,71.76754235598577,81.35226088564694
120.0,120.0,120.0,120.0,120.0,120.0,120.0,120.0,120.0,120.0,108.31930609060853,108.16587167662631,107.94177643790019,107.62827885566938,107.26117139910446,106.84713733915943,106.40681094150221,106.04008479187053,105.5953976411885,103.10068567394477,74.60508290746573,70.53721549700776,69.13808695765509,71.36689317973456,81.05031803019956
120.0,120.0,120.0,120.0,120.0,120.0,120.0,120.0,120.0,120.0,108.38125434914957,108.25814065606961,108.07825324755234,107.82595765042103,107.4852995646636,107.10303897942781,106.69086700632825,106.258394042081,105.7755307387244,103.25410473049301,74.67333672268657,70.42042118516821,68.85055723828717,70.99657444947908,80.77183841503262
120.0,120.0,120.0,120.0,120.0,120.0,120.0,120.0,120.0,120.0,108.42574807589467,108.33398950711835,108.1869988261739,107.97988064255902,107.70091852598517,107.33715852056244,106.94495875629522,106.53189516954808,105.9777981046496,103.42626463328301,74.88394125470604,70.34474969236517,68.59938229347567,70.66749326084387,80.51545244466043
120.0,120.0,120.0,120.0,120.0,120.0,120.0,120.0,120.0,120.0,108.45908591834765,108.38895187305958,108.27804967260404,108.10570498469205,107.87132502448547,107.5681076735915,107.18553227513635,106.78039265913473,106.23944862978857,103.62939431456492,75.15933647229602,70.38220970781633,68.38353860172019,70.3694240512444,80.28726740353906
120.0,120.0,120.0,120.0,120.0,120.0,120.0,120.0,120.0,120.0,108.48487428759054,108.43103071640218,108.34477834641723,108.21303550323096,108.01442420256377,107.75350614071006,107.42871906632317,107.02402631496105,106.481882164613,103.90522396330374,75.51205484483081,70.48865038996357,68.25088454205014,70.09978429360623,80.07807237263174
120.0,120.0,120.0,120.0,120.0,120.0,120.0,120.0,120.0,120.0,108.23034681713679,108.46376130112469,108.39669620126952,108.29240908143939,108.13851908385635,107.91339831899938,107.62699028035748,107.27613863403042,106.72805580495891,104.1778755663985,76.0305235170288,70.67092074170299,68.1758150634512,69.88829699292678,79.88605847551912
120.0,120.0,120.0,120.0,120.0,120.0,120.0,120.0,120.0,120.0,107.66832428841298,108.28166305111876,108.43768260748249,108.35553333715556,108.23145457543968,108.0545107334919,107.80285813048236,107.48516632417275,106.98928126848587,104.46567775396734,76.59850640651253,71.00633056538854,68.16190013464308,69.71697513211649,79.7294879833993
120.0,120.0,120.0,120.0,120.0,120.0,120.0,120.0,120.0,120.0,107.523961017039,107.83586719829914,108.31235092596802,108.40597474939011,108.30695508847181,108.16156940362343,107.96071209079759,107.67591474532222,107.21082883272277,104.78471893243136,77.22969103000095,71.42381927265183,68.26863634276613,69.58691477867703,79.59237475677021
120.0,120.0,120.0,120.0,120.0,120.0,120.0,120.0,120.0,120.0,106.57570653839838,107.7186615025221,107.96418674572298,108.32590018428775,108.36800452766134,108.25045614636154,108.08215217999798,107.85004956715339,107.41895753441015,105.07412771954537,77.96954110784766,71.92737349904158,68.45711608283325,69.53976840452204,79.47646804397189
120.0,120.0,120.0,120.0,120.0,120.0,120.0,120.0,120.0,120.0,105.97140039906742,106.86048868945238,107.87160438037496,108.05951009122661,108.32483953406069,108.32321639407463,108.18526983893263,107.98613267658182,107.61297704845052,105.35514111903063,78.70513977395868,72.56604099529036,68.73035626921447,69.55194782395523,79.4084714965826
120.0,120.0,120.0,120.0,120.0,120.0,120.0,120.0,120.0,120.0,105.61906299119207,106.32708726389377,107.10537605290564,107.98929722484752,108.12677091303043,108.31074672088323,108.27057501313428,108.10424464566479,107.76815205483813,105.62931441439356,79.45118297624245,73.26010917972091,69.13457160107114,69.62677080043662,79.36909275248931
120.0,120.0,120.0,120.0,120.0,120.0,120.0,120.0,120.0,120.0,104.71343291826707,105.98641269435822,106.64187560848269,107.31392760184039,108.07732429389202,108.17012710827325,108.28446379970649,108.20318164924643,107.90607366154856,105.86396032852089,80.2187712477782,74.00763259821058,69.62381684064586,69.80244856298407,79.36347258905568
120.0,120.0,120.0,120.0,120.0,120.0,120.0,120.0,120.0,120.0,104.23504253589626,105.08680826850883,106.31412365617346,106.91713650458667,107.48941224494035,108.1401190362909,108.19246065803765,108.24057128270111,108.02381336109566,106.07857676746688,80.93158023909709,74.82387399552681,70.19508384298979,70.05359991717721,79.41788838292726
120.0,120.0,120.0,120.0,120.0,120.0,120.0,120.0,120.0,120.0,103.84090647967508,104.6374682943062,105.43554752629315,106.60377235373518,107.15490402258123,107.63482623562767,108.1808666174341,108.19038107700801,108.08678640757554,106.27123112709774,81.60803658542925,75.64190639315458,70.86835959673344,70.38163936798996,79.51435490062126
120.0,120.0,120.0,120.0,120.0,120.0,120.0,120.0,120.0,120.0,103.20568647007104,104.23041458851574,105.02108201421746,105.7587436769434,106.8576137918923,107.35761590419453,107.7525805833772,108.19668915826573,108.07655469663374,106.40899484044155,82.24746013195158,76.45931698336368,71.59750707252464,70.80904102418272,79.65863455661028
120.0,120.0,120.0,120.0,120.0,120.0,120.0,120.0,120.0,120.0,102.84396242394541,103.56199122588721,104.60320893415803,105.38229271323195,106.05588667530395,107.078000536066,107.52740192631236,107.83953863437034,108.10348814590786,106.47775734138789,82.78278565775656,77.2738901840671,72.37328602932779,71.30910427475025,79.86858338104513
120.0,120.0,120.0,120.0,120.0,120.0,120.0,120.0,120.0,120.0,102.51795855808983,103.20086857398626,103.91298955439959,104.95612717204725,105.71881545171091,106.32707503565476,107.26720464185117,107.66149929793161,107.8143235354932,106.56238540681939,83.18423597551357,78.02521715878788,73.19422638080287,71.87727314546807,80.12782786446984
120.0,120.0,120.0,120.0,120.0,120.0,120.0,120.0,120.0,120.0,102.11601402425589,102.848792389414,103.55955313877472,104.2553275931843,105.28705278836827,106.02914451080794,106.57230061568985,107.42244250171952,107.67989795337095,106.36491926119245,83.57507338986944,78.68208083578833,74.011658762858,72.51717812624099,80.43862302048471
120.0,120.0,120.0,120.0,120.0,120.0,120.0,120.0,120.0,120.0,101.85837170422462,102.40779126924072,103.1829835385987,103.91530631096417,104.58636053046904,105.59478423860308,106.31218018970823,106.78688624186897,107.46503103877191,106.27739068042729,83.469749064855,79.31551265027346,74.79587284238765,73.19591914774149,80.80654773155024
120.0,120.0,120.0,120.0,120.0,120.0,120.0,120.0,120.0,120.0,101.62694253412806,102.13529027422368,102.70864266506835,103.51601003730921,104.2640857560443,104.90405731382828,105.87854763515344,106.5624711951923,106.89071155766536,106.1015347614531,83.46270694411413,79.58168570323788,75.58136774647433,73.89297566948238,81.21187708020565
120.0,120.0,120.0,120.0,120.0,120.0,120.0,120.0,120.0,120.0,101.383627668654,101.87567685233175,102.42599011216836,103.01465289693537,103.84378483141745,104.60226569626344,105.20638432871964,106.13303928970022,106.69736286793758,105.57183607011612,83.28042229477259,79.85910625988396,76.13344739087393,74.62595822618167,81.64636479056114
120.0,120.0,120.0,120.0,120.0,120.0,120.0,120.0,120.0,120.0,101.21260420138805,101.59901419133655,102.13881063691137,102.72685325922961,103.32264211009705,104.16319340493324,104.92668865507322,105.4867757070214,106.27585534667925,105.37293054764126,82.39617225373478,79.97842222552528,76.67505548853977,75.23920021120763,82.1233359355463
120.0,120.0,120.0,120.0,120.0,120.0,120.0,120.0,120.0,120.0,101.06233668846632,101.4084859591471,101.83054360150932,102.41275515350526,103.03412511807215,103.629670738802,104.47136493361675,105.22935671128175,105.65799150700379,104.94541921111427,82.00182637339007,79.49903309715282,77.09465568222545,75.86498250493807,82.53947533279509
120.0,120.0,120.0,120.0,120.0,120.0,120.0,120.0,120.0,120.0,100.91909749856356,101.23423745710953,101.62268747434524,102.07563071116651,102.69397360270851,103.34420500033706,103.93281565716195,104.76063526470877,105.41740570430616,104.29075590131245,81.21393703355317,79.3077604946152,77.04859261469284,76.42167150505954,82.99544991707764
120.0,120.0,120.0,120.0,120.0,120.0,120.0,120.0,120.0,120.0,100.81292615648768,101.06646101094304,101.42403337225366,101.85320069629337,102.33169326542262,102.97916541308786,103.653399202229,104.22373914823834,104.93642984776918,104.00036163957687,79.88741106713631,78.79451404220445,77.15131468611649,76.65386545707244,83.41727298666986
120.0,120.0,120.0,120.0,120.0,120.0,120.0,120.0,120.0,120.0,100.72124727797032,100.94229027370382,101.23059993163568,101.62942497962175,102.09729200594032,102.59586623623076,103.26472964757885,103.95192419612442,104.39986430685255,103.45825237813301,79.17740952397041,77.74600857345959,76.99236252684312,76.97564591713585,83.63572944949566
120.0,120.0,120.0,120.0,120.0,120.0,120.0,120.0,120.0,120.0,100.63917914087541,100.83262360879505,101.08908631813331,101.41098268553189,101.84852255394829,102.35246253485113,102.86524735959262,103.54114567501404,104.12963796348615,102.81999620893478,78.04048897564866,77.12776000564301,76.35374547311139,77.09601786482587,83.94976383601042
120.0,120.0,120.0,120.0,120.0,120.0,120.0,120.0,120.0,120.0,100.57434885047046,100.73334492511293,100.96014964449537,101.25273626608572,101.60619612981795,102.07894007153905,102.61548921892025,103.12982668985492,103.69363966512877,102.46241593429394,76.59570381283216,76.16216754037706,75.98165145414711,76.82868982729869,84.11084007955603
120.0,120.0,120.0,120.0,120.0,120.0,120.0,120.0,120.0,120.0,100.51877375378261,100.65610088596083,100.8423969510538,101.10351008886323,101.43224657308944,101.81454244920397,102.31769566844429,102.87537530044867,103.26460930936624,101.92101433397302,75.66024275422909,74.83597183055619,75.32235783286248,76.72724456202305,84.01611014835454
120.0,120.0,120.0,120.0,120.0,120.0,120.0,120.0,120.0,120.0,100.47362972539477,100.59118443990319,100.7523802098776,100.96672003182904,101.2621456334632,101.62632898786374,102.03364765031137,102.55362653408602,102.99798090662598,101.3514643310356,74.42088164427595,73.89333647713003,74.30366324651892,76.38498881080129,84.061345365104
120.0,120.0,120.0,120.0,120.0,120.0,120.0,120.0,120.0,120.0,100.4363886947127,100.53317541530845,100.67289849011445,100.86180518049532,101.1054739786615,101.43458270986937,101.8324631577433,102.25172405936857,102.64510173737064,100.96543069973184,73.0226985480336,72.7044211642184,73.54300599221247,75.72681951458972,83.90643628853466
120.0,120.0,120.0,120.0,120.0,120.0,120.0,120.0,120.0,120.0,99.32445934069696,100.48739786103981,100.60288162646687,100.76748834865356,100.9857643422901,101.25841098993314,101.6189592514934,102.03835180614,102.31569124126231,100.4784844910393,71.96589420980128,71.29700102286215,72.5770394186819,75.24023914808048,83.5440316094086
120.0,120.0,120.0,120.0,120.0,120.0,120.0,120.0,120.0,120.0,81.192747071677,100.43377591061332,100.54746298430615,100.68399644420143,100.87534991451334,101.12397849037572,101.4238924335604,101.80238396527568,102.08038498072877,99.98908785589113,70.75464999860554,70.15094108959627,71.37825124058209,74.57411542179486,83.31761724446936
120.0,120.0,120.0,120.0,120.0,120.0,120.0,120.0,120.0,120.0,46.11304588220845,100.50364816335536,100.4962953972579,100.61787393658548,100.77726887050865,100.99646422050901,101.27501676489942,101.58838739553995,101.81173640739733,99.610784368705,69.46488254885232,68.88396759057466,70.35953065939427,73.69718443873813,82.93692425714266
120.0,120.0,120.0,120.0,120.0,120.0,120.0,120.0,120.0,120.0,29.843417135806888,102.1045608737888,100.60545540531473,100.560630615291,100.69994805380412,100.88320454208456,101.12968166781084,101.42462548807389,101.56647716205768,99.19168033941394,68.37788460720884,67.49267036468157,69.24104083853408,72.94566211035682,82.42246306536384
120.0,120.0,120.0,120.0,120.0,120.0,120.0,120.0,120.0,120.0,31.650165817782508,103.64411446553996,102.76933271021032,100.66549582703432,100.63102378554457,100.79321785539578,101.00040935912858,101.25979357210538,101.37574348358454,98.77904340461298,67.24107179903194,66.25083603968231,67.9864678649929,72.10514178902238,82.00744299661218
120.0,120.0,120.0,120.0,120.0,120.0,120.0,120.0,120.0,120.0,32.830185109944914,102.52470745807166,105.06849720662024,102.88131941663755,100.7155080107088,100.71187757619026,100.89749750354981,101.11331955780058,101.17907577144801,98.43151896355418,66.07174585896153,64.97461644196584,66.83277518733571,71.14318319109445,81.51472830591217
120.0,120.0,120.0,120.0,120.0,120.0,120.0,120.0,120.0,120.0,22.258784123434133,100.01696463572635,104.69166171425552,105.21869599772263,102.74448229569913,100.76711336329211,100.8025262110533,100.99603220600741,101.00145813295813,98.07628584685376,65.01460562847825,63.636785113814355,65.6529772247431,70.25456270288808,80.94866560792757
120.0,120.0,120.0,120.0,120.0,120.0,120.0,120.0,120.0,120.0,10.343779217998078,98.32033389784898,103.07192993657,105.1987639013557,104.86706725241353,102.51326892481669,100.82542590748436,100.88537121889982,100.85617546892007,97.73075953252497,63.959932884081425,62.374830410008265,64.40620896956914,69.34385756710799,80.44362520711627
120.0,120.0,120.0,120.0,120.0,120.0,120.0,120.0,120.0,120.0,27.25875164381225,99.03264558430743,101.86009706315625,104.28006055194184,105.05444435096382,104.32681273673585,102.26665031032651,100.87483148319761,100.71607092789594,97.42326333061527,62.89982999312856,61.11900007813836,63.209049182613605,68.37750722054399,79.91889304642137
120.0,120.0,120.0,120.0,120.0,120.0,120.0,120.0,120.0,120.0,24.36958592281532,99.92438061135593,102.56210659147874,103.55135651496045,104.69814518584025,104.62509716170345,103.7464153375829,102.02466564152041,100.65950536934642,97.12194966611855,61.90023260036329,59.84134556266222,62.02058377780841,67.45103628879808,79.36405043400933
120.0,120.0,120.0,120.0,120.0,120.0,120.0,120.0,120.0,120.0,19.22312665520875,96.13813592528986,103.4441896732324,104.15460671373384,104.39480430000758,104.71531713458056,104.0879205823762,103.18354755144486,101.53752924207181,96.88576793394918,60.92019570497939,58.60074855229169,60.81041625998729,66.53616985721361,78.84534141794754
120.0,120.0,120.0,120.0,120.0,120.0,120.0,120.0,120.0,120.0,10.008804075398052,94.77704356518525,100.48500726179284,104.82291992497127,104.91331208020641,104.76083850809074,104.5114789629621,103.51939784638652,102.40443531946553,97.4029377668931,60.01163189071136,57.37755665593329,59.6264336595941,65.60894039378627,78.33643788420751
120.0,120.0,120.0,120.0,120.0,120.0,120.0,120.0,120.0,120.0,10.0076834742632,95.59891083875567,99.3660109196711,102.4675010499087,105.41212266397362,105.22330090265864,104.824234985574,104.16830135434927,102.69873925789466,97.9644159129522,59.98820115174607,56.18842163262428,58.46224521006747,64.70823746408173,77.82553987739088
120.0,120.0,120.0,120.0,120.0,120.0,120.0,120.0,120.0,120.0,12.469019077364168,96.8980935223159,99.96941817719679,101.70182232547971,103.52231313972624,105.62424233375012,105.2567199330169,104.6672652266651,103.47179101727585,98.14650274102277,60.13467988379845,55.47665210735074,57.31969196183053,63.831669768024554,77.33982914215854
120.0,120.0,120.0,120.0,120.0,120.0,120.0,120.0,120.0,120.0,10.013155737273602,96.46351501209237,100.8969544477341,102.10547786198157,103.06938427924443,104.12247771438479,105.62244501060535,105.08775462309458,104.08921962501012,98.95008846876294,59.89586178044922,54.85764035700681,56.42662599817825,62.97649017498492,76.87465065304289
120.0,120.0,120.0,120.0,120.0,120.0,120.0,120.0,120.0,120.0,10.008278170697393,94.9521682273912,100.75013365523664,102.59600612619639,103.32563655101961,103.92641504460987,104.46271550631074,105.46647832165537,104.51059794974003,99.73134474751181,60.67054784124062,53.995164234771785,55.55757194006891,62.26191982170046,76.42816631446846
120.0,120.0,120.0,120.0,120.0,120.0,120.0,120.0,120.0,120.0,10.00677216763354,94.3259855546559,99.83584722890414,102.49213654694351,103.46637417741356,104.07283316882913,104.46828059079533,104.61319786270353,104.93676492057891,100.22347071965437,61.84156972692633,53.7856264234756,54.510618764962544,61.54180285794669,76.0668678938706
120.0,120.0,120.0,120.0,120.0,120.0,120.0,120.0,120.0,120.0,10.007063440460566,93.816822835371,99.4622781035015,101.91501515060052,103.36538119386188,103.96102667920053,104.53789482346774,104.77269841236877,104.36850339537065,100.78868563372627,62.628629990888065,54.02830812632822,53.823828111635564,60.69659828759575,75.67947997749522
120.0,120.0,120.0,120.0,120.0,120.0,120.0,120.0,120.0,120.0,10.005813970506518,93.34275569628099,99.06210955528562,101.69453940251387,102.99306648196188,103.86908732991303,104.26003347719842,104.79770852469665,104.64482147044914,100.61388996487707,63.58755612081486,54.10243673840741,53.45037086077102,60.05284470295178,75.20552945425558
120.0,120.0,120.0,120.0,120.0,120.0,120.0,120.0,120.0,120.0,10.006292627383743,92.81453052928428,98.6214718844332,101.33830561836479,102.85242268999556,103.62197680555826,104.19298634162789,104.42686419830657,104.66520949349075,101.04492802992871,63.89271863941258,54.320244654471985,52.983596388130984,59.58619015852398,74.85874296646914
120.0,120.0,120.0,120.0,120.0,120.0,120.0,120.0,120.0,120.0,10.008179664776469,86.50836303387692,98.21725752360855,100.94217203275396,102.53324489592846,103.51406883495429,104.02142594342588,104.40067797047861,104.26834861150579,101.21016361280934,64.86475265869412,54.41870503294241,52.5911174617716,59.036008737137315,74.59384620512296
120.0,120.0,120.0,120.0,120.0,120.0,120.0,120.0,120.0,120.0,10.010399210273139,72.24473955938697,97.85310107695406,100.59735840889967,102.17696519882145,103.22838816450964,103.91467106113227,104.27240442056875,104.29468849662592,100.87357835632102,65.55216918409678,54.96810278397441,52.24308802074302,58.51209636054527,74.24888789219591
120.0,120.0,120.0,120.0,120.0,120.0,120.0,120.0,120.0,120.0,10.011829332188338,54.24174810795521,98.28086999563504,100.2656219603652,101.87725180964595,102.91138188290637,103.66283183810053,104.14992500145358,104.20037243090543,100.98011709004723,65.31124058875675,55.479929098889336,52.208799374898014,58.042631537451086,73.91046966315068
120.0,120.0,120.0,120.0,120.0,120.0,120.0,120.0,120.0,120.0,10.006854339556345,59.15370462606173,99.26287190881294,100.76612147677112,101.56546904429024,102.64850795271609,103.38387073768025,103.93441140258727,104.05818114682478,100.99764035291088,65.62173076097778,55.411495779752094,52.24225239878319,57.76834044380325,73.59892808872135
120.0,120.0,120.0,120.0,120.0,120.0,120.0,120.0,120.0,120.0,10.008195372326677,62.4432792447217,100.12677369025968,101.91381592051057,101.99634527295336,102.35031271943065,103.14950023658604,103.69048664584224,103.88158280615909,100.84393045644029,65.96598062969035,55.63056312300073,51.99370595531199,57.55536169085332,73.40673409592819
120.0,120.0,120.0,120.0,120.0,120.0,120.0,120.0,120.0,120.0,10.010606739917115,63.291321453123814,97.47197552896075,103.0541623542217,103.01172099927727,102.68630132845217,102.86507774537272,103.47799617696029,103.67332873996479,100.70070032112129,65.85579782492024,56.0059456299178,51.92265090417048,57.20021173443753,73.23664534292323
120.0,120.0,120.0,120.0,120.0,120.0,120.0,120.0,120.0,120.0,10.012785585388114,50.13443210322935,95.80364763210058,101.19457897966664,104.06155607728958,103.51144274332667,103.10875273991735,103.20857237499817,103.47523525483268,100.54217981319948,65.6971900493278,56.05143917506401,52.03812579832309,56.97316200893595,72.97521528076486
120.0,120.0,120.0,120.0,120.0,120.0,120.0,120.0,120.0,120.0,10.013812330470502,37.269355480287786,95.84503451932794,99.9269189675268,102.72575827838712,104.39695192781996,103.74569739117676,103.37177309269242,103.22056449925957,100.34270817867922,65.56615838982832,55.999557057746145,51.99651894417828,56.90109338310507,72.80916422533964
120.0,120.0,120.0,120.0,120.0,120.0,120.0,120.0,120.0,120.0,10.008018500826175,48.625490242080765,97.90519677499647,99.86681578623676,101.88813142823584,103.4233093682851,104.4567389592861,103.84079121416399,103.31643360232742,100.07235077618324,65.30268942382418,56.00250001796013,51.892618499053654,56.7587608639672,72.73924080401552
120.0,120.0,120.0,120.0,120.0,120.0,120.0,120.0,120.0,120.0,10.009975630108347,51.38101011472419,99.04787645752052,101.50332841136269,101.84796230233964,102.94040614139581,103.74229487819416,104.38746217471797,103.6426513684724,100.08014577230162,64.85660015911323,55.912044138630506,51.86361165156955,56.5964426245493,72.62336400279585
120.0,120.0,120.0,120.0,120.0,120.0,120.0,120.0,120.0,120.0,10.013094759479392,50.13524242092171,95.55575328379963,102.60899456352759,103.01626322081502,102.94810290711885,103.53418238434583,103.86251682624612,104.04398437659906,100.27514426467675,64.71956460996381,55.65393993693931,51.8133319362965,56.51394996559564,72.50578999419348
120.0,120.0,120.0,120.0,120.0,120.0,120.0,120.0,120.0,120.0,10.015229041804893,34.61254411901829,93.69545667939654,100.21494104333027,103.8724277047394,103.74620297300567,103.5860214587683,103.85402682942942,103.6572476666098,100.53893897190315,64.83638428449663,55.51670072972906,51.66781440875243,56.447646063600395,72.44776853069045
120.0,120.0,120.0,120.0,120.0,120.0,120.0,120.0,120.0,120.0,10.016110515702485,24.304050659526848,94.33718962021332,98.818017951632,102.1452859688473,104.38084394013283,104.10766852676193,103.93706935041865,103.77970145692143,100.2522456838915,65.029392339347,55.500411711371385,51.57377308296919,56.34371531140118,72.40593587141552
120.0,120.0,120.0,120.0,120.0,120.0,120.0,120.0,120.0,120.0,10.009018367873333,38.69022321495605,97.23464584315965,99.15231231013546,101.2321120349414,103.09292515535361,104.57583193289642,104.25850679022236,103.88137637633693,100.4351486688361,64.62828732183705,55.47375972893504,51.535047537404246,56.28165921899529,72.34994041365572
120.0,120.0,120.0,120.0,120.0,120.0,120.0,120.0,120.0,120.0,10.011382971637124,40.25620523993977,98.62247148217958,101.26556240085714,101.43762272731036,102.55657158136817,103.60066154085156,104.61092937219838,104.06201365776992,100.58571100586956,64.87910295895352,55.140128810020656,51.45150230333751,56.25653165721824,72.32903448253944
120.0,120.0,120.0,120.0,120.0,120.0,120.0,120.0,120.0,120.0,10.016154976024628,39.49831569278273,94.49377809367347,102.49527106253183,102.86231540687876,102.69766299525081,103.3411556727076,103.87132054000874,104.33955896718825,100.65964712112165,65.2176083414382,55.20274242540605,51.19455517053028,56.19178426839335,72.32959423001228
120.0,120.0,120.0,120.0,120.0,120.0,120.0,120.0,120.0,120.0,10.022928650193576,27.03021233545976,92.23113738120738,99.89817923936198,103.78269924203673,103.6191710170088,103.4416934809744,103.80417938205721,103.78643204686136,100.89308464203467,65.25145834196373,55.42400641169557,51.149118184653,56.02440468671942,72.29847932236916
120.0,120.0,120.0,120.0,120.0,120.0,120.0,120.0,120.0,120.0,10.031106568021361,19.983712891110176,92.81687709641783,98.29556906612298,102.02129998702536,104.28388480310383,104.00254364016092,103.87580309877134,103.84039483536142,100.5307421677864,65.51264550976033,55.390830947160765,51.23875023070392,55.9751893859984,72.20381567869532
120.0,120.0,120.0,120.0,120.0,120.0,120.0,120.0,120.0,120.0,10.01298251650287,32.762669793178496,95.74607492054075,98.49207293181308,101.01599930333931,103.0320591622043,104.47755109933502,104.18232537348469,103.89337977998076,100.63833679734286,65.19790666316318,55.43861135076137,51.16785162148735,56.01219906206048,72.19019639787366
120.0,120.0,120.0,120.0,120.0,120.0,120.0,120.0,120.0,120.0,10.015609092616115,30.016629326200537,97.18373004816662,100.41209185159512,101.08638068407117,102.46166750253865,103.56423783650624,104.52388089689649,104.02726172484446,100.71352853370945,65.41137374573758,55.29096245035946,51.09753757241962,55.943616758056315,72.22102799482845
120.0,120.0,120.0,120.0,120.0,120.0,120.0,120.0,120.0,120.0,10.015921187537007,24.61560003129001,93.38275690272866,101.56374666574989,102.28025863540152,102.48611115219812,103.29727302168315,103.84870810109096,104.27921044604787,100.72197950152679,65.63450310926208,55.44156381202415,50.97625147338495,55.85669536705948,72.17571949410986
120.0,120.0,120.0,120.0,120.0,120.0,120.0,120.0,120.0,120.0,10.013494668743078,10.110529250698786,91.97386677637185,99.25858672490845,103.08614436242851,103.19511655420709,103.3011368492884,103.78244776413727,103.78022605781395,100.91294890059889,65.5619537294083,55.649175890363395,51.02957839710311,55.75818284691044,72.11760657691107
120.0,120.0,120.0,120.0,120.0,120.0,120.0,120.0,120.0,120.0,10.010449310968994,10.018472824196527,93.36955929836328,98.39451422135024,101.54758376642708,103.74112214688476,103.68409428419545,103.77494127130893,103.83343223035708,100.5801463676059,65.74827352584434,55.59387347933029,51.147955925090244,55.76334811041608,72.05350209077339
120.0,120.0,120.0,120.0,120.0,120.0,120.0,120.0,120.0,120.0,10.009821961420682,27.912298018347823,96.98778286209753,99.25928433700088,101.11247387147567,102.65023514980807,104.04963483164008,103.9401945392551,103.82056254366961,100.67662911474899,65.44327125080827,55.63445627317883,51.10205445994855,55.814654375257675,72.06013023256615
120.0,120.0,120.0,120.0,120.0,120.0,120.0,120.0,120.0,120.0,10.006255229293284,21.234866751280716,97.67688214127821,101.610061015349,101.69039621359431,102.50296958549715,103.24685571794326,104.18646020838146,103.84494549836131,100.68685729740649,65.62368128098429,55.51059130113,51.06961895195303,55.766647818363246,72.08923786896045
120.0,120.0,120.0,120.0,120.0,120.0,120.0,120.0,120.0,120.0,10.004661543008574,10.700502461198397,91.76559375066974,102.34294428489773,103.22408751198942,102.90845292556276,103.28302281591236,103.58209041487643,104.0152315590535,100.60363693100672,65.73577871971305,55.653038094877836,50.996078007581055,55.7153662899311,72.05052758797154
120.0,120.0,120.0,120.0,120.0,120.0,120.0,120.0,120.0,120.0,10.004162225179705,10.00559554514101,90.82087402132034,98.81790609597434,103.81749618574649,103.91188150334955,103.57043100740873,103.72405729741396,103.55519687313334,100.71507810863878,65.52571902433665,55.79938606453058,51.07286771305729,55.658582985241324,72.01142157382783
120.0,120.0,120.0,120.0,120.0,120.0,120.0,120.0,120.0,120.0,10.003521564447476,10.004991444116941,94.26398546898224,98.19591957651078,101.5262963754244,104.37423422835242,104.21364361364671,103.9245713110757,103.74334783467457,100.38269188436335,65.58146997705187,55.67079173352662,51.1806774882139,55.69072770998253,71.97159514114406
120.0,120.0,120.0,120.0,120.0,120.0,120.0,120.0,120.0,120.0,10.00511564103758,23.254468557663827,95.64302130463219,100.23126280284359,101.28124004614514,102.81510395939456,104.57560883901505,104.3180690907298,103.8799092271402,100.54819532575445,65.21767994967462,55.644070038339926,51.11919782313993,55.749940372199326,71.99331255097404
120.0,120.0,120.0,120.0,120.0,120.0,120.0,120.0,120.0,120.0,10.003388983790366,10.16654690154894,95.18742148646436,100.93943462911915,102.56016240289021,102.84904099932349,103.49381808333035,104.60821529731237,104.10123028243812,100.65713354290058,65.40674508392718,55.472576521044644,51.07915395523915,55.71031836290436,72.02713884291282
120.0,120.0,120.0,120.0,120.0,120.0,120.0,120.0,120.0,120.0,10.00290635249241,10.006412973323103,90.09374606801858,100.99021987937155,102.81454284361101,103.6855104313342,103.71411509237734,103.85464986238618,104.34164984432657,100.74487746151897,65.58193661913411,55.5783365125652,51.002765306611444,55.676477785663366,71.99667705395801
120.0,120.0,120.0,120.0,120.0,120.0,120.0,120.0,120.0,120.0,10.002732878259936,10.003598613504636,91.70781442017166,97.87358693462646,103.01050264428537,103.65297538965807,104.26812297664348,104.1852693341738,103.82133501328539,100.95548406317208,65.57674221407666,55.70351107457484,51.06657482283096,55.640360140241015,71.97446682615212
120.0,120.0,120.0,120.0,120.0,120.0,120.0,120.0,120.0,120.0,10.002671181721087,10.003475629684926,93.0351920964028,98.88491997979563,100.96876326632248,103.91017884419038,104.06051489352231,104.55071939621192,104.2009119921362,100.63612567517035,65.81322422318186,55.640168511836656,51.15139052843512,55.6827241886886,71.9548784373602
120.0,120.0,120.0,120.0,120.0,120.0,120.0,120.0,120.0,120.0,10.002689839971646,10.00989479914001,93.18113767559782,99.45929319605415,101.741444129533,102.51306792698603,104.35665957088204,104.24637904835342,104.4433610340793,101.01071552601455,65.55924730794577,55.69813246485745,51.09899959229214,55.73843649220851,71.98934033175308
120.0,120.0,120.0,120.0,120.0,120.0,120.0,120.0,120.0,120.0,10.002385359759627,10.004167240404291,92.53342098797748,99.5080994051893,101.91940275403306,103.15151490700015,103.37567551264591,104.5735833271564,104.09904994993362,101.22601240058655,66.12667945994959,55.60603722632152,51.078236759940474,55.703274087739636,72.02533805136983
120.0,120.0,120.0,120.0,120.0,120.0,120.0,120.0,120.0,120.0,10.002371472828768,10.003307553700632,91.6472770571168,99.31479727767935,101.84462685558664,103.11968029965321,103.91212140363321,103.87197039164802,104.4487327193269,100.872651769573,66.55183215200562,55.96511762008929,51.0247498467381,55.67145689878171,71.99881056292136
120.0,120.0,120.0,120.0,120.0,120.0,120.0,120.0,120.0,120.0,10.002601668515005,10.002949489815752,91.05268493227447,98.82520837631483,101.8400142928386,102.95653397048874,103.77237998509483,104.31727136490575,103.94465542067003,101.227747831989,66.04971271085793,56.29555872289104,51.20979875850287,55.63365320208237,71.97410760572247
120.0,120.0,120.0,120.0,120.0,120.0,120.0,120.0,120.0,120.0,10.003106554968939,10.00282419019601,90.80212613833116,98.39948809342935,101.53093676362789,103.05321725668779,103.55626930843701,104.13240716944618,104.3017247502513,100.94319621640882,66.53682882874745,56.021436964710915,51.403160797398755,55.72439448616778,71.94677879086949
120.0,120.0,120.0,120.0,120.0,120.0,120.0,120.0,120.0,120.0,10.002259230006032,10.002590786166976,90.67545326585994,98.1647832805627,101.20870375808839,102.82932311069939,103.71465238452339,103.89157622261502,104.11419940012621,101.18005128744463,66.47617090464593,56.281837147848215,51.25196297248559,55.81862525543481,72.00097634556245
120.0,120.0,120.0,120.0,120.0,120.0,120.0,120.0,120.0,120.0,10.002657868819448,10.002457659901815,90.46059764195374,97.99224835576966,101.0073747520355,102.57036564032782,103.52619678595129,104.08712136374895,103.87125330707231,101.0459020839204,66.75568329563471,56.4494209410768,51.352728392335464,55.71035411162896,72.04229488076503
120.0,120.0,120.0,120.0,120.0,120.0,120.0,120.0,120.0,120.0,10.003250277521037,10.0025446659677,90.12828213821784,97.80205416969966,100.82091465787688,102.41123316925629,103.30925598342083,103.90883497623884,104.08279292879709,100.80339388043969,66.66279361353672,56.669115535141714,51.510492622490624,55.73435263361727,71.95350873585275
120.0,120.0,120.0,120.0,120.0,120.0,120.0,120.0,120.0,120.0,10.003820255053586,10.00312394294297,87.37611281785937,97.56769114943842,100.63333061069314,102.22064724790195,103.19391679583158,103.72118453064539,103.90719356720138,101.01319699908179,66.31833490518517,56.69789735551331,51.66220114587582,55.82481037001815,71.95825544145194
120.0,120.0,120.0,120.0,120.0,120.0,120.0,120.0,120.0,120.0,10.004259639940779,10.003882555873446,77.70974896361258,97.29575685304222,100.4351583881817,102.0344718431094,103.00295478579444,103.64803484216584,103.73824764661518,100.86393228558731,66.62889163199031,56.55258567408748,51.713479883431965,55.89914139045216,71.99977945666377
120.0,120.0,120.0,120.0,120.0,120.0,120.0,120.0,120.0,120.0,10.003215135170437,10.002648350838868,75.90543118036116,97.36909124714465,100.21103541997535,101.85742174162083,102.82068272589008,103.4577755971435,103.70211009679223,100.66867319252134,66.50856682512075,56.7888979284303,51.676038979558506,55.91860046025378,72.02906633986767
120.0,120.0,120.0,120.0,120.0,120.0,120.0,120.0,120.0,120.0,10.003695304777143,10.003114253142916,71.45688144677112,98.22647702300705,100.32233954990409,101.65542404817839,102.65984653059432,103.28162883684773,103.513689169827,100.65550522696287,66.1556136848097,56.82528687409457,51.84592508212877,55.89916892628126,72.02224921399612
120.0,120.0,120.0,120.0,120.0,120.0,120.0,120.0,120.0,120.0,10.004051141788441,10.003720239399437,66.50717880640659,97.33965918633578,101.23660248650378,101.74634823071618,102.46985444466303,103.13682451012795,103.34120805235229,100.4712739070404,66.12481159330447,56.62807896595365,51.940794496126,56.00324097034727,71.9977374147719
120.0,120.0,120.0,120.0,120.0,120.0,120.0,120.0,120.0,120.0,10.004393651953873,10.004222134994812,55.65021367050621,97.23019833243252,100.63139637526722,102.53439056025911,102.5278530640313,102.95310183316272,103.21079726800303,100.25904367247736,65.87765254177792,56.62923522272739,51.875128783408975,56.07757474187583,72.05740229768801
120.0,120.0,120.0,120.0,120.0,120.0,120.0,120.0,120.0,120.0,10.004883824027182,10.004560242901823,47.99190552975325,97.41505416767707,100.72896977310914,102.06361651321559,103.16648816553202,102.97735350365078,103.02889285182181,100.11202144687574,65.46494464225415,56.542301454185136,51.91460074901128,56.05504902714385,72.093411483741
120.0,120.0,120.0,120.0,120.0,120.0,120.0,120.0,120.0,120.0,10.00395704517084,10.002873218299293,57.389740526432774,98.33644799514931,101.05212554616004,102.2563157149267,102.76914473447535,103.47639534059579,103.01763851750643,99.90286095940023,65.150430444981,56.28291493401514,51.9385528288555,56.0994025845293,72.07411578971764
120.0,120.0,120.0,120.0,120.0,120.0,120.0,120.0,120.0,120.0,10.0047102963371,10.00339836587107,61.768904087660864,98.49098015030097,101.96752248846093,102.60508825316566,103.01008589202817,103.1230726593215,103.39271658552356,99.80917616307312,64.7525616997725,56.05623465905981,51.846014403698625,56.15283262932827,72.10570179052397
120.0,120.0,120.0,120.0,120.0,120.0,120.0,120.0,120.0,120.0,10.005095811016774,10.004293385875851,61.46108781621506,95.55944874934455,102.35602934681668,103.3648808286391,103.35439946345888,103.38451974139974,103.0688876504247,100.04440002479963,64.43140868481152,55.78502694062069,51.756531484435286,56.139311272200814,72.14405748236555
120.0,120.0,120.0,120.0,120.0,120.0,120.0,120.0,120.0,120.0,10.005310520133511,10.005143206414298,49.24466788492696,94.26178724104136,100.24495252384386,103.77547433812627,103.95648923667213,103.7089742726619,103.32439972931365,99.72816704675353,64.53377265466744,55.50352052436447,51.65173491352236,56.13126783760275,72.14633038512052
120.0,120.0,120.0,120.0,120.0,120.0,120.0,120.0,120.0,120.0,10.00570339634334,10.005637854581751,38.07130063024774,94.90634065511732,99.15235022278635,102.24005373799342,104.35001880635959,104.17062765936859,103.619990776877,99.90157247929575,63.99445699194054,55.419886600110566,51.51999031396983,56.12638090926414,72.16111479868242
120.0,120.0,120.0,120.0,120.0,120.0,120.0,120.0,120.0,120.0,10.004694507307251,10.003443703030976,46.57555316857758,97.05821428533052,99.44525702721883,101.47131888407694,103.22528639360124,104.53962413817389,103.96180428390157,100.18457933704403,64.00435368411208,54.99335521318644,51.45930570962871,56.105094028573674,72.18332341166537
120.0,120.0,120.0,120.0,120.0,120.0,120.0,120.0,120.0,120.0,10.00567720684609,10.003990884846134,49.24478794679258,98.21865698574594,101.03071389446441,101.60841102009981,102.73857505579065,103.72166118502605,104.3042840550492,100.42312294585851,64.35907436918224,54.80927639199577,51.21328692328552,56.11214420586925,72.20007657799957
120.0,120.0,120.0,120.0,120.0,120.0,120.0,120.0,120.0,120.0,10.006168132652077,10.00494912309854,49.245874613759646,95.30119102748617,102.1149117590701,102.66683009145403,102.80289698878107,103.4581255346556,103.72534097168739,100.74325801130847,64.58828292542415,54.90715146523881,51.05074588621556,56.01300876254465,72.23404574118335
120.0,120.0,120.0,120.0,120.0,120.0,120.0,120.0,120.0,120.0,10.006300636244802,10.005912430023603,39.179344548238475,93.6243705585491,100.27133326122971,103.4974573631235,103.47100404685271,103.48915345584417,103.62464405615998,100.39572249897583,64.97261060613818,54.91055150539835,51.05321784754346,55.9439356530112,72.19891692870532
120.0,120.0,120.0,120.0,120.0,120.0,120.0,120.0,120.0,120.0,10.006535514999452,10.00657444594095,30.54070561692506,93.98757941511911,99.1005716846583,102.24033888355866,104.0795240075603,103.87918042167439,103.64517643855444,100.40190812360889,64.70223333691654,54.976586122075865,50.98437301995838,55.96383609839277,72.18875017684618
120.0,120.0,120.0,120.0,120.0,120.0,120.0,120.0,120.0,120.0,10.00557693523903,10.003954459727472,40.22562252900661,96.14692005784255,99.20356316638642,101.51421067982018,103.17771592093241,104.31790371622536,103.8453590318445,100.45921462028888,64.82091024733371,54.80938046944063,50.90257687024136,55.92223011449694,72.2269042575552
120.0,120.0,120.0,120.0,120.0,120.0,120.0,120.0,120.0,120.0,10.006338079412595,10.004747039496234,41.30495158957261,97.43687476086642,100.66707266214253,101.55018501104419,102.77295725441999,103.6506922226896,104.16230239800291,100.52601856463068,65.03521328476025,54.891543450754,50.73787652954548,55.84195476500893,72.21245402075992
120.0,120.0,120.0,120.0,120.0,120.0,120.0,120.0,120.0,120.0,10.006560570235315,10.005959660276977,39.736867683912365,94.37916571320181,101.74457250523089,102.49098954927078,102.79458622482944,103.4681640664461,103.66423078265301,100.75683714653465,65.05615157781571,55.090392100768305,50.732356537198164,55.718604167543006,72.16576761353429
120.0,120.0,120.0,120.0,120.0,120.0,120.0,120.0,120.0,120.0,10.00677790444667,10.006798621787967,29.200772878534607,92.79325534024174,99.84651468148795,103.27970075415139,103.37715347173618,103.48846292692288,103.6238756915649,100.41788998313058,65.28523235864591,55.0940479869624,50.834873166651725,55.6894335248604,72.08987062201265
120.0,120.0,120.0,120.0,120.0,120.0,120.0,120.0,120.0,120.0,10.007496817923032,10.006939482533449,22.745977484321763,93.38700197313473,98.78617809880876,101.99012892561169,103.94201460371154,103.82432667192325,103.64590292128476,100.44521261553194,64.95647975221164,55.151270348902784,50.8176026145058,55.73268303809235,72.07846204537336
120.0,120.0,120.0,120.0,120.0,120.0,120.0,120.0,120.0,120.0,10.006079122560207,10.004398941510983,34.22651574565129,95.82649030589968,99.06039796798032,101.35808507152578,103.01496365862089,104.22834282758879,103.81408939904104,100.49485482178312,65.04911238592321,54.991550777526164,50.7876449207823,55.70219627837661,72.1073654528607
120.0,120.0,120.0,120.0,120.0,120.0,120.0,120.0,120.0,120.0,10.007326406672433,10.005077754379588,34.934295527849756,97.09945682822219,100.65705082697528,101.51456851128579,102.68230141838426,103.53993299009171,104.10586332552911,100.5370540373998,65.22150732528952,55.07256773713763,50.67836988912447,55.65043907155811,72.08310564908064
120.0,120.0,120.0,120.0,120.0,120.0,120.0,120.0,120.0,120.0,10.008066349887807,10.005994087786021,33.46241067811311,93.59602284344298,101.69236340913163,102.52804255554005,102.78705693896912,103.40967344017305,103.5889887245778,100.74575103713343,65.19783616521217,55.25090003091077,50.7091210798615,55.567268363900034,72.04410624985809
120.0,120.0,120.0,120.0,120.0,120.0,120.0,120.0,120.0,120.0,10.00809169231835,10.006593032142055,24.07077925371447,91.84126538464112,99.58450836962228,103.28295763408816,103.41383805181871,103.48575836373396,103.58444197301061,100.38417760251251,65.39102678390675,55.23510202980874,50.82625750877408,55.569030145585884,71.98725799728749
120.0,120.0,120.0,120.0,120.0,120.0,120.0,120.0,120.0,120.0,10.007468319126978,10.006828735040846,19.45842813064589,92.49317152406853,98.4149078347567,101.88728322378762,103.95728410253336,103.85013186973588,103.64225939122076,100.4285046240904,65.01785893848518,55.28193201567475,50.8207016347852,55.63095071391479,71.99107461682769
120.0,120.0,120.0,120.0,120.0,120.0,120.0,120.0,120.0,120.0,10.00701073182367,10.004509442096808,29.159004311685873,94.97801417324268,98.66641167405,101.18850727034419,102.97842232289722,104.24334629579576,103.82889177150842,100.49725786058174,65.10700976775601,55.10344932645323,50.80733339776693,55.61878407978846,72.02914143940679
120.0,120.0,120.0,120.0,120.0,120.0,120.0,120.0,120.0,120.0,10.007152421105037,10.004995112863556,28.953418649197385,96.13982803525171,100.19309752715256,101.29938405968596,102.60512329882836,103.53450579856182,104.117495564634,100.54861931563335,65.28338262551159,55.17867037734338,50.70887482211306,55.58934987738081,72.01545149207512
120.0,120.0,120.0,120.0,120.0,120.0,120.0,120.0,120.0,120.0,10.005944065834974,10.005499008052734,25.870009085682828,92.97234307250987,101.10405025132845,102.21504763149633,102.6589216167335,103.37999884364532,103.59867954153677,100.75890651518336,65.25443474149837,55.35165450144474,50.751392856476684,55.525597334353634,71.99061008903351
120.0,120.0,120.0,120.0,120.0,120.0,120.0,120.0,120.0,120.0,10.004657550245724,10.00537394126357,15.498687752463775,91.422537296467,99.26528958485433,102.85290642332247,103.18720416016865,103.40685865324507,103.58028601217,100.40715291603374,65.4458487797835,55.321953658561526,50.87586224749773,55.54577819064059,71.94680386936813
120.0,120.0,120.0,120.0,120.0,120.0,120.0,120.0,120.0,120.0,10.003831462103866,10.004670119030495,10.091269305592423,92.36328655649089,98.2823606211,101.66175298045341,103.62554662988035,103.68201242542986,103.59368763211205,100.44564849805388,65.09588164723623,55.360676899731985,50.86794637264214,55.62186325909628,71.96335411019685
120.0,120.0,120.0,120.0,120.0,120.0,120.0,120.0,120.0,120.0,10.003275355756301,10.003351365374916,24.786202900179884,95.28638279179944,98.75731045792205,101.09787540049086,102.80064532879746,103.98350357592297,103.70362898537131,100.4742523041609,65.18920230275955,55.1970856080816,50.85290158680511,55.61591651353307,72.01102260403994
120.0,120.0,120.0,120.0,120.0,120.0,120.0,120.0,120.0,120.0,10.002877177840551,10.002822208032535,20.38996880555573,97.06187515866165,100.5618462343341,101.3769482119971,102.5132887024299,103.38889176991435,103.91335524691758,100.45810570220294,65.31121049519243,55.28230185525109,50.766494830899035,55.5911340224315,72.00162839575584
120.0,120.0,120.0,120.0,120.0,120.0,120.0,120.0,120.0,120.0,10.002478517114296,10.002428763456916,14.614569744975181,92.5789860661974,101.89059888432149,102.50584698040316,102.69418474258893,103.27966595394432,103.4766782304037,100.59538195840676,65.18488644586996,55.42866039434606,50.82088945413777,55.53890249440823,71.98019597851284
120.0,120.0,120.0,120.0,120.0,120.0,120.0,120.0,120.0,120.0,10.002181424620044,10.002231760350474,10.007417327008985,91.3210431101229,99.3750061281031,103.46617003456586,103.40072455538593,103.4021538698553,103.47208680661471,100.29170037253697,65.26426396107868,55.34571677385205,50.93765118139248,55.57007368568522,71.94397209933673
120.0,120.0,120.0,120.0,120.0,120.0,120.0,120.0,120.0,120.0,10.00203487673133,10.002012494555103,10.005124775393027,93.25239989877643,98.65146441252622,101.86998517296618,104.10039060059677,103.8306529800434,103.55582045219197,100.3180258758185,64.93928975816368,55.32343126380064,50.908947441570774,55.6459456730609,71.96714505494606
120.0,120.0,120.0,120.0,120.0,120.0,120.0,120.0,120.0,120.0,10.002032369923215,10.002195417412732,22.766936331839794,95.20377862507559,99.73044516572931,101.558751968298,103.01555750046265,104.34607135774297,103.79825272816402,100.38545252627385,64.97891995815205,55.162133707398915,50.873268529097736,55.634152908920534,72.01460157642948
120.0,120.0,120.0,120.0,120.0,120.0,120.0,120.0,120.0,120.0,10.001820555949353,10.001769912274534,13.65321782879684,95.32215097750726,100.80455284918399,102.24164615141915,102.98008304492014,103.58058796762771,104.1827390765585,100.48703873563257,65.09625877471251,55.198159018935144,50.79635083285834,55.607472814244865,72.00321620677084
120.0,120.0,120.0,120.0,120.0,120.0,120.0,120.0,120.0,120.0,10.001662515183801,10.001602553976959,10.006916879155714,90.60157497199057,101.10984971573411,102.80610853496357,103.44928720503383,103.72135493121618,103.63471145982379,100.77627319204623,65.11437285059951,55.30016281628644,50.82893362422831,55.57085031666739,71.98470445913293
120.0,120.0,120.0,120.0,120.0,120.0,120.0,120.0,120.0,120.0,10.001596694594056,10.001526498637938,10.003009159395253,91.3401595704506,98.29677022708789,103.10415568071947,103.70542396167188,104.05882527934546,103.87450310236164,100.41322908525831,65.40510576286609,55.268774521318235,50.91117950678435,55.59913855092893,71.96326189521359
120.0,120.0,120.0,120.0,120.0,120.0,120.0,120.0,120.0,120.0,10.001641707374464,10.0014486074226,10.002625322684516,93.34225042051945,98.74605544481821,101.26950882753714,103.9783433223426,104.12278769894283,104.12708340470009,100.6798740457426,65.05071665634277,55.34645541913627,50.89412905835231,55.659708309619475,71.9884034462018
120.0,120.0,120.0,120.0,120.0,120.0,120.0,120.0,120.0,120.0,10.00155766671287,10.001628193814154,13.07946351464502,93.87858037542291,99.75857765853478,101.67259740733742,102.71857260784253,104.37983357162045,104.07550315969166,100.92697702053061,65.45097652961026,55.167274176643694,50.892838957732884,55.65470384659323,72.030335690219
120.0,120.0,120.0,120.0,120.0,120.0,120.0,120.0,120.0,120.0,10.00148098824213,10.001406355078723,10.005798700435335,93.34309751153134,100.03481375594448,102.19129029984903,103.11461635834044,103.49264458618211,104.3253518136876,100.8077160148863,65.92820637290058,55.4049186082269,50.78788657817425,55.64133765702465,72.02593114679946
120.0,120.0,120.0,120.0,120.0,120.0,120.0,120.0,120.0,120.0,10.001477792463282,10.00131353294274,10.003074747080017,91.54128996429424,99.94348746871931,102.25452978003597,103.36309518990035,103.87703730067263,103.69964098096965,101.0522596468652,65.74095801063189,55.762649411600904,50.90025252327251,55.57757745768548,72.01365780339474
120.0,120.0,120.0,120.0,120.0,120.0,120.0,120.0,120.0,120.0,10.001568232130225,10.001287484837082,10.002205362505782,91.61646461543434,98.92858507646748,102.32402310052066,103.28431220225217,103.96951984229997,104.05545766071383,100.67763005599352,66.06026672387648,55.66788808026097,51.11017103017666,55.63127095411786,71.97022192981501
120.0,120.0,120.0,120.0,120.0,120.0,120.0,120.0,120.0,120.0,10.001778980667543,10.001307499658642,10.001894787328377,91.87958712538573,98.92061895033613,101.69622490855843,103.43286671447323,103.80326960050027,104.0625201579384,100.97022256991583,65.843783507329,55.81454258312327,51.057024131141034,55.742880637658075,72.00521601917356
120.0,120.0,120.0,120.0,120.0,120.0,120.0,120.0,120.0,120.0,10.001289556509908,10.001129933166066,10.002392253986303,91.84585676506481,98.96841605222765,101.68693503524284,103.0158837742032,103.99846626858772,103.85133833711149,100.97539514157673,66.26980681560333,55.846014433517624,51.08971765645348,55.69434465161778,72.06441097306973
120.0,120.0,120.0,120.0,120.0,120.0,120.0,120.0,120.0,120.0,10.001429476154193,10.001110991123166,10.001809315158367,91.52468169773391,98.89121999855891,101.64852082778177,103.0128033585321,103.70180635510611,104.07258695546427,100.73166777099861,66.38074231882516,56.17340064454421,51.14509252450813,55.67797314862307,72.0150382427595
120.0,120.0,120.0,120.0,120.0,120.0,120.0,120.0,120.0,120.0,10.001671995930302,10.001148172292961,10.00157246038994,91.09020911514655,98.71883823275762,101.5343193949549,102.94521698633828,103.70054206673134,103.8507104929047,100.96360108365937,66.00271912628234,56.34458387328025,51.353433362466575,55.701990375696234,71.99061674973129
120.0,120.0,120.0,120.0,120.0,120.0,120.0,120.0,120.0,120.0,10.00200944544698,10.001250710551174,10.001521216053494,90.73379763571057,98.4512025490031,101.41907565182423,102.80886087508988,103.63162266355478,103.84263353785757,100.83470357226915,66.336400525381,56.15834203185511,51.492109645295706,55.80983641697759,71.9923202149282
120.0,120.0,120.0,120.0,120.0,120.0,120.0,120.0,120.0,120.0,10.002389760009082,10.001448498247273,10.00154464828669,90.51291883074985,98.1928785414724,101.22587387081103,102.7236324662779,103.48433684931422,103.78713312825612,100.78517196745767,66.3382111858098,56.378568691246976,51.418452326129376,55.880972132140144,72.04752842319324
120.0,120.0,120.0,120.0,120.0,120.0,120.0,120.0,120.0,120.0,10.001686996594577,10.001071379591494,10.001292390238454,90.37316658580934,98.00415611680845,101.01902016729309,102.56970242852027,103.4183021820397,103.63864694874574,100.75367330559297,66.23591096427322,56.52362715535286,51.55033797370565,55.830875809120165,72.07166065446519
120.0,120.0,120.0,120.0,120.0,120.0,120.0,120.0,120.0,120.0,10.001945338977176,10.001245070703241,10.001304823811745,90.20571078147888,97.85564742743273,100.85130084522444,102.39213018480682,103.28742596724248,103.58251741712415,100.61363835211424,66.21548370845426,56.51321702208555,51.70162337444606,55.89764722938008,72.02219384019726
120.0,120.0,120.0,120.0,120.0,120.0,120.0,120.0,120.0,120.0,10.002177797976193,10.001489516481021,10.001405935401268,89.98325639384407,97.70857058416054,100.70427462974581,102.24284582406908,103.12842828257885,103.4672709616646,100.54324711442786,66.04826336309283,56.54776919767957,51.742952222114525,55.99586076866342,72.05460126181038
120.0,120.0,120.0,120.0,120.0,120.0,120.0,120.0,120.0,120.0,10.002413695976617,10.001737548415463,10.001692581129177,87.3698652873933,97.54540604083589,100.56152886599199,102.0986944827065,102.99506624291946,103.3196498043111,100.43106945503453,65.91675041349093,56.51998785138691,51.800348122815585,56.024467364406405,72.10213108795563
120.0,120.0,120.0,120.0,120.0,120.0,120.0,120.0,120.0,120.0,10.00271150404506,10.001943532296975,10.002054518657058,78.6356258952646,97.3652416755399,100.41653676964248,101.95752818135456,102.85463737625929,103.19746756020758,100.27077025529596,65.73948983607933,56.478181383442276,51.84625952064193,56.063890848945746,72.10696203989977
120.0,120.0,120.0,120.0,120.0,120.0,120.0,120.0,120.0,120.0,10.002054859830725,10.001425310823937,10.001452894515626,76.02761211010724,97.52074053181315,100.26278157743296,101.8212610086617,102.71471156399011,103.05951701852007,100.12997789912632,65.46197303517522,56.40277875872836,51.877818279763396,56.111008644603714,72.12317021865977
120.0,120.0,120.0,120.0,120.0,120.0,120.0,120.0,120.0,120.0,10.002259601296414,10.001634797404957,10.001659065561762,71.9860368499254,98.33036471736578,100.44101547271701,101.67919840939624,102.58325701704345,102.91789269112483,99.96764119010221,65.18442014962375,56.25048418156882,51.88927229733961,56.15305832652077,72.14659935926514
120.0,120.0,120.0,120.0,120.0,120.0,120.0,120.0,120.0,120.0,10.00250980051808,10.001826292340024,10.001919804674246,68.04028748353174,97.69983535581598,101.2983638904984,101.8273597204863,102.44712148605655,102.78665765541182,99.78760775894904,64.86408653685756,56.074677295584,51.85720163896421,56.18823817767668,72.17122176624413
120.0,120.0,120.0,120.0,120.0,120.0,120.0,120.0,120.0,120.0,10.002844222548823,10.002009406842989,10.002164076851948,60.10529495855934,97.5582780451701,100.91801652218392,102.56780369020255,102.55531117517316,102.65000286970148,99.61423187899031,64.48357205795844,55.85912095245271,51.80572067492407,56.20475634278297,72.19553836283436
120.0,120.0,120.0,120.0,120.0,120.0,120.0,120.0,120.0,120.0,10.003277073888295,10.00222356187627,10.002368603395828,53.6822158602457,97.60811950220004,100.98929560033608,102.2913518134737,103.15732357980146,102.71455304038274,99.43186769429711,64.08893665875173,55.58019018412456,51.72931404610596,56.215064268458676,72.21272365159653
120.0,120.0,120.0,120.0,120.0,120.0,120.0,120.0,120.0,120.0,10.002502425160406,10.001696580926728,10.001578585508437,60.08273287703637,98.16743615499047,101.19193739588066,102.46186029131444,102.9293377794911,103.18372227532981,99.4075625319917,63.66777795458595,55.265776191312895,51.60905331389563,56.21687793492401,72.23194350356002
120.0,120.0,120.0,120.0,120.0,120.0,120.0,120.0,120.0,120.0,10.002726494348515,10.001990837421124,10.001812989612423,63.36632413074257,98.28061356802503,101.79204286139763,102.71789646877778,103.1508433309213,102.97900928523686,99.72525843378581,63.42143123861953,54.915963963153935,51.45743501728421,56.1972013943117,72.25107873118735
120.0,120.0,120.0,120.0,120.0,120.0,120.0,120.0,120.0,120.0,10.00299709787639,10.002214951009838,10.002191442499246,63.01983464052387,96.13116705438253,102.09782227863985,103.23471872232172,103.42736341332885,103.21737190683079,99.52084705244516,63.622172320563465,54.63264783791196,51.277381800510135,56.162080749385176,72.26226518992084
120.0,120.0,120.0,120.0,120.0,120.0,120.0,120.0,120.0,120.0,10.00336681785272,10.002383978607732,10.002576958059057,54.013103343340575,95.15044027555207,100.52970593987284,103.56476870318876,103.85063446887143,103.49642842711964,99.7055191905367,63.23548227598865,54.57186023091225,51.11410094584155,56.1136383197695,72.26984716399244
120.0,120.0,120.0,120.0,120.0,120.0,120.0,120.0,120.0,120.0,10.003832415288711,10.002589370787742,10.002855850753207,44.711007826636155,95.54822319452592,99.71326374483705,102.41423161813172,104.17352578489485,103.83451491653736,100.00417903735092,63.29207228103866,54.20058211225972,51.03917660341042,56.07168889160313,72.27459448086782
120.0,120.0,120.0,120.0,120.0,120.0,120.0,120.0,120.0,120.0,10.002927836214356,10.001980464821788,10.00186802071616,49.886622134610874,97.01658979047271,99.88059018398606,101.83881067837096,103.32699716453455,104.14343054135071,100.27899897463102,63.70355926848524,54.02696525356649,50.790246667453616,56.06546118027318,72.28681640764624
120.0,120.0,120.0,120.0,120.0,120.0,120.0,120.0,120.0,120.0,10.00317698326951,10.002308548871358,10.002120601536573,51.72254766772008,97.87506344384366,100.97849117507263,101.9076709547161,102.96121533210066,103.53240168851148,100.58642706816102,64.04966934757022,54.15029381421971,50.60364325193825,55.95217416229513,72.31709473301875
120.0,120.0,120.0,120.0,120.0,120.0,120.0,120.0,120.0,120.0,10.003469081799977,10.00255790847804,10.002523537106931,51.43043724583561,95.78578304450534,101.81630535456483,102.64134105363524,102.98814271029276,103.33003771734148,100.20816588645208,64.47190512745458,54.24251265680945,50.5935452665664,55.854279739694725,72.27413658771627
120.0,120.0,120.0,120.0,120.0,120.0,120.0,120.0,120.0,120.0,10.003838295210054,10.002753855459867,10.002924770815197,43.96876512280336,94.58008304397663,100.47472874216773,103.29553605516364,103.44755606726606,103.34339044494381,100.1239378439053,64.17791603231481,54.36269405379794,50.559790119161484,55.8509053277846,72.24403919977972
120.0,120.0,120.0,120.0,120.0,120.0,120.0,120.0,120.0,120.0,10.00425804113755,10.002996832090615,10.003218679992319,36.87014989910381,94.77636338484487,99.64636621653024,102.3672362873017,103.93424178139804,103.60859072954662,100.17110210921355,64.18196523037022,54.19841364476157,50.50591053672065,55.81550943982139,72.26534079811807
120.0,120.0,120.0,120.0,120.0,120.0,120.0,120.0,120.0,120.0,10.003355299163463,10.002272206713794,10.002112621811404,43.19459154624803,96.20533571788778,99.69396651463369,101.85891850458194,103.25928592533798,103.96570269831469,100.29665534881575,64.37679065772109,54.226420677415156,50.339103210433436,55.74032360640583,72.25189244057697
120.0,120.0,120.0,120.0,120.0,120.0,120.0,120.0,120.0,120.0,10.003525888619645,10.002641054992193,10.002416284233126,44.271868050029006,97.09381038782115,100.6837037007924,101.87431240711564,102.98072610246938,103.46434472284793,100.55582258744586,64.48873158975287,54.421093162895616,50.30303908702324,55.604934284081686,72.20375323218842
120.0,120.0,120.0,120.0,120.0,120.0,120.0,120.0,120.0,120.0,10.003713304132644,10.002912122846375,10.002871629133436,43.171925502357354,94.92048496721158,101.46703052034816,102.5141871322973,102.9946943989111,103.340104919856,100.21076713821027,64.75897824427986,54.49322955262349,50.4045946290806,55.55145398045764,72.11574231231197
120.0,120.0,120.0,120.0,120.0,120.0,120.0,120.0,120.0,120.0,10.004019036196397,10.003091439610857,10.003292142794207,35.56703530668433,93.7815577753709,100.08328568405302,103.1020922472459,103.38923688056023,103.35962790559665,100.17002520667148,64.4168882497616,54.58477640649777,50.43149246561545,55.5912033067843,72.08658720633485
120.0,120.0,120.0,120.0,120.0,120.0,120.0,120.0,120.0,120.0,10.004488436057473,10.003274626392763,10.00357286428698,29.41367735527281,94.1282131937018,99.31730753557947,102.14526946520591,103.81924635961164,103.58432137876554,100.22048660958721,64.42096870541286,54.41396637952104,50.4264884471868,55.585565273654694,72.11364273060808
120.0,120.0,120.0,120.0,120.0,120.0,120.0,120.0,120.0,120.0,10.003342292077322,10.002548256176928,10.00230846889265,37.030821204978004,95.72471877650018,99.46540124221166,101.68350924742727,103.12244532085217,103.8983520229551,100.31734743582892,64.59416896474967,54.44454285910163,50.30879440291552,55.54725032122866,72.1051932856696
120.0,120.0,120.0,120.0,120.0,120.0,120.0,120.0,120.0,120.0,10.003453925876286,10.00288437657012,10.002642532874406,37.590907434279465,96.68806225830562,100.53541136439813,101.76300210622267,102.87454871682226,103.37933245287437,100.54218554610746,64.66015742690351,54.62635605411831,50.31088668673592,55.45576651634802,72.07264648319519
120.0,120.0,120.0,120.0,120.0,120.0,120.0,120.0,120.0,120.0,10.003721811980416,10.003007695005087,10.003128427861299,36.01912198899089,94.24577429592853,101.3522089887868,102.44480503869784,102.92718361615277,103.27239761004958,100.17792555191869,64.88179656403297,54.67611145116986,50.43125671026462,55.43963817489518,72.00801803178308
120.0,120.0,120.0,120.0,120.0,120.0,120.0,120.0,120.0,120.0,10.004172877327179,10.003031070923496,10.003507375136337,28.311727197893493,93.04013780879038,99.84487439098098,103.05280792269174,103.34490657052683,103.31255399826215,100.13913806063846,64.50352894940517,54.749511154685585,50.467748757390986,55.503928939999874,71.99939234571865
120.0,120.0,120.0,120.0,120.0,120.0,120.0,120.0,120.0,120.0,10.004647462981946,10.00314683167802,10.003660905491811,23.232438213093864,93.52315135029649,99.05273561343706,102.03415820256797,103.79003268110276,103.54973264587196,100.19289213725297,64.48843337276733,54.56649582657082,50.47491450908797,55.5171787517348,72.03968996265141
120.0,120.0,120.0,120.0,120.0,120.0,120.0,120.0,120.0,120.0,10.00310399778749,10.002417354786289,10.002371195361558,31.680127854466456,95.34082089834827,99.27260046852764,101.5683325140256,103.06182276089548,103.87601840032157,100.2917792960392,64.63934057445957,54.587165094503455,50.372655214374504,55.49978328586249,72.04208184503354
120.0,120.0,120.0,120.0,120.0,120.0,120.0,120.0,120.0,120.0,10.003253821541414,10.002592867932485,10.002632239133778,31.804915576838738,96.34955317048153,100.44067769293724,101.68996003841546,102.82094790257725,103.34168836988646,100.52490961628112,64.68550039256004,54.74924686461942,50.38786210665688,55.43146173010995,72.02282539025308
120.0,120.0,120.0,120.0,120.0,120.0,120.0,120.0,120.0,120.0,10.003355837658148,10.00265577767957,10.002971268763282,30.276747431142997,93.67472881849774,101.26506907685761,102.41805130761739,102.90002223385825,103.2467594087247,100.15343513650686,64.90510636764618,54.77660699622552,50.51068475376806,55.43623752455691,71.97371049906582
120.0,120.0,120.0,120.0,120.0,120.0,120.0,120.0,120.0,120.0,10.00331369815795,10.002677470160737,10.003220807550747,23.645038347662926,92.3854351460744,99.66646484558134,103.0224481489358,103.33990876791478,103.30424099826355,100.12661685836935,64.51650596008074,54.83970759203657,50.54313690602294,55.513691230604834,71.97939021750804
120.0,120.0,120.0,120.0,120.0,120.0,120.0,120.0,120.0,120.0,10.003092792444487,10.002689838358855,10.003397053587587,20.369807876903124,92.89048720328834,98.83581249134312,101.96657268603164,103.77876357497304,103.55156111032278,100.19259071948461,64.5140634406792,54.64717664869872,50.550195703254566,55.53455695190668,72.02908250473288
120.0,120.0,120.0,120.0,120.0,120.0,120.0,120.0,120.0,120.0,10.002693402589827,10.002242171870314,10.002342540706273,27.313087038235054,94.66486606050385,99.03702081049624,101.4850768223465,103.03813165729169,103.87207007903707,100.29511573426352,64.67789449273755,54.67167373921048,50.44836186839572,55.52541682286157,72.03756772679537
120.0,120.0,120.0,120.0,120.0,120.0,120.0,120.0,120.0,120.0,10.002440435170334,10.002368417803133,10.00255902432379,27.358302233749352,95.4620811336251,100.11114526308117,101.5786971560343,102.79263435092186,103.33800851333774,100.52443240679523,64.72172811812723,54.838322147928515,50.46969099006275,55.46465416570606,72.02490279306298
120.0,120.0,120.0,120.0,120.0,120.0,120.0,120.0,120.0,120.0,10.002232933484581,10.002266807608073,10.002874437669853,25.448056659231618,93.08994980324157,100.75345096150714,102.2127026233235,102.84262927013779,103.24379562012041,100.16113859082269,64.93391290809063,54.85896790289442,50.59803841308356,55.47863204735648,71.98185179945818
120.0,120.0,120.0,120.0,120.0,120.0,120.0,120.0,120.0,120.0,10.002099587889278,10.002025289071671,10.00306101265503,18.239624155492425,91.88008992074536,99.37123346414373,102.66832223346134,103.19962098342893,103.27398728392522,100.13928178300795,64.56321630712121,54.913469348595804,50.62763251140945,55.56360816659849,71.99442491305703
120.0,120.0,120.0,120.0,120.0,120.0,120.0,120.0,120.0,120.0,10.002003454998542,10.001803486365995,10.002939125619152,12.548295327113173,92.425856763997,98.60274717284413,101.7704963170148,103.51756293173332,103.45173682681094,100.18032629315172,64.5769515296593,54.73188715724335,50.62966030516994,55.585659652094705,72.04926086702716
120.0,120.0,120.0,120.0,120.0,120.0,120.0,120.0,120.0,120.0,10.001630880699507,10.001570984851872,10.00207375867993,23.11070100264111,94.46838407978116,98.83311443629312,101.31934137180644,102.8947597654588,103.67405683063095,100.22350786036279,64.70881945825343,54.77102951557454,50.53437618769664,55.5754780836577,72.05846644419586
120.0,120.0,120.0,120.0,120.0,120.0,120.0,120.0,120.0,120.0,10.001517784673633,10.001480495282532,10.001955398774077,20.007919320367336,96.11298209254944,100.08026636991356,101.43106214281681,102.65139222568189,103.22761828382238,100.36858297045997,64.67072941530145,54.92267131639592,50.566382273915245,55.519937453750316,72.045258084082
120.0,120.0,120.0,120.0,120.0,120.0,120.0,120.0,120.0,120.0,10.001471417678074,10.00133919942736,10.001808877640814,15.646481742833371,92.9716459708503,101.28068609289065,102.1981252304657,102.71053129198827,103.11399506118816,100.0617587310079,64.76415309910625,54.89834269488871,50.68956397394433,55.541375184823934,72.00566456799746
120.0,120.0,120.0,120.0,120.0,120.0,120.0,120.0,120.0,120.0,10.001466997553072,10.001211588121823,10.00167585130452,10.010421237955253,91.97080467664921,99.52020260663873,103.05489196069962,103.17886167834135,103.14538882751903,100.00475777253365,64.43613135806345,54.88954956886683,50.698671961719796,55.62465488421078,72.0225944093991
120.0,120.0,120.0,120.0,120.0,120.0,120.0,120.0,120.0,120.0,10.001466288433559,10.001144605966166,10.001507629319836,10.00542187289346,93.29255411435672,98.97875983419053,101.92828091642022,103.79771584934251,103.41897621987239,100.02610448801214,64.37994787809153,54.7233392296306,50.675276516233104,55.637597962734446,72.07591867162851
120.0,120.0,120.0,120.0,120.0,120.0,120.0,120.0,120.0,120.0,10.001222818235577,10.001096954084288,10.001501079622688,22.185526570865033,95.26417408279069,99.73477369793004,101.70753445492161,103.01826048233005,103.870668157445,100.1511845757486,64.43148417656127,54.71394241410412,50.59396778487147,55.61939393156756,72.08028819493902
120.0,120.0,120.0,120.0,120.0,120.0,120.0,120.0,120.0,120.0,10.001187041888658,10.001012608137492,10.001287866619847,15.470777276431944,95.49870992174411,100.88973528083463,102.20757281753582,103.00425033885027,103.30911948558642,100.47833821850429,64.47871325390919,54.78589146613506,50.60652352135502,55.57894443591439,72.06532312509087
120.0,120.0,120.0,120.0,120.0,120.0,120.0,120.0,120.0,120.0,10.001190380342436,10.000933367202293,10.001162301109423,10.009141232353135,91.11234874534155,101.23759734760193,102.89089250759001,103.36770824109762,103.41910783653184,100.09134824282313,64.80052028847535,54.78164408552997,50.68076164146769,55.59745018096463,72.03953349502072
120.0,120.0,120.0,120.0,120.0,120.0,120.0,120.0,120.0,120.0,10.001211555772768,10.000889849380027,10.001083522366118,10.0028809820769,91.27147717908352,98.63214967288948,103.20323804912132,103.76216261920122,103.70016229451942,100.24475796536,64.3907492071068,54.87917282091812,50.690044182113695,55.65787455888078,72.05775020831477
120.0,120.0,120.0,120.0,120.0,120.0,120.0,120.0,120.0,120.0,10.001234229126341,10.000894676012877,10.000992015837292,10.002297725161812,93.58893659960357,98.70499721806043,101.50494558718381,104.03212252964643,103.91082978063494,100.51718139868055,64.61362953122493,54.655148746671124,50.70992244025494,55.674136193044184,72.10115130770997
120.0,120.0,120.0,120.0,120.0,120.0,120.0,120.0,120.0,120.0,10.00122715247829,10.001018764006982,10.001371153314928,19.72642509118967,94.33126912895735,99.93992138012088,101.64997214269185,102.86785937892598,104.14973089352785,100.61161971557887,65.1001094614216,54.774350793611724,50.58266799670756,55.67898929994723,72.11243949286843
120.0,120.0,120.0,120.0,120.0,120.0,120.0,120.0,120.0,120.0,10.001195460783451,10.000960152774015,10.001152265595145,10.522126050741297,93.8820546249132,100.32775654109417,102.34920518040457,103.08367883393082,103.33938460995007,100.83317242698226,65.19505549517771,55.12130450927615,50.63075565751472,55.60634357899222,72.1124216484185
120.0,120.0,120.0,120.0,120.0,120.0,120.0,120.0,120.0,120.0,10.00120300157228,10.000909662843645,10.00105414675414,10.00453581316118,90.16539480099657,100.29382243069477,102.47501962589878,103.48626728775724,103.59553468426982,100.32405608389121,65.48005970094235,55.181075192455964,50.8343134430601,55.628776943334266,72.06359873672847
120.0,120.0,120.0,120.0,120.0,120.0,120.0,120.0,120.0,120.0,10.001233960277572,10.000886410241872,10.000990708792862,10.002398190808739,91.70886445877238,98.01792508359567,102.57808045425493,103.44210098560639,103.8245854970893,100.57640867338354,65.07523261371746,55.29770615509059,50.863945054687385,55.743727581501844,72.08169041360841
120.0,120.0,120.0,120.0,120.0,120.0,120.0,120.0,120.0,120.0,10.001276302192737,10.000895164403133,10.000931599625746,10.002043175081004,93.12644846844006,98.9076353467295,101.06872629003237,103.60718250317527,103.67853767764484,100.74962243983276,65.48969347242002,55.19049448553008,50.87623427234124,55.74644028064964,72.14884913646226
120.0,120.0,120.0,120.0,120.0,120.0,120.0,120.0,120.0,120.0,10.003241022237269,10.002435107435787,10.002556944648633,21.9494791013463,93.46665172802082,99.57424110252316,101.70337923905767,102.54936230337454,103.87621869477849,100.53298498617617,65.83573711947695,55.522043263058684,50.83570959307523,55.71787553888352,72.13421968933392
120.0,120.0,120.0,120.0,120.0,120.0,120.0,120.0,120.0,120.0,10.00337026523391,10.002431030185447,10.002522042610837,16.31470265629431,93.17309272071601,99.78583708580965,101.99315689040722,103.05014189498097,103.11286784972474,100.73909228725162,65.48316442792424,55.847532350577225,51.04213213443037,55.680801603936004,72.0990385538381
120.0,120.0,120.0,120.0,120.0,120.0,120.0,120.0,120.0,120.0,10.003585260475692,10.002419832714187,10.002468570403012,10.371437847915159,89.23073860222136,99.80326863117625,102.06798326092704,103.13612441591674,103.51587592292319,100.23302457994261,65.7461585467749,55.67415269526692,51.27256660856531,55.788379337490504,72.06230160817931
120.0,120.0,120.0,120.0,120.0,120.0,120.0,120.0,120.0,120.0,10.003813627264664,10.00247322119578,10.002548484790623,10.007007023135632,90.06808570643635,97.25201831653538,102.20176203165937,103.1107202249444,103.49205089873811,100.5050271201967,65.33509218001187,55.81715421547558,51.204809099527075,55.91528642942346,72.12205447854237
120.0,120.0,120.0,120.0,120.0,120.0,120.0,120.0,120.0,120.0,10.003996149022091,10.0026294869132,10.002561455291557,10.00687839233763,93.07772824735905,97.60809229775748,100.42789005162268,103.29835684868024,103.40033521189086,100.45621085907307,65.6253934926394,55.76183176698882,51.271095077554826,55.86523343335067,72.18274595410699
120.0,120.0,120.0,120.0,120.0,120.0,120.0,120.0,120.0,120.0,10.005528781906309,10.004051191686079,10.003257065590129,19.59392739118484,94.34776042874729,99.26604849987451,100.666782759882,101.99232355526642,103.6105212651603,100.2913021623426,65.59371682077686,55.98230773709909,51.322669990069265,55.883454623162606,72.12946131202823
120.0,120.0,120.0,120.0,120.0,120.0,120.0,120.0,120.0,120.0,10.005636484892705,10.004364267375845,10.00372860009874,17.135014662181458,94.24481127386002,100.02791836839931,101.6378003665133,102.19865257699038,102.61400836331168,100.50073183558152,65.25577544275778,56.03763758024809,51.495512107480224,55.92845334303115,72.12813155762858
120.0,120.0,120.0,120.0,120.0,120.0,120.0,120.0,120.0,120.0,10.00604190609375,10.004357308987167,10.004266109138515,15.155112598508987,90.92767731440306,100.29017517035207,102.02460334460434,102.78157850299755,102.79704655457446,99.7474662829665,65.513641744749,55.83157510437458,51.58648304137884,56.0370454378495,72.1460667281803
120.0,120.0,120.0,120.0,120.0,120.0,120.0,120.0,120.0,120.0,10.00667448425863,10.004298543898333,10.004628960763013,10.469211785793972,90.86064919125435,98.36042667902225,102.37123328381885,102.90935714013726,103.1454911220754,99.81930837105139,64.67707584594183,55.97044398842946,51.50676331925413,56.103653400684465,72.20823910525651
120.0,120.0,120.0,120.0,120.0,120.0,120.0,120.0,120.0,120.0,10.007293067482706,10.004414418938222,10.004797963110505,10.228245181860585,92.55290865176976,98.19275178047626,101.16739527973586,103.26649727816265,103.09675803256333,100.0397574428516,64.58631451463174,55.61760667881899,51.59618595093081,56.07032197047538,72.2387519375242
120.0,120.0,120.0,120.0,120.0,120.0,120.0,120.0,120.0,120.0,10.005067688545841,10.003523189466861,10.002942207220899,20.196148252310426,94.7913738550275,99.03413787095941,101.07995239547161,102.48027688012404,103.43331810716029,99.83895458237853,64.80772637161738,55.53913093314662,51.49468490468821,56.1308388761206,72.20999666141515
120.0,120.0,120.0,120.0,120.0,120.0,120.0,120.0,120.0,120.0,10.005084434479901,10.003879386216498,10.003281669389029,20.47848676174031,95.49942686271986,100.35898342048164,101.54738243225214,102.46795362060615,102.90895411737488,100.0934326740865,64.3342572075531,55.66830190703534,51.496546570642394,56.11330467266321,72.24681645476835
120.0,120.0,120.0,120.0,120.0,120.0,120.0,120.0,120.0,120.0,10.005356676472418,10.003936156734131,10.003766237003022,20.124672313683128,92.3773269069496,101.02526629281573,102.35279539960948,102.74872485991973,102.93755534128614,99.78098526003858,64.45685620058275,55.31697606862437,51.619349947388294,56.14958725490726,72.23778894881445
120.0,120.0,120.0,120.0,120.0,120.0,120.0,120.0,120.0,120.0,10.005870644852942,10.00386955647496,10.004153084684132,15.504129811964496,91.2701637902866,99.27561116179551,102.89509958027337,103.23665869359775,103.1161005635996,99.77898742447813,64.18082924329143,55.21595473869647,51.453976922837136,56.26213106951631,72.27694589513231
120.0,120.0,120.0,120.0,120.0,120.0,120.0,120.0,120.0,120.0,10.006426883675017,10.003917321444009,10.004357101348626,13.990545396286933,92.23889014882992,98.5105997498607,101.81457569407297,103.66942862873371,103.40207168352279,99.89536032032885,64.10611567576503,55.06687969422535,51.34955357504761,56.20418634882927,72.35967679862316
120.0,120.0,120.0,120.0,120.0,120.0,120.0,120.0,120.0,120.0,10.004450203531174,10.003050119505641,10.002670619766173,24.133188670525918,94.45526406022864,98.87916348426569,101.37022723029301,102.9647518661229,103.74623377668313,100.04058409820398,64.19249362711129,54.98695731715766,51.27814725833094,56.156315214956855,72.33007688323117
120.0,120.0,120.0,120.0,120.0,120.0,120.0,120.0,120.0,120.0,10.004498524261626,10.003323501831026,10.00296911243794,24.773478274485345,95.63946794453302,100.11606997568872,101.53169251847785,102.74550157383743,103.276987705447,100.3118044063687,64.2494291689152,54.9838606836629,51.239176031584975,56.144632198430834,72.31484003942099
120.0,120.0,120.0,120.0,120.0,120.0,120.0,120.0,120.0,120.0,10.004708279149877,10.00339057224173,10.003380064503501,24.612228212451907,92.92354003668737,100.97395871776015,102.24244623186472,102.82413241388102,103.20546005433125,100.02618366177603,64.51464047854145,54.92156482553145,51.22923780416957,56.14731756320085,72.32276722135019
120.0,120.0,120.0,120.0,120.0,120.0,120.0,120.0,120.0,120.0,10.005080468374791,10.00337557079503,10.003690134180706,19.90779815921289,91.85219588970902,99.40863878074607,102.84509428384786,103.22661225192563,103.25027573722684,100.0334747364722,64.251454668963,54.95332017241796,51.16513996831097,56.159264229457534,72.34169973846076
120.0,120.0,120.0,120.0,120.0,120.0,120.0,120.0,120.0,120.0,10.00548661128796,10.00344984333056,10.003842187111703,18.227516058489584,92.70472639741136,98.68696343366875,101.83703859017469,103.65402775909374,103.46327563905717,100.0902516242235,64.31085911258914,54.783211271262346,51.11821906268456,56.130443788341005,72.36373582451441
120.0,120.0,120.0,120.0,120.0,120.0,120.0,120.0,120.0,120.0,10.003807950334503,10.002643442991321,10.002348537453893,28.665606781433713,94.83251088371874,99.02813363220773,101.42224390788421,102.95821987918583,103.77217896293678,100.17497914314905,64.46258611002602,54.806481552694905,50.98776940164305,56.093752418439124,72.35437814843289
120.0,120.0,120.0,120.0,120.0,120.0,120.0,120.0,120.0,120.0,10.003872570249094,10.002865021290045,10.00260474895144,30.24353064154766,95.9997352538204,100.24916747274548,101.58641813641113,102.75338895669296,103.27588603637942,100.40178265085102,64.49247587122647,54.930630981103775,50.96890071181977,56.01131069806422,72.33590293956733
120.0,120.0,120.0,120.0,120.0,120.0,120.0,120.0,120.0,120.0,10.004066043790115,10.00290749766864,10.002976041225176,30.51753178174807,93.4282940626185,101.10159556782341,102.30433390451346,102.84266947215158,103.20517606614287,100.07138829323269,64.712027301722,54.918175604831696,51.03511296500037,55.991478732154,72.28779392632498
120.0,120.0,120.0,120.0,120.0,120.0,120.0,120.0,120.0,120.0,10.004373995372113,10.002886937863058,10.0032653624862,25.50441359410625,92.37652119198368,99.56756465498658,102.90776156988385,103.25737209450861,103.25898211446398,100.06419199739862,64.38696488014624,54.963110041006736,51.01183288370379,56.02732836454732,72.28413631781756
120.0,120.0,120.0,120.0,120.0,120.0,120.0,120.0,120.0,120.0,10.004682576068639,10.002952698570407,10.003397369340762,23.07622116890111,93.18540624954565,98.82794114804246,101.90066353215019,103.68794544797376,103.48164873450298,100.12156462208989,64.41462270201906,54.790980644607465,50.98233080828328,56.00542388593048,72.31141649716865
120.0,120.0,120.0,120.0,120.0,120.0,120.0,120.0,120.0,120.0,10.003246514233533,10.0022185921687,10.002059536926081,33.46574086389412,95.27347028696236,99.15221160591456,101.46148324199719,102.98415323299086,103.79335411183126,100.20725428567809,64.55816959362414,54.81798465992732,50.86726981083354,55.96556152681932,72.29665358936899
120.0,120.0,120.0,120.0,120.0,120.0,120.0,120.0,120.0,120.0,10.00328394679927,10.00241185389644,10.002257654954725,36.12176388078936,96.47685973773564,100.38826681623519,101.6188617730498,102.7567492081739,103.28661061896915,100.43208923276143,64.57918210815205,54.95157545498359,50.86756679943687,55.886872501105614,72.26874166943661
120.0,120.0,120.0,120.0,120.0,120.0,120.0,120.0,120.0,120.0,10.003414583108864,10.002468156670936,10.00256449338948,37.2695326174685,94.09179484455342,101.28232252960099,102.36040051389928,102.84393092804471,103.19677012820725,100.08919386258498,64.78771553564184,54.94156190268596,50.95339061306768,55.877757999748376,72.2178037722661
120.0,120.0,120.0,120.0,120.0,120.0,120.0,120.0,120.0,120.0,10.003637262775314,10.002466203740461,10.00281806639827,32.389967287984724,93.03690208560265,99.82168506171514,102.99845155234397,103.28006028149454,103.25045987806652,100.06410472523488,64.43939341784714,54.983644371779626,50.94288167840225,55.92640278467492,72.21767468440828
120.0,120.0,120.0,120.0,120.0,120.0,120.0,120.0,120.0,120.0,10.003880038312696,10.002524053258929,10.00293975532114,29.185247081715875,93.74270236512963,99.0546244934491,102.02539649032055,103.73694852013752,103.48973397812529,100.11978888827261,64.43783199573967,54.80115992572422,50.920318518642105,55.91427951095754,72.25098489267137
120.0,120.0,120.0,120.0,120.0,120.0,120.0,120.0,120.0,120.0,10.002725300523663,10.001830985279113,10.001785288967794,39.12985305958625,95.7299689259461,99.31698841309418,101.55761537866577,103.05014890368172,103.82018603575061,100.21574439629057,64.57311054865804,54.813824399543236,50.80726672079179,55.88120395344603,72.24085120046506
120.0,120.0,120.0,120.0,120.0,120.0,120.0,120.0,120.0,120.0,10.00275530595667,10.001987269159015,10.00193431852836,42.78934850353981,96.95043154812039,100.52316632653,101.6780802355208,102.79890845312038,103.32191276727443,100.45155322017789,64.60091454202052,54.94398117124322,50.806913852712725,55.80713425329539,72.21607464057608
120.0,120.0,120.0,120.0,120.0,120.0,120.0,120.0,120.0,120.0,10.002839118846467,10.00204912761452,10.002177690573117,44.893731706116384,94.81628736308394,101.4439299347713,102.41331674628114,102.86496637755202,103.21396846352613,100.1118242230313,64.81535227969074,54.93764604492307,50.89733782552365,55.801712272102,72.16743163434337
120.0,120.0,120.0,120.0,120.0,120.0,120.0,120.0,120.0,120.0,10.00298682902885,10.002063544817396,10.002391427820923,40.46224204523139,93.81498049666386,100.09227880562185,103.07414334094499,103.3031295057638,103.25667215015947,100.07394133165366,64.46291153111464,54.979505458568404,50.89431312756149,55.85732423014432,72.16975405990898
120.0,120.0,120.0,120.0,120.0,120.0,120.0,120.0,120.0,120.0,10.003158489332815,10.00211629920511,10.002504351253364,36.69146125099913,94.42935940300197,99.33535209279418,102.15418574112249,103.7768571939637,103.50067951379462,100.12494727789176,64.44376310954644,54.789063092696935,50.87447723150127,55.85360796778139,72.20814145557986
120.0,120.0,120.0,120.0,120.0,120.0,120.0,120.0,120.0,120.0,10.002228968196398,10.001488591389084,10.001521141391096,46.056229007813556,96.28488290231769,99.54410682464166,101.68013731045642,103.11668789618335,103.84258291324366,100.22624059828516,64.57581342773366,54.78884670483816,50.75752220396576,55.825103298290166,72.20384787565841
120.0,120.0,120.0,120.0,120.0,120.0,120.0,120.0,120.0,120.0,10.002257941663691,10.001608125498441,10.001632308814399,50.73900988885625,97.4810333988814,100.70044800591806,101.76863795007291,102.85403259516589,103.35701458756486,100.46850755042351,64.6129060381029,54.91770915279333,50.75048093146858,55.75072529727203,72.18207740973178
120.0,120.0,120.0,120.0,120.0,120.0,120.0,120.0,120.0,120.0,10.002313086222737,10.001665433843526,10.001821856753706,53.836403499037985,95.60485211968681,101.62372816999027,102.48651991848811,102.90163405117626,103.23715076520905,100.13321477171574,64.83275171655409,54.91875615926868,50.84163499146329,55.74317751326571,72.13322069791117
120.0,120.0,120.0,120.0,120.0,120.0,120.0,120.0,120.0,120.0,10.002407960122834,10.001688581653031,10.001995892114577,49.95593138350816,94.69407991069004,100.38310080728067,103.15671678645678,103.33600894809749,103.2700619633142,100.08501644971975,64.47769767871397,54.96297359919845,50.845092592688026,55.801091671837845,72.13449127485958
120.0,120.0,120.0,120.0,120.0,120.0,120.0,120.0,120.0,120.0,10.002524768139244,10.001736819661517,10.002093465050008,45.705160813688124,95.24664798067,99.65664561592254,102.28946472079448,103.81932004167722,103.51595344195472,100.13173097389681,64.44194776660632,54.7663277709238,50.82787523165627,55.80302287084306,72.17501584113704
120.0,120.0,120.0,120.0,120.0,120.0,120.0,120.0,120.0,120.0,10.001778921942343,10.001183403166007,10.00127209896743,54.40890570060408,96.97419533592765,99.8310128631361,101.81936095333019,103.18460655863643,103.86560854964536,100.23745868531564,64.57017509245483,54.752908817754765,50.70668117360821,55.7772804426316,72.17478659867659
120.0,120.0,120.0,120.0,120.0,120.0,120.0,120.0,120.0,120.0,10.001795424896793,10.001277788961655,10.001348744939264,60.30411064914988,98.12621543656138,100.94261153340604,101.8874123648602,102.91517959686497,103.39143004421386,100.48480735623157,64.61660261283957,54.87879264464354,50.69120914331762,55.70091325119015,72.15482964903613
120.0,120.0,120.0,120.0,120.0,120.0,120.0,120.0,120.0,120.0,10.001825938285306,10.001332994405482,10.001489051188665,64.72024247590052,96.49867056068963,101.86055947968778,102.59373184520871,102.95118818043612,103.26122053563331,100.15270642284635,64.84235296137032,54.886783935513,50.780385359520764,55.688898001372735,72.1046137203212
120.0,120.0,120.0,120.0,120.0,120.0,120.0,120.0,120.0,120.0,10.001890561319046,10.001359259979811,10.001626795848004,61.705539663107935,95.68116827200453,100.72911110029959,103.27197181741701,103.38721854829733,103.2884114090393,100.09387302590125,64.48374683417538,54.93421818788664,50.78857059336003,55.74631011962271,72.10323046679784
120.0,120.0,120.0,120.0,120.0,120.0,120.0,120.0,120.0,120.0,10.001986280005218,10.001394536281206,10.001712638193407,56.98266079507912,96.18003112127252,100.02851529776898,102.45729684622285,103.88171904036705,103.54085533068918,100.13856615989674,64.42923039665524,54.731274594004844,50.77353364602969,55.75180531287129,72.14404669170608
120.0,120.0,120.0,120.0,120.0,120.0,120.0,120.0,120.0,120.0,10.001384353735782,10.000929846072074,10.001048143362484,64.70173126138984,97.78558483192856,100.16453893423845,101.98364887623852,103.27322565642194,103.90101946135364,100.25275001935151,64.55465137437363,54.70264015572956,50.64745372013225,55.72774896550714,72.14658563343676
120.0,120.0,120.0,120.0,120.0,120.0,120.0,120.0,120.0,120.0,10.00140403470378,10.001002971016824,10.001097328650756,71.7433806867021,98.90171965249873,101.23147101727268,102.02344373378455,102.98926389333917,103.43959583684476,100.50856029184946,64.61525614758926,54.82460016015479,50.62165397164097,55.6483788603294,72.12782618310933
120.0,120.0,120.0,120.0,120.0,120.0,120.0,120.0,120.0,120.0,10.001436237584986,10.001051800240468,10.001196771829918,77.72716430410867,97.5417782644683,102.15452763808469,102.71759810923558,103.00549866084128,103.29215994565953,100.18180125050162,64.85240948433282,54.841034001677336,50.70719144171506,55.63024703446401,72.07567378069227
120.0,120.0,120.0,120.0,120.0,120.0,120.0,120.0,120.0,120.0,10.001497949642324,10.001077597561043,10.001303842243388,76.14207810649056,96.83904484048055,101.15615346352492,103.41425233084249,103.4424753351777,103.30640348745975,100.1071706952291,64.49469611272183,54.89403728166651,50.71967389640516,55.68565060053822,72.07067530890666
120.0,120.0,120.0,120.0,120.0,120.0,120.0,120.0,120.0,120.0,10.001586657194519,10.001105654384604,10.001382419293037,71.53743605017192,97.28809465603254,100.50227149216522,102.67119659835237,103.95686708538005,103.56466103478667,100.14387021959182,64.41635904297277,54.68701031197039,50.70680368312471,55.69387316642423,72.11094498582408
120.0,120.0,120.0,120.0,120.0,120.0,120.0,120.0,120.0,120.0,10.002570799940786,10.001579722596357,10.00148991450572,82.12254330506475,98.75154282228226,100.6008249244958,102.20882991207164,103.38865487245727,103.94195659402321,100.26574250891362,64.53141402639791,54.640611819429715,50.57572291477844,55.670774329342635,72.11579185866782
120.0,120.0,120.0,120.0,120.0,120.0,120.0,120.0,120.0,120.0,10.003306400110418,10.001867922104363,10.001926912192708,88.01775268024986,99.78884462110103,101.60101589192197,102.21918543103851,103.10036985270388,103.50328875108639,100.5345842597891,64.60491905648297,54.75456928950378,50.537316200867956,55.58745941547051,72.097728965578
120.0,120.0,120.0,120.0,120.0,120.0,120.0,120.0,120.0,120.0,10.00442998581171,10.002327895575286,10.001981490181128,91.06688605806475,98.15675788068694,102.49244702715993,102.8844948822178,103.09531611202608,103.34573277221602,100.21990543114669,64.8583179824718,54.77898363364648,50.61646244721294,55.561151969925014,72.04290322772498
120.0,120.0,120.0,120.0,120.0,120.0,120.0,120.0,120.0,120.0,10.006131256750074,10.002944430010118,10.002501231328385,92.8433071921418,98.28448461638673,101.1079912983105,103.57317857050263,103.52172600973883,103.34605775671476,100.134775151824,64.50810382623109,54.839973851446736,50.632876027114406,55.612487665215205,72.0328580062863
120.0,120.0,120.0,120.0,120.0,120.0,120.0,120.0,120.0,120.0,10.008384330498712,10.003769546864028,10.003597004853049,93.71445741484975,99.31059033250264,101.0839748212412,102.45090850826156,104.0373764468065,103.60259990638905,100.16398865678649,64.41152566718475,54.630954675361245,50.62333483599511,55.62307082867603,72.0713601147154
120.0,120.0,120.0,120.0,120.0,120.0,120.0,120.0,120.0,120.0,10.007552771143086,10.005823568906107,12.134905779423391,94.15750739140228,99.84804729650693,101.76946806979733,102.47372228732964,103.1286195561642,103.98390212216452,100.2896197167629,64.51841336965862,54.5676706293946,50.48745795002424,55.601500940524026,72.07851667425717
120.0,120.0,120.0,120.0,120.0,120.0,120.0,120.0,120.0,120.0,10.007899880698423,10.005933499762056,14.036949345595344,94.49343773241107,100.24309505159292,102.03649532680252,102.96692045002371,103.2275076767452,103.25077464226672,100.56259124662036,64.6029402773062,54.67377720103006,50.43513511712562,55.51395195610428,72.06167896707716
120.0,120.0,120.0,120.0,120.0,120.0,120.0,120.0,120.0,120.0,10.008228358277055,10.00623455426581,16.663789258021836,94.23566558860678,100.60607635197513,102.38454911855291,103.03457888362826,103.59433731964417,103.407441567145,99.99556396275626,64.86420603312594,54.70566148951519,50.50619389599725,55.47790729794084,72.00397956384907
120.0,120.0,120.0,120.0,120.0,120.0,120.0,120.0,120.0,120.0,10.008558194457137,10.006609075571912,16.984754340940178,93.87231578245,100.5166443943308,102.75334080817214,103.34280276330757,103.5174674173868,103.68533757901422,100.14608519878792,64.18157600807193,54.77161144275338,50.525206258492545,55.5232513509157,71.98773092892132
120.0,120.0,120.0,120.0,120.0,120.0,120.0,120.0,120.0,120.0,10.008938551255229,10.006994482383439,17.072994318844074,93.44730171835889,100.30681694860817,102.7476050811739,103.70071584207203,103.79834415093917,103.5103770546111,100.40433549265057,64.31742639930826,54.38237585759847,50.517286072035056,55.53463404515749,72.02305536073783
120.0,120.0,120.0,120.0,120.0,120.0,120.0,120.0,120.0,120.0,10.007286976580755,10.004383079376627,29.560572603195737,93.70864400548342,99.98474505903897,102.65802826705713,103.72941426031345,104.1331872546162,103.76995390234276,100.15107620113024,64.74810283843738,54.41215543617443,50.293853630864874,55.51320210437981,72.0314216091902
120.0,120.0,120.0,120.0,120.0,120.0,120.0,120.0,120.0,120.0,10.00730899202759,10.005318783615618,30.619909545432286,94.223356448927,100.05487058019862,102.44854847340248,103.72611560227989,104.16664987446626,104.07956184301457,100.35352792222004,64.3235385658072,54.70028930295225,50.2803766162741,55.381525755295506,72.01498542392096
120.0,120.0,120.0,120.0,120.0,120.0,120.0,120.0,120.0,120.0,10.00692409003167,10.006441508368901,28.292794688031293,91.44690351055567,100.31045988812365,102.46936156474614,103.6081282285903,104.22843410795385,104.10198052049107,100.69421451650842,64.4384425116266,54.43188628403986,50.44558767929365,55.36893346204162,71.93264964770512
120.0,120.0,120.0,120.0,120.0,120.0,120.0,120.0,120.0,120.0,10.006805835366784,10.006876811972106,18.8242563631314,91.10611578945287,98.32189966654074,102.60982286428947,103.61703848119697,104.18318263354966,104.21092431940349,100.71859598444293,65.00951821444198,54.36296887193501,50.29945339823977,55.467453109648154,71.93761840499482
120.0,120.0,120.0,120.0,120.0,120.0,120.0,120.0,120.0,120.0,10.007186524303956,10.006683897328625,16.546701693985124,92.88902104204584,97.85637652117255,101.12190632621473,103.70104215583116,104.19246389605641,104.22819973753427,100.8565921402634,65.12056508737085,54.686669789913594,50.191432733327524,55.383558287516856,72.00456986396432
120.0,120.0,120.0,120.0,120.0,120.0,120.0,120.0,120.0,120.0,10.006121723307976,10.003820198588224,31.480848626845127,96.04435312275218,98.79521071764869,100.75469785950635,102.54601353243791,104.25079787381866,104.24326467726272,100.97717520205187,65.33515517059536,54.77278885545359,50.32955077069127,55.30085797334954,71.94997104688642
120.0,120.0,120.0,120.0,120.0,120.0,120.0,120.0,120.0,120.0,10.006686347621153,10.004270520110476,34.66611272735621,97.36691990226952,100.78908485498557,101.27448337267822,102.28995470276092,103.33981913376513,104.29415457250755,101.03201362483837,65.69298750468657,54.860938055339965,50.35668494202657,55.36490861650707,71.90431684681543
120.0,120.0,120.0,120.0,120.0,120.0,120.0,120.0,120.0,120.0,10.006459086951729,10.005035229754492,36.27429857682392,93.51302100358008,101.89829729943406,102.53083985694406,102.57124781588446,103.17878131790994,103.57827571146225,101.10360218767431,65.93336872075959,55.128406172095254,50.342474839081184,55.360784221846146,71.94510366027484
120.0,120.0,120.0,120.0,120.0,120.0,120.0,120.0,120.0,120.0,10.006084963549087,10.005625668271918,28.649627882983804,91.81251855407852,99.6498012036961,103.3767478815331,103.34219193003838,103.3116702248245,103.4886563029149,100.57303309411856,66.13962551067252,55.37355737421713,50.45278120401877,55.310353598011446,71.93097245858053
120.0,120.0,120.0,120.0,120.0,120.0,120.0,120.0,120.0,120.0,10.00601391740917,10.005842181433035,24.140176294522384,92.84510864970187,98.40226337152274,101.94646729642392,103.97122880822951,103.74930105785657,103.52762957265794,100.51086134493238,65.60528944259059,55.57679775254257,50.585435112403786,55.3336414850887,71.8868228189613
120.0,120.0,120.0,120.0,120.0,120.0,120.0,120.0,120.0,120.0,10.00473133879962,10.003413821431133,36.93790203385348,95.77525893638634,98.75699598616471,101.17700513203421,103.00815685315766,104.20964609225761,103.7346718594899,100.50905833098629,65.55828855699916,55.41538015864837,50.692243143742154,55.375033901980146,71.88585919862405
120.0,120.0,120.0,120.0,120.0,120.0,120.0,120.0,120.0,120.0,10.005177426504051,10.00372995038359,40.26326785542945,97.44673486697057,100.51650427726331,101.31833333571792,102.58661648709263,103.5361413997,104.06652324689661,100.52725543745515,65.60273452250362,55.49527881942516,50.644392899978506,55.39591948413852,71.88958586369495
120.0,120.0,120.0,120.0,120.0,120.0,120.0,120.0,120.0,120.0,10.005237759901293,10.004220410575558,42.40310042040175,94.47469131929596,101.76139301044077,102.3790437113918,102.65042266498939,103.3517913414004,103.58430760683274,100.74572739773448,65.45748029493883,55.65078767189018,50.739145812769145,55.3474673200187,71.87733936872087
120.0,120.0,120.0,120.0,120.0,120.0,120.0,120.0,120.0,120.0,10.005136371714949,10.00458249293427,36.31260159403862,93.06814825728188,99.97129627523164,103.25558304607966,103.27755164253203,103.38483806570478,103.54655872845893,100.41541857161931,65.59912727406828,55.570056630244665,50.91127702381469,55.396882329676345,71.8270703162121
120.0,120.0,120.0,120.0,120.0,120.0,120.0,120.0,120.0,120.0,10.00512208106285,10.004759328570808,32.640574887918156,93.88907020757541,98.95880638334104,102.07288115605579,103.89114509502132,103.73177629462424,103.56616659191542,100.43257321921344,65.24283867370411,55.57434818090962,50.92029019954586,55.512663656519415,71.85135573412875
120.0,120.0,120.0,120.0,120.0,120.0,120.0,120.0,120.0,120.0,10.003898701698114,10.002806548522011,45.39138443698636,96.380902921514,99.25020260653743,101.4610162804822,103.05923821672864,104.16296049232454,103.73036791138894,100.46024278850011,65.2852858283094,55.40057715655781,50.91606908378172,55.53246088274675,71.91746189627209
120.0,120.0,120.0,120.0,120.0,120.0,120.0,120.0,120.0,120.0,10.00418366440607,10.003077826224448,50.3948660442763,97.77153694953294,100.78696995100988,101.59363076282098,102.73693772507022,103.55489207756973,104.03595300788359,100.48498423853273,65.37887251272431,55.450744013439895,50.84745022363614,55.529703820409026,71.92141511803901
120.0,120.0,120.0,120.0,120.0,120.0,120.0,120.0,120.0,120.0,10.004157691858044,10.003513530737676,53.11958949208486,95.14442048411732,101.84564139590094,102.54452409013062,102.81337507926483,103.42939722340284,103.58387701011812,100.69369142516558,65.28968378812412,55.56763175875558,50.90168516247557,55.50374609256844,71.91389133924109
120.0,120.0,120.0,120.0,120.0,120.0,120.0,120.0,120.0,120.0,10.004039232678696,10.003844204977648,46.39556360384411,94.00282859541952,100.12455515586605,103.30299735287727,103.39080632159131,103.48238918672973,103.5799404343747,100.37756046295722,65.4485178099315,55.49414004065785,51.013584800588156,55.55003604248847,71.8952257096357
120.0,120.0,120.0,120.0,120.0,120.0,120.0,120.0,120.0,120.0,10.004029563093836,10.003969205401043,41.01471340759993,94.88575526301389,99.2038776000438,102.10803585220458,103.93095477355322,103.81232148550147,103.6214018553687,100.41815027977815,65.10282763933031,55.503682477784885,50.9969878709409,55.635830197065836,71.92923136593674
120.0,120.0,120.0,120.0,120.0,120.0,120.0,120.0,120.0,120.0,10.003027964986414,10.002299519275084,53.22870511846417,97.27738563338653,99.56468634045076,101.5120238638534,103.0626768744347,104.19959873538018,103.7864907674432,100.47210513020434,65.16768306378853,55.31842578229477,50.980047837649714,55.641493382418815,71.98515544748751
120.0,120.0,120.0,120.0,120.0,120.0,120.0,120.0,120.0,120.0,10.003289224731882,10.002453226738792,60.5763761564018,98.6383147026057,101.1437672175198,101.6946897152865,102.72301942342384,103.55158188005113,104.06812518084843,100.51194131683414,65.30450062652022,55.3600477977347,50.88748883598271,55.63188400565058,71.98668972036441
120.0,120.0,120.0,120.0,120.0,120.0,120.0,120.0,120.0,120.0,10.003296430946023,10.002765005579231,65.97961441349993,96.26232442077455,102.25049321536888,102.71676872794843,102.83178161338303,103.39563617723167,103.58062811294472,100.71368587955506,65.25605275233197,55.488834428316366,50.91673893661355,55.58889380050186,71.97888333521462
120.0,120.0,120.0,120.0,120.0,120.0,120.0,120.0,120.0,120.0,10.003183691529212,10.00305713605496,60.85055106560145,95.11542460689313,100.63413595125584,103.54102793950639,103.47666799083207,103.46776631685383,103.54335261531841,100.37154572832699,65.42810785850628,55.435692683912464,51.01699551776573,55.61476369107297,71.95212161403207
120.0,120.0,120.0,120.0,120.0,120.0,120.0,120.0,120.0,120.0,10.003132046118418,10.00320944942801,54.053510456249754,95.85003001405337,99.64209624927007,102.39926691286227,104.07998757907896,103.85223939046972,103.59489973042156,100.38107036322396,65.06171403064309,55.45550257573853,50.99698177684059,55.68682917011227,71.97520667810056
120.0,120.0,120.0,120.0,120.0,120.0,120.0,120.0,120.0,120.0,10.002254790127452,10.001872652039829,64.2766116940234,98.07056364926703,99.86628044735806,101.72258723637098,103.24372293876263,104.29274044088663,103.80055522619328,100.43807817755908,65.08712142227597,55.26313034177031,50.974454319329475,55.68276891632984,72.02360704498163
120.0,120.0,120.0,120.0,120.0,120.0,120.0,120.0,120.0,120.0,10.00243256265105,10.001963969312431,72.79889431404945,99.46430356101118,101.37202765126986,101.7984806323943,102.83351887460452,103.6664456634457,104.1237438326881,100.50611423234217,65.2212233382578,55.285306701232855,50.870424999046584,55.662019980759176,72.01911069150394
120.0,120.0,120.0,120.0,120.0,120.0,120.0,120.0,120.0,120.0,10.002479865672141,10.002164169193389,80.04325542103692,97.54947279984226,102.54441522046358,102.78972134602571,102.86488408123586,103.4553633617338,103.6522905967349,100.73842894480514,65.20260974759593,55.411427996458634,50.884932002335525,55.60574611534448,72.0037655994898
120.0,120.0,120.0,120.0,120.0,120.0,120.0,120.0,120.0,120.0,10.002451769665175,10.002360746724037,76.96515201742686,96.59400485169374,101.17160985663973,103.67572656424413,103.49679255659727,103.47494799287537,103.57520899158392,100.4102667643138,65.4075034465413,55.37110292890488,50.98043801883076,55.61880538523842,71.96824602324664
120.0,120.0,120.0,120.0,120.0,120.0,120.0,120.0,120.0,120.0,10.002448633131868,10.00248088488728,70.69756830294223,97.22634289247442,100.29326126722863,102.66979764471532,104.14795272879472,103.85433376328541,103.59361144461758,100.39577306938739,65.05806257556202,55.40065457306885,50.963332987444616,55.68533611420249,71.98370762100832
120.0,120.0,120.0,120.0,120.0,120.0,120.0,120.0,120.0,120.0,10.004964522843373,10.004535246109713,84.52764943088677,99.1808802174891,100.46519589230996,102.05303713074817,103.3881434312264,104.32809149946587,103.79788822446321,100.4351966264127,65.06329377707341,55.208398263977614,50.93872257524425,55.68036066286857,72.02977220902346
120.0,120.0,120.0,120.0,120.0,120.0,120.0,120.0,120.0,120.0,10.00604874816421,10.008536649315557,90.05537446175151,100.38434447675931,101.83862287827358,102.09982022674055,103.00845450926958,103.7426081994399,104.14215798820321,100.5048403843368,65.18832171370171,55.217184755013676,50.8245967523585,55.654516153144606,72.02546033765766
120.0,120.0,120.0,120.0,120.0,120.0,120.0,120.0,120.0,120.0,10.008696474488527,10.005603248644311,91.95843067662956,98.18889367643355,102.90000466312459,103.03097235973055,103.02611697580775,103.54623535000542,103.68963847080437,100.74830253452667,65.1809053050944,55.342935706135556,50.823993433027375,55.58711498304605,72.00674006577638
120.0,120.0,120.0,120.0,120.0,120.0,120.0,120.0,120.0,120.0,10.011848716770878,10.00937095080283,93.8587597509091,98.6033412030189,101.04570436859649,103.85655245137491,103.63484130864722,103.56285365114401,103.61904343213273,100.42486081479689,65.39672028973452,55.316229374300526,50.91563414999195,55.58670541027216,71.96347787664664
120.0,120.0,120.0,120.0,120.0,120.0,120.0,120.0,120.0,120.0,10.014671936859346,10.02302633132919,94.59454959093513,99.93223437068022,101.26588211405054,102.35955676012406,104.25342174039018,103.93769899217568,103.64150997844702,100.41285716562547,65.0396947485506,55.35302988977076,50.90590656300022,55.64771429103204,71.97004282038374
120.0,120.0,120.0,120.0,120.0,120.0,120.0,120.0,120.0,120.0,10.011108901206105,20.714478352940326,95.03059847695899,100.34495166057756,102.22472289103948,102.61250931978428,103.04732827913001,104.39444085543177,103.85021972826847,100.46237356667223,65.03961236695393,55.1491416288994,50.88445656952554,55.64510023068549,72.01302969795604
120.0,120.0,120.0,120.0,120.0,120.0,120.0,120.0,120.0,120.0,10.013396794140967,23.572013288954484,95.38394552387778,100.77348582709325,102.37286806901368,103.32437629064601,103.36966505094057,103.42282122882585,104.18638917823637,100.54228629934356,65.18362381969584,55.14576200800301,50.75980552674859,55.61925004643797,72.01064091338951
120.0,120.0,120.0,120.0,120.0,120.0,120.0,120.0,120.0,120.0,10.016492485565708,25.432082956153508,92.92852806816597,101.1678053877103,102.78774858547747,103.27295600489913,103.90221717186505,103.80080453878192,103.40913488653503,100.78362588232557,65.19991644368476,55.27964231032243,50.7462453903367,55.54337318640371,71.99182993417055
120.0,120.0,120.0,120.0,120.0,120.0,120.0,120.0,120.0,120.0,10.018167688042388,17.960175917601337,91.91754784252645,99.55458720750859,103.20192625923929,103.67739166594633,103.70465678836644,104.19460631384888,103.80958156588784,100.19023678616914,65.42131999293272,55.26841083539345,50.83732044946273,55.532822957895405,71.94290902358331
120.0,120.0,120.0,120.0,120.0,120.0,120.0,120.0,120.0,120.0,10.018001181327058,14.79748254428331,92.49979891037921,98.68867856247861,102.07266583402807,104.09005143450999,104.10727928681833,103.89763158465024,104.09852561014893,100.54477759837171,64.71877718386956,55.310432821496235,50.83295166996183,55.59105946006632,71.94314086921196
120.0,120.0,120.0,120.0,120.0,120.0,120.0,120.0,120.0,120.0,10.010115471241935,32.26985304387579,95.29503311411015,98.76542000312877,101.46992022922751,103.25170215486166,104.49984836217448,104.30503261936485,103.74318363998468,100.81340708691064,65.1288929321358,54.92516570968092,50.81146823636422,55.58907923995315,71.98466300393841
120.0,120.0,120.0,120.0,120.0,120.0,120.0,120.0,120.0,120.0,10.012729819913673,33.93543513412798,97.07125360121552,100.43421737536077,101.40744427437718,102.87372178776161,103.84624893500997,104.66208534427743,104.15176784178497,100.40808937217399,65.60781667782794,55.11779211021864,50.59970705640491,55.5603661749879,71.98250858019837
120.0,120.0,120.0,120.0,120.0,120.0,120.0,120.0,120.0,120.0,10.015748459160244,33.722940435850745,93.11666754249448,101.68281992544811,102.43262586449953,102.77965238492871,103.653251048469,104.13106461932145,104.47246531921105,100.77735537956775,64.96986350176357,55.45128651310583,50.67751121486536,55.439786216404464,71.96132369776969
120.0,120.0,120.0,120.0,120.0,120.0,120.0,120.0,120.0,120.0,10.016373220469104,21.796899593581813,91.61282466777519,99.17990646978761,103.28606160861457,103.40458036077175,103.56462323682176,104.08795406772961,104.02473900487307,101.14793505225857,65.34615014110254,55.054098953615835,50.872199013373724,55.479120945141645,71.88695574547472
120.0,120.0,120.0,120.0,120.0,120.0,120.0,120.0,120.0,120.0,10.015206875180652,18.201886785771332,93.15931378437371,97.99372141266119,101.5545991482426,103.98454576550112,103.92380110730696,104.0175285839961,104.09534776278872,100.76406190270892,66.0612432717766,55.14464353363729,50.65094169730681,55.59140639015598,71.92328080269091
120.0,120.0,120.0,120.0,120.0,120.0,120.0,120.0,120.0,120.0,10.00813907761704,38.55166606987018,97.06555595513804,98.73444319846631,100.7930544130137,102.71187413691112,104.31703765279579,104.19488541757339,104.05363525627283,100.88508005892034,65.63123882880936,55.62381060955675,50.62147927940145,55.458801502204224,71.9918144957334
120.0,120.0,120.0,120.0,120.0,120.0,120.0,120.0,120.0,120.0,10.009642684696718,42.80464052341635,98.96712476857454,101.22526047459787,101.20736728457065,102.27572518238335,103.34737641911893,104.46462134615051,104.10507108255385,100.94344694873557,65.78839993800428,55.44101602179214,50.86896605141387,55.4135672943374,71.90124922556133
120.0,120.0,120.0,120.0,120.0,120.0,120.0,120.0,120.0,120.0,10.01176519488511,46.16915820505011,94.65343274481928,102.69961204376223,102.79384944301499,102.52572640121376,103.1421451002314,103.71170433032026,104.29650991850832,100.90317841775611,66.10195400812093,55.4996150502658,50.778974541519695,55.53999263887857,71.87713010533842
120.0,120.0,120.0,120.0,120.0,120.0,120.0,120.0,120.0,120.0,10.01278142009192,35.74179273063191,92.75223699780686,100.02098136196956,103.86981530528695,103.52085358828835,103.2934023203875,103.66005084630102,103.71171975015977,101.03591358952093,66.04402533976013,55.816769459841716,50.76116020258025,55.472337743262656,71.94914457284744
120.0,120.0,120.0,120.0,120.0,120.0,120.0,120.0,120.0,120.0,10.012433234915843,29.2537887586644,94.06956213699289,98.48220748081846,102.08307370161461,104.29649952672384,103.88625612065918,103.7451013829802,103.7498430957853,100.61560248382759,66.15886942855319,55.86071598217222,50.95917942619439,55.425192646359065,71.88925227667379
120.0,120.0,120.0,120.0,120.0,120.0,120.0,120.0,120.0,120.0,10.006685412801989,47.97128930419087,97.70458606509602,98.99154902442395,101.07745329959529,103.04488044489631,104.44321581101988,104.06084390069532,103.78928239722103,100.67289444198438,65.72564895670209,55.90506697619059,51.02138740548363,55.5266144834978,71.85309175649637
120.0,120.0,120.0,120.0,120.0,120.0,120.0,120.0,120.0,120.0,10.007629838786608,54.74732002751113,99.66952834392997,101.36720388377877,101.3177348853677,102.46102781486879,103.5402856554982,104.46198772063157,103.9167692321446,100.69854858742976,65.82587312902187,55.73871793553928,51.029500513404656,55.55507256096024,71.90726338383352
120.0,120.0,120.0,120.0,120.0,120.0,120.0,120.0,120.0,120.0,10.009071767634099,60.36834683584126,96.18315228079634,102.91502367648053,102.84218047584362,102.5944711408043,103.2602561275781,103.7987616763186,104.20845736971287,100.67497697233655,65.91622271503037,55.86088555555123,50.967680105235566,55.53506369678055,71.90830153429002
120.0,120.0,120.0,120.0,120.0,120.0,120.0,120.0,120.0,120.0,10.009892874263377,51.43182688090447,94.59219156353919,100.59676226935808,103.9677537197167,103.5515126585421,103.34354125853734,103.7226315075387,103.71708382276073,100.87819092664262,65.73552860759649,56.003603828718404,51.07312132657496,55.49573396503692,71.88133715085716
120.0,120.0,120.0,120.0,120.0,120.0,120.0,120.0,120.0,120.0,10.009773236702335,43.296113011875214,95.7328295043523,99.20981640687796,102.34807921590456,104.35450707567763,103.91511232741514,103.77821595475011,103.7620510838125,100.53761805891705,65.88402694954233,55.87746043234306,51.213631267937465,55.56237434499777,71.8481173990781
120.0,120.0,120.0,120.0,120.0,120.0,120.0,120.0,120.0,120.0,10.005292349994981,60.324327291931176,98.91477199272406,99.64397891463759,101.4026374419692,103.17515258410309,104.48474339535403,104.0874777784078,103.80094297113818,100.61600821048614,65.52496623487976,55.88220369966928,51.17236886908763,55.65973586059979,71.89012261308963
120.0,120.0,120.0,120.0,120.0,120.0,120.0,120.0,120.0,120.0,10.005810380292617,70.72962056172487,100.64056501644134,101.8662653175907,101.60944331496108,102.60579652539303,103.60391714227535,104.49375253333372,103.93496933181963,100.66323816217519,65.63810739622483,55.71076305597355,51.15377247311815,55.64624881057319,71.94773869601818
120.0,120.0,120.0,120.0,120.0,120.0,120.0,120.0,120.0,120.0,10.006721977705661,79.75811654739549,97.79423706646433,103.32765719894599,103.10436089300411,102.72816574956774,103.31677530337628,103.82689932580861,104.22940057653203,100.66322597206367,65.7654715328288,55.79076075762812,51.08136148406807,55.632517608515116,71.93323125087777
120.0,120.0,120.0,120.0,120.0,120.0,120.0,120.0,120.0,120.0,10.007335844907193,73.12509320840638,96.60197193793505,101.24197394103038,104.21058210714682,103.7038034852304,103.40153938420444,103.73512495887995,103.72346603878911,100.87271344635444,65.64245245245094,55.92046328236879,51.1413182308627,55.6035901655643,71.92172444272896
120.0,120.0,120.0,120.0,120.0,120.0,120.0,120.0,120.0,120.0,10.007363815423966,63.42419047290618,97.76501257357013,100.01923231124074,102.66998920722301,104.51512875614327,104.007303742429,103.79873090353315,103.75182939179773,100.51649478162527,65.81107707639188,55.818096554004846,51.24924926144079,55.649042422326445,71.9035591171938
120.0,120.0,120.0,120.0,120.0,120.0,120.0,120.0,120.0,120.0,10.015457963641678,81.90868978286429,100.61586902697218,100.48536563385225,101.76672455889563,103.35196068255145,104.59499330545157,104.14345552430554,103.8018409979276,100.58295503435072,65.42821947630719,55.82806102209108,51.20505430853999,55.727056957422505,71.93844315640904
120.0,120.0,120.0,120.0,120.0,120.0,120.0,120.0,120.0,120.0,14.124464477540492,91.23194288326012,102.09227999353602,102.63358472958508,101.99224701312177,102.77173733879246,103.70412777898734,104.56918604620328,103.96695613839374,100.64478913257446,65.52549521406391,55.630084554642615,51.17700218844429,55.71088484049272,71.98910827906037
120.0,120.0,120.0,120.0,120.0,120.0,120.0,120.0,120.0,120.0,10.014819984190252,95.22835258681249,99.32922703345761,104.02272005095469,103.51659448320383,102.9055578538358,103.38709352121894,103.88274467188522,104.27897143183301,100.6712789809122,65.67956249635883,55.69106639440522,51.075470234980195,55.68886707695417,71.9762055328434
120.0,120.0,120.0,120.0,120.0,120.0,120.0,120.0,120.0,120.0,10.031202267112564,97.14470901258419,99.49847786273338,101.66845448632509,104.63311278182456,103.94294039867766,103.48087149022632,103.75822690021192,103.75207744595326,100.89626422310421,65.59543065219944,55.83332425869388,51.11230016049944,55.638056724961444,71.96087052074408
120.0,120.0,120.0,120.0,120.0,120.0,120.0,120.0,120.0,120.0,11.470581317407984,98.6971555663501,100.81943239579178,101.54363049717301,102.73241873961545,104.7955508398981,104.15110941857911,103.83048096886846,103.75182656190194,100.52326743013084,65.785602365559,55.750211210649304,51.218688857390624,55.665493202591215,71.92992548472533
120.0,120.0,120.0,120.0,120.0,120.0,120.0,120.0,120.0,120.0,29.710537510475035,99.5946893590472,101.89840435756838,102.511484751524,102.68880533693711,103.2726925964121,104.7869297011313,104.23110482069856,103.81067695116519,100.56839148823508,65.38340036246632,55.76553071850622,51.17728326321989,55.73901566792836,71.95515818306872
120.0,120.0,120.0,120.0,120.0,120.0,120.0,120.0,120.0,120.0,35.62598364528266,99.89031339814866,102.66847944518213,103.13887529284472,103.42740473096735,103.38319177109729,103.57025546686161,104.70109820110858,104.02022491258379,100.64033694345069,65.45566738125744,55.55117208187008,51.14196624147573,55.72016759013214,72.00466595346097
120.0,120.0,120.0,120.0,120.0,120.0,120.0,120.0,120.0,120.0,42.056665255046774,97.54178864174048,103.08116317688618,103.79067814293218,103.69842013201523,103.95618334516186,103.8206554332377,103.73368570712577,104.36907911155919,100.70161587763752,65.62737548540052,55.59561265422264,51.02172851853964,55.68811220410434,71.99067142619687
120.0,120.0,120.0,120.0,120.0,120.0,120.0,120.0,120.0,120.0,32.14892832268424,97.22529770423024,101.01189967720187,104.26547673284924,104.25335103780934,103.95801844546396,104.2615695261285,104.08139934326988,103.60731836176473,100.95684695190454,65.5893970124749,55.748472655906106,51.0424920457814,55.620805157249286,71.9686664806461
120.0,120.0,120.0,120.0,120.0,120.0,120.0,120.0,120.0,120.0,25.735107143870813,98.61269616100509,100.16840219994475,102.60264063218906,104.74926946254008,104.44578085018284,104.0721296748599,104.41333306315678,104.00095735138734,100.39250225053073,65.81957730533132,55.6901608165346,51.15013232340359,55.63473275304192,71.9269559398327
120.0,120.0,120.0,120.0,120.0,120.0,120.0,120.0,120.0,120.0,47.40060852724276,101.65399397252762,100.71760932073896,101.80371421771295,103.4239936865776,104.93259278084146,104.52041924265163,104.09901742498474,104.24805232391124,100.75489698627159,65.1759413421797,55.722320394500734,51.11742597550036,55.70581036994763,71.94418615548926
120.0,120.0,120.0,120.0,120.0,120.0,120.0,120.0,120.0,120.0,58.50234184016115,103.1836994778666,103.15090525894368,101.99796077137225,102.80326227274038,103.86592025025814,104.97385704599529,104.52799621059431,103.86368612477168,100.99453546404892,65.62607798613143,55.37661927741402,51.08307785624895,55.68835784855314,71.99308898768766
120.0,120.0,120.0,120.0,120.0,120.0,120.0,120.0,120.0,120.0,69.0399916496027,100.94414089663692,104.64193420503315,103.80373378730802,102.84548316362368,103.449226684238,104.10258405758302,104.9318117116547,104.28002874906032,100.55707867795599,66.08245100685495,55.60753793415047,50.89255476949185,55.6514193308014,71.98003122403081
120.0,120.0,120.0,120.0,120.0,120.0,120.0,120.0,120.0,120.0,62.85534806418039,100.6491101538365,102.6165875612174,105.03064595267938,104.12095337474501,103.42944728698014,103.8768530514718,104.20633482781199,104.63377563022766,100.92708658871675,65.39248233918644,55.94002518800615,50.9951510829282,55.543323765204775,71.95378977689087
120.0,120.0,120.0,120.0,120.0,120.0,120.0,120.0,120.0,120.0,59.927045853343394,102.26872883273087,101.85524742162379,103.34551750002869,105.0638572882365,104.28224163855963,103.83683944897585,104.14518930604096,104.01715377035246,101.31828227340829,65.76812473217329,55.514870907942274,51.192846252165744,55.5963995027436,71.887155030905
120.0,120.0,120.0,120.0,120.0,120.0,120.0,120.0,120.0,120.0,85.2249748683337,104.74284052676902,102.83378861678351,102.64612935915693,103.68552780884264,104.97725169039924,104.36365900982337,104.10369212075123,104.08335106044461,100.78663648599895,66.50716293930729,55.61064699623623,50.958444129205645,55.70911740367327,71.93079291292342
120.0,120.0,120.0,120.0,120.0,120.0,120.0,120.0,120.0,120.0,98.52781298843702,104.59073446835134,105.07637073984594,103.29746505469119,103.19269390423815,103.85437836820424,104.86250960989398,104.38585177345308,104.05547908158974,100.89937221049478,65.86734888284941,56.10929239738725,50.93627488032706,55.56862081894333,71.99767238515369
120.0,120.0,120.0,120.0,120.0,120.0,120.0,120.0,120.0,120.0,105.85652603541604,103.26734421428434,105.67374770266711,105.10756549620915,103.66413396035209,103.58383449261724,103.95145675043345,104.74217362681706,104.1584863380615,100.96292847011327,65.98111752028781,55.80738660055158,51.200670882740866,55.528900074104534,71.90089554381987
120.0,120.0,120.0,120.0,120.0,120.0,120.0,120.0,120.0,120.0,107.3991211793317,104.87900101755976,103.31651329280268,105.66823104756011,105.02083285767841,103.94075287897866,103.86619274650486,104.00560178428873,104.41645571326774,100.92088327452046,66.29714278253294,55.827745745280616,51.05439588338974,55.66717855590434,71.88026536516897
120.0,120.0,120.0,120.0,120.0,120.0,120.0,120.0,120.0,120.0,107.77254292770738,106.74783892764188,104.42786075509589,103.37248906175812,105.4785829907019,104.89362779880283,104.13928192341669,104.05281484066026,103.82914849335677,101.09390859421056,66.16624303574402,56.153258095310385,51.01789814426823,55.572119587339174,71.95940874136335
120.0,120.0,120.0,120.0,120.0,120.0,120.0,120.0,120.0,120.0,108.09931226696747,107.21089269566909,106.27516060171367,104.27567527634565,103.44061975260095,105.2457595708813,104.76098820366693,104.25910800916917,103.95254084009073,100.6667561421779,66.27348309503883,56.124250456190346,51.235081577592496,55.519727851271234,71.88314363159128
120.0,120.0,120.0,120.0,120.0,120.0,120.0,120.0,120.0,120.0,108.32504163482008,107.72075908523291,106.61644441032941,105.91730873555366,104.27928843223935,103.52357774973822,105.02550696643613,104.62439616897838,104.10537568952616,100.79453352199401,65.8091734795398,56.11021637222298,51.260175926223745,55.643834577036365,71.849064708935
120.0,120.0,120.0,120.0,120.0,120.0,120.0,120.0,120.0,120.0,108.38245140283475,108.12619912772216,107.29273578982021,106.05325658450661,105.64223337495592,104.35056875709336,103.61964289682666,104.82605637023991,104.28411459828763,100.92950990957507,65.98161937164582,55.89096545125669,51.21860249600402,55.66021973869174,71.9229693967
120.0,120.0,120.0,120.0,120.0,120.0,120.0,120.0,120.0,120.0,108.45376961701585,108.22388713844855,107.87354007159085,106.86000742437993,105.55583964805571,105.42046414272923,104.43603857813537,103.70704408926481,104.44380878832396,100.96097863503358,66.22689141117623,56.01960136791372,51.11253173281471,55.61413655661793,71.92048943506538
120.0,120.0,120.0,120.0,120.0,120.0,120.0,120.0,120.0,120.0,108.4985003172472,108.3590666359121,108.00389448409791,107.58074289421214,106.45649050646095,105.14011697738832,105.23325305383791,104.49279533269367,103.57229712985917,101.08831749445817,66.1368449540989,56.22559326147229,51.20209549579799,55.55253807006979,71.88221062810767
120.0,120.0,120.0,120.0,120.0,120.0,120.0,120.0,120.0,120.0,108.51090661946385,108.44698768066135,108.22399339242325,107.72846591352115,107.26302401134056,106.10264148409395,104.80812649407137,105.05600084542414,104.29821054756506,100.44844326510615,66.23009321560589,56.13134744900173,51.35311302853374,55.60970721793322,71.84037070340854
120.0,120.0,120.0,120.0,120.0,120.0,120.0,120.0,120.0,120.0,108.52855190417384,108.46959322979784,108.36771425635274,108.04861230528707,107.40822490212446,106.93364151771357,105.80509418566034,104.5396553952758,104.67899065573847,101.05509763337781,65.51472003083103,56.10280158598603,51.30183852223702,55.70663149884366,71.88137418069361
120.0,120.0,120.0,120.0,120.0,120.0,120.0,120.0,120.0,120.0,108.53805578096359,108.50537208234222,108.40445680611012,108.25719190718864,107.83811732800102,107.058990139824,106.60461462874412,105.54720970723862,104.1214678340505,101.36643698456554,66.26342502024545,55.75542649860054,51.24245544201881,55.675093491337506,71.94065624019126
120.0,120.0,120.0,120.0,120.0,120.0,120.0,120.0,120.0,120.0,108.54090899833915,108.52446388777075,108.46832026222722,108.31068734352138,108.11329682370243,107.60006650270003,106.69649369274742,106.27196542241397,105.11231575827209,100.77555211961202,66.78645451606248,56.168634732983804,51.077362507990536,55.62431214972379,71.91283141880336
120.0,120.0,120.0,120.0,120.0,120.0,120.0,120.0,120.0,120.0,108.54545234885323,108.53024559197634,108.50172454815402,108.41399550718407,108.18513510347368,107.93600052019984,107.34266017957111,106.32289467259795,105.75024843274336,101.70497606312466,65.8452112936494,56.52778233911835,51.296318427499564,55.54047292371067,71.87574454750967
120.0,120.0,120.0,120.0,120.0,120.0,120.0,120.0,120.0,120.0,108.5476878673593,108.53990124940167,108.51232973758034,108.46672057048806,108.33970519576957,108.02675818882923,107.72668570370611,107.06136980708042,105.7600463843231,102.40818166541736,67.0412164919922,55.91700756308228,51.5111241360833,55.666582883289806,71.82625850493656
120.0,120.0,120.0,120.0,120.0,120.0,120.0,120.0,120.0,120.0,108.54845524849378,108.54407287485628,108.53014516442013,108.48408652525934,108.41583347442543,108.24325449299508,107.83570362524762,107.47713494035798,106.5728734829449,102.39844299646477,68.44386729075586,56.47255040591311,51.156978743099415,55.78788645526388,71.91517735877613
120.0,120.0,120.0,120.0,120.0,120.0,120.0,120.0,120.0,120.0,108.54965544141115,108.54568628830748,108.53769036815483,108.51469814668067,108.44278849233326,108.3460152751871,108.12304332101274,107.60338327183457,107.02149666119422,103.30873901286787,68.55678072570304,57.46166935904517,51.348971634592985,55.57094130188827,71.97940766051995
120.0,120.0,120.0,120.0,120.0,120.0,120.0,120.0,120.0,120.0,108.55010859982372,108.5482151580165,108.54080662816827,108.52716627210037,108.49169785897384,108.38563759493194,108.25387415074378,107.96741053143198,107.16737888262234,103.98183797827753,70.12071627961421,57.59673353977148,51.886164243125414,55.63271960696786,71.82875935577192
120.0,120.0,120.0,120.0,120.0,120.0,120.0,120.0,120.0,120.0,108.5503284787984,108.54912726159017,108.54566841092128,108.53276586481859,108.51081967430666,108.45912291789854,108.30953846684159,108.12717203523731,107.61486233375084,104.23687970065463,71.88146616809449,58.55123139293424,51.91969371768844,55.90289976733496,71.86643472107731
120.0,120.0,120.0,120.0,120.0,120.0,120.0,120.0,120.0,120.0,108.55074157695546,108.54969008624803,108.54741807386361,108.54148082060495,108.52033151169707,108.4867121708168,108.41431370240606,108.20264854262291,107.8195136925132,104.8660737258716,72.82451139447795,60.02471261533834,52.30728104925781,55.844357118401746,72.00209814468107
120.0,120.0,120.0,120.0,120.0,120.0,120.0,120.0,120.0,120.0,108.55084545083565,108.55035836649951,108.54838447742837,108.54434707565457,108.5347607405348,108.50188619493541,108.45204687981983,108.34560914542234,107.92460591631585,105.29397802939113,74.40478774308913,61.04829054293892,53.1320578553895,55.928253285703796,71.90407512768604
120.0,120.0,120.0,120.0,120.0,120.0,120.0,120.0,120.0,120.0,108.55091938253709,108.55056158509936,108.54968325406308,108.54616212362022,108.53933748155906,108.52459615710067,108.47528681437363,108.39615277489234,108.11893454719473,105.53808574937568,75.93994219018809,62.496591174933506,53.764244873864975,56.27772399932527,71.89116992329225
120.0,120.0,120.0,120.0,120.0,120.0,120.0,120.0,120.0,120.0,108.55100057323591,108.55071869514383,108.55005824526474,108.5485246980572,108.542564322716,108.53151856047118,108.50931014051868,108.43063853131294,108.19657890190783,105.89338679407359,77.03156682228571,64.21384605429928,54.63235315113267,56.49834665583649,72.01158714168021
120.0,120.0,120.0,120.0,120.0,120.0,120.0,120.0,120.0,120.0,108.55101883257178,108.55089071375318,108.55037098383735,108.54917719999666,108.54661389809618,108.53697499912273,108.51936927690701,108.4798471274656,108.25189007923574,106.12583162703285,78.29581588001244,65.71194118325697,55.82483616633339,56.82141782293729,72.01559307519453
120.0,120.0,120.0,120.0,120.0,120.0,120.0,120.0,120.0,120.0,108.55110920227649,108.55099318646495,108.55075624253195,108.54980918996678,108.5477203335131,108.54358199882174,108.52821703232298,108.49467695564863,108.32669547496857,106.29077841872679,79.40687725887514,67.35887547807248,57.014945720990944,57.36722262788889,72.06814172229572
120.0,120.0,120.0,120.0,120.0,120.0,120.0,120.0,120.0,120.0,108.5511295148297,108.55104307803434,108.55084627304755,108.5504378855086,108.54880469576828,108.54528576709811,108.53845870903989,108.50870885430876,108.35550045380725,106.47586093339895,80.28819053071398,69.03185790774698,58.375903525400474,57.94166234528009,72.23480090959961
120.0,120.0,120.0,120.0,120.0,120.0,120.0,120.0,120.0,120.0,108.55113580513991,108.55108622341872,108.55094541098327,108.55059398494181,108.54989938905418,108.54717151217308,108.54108926882978,108.52436406754379,108.38155286935013,106.59964924620307,81.16494576630552,70.54833293971346,59.91286494848489,58.645074190729765,72.39516437897242
120.0,120.0,120.0,120.0,120.0,120.0,120.0,120.0,120.0,120.0,108.55113734373306,108.55110158005569,108.55103130370733,108.55078440318809,108.55016212695104,108.54899133640498,108.54425422707614,108.52876028435014,108.40924779289655,106.69906074912754,81.90340609307191,72.04958942172198,61.47377208784839,59.52713312998276,72.62781111026959
120.0,120.0,120.0,120.0,120.0,120.0,120.0,120.0,120.0,120.0,108.55113380019286,108.5511118538063,108.55105855681113,108.55094500011836,108.5505138616602,108.54942273581165,108.5471740061122,108.53412309413022,108.42086418865574,106.79523445971775,82.51926685850272,73.45762394723445,63.11406637005144,60.50158122393177,72.96597455008812
120.0,120.0,120.0,120.0,120.0,120.0,120.0,120.0,120.0,120.0,108.55118962022155,108.55116590904218,108.55112277564571,108.55101941279374,108.55082053134913,108.55006439154641,108.5479021434592,108.53891517224699,108.43275979997837,106.86362479641849,83.0876764502906,74.72622304129723,64.79484906791615,61.60563708396984,73.36231762255034
120.0,120.0,120.0,120.0,120.0,120.0,120.0,120.0,120.0,120.0,108.5511868785027,108.55116875855781,108.55114585444511,108.55107918460365,108.55089799925034,108.55054934548141,108.5489869773609,108.54034701136952,108.44334953798298,106.9217978024956,83.5627030917284,75.91106578745975,66.44409246617957,62.83533153028366,73.85358278035513
120.0,120.0,120.0,120.0,120.0,120.0,120.0,120.0,120.0,120.0,108.55118487636533,108.55116825928964,108.5511522699361,108.55112146002632,108.55100873998161,108.55067475397841,108.5497903284342,108.54233637753252,108.44868979348776,106.97377560940197,83.96774831106428,76.9780571798519,68.07174922993539,64.1407345059813,74.44369935014642
120.0,120.0,120.0,120.0,120.0,120.0,120.0,120.0,120.0,120.0,108.55117714841597,108.55117101588142,108.55115677813575,108.55113364288174,108.55108313168887,108.55087441963757,108.55001113263981,108.54380404258266,108.45422900946845,107.01333547437854,84.32748251537159,77.92697621515632,69.64052074202395,65.52188140519208,75.10885610754592
120.0,120.0,120.0,120.0,120.0,120.0,120.0,120.0,120.0,120.0,108.55116595664794,108.55116478931714,108.55116443433448,108.55114743966342,108.55110464061158,108.55100125235055,108.55036915644702,108.54434903665707,108.45868479492079,107.0476065456837,84.62990858323026,78.78285563312933,71.11982168794125,66.9496885280943,75.85769096168076
120.0,120.0,120.0,120.0,120.0,120.0,120.0,120.0,120.0,120.0,108.55121360105316,108.55120176573428,108.55119420211982,108.55118699138114,108.55115391756621,108.55105287813542,108.55059884407245,108.54509544841088,108.46146081101658,107.07716327291051,84.88989477916222,79.53733352559131,72.51068882887196,68.38613208117692,76.67495732863446
120.0,120.0,120.0,120.0,120.0,120.0,120.0,120.0,120.0,120.0,108.55120679653571,108.55119960590373,108.55119486835181,108.55118933257009,108.55117979478653,108.55111416928004,108.55067540989593,108.54557976680378,108.46419237540749,107.10088946677925,85.11642937245782,80.200400417482,73.79492432019835,69.81507833509022,77.53852404477327
120.0,120.0,120.0,120.0,120.0,120.0,120.0,120.0,120.0,120.0,108.55120138887295,108.55119275575176,108.5511942486794,108.55119301097731,108.55118491083705,108.5511533480998,108.55079133186004,108.54582067171499,108.46632973075916,107.121461856453,85.30839493796547,80.78569671581168,74.96577953042657,71.20699420659541,78.43832441649515
120.0,120.0,120.0,120.0,120.0,120.0,120.0,120.0,120.0,120.0,108.55119165726647,108.55119054787232,108.55118804606776,108.5511946592211,108.55119388472818,108.55116404649465,108.55085898890883,108.54610897170674,108.46789114782678,107.13900587100734,85.47366772253932,81.29534803530352,76.02788765642843,72.53717939873346,79.35154674687743
120.0,120.0,120.0,120.0,120.0,120.0,120.0,120.0,120.0,120.0,108.55117849323105,108.55118186527314,108.55118830508125,108.55118959399285,108.55119862933985,108.55118230239582,108.55088554744655,108.54629726792562,108.46933954479017,107.1535667083237,85.61635280857914,81.73890046296387,76.9791727230664,73.79286494346826,80.25739126429521
120.0,120.0,120.0,120.0,120.0,120.0,120.0,120.0,120.0,120.0,108.55122267101525,108.55121433003312,108.55121335266102,108.55121634310433,108.55121303565552,108.55120450799816,108.5509330855214,108.54642039365498,108.47049978795908,107.16614515882165,85.73791878178736,82.12506069444778,77.82447760087751,74.95855507626452,81.14157197560496
120.0,120.0,120.0,120.0,120.0,120.0,120.0,120.0,120.0,120.0,108.55121470863219,108.55121009276175,108.55120982513554,108.55121437161095,108.55122103976177,108.5512062376829,108.55095537044085,108.54654607712163,108.47142179448336,107.17686127672327,85.84243642122014,82.45859923070857,78.57196700122184,76.02587780171548,81.98665903318701
120.0,120.0,120.0,120.0,120.0,120.0,120.0,120.0,120.0,120.0,108.55120812279814,108.55120188355113,108.5512064559161,108.55121138366822,108.55121973824177,108.55121684231662,108.55096453737731,108.54663241604216,108.47224507973078,107.18590720465588,85.93223988929242,82.7466064328419,79.22733967866235,76.99311139708472,82.78054076823717
120.0,120.0,120.0,120.0,120.0,120.0,120.0,120.0,120.0,120.0,108.5511975330732,108.5511981396204,108.55119861684085,108.55120925801245,108.55121762920437,108.55121695318115,108.55098280571,108.54669384825648,108.47291925302562,107.19369195243591,86.00891582485457,82.9950302834453,79.79899097712814,77.85913797099062,83.5160389692313
120.0,120.0,120.0,120.0,120.0,120.0,120.0,120.0,120.0,120.0,108.55118369346116,108.55118843602862,108.55119685281517,108.55120212051074,108.55121699756806,108.55121624510336,108.55098791481724,108.54675863067669,108.47347807046776,107.2003319549592,86.07468288689871,83.20830640784608,80.29567084681914,78.62727009837694,84.18703536386343
120.0,120.0,120.0,120.0,120.0,120.0,120.0,120.0,120.0,120.0,108.55122645019772,108.55121936637603,108.55122000639463,108.55122547154375,108.55122803388608,108.55122989436651,108.5510002552445,108.54680699647106,108.47397478840892,107.20597983413752,86.13101166823814,83.39131813116022,80.72482009277822,79.3035162690728,84.79176710279556
120.0,120.0,120.0,120.0,120.0,120.0,120.0,120.0,120.0,120.0,108.55121799780791,108.55121435767087,108.55121552501838,108.55122199046873,108.55123193112313,108.55122720797031,108.55100762921134,108.54684346808295,108.47438159586902,107.21082758006543,86.17909778963363,83.54814015027553,81.09437386354014,79.89414546270828,85.33129297550525
120.0,120.0,120.0,120.0,120.0,120.0,120.0,120.0,120.0,120.0,108.55121094772255,108.55120558534384,108.55121120357504,108.55121786179369,108.55122871466345,108.55123133480866,108.55100750451811,108.54687833971171,108.47472770001761,107.21495949120072,86.22023668399767,83.68213056705532,81.41170915996474,80.40691343512225,85.80774128939876
120.0,120.0,120.0,120.0,120.0,120.0,120.0,120.0,120.0,120.0,108.5512000064991,108.55120128796227,108.55120272069128,108.55121452188388,108.5512251641598,108.55122877814955,108.55101360449095,108.54690076014221,108.4750282928751,107.21848331186492,86.2553672702538,83.79654717733948,81.68325122860955,80.84993207757836,86.2251986135057
120.0,120.0,120.0,120.0,120.0,120.0,120.0,120.0,120.0,120.0,108.5511858871115,108.55119117423335,108.55120032135103,108.55120664753201,108.55122290741718,108.55122600145894,108.5510133161942,108.54692586124693,108.4752769679831,107.22149997556706,86.28532038083519,83.89411629128489,81.91511648984688,81.23082277977943,86.58858223401499
120.0,120.0,120.0,120.0,120.0,120.0,120.0,120.0,120.0,120.0,108.55122805769564,108.55122146920893,108.55122271830253,108.55122902635654,108.5512328669534,108.5512370807092,108.5510210639904,108.54694831341138,108.47549869191563,107.22406948732572,86.31087796198456,83.9771724262958,82.11272269069913,81.55713688538384,86.90292174430705
120.0,120.0,120.0,120.0,120.0,120.0,120.0,120.0,120.0,120.0,108.55121939561457,108.55121615958595,108.55121785380054,108.55122496985565,108.5512359170091,108.55123328608929,108.55102372447226,108.54696290275344,108.47568145211758,107.22626343579086,86.33264203258796,84.04783218862562,82.2807778801471,81.8358767523782,87.17357269575874
120.0,120.0,120.0,120.0,120.0,120.0,120.0,120.0,120.0,120.0,108.55121216129595,108.551207150558,108.55121318760163,108.55122041369259,108.55123199530256,108.55123630613575,108.551021146995,108.54697772017316,108.47583668629194,107.2281316483201,86.35117185472282,84.10787438439631,82.42351860246754,82.07331117452017,87.40569704200207
120.0,120.0,120.0,120.0,120.0,120.0,120.0,120.0,120.0,120.0,108.55120106671741,108.55120262981605,108.55120443766653,108.55121668075074,108.55122796757219,108.55123278510115,108.55102489743533,108.54698548679823,108.47597166012415,107.22972203831341,86.36693393187804,84.15884747862445,82.54460568199404,82.27516070086811,87.60406757542728
120.0,120.0,120.0,120.0,120.0,120.0,120.0,120.0,120.0,120.0,108.5511868197419,108.55119234132707,108.55120178281041,108.55120850398153,108.55122525776606,108.55122941976285,108.55102253991114,108.54699768100664,108.4760819793391,107.23107870181714,86.38033027148127,84.20208997753969,82.64720665683336,82.44646996104183,87.7731522493985
120.0,120.0,120.0,120.0,120.0,120.0,120.0,120.0,120.0,120.0,108.5512287402376,108.55122236068384,108.55122386098273,108.55123048610466,108.55123477024918,108.55123983733635,108.55102886740765,108.54700891453538,108.4761849148398,107.23223090621848,86.39171649425538,84.23874747786122,82.73407315560327,82.59164338206574,87.91695474379407
120.0,120.0,120.0,120.0,120.0,120.0,120.0,120.0,120.0,120.0,108.5512199898197,108.55121692405186,108.55121883674867,108.55122621406525,108.5512375094907,108.5512355900512,108.55103024193777,108.54701461721373,108.4762656959988,107.2332134852486,86.4013747340013,84.26980643682684,82.80756395520744,82.71453487040243,88.0390213774762
120.0,120.0,120.0,120.0,120.0,120.0,120.0,120.0,120.0,120.0,108.55121267364265,108.55120781491571,108.55121402641711,108.551221480663,108.55123334590581,108.5512382415344,108.55102661854815,108.54702163509026,108.476334618721,107.23404516517517,86.40957620212967,84.29609987645026,82.86970318970732,82.81847130990799,88.14249104080777
120.0,120.0,120.0,120.0,120.0,120.0,120.0,120.0,120.0,120.0,108.5512015158358,108.55120319696033,108.55120516479542,108.55121758707438,108.55122912024909,108.55123441646217,108.55102953853651,108.54702278892395,108.47639555216881,107.23475119925088,86.41652652914526,84.3183574740127,82.9222131203963,82.906312324571,88.23009332764028
120.0,120.0,120.0,120.0,120.0,120.0,120.0,120.0,120.0,120.0,108.55118721696148,108.55119283646357,108.5512024002656,108.55120928719369,108.55122623310798,108.55123080417687,108.5510264611922,108.54702945567836,108.47644260507005,107.23535307937534,86.42241556977307,84.33718422910354,82.96657470662582,82.98050472899666,88.30419069822884
120.0,120.0,120.0,120.0,120.0,120.0,120.0,120.0,120.0,120.0,108.55122903109428,108.55122273993882,108.55122434697493,108.5512311030415,108.55123556932358,108.55124097256423,108.55103216592725,108.54703590434715,108.4764916827031,107.2358613415739,86.42741150370254,84.35310386674219,83.00403644274387,83.04314624544699,88.36681606570495
120.0,120.0,120.0,120.0,120.0,120.0,120.0,120.0,120.0,120.0,108.55122024330106,108.55121724949568,108.5512192543262,108.55122674176557,108.55123817758785,108.55123655638022,108.55103303583554,108.54703756380157,108.47652643872013,107.23629539243674,86.43163294715741,84.36656642614108,83.03566150714902,83.09601337691512,88.41971738933606
120.0,120.0,120.0,120.0,120.0,120.0,120.0,120.0,120.0,120.0,108.5512128920629,108.55120809817313,108.55121438311983,108.55122193306468,108.55123391617217,108.55123905125322,108.55102899327953,108.54704114521893,108.47655612370544,107.23665994691855,86.43521336903714,84.3779379586628,83.06235960975471,83.14061845150624,88.46438142985883
120.0,120.0,120.0,120.0,120.0,120.0,120.0,120.0,120.0,120.0,108.55120170743756,108.55120343861523,108.55120547457547,108.55121797178526,108.55122960784077,108.55123510606738,108.55103154585657,108.547039370624,108.4765836408992,107.23696846111028,86.43823876512444,84.3875506722166,83.08488659629226,83.17824971023435,88.50207671551047
120.0,120.0,120.0,120.0,120.0,120.0,120.0,120.0,120.0,120.0,108.5511873867328,108.55119304764565,108.55120266315728,108.551209620451,108.55122664604643,108.55123139201667,108.55102816851249,108.54704353337226,108.47660222669032,107.2372323678691,86.44079601622366,84.39566892689705,83.10389807937747,83.20998674796377,88.53388523354648
120.0,120.0,120.0,120.0,120.0,120.0,120.0,120.0,120.0,120.0,108.55122915470491,108.55122290137395,108.5512245537412,108.55123136516107,108.55123590864495,108.5512414544035,108.55103360570114,108.54704785266087,108.47662706187096,107.23745344294755,86.44296561255744,84.40252404307935,83.1199383448037,83.23675458307103,88.56071626062253
120.0,120.0,120.0,120.0,120.0,120.0,120.0,120.0,120.0,120.0,108.55122035060947,108.55121738781702,108.551219432054,108.55122696615412,108.55123846122966,108.55123696865896,108.55103425292512,108.54704770447914,108.47664121720997,107.23764360949032,86.4447908629266,84.40831725627423,83.13346834420938,83.2593275022792,88.58334840900265
120.0,120.0,120.0,120.0,120.0,120.0,120.0,120.0,120.0,120.0,108.55121298483961,108.55120821835166,108.55121453472934,108.55122212555459,108.55123415853949,108.55123939685974,108.55103002999881,108.54704974272718,108.47665338862996,107.23780120566656,86.44634074096017,84.41320257455489,83.14488619506757,83.27836032627772,88.60243533215994
120.0,120.0,120.0,120.0,120.0,120.0,120.0,120.0,120.0,120.0,108.55120178840461,108.55120354132694,108.55120560619157,108.55121813528301,108.55122981531635,108.5512354005995,108.5510324214603,108.54704666513008,108.47666602382358,107.23793418400722,86.44764632317795,84.41733144668929,83.15451352781652,83.29441233133589,88.6185299083536
120.0,120.0,120.0,120.0,120.0,120.0,120.0,120.0,120.0,120.0,108.55118745727964,108.55119313686524,108.55120277493425,108.55120976215761,108.55122682160055,108.55123164350636,108.55102891218502,108.54704971231456,108.47667198567635,107.23804927863328,86.4487475712204,84.42081474601144,83.1626372062314,83.30794454095637,88.63210403373438
120.0,120.0,120.0,120.0,120.0,120.0,120.0,120.0,120.0,120.0,108.5512292077208,108.55122297042963,108.55122464203457,108.55123147710498,108.55123605348962,108.55124166075272,108.55103423305097,108.54705308475339,108.47668609966138,107.23814427392735,86.44968496268064,84.42375345141693,83.16948926728554,83.31935701712445,88.64354788019715
120.0,120.0,120.0,120.0,120.0,120.0,120.0,120.0,120.0,120.0,108.5512203970102,108.55121744715916,108.55121950808793,108.5512270618834,108.55123858237489,108.55123714543618,108.55103478246198,108.54705213663523,108.47669116945328,107.23822765597964,86.45046780993823,84.42623812180273,83.17526645597684,83.32897977833443,88.65319868325788
120.0,120.0,120.0,120.0,120.0,120.0,120.0,120.0,120.0,120.0,108.5512130245791,108.55120827000158,108.55121459974528,108.55122220789706,108.55123426192532,108.55123954511247,108.55103048060009,108.54705349257229,108.4766956416901,107.23829485401579,86.45113611513973,84.42832899042209,83.18014329476121,83.33709206074076,88.66133604112503
120.0,120.0,120.0,120.0,120.0,120.0,120.0,120.0,120.0,120.0,108.55120182348097,108.55120358530984,108.55120566253576,108.55121820534458,108.55122990409284,108.55123552676181,108.55103280166875,108.54704984058407,108.47670175052114,107.23835133559399,86.45169636038176,84.43009803247055,83.1842524538313,83.34393561597037,88.66819620395832
120.0,120.0,120.0,120.0,120.0,120.0,120.0,120.0,120.0,120.0,108.55118748910208,108.55119317559613,108.55120282280151,108.55120982267059,108.55122689679474,108.55123175149986,108.55102923449326,108.54705239751593,108.47670219020695,107.23840171320909,86.45216762373936,84.43158882042711,83.1877211620864,83.34970336377516,88.67398314596501
120.0,120.0,120.0,120.0,120.0,120.0,120.0,120.0,120.0,120.0,108.55122923063978,108.55122300006279,108.55122467995147,108.55123152499044,108.55123611510969,108.5512417492288,108.55103450482267,108.54705535442974,108.47671162564939,107.23844198119309,86.45257264185776,84.43284538558775,83.19064660524467,83.35456911037542,88.67886066800904
120.0,120.0,120.0,120.0,120.0,120.0,120.0,120.0,120.0,120.0,108.55122041714067,108.55121747269199,108.55121954060628,108.55122710297388,108.5512386342023,108.55123722094035,108.55103501152898,108.5470540565471,108.47671273867861,107.23847909188572,86.45290570892459,84.43391009510177,83.19311168830033,83.3586719290143,88.682974862929
120.0,120.0,120.0,120.0,120.0,120.0,120.0,120.0,120.0,120.0,108.55121304201887,108.55120829242823,108.55121462764613,108.55122224303183,108.5512343062784,108.55123960872298,108.55103067502478,108.54705511454647,108.47671386497304,107.23850717990342,86.45319407662757,84.43480244442426,83.19519483614503,83.36213000885782,88.68644395054122
120.0,120.0,120.0,120.0,120.0,120.0,120.0,120.0,120.0,120.0,108.55120183889944,108.55120360448694,108.55120568698376,108.55121823536977,108.55122994192647,108.55123558096534,108.55103296585665,108.54705121205129,108.47671714243413,107.23853061303704,86.45343343607985,84.43555995947351,83.1969476232819,83.36504928683061,88.68936803403352
120.0,120.0,120.0,120.0,120.0,120.0,120.0,120.0,120.0,120.0,108.55118750298138,108.55119319249043,108.551202843553,108.55120984888897,108.5512269290085,108.55123179761597,108.55102937357456,108.54705355616495,108.47671519016545,107.23855306688517,86.45363373133037,84.43619710094279,83.19842884795817,83.36750815729948,88.6918362465882
120.0,120.0,120.0,120.0,120.0,120.0,120.0,120.0,120.0,120.0,108.55122924025878,108.55122301267141,108.55122469602294,108.55123154528691,108.55123614154205,108.55124178704655,108.55103462160474,108.54705633262894,108.47672260260615,107.23856974835405,86.45380995742318,84.4367333093045,83.19967795899879,83.36958387061688,88.69391553350007
120.0,120.0,120.0,120.0,120.0,120.0,120.0,120.0,120.0,120.0,108.55122042540563,108.55121748344311,108.55121955447575,108.55122712041184,108.55123865616697,108.5512372533597,108.55103511007711,108.54705488290145,108.4767220067411,107.23858693806037,86.45394987157883,84.43719016944034,83.20072915979047,83.37133409237893,88.6956703228675
120.0,120.0,120.0,120.0,120.0,120.0,120.0,120.0,120.0,120.0,108.55121304932428,108.55120830175719,108.55121463941872,108.55122225804227,108.55123432513548,108.55123963575906,108.55103075871321,108.54705581226848,108.47672168953724,107.23859820349853,86.45407518907699,84.4375696331747,83.20161978559973,83.37280838710262,88.69714997678166
120.0,120.0,120.0,120.0,120.0,120.0,120.0,120.0,120.0,120.0,108.55120184515751,108.5512036125507,108.55120569724521,108.55121824805653,108.55122995811087,108.55123560409713,108.55103303621338,108.54705180160059,108.47672374735481,107.23860743296525,86.45417692116881,84.43789440904052,83.20236675560501,83.37405483486768,88.698396551029
120.0,120.0,120.0,120.0,120.0,120.0,120.0,120.0,120.0,120.0,108.55118750813158,108.5511931993442,108.55120285230541,108.5512098599636,108.551226942638,108.55123181738115,108.55102943326725,108.54705405361561,108.4767207655259,107.23861789506968,86.45426105924506,84.43816644527519,83.20299963743747,83.37510305644875,88.69945023958898
120.0,120.0,120.0,120.0,120.0,120.0,120.0,120.0,120.0,120.0,108.55122924432229,108.55122301796162,108.55122470284812,108.55123155400103,108.55123615288336,108.55124180320375,108.55103467183814,108.54705675254296,108.47672730776998,107.2386244538696,86.4543392547425,84.43839462352187,83.20353322139354,83.37598918676427,88.70033673153965
120.0,120.0,120.0,120.0,120.0,120.0,120.0,120.0,120.0,120.0,108.55122042911704,108.55121748804788,108.55121956035312,108.55122712780076,108.55123866560781,108.55123726729227,108.55103515231391,108.5470552374922,108.47672597781916,107.23863309883893,86.45439644224474,84.43859161303627,83.20398091704124,83.37673622443222,88.70108567753552
120.0,120.0,120.0,120.0,120.0,120.0,120.0,120.0,120.0,120.0,108.55121305204268,108.55120830578726,108.55121464449357,108.55122226444831,108.55123433312292,108.55123964738557,108.55103079467308,108.54705611136805,108.47672504081577,107.23863715279582,86.45445195094639,84.43875184140524,83.20436251988357,83.37736451082891,88.70171711733104
120.0,120.0,120.0,120.0,120.0,120.0,120.0,120.0,120.0,120.0,108.55120184781205,108.55120361566615,108.55120570157638,108.55121825353652,108.55122996505386,108.55123561391923,108.55103306643151,108.54705205434261,108.47672657510901,107.23864029609824,86.4544947788813,84.43889166700562,83.20468015509717,83.37789748726392,88.70224838979469
120.0,120.0,120.0,120.0,120.0,120.0,120.0,120.0,120.0,120.0,108.5511875110919,108.55119320240364,108.55120285579505,108.55120986457854,108.55122694852228,108.5512318258889,108.55102945877329,108.54705426677464,108.47672315189348,107.23864562177036,86.45452921582074,84.43900767977733,83.20495091408891,83.37834399942872,88.70269885012915
120.0,120.0,120.0,120.0,120.0,120.0,120.0,120.0,120.0,120.0,108.55122924049913,108.55122301586076,108.55122470259941,108.55123155534214,108.55123615588657,108.55124180890618,108.55103469255748,108.5470569317098,108.47672932069969,107.23864784641714,86.45456547613566,84.439104238905,83.20517906415208,83.37872266772803,88.7030766169852
120.0,120.0,120.0,120.0,120.0,120.0,120.0,120.0,120.0,120.0,108.55122042356484,108.55121748495263,108.55121955897228,108.5512271282377,108.55123866758338,108.55123727165558,108.55103516939673,108.54705538866642,108.47672767603677,107.23865283400522,86.45458728383971,84.43919019763129,83.2053691392459,83.37904172221215,88.70339652912962
120.0,120.0,120.0,120.0,120.0,120.0,120.0,120.0,120.0,120.0,108.55121304462193,108.55120830131054,108.55121464217,108.55122226378215,108.5512343342509,108.55123965064236,108.55103080873869,108.54705623857672,108.47672647365623,107.23865380202962,86.45461294287668,84.43925676520993,83.20553344900566,83.37930905097163,88.7036661366881
120.0,120.0,120.0,120.0,120.0,120.0,120.0,120.0,120.0,120.0,108.55120183957585,108.55120360940751,108.55120569813958,108.55121825198681,108.55122996510268,108.55123561624693,108.55103307799433,108.54705216141869,108.47672778366423,107.23865434187191,86.45463058795562,84.43931758257403,83.2056678058579,83.3795375947718,88.7038922475196
120.0,120.0,120.0,120.0,120.0,120.0,120.0,120.0,120.0,120.0,108.5511874989733,108.55119319496563,108.55120285067807,108.55120986212187,108.55122694775297,108.55123182708218,108.55102946820253,108.54705435691663,108.47672417132662,107.23865747063464,86.45464378037626,84.43936694809005,83.20578397557557,83.37972734507782,88.7040853375257
120.0,120.0,120.0,120.0,120.0,120.0,120.0,120.0,120.0,120.0,108.55122924128655,108.55122301755567,108.5512247037502,108.5512315568956,108.55123615866,108.55124181235273,108.55103470197078,108.5470570089306,108.47673018156992,107.23865784248962,86.45466211815575,84.43940728841358,83.20588173432317,83.37988945513077,88.70424603827172
120.0,120.0,120.0,120.0,120.0,120.0,120.0,120.0,120.0,120.0,108.55122042201901,108.5512174854132,108.55121956054847,108.5512271297795,108.55123866943488,108.55123727493648,108.55103517768428,108.54705545383132,108.47672840241526,107.23866126669562,86.45466880635485,84.43944582409347,83.20596182845195,83.38002585795799,88.70438287444462
120.0,120.0,120.0,120.0,120.0,120.0,120.0,120.0,120.0,120.0,108.55121304974196,108.55120830037352,108.5512146424712,108.55122226526221,108.55123433607751,108.55123965299275,108.55103081602948,108.54705629385691,108.47672708644727,107.2386609156894,86.4546817111086,84.43947238907334,83.20603337185601,83.38013913213466,88.70449807203529
120.0,120.0,120.0,120.0,120.0,120.0,120.0,120.0,120.0,120.0,108.5512018405422,108.551203613771,108.55120569779857,108.55121825228163,108.55122996653627,108.55123561850584,108.55103308380558,108.5470522083005,108.4767283008807,107.23866034269366,86.45468859668709,84.4394994636856,83.20608948253226,83.38023773959674,88.70459394950728
120.0,120.0,120.0,120.0,120.0,120.0,120.0,120.0,120.0,120.0,108.55118749366639,108.55119319453328,108.55120285426935,108.55120986229069,108.55122694816507,108.55123182871012,108.55102947337234,108.54705439619504,108.47672460784673,107.23866253290781,86.45469271262736,84.43952036623091,83.20613965373983,83.38031789530449,88.70467719599762
120.0,120.0,120.0,120.0,120.0,120.0,120.0,120.0,120.0,120.0,108.5512292459192,108.55122302094452,108.55122470573876,108.55123155969596,108.55123615979178,108.5512418139196,108.55103470640799,108.54705704252603,108.47673054975243,107.23866211305591,86.4547033944427,84.43953669751862,83.20618174387819,83.38038756781116,88.70474525016101
120.0,120.0,120.0,120.0,120.0,120.0,120.0,120.0,120.0,120.0,108.55122042929193,108.55121749027023,108.55121956407713,108.5512271309595,108.55123867197581,108.55123727629119,108.55103518122213,108.54705548200714,108.47672871327299,107.23866486893215,86.45470362428262,84.43955498168508,83.2062148825093,83.38044600323357,88.70480394408634
120.0,120.0,120.0,120.0,120.0,120.0,120.0,120.0,120.0,120.0,108.55121305349532,108.55120830583131,108.55121464718326,108.5512222687414,108.5512343367045,108.55123965536526,108.55103081909793,108.54705631741207,108.4767273484876,107.23866395456761,86.45471108044073,84.4395644641521,83.20624682019599,83.38049351481429,88.70485323220184
120.0,120.0,120.0,120.0,120.0,120.0,120.0,120.0,120.0,120.0,108.55120184835931,108.55120361747741,108.55120570173102,108.5512182565913,108.55122996985163,108.55123561886857,108.5510330872987,108.54705222827036,108.47672852170945,107.23866290590695,86.45471337069131,84.43957712900219,83.2062695239582,83.38053665414563,88.70489351783567
120.0,120.0,120.0,120.0,120.0,120.0,120.0,120.0,120.0,120.0,108.55118751008051,108.5511932029864,108.55120285797034,108.55120986498075,108.55122695191334,108.55123183186473,108.55102947469356,108.54705441366612,108.47672479421746,107.23866469479515,86.45471360955425,84.43958587744362,83.2062915165865,83.38057002406053,88.70492987503047
120.0,120.0,120.0,120.0,120.0,120.0,120.0,120.0,120.0,120.0,108.55122924723803,108.55122302148955,108.55122470741222,108.55123156058919,108.55123615870713,108.55124181473003,108.55103470876304,108.54705705477912,108.47673070670078,107.23866393631718,86.45472102038595,84.43959195595836,83.2063098389304,83.38060023377416,88.70495837950216
120.0,120.0,120.0,120.0,120.0,120.0,120.0,120.0,120.0,120.0,108.55122043131024,108.55121749130673,108.5512195640839,108.55122713268752,108.55123867287102,108.55123727506876,108.55103518267025,108.5470554944106,108.47672884404929,107.23866640696892,86.45471849184189,84.43960159159505,83.20632292937913,83.38062538380878,88.70498371440297
120.0,120.0,120.0,120.0,120.0,120.0,120.0,120.0,120.0,120.0,108.55121305459852,108.55120830829601,108.55121464809262,108.55122226835134,108.55123433833504,108.55123965636206,108.55103081850807,108.54705632723262,108.47672746069381,107.23866525043977,86.45472362132085,84.43960377954492,83.20633795634508,83.38064481962816,88.7050048654775
120.0,120.0,120.0,120.0,120.0,120.0,120.0,120.0,120.0,120.0,108.55120184974771,108.55120361836207,108.55120570435517,108.55121825747109,108.55122996916766,108.55123562034156,108.55103308895639,108.54705223488821,108.47672861563117,107.23866400062226,86.45472394624207,84.43961029137252,83.20634639656812,83.38066427739905,88.70502141798553
120.0,120.0,120.0,120.0,120.0,120.0,120.0,120.0,120.0,120.0,108.5511875119958,108.55119320438416,108.55120285859515,108.5512098675719,108.55122695282259,108.55123183100173,108.55102947641193,108.54705442145455,108.47672487193961,107.23866561749641,86.45472253267286,84.43961384765653,83.20635635789878,83.38067767275994,88.70503775671109
120.0,120.0,120.0,120.0,120.0,120.0,120.0,120.0,120.0,120.0,108.55122924453427,108.55122301969615,108.55122470620502,108.55123155904744,108.55123615973781,108.55124181471464,108.55103470746936,108.54705706085603,108.47673077412851,107.23866471292773,86.45472854576954,84.43961555047659,83.20636453039656,83.38069103407916,88.70504937631414
120.0,120.0,120.0,120.0,120.0,120.0,120.0,120.0,120.0,120.0,108.55122042801553,108.55121748887689,108.55121956270422,108.55122713179631,108.55123867130293,108.55123727608671,108.55103518324853,108.54705549748378,108.47672890050443,107.23866706411731,86.45472483628184,84.43962149254979,83.20636906241558,83.38070197169134,88.70506046897928
120.0,120.0,120.0,120.0,120.0,120.0,120.0,120.0,120.0,120.0,108.55121305006654,108.55120830547573,108.55121464592862,108.55122226736854,108.5512343377863,108.55123965482194,108.55103081974225,108.54705633169185,108.47672750649338,107.23866580420567,86.45472897675482,84.4396205630845,83.20637686846189,83.38070942157609,88.70506960624489
120.0,120.0,120.0,120.0,120.0,120.0,120.0,120.0,120.0,120.0,108.55120184508314,108.55120361442395,108.55120570200866,108.55121825555105,108.5512299685375,108.55123562015783,108.55103308771004,108.54705223907649,108.47672865626102,107.23866446595143,86.45472846260544,84.43962445128982,83.20637921630642,83.38071876789544,88.7050760268232
120.0,120.0,120.0,120.0,120.0,120.0,120.0,120.0,120.0,120.0,108.5511875058107,108.55119320014188,108.55120285525604,108.55120986569587,108.55122695112557,108.5512318306814,108.55102947678083,108.54705442287137,108.47672490632702,107.23866601213095,86.45472633854911,84.4396257906629,83.20638404342962,83.38072363314959,88.70508381812797
120.0,120.0,120.0,120.0,120.0,120.0,120.0,120.0,120.0,120.0,108.55122924714415,108.55122302169657,108.55122470779523,108.55123156038339,108.55123616133031,108.55124181536443,108.55103470905412,108.54705706475036,108.47673080189536,107.23866504617406,86.45473176055107,84.43962562118072,83.20638788228193,83.38072980307476,88.70508822745148
120.0,120.0,120.0,120.0,120.0,120.0,120.0,120.0,120.0,120.0,108.55122043125502,108.55121749117468,108.55121956447923,108.55122713329106,108.5512386726144,108.55123727770447,108.55103518390493,108.54705550080625,108.47672892603482,107.23866734347591,86.4547275481343,84.4396299907974,83.20638875675198,83.38073467229968,88.70509324098718
120.0,120.0,120.0,120.0,120.0,120.0,120.0,120.0,120.0,120.0,108.55121305468914,108.55120830811923,108.55121464792748,108.55122226894181,108.55123433913325,108.55123965606165,108.55103082147325,108.54705633373894,108.47672752786423,107.23866604208202,86.45473126045798,84.43962773143708,83.20639348341133,83.38073700196044,88.70509724836984
120.0,120.0,120.0,120.0,120.0,120.0,120.0,120.0,120.0,120.0,108.5512018498407,108.5512036184848,108.55120570416308,108.55121825727522,108.55122996994031,108.55123562133906,108.55103308894137,108.54705224209305,108.4767286734973,107.23866466641479,86.45473039334344,84.43963049433233,83.20639323088572,83.38074203403382,88.70509934109958
120.0,120.0,120.0,120.0,120.0,120.0,120.0,120.0,120.0,120.0,108.55118751228429,108.55119320446505,108.55120285875992,108.55120986744218,108.55122695259728,108.5512318319482,108.55102947787049,108.54705442506862,108.47672492226259,107.23866618024213,86.4547279670891,84.43963089173745,83.2063958616164,83.38074325774609,88.70510348540071
120.0,120.0,120.0,120.0,120.0,120.0,120.0,120.0,120.0,120.0,108.5512292475127,108.55122302195687,108.5512247078778,108.5512315604911,108.55123616059913,108.55124181509973,108.55103470923069,108.54705706587326,108.47673081439824,107.23866518926894,86.45473313154501,84.43962992402805,83.20639785387932,83.38074635368669,88.70510481611973
120.0,120.0,120.0,120.0,120.0,120.0,120.0,120.0,120.0,120.0,108.55122043186978,108.55121749157739,108.55121956466758,108.55122713320569,108.55123867263134,108.55123727699623,108.55103518372195,108.54705550186573,108.47672893635419,107.23866746361996,86.45472870779744,84.43963361768054,83.20639716797133,83.38074863510846,88.70510723153453
120.0,120.0,120.0,120.0,120.0,120.0,120.0,120.0,120.0,120.0,108.5512130546521,108.5512083088518,108.55121464833101,108.55122226905024,108.55123433892517,108.55123965603869,108.55103082088374,108.54705633425758,108.47672753681377,107.23866614305983,86.45473223795976,84.43963079363898,83.20640057585707,83.38074877960142,88.70510905133327
120.0,120.0,120.0,120.0,120.0,120.0,120.0,120.0,120.0,120.0,108.55120185003273,108.55120361846012,108.55120570490202,108.55121825765134,108.55122996996775,108.55123562104525,108.55103308895299,108.54705224214932,108.47672868062398,107.23866475205025,86.45473121670904,84.4396330770679,83.2063992158483,83.38075196630868,88.7051092965801
120.0,120.0,120.0,120.0,120.0,120.0,120.0,120.0,120.0,120.0,108.55118751295399,108.55119320477328,108.55120285874766,108.55120986811896,108.55122695292677,108.55123183190351,108.55102947755427,108.54705442556495,108.47672492794067,107.2386662520326,86.4547286629051,84.43963306895778,83.20640090994367,83.38075163768683,88.70511188123191
120.0,120.0,120.0,120.0,120.0,120.0,120.0,120.0,120.0,120.0,108.55122924752715,108.55122302205064,108.5512247080898,108.55123156048076,108.55123616112131,108.55124181531619,108.55103470912475,108.54705706590026,108.47673081957909,107.23866524944061,86.45473371772734,84.43963176192676,83.20640211080705,83.38075342219483,88.70511189971332
120.0,120.0,120.0,120.0,120.0,120.0,120.0,120.0,120.0,120.0,108.55122043193418,108.5512174915703,108.55121956478963,108.55122713348165,108.55123867260869,108.55123727741854,108.55103518392042,108.54705550205159,108.47672894030444,107.23866751477723,86.45472920128893,84.4396351675202,83.20640076006465,83.38075459614473,88.70511320633287
120.0,120.0,120.0,120.0,120.0,120.0,120.0,120.0,120.0,120.0,108.55121305466024,108.5512083089515,108.55121464831336,108.55122226920055,108.551234339247,108.55123965600569,108.55103082121832,108.54705633469743,108.47672754028932,107.23866618575845,86.45473265504395,84.4396320999677,83.20640360561514,83.38075380900636,88.70511409015712
120.0,120.0,120.0,120.0,120.0,120.0,120.0,120.0,120.0,120.0,108.5512018500412,108.55120361847315,108.55120570503439,108.55121825763041,108.55122997013859,108.55123562139636,108.55103308892775,108.5470522426123,108.47672868382834,107.23866478812123,86.45473156764947,84.43963417972759,83.20640177056178,83.38075620855095,88.7051135479106
120.0,120.0,120.0,120.0,120.0,120.0,120.0,120.0,120.0,120.0,108.5511875129908,108.55119320478572,108.55120285876635,108.5512098682835,108.55122695290734,108.5512318320842,108.55102947793301,108.54705442572975,108.47672493066266,107.23866628275252,86.45472895874963,84.43963399837162,83.20640306557388,83.38075521525344,88.7051154670728
120.0,120.0,120.0,120.0,120.0,120.0,120.0,120.0,120.0,120.0,108.55122924750616,108.55122302206507,108.55122470807993,108.55123156049171,108.5512361613081,108.55124181529452,108.55103470930959,108.54705706644168,108.47673082171961,107.23866527529518,86.45473396789771,84.43963254551888,83.20640392860744,83.3807564405703,88.70511492384625
120.0,120.0,120.0,120.0,120.0,120.0,120.0,120.0,120.0,120.0,108.55122043186374,108.55121749154497,108.55121956481563,108.55122713347968,108.55123867262661,108.55123727763787,108.55103518391834,108.54705550236449,108.47672894251046,107.23866753647194,86.45472941209135,84.43963582902306,83.2064022929348,83.3807571418217,88.70511575780127
120.0,120.0,120.0,120.0,120.0,120.0,120.0,120.0,120.0,120.0,108.55121305467969,108.55120830890455,108.55121464828683,108.55122226924144,108.55123433925324,108.55123965603052,108.55103082147629,108.54705633482486,108.47672754199431,107.23866620446904,86.45473283261505,84.43963265767566,83.20640489904498,83.38075595586412,88.70511624202746
120.0,120.0,120.0,120.0,120.0,120.0,120.0,120.0,120.0,120.0,108.55120184999907,108.55120361849065,108.55120570500735,108.55121825760517,108.55122997019728,108.55123562141198,108.55103308896535,108.54705224299623,108.47672868515761,107.23866480375423,86.45473171826491,84.43963464988373,83.20640286129012,83.38075801981842,88.70511536274121
120.0,120.0,120.0,120.0,120.0,120.0,120.0,120.0,120.0,120.0,108.55118751280047,108.55119320472228,108.55120285878203,108.55120986827313,108.55122695288509,108.55123183216348,108.55102947796551,108.54705442585508,108.47672493207236,107.23866629583613,86.45472908555703,84.4396343956554,83.20640398530412,83.38075674278807,88.70511699820538
120.0,120.0,120.0,120.0,120.0,120.0,120.0,120.0,120.0,120.0,108.5512292475099,108.55122302207383,108.55122470806832,108.55123156051324,108.55123616133085,108.55124181529627,108.55103470942728,108.5470570665638,108.47673082270026,107.2386652866572,86.4547340746259,84.43963288044681,83.20640470496033,83.3807577287559,88.7051162150979
120.0,120.0,120.0,120.0,120.0,120.0,120.0,120.0,120.0,120.0,108.55122043186937,108.55121749155681,108.55121956483221,108.55122713346258,108.55123867265459,108.5512372776677,108.55103518392461,108.54705550256412,108.47672894335963,107.23866754584654,86.45472950282893,84.43963611130198,83.20640294762582,83.38075822883769,88.70511684677503
120.0,120.0,120.0,120.0,120.0,120.0,120.0,120.0,120.0,120.0,108.5512130546761,108.55120830889794,108.55121464830263,108.55122226926389,108.5512343392337,108.55123965606576,108.55103082151754,108.54705633488184,108.47672754281965,107.2386662123845,86.45473290880284,84.43963289643311,83.20640545104891,83.38075687259278,88.70511716090158
120.0,120.0,120.0,120.0,120.0,120.0,120.0,120.0,120.0,120.0,108.55120185000854,108.55120361849052,108.55120570499263,108.5512182576224,108.55122997022454,108.55123562139224,108.551033089012,108.54705224308915,108.47672868572569,107.2386648105793,86.45473178247738,84.43963485103066,83.20640332746565,83.38075879286784,88.70511613762581
120.0,120.0,120.0,120.0,120.0,120.0,120.0,120.0,120.0,120.0,108.55118751284384,108.55119320473682,108.55120285878643,108.55120986825337,108.5512269529024,108.5512318321953,108.55102947794948,108.54705442594722,108.47672493260463,107.23866630145015,86.45472914010955,84.43963456523379,83.20640437835002,83.38075739531186,88.7051176516784
120.0,120.0,120.0,120.0,120.0,120.0,120.0,120.0,120.0,120.0,108.55122924753437,108.55122302208156,108.55122470809033,108.55123156053573,108.55123616131264,108.55124181531501,108.5510347094683,108.54705706658193,108.47673082316773,107.23866529143993,86.45473412036728,84.43963302389395,83.20640503639122,83.38075827901604,88.70511676665123
120.0,120.0,120.0,120.0,120.0,120.0,120.0,120.0,120.0,120.0,108.5512204319372,108.55121749158299,108.55121956483605,108.55122713348122,108.551238672679,108.55123727764915,108.55103518394529,108.54705550263535,108.47672894368654,107.2386675499218,86.45472954146018,84.43963623208917,83.20640322757586,83.38075869288227,88.70511731185633
120.0,120.0,120.0,120.0,120.0,120.0,120.0,120.0,120.0,120.0,108.55121305468181,108.55120830895116,108.55121464832966,108.55122226926454,108.55123433924868,108.55123965609226,108.55103082150109,108.54705633492512,108.47672754315415,107.23866621574184,86.45473294153727,84.43963299832664,83.20640568703658,83.38075726436011,88.70511755314311
120.0,120.0,120.0,120.0,120.0,120.0,120.0,120.0,120.0,120.0,108.55120185004574,108.55120361849463,108.5512057050327,108.5512182576494,108.55122997022262,108.5512356214037,108.55103308904211,108.54705224309217,108.47672868598971,107.2386648134675,86.45473180991785,84.43963493716484,83.20640352650976,83.38075912320807,88.7051164687495
120.0,120.0,120.0,120.0,120.0,120.0,120.0,120.0,120.0,120.0,108.55118751300553,108.55119320479052,108.55120285878988,108.5512098682822,108.55122695292866,108.55123183219138,108.55102947795898,108.54705442599538,108.47672493279349,107.23866630387798,86.45472916334448,84.43963463774553,83.2064045464466,83.38075767393823,88.70511793086648
120.0,120.0,120.0,120.0,120.0,120.0,120.0,120.0,120.0,120.0,108.55122924736929,108.55122302201622,108.5512247079798,108.5512315604364,108.5512361612595,108.55124181528474,108.55103470942409,108.5470570665754,108.47673082335656,107.23866529343596,86.4547341399801,84.43963308511236,83.2064051780724,83.38075851423451,88.7051170021522
120.0,120.0,120.0,120.0,120.0,120.0,120.0,120.0,120.0,120.0,108.55122043147041,108.55121749139069,108.55121956476304,108.55122713340269,108.55123867259015,108.55123727759833,108.55103518392461,108.54705550260869,108.47672894381537,107.23866755164974,86.4547295579032,84.4396362837785,83.20640334712166,83.38075889120854,88.70511751065537
120.0,120.0,120.0,120.0,120.0,120.0,120.0,120.0,120.0,120.0,108.55121305473047,108.55120830862238,108.55121464813017,108.55122226918616,108.55123433919508,108.55123965601675,108.55103082145554,108.54705633492253,108.47672754324492,107.23866621717285,86.4547329554932,84.43963304183691,83.2064057879485,83.38075743167833,88.7051177207569
120.0,120.0,120.0,120.0,120.0,120.0,120.0,120.0,120.0,120.0,108.55120184975358,108.55120361852413,108.55120570481672,108.55121825745911,108.55122997014149,108.55123562136869,108.55103308898144,108.54705224306062,108.47672868608895,107.23866481465367,86.45473182165868,84.43963497393484,83.2064036115588,83.38075926442606,88.70511661016737
120.0,120.0,120.0,120.0,120.0,120.0,120.0,120.0,120.0,120.0,108.55118751179462,108.55119320437129,108.55120285879313,108.55120986815406,108.55122695275948,108.55123183211109,108.55102947793807,108.54705442595505,108.47672493284787,107.23866630490598,86.45472917319685,84.43963466875265,83.20640461824074,83.38075779300273,88.70511805021731
120.0,120.0,120.0,120.0,120.0,120.0,120.0,120.0,120.0,120.0,108.5512292474119,108.55122302207167,108.55122470792328,108.55123156049153,108.55123616134084,108.55124181528309,108.55103470942882,108.54705706661746,108.47673082342963,107.23866529429782,86.45473414836695,84.43963311122376,83.2064052386462,83.3807586147158,88.70511710278444
120.0,120.0,120.0,120.0,120.0,120.0,120.0,120.0,120.0,120.0,108.55122043156328,108.55121749148009,108.55121956485932,108.55122713331194,108.55123867264349,108.55123727768739,108.55103518392478,108.54705550261532,108.47672894391279,107.23866755237553,86.45472956494322,84.43963630586374,83.20640339817434,83.38075897598767,88.70511759558322
120.0,120.0,120.0,120.0,120.0,120.0,120.0,120.0,120.0,120.0,108.55121305471997,108.55120830862394,108.55121464823738,108.551222269309,108.55123433909016,108.5512396560624,108.55103082154503,108.54705633492797,108.4767275432959,107.2386662178207,86.45473296141756,84.43963306044328,83.20640583106328,83.38075750315716,88.70511779240911
120.0,120.0,120.0,120.0,120.0,120.0,120.0,120.0,120.0,120.0,108.55120184985682,108.55120361853228,108.55120570475528,108.5512182575645,108.55122997028072,108.55123562126289,108.55103308901705,108.54705224314907,108.47672868613525,107.23866481516869,86.45473182672688,84.43963498960994,83.20640364791517,83.38075932476403,88.70511667058288
120.0,120.0,120.0,120.0,120.0,120.0,120.0,120.0,120.0,120.0,108.55118751221067,108.55119320451614,108.55120285882614,108.55120986805171,108.55122695285074,108.55123183225867,108.55102947783979,108.54705442598278,108.47672493296307,107.23866630534356,86.45472917741401,84.4396346820358,83.20640464888757,83.38075784389456,88.70511810121653
120.0,120.0,120.0,120.0,120.0,120.0,120.0,120.0,120.0,120.0,108.5512292474366,108.55122302205592,108.55122470795972,108.55123156054137,108.55123616117635,108.55124181531302,108.55103470955656,108.547057066521,108.47673082346658,107.23866529473229,86.45473415191891,84.43963312238218,83.20640526454655,83.38075865762535,88.70511714579621
120.0,120.0,120.0,120.0,120.0,120.0,120.0,120.0,120.0,120.0,108.5512204316037,108.55121749149194,108.55121956481504,108.55122713335024,108.55123867270852,108.55123727752478,108.55103518394041,108.54705550274434,108.47672894385568,107.2386675526897,86.45472956807234,84.43963631526904,83.20640341998966,83.38075901222419,88.70511763185273
120.0,120.0,120.0,120.0,120.0,120.0,120.0,120.0,120.0,120.0,108.55121305476209,108.55120830868024,108.5512146482466,108.55122226924217,108.55123433912205,108.55123965614284,108.55103082139159,108.54705633493113,108.47672754344138,107.2386662180124,86.45473296396287,84.43963306848563,83.20640584945674,83.3807575337001,88.7051178230355
120.0,120.0,120.0,120.0,120.0,120.0,120.0,120.0,120.0,120.0,108.55120184988006,108.55120361855985,108.55120570481782,108.55121825757828,108.55122997019716,108.55123562128308,108.55103308911119,108.54705224301071,108.4767286861432,107.23866481550905,86.45473182874449,84.43963499632,83.2064036635155,83.38075935052063,88.70511669639622
120.0,120.0,120.0,120.0,120.0,120.0,120.0,120.0,120.0,120.0,108.55118751223108,108.55119320453551,108.5512028588376,108.55120986811313,108.55122695287359,108.55123183216415,108.55102947784525,108.5470544260888,108.47672493285502,107.23866630551709,86.45472917944215,84.43963468760023,83.20640466198977,83.38075786568584,88.70511812298881
120.0,120.0,120.0,120.0,120.0,120.0,120.0,120.0,120.0,120.0,108.55122924744022,108.55122302205639,108.55122470796796,108.5512315605166,108.55123616121568,108.5512418153388,108.5510347094507,108.54705706650697,108.47673082358874,107.23866529477274,86.4547341534281,84.43963312733436,83.2064052755317,83.38075867596126,88.70511716420818
120.0,120.0,120.0,120.0,120.0,120.0,120.0,120.0,120.0,120.0,108.55122043164849,108.5512174914999,108.55121956482455,108.55122713335832,108.55123867267287,108.55123727755516,108.55103518397937,108.54705550264002,108.47672894383805,107.23866755293795,86.45472956913386,84.43963631929041,83.20640342945568,83.38075902764749,88.7051176473438
120.0,120.0,120.0,120.0,120.0,120.0,120.0,120.0,120.0,120.0,108.55121305470594,108.55120830870761,108.55121464825488,108.5512222692582,108.55123433913316,108.55123965609756,108.55103082141004,108.54705633498351,108.47672754334985,107.2386662180917,86.45473296527736,84.43963307170098,83.20640585732156,83.38075754686204,88.70511783607948
120.0,120.0,120.0,120.0,120.0,120.0,120.0,120.0,120.0,120.0,108.55120184989353,108.55120361851603,108.5512057048323,108.5512182575834,108.55122997021677,108.55123562129957,108.55103308905852,108.54705224301581,108.47672868621397,107.23866481549649,86.45473182961085,84.43963499938548,83.20640367001282,83.38075936152765,88.70511670751222
120.0,120.0,120.0,120.0,120.0,120.0,120.0,120.0,120.0,120.0,108.55118751236449,108.5511932045709,108.55120285880665,108.55120986811936,108.55122695287317,108.55123183218403,108.55102947786868,108.54705442603189,108.47672493285212,107.23866630567038,86.45472917997917,84.4396346899899,83.20640466775747,83.38075787487217,88.70511813228002
120.0,120.0,120.0,120.0,120.0,120.0,120.0,120.0,120.0,120.0,108.55122924479154,108.55122302002972,108.55122470642716,108.55123155938004,108.55123616039938,108.55124181473488,108.55103470904793,108.54705706625317,108.47673082334627,107.23866529470982,86.45473415416626,84.43963312912125,83.20640528021653,83.3807586839234,88.70511717197459
120.0,120.0,120.0,120.0,120.0,120.0,120.0,120.0,120.0,120.0,108.55122042814715,108.55121748908866,108.55121956303024,108.55122713202502,108.55123867168693,108.55123727685907,108.55103518346918,108.54705550231087,108.47672894365782,107.23866755278922,86.45472956957153,84.4396363211015,83.20640343323488,83.38075903423085,88.70511765406633
120.0,120.0,120.0,120.0,120.0,120.0,120.0,120.0,120.0,120.0,108.5512130507342,108.55120830568096,108.55121464611315,108.55122226770116,108.55123433800725,108.55123965527106,108.55103082084182,108.54705633457041,108.47672754309671,107.23866621803111,86.45473296547365,84.43963307307533,83.20640586077498,83.3807575522804,88.7051178416274
120.0,120.0,120.0,120.0,120.0,120.0,120.0,120.0,120.0,120.0,108.55120184541559,108.55120361500204,108.55120570226293,108.5512182557245,108.55122996889259,108.55123562037315,108.55103308839105,108.54705224257565,108.47672868589736,107.23866481536004,86.45473183000311,84.4396350003751,83.20640367280217,83.38075936632393,88.70511671210929
120.0,120.0,120.0,120.0,120.0,120.0,120.0,120.0,120.0,120.0,108.55118750571965,108.55119320034524,108.5512028557458,108.5512098659775,108.55122695130036,108.55123183108603,108.55102947713074,108.54705442551656,108.47672493253668,107.23866630547508,86.45472918021852,84.43963469105155,83.20640466995701,83.38075787881269,88.70511813633483
120.0,120.0,120.0,120.0,120.0,120.0,120.0,120.0,120.0,120.0,108.55122924716086,108.55122302177864,108.55122470775889,108.55123156046366,108.5512361614397,108.55124181546202,108.55103470956794,108.54705706664164,108.47673082360338,107.23866529492318,86.45473415449185,84.43963313008818,83.20640528236544,83.38075868717414,88.70511717533884
120.0,120.0,120.0,120.0,120.0,120.0,120.0,120.0,120.0,120.0,108.5512204312401,108.55121749122343,108.5512195646025,108.5512271332302,108.5512386727065,108.55123727783256,108.55103518413526,108.54705550278035,108.4767289440018,107.2386675530294,86.45472957006753,84.43963632186849,83.20640343502895,83.38075903717804,88.70511765683811
120.0,120.0,120.0,120.0,120.0,120.0,120.0,120.0,120.0,120.0,108.55121305466413,108.55120830809689,108.55121464799102,108.5512222690913,108.55123433906732,108.55123965618037,108.55103082170706,108.54705633514925,108.47672754349931,107.23866621832657,86.454732965964,84.43963307392885,83.20640586222537,83.38075755474183,88.70511784413053
120.0,120.0,120.0,120.0,120.0,120.0,120.0,120.0,120.0,120.0,108.55120184982744,108.55120361848276,108.5512057041371,108.55121825734263,108.55122997010614,108.55123562128551,108.55103308916944,108.54705224331504,108.47672868638168,107.23866481570658,86.45473183051239,84.43963500115426,83.20640367420694,83.3807593683359,88.7051167141817
120.0,120.0,120.0,120.0,120.0,120.0,120.0,120.0,120.0,120.0,108.55118751225949,108.55119320445688,108.55120285878019,108.55120986741484,108.55122695266311,108.5512318321288,108.55102947789864,108.54705442615875,108.47672493314852,107.23866630588189,86.45472918079469,84.43963469175941,83.20640467118655,83.38075788066438,88.70511813804056
120.0,120.0,120.0,120.0,120.0,120.0,120.0,120.0,120.0,120.0,108.55122924732521,108.55122302189129,108.55122470775592,108.55123156045066,108.5512361605284,108.55124181513375,108.55103470944842,108.5470570665962,108.47673082366757,107.23866529516238,86.45473415496734,84.43963313072287,83.20640528335927,83.38075868872437,88.70511717686554
120.0,120.0,120.0,120.0,120.0,120.0,120.0,120.0,120.0,120.0,108.5512204313052,108.55121749136627,108.55121956459348,108.55122713312154,108.55123867262473,108.55123727693542,108.55103518380928,108.54705550268164,108.47672894397469,107.23866755312444,86.45472957062734,84.43963632249061,83.20640343596331,83.38075903846698,88.70511765811816
120.0,120.0,120.0,120.0,120.0,120.0,120.0,120.0,120.0,120.0,108.55121305474361,108.55120830844871,108.55121464811923,108.5512222689702,108.55123433887,108.55123965606947,108.5510308208746,108.54705633484858,108.47672754343405,107.23866621835435,86.45473296629548,84.43963307458152,83.20640586308802,83.3807575559135,88.70511784519164
120.0,120.0,120.0,120.0,120.0,120.0,120.0,120.0,120.0,120.0,108.55120184968992,108.55120361852451,108.55120570463252,108.55121825745866,108.55122996988577,108.55123562101315,108.55103308905122,108.54705224257228,108.47672868611873,107.23866481570533,86.45473183073469,84.43963500163677,83.20640367502882,83.38075936938074,88.70511671513991
120.0,120.0,120.0,120.0,120.0,120.0,120.0,120.0,120.0,120.0,108.55118751149884,108.55119320427511,108.55120285877724,108.55120986795407,108.55122695276795,108.55123183182701,108.55102947756554,108.54705442604507,108.47672493250548,107.23866630567754,86.45472918097519,84.43963469216274,83.20640467185864,83.3807578816088,88.7051181388802
120.0,120.0,120.0,120.0,120.0,120.0,120.0,120.0,120.0,120.0,108.55122924727422,108.55122302194275,108.55122470781772,108.55123156040595,108.55123616110265,108.55124181529607,108.55103470912346,108.54705706623774,108.47673082357973,107.23866529462393,86.45473415474487,84.43963313110262,83.20640528396233,83.3807586895242,88.70511717761332
120.0,120.0,120.0,120.0,120.0,120.0,120.0,120.0,120.0,120.0,108.55122043139174,108.55121749136727,108.55121956474117,108.5512271332077,108.55123867255452,108.55123727742175,108.5510351839436,108.54705550231422,108.47672894358426,107.23866755302707,86.4547295697593,84.43963632252616,83.2064034365378,83.38075903919287,88.70511765875001
120.0,120.0,120.0,120.0,120.0,120.0,120.0,120.0,120.0,120.0,108.55121305446339,108.55120830845098,108.55121464814327,108.55122226919431,108.55123433899186,108.55123965596927,108.55103082125235,108.5470563349544,108.47672754304078,107.23866621793462,86.45473296610287,84.43963307410463,83.20640586338223,83.38075755660091,88.70511784577248
120.0,120.0,120.0,120.0,120.0,120.0,120.0,120.0,120.0,120.0,108.55120184964287,108.55120361831115,108.55120570458769,108.55121825748438,108.55122997016309,108.55123562117271,108.55103308892058,108.54705224283386,108.47672868619443,107.23866481524183,86.4547318299015,84.43963500160028,83.20640367493888,83.3807593698432,88.70511671569132
120.0,120.0,120.0,120.0,120.0,120.0,120.0,120.0,120.0,120.0,108.55118751195315,108.5511932043288,108.5512028586394,108.55120986789387,108.55122695278126,108.55123183213276,108.55102947775816,108.54705442588654,108.47672493265254,107.23866630569094,86.45472917990047,84.43963469155392,83.20640467204686,83.38075788179735,88.70511813926818
120.0,120.0,120.0,120.0,120.0,120.0,120.0,120.0,120.0,120.0,108.55122924738183,108.55122302200928,108.55122470792543,108.55123156051194,108.55123616112289,108.55124181531247,108.5510347094606,108.54705706647866,108.47673082340812,107.23866529465006,86.4547341546077,84.43963313016948,83.20640528365429,83.38075868989458,88.70511717783363
120.0,120.0,120.0,120.0,120.0,120.0,120.0,120.0,120.0,120.0,108.55122043146808,108.55121749142968,108.55121956476128,108.55122713332956,108.5512386726841,108.55123727747123,108.55103518393912,108.54705550262626,108.47672894382976,107.23866755278291,86.4547295695635,84.43963632233087,83.20640343588217,83.38075903914427,88.70511765911472
120.0,120.0,120.0,120.0,120.0,120.0,120.0,120.0,120.0,120.0,108.55121305476366,108.55120830856896,108.5512146481836,108.55122226918385,108.55123433911015,108.55123965611968,108.55103082133705,108.54705633492888,108.47672754331188,107.23866621815151,86.45473296540555,84.43963307376846,83.20640586326071,83.38075755624104,88.70511784579789
120.0,120.0,120.0,120.0,120.0,120.0,120.0,120.0,120.0,120.0,108.5512018498068,108.55120361855705,108.55120570472992,108.5512182575197,108.55122997013632,108.55123562127655,108.5510330890859,108.54705224295515,108.47672868614775,107.23866481547218,86.45473183017866,84.43963500082029,83.20640367460378,83.38075936985851,88.705116715517
120.0,120.0,120.0,120.0,120.0,120.0,120.0,120.0,120.0,120.0,108.55118751192416,108.55119320442861,108.55120285882778,108.55120986804575,108.55122695282286,108.55123183210245,108.5510294778418,108.54705442605879,108.47672493280662,107.23866630560632,86.45472918025891,84.43963469163367,83.20640467130335,83.38075788155085,88.7051181393686
120.0,120.0,120.0,120.0,120.0,120.0,120.0,120.0,120.0,120.0,108.55122924724043,108.55122302194152,108.55122470782752,108.55123156042987,108.55123616114251,108.55124181529,108.55103470937826,108.54705706649615,108.47673082355216,107.23866529481322,86.4547341543152,84.43963313033211,83.20640528360633,83.38075868928156,88.70511717766318
120.0,120.0,120.0,120.0,120.0,120.0,120.0,120.0,120.0,120.0,108.55122043132765,108.55121749132049,108.55121956472439,108.55122713322805,108.55123867259601,108.5512372774928,108.5510351839397,108.54705550257248,108.47672894383561,107.23866755295433,86.45472956988516,84.4396363219342,83.20640343588421,83.38075903907227,88.7051176586875
120.0,120.0,120.0,120.0,120.0,120.0,120.0,120.0,120.0,120.0,108.55121305454033,108.55120830843784,108.5512146480956,108.55122226917086,108.55123433901643,108.55123965602998,108.55103082135803,108.54705633495222,108.47672754329164,107.23866621814715,86.45473296581356,84.4396330739769,83.20640586278543,83.38075755615249,88.70511784578316
120.0,120.0,120.0,120.0,120.0,120.0,120.0,120.0,120.0,120.0,108.55120184953647,108.55120361835863,108.55120570460974,108.55121825744448,108.55122997014125,108.55123562119786,108.55103308899945,108.54705224297373,108.47672868619257,107.23866481549432,86.45473183015746,84.43963500116475,83.20640367468184,83.38075936936785,88.70511671541256
120.0,120.0,120.0,120.0,120.0,120.0,120.0,120.0,120.0,120.0,108.55118751171966,108.55119320420361,108.55120285865928,108.55120986793797,108.55122695275466,108.55123183212014,108.55102947778245,108.54705442598073,108.47672493282211,107.2386663056902,86.45472918037242,84.43963469155993,83.20640467153059,83.38075788154222,88.70511813897095
120.0,120.0,120.0,120.0,120.0,120.0,120.0,120.0,120.0,120.0,108.55122924749122,108.55122302207046,108.55122470799225,108.55123156056472,108.55123616122286,108.55124181534951,108.55103470949608,108.54705706652086,108.47673082352804,107.23866529485717,86.45473415459729,84.43963313045677,83.2064052834633,83.38075868939495,88.70511717766688
120.0,120.0,120.0,120.0,120.0,120.0,120.0,120.0,120.0,120.0,108.55122043180994,108.55121749155958,108.55121956484815,108.55122713337124,108.55123867272447,108.55123727756796,108.55103518398157,108.54705550267695,108.47672894386888,107.23866755294034,86.45472956997807,84.4396363222345,83.20640343596384,83.3807590388638,88.70511765872868
120.0,120.0,120.0,120.0,120.0,120.0,120.0,120.0,120.0,120.0,108.55121305469153,108.55120830879974,108.55121464831686,108.55122226928763,108.55123433913688,108.55123965614851,108.55103082142655,108.54705633497679,108.47672754338085,107.23866621819668,86.45473296580754,84.43963307406422,83.20640586304975,83.38075755618063,88.70511784558342
120.0,120.0,120.0,120.0,120.0,120.0,120.0,120.0,120.0,120.0,108.55120185001515,108.55120361850962,108.55120570487286,108.55121825764266,108.55122997024976,108.55123562129616,108.55103308910591,108.54705224303544,108.47672868620246,107.23866481557478,86.45473183029318,84.43963500119033,83.20640367473703,83.38075936956486,88.70511671543373
120.0,120.0,120.0,120.0,120.0,120.0,120.0,120.0,120.0,120.0,108.55118751284407,108.55119320473773,108.55120285881108,108.55120986812315,108.55122695292602,108.55123183221879,108.55102947785977,108.54705442607396,108.47672493287799,107.23866630569006,86.45472918052673,84.43963469173201,83.20640467156416,83.3807578815491,88.70511813909829
120.0,120.0,120.0,120.0,120.0,120.0,120.0,120.0,120.0,120.0,108.55122924738687,108.55122302202922,108.55122470796316,108.55123156047391,108.55123616112873,108.55124181530559,108.55103470946155,108.54705706650157,108.47673082355557,107.23866529487783,86.45473415456286,84.43963313059803,83.20640528363907,83.38075868941499,88.70511717763834
120.0,120.0,120.0,120.0,120.0,120.0,120.0,120.0,120.0,120.0,108.55122043144809,108.55121749141148,108.55121956476329,108.55122713337784,108.55123867263667,108.55123727747,108.55103518394542,108.5470555026505,108.47672894384742,107.23866755297804,86.45472957004739,84.43963632222304,83.20640343609557,83.38075903902534,88.70511765874222
120.0,120.0,120.0,120.0,120.0,120.0,120.0,120.0,120.0,120.0,108.55121305481532,108.55120830860439,108.55121464815117,108.55122226917237,108.551234339163,108.55123965607052,108.55103082133265,108.54705633494949,108.47672754336408,107.23866621817778,86.45473296591986,84.43963307415345,83.20640586305707,83.38075755628681,88.70511784570392
120.0,120.0,120.0,120.0,120.0,120.0,120.0,120.0,120.0,120.0,108.55120184977487,108.55120361860466,108.55120570480412,108.55121825748124,108.55122997011479,108.5512356213302,108.55103308904096,108.54705224295006,108.47672868618443,107.23866481557013,86.45473183027683,84.43963500131763,83.20640367484172,83.38075936957954,88.7051167154988
120.0,120.0,120.0,120.0,120.0,120.0,120.0,120.0,120.0,120.0,108.55118751170602,108.55119320437721,108.55120285885626,108.55120986814309,108.55122695278415,108.55123183207368,108.55102947789432,108.54705442602278,108.4767249328033,107.23866630568712,86.45472918054804,84.43963469173484,83.20640467169719,83.38075788165682,88.7051181391054
120.0,120.0,120.0,120.0,120.0,120.0,120.0,120.0,120.0,120.0,108.55122924744569,108.5512230220916,108.55122470793496,108.5512315605092,108.55123616131883,108.55124181531207,108.5510347093817,108.54705706657042,108.47673082354595,107.23866529483352,86.45473415461252,84.4396331306468,83.20640528366341,83.38075868954132,88.70511717772722
120.0,120.0,120.0,120.0,120.0,120.0,120.0,120.0,120.0,120.0,108.55122043164909,108.55121749152404,108.5512195648842,108.55122713331284,108.5512386726562,108.55123727765931,108.55103518395623,108.54705550256732,108.47672894390517,107.23866755297023,86.45472956997479,84.43963632229938,83.2064034361613,83.38075903905656,88.70511765883272
120.0,120.0,120.0,120.0,120.0,120.0,120.0,120.0,120.0,120.0,108.55121305471127,108.55120830868054,108.55121464828436,108.55122226933496,108.5512343390851,108.55123965606974,108.5510308215102,108.54705633496464,108.47672754328015,107.23866621822663,86.4547329659056,84.43963307411666,83.20640586315245,83.38075755636062,88.70511784572368
120.0,120.0,120.0,120.0,120.0,120.0,120.0,120.0,120.0,120.0,108.55120184991502,108.55120361852892,108.55120570478833,108.55121825760929,108.55122997030473,108.55123562125527,108.55103308901933,108.5470522431093,108.47672868620299,107.2386648154861,86.45473183036357,84.4396350013218,83.20640367483816,83.3807593696797,88.70511671556088
120.0,120.0,120.0,120.0,120.0,120.0,120.0,120.0,120.0,120.0,108.55118751244196,108.5511932045986,108.55120285882975,108.55120986806668,108.55122695288983,108.55123183227829,108.55102947783197,108.54705442598251,108.47672493294131,107.2386663057014,86.45472918038614,84.43963469181605,83.20640467172348,83.3807578816738,88.70511813918237
120.0,120.0,120.0,120.0,120.0,120.0,120.0,120.0,120.0,120.0,108.55122924744961,108.55122302205368,108.55122470798491,108.55123156054677,108.55123616115668,108.55124181532214,108.55103470955787,108.54705706650911,108.47673082347742,107.23866529494637,86.45473415461326,84.43963313052159,83.20640528374435,83.38075868958276,88.70511717774048
120.0,120.0,120.0,120.0,120.0,120.0,120.0,120.0,120.0,120.0,108.55122043163246,108.55121749149743,108.55121956480401,108.55122713337917,108.5512386727141,108.55123727750261,108.55103518394651,108.54705550274072,108.47672894386406,107.23866755289453,86.4547295701823,84.43963632229723,83.20640343607907,83.38075903913774,88.70511765887316
120.0,120.0,120.0,120.0,120.0,120.0,120.0,120.0,120.0,120.0,108.55121305476803,108.55120830871445,108.55121464824883,108.55122226922506,108.55123433915107,108.55123965614887,108.5510308213686,108.54705633493558,108.47672754344588,107.23866621819774,86.45473296575322,84.43963307428237,83.20640586315926,83.38075755631311,88.70511784578716
120.0,120.0,120.0,120.0,120.0,120.0,120.0,120.0,120.0,120.0,108.55120184989775,108.55120361856324,108.551205704854,108.55121825757995,108.55122997017585,108.55123562130984,108.55103308911742,108.54705224298888,108.47672868615716,107.23866481565001,86.45473183030953,84.43963500118858,83.20640367497104,83.38075936969935,88.70511671552707
120.0,120.0,120.0,120.0,120.0,120.0,120.0,120.0,120.0,120.0,108.55118751226381,108.55119320455431,108.55120285883753,108.55120986814899,108.55122695287623,108.55123183214006,108.55102947786845,108.54705442609539,108.47672493284448,107.23866630564662,86.45472918071144,84.43963469177233,83.2064046716142,83.3807578817818,88.7051181392095
120.0,120.0,120.0,120.0,120.0,120.0,120.0,120.0,120.0,120.0,108.5512292472229,108.55122302195426,108.55122470783473,108.55123156040217,108.55123616117935,108.55124181529253,108.55103470938708,108.54705706650068,108.47673082358608,107.23866529485616,86.45473415450437,84.43963313079321,83.20640528371172,83.38075868949511,88.7051171778178
120.0,120.0,120.0,120.0,120.0,120.0,120.0,120.0,120.0,120.0,108.5512204311938,108.55121749127635,108.55121956472591,108.55122713325379,108.55123867256926,108.55123727752407,108.55103518394361,108.54705550258377,108.47672894384026,107.23866755302221,86.4547295700239,84.43963632220357,83.20640343629923,83.38075903912079,88.70511765879922
120.0,120.0,120.0,120.0,120.0,120.0,120.0,120.0,120.0,120.0,108.5512130546392,108.5512083083695,108.55121464803825,108.55122226916475,108.55123433905354,108.55123965600663,108.551030821385,108.54705633495848,108.47672754330708,107.23866621816792,86.45473296604722,84.43963307415595,83.20640586307799,83.38075755648681,88.70511784578726
120.0,120.0,120.0,120.0,120.0,120.0,120.0,120.0,120.0,120.0,108.55120184949891,108.55120361844014,108.55120570459177,108.55121825738428,108.55122997013015,108.55123562124083,108.55103308898084,108.54705224299755,108.47672868620337,107.238664815522,86.45473183027353,84.43963500146268,83.2064036748752,83.38075936962551,88.70511671565335
120.0,120.0,120.0,120.0,120.0,120.0,120.0,120.0,120.0,120.0,108.55118751127974,108.551193204099,108.55120285871902,108.55120986795694,108.55122695269904,108.55123183210641,108.55102947782743,108.54705442596737,108.4767249328445,107.23866630571867,86.45472918047494,84.43963469174822,83.206404671856,83.38075788171382,88.7051181391352
120.0,120.0,120.0,120.0,120.0,120.0,120.0,120.0,120.0,120.0,108.55122924743391,108.5512230220737,108.55122470791179,108.55123156054232,108.55123616127065,108.55124181532139,108.55103470948507,108.54705706656445,108.4767308235218,107.23866529488865,86.45473415471791,84.43963313060704,83.20640528370153,83.38075868970401,88.70511717778336
120.0,120.0,120.0,120.0,120.0,120.0,120.0,120.0,120.0,120.0,108.55122043163324,108.55121749151526,108.55121956486985,108.55122713328784,108.5512386727041,108.55123727762188,108.55103518395867,108.54705550266878,108.47672894391265,107.23866755294563,86.45472957008323,84.4396363224137,83.20640343615185,83.3807590391062,88.7051176589614
120.0,120.0,120.0,120.0,120.0,120.0,120.0,120.0,120.0,120.0,108.55121305470671,108.55120830864709,108.5512146482791,108.55122226932238,108.55123433905813,108.55123965612917,108.55103082148375,108.54705633495962,108.47672754337614,107.23866621824708,86.45473296586066,84.4396330742147,83.20640586327546,83.38075755637587,88.7051178457562
120.0,120.0,120.0,120.0,120.0,120.0,120.0,120.0,120.0,120.0,108.55120184991803,108.5512036185254,108.55120570474477,108.55121825760833,108.55122997029383,108.55123562122624,108.55103308908726,108.54705224309419,108.47672868619146,107.23866481558166,86.45473183042583,84.43963500128959,83.20640367493,83.38075936980457,88.7051167155808
120.0,120.0,120.0,120.0,120.0,120.0,120.0,120.0,120.0,120.0,108.55118751246472,108.5511932046025,108.55120285882766,108.55120986801778,108.55122695289386,108.5512318322698,108.55102947780077,108.54705442605596,108.47672493293751,107.23866630568857,86.45472918058529,84.43963469189126,83.20640467170713,83.3807578817566,88.70511813928417
120.0,120.0,120.0,120.0,120.0,120.0,120.0,120.0,120.0,120.0,108.55122924753155,108.55122302205747,108.55122470804274,108.55123156059396,108.55123616112772,108.55124181534633,108.551034709566,108.54705706648511,108.47673082355959,107.23866529495673,86.45473415460083,84.43963313070361,83.20640528382935,83.38075868958016,88.70511717779628
120.0,120.0,120.0,120.0,120.0,120.0,120.0,120.0,120.0,120.0,108.55122043191531,108.55121749159653,108.55121956481011,108.55122713341828,108.55123867275537,108.55123727747223,108.5510351839738,108.54705550275055,108.47672894383658,107.23866755298542,86.4547295702168,84.43963632229621,83.20640343623936,83.38075903922537,88.70511765887095
120.0,120.0,120.0,120.0,120.0,120.0,120.0,120.0,120.0,120.0,108.551213054663,108.55120830891012,108.55121464835413,108.55122226923277,108.55123433917537,108.55123965618365,108.5510308213363,108.54705633496586,108.47672754345864,107.23866621817226,86.45473296595702,84.43963307433054,83.20640586316667,83.38075755644779,88.70511784586043
120.0,120.0,120.0,120.0,120.0,120.0,120.0,120.0,120.0,120.0,108.55120185004995,108.5512036184808,108.55120570497799,108.55121825768187,108.551229970184,108.55123562132337,108.55103308914624,108.54705224295407,108.47672868619043,107.23866481566456,86.45473183027747,84.43963500138847,83.2064036750287,83.38075936970898,88.70511671562171
120.0,120.0,120.0,120.0,120.0,120.0,120.0,120.0,120.0,120.0,108.55118751301349,108.55119320479744,108.55120285878097,108.55120986821711,108.5512269529677,108.55123183214668,108.55102947787478,108.54705442611963,108.47672493280717,107.23866630569061,86.45472918073986,84.43963469176867,83.20640467179945,83.38075788184261,88.70511813920831
120.0,120.0,120.0,120.0,120.0,120.0,120.0,120.0,120.0,120.0,108.55122924715234,108.55122302191646,108.55122470782368,108.55123156032046,108.55123616112125,108.55124181528143,108.55103470933832,108.54705706647253,108.47673082358551,107.2386652948042,86.45473415461124,84.43963313082637,83.20640528372489,83.38075868965421,88.70511717786756
120.0,120.0,120.0,120.0,120.0,120.0,120.0,120.0,120.0,120.0,108.55122043086989,108.55121749114862,108.55121956465248,108.55122713328397,108.55123867249155,108.55123727745915,108.55103518393594,108.54705550253686,108.4767289438152,107.2386675530238,86.45472956994551,84.43963632233086,83.20640343634342,83.38075903914059,88.70511765891526
120.0,120.0,120.0,120.0,120.0,120.0,120.0,120.0,120.0,120.0,108.55121305476952,108.55120830818603,108.55121464788505,108.5512222690663,108.55123433910691,108.55123965593762,108.55103082131866,108.54705633495405,108.47672754326243,107.23866621815269,86.45473296605591,84.4396330741148,83.20640586321464,83.38075755653637,88.70511784579232
120.0,120.0,120.0,120.0,120.0,120.0,120.0,120.0,120.0,120.0,108.55120184937641,108.55120361854277,108.55120570451638,108.55121825722945,108.551229970015,108.5512356213045,108.55103308892234,108.54705224293345,108.476728686202,107.23866481547738,86.45473183027606,84.43963500148014,83.20640367486739,83.38075936975729,88.7051167156963
120.0,120.0,120.0,120.0,120.0,120.0,120.0,120.0,120.0,120.0,108.55118751027504,108.55119320383791,108.55120285878218,108.55120986796064,108.5512269525591,108.55123183198201,108.55102947789267,108.54705442591923,108.47672493278517,107.23866630571881,86.4547291803947,84.43963469178014,83.20640467188699,83.3807578817246,88.7051181392354
120.0,120.0,120.0,120.0,120.0,120.0,120.0,120.0,120.0,120.0,108.55122924719309,108.5512230220278,108.55122470765586,108.55123156041246,108.55123616132886,108.55124181523784,108.55103470935755,108.54705706661915,108.47673082348265,107.23866529483776,86.45473415472293,84.43963313054944,83.2064052837589,83.38075868974506,88.70511717778747
120.0,120.0,120.0,120.0,120.0,120.0,120.0,120.0,120.0,120.0,108.5512204309245,108.55121749128695,108.55121956485756,108.55122713304804,108.55123867258244,108.55123727769153,108.55103518389312,108.54705550254937,108.4767289439641,107.23866755290814,86.45472957000693,84.43963632242095,83.20640343612288,83.38075903917724,88.70511765900028
120.0,120.0,120.0,120.0,120.0,120.0,120.0,120.0,120.0,120.0,108.55121305477037,108.55120830807847,108.55121464806119,108.55122226933365,108.55123433884617,108.5512396560144,108.55103082155915,108.54705633491186,108.47672754326616,107.23866621829504,86.45473296579154,84.43963307416693,83.2064058632921,83.380757556369,88.70511784581372
120.0,120.0,120.0,120.0,120.0,120.0,120.0,120.0,120.0,120.0,108.55120184951048,108.55120361857806,108.55120570430292,108.55121825740395,108.55122997032247,108.55123562104704,108.55103308897888,108.54705224317185,108.47672868615973,107.23866481548274,86.45473183052015,84.43963500123041,83.20640367491215,83.38075936983138,88.70511671557733
120.0,120.0,120.0,120.0,120.0,120.0,120.0,120.0,120.0,120.0,108.55118751082007,108.5511932040247,108.5512028588645,108.55120986768364,108.55122695270748,108.55123183231272,108.55102947765543,108.54705442595356,108.47672493301525,107.2386663056642,86.45472918042462,84.43963469195913,83.20640467166689,83.38075788176197,88.70511813931182
120.0,120.0,120.0,120.0,120.0,120.0,120.0,120.0,120.0,120.0,108.55122924716453,108.55122302191083,108.55122470767783,108.55123156051746,108.55123616095038,108.55124181528001,108.55103470966154,108.54705706638947,108.4767308234804,107.23866529505094,86.4547341545693,84.43963313058269,83.20640528388329,83.38075868956057,88.70511717780566
120.0,120.0,120.0,120.0,120.0,120.0,120.0,120.0,120.0,120.0,108.55122043105453,108.55121749127305,108.55121956470659,108.55122713306109,108.55123867272685,108.55123727732625,108.55103518390452,108.54705550285722,108.47672894376998,107.23866755290804,86.45472957041268,84.43963632226215,83.20640343615217,83.38075903927069,88.70511765886194
120.0,120.0,120.0,120.0,120.0,120.0,120.0,120.0,120.0,120.0,108.55121305458462,108.55120830818105,108.55121464806892,108.55122226915717,108.55123433884107,108.55123965619651,108.55103082122062,108.54705633489294,108.47672754357123,107.23866621812579,86.45473296582747,84.43963307448806,83.20640586313833,83.38075755638857,88.70511784589742
120.0,120.0,120.0,120.0,120.0,120.0,120.0,120.0,120.0,120.0,108.5512018494247,108.5512036183995,108.55120570437502,108.55121825743649,108.55122997012911,108.55123562101812,108.55103308919387,108.54705224286853,108.47672868611521,107.2386648157885,86.45473183021538,84.43963500127757,83.20640367515016,83.38075936969102,88.70511671557654
120.0,120.0,120.0,120.0,120.0,120.0,120.0,120.0,120.0,120.0,108.55118751117834,108.55119320402967,108.55120285869593,108.55120986772475,108.55122695276573,108.55123183211107,108.55102947759985,108.54705442619486,108.47672493275067,107.23866630562107,86.45472918102261,84.4396346917183,83.20640467170655,83.38075788193534,88.70511813920331
120.0,120.0,120.0,120.0,120.0,120.0,120.0,120.0,120.0,120.0,108.55122924749818,108.55122302206244,108.5512247079526,108.55123156061384,108.55123616107912,108.55124181543371,108.55103470952308,108.54705706635293,108.47673082376805,107.23866529482254,86.45473415455136,84.43963313109052,83.20640528369687,83.38075868958389,88.70511717794089
120.0,120.0,120.0,120.0,120.0,120.0,120.0,120.0,120.0,120.0,108.55122043182462,108.55121749159129,108.55121956484608,108.55122713331542,108.55123867278537,108.55123727742173,108.55103518407311,108.54705550271152,108.47672894369893,107.23866755321016,86.45472956995808,84.43963632228332,83.20640343655808,83.38075903912129,88.70511765885414
120.0,120.0,120.0,120.0,120.0,120.0,120.0,120.0,120.0,120.0,108.55121305466825,108.55120830877759,108.55121464836192,108.55122226928471,108.55123433907399,108.55123965621874,108.55103082127704,108.54705633507439,108.4767275434247,107.23866621804349,86.45473296642726,84.4396330741203,83.20640586317259,83.38075755670447,88.70511784578895
120.0,120.0,120.0,120.0,120.0,120.0,120.0,120.0,120.0,120.0,108.55120185003766,108.55120361849411,108.55120570482475,108.55121825769389,108.5512299702419,108.55123562123214,108.55103308918433,108.54705224288243,108.47672868630657,107.23866481561694,86.45473183008326,84.43963500181206,83.20640367486635,83.38075936971447,88.70511671582048
120.0,120.0,120.0,120.0,120.0,120.0,120.0,120.0,120.0,120.0,108.55118751297151,108.55119320477735,108.55120285880496,108.55120986805717,108.55122695297933,108.55123183220365,108.5510294777983,108.54705442616017,108.47672493272283,107.2386663058275,86.45472918059893,84.439634691655,83.20640467216506,83.38075788172071,88.70511813918654
120.0,120.0,120.0,120.0,120.0,120.0,120.0,120.0,120.0,120.0,108.55122924753783,108.55122302204087,108.55122470808708,108.55123156056581,108.55123616108655,108.55124181537947,108.55103470945845,108.54705706645994,108.47673082365704,107.2386652947297,86.45473415493755,84.43963313069082,83.20640528367295,83.38075868996347,88.70511717778852
120.0,120.0,120.0,120.0,120.0,120.0,120.0,120.0,120.0,120.0,108.55122043194625,108.55121749158522,108.55121956477478,108.55122713347507,108.55123867271966,108.5512372774212,108.55103518401675,108.54705550263331,108.47672894380975,107.23866755307463,86.45472956979212,84.43963632264568,83.20640343622664,83.38075903911403,88.70511765915947
120.0,120.0,120.0,120.0,120.0,120.0,120.0,120.0,120.0,120.0,108.55121305466074,108.55120830896027,108.5512146483347,108.55122226918425,108.55123433923754,108.5512396561423,108.55103082127722,108.54705633501914,108.47672754333364,107.23866621816518,86.4547329660834,84.43963307400526,83.20640586350422,83.38075755644601,88.70511784574907
120.0,120.0,120.0,120.0,120.0,120.0,120.0,120.0,120.0,120.0,108.55120185005057,108.55120361847287,108.55120570503892,108.55121825766014,108.55122997012572,108.55123562138688,108.55103308910056,108.54705224288793,108.47672868625286,107.2386648155185,86.45473183033198,84.4396350014686,83.20640367479949,83.38075937001526,88.70511671564371
120.0,120.0,120.0,120.0,120.0,120.0,120.0,120.0,120.0,120.0,108.5511875130158,108.55119320479868,108.55120285876542,108.55120986828314,108.55122695294699,108.55123183208075,108.5510294779376,108.54705442607047,108.47672493273598,107.23866630575448,86.45472918041386,84.43963469187659,83.20640467185814,83.38075788168099,88.70511813944219
120.0,120.0,120.0,120.0,120.0,120.0,120.0,120.0,120.0,120.0,108.55122924743864,108.5512230220411,108.5512247080375,108.55123156045178,108.5512361612785,108.55124181532788,108.55103470931654,108.5470570665687,108.47673082355416,107.23866529475039,86.45473415472146,84.43963313054293,83.20640528387004,83.38075868971127,88.70511717773272
120.0,120.0,120.0,120.0,120.0,120.0,120.0,120.0,120.0,120.0,108.55122043166945,108.55121749146768,108.55121956478801,108.55122713345213,108.55123867259258,108.55123727760657,108.55103518397499,108.54705550249894,108.47672894390183,107.23866755296581,86.45472956985236,84.43963632240708,83.20640343611863,83.38075903929706,88.70511765898569
120.0,120.0,120.0,120.0,120.0,120.0,120.0,120.0,120.0,120.0,108.55121305470767,108.55120830876707,108.5512146482074,108.55122226921051,108.55123433923863,108.5512396560055,108.55103082145158,108.54705633498607,108.4767275432101,107.23866621822717,86.45473296586694,84.43963307406545,83.20640586327237,83.3807575563665,88.70511784591243
120.0,120.0,120.0,120.0,120.0,120.0,120.0,120.0,120.0,120.0,108.55120184987706,108.55120361850922,108.55120570491674,108.55121825753011,108.55122997016366,108.55123562140894,108.5510330889574,108.54705224304873,108.47672868622577,107.23866481541205,86.45473183037608,84.43963500128254,83.20640367485828,83.38075936981312,88.70511671556673
120.0,120.0,120.0,120.0,120.0,120.0,120.0,120.0,120.0,120.0,108.55118751229838,108.55119320454736,108.55120285878847,108.5512098682194,108.55122695281942,108.55123183212864,108.55102947797741,108.54705442592417,108.47672493288142,107.23866630571858,86.45472918023881,84.43963469184168,83.20640467170816,83.38075788174393,88.70511813930223
120.0,120.0,120.0,120.0,120.0,120.0,120.0,120.0,120.0,120.0,108.55122924543466,108.55122301998493,108.5512247068685,108.55123155970965,108.55123616068089,108.55124181480245,108.5510347090951,108.54705706643149,108.47673082327988,107.23866529480543,86.45473415457569,84.439633130377,83.20640528377128,83.38075868958244,88.70511717778913
120.0,120.0,120.0,120.0,120.0,120.0,120.0,120.0,120.0,120.0,108.55122043044557,108.55121748989177,108.55121956310028,108.55122713232767,108.5512386719499,108.55123727713828,108.55103518352023,108.54705550233447,108.47672894381725,107.23866755273393,86.45472957002528,84.43963632225817,83.20640343598936,83.38075903918838,88.70511765887876
120.0,120.0,120.0,120.0,120.0,120.0,120.0,120.0,120.0,120.0,108.55121304931791,108.55120830718279,108.55121464697015,108.55122226787056,108.55123433821001,108.55123965545998,108.55103082110485,108.54705633460685,108.47672754310211,107.2386662181851,86.45473296555032,84.43963307417005,83.2064058631349,83.380757556271,88.70511784583279
120.0,120.0,120.0,120.0,120.0,120.0,120.0,120.0,120.0,120.0,108.55120184678762,108.55120361392515,108.5512057031319,108.55121825654396,108.55122996913819,108.5512356205112,108.55103308850796,108.54705224281213,108.4767286859203,107.23866481537846,86.4547318304066,84.43963500102149,83.20640367490395,83.38075936969494,88.70511671549751
120.0,120.0,120.0,120.0,120.0,120.0,120.0,120.0,120.0,120.0,108.55118751200483,108.55119320250307,108.55120285502326,108.55120986637644,108.5512269520149,108.5512318313774,108.55102947723114,108.54705442557069,108.47672493274158,107.23866630548693,86.45472918039606,84.43963469184253,83.20640467149295,83.38075788175188,88.70511813921277
120.0,120.0,120.0,120.0,120.0,120.0,120.0,120.0,120.0,120.0,108.55122924726183,108.55122302150505,108.55122470838776,108.55123156033953,108.55123616119074,108.5512418155255,108.55103470962862,108.54705706661173,108.47673082351317,107.23866529504299,86.45473415452196,84.43963313064144,83.20640528381331,83.38075868944672,88.70511717782459
120.0,120.0,120.0,120.0,120.0,120.0,120.0,120.0,120.0,120.0,108.55122043161033,108.5512174911074,108.5512195640448,108.55122713403472,108.55123867258553,108.55123727753497,108.55103518417809,108.54705550284686,108.4767289439722,107.23866755294863,86.45472957039668,84.43963632221286,83.20640343619644,83.38075903920391,88.70511765877595
120.0,120.0,120.0,120.0,120.0,120.0,120.0,120.0,120.0,120.0,108.55121305472217,108.5512083087237,108.55121464779144,108.55122226836424,108.5512343399217,108.55123965608159,108.55103082139962,108.54705633517025,108.47672754356972,107.23866621829943,86.45473296591233,84.43963307447295,83.20640586308386,83.38075755641975,88.70511784585898
120.0,120.0,120.0,120.0,120.0,120.0,120.0,120.0,120.0,120.0,108.55120184985863,108.55120361844135,108.55120570490872,108.55121825714441,108.5512299692872,108.55123562211132,108.55103308910054,108.54705224302117,108.4767286863824,107.23866481579283,86.4547318305034,84.4396350013605,83.20640367512749,83.3807593696335,88.70511671560371
120.0,120.0,120.0,120.0,120.0,120.0,120.0,120.0,120.0,120.0,108.55118751220789,108.55119320447797,108.5512028586174,108.55120986825344,108.55122695251589,108.5512318312718,108.55102947865062,108.54705442612048,108.47672493288096,107.23866630587192,86.4547291810383,84.43963469192833,83.20640467177593,83.3807578819079,88.70511813915472
120.0,120.0,120.0,120.0,120.0,120.0,120.0,120.0,120.0,120.0,108.55122924173287,108.55122301631124,108.55122470475187,108.55123155796176,108.55123615955813,108.55124181374339,108.55103470770946,108.547057066653,108.47673082325122,107.2386652946806,86.45473415484079,84.43963313100944,83.20640528377554,83.38075868959785,88.70511717789053
120.0,120.0,120.0,120.0,120.0,120.0,120.0,120.0,120.0,120.0,108.55122042801469,108.5512174868798,108.551219560017,108.55122713032223,108.55123867028281,108.55123727624733,108.5510351827199,108.54705550112702,108.47672894405788,107.23866755284831,86.4547295700526,84.43963632252357,83.20640343649195,83.38075903915814,88.70511765885331
120.0,120.0,120.0,120.0,120.0,120.0,120.0,120.0,120.0,120.0,108.55121303998045,108.55120830427995,108.55121464451705,108.55122226535428,108.55123433640105,108.55123965389008,108.55103082042895,108.54705633406854,108.47672754209056,107.23866621849389,86.45473296616446,84.43963307425739,83.20640586335968,83.38075755664293,88.70511784578943
120.0,120.0,120.0,120.0,120.0,120.0,120.0,120.0,120.0,120.0,108.55120184097416,108.55120360593467,108.55120569999306,108.5512182545115,108.55122996713959,108.5512356189628,108.55103308705678,108.5470522423255,108.4767286856265,107.23866481460206,86.4547318313462,84.4396350016778,83.2064036750054,83.38075936984977,88.70511671574947
120.0,120.0,120.0,120.0,120.0,120.0,120.0,120.0,120.0,120.0,108.55118751059206,108.55119319844076,108.55120284839569,108.55120986321381,108.55122695028936,108.55123182983233,108.55102947598587,108.54705442426247,108.47672493241983,107.23866630542227,86.45472917949787,84.43963469270666,83.2064046721127,83.38075788183122,88.70511813926561
120.0,120.0,120.0,120.0,120.0,120.0,120.0,120.0,120.0,120.0,108.5512292469792,108.55122302055732,108.55122470906765,108.55123156005435,108.55123616113372,108.55124181574317,108.55103470982438,108.54705706669321,108.47673082300004,107.2386652953083,86.45473415517705,84.4396331302747,83.20640528463669,83.38075869002706,88.70511717790492
120.0,120.0,120.0,120.0,120.0,120.0,120.0,120.0,120.0,120.0,108.55122043178562,108.55121749049668,108.55121956276292,108.55122713511457,108.5512386724396,108.55123727748649,108.55103518438561,108.54705550307317,108.47672894413294,107.23866755243989,86.45472957119173,84.43963632296106,83.20640343606051,83.38075903984505,88.70511765920632
120.0,120.0,120.0,120.0,120.0,120.0,120.0,120.0,120.0,120.0,108.55121305452002,108.55120830884718,108.55121464707324,108.55122226692149,108.55123434116933,108.55123965603883,108.55103082136398,108.54705633532747,108.47672754379397,107.23866621850517,86.45473296499695,84.43963307539566,83.20640586385777,83.3807575563912,88.70511784627867
120.0,120.0,120.0,120.0,120.0,120.0,120.0,120.0,120.0,120.0,108.55120184990952,108.55120361813685,108.55120570503065,108.55121825646283,108.55122996780207,108.55123562338431,108.55103308913534,108.54705224300763,108.47672868647378,107.2386648160477,86.4547318309607,84.43963500073569,83.20640367606967,83.38075937035806,88.70511671556328
120.0,120.0,120.0,120.0,120.0,120.0,120.0,120.0,120.0,120.0,108.55118751279782,108.55119320455057,108.55120285817755,108.55120986840282,108.5512269519554,108.55123182982243,108.551029479864,108.54705442621157,108.47672493289735,107.23866630587831,86.45472918170512,84.43963469243751,83.20640467142485,83.38075788275884,88.70511813974606
120.0,120.0,120.0,120.0,120.0,120.0,120.0,120.0,120.0,120.0,108.55122924745778,108.55122302205972,108.5512247078094,108.55123155962725,108.55123616156096,108.5512418146467,108.55103470722594,108.54705706835958,108.47673082378716,107.23866529497602,86.4547341548872,84.4396331318516,83.20640528439894,83.38075868945884,88.70511717852455
120.0,120.0,120.0,120.0,120.0,120.0,120.0,120.0,120.0,120.0,108.55122043180431,108.5512174914516,108.55121956481443,108.55122713316175,108.5512386715067,108.551237277985,108.55103518358385,108.5470555005998,108.4767289455035,107.2386675533232,86.4547295703915,84.43963632251848,83.20640343735676,83.38075903979608,88.70511765874832
120.0,120.0,120.0,120.0,120.0,120.0,120.0,120.0,120.0,120.0,108.55121305469466,108.55120830883388,108.55121464811947,108.55122226924163,108.55123433893294,108.55123965469231,108.55103082189751,108.5470563348728,108.47672754153245,107.23866621967733,86.4547329668807,84.43963307459835,83.20640586336951,83.38075755746033,88.70511784636201
120.0,120.0,120.0,120.0,120.0,120.0,120.0,120.0,120.0,120.0,108.5512018499735,108.55120361850209,108.55120570492507,108.5512182573371,108.55122997019367,108.55123562113724,108.55103308746803,108.54705224353162,108.47672868635622,107.23866481403779,86.45473183306596,84.43963500240683,83.20640367536036,83.38075936988088,88.7051167163588
120.0,120.0,120.0,120.0,120.0,120.0,120.0,120.0,120.0,120.0,108.55118751270929,108.55119320467274,108.55120285878792,108.55120986818245,108.55122695249574,108.55123183214864,108.55102947778408,108.54705442431853,108.4767249333781,107.2386663060094,86.45472917820916,84.43963469399634,83.20640467282985,83.38075788220206,88.705118139269
120.0,120.0,120.0,120.0,120.0,120.0,120.0,120.0,120.0,120.0,108.55122924690242,108.55122302182178,108.5512247075703,108.55123156017791,108.55123616105416,108.5512418146453,108.55103470929235,108.54705706648566,108.47673082171737,107.23866529548887,86.45473415537656,84.43963312917228,83.20640528544193,83.38075869060752,88.70511717816595
120.0,120.0,120.0,120.0,120.0,120.0,120.0,120.0,120.0,120.0,108.55122043017695,108.55121749087995,108.55121956456814,108.55122713303096,108.55123867235334,108.55123727741775,108.55103518316474,108.54705550246615,108.4767289439669,107.23866755110186,86.45472957174356,84.43963632322638,83.20640343533047,83.38075904041068,88.70511765962948
120.0,120.0,120.0,120.0,120.0,120.0,120.0,120.0,120.0,120.0,108.55121305478977,108.55120830765841,108.55121464761366,108.55122226899088,108.55123433884127,108.55123965579669,108.55103082131879,108.54705633405685,108.4767275431646,107.23866621833662,86.45473296235076,84.43963307602804,83.20640586421048,83.38075755592062,88.70511784662176
120.0,120.0,120.0,120.0,120.0,120.0,120.0,120.0,120.0,120.0,108.5512018489588,108.5512036185522,108.55120570412716,108.55121825696892,108.55122996995053,108.55123562101197,108.5510330887681,108.54705224299077,108.47672868519192,107.23866481545517,86.45473183048671,84.43963499856358,83.20640367672829,83.38075937076545,88.70511671519782
120.0,120.0,120.0,120.0,120.0,120.0,120.0,120.0,120.0,120.0,108.55118750858057,108.55119320324535,108.55120285877157,108.55120986767933,108.55122695231827,108.55123183193426,108.55102947756112,108.54705442573902,108.47672493290337,107.23866630448491,86.45472918069453,84.43963469199215,83.206404669787,83.38075788337328,88.70511814013891
120.0,120.0,120.0,120.0,120.0,120.0,120.0,120.0,120.0,120.0,108.55122924744828,108.55122302215962,108.55122470771944,108.55123156062005,108.55123616139946,108.55124181526341,108.55103470948566,108.54705706633376,108.4767308233367,107.23866529497325,86.45473415190388,84.43963313117116,83.20640528412797,83.38075868828584,88.70511717897388
120.0,120.0,120.0,120.0,120.0,120.0,120.0,120.0,120.0,120.0,108.55122043160817,108.5512174916336,108.55121956504172,108.55122713302869,108.55123867278368,108.55123727775302,108.551035183888,108.54705550268645,108.47672894360052,107.23866755274415,86.45472956996454,84.4396363198158,83.20640343698899,83.3807590397285,88.70511765789064
120.0,120.0,120.0,120.0,120.0,120.0,120.0,120.0,120.0,120.0,108.55121305468971,108.55120830847949,108.55121464844039,108.55122226955007,108.55123433877428,108.55123965619946,108.5510308215971,108.54705633486836,108.47672754340975,107.23866621773284,86.45473296550203,84.43963307394239,83.20640586114321,83.38075755734643,88.70511784649614
120.0,120.0,120.0,120.0,120.0,120.0,120.0,120.0,120.0,120.0,108.55120184999802,108.55120361854412,108.55120570448666,108.5512182577728,108.55122997055541,108.55123562094352,108.55103308914441,108.54705224317603,108.47672868607343,107.23866481557877,86.45473182891257,84.43963500106189,83.20640367469944,83.38075936817322,88.70511671633142
120.0,120.0,120.0,120.0,120.0,120.0,120.0,120.0,120.0,120.0,108.55118751281225,108.55119320471951,108.55120285889288,108.5512098677074,108.5512269530372,108.55123183254796,108.55102947753275,108.54705442610032,108.47672493297188,107.23866630553226,86.45472918033556,84.43963469021955,83.2064046716623,83.3807578817156,88.70511813807695
120.0,120.0,120.0,120.0,120.0,120.0,120.0,120.0,120.0,120.0,108.55122924744423,108.55122302195912,108.55122470798554,108.55123156064981,108.55123616072925,108.55124181539747,108.55103470980995,108.54705706621401,108.47673082357552,107.23866529485778,86.45473415419342,84.43963313024184,83.20640528222799,83.3807586897082,88.7051171779999
120.0,120.0,120.0,120.0,120.0,120.0,120.0,120.0,120.0,120.0,108.55122043165356,108.55121749149161,108.55121956466857,108.55122713337464,108.55123867285693,108.5512372770841,108.55103518399791,108.54705550299074,108.47672894358787,107.23866755297057,86.45472956967669,84.43963632185148,83.2064034356963,83.38075903784537,88.70511765899717
120.0,120.0,120.0,120.0,120.0,120.0,120.0,120.0,120.0,120.0,108.55121305469653,108.55120830873823,108.55121464825366,108.55122226905524,108.55123433913234,108.55123965632949,108.5510308209715,108.54705633496306,108.47672754368155,107.23866621792503,86.4547329657691,84.43963307352223,83.20640586273986,83.38075755598747,88.70511784482962
120.0,120.0,120.0,120.0,120.0,120.0,120.0,120.0,120.0,120.0,108.55120184987753,108.55120361849174,108.55120570487303,108.55121825760324,108.55122996997962,108.55123562127096,108.55103308933077,108.54705224262032,108.47672868616324,107.23866481582743,86.45473182974004,84.43963500100338,83.20640367407714,83.38075936935923,88.70511671540412
120.0,120.0,120.0,120.0,120.0,120.0,120.0,120.0,120.0,120.0,108.55118751229413,108.55119320455152,108.55120285876288,108.55120986815739,108.55122695292309,108.55123183192616,108.55102947780617,108.54705442633427,108.47672493250656,107.2386663056432,86.45472918085561,84.43963469120374,83.20640467126556,83.38075788089526,88.70511813895409
120.0,120.0,120.0,120.0,120.0,120.0,120.0,120.0,120.0,120.0,108.55122924749688,108.55122302207913,108.55122470803421,108.55123156048849,108.55123616127032,108.55124181543101,108.55103470921567,108.54705706645015,108.47673082386214,107.23866529453592,86.45473415446769,84.43963313068681,83.20640528314405,83.38075868910073,88.7051171771432
120.0,120.0,120.0,120.0,120.0,120.0,120.0,120.0,120.0,120.0,108.55122043182456,108.55121749155809,108.5512195648476,108.55122713342664,108.5512386726223,108.55123727758603,108.55103518409886,108.54705550240138,108.47672894375968,107.23866755328203,86.45472956933683,84.43963632205875,83.20640343598089,83.38075903858642,88.70511765853412
120.0,120.0,120.0,120.0,120.0,120.0,120.0,120.0,120.0,120.0,108.5512130546816,108.55120830883949,108.55121464830907,108.55122226928088,108.55123433920566,108.55123965602587,108.55103082141177,108.5470563351289,108.47672754311918,107.23866621807446,86.45473296644528,84.43963307349506,83.20640586280594,83.38075755605904,88.70511784537214
120.0,120.0,120.0,120.0,120.0,120.0,120.0,120.0,120.0,120.0,108.55120184999902,108.55120361849902,108.55120570492856,108.55121825762842,108.55122997023638,108.55123562137877,108.55103308896925,108.5470522429853,108.47672868638472,107.2386648152952,86.45473183007695,84.43963500167096,83.20640367423054,83.38075936928092,88.70511671532005
120.0,120.0,120.0,120.0,120.0,120.0,120.0,120.0,120.0,120.0,108.55118751280214,108.55119320472183,108.55120285879856,108.55120986818918,108.5512269529051,108.55123183219631,108.55102947795663,108.54705442593016,108.4767249327934,107.23866630590265,86.45472917989447,84.43963469153613,83.20640467187711,83.38075788110756,88.70511813885518
120.0,120.0,120.0,120.0,120.0,120.0,120.0,120.0,120.0,120.0,108.5512292473507,108.55122302200107,108.55122470794652,108.5512315604513,108.5512361611977,108.55124181527586,108.55103470942471,108.54705706661115,108.47673082340789,107.23866529477205,86.45473415500048,84.4396331299924,83.20640528343147,83.38075868959554,88.70511717731401
120.0,120.0,120.0,120.0,120.0,120.0,120.0,120.0,120.0,120.0,108.5512204314149,108.55121749137899,108.55121956474804,108.5512271333651,108.55123867261152,108.55123727754496,108.55103518391034,108.54705550259814,108.47672894397067,107.23866755279668,86.4547295698442,84.43963632259133,83.20640343553897,83.3807590387983,88.70511765888331
120.0,120.0,120.0,120.0,120.0,120.0,120.0,120.0,120.0,120.0,108.55121305472788,108.55120830856958,108.55121464812369,108.55122226917017,108.55123433915483,108.55123965604142,108.55103082141287,108.54705633491065,108.47672754329437,107.23866621831725,86.45473296545339,84.43963307397345,83.20640586333754,83.38075755579816,88.70511784548593
120.0,120.0,120.0,120.0,120.0,120.0,120.0,120.0,120.0,120.0,108.55120184972427,108.55120361852167,108.55120570476761,108.55121825745707,108.55122997012467,108.55123562132685,108.5510330890063,108.54705224303513,108.47672868614143,107.23866481548804,86.45473183055589,84.43963500082629,83.20640367467028,83.38075936978778,88.70511671514501
120.0,120.0,120.0,120.0,120.0,120.0,120.0,120.0,120.0,120.0,108.55118751168774,108.55119320433238,108.55120285879056,108.5512098681083,108.55122695276145,108.55123183209429,108.55102947789578,108.54705442598096,108.47672493289306,107.23866630561538,86.45472918038672,84.4396346919593,83.20640467121741,83.38075788148296,88.7051181392881
120.0,120.0,120.0,120.0,120.0,120.0,120.0,120.0,120.0,120.0,108.55122924739668,108.55122302206398,108.551224707905,108.55123156048903,108.55123616130626,108.55124181529754,108.55103470941806,108.54705706658179,108.47673082349935,107.2386652949346,86.4547341543789,84.43963313049765,83.20640528382853,83.38075868910694,88.70511717755679
120.0,120.0,120.0,120.0,120.0,120.0,120.0,120.0,120.0,120.0,108.55122043151769,108.5512174914666,108.55121956485165,108.55122713329422,108.55123867264378,108.55123727765161,108.55103518394017,108.54705550261002,108.47672894391789,107.23866755291687,86.45472957017505,84.43963632200835,83.20640343601647,83.3807590391814,88.70511765851676
120.0,120.0,120.0,120.0,120.0,120.0,120.0,120.0,120.0,120.0,108.55121305472447,108.55120830858522,108.55121464822551,108.55122226930018,108.55123433907383,108.55123965606518,108.55103082150835,108.5470563349458,108.47672754332832,107.23866621822579,86.45473296579978,84.43963307426759,83.20640586283342,83.38075755621597,88.70511784584338
120.0,120.0,120.0,120.0,120.0,120.0,120.0,120.0,120.0,120.0,108.55120184983251,108.55120361853558,108.5512057047231,108.55121825755457,108.55122997027019,108.55123562124832,108.5510330890223,108.54705224311398,108.47672868618062,107.23866481554593,86.45473183030744,84.43963500121653,83.20640367493442,83.38075936936876,88.7051167154229
120.0,120.0,120.0,120.0,120.0,120.0,120.0,120.0,120.0,120.0,108.55118751211042,108.5511932044813,108.55120285882785,108.55120986802524,108.55122695284314,108.55123183224626,108.55102947782702,108.54705442599223,108.47672493295188,107.23866630567643,86.45472918052224,84.43963469170363,83.20640467161196,83.38075788173411,88.70511813895176
120.0,120.0,120.0,120.0,120.0,120.0,120.0,120.0,120.0,120.0,108.55122924744812,108.55122302206313,108.55122470795817,108.5512315605506,108.5512361611682,108.55124181532099,108.55103470955008,108.54705706651589,108.47673082350198,107.23866529496279,86.45473415457057,84.43963313063273,83.20640528358882,83.38075868946544,88.70511717779937
120.0,120.0,120.0,120.0,120.0,120.0,120.0,120.0,120.0,120.0,108.55122043161857,108.55121749150629,108.55121956482378,108.5512271333452,108.55123867271766,108.55123727751662,108.55103518394877,108.54705550273673,108.47672894386835,107.23866755292829,86.45472957019514,84.4396363222501,83.20640343614924,83.38075903896382,88.70511765876255
120.0,120.0,120.0,120.0,120.0,120.0,120.0,120.0,120.0,120.0,108.55121305477131,108.55120830868682,108.55121464826173,108.5512222692512,108.55123433911514,108.55123965615114,108.55103082138314,108.54705633494105,108.4767275434458,107.23866621820012,86.45473296583906,84.43963307426364,83.20640586309949,83.38075755635039,88.7051178456544
120.0,120.0,120.0,120.0,120.0,120.0,120.0,120.0,120.0,120.0,108.55120184990355,108.55120361856879,108.55120570481797,108.55121825759268,108.55122997020568,108.55123562127542,108.5510330891183,108.54705224300263,108.47672868616586,107.2386648156533,86.45473183031532,84.43963500126715,83.20640367491848,83.3807593696259,88.70511671555656
120.0,120.0,120.0,120.0,120.0,120.0,120.0,120.0,120.0,120.0,108.55118751227788,108.55119320456043,108.55120285884759,108.55120986810867,108.55122695288644,108.5512318321716,108.55102947783767,108.54705442609523,108.47672493285675,107.23866630566185,86.45472918071927,84.43963469177356,83.2064046716706,83.38075788170693,88.7051181391372
120.0,120.0,120.0,120.0,120.0,120.0,120.0,120.0,120.0,120.0,108.55122924752614,108.55122302208464,108.5512247080321,108.55123156056521,108.55123616122582,108.55124181536094,108.5510347094668,108.54705706650788,108.47673082360642,107.23866529488073,86.4547341545574,84.43963313079878,83.20640528370372,83.38075868952998,88.70511717775967
120.0,120.0,120.0,120.0,120.0,120.0,120.0,120.0,120.0,120.0,108.55122043189058,108.55121749159615,108.55121956485272,108.55122713340823,108.55123867271578,108.5512372775626,108.55103518399768,108.54705550265267,108.47672894384553,107.23866755303736,86.4547295700607,84.43963632225811,83.2064034362896,83.38075903909734,88.70511765882314
120.0,120.0,120.0,120.0,120.0,120.0,120.0,120.0,120.0,120.0,108.55121305467509,108.55120830888414,108.55121464835331,108.55122226928623,108.55123433917097,108.55123965613393,108.55103082141459,108.54705633499864,108.47672754336485,107.23866621817172,86.45473296606046,84.43963307418865,83.20640586312388,83.38075755646341,88.70511784575876
120.0,120.0,120.0,120.0,120.0,120.0,120.0,120.0,120.0,120.0,108.55120185004385,108.55120361849538,108.55120570495399,108.55121825767705,108.55122997024398,108.55123562132766,108.55103308908815,108.54705224301762,108.47672868623073,107.2386648155689,86.45473183027063,84.4396350014731,83.20640367489865,83.38075936965849,88.70511671563358
120.0,120.0,120.0,120.0,120.0,120.0,120.0,120.0,120.0,120.0,108.55118751297398,108.55119320478526,108.55120285879906,108.55120986819752,108.55122695295678,108.5512318322092,108.5510294778891,108.5470544260555,108.4767249328552,107.23866630573484,86.45472918053855,84.43963469175569,83.20640467186013,83.38075788172499,88.70511813915894
120.0,120.0,120.0,120.0,120.0,120.0,120.0,120.0,120.0,120.0,108.5512292405311,108.55122301694803,108.55122470399196,108.55123155753823,108.55123615908063,108.55124181380205,108.55103470836637,108.54705706579068,108.47673082305269,107.2386652945647,86.45473415452875,84.43963313054184,83.20640528364228,83.38075868965497,88.7051171777448
120.0,120.0,120.0,120.0,120.0,120.0,120.0,120.0,120.0,120.0,108.5512204223788,108.55121748518181,108.55121956025295,108.55122712993919,108.55123867008278,108.55123727571801,108.55103518269142,108.5470555017562,108.47672894329628,107.23866755261886,86.45472956981575,84.43963632227405,83.20640343610917,83.380759039064,88.70511765890869
120.0,120.0,120.0,120.0,120.0,120.0,120.0,120.0,120.0,120.0,108.55121304519898,108.55120830081943,108.55121464262358,108.55122226525398,108.55123433626069,108.55123965392224,108.55103081989368,108.54705633395194,108.47672754267231,107.23866621781163,86.45473296566752,84.4396330740246,83.20640586318058,83.38075755634674,88.70511784571089
120.0,120.0,120.0,120.0,120.0,120.0,120.0,120.0,120.0,120.0,108.55120183790015,108.55120360993104,108.55120569822584,108.55121825268417,108.551229966782,108.55123561894666,108.55103308729933,108.54705224182277,108.47672868543452,107.23866481509657,86.45473183012614,84.43963500117553,83.20640367480837,83.38075936973932,88.70511671554318
120.0,120.0,120.0,120.0,120.0,120.0,120.0,120.0,120.0,120.0,108.5511874946441,108.55119319321845,108.5512028511999,108.55120986267627,108.55122694872207,108.55123182931177,108.55102947600285,108.54705442467257,108.47672493197324,107.23866630519464,86.45472918028797,84.43963469171013,83.2064046716568,83.3807578816814,88.70511813921853
120.0,120.0,120.0,120.0,120.0,120.0,120.0,120.0,120.0,120.0,108.5512292097781,108.55122297412615,108.55122468124227,108.55123154217641,108.55123614602336,108.55124180415999,108.55103470196494,108.54705706151621,108.4767308200835,107.23866529284516,86.45473415356194,84.43963312999745,83.20640528341053,83.38075868935428,88.70511717753696
120.0,120.0,120.0,120.0,120.0,120.0,120.0,120.0,120.0,120.0,108.55122039666759,108.55121745905379,108.55121952457164,108.55122710838063,108.55123865650948,108.55123726514135,108.551035174741,108.54705549656806,108.47672894004877,107.23866755062032,86.45472956889313,84.43963632162408,83.20640343578278,83.38075903893498,88.70511765862057
120.0,120.0,120.0,120.0,120.0,120.0,120.0,120.0,120.0,120.0,108.55121294077543,108.55120826776465,108.55121462067748,108.55122223632179,108.55123431668753,108.55123964219896,108.55103081162075,108.54705632775203,108.4767275387284,107.23866621568483,86.4547329647161,84.4396330735199,83.20640586279691,83.3807575561553,88.70511784554917
120.0,120.0,120.0,120.0,120.0,120.0,120.0,120.0,120.0,120.0,108.55120180913318,108.55120352202687,108.55120566085388,108.5512182341553,108.55122994399827,108.5512356019593,108.55103307748307,108.5470522356247,108.47672868091999,107.238664812551,86.45473182944788,84.43963500074955,83.20640367462077,83.38075936951982,88.7051167153097
120.0,120.0,120.0,120.0,120.0,120.0,120.0,120.0,120.0,120.0,108.55118747256851,108.55119317401508,108.55120277943212,108.55120982380146,108.55122693291504,108.5512318119561,108.55102946199553,108.54705441681776,108.47672492761225,107.23866630244666,86.4547291796379,84.43963469159694,83.20640467160375,83.38075788166358,88.70511813896353
120.0,120.0,120.0,120.0,120.0,120.0,120.0,120.0,120.0,120.0,108.55122922845416,108.5512229789917,108.5512247020951,108.55123155101572,108.55123614814192,108.55124181356155,108.55103470845799,108.54705706478197,108.47673082307932,107.23866529561121,86.45473415657757,84.43963313205977,83.2064052848637,83.38075869025617,88.70511717812606
120.0,120.0,120.0,120.0,120.0,120.0,120.0,120.0,120.0,120.0,108.55122042906405,108.5512174762122,108.55121952071681,108.55122713189768,108.55123866614271,108.55123726609364,108.55103518381388,108.54705550305175,108.47672894317837,107.23866755344157,86.45472957383032,84.43963632464543,83.2064034377565,83.38075904024643,88.70511765941183
120.0,120.0,120.0,120.0,120.0,120.0,120.0,120.0,120.0,120.0,108.55121297176251,108.5512082948048,108.551214636824,108.55122222703781,108.55123434023203,108.5512396519379,108.5510308117076,108.54705633594752,108.47672754478238,107.23866621854931,86.4547329695814,84.43963307810525,83.20640586552292,83.38075755786817,88.70511784663171
120.0,120.0,120.0,120.0,120.0,120.0,120.0,120.0,120.0,120.0,108.55120183915153,108.55120354812264,108.55120568341583,108.551218249678,108.55122993153387,108.55123562399984,108.55103308692743,108.54705223510743,108.4767286880213,107.23866481812567,86.45473183417717,84.43963500533516,83.2064036785449,83.38075937179035,88.70511671664437
120.0,120.0,120.0,120.0,120.0,120.0,120.0,120.0,120.0,120.0,108.55118754306031,108.55119320550124,108.55120280006655,108.55120984253281,108.55122694801523,108.55123179780112,108.55102948169251,108.54705442572725,108.47672492671258,107.23866630870305,86.45472918920288,84.43963469616234,83.20640467557315,83.38075788480275,88.70511814066455
120.0,120.0,120.0,120.0,120.0,120.0,120.0,120.0,120.0,120.0,108.55122923311856,108.55122299993438,108.55122470829117,108.55123154494174,108.55123614901694,108.5512418181693,108.5510346857335,108.54705707642566,108.47673082790247,107.23866529258983,86.45473416581451,84.43963313974835,83.2064052884562,83.38075869313,88.70511718011309
120.0,120.0,120.0,120.0,120.0,120.0,120.0,120.0,120.0,120.0,108.55122041689388,108.55121747581718,108.55121953673579,108.55122713917272,108.55123865714113,108.55123726572978,108.55103518954965,108.54705548175359,108.47672895317622,107.23866755851586,86.45472956979856,84.43963633285833,83.20640344425063,83.38075904321548,88.70511766129586
120.0,120.0,120.0,120.0,120.0,120.0,120.0,120.0,120.0,120.0,108.55121303714374,108.55120829761636,108.55121463301238,108.55122223827046,108.5512343480698,108.55123964077866,108.55103081041608,108.54705634276615,108.47672752535863,107.23866622782094,86.45473297997266,84.43963307656692,83.20640587237442,83.38075756302035,88.70511784861552
120.0,120.0,120.0,120.0,120.0,120.0,120.0,120.0,120.0,120.0,108.55120182765943,108.55120360009575,108.55120569669624,108.55121824387759,108.55122993833903,108.55123563199214,108.55103307424268,108.5470522330993,108.47672869571494,107.23866480085857,86.45473185237087,84.43963501513421,83.20640367862974,83.38075937709428,88.70511672018232
120.0,120.0,120.0,120.0,120.0,120.0,120.0,120.0,120.0,120.0,108.55118748312468,108.55119318340343,108.5512028392498,108.55120986234851,108.55122694128526,108.5512318007258,108.55102948958266,108.54705441204429,108.47672492421464,107.2386663164363,86.45472915965975,84.43963471191641,83.20640468445555,83.38075788556282,88.70511814404695
120.0,120.0,120.0,120.0,120.0,120.0,120.0,120.0,120.0,120.0,108.55122920798695,108.55122299224742,108.55122468366362,108.55123153436713,108.55123615383036,108.55124180376679,108.55103467751043,108.54705707763416,108.47673080982844,107.23866528879273,86.45473417809549,84.43963311810967,83.20640530098112,83.38075870039621,88.70511718014988
120.0,120.0,120.0,120.0,120.0,120.0,120.0,120.0,120.0,120.0,108.55122038452306,108.55121745503014,108.55121953873352,108.55122711205068,108.55123864635192,108.55123727211138,108.55103517510659,108.54705547282711,108.47672895572049,107.23866753992797,86.45472956856693,84.43963634403042,83.20640342990815,83.38075905301021,88.7051176667541
120.0,120.0,120.0,120.0,120.0,120.0,120.0,120.0,120.0,120.0,108.55121300020623,108.55120826590235,108.55121461485457,108.5512222467782,108.55123432118496,108.55123962985303,108.55103081774546,108.54705632873659,108.47672751609625,107.23866623120593,86.45473294356827,84.4396330794987,83.2064058829641,83.38075755362044,88.7051178549528
120.0,120.0,120.0,120.0,120.0,120.0,120.0,120.0,120.0,120.0,108.55120178668267,108.55120356894463,108.55120566679415,108.5512182271206,108.55122995110327,108.55123560693325,108.55103306323444,108.54705224101626,108.4767286822946,107.23866479219622,86.45473185988267,84.4396349846075,83.20640368424596,83.3807593870231,88.70511671299803
120.0,120.0,120.0,120.0,120.0,120.0,120.0,120.0,120.0,120.0,108.55118743337157,108.55119314620289,108.55120281470852,108.55120983503618,108.55122692515397,108.55123181614691,108.55102946719809,108.54705440101547,108.47672493248653,107.2386663021333,86.45472914700986,84.43963471799417,83.20640466119693,83.38075789202355,88.70511815288167
120.0,120.0,120.0,120.0,120.0,120.0,120.0,120.0,120.0,120.0,108.55122889858558,108.55122280852784,108.55122452370102,108.55123141871924,108.55123606274363,108.55124173982104,108.55103465963266,108.5470570343191,108.47673078330077,107.23866528781926,86.454734142651,84.43963310595248,83.20640530489766,83.3807586822192,88.70511718317621
120.0,120.0,120.0,120.0,120.0,120.0,120.0,120.0,120.0,120.0,108.55122001064488,108.55121717534297,108.55121936740531,108.5512269742999,108.55123855099187,108.55123719330149,108.55103511906711,108.54705546240797,108.4767289205828,107.23866751879416,86.45472957868681,84.4396363115416,83.20640342266415,83.3807590580889,88.70511765313698
120.0,120.0,120.0,120.0,120.0,120.0,120.0,120.0,120.0,120.0,108.55121273023079,108.55120795687422,108.55121436819458,108.5512220912934,108.5512342044581,108.5512395548702,108.55103075244224,108.54705628086025,108.47672751252334,107.2386662032156,86.45473292147427,84.43963308608375,83.20640585591035,83.38075754999797,88.70511786038671
120.0,120.0,120.0,120.0,120.0,120.0,120.0,120.0,120.0,120.0,108.55120119593562,108.55120329450509,108.55120541571367,108.55121801533147,108.55122981379832,108.55123550952919,108.55103300768978,108.54705218958675,108.47672864260988,107.23866479599245,86.45473182452884,84.43963496737433,83.20640368885321,83.38075936590616,88.7051167092641
120.0,120.0,120.0,120.0,120.0,120.0,120.0,120.0,120.0,120.0,108.55118676876498,108.55119259742189,108.55120254703986,108.55120963386254,108.5512267488428,108.55123169883515,108.55102938745534,108.54705436325654,108.47672489442745,107.23866627261329,86.45472917798332,84.43963468751461,83.20640464831037,83.38075789613342,88.70511813700926
120.0,120.0,120.0,120.0,120.0,120.0,120.0,120.0,120.0,120.0,108.55122910318728,108.55122293030321,108.55122460097,108.5512314955323,108.55123615543005,108.551241796896,108.55103469981773,108.5470570612627,108.47673082181758,107.23866529842576,86.45473414074567,84.43963314463265,83.20640528777551,83.3807586777553,88.70511719135332
120.0,120.0,120.0,120.0,120.0,120.0,120.0,120.0,120.0,120.0,108.55122026062203,108.55121734459269,108.55121950829897,108.5512270358924,108.55123861974535,108.55123728450252,108.55103517441182,108.54705549972623,108.47672894334052,107.23866755650714,86.45472958824105,84.43963631175615,83.20640345180118,83.38075904400506,88.70511764874831
120.0,120.0,120.0,120.0,120.0,120.0,120.0,120.0,120.0,120.0,108.55121288678656,108.55120812733455,108.5512145046137,108.55122223803716,108.55123425433064,108.5512396132326,108.55103083596318,108.54705633191091,108.47672754550288,107.23866622117896,86.45473298903963,84.43963309137247,83.20640585564834,83.38075757117656,88.7051178505071
120.0,120.0,120.0,120.0,120.0,120.0,120.0,120.0,120.0,120.0,108.55120167401,108.55120346985606,108.55120552729397,108.55121812118942,108.55122995779938,108.55123555100198,108.55103305527425,108.54705226224206,108.47672868829443,107.23866482339035,86.45473184897742,84.43963502611379,83.206403689761,83.38075936351908,88.70511672318926
120.0,120.0,120.0,120.0,120.0,120.0,120.0,120.0,120.0,120.0,108.5511872876098,108.55119303498799,108.55120273203292,108.5512097034527,108.55122682641392,108.5512318341419,108.55102942278042,108.54705440075904,108.47672495512914,107.23866631459748,86.45472921386296,84.43963470925756,83.20640469499372,83.38075789328872,88.70511812866441
