0,1,2,3,4,5,6,7,8,9,10,11,12,13,14,15,16,17,18,19,20,21,22,23,24
120.0,120.0,120.0,120.0,120.0,120.0,120.0,120.0,120.0,120.0,105.3344727603032,105.33452688348807,105.33457314172219,105.33461052574593,105.33464389146113,105.33467833783845,105.33470342483584,105.33472046677059,105.33474835483534,105.33474587979099,105.33468853782456,105.33441314493963,105.33429128698423,105.33395767742196,105.33311650873554
120.0,120.0,120.0,120.0,120.0,120.0,120.0,120.0,120.0,120.0,105.33444008332508,105.33449947465239,105.33454997220929,105.33459407869722,105.33462965010416,105.33466188839483,105.3346962869815,105.33471955917751,105.33473533092065,105.33476232229523,92.7841392444207,105.33458825673004,105.33426046849601,105.33401647669749,105.33297497745704
120.0,120.0,120.0,120.0,120.0,120.0,120.0,120.0,120.0,120.0,105.33436653114893,105.334472916131,105.33452751911145,105.33457472900443,105.33461726372016,105.3346519189347,105.3346830764892,105.33471711832117,105.33473958548402,105.33476277737064,87.50361566351053,96.82726116652863,105.33443271898007,105.33395580966909,106.53350244817629
120.0,120.0,120.0,120.0,120.0,120.0,120.0,120.0,120.0,120.0,105.33431571844251,105.3343898528654,105.33450585296515,105.33455657236688,105.33460115067446,105.33464284957986,105.33467741048779,105.33470779140791,105.33474143352052,104.57592649795714,86.85617355113381,90.74392506195693,99.33701865716924,105.33414600975988,106.46553585796002
120.0,120.0,120.0,120.0,120.0,120.0,120.0,120.0,120.0,120.0,105.33425864415929,105.33434167305275,105.33442379998525,105.33453916152442,105.33458712109325,105.3346299071783,105.33467148000756,105.33470673557403,105.33473719878678,104.18796611104187,83.69424920593954,90.00246561288341,93.78528625721103,101.10913288600891,106.48466301787091
120.0,120.0,120.0,120.0,120.0,120.0,120.0,120.0,120.0,120.0,105.33435459362268,105.33441115471507,105.33446945902669,105.33452762395545,105.33462007970934,105.33465379983625,105.33468604865972,105.33472073802291,105.2872048777492,104.1133858133404,81.68935806560738,85.90537559909374,93.23789192439638,96.45256585045817,103.47415578582392
120.0,120.0,120.0,120.0,120.0,120.0,120.0,120.0,120.0,120.0,105.33431062092644,105.33436527908859,105.33443987704976,105.3345046821497,105.3345621656784,105.33464969679208,105.33468470793788,105.33471797340134,105.26336734578464,103.8398464879443,81.15068176424583,83.11221839950484,88.80938515967556,96.13860873645964,99.87220092699643
120.0,120.0,120.0,120.0,120.0,120.0,120.0,120.0,120.0,120.0,105.33427238348027,105.33432060248667,105.33439059118007,105.33447607785197,105.33454413267992,105.33459985901217,105.33468254395646,105.33172978596103,105.25791376714814,103.64400932460948,79.91492118586721,82.254615241908,85.74688938380727,91.76004855504374,99.8844548225843
120.0,120.0,120.0,120.0,120.0,120.0,120.0,120.0,120.0,120.0,105.33421543646473,105.33429063641051,105.33434843557855,105.33442579199414,105.3345177400338,105.33458759667963,105.33464166625953,105.33028215463298,105.23607053955081,103.57580869403043,78.89958683674695,80.37719997029674,84.78330272670037,88.82382722784874,95.97885709022191
120.0,120.0,120.0,120.0,120.0,120.0,120.0,120.0,120.0,120.0,105.33415048732917,105.33423620564467,105.3343239261074,105.3343881965541,105.33446857247502,105.33456430851157,105.33444739769504,105.3298590205128,105.22184990138138,103.4543828540539,78.45173595590846,78.79036604004992,82.45526479544996,87.93883460615712,93.92206330001696
120.0,120.0,120.0,120.0,120.0,120.0,120.0,120.0,120.0,120.0,105.33426310829611,105.33431213918524,105.33436964047318,105.33443804828984,105.33448803696501,105.33455481367234,105.33436615898555,105.32819983978604,105.2166236742599,103.34849320298495,77.8512510352531,77.99882723738895,80.51317535824569,85.38561811015687,93.25213525057215
120.0,120.0,120.0,120.0,120.0,120.0,120.0,120.0,120.0,120.0,105.33421264817675,105.3342734257411,105.3343369273353,105.33440257891124,105.33447877514767,105.33452396646344,105.33430070379795,105.32718479692747,105.2064263053934,103.2947621067174,77.2796146299554,76.99022965852667,79.49640421430942,83.4015630826072,91.07923458515211
120.0,120.0,120.0,120.0,120.0,120.0,120.0,120.0,120.0,120.0,105.38150250717685,105.33422172411599,105.33430075853124,105.3343721662603,105.33444317515541,105.334509126063,105.3341623047544,105.3267582499277,105.19834942268402,103.23158243507237,76.93371800424323,76.01689532440857,78.15377750658065,82.34374660602204,89.64410943508157
120.0,120.0,120.0,120.0,120.0,120.0,120.0,120.0,120.0,120.0,105.50972647351338,105.36881424043875,105.33425098067502,105.33434016765496,105.33441580895723,105.33447266775352,105.33408382977024,105.32591453688816,105.1942219352861,103.1710258086086,76.58563152081182,75.36894047662472,76.8708573952489,80.85158729907783,88.84541633566505
120.0,120.0,120.0,120.0,120.0,120.0,120.0,120.0,120.0,120.0,105.64366452889833,105.46630072910934,105.35955423584561,105.33429399013411,105.33438835791651,105.33444181556547,105.33402199445354,105.32530521628493,105.18896266780666,103.13152255181753,76.24101066946373,74.73030142382387,75.9792766016895,79.48287983578193,87.65244963326866
120.0,120.0,120.0,120.0,120.0,120.0,120.0,120.0,120.0,120.0,105.90296865483502,105.57060588691694,105.43326405524842,105.35287284462935,105.33439728057225,105.33445075882359,105.33396371227768,105.32498215400987,105.18428599045171,103.09374021960241,75.98608539295431,74.09848322841519,75.08569959981291,78.51971408834872,86.6426803448804
120.0,120.0,120.0,120.0,120.0,120.0,120.0,120.0,120.0,120.0,106.21404805933241,105.79274466836658,105.51347155653143,105.40812207338416,105.34794290352535,105.33441758971111,105.33390618036896,105.32454097002538,105.18126336942613,103.05696850030867,75.75709926626497,73.59852739996197,74.20633340595359,77.52955545635628,85.9331445678952
120.0,120.0,120.0,120.0,120.0,120.0,120.0,120.0,120.0,120.0,106.49643316455843,106.06671892298438,105.7016113061884,105.46929958231841,105.3891610301267,105.34432101457328,105.33385456401744,105.32417380535661,105.17821287438115,103.02872896595296,75.53480791094044,73.14747493587373,73.488854686719,76.57166431481338,85.1831070167493
120.0,120.0,120.0,120.0,120.0,120.0,120.0,120.0,120.0,120.0,106.83352017310195,106.32527832709104,105.93877846137401,105.62699867141151,105.43543340964584,105.37490210670465,105.34106819288647,105.32392257125338,105.17536154895348,103.00370009519817,75.34974389845058,72.71206526235088,72.83266132196455,75.78641634092247,84.48100295347814
120.0,120.0,120.0,120.0,120.0,120.0,120.0,120.0,120.0,120.0,107.14437160513886,106.65300243763468,106.17138656217428,105.82917905345175,105.5664282173424,105.4096292433175,105.36361809826032,105.32898191914497,105.1732051127484,102.9798581932938,75.18745417419434,72.33406308641761,72.20081939142331,75.06110387594822,83.91313244649423
120.0,120.0,120.0,120.0,120.0,120.0,120.0,120.0,120.0,120.0,107.40112333965881,106.96274748274854,106.48388925547896,106.0352928978242,105.73647926292188,105.51761776495044,105.3895031976682,105.3453658106056,105.17514638770967,102.95970880806698,75.03458075050276,71.99722075126768,71.6420019955632,74.36749258657841,83.38442621380553
120.0,120.0,120.0,120.0,120.0,120.0,120.0,120.0,120.0,120.0,107.64964979898868,107.2276666642004,106.7855564086807,106.32789428486372,105.91651610592653,105.65878951366119,105.47783715953678,105.36436702453852,105.18547778981869,102.94493156421925,74.89934957196228,71.680637942575,71.13778510382663,73.7536350696375,82.88496950941652
120.0,120.0,120.0,120.0,120.0,120.0,120.0,120.0,120.0,120.0,107.84978855978886,107.4948867731866,107.05336113043863,106.61596815551802,106.18625557426799,105.81420785230122,105.59372163325727,105.43608836766141,105.19814084295409,102.93769545268374,74.78331386275819,71.3939822608437,70.66373692691921,73.19769023737409,82.44833088158099
120.0,120.0,120.0,120.0,120.0,120.0,120.0,120.0,120.0,120.0,108.00613676723381,107.71410026328324,107.33439180313891,106.88151175026638,106.45636422177593,106.05935836573585,105.72646055597207,105.53014189877958,105.25509540202192,102.9343580271549,74.68493151825005,71.13773836506799,70.23017748805462,72.67664828218732,82.05347909470912
120.0,120.0,120.0,120.0,120.0,120.0,120.0,120.0,120.0,120.0,108.14130301508519,107.89040049656148,107.5691893414054,107.17106231417156,106.7150487930735,106.30842294665582,105.94642074396327,105.64241041738599,105.33013124831966,102.97013439611337,74.60041003703917,70.90520549884513,69.83664361580462,72.20063851515516,81.68552911628262
120.0,120.0,120.0,120.0,120.0,120.0,120.0,120.0,120.0,120.0,108.24250889758603,108.04720328905357,107.76398548618022,107.41743063996195,107.00780779612384,106.55641900542999,106.17261808301812,105.83750606257377,105.42403579510643,103.02476578990888,74.58184850014541,70.69383099318577,69.4734012838753,71.76754236114442,81.35226084754477
120.0,120.0,120.0,120.0,120.0,120.0,120.0,120.0,120.0,120.0,108.31930313224768,108.16586910590559,107.94177401653447,107.62827683865949,107.26116987781924,106.84713625269406,106.40681016654617,106.04008433215682,105.59539739038756,103.1006854893928,74.60508297080233,70.53721550269753,69.13808694049939,71.36689326002623,81.05031800470721
120.0,120.0,120.0,120.0,120.0,120.0,120.0,120.0,120.0,120.0,108.38125096047334,108.25813773084876,108.07825082831387,107.82595548793837,107.48529781028844,107.10303773186993,106.69086618702765,106.25839348857455,105.77553044850282,103.25410461742575,74.67333664845691,70.42042128690377,68.85055726422748,70.9965744468251,80.77183843595998
120.0,120.0,120.0,120.0,120.0,120.0,120.0,120.0,120.0,120.0,108.42574510820138,108.33398622244698,108.18699601077523,107.97987842604323,107.7009166659473,107.33715707031152,106.94495779904125,106.53189460599827,105.97779774748994,103.42626451601508,74.88394132861505,70.34474969351034,68.59938240452654,70.66749328514646,80.51545240212995
120.0,120.0,120.0,120.0,120.0,120.0,120.0,120.0,120.0,120.0,108.45908248989483,108.38894892016633,108.27804658394453,108.10570235446846,107.87132306032865,107.56810614996131,107.18553115153563,106.78039198558157,106.23944829286995,103.62939414835013,75.15933662832461,70.3822098156176,68.38353864493898,70.36942414149408,80.287267384926
120.0,120.0,120.0,120.0,120.0,120.0,120.0,120.0,120.0,120.0,108.48486932802285,108.43102584235412,108.3447740794819,108.21303147915805,108.01442073433782,107.75350353612662,107.42871716969435,107.02402499310067,106.48188140424645,103.90522365632783,75.51205485763771,70.48865053388577,68.25088460922257,70.0997842956115,80.07807233763927
120.0,120.0,120.0,120.0,120.0,120.0,120.0,120.0,120.0,120.0,108.24741524510374,108.46375637171631,108.39669136445902,108.29240504941585,108.13851546418363,107.91339529955032,107.6269881633645,107.2761372391138,106.72805491456627,104.17787519982379,76.03052367126415,70.67092086579684,68.17581521933512,69.88829703675364,79.88605839411547
120.0,120.0,120.0,120.0,120.0,120.0,120.0,120.0,120.0,120.0,107.71698233485554,108.29450928310403,108.43767782001672,108.3555286647547,108.23145086854406,108.05450761581751,107.80285565230079,107.48516473232591,106.98928035261403,104.4656773128562,76.59850661297595,71.00633082116548,68.16190029071296,69.7169752441254,79.72948792596904
120.0,120.0,120.0,120.0,120.0,120.0,120.0,120.0,120.0,120.0,107.5759195376769,107.87397313260773,108.3220203054,108.40597020835456,108.30695071092242,108.16156611732278,107.96070955386152,107.6759128560206,107.2108277569136,104.78471851937063,77.22969123803327,71.42381963529309,68.26863660579733,69.58691489200307,79.59237473419974
120.0,120.0,120.0,120.0,120.0,120.0,120.0,120.0,120.0,120.0,106.6838035795523,107.75972935502561,107.99394285277705,108.33317828703012,108.36800034015145,108.25045220065658,108.08214940820888,107.85004765250015,107.41895622928239,105.07412720807659,77.96954151181357,71.92737391866687,68.4571164622937,69.53976859409171,79.47646800873362
120.0,120.0,120.0,120.0,120.0,120.0,120.0,120.0,120.0,120.0,106.10866098405478,106.95200288869134,107.90404725329641,108.08268153366336,108.33031591391926,108.32321150196334,108.18526542310724,107.98612963781363,107.61297512961156,105.35514006914977,78.70513997806277,72.56604148201033,68.73035663460963,69.55194803041135,79.40847140136113
120.0,120.0,120.0,120.0,120.0,120.0,120.0,120.0,120.0,120.0,105.77147708138835,106.4432702118504,107.18269061207427,108.01490980304486,108.14476822099182,108.3148674102737,108.27057080283326,108.10424104606138,107.76814981807553,105.62931338409878,79.45118305211096,73.26010975263549,69.13457214375732,69.62677106548712,79.36909269250854
120.0,120.0,120.0,120.0,120.0,120.0,120.0,120.0,120.0,120.0,104.9204778614789,106.11705082090798,106.73982154926394,107.37909360871824,108.0975263856654,108.18407007344544,108.28756369045794,108.20317825598934,107.90607096478685,105.863959054507,80.21877159131328,74.00763316536703,69.62381751901334,69.80244896697177,79.36347254236597
120.0,120.0,120.0,120.0,120.0,120.0,120.0,120.0,120.0,120.0,104.46871874986127,105.27038987583585,106.4260185478243,106.99939140714866,107.54419850388074,108.15603583252934,108.20323576251623,108.2429028038489,108.0238108662975,106.07857513071488,80.93158043569431,74.82387485577809,70.19508459943567,70.05360044590621,79.41788840893868
120.0,120.0,120.0,120.0,120.0,120.0,120.0,120.0,120.0,120.0,104.09701209201108,104.84428857797901,105.59805554014878,106.6995790120022,107.22372532222106,107.68076009874312,108.19339092704442,108.19868890349693,108.08854156525555,106.27122970982283,81.60803637883707,75.64190726884408,70.86836064588968,70.38163999004838,79.51435498115981
120.0,120.0,120.0,120.0,120.0,120.0,120.0,120.0,120.0,120.0,103.50422663631805,104.45925813789741,105.20342475084787,105.90235541249733,106.93962872510261,107.41498789596075,107.79098149326724,108.20653209673948,108.08295963000735,106.41033573903243,82.24746026324709,76.4593174527453,71.59750811285109,70.80904177867637,79.65863452498346
120.0,120.0,120.0,120.0,120.0,120.0,120.0,120.0,120.0,120.0,103.16841987516513,103.83373983208179,104.80727602021123,105.54249346108152,106.182570410848,107.14819714358413,107.5750584551951,107.87155186574694,108.11124964501978,106.48284502641143,82.78474609741632,77.27389114529376,72.3732870104174,71.30910516785887,79.86858346944689
120.0,120.0,120.0,120.0,120.0,120.0,120.0,120.0,120.0,120.0,102.8657899549412,103.4968374448605,104.15977105871929,105.13785609955666,105.85911291856479,106.43860289932532,107.3272717133303,107.70095667857304,107.84099551448176,106.56891329838284,83.19209890170855,78.02640596180285,73.19422780353418,71.8772740698062,80.12782799110606
120.0,120.0,120.0,120.0,120.0,120.0,120.0,120.0,120.0,120.0,102.49547673816491,103.16840484579089,103.82842543302482,104.47899710216105,105.44875832056354,106.15164855250318,106.670269637192,107.47383716179478,107.71261587993077,106.38788956438808,83.58603358047078,78.68705346913858,74.01231992575921,72.51717942327363,80.43862312789634
120.0,120.0,120.0,120.0,120.0,120.0,120.0,120.0,120.0,120.0,102.2609874858094,102.76044103567952,103.47565921072308,104.15867860481379,104.78873356778846,105.73861114795164,106.41885546798883,106.87275772494282,107.50918617495749,106.30660666099645,83.50848564156367,79.322818825842,74.79868700249722,73.19627127476357,80.80654804264162
120.0,120.0,120.0,120.0,120.0,120.0,120.0,120.0,120.0,120.0,102.05015902986817,102.51109876353725,103.03523144783628,103.78329928566934,104.48367113768985,105.08686631035351,106.00645050325446,106.65516136513125,106.96609231409326,106.14219389695685,83.51554801543428,79.60861151271813,75.58551857101124,73.89443888971785,81.21207197878012
120.0,120.0,120.0,120.0,120.0,120.0,120.0,120.0,120.0,120.0,101.82999443531189,102.2731021002874,102.77521333244857,103.31622573153577,104.08740237935952,104.79983036711096,105.37126144991404,106.24681541472717,106.77824755577565,105.64275555047753,83.3555511616414,79.8979606159387,76.15017297807952,74.62793061466996,81.64710371432234
120.0,120.0,120.0,120.0,120.0,120.0,120.0,120.0,120.0,120.0,101.67757319646765,102.02143582697745,102.51041170272872,103.05007232000247,103.6004301617188,104.38491776646126,105.10400137452233,105.63529227442308,106.37765070346019,105.45106810614081,82.52881156053698,80.03521256683854,76.70009312744784,75.2486220651275,82.12405650290448
120.0,120.0,120.0,120.0,120.0,120.0,120.0,120.0,120.0,120.0,101.54360345541377,101.8506407067071,102.22861801462716,102.75892219619602,103.33221552136884,103.88501437771714,104.67297580504085,105.38822602429808,105.79241262813801,105.04555673697301,82.15519424521902,79.60235532824109,77.13231118350926,75.87904640506335,82.54456795692707
120.0,120.0,120.0,120.0,120.0,120.0,120.0,120.0,120.0,120.0,101.41685478477415,101.69418335173582,102.04120236465864,102.44935300841277,103.01544288891225,103.61826297501693,104.16710827510921,104.94393995978515,105.56070799581983,104.42582078382853,81.41073158107845,79.4322699410812,77.12037925598581,76.44329440727735,83.00213550786204
120.0,120.0,120.0,120.0,120.0,120.0,120.0,120.0,120.0,120.0,101.32431544814507,101.54470223342936,101.86160140108896,102.2476387163733,102.68139138041343,103.27693688040156,103.90468449365584,104.43848734812269,105.10440758543764,104.14701351331227,80.15573029494097,78.95636811149694,77.24073380728663,76.69827599725005,83.4277805583764
120.0,120.0,120.0,120.0,120.0,120.0,120.0,120.0,120.0,120.0,101.24452916555745,101.43584061815969,101.68824459370346,102.04398936040548,102.46759227848737,102.92215380945203,103.54000767122014,104.18194852895812,104.59830028982245,103.6326290659653,79.47720258547152,77.97114946923551,77.11081659936275,77.03184292623928,83.66001818004439
120.0,120.0,120.0,120.0,120.0,120.0,120.0,120.0,120.0,120.0,101.17347597851993,101.33964690063459,101.56336338729093,101.84713368647623,102.23981198620365,102.69887818771869,103.16895085328584,103.79541812385872,104.34218133467773,103.03017357051078,78.39606558972659,77.3857362182076,76.52270972143337,77.17236882164431,83.97895947525642
120.0,120.0,120.0,120.0,120.0,120.0,120.0,120.0,120.0,120.0,101.11934725723842,101.2531919330476,101.44939565576938,101.70658331088244,102.02029427843435,102.44702906416347,102.9385618671612,103.4121408603366,103.93098380113571,102.69111212209364,77.02757338624099,76.47026574508216,76.17918195004223,76.94167880797191,84.15213044079334
120.0,120.0,120.0,120.0,120.0,120.0,120.0,120.0,120.0,120.0,101.07275950070336,101.1875733884132,101.34622099474076,101.57369808464759,101.8648092327826,102.20635086724891,102.66297909081679,103.176141703961,103.53007541551885,102.17987059197232,76.13863180212749,75.21468120893549,75.56040854140463,76.8609775257282,84.08003645769988
120.0,120.0,120.0,120.0,120.0,120.0,120.0,120.0,120.0,120.0,101.03495826129515,101.13189732617072,101.2685988759963,101.45312161466607,101.7122604772644,102.03705207068647,102.40324264325821,102.87706126605428,103.28155538291765,101.64654875706476,74.96184557926514,74.31943409009692,74.59958996169662,76.54829104120728,84.13551420466119
120.0,120.0,120.0,120.0,120.0,120.0,120.0,120.0,120.0,120.0,101.0024248319582,101.08296153308159,101.2000872577115,101.36200176715461,101.57330794589687,101.86392698229879,102.22114824515903,102.59983384547827,102.95231412161743,101.28583924200167,73.64275747667261,73.18853586343903,73.87923945143977,75.93293641450784,83.99871070532431
120.0,120.0,120.0,120.0,120.0,120.0,120.0,120.0,120.0,120.0,100.97619831673816,101.04404529272541,101.14038873425964,101.27988816834757,101.46862805354745,101.70677295005494,102.02715304453558,102.40553104043046,102.64866439016322,100.83060980148443,72.6479004927345,71.85573748885072,72.96009059188371,75.47545580270858,83.6621850605175
120.0,120.0,120.0,120.0,120.0,120.0,120.0,120.0,120.0,120.0,100.93338636502043,101.0120281812984,101.09347680667847,101.20811024321216,101.37171689721366,101.58841162798517,101.852185235804,102.1898719631694,102.43317045215615,100.3778721421785,71.5057601503682,70.77189086360124,71.82162602200677,74.84273822093219,83.45078246919594
120.0,120.0,120.0,120.0,120.0,120.0,120.0,120.0,120.0,120.0,89.47227086088463,100.97863460251212,101.05408693551755,101.1519522334092,101.28678319874726,101.47567234408962,101.7202106694631,101.99692457998874,102.1864148955791,100.03011094718589,70.29839186025401,69.57072380489775,70.85384791661598,74.00880975878137,83.08904051809031
120.0,120.0,120.0,120.0,120.0,120.0,120.0,120.0,120.0,120.0,75.02753760612725,100.96596461879686,101.0196050765165,101.10439211480204,101.2207283004383,101.37693381410233,101.59083174189284,101.85077563762061,101.96418654367133,99.64423728536457,69.28660056447339,68.25805905777196,69.78714530497882,73.29226484453717,82.59870785449361
120.0,120.0,120.0,120.0,120.0,120.0,120.0,120.0,120.0,120.0,52.337605635203936,102.00519657645813,100.99749062883586,101.06215020986483,101.16242087668523,101.29952250744556,101.47741858411091,101.70308409997781,101.79287405675122,99.26850952782637,68.2269839084177,67.09130559113464,68.59388363976016,72.48615905381945,82.20096706315552
120.0,120.0,120.0,120.0,120.0,120.0,120.0,120.0,120.0,120.0,37.84305702398596,102.0630282147726,102.43888443125041,101.03358653164564,101.11173463517694,101.22985763614827,101.38823710244257,101.57379233250106,101.61566622748059,98.9548742045324,67.14455428038585,65.89028877004147,67.49893255723576,71.56454024788165,81.7251244071368
120.0,120.0,120.0,120.0,120.0,120.0,120.0,120.0,120.0,120.0,27.518854531021525,102.65832624057789,102.91677829899379,102.5269680470498,101.07573955760117,101.16949819249692,101.30608142486324,101.47140297503802,101.45794145282407,98.63412550814996,66.17332002823682,64.63642044198657,66.37609925712952,70.71315004774598,81.17883864760644
120.0,120.0,120.0,120.0,120.0,120.0,120.0,120.0,120.0,120.0,26.69086519737828,102.18945561449848,104.13467071619675,103.12497976384357,102.45444326583754,101.1250485734613,101.23500055908987,101.3748330885172,101.3302145478929,98.3255499651493,65.2048561312731,63.46001085981448,65.1917172667837,69.83672385075894,80.69022774035426
120.0,120.0,120.0,120.0,120.0,120.0,120.0,120.0,120.0,120.0,40.85802910745909,101.5394898146863,104.30449667969667,104.51274631665898,103.03547054841668,102.31901670395794,101.18124618471396,101.2911949290886,101.20705473022727,98.05374836470314,64.23756041017269,62.2894916346905,64.05786324153988,68.90699188544086,80.17928351647572
120.0,120.0,120.0,120.0,120.0,120.0,120.0,120.0,120.0,120.0,39.88814856856868,100.05641834743142,104.21606478222127,104.98735792941578,104.40982413358549,102.81723332309399,102.17072967592678,101.22604677743354,101.09780555829056,97.78812468413203,63.33285545117039,61.102606052459656,62.93080048965064,68.01636906345198,79.638905083338
120.0,120.0,120.0,120.0,120.0,120.0,120.0,120.0,120.0,120.0,31.760546261801043,96.61907769296637,103.3049288408566,105.18619213242638,105.06518053493774,104.09450210956552,102.56172464685733,102.01756179422014,101.00884414446732,97.53399184802562,62.448638117305386,59.95625168099715,61.78419873363662,67.13410800759146,79.13308781169836
120.0,120.0,120.0,120.0,120.0,120.0,120.0,120.0,120.0,120.0,10.0602633400207,96.3555058534128,100.23813412123489,104.66827581905724,105.4471433312766,104.85195618625855,103.69956765500795,102.29754540946827,101.61105082034783,97.3038111436123,61.57643427795912,58.82814805860165,60.665280915424304,66.23906354226752,78.6340639759281
120.0,120.0,120.0,120.0,120.0,120.0,120.0,120.0,120.0,120.0,10.013720106804948,97.8277140414364,99.7813135935809,102.14888097043611,105.24136545670827,105.35344290624084,104.49844747729873,103.27784053083721,101.78305033341795,97.62938514737306,60.7426482235244,57.702672896211766,59.564890471056266,65.36987131207071,78.13200456451831
120.0,120.0,120.0,120.0,120.0,120.0,120.0,120.0,120.0,120.0,26.853783457840827,100.28072533128062,100.95571799998675,101.76630829896402,103.24924141977097,105.40490583511115,105.06837871271921,104.06947212641307,102.59546220928291,97.64491857534665,60.5702286112245,56.6016432267546,58.468307250572686,64.5219080534235,77.6538492062539
120.0,120.0,120.0,120.0,120.0,120.0,120.0,120.0,120.0,120.0,22.2897590279268,99.64424178204514,103.17767512910697,102.57754976827535,103.00969910470691,103.88792548269619,105.32695075840978,104.66340561569804,103.34326166715304,98.20584074616691,60.11991652889714,55.863782056805185,57.3925454969754,63.683943019764264,77.19354075916222
120.0,120.0,120.0,120.0,120.0,120.0,120.0,120.0,120.0,120.0,11.787563265465351,95.18623103929133,103.0783481501507,104.23713084058637,103.53053091385428,103.80577751845482,104.23034325181594,105.08052729359036,103.92801152926712,98.902497871168,60.28239102759052,54.98319307319324,56.51272530083519,62.86961774749277,76.7446788683962
120.0,120.0,120.0,120.0,120.0,120.0,120.0,120.0,120.0,120.0,10.007496662765668,94.30899849214171,99.8297888809186,104.26743464437547,104.67595501492725,104.11873449009111,104.29659096644241,104.34648533191049,104.45683098130765,99.4867837140568,60.92552858457641,54.39030437513324,55.54842763114794,62.17033287861405,76.3166838462268
120.0,120.0,120.0,120.0,120.0,120.0,120.0,120.0,120.0,120.0,10.007816419801472,96.3115710781828,99.07465559857029,101.9124900396183,104.72831305826439,104.8556555655549,104.47654094596442,104.54372849812722,104.03386694081094,100.13806443906554,61.57306055374092,54.16931121930128,54.70081160081676,61.4179922937285,75.95988903664153
120.0,120.0,120.0,120.0,120.0,120.0,120.0,120.0,120.0,120.0,11.466929296266267,96.69865788690504,100.62276821698988,101.47589857468509,103.01229753283972,104.90313711638596,104.91192308249086,104.65349458692934,104.34182558608413,100.07717773769168,62.49159106584258,54.01406140009196,54.06816267857161,60.71607131824517,75.55753865254326
120.0,120.0,120.0,120.0,120.0,120.0,120.0,120.0,120.0,120.0,10.00985663945825,95.92226899621319,100.7877891243773,102.554692011617,102.85289432471288,103.65202655282559,104.95590333103483,104.88232217028722,104.43874650902472,100.5286036367221,62.80132356168854,54.08807864745019,53.467111031058906,60.13133009054606,75.18543146879487
120.0,120.0,120.0,120.0,120.0,120.0,120.0,120.0,120.0,120.0,10.007814393648937,94.73064074652493,100.4241065557858,102.45680220658281,103.58163937455852,103.6953873974737,104.04891977293249,104.93619958207088,104.54739472212786,100.76432556733003,63.68311908514608,54.03604029917635,52.985954001162646,59.54248343720879,74.87100428794977
120.0,120.0,120.0,120.0,120.0,120.0,120.0,120.0,120.0,120.0,10.006744062167133,94.19431777359044,99.72900267321792,102.26900808809883,103.27789619063385,104.16494742730761,104.22220030788053,104.28503588073983,104.63046223016724,100.86626220017452,64.38355189629615,54.381488175726105,52.51304941909778,59.000055528224216,74.53185684192186
120.0,120.0,120.0,120.0,120.0,120.0,120.0,120.0,120.0,120.0,10.00731016930503,93.76588211212716,99.32347570067985,101.87505491257437,103.19559149188214,103.72700916632233,104.50258075248634,104.52999537482638,104.17980185511344,101.05097811071445,64.6889474298681,54.759989912550544,52.307573045318286,58.47361457530641,74.20751425237891
120.0,120.0,120.0,120.0,120.0,120.0,120.0,120.0,120.0,120.0,10.005497558355042,93.42495430302903,98.9777770223132,101.55049213406149,102.98720455494329,103.72562164423998,103.99323516037614,104.67744436277044,104.45627072348863,100.84161398225808,65.15635183461043,54.87458199290305,52.1996603744923,58.10725133444301,73.88178498624691
120.0,120.0,120.0,120.0,120.0,120.0,120.0,120.0,120.0,120.0,10.006391032210036,92.94472227722706,98.63684802797786,101.23761063523584,102.69919021609645,103.62475593164181,104.06028571580963,104.14637403304921,104.5229184213884,101.15103753483962,65.26309499417698,55.10208528573075,51.96545913346198,57.81365772870959,73.65144334647826
120.0,120.0,120.0,120.0,120.0,120.0,120.0,120.0,120.0,120.0,10.00828316168464,85.98822056651065,98.29945330574321,100.9295145780236,102.4278312783919,103.34750603115478,104.01451452651509,104.27241620852558,104.01109543543654,101.23909943522986,65.9056571483503,55.27571352686881,51.814121207057084,57.45154236750694,73.44983599998318
120.0,120.0,120.0,120.0,120.0,120.0,120.0,120.0,120.0,120.0,10.01024473492233,70.833080382297,98.01988041694732,100.62150704158503,102.15142125698198,103.12347350924404,103.73277839362086,104.24603525679117,104.18347165639362,100.78176933860246,66.2556568255179,55.74342121423776,51.72867450964576,57.14907695913204,73.1963375317208
120.0,120.0,120.0,120.0,120.0,120.0,120.0,120.0,120.0,120.0,10.01129931490762,53.5592558151816,98.59877448426683,100.36355198919348,101.86142606532782,102.87876302833106,103.56065055798973,103.95449897479858,104.16195358529076,100.98498924809545,65.72224754710633,56.07029259890333,51.83955772152283,56.922631821794326,72.98245122417936
120.0,120.0,120.0,120.0,120.0,120.0,120.0,120.0,120.0,120.0,10.006506632528748,60.64717181197983,99.67809601199295,101.01718949615483,101.6173740882905,102.60141201945777,103.34548209257392,103.836425748166,103.8614204769939,101.02775169629929,66.06444728383165,55.83650172899605,51.91501876909705,56.82588259347437,72.81700473824598
120.0,120.0,120.0,120.0,120.0,120.0,120.0,120.0,120.0,120.0,10.007742540747458,65.55538049402865,100.41177253407857,102.26477830463874,102.18955539617261,102.36927715095239,103.0761029201038,103.64608966487161,103.79335714717186,100.70096549604521,66.3581981740403,56.07581476934398,51.70199412429773,56.727349981334946,72.73236143618028
120.0,120.0,120.0,120.0,120.0,120.0,120.0,120.0,120.0,120.0,10.010037008317036,67.53358874496304,97.50138919809898,103.29900107478962,103.29411716938525,102.83129559811968,102.85990413553941,103.38245743678053,103.6270756532636,100.64974716033795,65.90239692952625,56.41494363379155,51.7490727304999,56.48490178055734,72.63678288934615
120.0,120.0,120.0,120.0,120.0,120.0,120.0,120.0,120.0,120.0,10.012190586505302,54.423273363172605,95.78472115292934,101.21060827103388,104.27023688809805,103.7311628497135,103.21330124338331,103.18602022639243,103.36434122975854,100.5306477033763,65.7872288919861,56.217153048828955,51.93336109807411,56.410808646791956,72.45552047116362
120.0,120.0,120.0,120.0,120.0,120.0,120.0,120.0,120.0,120.0,10.01325312674105,40.575012663346065,95.98102914846332,99.82334008635667,102.75752547224062,104.57219535530459,103.90898375909705,103.44238062221822,103.18664333892647,100.23629115205257,65.711801048175,56.1415014224966,51.81975139077474,56.45231083305663,72.3962832336838
120.0,120.0,120.0,120.0,120.0,120.0,120.0,120.0,120.0,120.0,10.007644746078578,51.27569001282826,98.16828003883944,99.81712023291654,101.80197650500703,103.4707334352564,104.60019248781188,103.95385445609381,103.36092646525837,100.02955380115553,65.24499729748479,56.18241369131151,51.74106077724358,56.33222507137114,72.40425224646836
120.0,120.0,120.0,120.0,120.0,120.0,120.0,120.0,120.0,120.0,10.009460105900684,54.71958105940782,99.36704740629098,101.55075658102189,101.77063291507537,102.88943948566873,103.80015280269531,104.50101080199654,103.71306288462684,100.11529197665168,64.8180043303259,55.94159487362599,51.78556409476258,56.23831731316052,72.31033668874576
120.0,120.0,120.0,120.0,120.0,120.0,120.0,120.0,120.0,120.0,10.012510327904506,54.419703663018524,96.01054444370244,102.72363429666723,103.00016573630054,102.88364318255766,103.51625785817927,103.92501106514766,104.13049169517501,100.31656234956186,64.79711949137587,55.639681368380984,51.68676460695223,56.25075711348862,72.24816506097149
120.0,120.0,120.0,120.0,120.0,120.0,120.0,120.0,120.0,120.0,10.014757111234475,39.463264104264375,94.15902945368236,100.41075688747776,103.91113340087887,103.7122323231009,103.54420704964441,103.8613555161634,103.72073271256221,100.6031084712497,64.90045383984436,55.56316398649459,51.52381072122961,56.19781786033371,72.2578405748256
120.0,120.0,120.0,120.0,120.0,120.0,120.0,120.0,120.0,120.0,10.015285380364254,27.866039763590482,94.7216267851724,99.00324330652941,102.2383167564047,104.3841475567701,104.0739790497671,103.91757483140876,103.8045532097303,100.32499776220351,65.10582202017306,55.523858254857785,51.48124878253603,56.11258381087154,72.22998079315515
120.0,120.0,120.0,120.0,120.0,120.0,120.0,120.0,120.0,120.0,10.008719369661739,42.09991106578562,97.49328003924366,99.2742945310303,101.31144325883824,103.1334465955162,104.56316401562967,104.23292837804932,103.88087358249447,100.48515500325396,64.75158690896434,55.475318662848096,51.44271570371856,56.10794514717514,72.19422285271646
120.0,120.0,120.0,120.0,120.0,120.0,120.0,120.0,120.0,120.0,10.0107361189799,44.148592926042085,98.93833222702428,101.33383350110812,101.4751755734163,102.58497597045445,103.61222668080958,104.59337565376627,104.04838338185773,100.61167060366436,65.00078743346482,55.173498447792745,51.3428659647896,56.102983003566465,72.21481903509225
120.0,120.0,120.0,120.0,120.0,120.0,120.0,120.0,120.0,120.0,10.01395608479099,43.15132105139879,94.97022571503194,102.62697663213876,102.88143315338743,102.7009967093391,103.34258291334096,103.8675923039659,104.32456989829384,100.67019460098226,65.30843412458135,55.254183896744756,51.10750747187442,56.038523306463084,72.22929297730191
120.0,120.0,120.0,120.0,120.0,120.0,120.0,120.0,120.0,120.0,10.01652054270552,28.878298961605815,92.85452115456071,100.0705898162972,103.85856427763348,103.620181743006,103.42961808298956,103.79146554097906,103.77683048491443,100.89522714217823,65.31818812398392,55.46631182900617,51.08504672797794,55.89264627597638,72.19970718061255
120.0,120.0,120.0,120.0,120.0,120.0,120.0,120.0,120.0,120.0,10.018682193050786,21.2942464357666,93.57559734801123,98.54208783470783,102.09598485874942,104.33241468585729,103.9953675670063,103.85685468550489,103.82208447334258,100.52901896675047,65.56161052585158,55.42516009814751,51.180020574269435,55.86568394787438,72.11931943838235
120.0,120.0,120.0,120.0,120.0,120.0,120.0,120.0,120.0,120.0,10.009674363302176,35.321616893401334,96.69186621461596,98.87190033010785,101.13203535826949,103.06268138995348,104.50886969088953,104.17100075771549,103.87268220837338,100.62529148924241,65.22783672878403,55.468636438745726,51.11479425903409,55.91232260177677,72.11895088586381
120.0,120.0,120.0,120.0,120.0,120.0,120.0,120.0,120.0,120.0,10.012750172480963,36.409557049935344,98.0686501943496,101.00637731762127,101.31830273692735,102.51945636127643,103.57113844600781,104.54289571104655,104.01430769746035,100.6974592413285,65.41450608060477,55.31027899030449,51.0536847787889,55.85364490576319,72.15516888843884
120.0,120.0,120.0,120.0,120.0,120.0,120.0,120.0,120.0,120.0,10.019512242733251,35.35642656142994,94.03512232492355,102.16320335211071,102.70359683701315,102.64268794995985,103.32539989526698,103.84172565893186,104.28936379652136,100.71113139691688,65.62543601014526,55.442418042521034,50.936180890367794,55.77956130368162,72.1161020696282
120.0,120.0,120.0,120.0,120.0,120.0,120.0,120.0,120.0,120.0,10.030116336716615,23.716654484678912,91.82542758257895,99.68740901423416,103.54038299421087,103.51132643394841,103.41278711130573,103.7943518474443,103.76528852116277,100.91759858164089,65.55428012220658,55.64006308995975,50.986257976312274,55.69022410715557,72.06626992984538
120.0,120.0,120.0,120.0,120.0,120.0,120.0,120.0,120.0,120.0,10.037714342582364,16.000666390277004,92.45644831144429,98.15339162741898,101.88808803819664,104.09729718277683,103.92437386252844,103.8568404911155,103.83613055820479,100.56118193447016,65.75285304273946,55.58368302565403,51.104855170967646,55.699707299452434,72.0083216740558
120.0,120.0,120.0,120.0,120.0,120.0,120.0,120.0,120.0,120.0,10.012998842839865,29.207559668372856,95.41428065107223,98.36814556761772,100.93894856453753,102.93676222043791,104.33129921099804,104.1231328699381,103.88150229107863,100.67175652272584,65.41036502209879,55.62666359459691,51.06374516383966,55.75704730351427,72.0184725579084
120.0,120.0,120.0,120.0,120.0,120.0,120.0,120.0,120.0,120.0,10.012628907328583,25.71039178851348,97.27897480058255,100.25906497087254,101.01483578539845,102.4029914234734,103.49247466223001,104.40879313066553,103.98387819258028,100.73316751305646,65.60024572249978,55.476851832264906,51.03550924921568,55.7174101907854,72.05263781200907
120.0,120.0,120.0,120.0,120.0,120.0,120.0,120.0,120.0,120.0,10.011063712746724,21.03049281642455,93.57621041845773,101.67976763172635,102.17890555238748,102.42540317666922,103.2430420055066,103.79347747884157,104.19069644621428,100.71248879750671,65.78381609142274,55.617063767076424,50.94987143876749,55.6727178066994,72.02035874507688
120.0,120.0,120.0,120.0,120.0,120.0,120.0,120.0,120.0,120.0,10.009542339753366,10.026786893008415,92.1585481374215,99.52267862439344,103.17752203009327,103.11551146971483,103.24028677391675,103.7288150739466,103.7384128830843,100.8623680230243,65.65802061975491,55.802193713520445,51.02456382090363,55.6125690295033,71.9860613758954
120.0,120.0,120.0,120.0,120.0,120.0,120.0,120.0,120.0,120.0,10.007667052169904,10.012480584067672,93.37772460532312,98.70788453779946,101.76920179762298,103.80904227930849,103.61595908146188,103.71205252041146,103.78119374532054,100.55884612629143,65.77703720545212,55.71737502538614,51.152673885896945,55.64592222986819,71.94469985308844
120.0,120.0,120.0,120.0,120.0,120.0,120.0,120.0,120.0,120.0,10.008750743242395,27.569219188261773,96.39448167899747,99.44751675678883,101.3934499959755,102.82188531447967,104.09731907992618,103.87945070047807,103.75710253543822,100.63491383133515,65.48678652672245,55.722317042612616,51.1107049669648,55.718039387668455,71.96829397027231
120.0,120.0,120.0,120.0,120.0,120.0,120.0,120.0,120.0,120.0,10.005652383569108,20.052427609337066,97.00529178237892,101.34276927102408,101.89771869316148,102.73235097320773,103.37326596758352,104.21664693149843,103.78990148393069,100.62426743384437,65.62061114892704,55.602070133210184,51.07855361982838,55.68749045004594,72.01038444882711
120.0,120.0,120.0,120.0,120.0,120.0,120.0,120.0,120.0,120.0,10.0043518571882,10.047745124335078,91.32876600889323,101.97463357588553,103.1000561307015,103.10321899897123,103.46285440017512,103.66969159904372,104.03046981855053,100.55091392725672,65.67186294628452,55.7124717760351,51.022253599415706,55.6518152968561,71.98349662243174
120.0,120.0,120.0,120.0,120.0,120.0,120.0,120.0,120.0,120.0,10.003900002618206,10.005060595901659,90.8863573210929,98.51790370152936,103.61034076809756,103.86558056366479,103.7439703918052,103.86064546863383,103.61049334801805,100.71528493742748,65.46248093135502,55.806155060884194,51.095168866110605,55.61887820043284,71.95623539349126
120.0,120.0,120.0,120.0,120.0,120.0,120.0,120.0,120.0,120.0,10.003337050415212,10.004644195506991,94.29472055761872,98.2105854260233,101.3222539992855,104.2693705231221,104.2124555526498,104.07454004970677,103.84376560600673,100.40913144939907,65.5770628148379,55.665721906739954,51.180249525634416,55.661884897080874,71.93390064208299
120.0,120.0,120.0,120.0,120.0,120.0,120.0,120.0,120.0,120.0,10.004953415892183,22.433059896003044,95.47080219619536,100.21368681476369,101.267661243256,102.68270076908495,104.53988566905878,104.34258644801088,104.00694661781422,100.61670582388325,65.23376564283619,55.66329620288675,51.11643506488662,55.7187072447571,71.96428194751144
120.0,120.0,120.0,120.0,120.0,120.0,120.0,120.0,120.0,120.0,10.003349729078224,10.05848643398423,94.9271268908698,100.82734588306884,102.51002061711152,102.82487680252811,103.41652761370068,104.61924750237498,104.13969261684298,100.76846811192927,65.47277763827078,55.48826886298852,51.092830340940964,55.68747534001263,71.99931801703399
120.0,120.0,120.0,120.0,120.0,120.0,120.0,120.0,120.0,120.0,10.002884026509026,10.006175777138584,90.12218172276889,100.82909982441744,102.71962043288049,103.62121082984085,103.68955362259915,103.81962774265665,104.38331926565674,100.80163178229583,65.73348258310699,55.604551422419036,51.011858616580106,55.67093835153007,71.97764568756247
120.0,120.0,120.0,120.0,120.0,120.0,120.0,120.0,120.0,120.0,10.002712566752235,10.003568804472794,91.73827478608372,97.8840053200737,102.89336627807427,103.56740700109856,104.20227150191766,104.16613005868642,103.81897828328376,101.02650210900178,65.69551867829533,55.77949285949696,51.07108581402134,55.63587865278396,71.96852052514771
120.0,120.0,120.0,120.0,120.0,120.0,120.0,120.0,120.0,120.0,10.002649964392855,10.003421191001616,93.06087745185278,98.87902242914538,100.9645354015757,103.8177748122046,103.9840231278429,104.49167696673032,104.19107021361924,100.67590953516661,65.97081144246452,55.71540570005455,51.175708900886214,55.674416797340385,71.94989948857777
120.0,120.0,120.0,120.0,120.0,120.0,120.0,120.0,120.0,120.0,10.002777945352596,10.011251394905349,93.24651081612932,99.46148955186047,101.71235827009913,102.4977137806048,104.28077285645753,104.18052585041656,104.39684197475934,101.02494004218325,65.70443535954112,55.80884133975405,51.124422797037134,55.73851334121976,71.98152335051957
120.0,120.0,120.0,120.0,120.0,120.0,120.0,120.0,120.0,120.0,10.002409209107714,10.004423289328784,92.65962162332853,99.54343588209065,101.90717815170103,103.10766179003811,103.35170721135326,104.51037575428762,104.04623453750969,101.20566518763466,66.22341032147726,55.736701340951974,51.12361243619199,55.70186853132517,72.0210931169018
120.0,120.0,120.0,120.0,120.0,120.0,120.0,120.0,120.0,120.0,10.002348912051342,10.003377953305389,91.83619941219249,99.38532823024114,101.8640117496614,103.09789649290256,103.85902683393073,103.84185031027548,104.39686557834439,100.84302053922586,66.59263846509884,56.07746170816624,51.09150094822662,55.67811155041056,71.99098056966754
120.0,120.0,120.0,120.0,120.0,120.0,120.0,120.0,120.0,120.0,10.002522696789327,10.00295454748406,91.28918061788201,98.9390622803026,101.88173254555423,102.96477808851897,103.74416449376058,104.25916807904068,103.91130176328237,101.19275573636054,66.06981584262603,56.379815677530345,51.275643350294715,55.652646942606324,71.96936952754834
120.0,120.0,120.0,120.0,120.0,120.0,120.0,120.0,120.0,120.0,10.002946311571224,10.002824063522931,91.07284059088643,98.551304893761,101.60703044965695,103.07521413087042,103.55558966653065,104.10007226242529,104.24227532490796,100.91077407647727,66.5398186589314,56.097770882967865,51.461149836504156,55.74395739609852,71.94740484014521
120.0,120.0,120.0,120.0,120.0,120.0,120.0,120.0,120.0,120.0,10.002161118133541,10.00265497227729,90.98207552313642,98.34644511612063,101.31752990746182,102.88130415963207,103.72119044526582,103.88334073271785,104.0794359359816,101.12067205512615,66.45815285230749,56.35125814261517,51.31452905450258,55.83611710731554,72.0000306758884
120.0,120.0,120.0,120.0,120.0,120.0,120.0,120.0,120.0,120.0,10.002458175319346,10.002489605711855,90.80588713722689,98.20352478975526,101.14256941214522,102.65175264415004,103.56063679842563,104.0809443162639,103.85642407989839,101.00544203325757,66.68393216388898,56.497352317156896,51.42116493531265,55.73518662151461,72.03982219972814
120.0,120.0,120.0,120.0,120.0,120.0,120.0,120.0,120.0,120.0,10.002980133019978,10.002423075819896,90.5223880717351,98.04442231026553,100.98357720535334,102.51597659229891,103.37048546988181,103.92961148263764,104.06588135456636,100.77940875555647,66.60196470139881,56.6747050105607,51.57148127501798,55.768479658709445,71.95665434298508
120.0,120.0,120.0,120.0,120.0,120.0,120.0,120.0,120.0,120.0,10.003559820461028,10.002837775452067,90.06459177146763,97.84339509607003,100.82385278689213,102.35175051494211,103.2756200593396,103.76630812280017,103.9164640475839,100.98152560381148,66.27662191467253,56.697664178758444,51.70143932666823,55.85960396425884,71.968571642367
120.0,120.0,120.0,120.0,120.0,120.0,120.0,120.0,120.0,120.0,10.004030880794899,10.003520146790859,83.76272117700773,97.60258071774103,100.65419346472257,102.19168037318492,103.11040903213953,103.71078828010035,103.76970342799049,100.85607058778925,66.5635213220872,56.55700783758783,51.74854548227361,55.92617509183154,72.01187092464872
120.0,120.0,120.0,120.0,120.0,120.0,120.0,120.0,120.0,120.0,10.00303444936884,10.002463074158898,83.59333663501204,97.38858628518324,100.45703310561164,102.04039278639848,102.95299733925708,103.54595391093716,103.74842415573306,100.68484893050557,66.46692260747125,56.76754552425105,51.71358133064037,55.94747539213922,72.03832395330075
120.0,120.0,120.0,120.0,120.0,120.0,120.0,120.0,120.0,120.0,10.00344133313488,10.002948314927572,78.4319439770713,98.00523163757782,100.27577476478812,101.86340978199715,102.81599977088665,103.39357574901176,103.58528636412208,100.68510474069747,66.15466399020178,56.80347478047084,51.8659528969397,55.933299258869994,72.0354063450463
120.0,120.0,120.0,120.0,120.0,120.0,120.0,120.0,120.0,120.0,10.003722226757409,10.003535641449911,71.1139726359883,97.24600232179594,100.9189255703486,101.69967033241036,102.64997367254755,103.27101106373685,103.43601170124029,100.5278493416584,66.14511774128833,56.62640255367367,51.95276114311414,56.029235162080134,72.01616878823842
120.0,120.0,120.0,120.0,120.0,120.0,120.0,120.0,120.0,120.0,10.004016300048576,10.003970254326173,58.45043936690147,97.5476887003966,100.32151817877624,102.2531838494081,102.49628398217747,103.11072536428014,103.32668141347395,100.34396680333423,65.94048043464777,56.63608388179614,51.89312363071353,56.098608589302,72.07208289775936
120.0,120.0,120.0,120.0,120.0,120.0,120.0,120.0,120.0,120.0,10.004474078835896,10.004224212354371,50.620608683201645,98.06725518818749,100.7141817781407,101.74891681901275,102.94605065695391,102.96336875638318,103.16833067652574,100.22181653448564,65.58361478648759,56.56964749185516,51.931811380981145,56.07892530802874,72.10650933920722
120.0,120.0,120.0,120.0,120.0,120.0,120.0,120.0,120.0,120.0,10.003610621427681,10.002641335682219,60.777652892856445,99.01397728161439,101.34093211657546,102.13820602073167,102.50134495528569,103.31648500431885,103.02120639538299,100.04172793746251,65.32091571824374,56.34668825173629,51.95900589037494,56.120594697704696,72.08959774145411
120.0,120.0,120.0,120.0,120.0,120.0,120.0,120.0,120.0,120.0,10.004297648131903,10.00309360133068,66.58358085525016,98.98357911093379,102.35293030513127,102.71991073013501,102.86194408837741,102.91382513751384,103.28684061499324,99.84887723413628,64.98242647352829,56.15760419811006,51.88070935470319,56.17136214464211,72.11895725984016
120.0,120.0,120.0,120.0,120.0,120.0,120.0,120.0,120.0,120.0,10.004637191026266,10.00390015477524,67.47460790394602,95.93085170210665,102.65890894948619,103.58734120625925,103.37122095102585,103.23671462297641,102.9169880306467,99.9995803012644,64.56407994853086,55.9301842181451,51.807675496783695,56.16088090754165,72.15452665686647
120.0,120.0,120.0,120.0,120.0,120.0,120.0,120.0,120.0,120.0,10.004807491967126,10.004702426047407,55.41349458244081,94.5995677190583,100.43578685443806,103.97786385588448,104.07156974408119,103.66931169019863,103.19138782886219,99.64138941010278,64.5668768691,55.61462786302922,51.72277327807052,56.15628224387373,72.1566082494888
120.0,120.0,120.0,120.0,120.0,120.0,120.0,120.0,120.0,120.0,10.005146054745252,10.005175659455464,43.04953825881504,95.26440905078344,99.25802561655595,102.36662363803732,104.48081861155207,104.21229914634611,103.55023648725962,99.79604663568992,63.977127971445974,55.49289791174633,51.57680492122111,56.155541627447256,72.17029516404838
120.0,120.0,120.0,120.0,120.0,120.0,120.0,120.0,120.0,120.0,10.004160454796198,10.003173076047213,50.69836031205992,97.40814708803018,99.52971980994562,101.51696992886299,103.31451255404087,104.61491297861424,103.9546842165328,100.09699672057161,63.925666947572424,55.05990929325467,51.50433750687433,56.12215152717408,72.19099307974477
120.0,120.0,120.0,120.0,120.0,120.0,120.0,120.0,120.0,120.0,10.004982551642248,10.003647262114455,53.9349749944383,98.58928824350608,101.13234656437164,101.6242211067696,102.76502922175901,103.78191064711883,104.33650386676528,100.37622370440522,64.24076806351654,54.844777584580385,51.27206232434482,56.12270083051108,72.19669722515445
120.0,120.0,120.0,120.0,120.0,120.0,120.0,120.0,120.0,120.0,10.005459917111354,10.004468783035648,54.65355873622091,95.82854383255767,102.25894335882764,102.70087014063631,102.80168042736926,103.47564641212125,103.76029770211007,100.73400784215332,64.48307956395531,54.89564164709293,51.108701478161656,56.037649487850075,72.22662769125206
120.0,120.0,120.0,120.0,120.0,120.0,120.0,120.0,120.0,120.0,10.00570808524675,10.00527189462105,45.00808569639176,94.20364990685088,100.48934013639737,103.56999989688822,103.4827473565159,103.48540377656728,103.6344958041225,100.40050908666493,64.9047316671599,54.87712917295048,51.08884294155026,55.97679397937129,72.20255267097733
120.0,120.0,120.0,120.0,120.0,120.0,120.0,120.0,120.0,120.0,10.006068299347989,10.005812611842584,35.994536675548574,94.51500879903494,99.33540009443666,102.35127415152913,104.1199827245124,103.88352425805283,103.641399709919,100.39703383685631,64.65786509735509,54.942966185931546,51.00321939320584,55.99054001155288,72.2001008579177
120.0,120.0,120.0,120.0,120.0,120.0,120.0,120.0,120.0,120.0,10.004965279606036,10.003587918591455,44.86235334397046,96.54952573831757,99.40446943836105,101.62880547993456,103.23803397402791,104.34150840470552,103.8467785823171,100.44954429341304,64.77506720983497,54.77494351826637,50.914228257916626,55.94410692258523,72.23750958737708
120.0,120.0,120.0,120.0,120.0,120.0,120.0,120.0,120.0,120.0,10.005866191523918,10.004205870563236,46.72265398001389,97.74004898940119,100.81488895143869,101.64534426447973,102.8328044722943,103.68332759116953,104.17576599041777,100.52178655279305,64.99291457042285,54.84911967628335,50.74032037081118,55.86261791899992,72.22334149910408
120.0,120.0,120.0,120.0,120.0,120.0,120.0,120.0,120.0,120.0,10.006281438778808,10.005204270761991,45.850560209260415,94.90101021631021,101.84345628905533,102.5654852695324,102.84509361605296,103.4996281428171,103.68044611951485,100.76016640442678,65.02654980202612,55.048372775067165,50.72231007300731,55.73414224440577,72.17833043198146
120.0,120.0,120.0,120.0,120.0,120.0,120.0,120.0,120.0,120.0,10.006433274776784,10.006106379551378,35.66767984478726,93.39192423816249,100.03369107907876,103.3282968947062,103.42139139787298,103.51724740521787,103.63955052439361,100.42092105647514,65.26478752575656,55.05995118799099,50.81955937448838,55.69642431754275,72.10065439809568
120.0,120.0,120.0,120.0,120.0,120.0,120.0,120.0,120.0,120.0,10.006754388209806,10.006654656687937,28.192951613194868,93.8963587563851,98.9930950193296,102.07893838811552,103.97149148285051,103.85323211683057,103.66308354495439,100.44932894249041,64.93258426292064,55.12045961742895,50.80350222293837,55.73526736758433,72.08492745120624
120.0,120.0,120.0,120.0,120.0,120.0,120.0,120.0,120.0,120.0,10.005813893891737,10.003973719837964,38.97400047845691,96.1356480058884,99.21201569575136,101.44314651766017,103.0638290241148,104.248466644849,103.83406899906205,100.50434748340076,65.02712439342292,54.95441971163697,50.77200975088769,55.7043278558601,72.11204956782623
120.0,120.0,120.0,120.0,120.0,120.0,120.0,120.0,120.0,120.0,10.00664019915674,10.004763035883,40.38076456206654,97.38079392317256,100.7206405991256,101.56307835365935,102.71818023287321,103.5696037582572,104.12063032001804,100.55117723801247,65.21267857818351,55.0331428228298,50.65484539116012,55.65007606068968,72.08811487039596
120.0,120.0,120.0,120.0,120.0,120.0,120.0,120.0,120.0,120.0,10.006802484824677,10.006021498683848,39.01310737178447,94.16614164712401,101.75917430192379,102.53494734066985,102.7976870273249,103.42346208078159,103.60863209087728,100.75731872725206,65.2004346478898,55.21945969093437,50.67991066626215,55.56027394549053,72.04768466194076
120.0,120.0,120.0,120.0,120.0,120.0,120.0,120.0,120.0,120.0,10.006880561960957,10.00697713537681,28.452628973203915,92.54877480574582,99.76672240288487,103.30079627191981,103.40366695705605,103.48177109526556,103.58837169926335,100.39892325807702,65.39416181281835,55.211831220610016,50.79851464759984,55.556660163964565,71.98664829305307
120.0,120.0,120.0,120.0,120.0,120.0,120.0,120.0,120.0,120.0,10.007443151328893,10.007218158742091,21.9166356517677,93.21534223148215,98.66288414410609,101.95524368305894,103.95833566183015,103.83544866261776,103.63352332319917,100.42999659657914,65.02600994545601,55.26010642592437,50.795454348880334,55.61760862047903,71.98722835157993
120.0,120.0,120.0,120.0,120.0,120.0,120.0,120.0,120.0,120.0,10.00611233333017,10.004480697740068,33.62393552907776,95.75910829156888,98.9596074663211,101.28786486611794,102.99943949365813,104.2376872221431,103.81457751638304,100.48871114274829,65.09999807277143,55.08481408994878,50.78096529297132,55.605044317290776,72.02477798471313
120.0,120.0,120.0,120.0,120.0,120.0,120.0,120.0,120.0,120.0,10.007209876257942,10.005225999524319,34.27353115262641,97.13071342750602,100.60755877809528,101.4478182482169,102.64065068681012,103.53311940755012,104.10931587600736,100.53693294573634,65.26278967009189,55.153234602388174,50.682277629623,55.57302914350799,72.01061353752812
120.0,120.0,120.0,120.0,120.0,120.0,120.0,120.0,120.0,120.0,10.007968164268842,10.006182244331029,32.83896956084442,93.621446076655,101.70583474703012,102.48582150766838,102.7408349483844,103.3845191761093,103.58619505878755,100.74970645220527,65.23129904859704,55.31934116412003,50.72059992889731,55.50728784272977,71.98376512933805
120.0,120.0,120.0,120.0,120.0,120.0,120.0,120.0,120.0,120.0,10.00840802162252,10.006714551213284,23.496397101604483,91.87971705423679,99.61343252996012,103.28197675750452,103.37771599851446,103.45301275149023,103.56921715529465,100.38767551058237,65.42347363890336,55.29034520715777,50.84120590116104,55.523974303255095,71.93832900352294
120.0,120.0,120.0,120.0,120.0,120.0,120.0,120.0,120.0,120.0,10.00838858336278,10.006901353177685,19.33383044771881,92.57948450961847,98.46095180451451,101.90431402173257,103.94807050271149,103.81964639181038,103.61881970392655,100.4233290471993,65.05101195799081,55.33019556543163,50.83470985010686,55.59728794878893,71.9524244472007
120.0,120.0,120.0,120.0,120.0,120.0,120.0,120.0,120.0,120.0,10.007447727366278,10.004629470631473,29.114449601377927,95.12152373283925,98.74366653499621,101.22412275280176,102.98489946760378,104.22990469909607,103.8036114592113,100.48303198583918,65.12963832880054,55.150359862682095,50.82153045994968,55.59236399153723,71.99858985386011
120.0,120.0,120.0,120.0,120.0,120.0,120.0,120.0,120.0,120.0,10.008687352465781,10.005187626334637,29.431600084284433,96.24244658995549,100.30348214325339,101.36043088695504,102.6296697346011,103.5331583497928,104.10234939020083,100.52941814373328,65.28949937380435,55.220043154488756,50.72640088315621,55.569222815441925,71.99035834870152
120.0,120.0,120.0,120.0,120.0,120.0,120.0,120.0,120.0,120.0,10.00792330457628,10.006022904610578,27.736466180991084,93.06902770032801,101.18815441139009,102.30094745623789,102.70579727774651,103.39509768481416,103.59196661241207,100.74386635124739,65.24713688609613,55.382533035162325,50.77037634165257,55.51262011085551,71.97036386031152
120.0,120.0,120.0,120.0,120.0,120.0,120.0,120.0,120.0,120.0,10.00624081111791,10.00645286104842,18.846733665413083,91.42859903882824,99.34841778232533,102.92333548985673,103.25486758904732,103.44186679751459,103.58781918942117,100.39649522253886,65.4355266094972,55.34274970134914,50.89303549484313,55.53826669004687,71.93182002177404
120.0,120.0,120.0,120.0,120.0,120.0,120.0,120.0,120.0,120.0,10.004940225861345,10.005999913554032,12.869720477790677,92.07797328332194,98.29093359045848,101.73616445407589,103.6850623196332,103.73509227282892,103.61888548048941,100.44624504345117,65.0840788633359,55.3758350047216,50.88290942524164,55.6174732627006,71.9524445350906
120.0,120.0,120.0,120.0,120.0,120.0,120.0,120.0,120.0,120.0,10.00431884720858,10.003933500482493,24.944955418945014,94.660954294636,98.5380604276759,101.11498630621344,102.86813521016276,104.03355265259118,103.7447597343347,100.49112757051863,65.1870206914659,55.20626657008173,50.86709824707448,55.61420219924942,72.00281932129887
120.0,120.0,120.0,120.0,120.0,120.0,120.0,120.0,120.0,120.0,10.003827536874347,10.003584171814092,21.826602600690943,96.48106795121966,100.10027433480053,101.22063227636595,102.53701440814201,103.44996806192889,103.95517231661175,100.49050249170921,65.33046180563525,55.2911338844324,50.77839730097114,55.59249963339451,71.99603573430198
120.0,120.0,120.0,120.0,120.0,120.0,120.0,120.0,120.0,120.0,10.003244067081575,10.003202341160055,17.51488689464612,92.90375791886355,101.42326019948064,102.16940797535842,102.58421504916049,103.30768519067574,103.53178608648564,100.63298549929603,65.22774172285592,55.44563640026728,50.83173302380784,55.541755089775776,71.97749168958939
120.0,120.0,120.0,120.0,120.0,120.0,120.0,120.0,120.0,120.0,10.002772630495876,10.002892911995229,10.015705367645126,91.6669495618782,99.42007665224881,103.10069574186572,103.15332433104187,103.32656337383318,103.50297977052432,100.34616797889736,65.32127979239436,55.373813558018654,50.951138381021124,55.574011037809704,71.94301868244776
120.0,120.0,120.0,120.0,120.0,120.0,120.0,120.0,120.0,120.0,10.00249148127018,10.00255980882835,10.00824365342535,93.01449707451822,98.72912442552978,101.82207087606568,103.81369056888963,103.64962565271102,103.50652476686517,100.35895234402697,65.02828819230128,55.35968057567488,50.92607700162352,55.65203086365103,71.96750069621311
120.0,120.0,120.0,120.0,120.0,120.0,120.0,120.0,120.0,120.0,10.002458843507505,10.00257078720734,24.343640348238022,95.50456293851641,99.4847148716973,101.5170296312777,102.9313375652988,104.12232150860005,103.66812317156939,100.36413680493901,65.06632521361597,55.21925736276211,50.89234344882627,55.64180855660925,72.0164921044903
120.0,120.0,120.0,120.0,120.0,120.0,120.0,120.0,120.0,120.0,10.002148956895052,10.002098999725355,17.409191576266373,95.94284696034508,100.95095082843042,102.00846348207162,102.87548964362345,103.48395110659469,104.0098248499401,100.40033737447024,65.1122673972361,55.26336243190948,50.82445898389189,55.61478840962241,72.00565528238907
120.0,120.0,120.0,120.0,120.0,120.0,120.0,120.0,120.0,120.0,10.001899733548003,10.00184902042438,10.016627959374471,90.91721470723297,101.44137551316224,102.88929045251511,103.22712444106205,103.58370367314973,103.53680821063799,100.64339746850492,65.04607486354341,55.3355326781798,50.86239057230078,55.5810883270279,71.98604514075713
120.0,120.0,120.0,120.0,120.0,120.0,120.0,120.0,120.0,120.0,10.001757280317435,10.001735021255605,10.003876002391957,90.8697043344285,98.4555224837247,103.29652463433666,103.75033309545363,103.84797887714838,103.72153627901476,100.31059125164536,65.26323847284354,55.26680034828714,50.93306375505017,55.61072081865155,71.96521639966252
120.0,120.0,120.0,120.0,120.0,120.0,120.0,120.0,120.0,120.0,10.001733035604344,10.001603109766512,10.003264640514134,93.75883619063248,98.40173817233851,101.34765442962218,104.08210328434484,104.13984415568295,103.92714868219102,100.50786769015262,64.90136964794843,55.31132995406447,50.90429114950161,55.664790966202084,71.98964880569126
120.0,120.0,120.0,120.0,120.0,120.0,120.0,120.0,120.0,120.0,10.001791981186246,10.001889694312627,19.433289355192418,94.72229310621873,99.9917575489319,101.43210090243863,102.74221496777142,104.41886543080496,104.06837545109218,100.71000207064348,65.16390921093925,55.11503604183334,50.89818989970702,55.656474693845276,72.0268626831041
120.0,120.0,120.0,120.0,120.0,120.0,120.0,120.0,120.0,120.0,10.001634243006592,10.001554104111275,10.023155853683296,94.22284716773828,100.49684492637077,102.36818687809264,102.94250128455232,103.47562225278637,104.31318908733391,100.74930347664736,65.53504761413075,55.25145326419567,50.79144881438391,55.64791929192181,72.0218997559821
120.0,120.0,120.0,120.0,120.0,120.0,120.0,120.0,120.0,120.0,10.001534607137884,10.001435987176457,10.004248882185447,90.39823438516952,100.48491637153192,102.5446684045233,103.51067372051959,103.7503277205701,103.64883509521127,100.97578873546432,65.53260528422773,55.515749324868004,50.85201802665914,55.5910561151039,72.01592285684487
120.0,120.0,120.0,120.0,120.0,120.0,120.0,120.0,120.0,120.0,10.001528185904563,10.001382932141048,10.002515866400321,91.79935563309598,98.2023818558363,102.68853552163452,103.47412560915647,104.09339415321553,103.95584676661849,100.56120980156072,65.81758757918067,55.49760876787876,51.00719485757767,55.62358136466212,71.98044599709118
120.0,120.0,120.0,120.0,120.0,120.0,120.0,120.0,120.0,120.0,10.001633719660694,10.001344785335082,10.002248148043982,92.92537543834898,99.02029729097264,101.21419300334077,103.6869208955858,103.92467532112319,104.16041113277696,100.8528595665114,65.50251810751399,55.60666366856381,50.98699105476495,55.71213612422999,72.00631519156178
120.0,120.0,120.0,120.0,120.0,120.0,120.0,120.0,120.0,120.0,10.001399566493708,10.001395364980157,10.008303942179037,93.03365811158531,99.50943359518199,101.80950473476749,102.6837717668492,104.17672600928944,103.9197558715438,101.01995796349605,65.95482106274558,55.53251445970953,50.99442852021105,55.688468630758514,72.05830738494755
120.0,120.0,120.0,120.0,120.0,120.0,120.0,120.0,120.0,120.0,10.001394626439124,10.001264623346367,10.003149362646278,92.50414184173042,99.5666469382819,101.98270551438397,103.16106753789768,103.47016859360865,104.1941288503528,100.73727737310712,66.29541239567642,55.86106154095938,50.96832929669901,55.66240963915565,72.03130240529582
120.0,120.0,120.0,120.0,120.0,120.0,120.0,120.0,120.0,120.0,10.00146948004758,10.001210600309728,10.002298472746826,91.84166018941373,99.41329408019526,101.95182929964086,103.17059579676138,103.86351366424003,103.68846943603187,101.01337113955371,65.86611933628232,56.162620513217135,51.16060458066447,55.63697079191991,72.00312532817084
120.0,120.0,120.0,120.0,120.0,120.0,120.0,120.0,120.0,120.0,10.001637299941187,10.001217229578067,10.001877997751127,91.45362987281288,99.05382302678268,101.95177598691922,103.07376254417545,103.78991057735409,104.00624597858564,100.71061906548559,66.2294637479221,55.93897028941355,51.361087262183844,55.734529634899516,71.97728863100858
120.0,120.0,120.0,120.0,120.0,120.0,120.0,120.0,120.0,120.0,10.001916119942464,10.001282052924692,10.001679244659098,91.33438751253499,98.76723385177398,101.73167660309574,103.15362669762341,103.65155085804643,103.89941082138715,100.92154809051276,66.09146377137868,56.13572207878113,51.256098225383035,55.83942997311328,72.03184304650233
120.0,120.0,120.0,120.0,120.0,120.0,120.0,120.0,120.0,120.0,10.001317378818705,10.001038862868803,10.001717616697176,91.27146192135393,98.62867889473361,101.51364916657583,103.00050271347563,103.77791718329401,103.74122458281711,100.8371032109144,66.33257742923583,56.2336715464131,51.34261399879139,55.76550633761301,72.07931489106281
120.0,120.0,120.0,120.0,120.0,120.0,120.0,120.0,120.0,120.0,10.001522476236676,10.00106973713907,10.001474329601264,91.10779082356328,98.52619640820697,101.38850774642901,102.82635542892751,103.65444159470977,103.8908543725704,100.65956982930688,66.2781802741372,56.42830343322187,51.466215059587526,55.79183983709413,72.01240647817094
120.0,120.0,120.0,120.0,120.0,120.0,120.0,120.0,120.0,120.0,10.001814587802011,10.001156021670667,10.001415241807287,90.84245399100647,98.39154736538832,101.27090522194533,102.72628097975455,103.5098805202198,103.78122459047137,100.81508962202045,66.001371831079,56.468289747420975,51.613422248939955,55.870120771911004,72.01815881381694
120.0,120.0,120.0,120.0,120.0,120.0,120.0,120.0,120.0,120.0,10.002146748424353,10.001322345011598,10.001439195763712,90.55690109543164,98.21138521765893,101.14247265319547,102.6029935932258,103.43831213052478,103.65467908317093,100.733710670351,66.22718417153138,56.341766039612864,51.677959104074,55.9525800022054,72.05434697069948
120.0,120.0,120.0,120.0,120.0,120.0,120.0,120.0,120.0,120.0,10.002460752203888,10.001582936249156,10.001502368251145,90.33214657533745,98.01125206408658,100.99651887661675,102.47738156227085,103.31361289608705,103.6104223362088,100.59182050547403,66.19505457319917,56.51051827547988,51.647278839959725,55.9897581271114,72.09303004930723
120.0,120.0,120.0,120.0,120.0,120.0,120.0,120.0,120.0,120.0,10.001779184473406,10.001141395889453,10.001221905249384,90.18993926823006,97.83556013020434,100.83339567666081,102.35094018902888,103.19125482717858,103.48730837053661,100.56461192092493,65.95401030925512,56.58021566120206,51.773475057526205,55.9785496084263,72.10100829762581
120.0,120.0,120.0,120.0,120.0,120.0,120.0,120.0,120.0,120.0,10.00196783278954,10.00135367315555,10.001306248657446,90.05909052027312,97.6968441272118,100.67964457534184,102.20642045090113,103.07889982157683,103.36593092489673,100.44673424407677,65.90660495327931,56.46073335043079,51.874160269950096,56.05957830100246,72.08325369836923
120.0,120.0,120.0,120.0,120.0,120.0,120.0,120.0,120.0,120.0,10.002154035127969,10.001569684738042,10.00155274848499,87.92198432825764,97.57859137341438,100.54822392621428,102.06613708510798,102.94506677400597,103.26457724666746,100.29890201225794,65.7554374763087,56.452464294904914,51.849650439058415,56.135873694755745,72.12914582464386
120.0,120.0,120.0,120.0,120.0,120.0,120.0,120.0,120.0,120.0,10.002394022697628,10.001746538745087,10.001864221412436,79.86286540453752,97.4619901580747,100.43045650444398,101.94008836058408,102.81332510156994,103.13609799157145,100.18436958363617,65.47957870639668,56.413610282972066,51.879536181655176,56.13613684810675,72.16819915371681
120.0,120.0,120.0,120.0,120.0,120.0,120.0,120.0,120.0,120.0,10.002727798590223,10.001902024388395,10.002147276489417,67.96938213469285,97.60762436653161,100.31952740191373,101.82192127830568,102.69181397298874,103.00688223481761,100.0389946192887,65.24308446515998,56.25572604291489,51.915915722288666,56.17069996397662,72.16226092167597
120.0,120.0,120.0,120.0,120.0,120.0,120.0,120.0,120.0,120.0,10.002081480414725,10.001403535733608,10.00143420689703,67.7165578606158,98.37848644935852,100.4816354916822,101.71201486112113,102.57310144473983,102.88671098044401,99.87581699646037,64.96733107853173,56.09655652798299,51.875908720088425,56.22188506009349,72.18434540685759
120.0,120.0,120.0,120.0,120.0,120.0,120.0,120.0,120.0,120.0,10.002283915960236,10.00163416606678,10.001591823441933,68.85260327454674,99.15856231001165,101.2985907652436,101.84473716284913,102.4620711559737,102.76442664959144,99.71914263405692,64.62515126567946,55.91516161425002,51.82260321034684,56.230371621749434,72.21823117536698
120.0,120.0,120.0,120.0,120.0,120.0,120.0,120.0,120.0,120.0,10.0025163561948,10.001844292336356,10.001847558658957,69.41636891478882,97.86093210722191,102.21849552474652,102.5538392314096,102.558282524521,102.64794742237619,99.555350103305,64.26928822311316,55.667275188930674,51.761403026444356,56.23302128460157,72.22898017873938
120.0,120.0,120.0,120.0,120.0,120.0,120.0,120.0,120.0,120.0,10.002829563597674,10.00202043485971,10.002131957537598,63.29312442801806,96.90728422944593,101.39214162579215,103.37680342185872,103.13780418293625,102.70478890354264,99.3883061677589,63.89151385102749,55.38358625213411,51.65623821731457,56.23904282064725,72.2423528844474
120.0,120.0,120.0,120.0,120.0,120.0,120.0,120.0,120.0,120.0,10.003244075234416,10.002204877804923,10.002384395885853,55.6186092351054,96.7344411403226,100.7606986544786,102.81937846939444,103.82366201964287,103.15887850008642,99.36218041172735,63.48552389822427,55.07028409459872,51.51852770210049,56.2230956600346,72.26225341894065
120.0,120.0,120.0,120.0,120.0,120.0,120.0,120.0,120.0,120.0,10.002471592419488,10.001660676618863,10.001593728690663,60.18318188818929,97.59001710293599,100.61463807408784,102.46274848545325,103.43600971109699,103.70860485419169,99.67202416931187,63.239197615741354,54.71760531104388,51.357105762726526,56.18982770502757,72.27296891068325
120.0,120.0,120.0,120.0,120.0,120.0,120.0,120.0,120.0,120.0,10.002672348477324,10.001940370755765,10.001814191121051,62.38020980168659,98.17246710811297,101.28999926630937,102.38982083009881,103.2897212897913,103.4340687505174,100.09352468268564,63.433302439823386,54.42512920165566,51.16411148430324,56.14611613579042,72.27843401804198
120.0,120.0,120.0,120.0,120.0,120.0,120.0,120.0,120.0,120.0,10.00291525476039,10.002165796526832,10.002157196971336,61.920905083230494,96.3647262154969,101.8846936227999,102.87502061993291,103.28837114824502,103.43822025681362,99.90191569786985,63.84045951191886,54.35504199037439,50.98457549473607,56.08593895632032,72.282435783994
120.0,120.0,120.0,120.0,120.0,120.0,120.0,120.0,120.0,120.0,10.003265611455939,10.00233788935007,10.002503660321517,53.794667346254045,95.43987766297549,100.59613155015732,103.35489155812962,103.62710874142698,103.49613718493544,99.99328625965704,63.56671767019918,54.39874263322381,50.89578014596457,56.029703887374545,72.2808415477998
120.0,120.0,120.0,120.0,120.0,120.0,120.0,120.0,120.0,120.0,10.003737986486255,10.002530353559713,10.002766752440984,45.540011519323585,95.72300488285357,99.89583087857147,102.39776800823333,104.0032809240919,103.728181865937,100.1421975649862,63.68207164679952,54.09544405829571,50.83554508032512,56.011317195581356,72.28488760179272
120.0,120.0,120.0,120.0,120.0,120.0,120.0,120.0,120.0,120.0,10.002857528752063,10.001931719337492,10.001816908322212,51.155025289773945,97.0585830922911,100.02607145069595,101.93340795278256,103.27486855555426,104.02868337131626,100.30538526628956,64.03103462403286,54.02791414582831,50.57815769180123,55.98545952681393,72.30850109151285
120.0,120.0,120.0,120.0,120.0,120.0,120.0,120.0,120.0,120.0,10.003072742764925,10.00226140733707,10.002060077853834,53.25043566999087,97.83981055499127,101.02914592092512,102.00465305429682,102.99737617622,103.47613141002576,100.5616081303876,64.26071706785308,54.21893962694789,50.4338936305894,55.83174475857504,72.31437095077835
120.0,120.0,120.0,120.0,120.0,120.0,120.0,120.0,120.0,120.0,10.003348801213612,10.002511497828728,10.002446150284046,53.02318132089328,95.78160030559852,101.79240739699627,102.68500014665524,103.04402866467481,103.33483780706155,100.188855885999,64.58880756514748,54.31941771524462,50.47870147904635,55.72944609277528,72.23290418163583
120.0,120.0,120.0,120.0,120.0,120.0,120.0,120.0,120.0,120.0,10.003762810078156,10.002686622875245,10.002833251153483,45.49553610029747,94.6565422110871,100.43699128411737,103.28643758158279,103.47934435555833,103.37187089077172,100.13217028994734,64.2506326546871,54.42733042209957,50.477252705716225,55.74057500683972,72.1882094586254
120.0,120.0,120.0,120.0,120.0,120.0,120.0,120.0,120.0,120.0,10.004320419447414,10.002883715827616,10.003122912473641,38.2971139851377,94.91899027341485,99.6395680236319,102.33504090750564,103.93346610013305,103.63027785749631,100.19530816686947,64.24784006863496,54.253020222677534,50.44434742504519,55.71481067119032,72.20827498183871
120.0,120.0,120.0,120.0,120.0,120.0,120.0,120.0,120.0,120.0,10.00327926703726,10.0022262246521,10.002036807059206,44.712544179219,96.37589967095562,99.72787348136904,101.8353268951559,103.23663066591891,103.96973980919766,100.32107989983525,64.44288504426525,54.275196468848975,50.2960358860723,55.650207524578526,72.19357034069839
120.0,120.0,120.0,120.0,120.0,120.0,120.0,120.0,120.0,120.0,10.003496173640936,10.0025942752152,10.002317083335512,46.15495060641397,97.27149581692855,100.7469993745393,101.8741631513535,102.95618162914037,103.45061550541841,100.57192973144018,64.55210317467089,54.46383793441335,50.27232673335204,55.529470335551196,72.14800366628573
120.0,120.0,120.0,120.0,120.0,120.0,120.0,120.0,120.0,120.0,10.00381102602403,10.002843168585839,10.002749710116705,45.40457668158539,95.12060218853199,101.54556592527445,102.53801569067437,102.98239322265894,103.31971200356044,100.21258717827814,64.81630165572714,54.53215572571663,50.37900590656148,55.488236238674105,72.06709791872905
120.0,120.0,120.0,120.0,120.0,120.0,120.0,120.0,120.0,120.0,10.004302792826614,10.002993310893991,10.003163394218845,37.96720580846075,93.98422532702148,100.1685944475229,103.14256645248759,103.39448269341344,103.34430032901298,100.16147646435766,64.45660932777238,54.62343926087371,50.40957403728348,55.53524206214607,72.0444360438787
120.0,120.0,120.0,120.0,120.0,120.0,120.0,120.0,120.0,120.0,10.0049379768817,10.003174223087882,10.003455405590312,31.765554904214014,94.31849887951648,99.39342780119622,102.18953721674403,103.83947110931982,103.58075225668435,100.21071393112015,64.44031981876671,54.44740351719187,50.41047401123615,55.535525219007,72.07532113697579
120.0,120.0,120.0,120.0,120.0,120.0,120.0,120.0,120.0,120.0,10.003664238997747,10.00247190413815,10.002220443957482,39.08304343369493,95.88920675984932,99.52838444032388,101.71893196597537,103.14592846340224,103.90688645614959,100.31325483154114,64.60207491524845,54.46800787870709,50.29689342800657,55.50437417477839,72.07020283423512
120.0,120.0,120.0,120.0,120.0,120.0,120.0,120.0,120.0,120.0,10.003852541552682,10.002839819931316,10.002525118701694,40.09309199399384,96.83198001656898,100.58667530076065,101.78929533805746,102.89188664394626,103.39084738564314,100.54611898328201,64.666511417872,54.641848357132965,50.29978020226661,55.41926207957871,72.04196585640697
120.0,120.0,120.0,120.0,120.0,120.0,120.0,120.0,120.0,120.0,10.004153016676868,10.003043078535082,10.002985538754947,39.02458306562556,94.5148061223913,101.3915873360227,102.46572823297875,102.93922458456301,103.280450951651,100.18403836150804,64.89201704769751,54.687470889978044,50.42072513856113,55.40763971008097,71.98134980024284
120.0,120.0,120.0,120.0,120.0,120.0,120.0,120.0,120.0,120.0,10.00462949281524,10.003134656249419,10.00339952995739,31.734033003197904,93.34236339769255,99.94624860361091,103.06596387399583,103.35439350717962,103.31828982220622,100.14373000376693,64.51287864773334,54.758851976142125,50.45846835075882,55.476251050261894,71.97589301240131
120.0,120.0,120.0,120.0,120.0,120.0,120.0,120.0,120.0,120.0,10.005197288517536,10.003273192964485,10.003657767093582,26.434606810018906,93.77404808247715,99.16226509170944,102.08332880080032,103.79369344707345,103.55430148359416,100.1974839646213,64.49482589881646,54.57142218055814,50.46631618190022,55.49386549910967,72.01953764659709
120.0,120.0,120.0,120.0,120.0,120.0,120.0,120.0,120.0,120.0,10.003729086897378,10.002536385567627,10.002294931406926,34.62898893970743,95.50577090441216,99.34489059614023,101.61585058863888,103.08844546678075,103.87589776464607,100.29610053733275,64.6469195067329,54.587732371449945,50.36227025434116,55.479684767665724,72.02533032724413
120.0,120.0,120.0,120.0,120.0,120.0,120.0,120.0,120.0,120.0,10.003850737991286,10.002848266479312,10.002575929121166,35.67941731872914,96.54459990598762,100.46568596218721,101.71158069434426,102.8417262291579,103.35705984800093,100.5250300619816,64.69362401583956,54.749709939162635,50.375231429079754,55.412381793594875,72.00858312326476
120.0,120.0,120.0,120.0,120.0,120.0,120.0,120.0,120.0,120.0,10.004095959001402,10.002979485668888,10.002993781245658,35.04842814643514,94.12892649772935,101.30819454814342,102.41294533835338,102.9026145377475,103.25470562306555,100.16399238578765,64.90709107027264,54.77747765541155,50.498436772782405,55.41737750483725,71.96044520688952
120.0,120.0,120.0,120.0,120.0,120.0,120.0,120.0,120.0,120.0,10.004490337902448,10.003012034644538,10.003345617006556,28.685264049727817,92.95755745120557,99.83559934461331,103.02997923259485,103.32699025238912,103.29927301645776,100.13027787546507,64.52821272477765,54.83678114793498,50.53193609297805,55.49632803343001,71.96660662342299
120.0,120.0,120.0,120.0,120.0,120.0,120.0,120.0,120.0,120.0,10.004929599275439,10.003106019397144,10.003536736425948,24.657319786876577,93.49816703896775,99.05218026475534,102.04470452087936,103.77453014379591,103.53765585598572,100.18587017802132,64.5164776595504,54.64748504089008,50.53765886669557,55.51891818815514,72.01759777169758
120.0,120.0,120.0,120.0,120.0,120.0,120.0,120.0,120.0,120.0,10.003469045843424,10.002365738807192,10.002176944091122,33.90700384525501,95.3685639033722,99.26960813692567,101.5818997242487,103.07578182157677,103.86374238673903,100.28329449308548,64.6645749524677,54.66597592874019,50.43722875068105,55.50995195806068,72.02741752753286
120.0,120.0,120.0,120.0,120.0,120.0,120.0,120.0,120.0,120.0,10.003539657031952,10.00260919076565,10.002409251518017,35.757182029647545,96.48993936581584,100.42812437318324,101.68984064389956,102.8352962946746,103.35461341048922,100.51524220184928,64.70266131034084,54.82199203118762,50.45546101174037,55.450469627974044,72.01507471845633
120.0,120.0,120.0,120.0,120.0,120.0,120.0,120.0,120.0,120.0,10.003716367818177,10.002695157161702,10.00276100563106,36.04751401492451,94.09425649016165,101.29247686179166,102.39917602026173,102.89976559946898,103.25857923369952,100.165172145988,64.91624691970176,54.839543488235456,50.57782709800712,55.463218577582374,71.97298725345576
120.0,120.0,120.0,120.0,120.0,120.0,120.0,120.0,120.0,120.0,10.004009764048407,10.002704407078532,10.003052913749409,30.491627004494795,92.9828870172379,99.82492753814333,103.02106526224017,103.32230438417929,103.30329011227148,100.13809476202141,64.55287681273931,54.89492150475439,50.60635268709856,55.545263780199384,71.98481811107133
120.0,120.0,120.0,120.0,120.0,120.0,120.0,120.0,120.0,120.0,10.00433362730766,10.00277347619854,10.003201036850571,26.956532526629445,93.60989218230489,99.0494987410423,102.03796335738461,103.76878311043494,103.53718079755483,100.19289625656539,64.55214192506887,54.71248339887709,50.610082491226514,55.56762005332117,72.03817978259633
120.0,120.0,120.0,120.0,120.0,120.0,120.0,120.0,120.0,120.0,10.00303817040828,10.002059002961415,10.001952779875069,36.65738039168185,95.54619793481567,99.28924995872337,101.57087087921705,103.07076980815818,103.86036306685881,100.28654987138202,64.69847794884666,54.73661456626224,50.513448342187104,55.55961535969879,72.04827600517432
120.0,120.0,120.0,120.0,120.0,120.0,120.0,120.0,120.0,120.0,10.003086826247369,10.002245869291912,10.002136781696821,39.498942247146026,96.72368621656844,100.47296672644228,101.68335690647886,102.82209149248234,103.35108852299169,100.51624029545647,64.73134997518878,54.889819497816106,50.53473150063376,55.503787947934434,72.03705828993608
120.0,120.0,120.0,120.0,120.0,120.0,120.0,120.0,120.0,120.0,10.003208582881578,10.002312371641944,10.002426065562222,40.75498834843085,94.46322574389022,101.36707437777565,102.404928088891,102.88469895147055,103.24570521224707,100.16579283135326,64.94269744471683,54.90278121576825,50.65467523504623,55.519013246743995,71.99760907563096
120.0,120.0,120.0,120.0,120.0,120.0,120.0,120.0,120.0,120.0,10.003409041101703,10.002322910128555,10.002671655198087,35.75717871113468,93.41460596613652,99.95612585097022,103.04611984564113,103.3132334681217,103.28609113500231,100.1291900173002,64.57850519596099,54.956784415917596,50.67947506049999,55.59968024516896,72.01091965885827
120.0,120.0,120.0,120.0,120.0,120.0,120.0,120.0,120.0,120.0,10.00362876987382,10.002384405450057,10.002795122138568,32.089902729958034,94.04454344824256,99.19081372768622,102.0919373438318,103.77224073517638,103.5224562630742,100.17775364517586,64.56298329873893,54.77365620513281,50.68199402469119,55.61965451958101,72.06313406324816
120.0,120.0,120.0,120.0,120.0,120.0,120.0,120.0,120.0,120.0,10.002555182485084,10.001719685910276,10.001698520126178,41.70500539445144,95.94845237119597,99.41961355397103,101.62056937106512,103.09003632499143,103.85321635883298,100.27128615996641,64.69541147725434,54.78840326785237,50.58483064906657,55.61090073022511,72.07159085356545
120.0,120.0,120.0,120.0,120.0,120.0,120.0,120.0,120.0,120.0,10.00258811323106,10.001867534473664,10.001837370262805,45.626147368879685,97.14194305382283,100.59661204900276,101.72383082110211,102.83297979514158,103.35237076710375,100.50418043645683,64.722972291079,54.9306054881736,50.60098206944929,55.554786121525865,72.05994315442459
120.0,120.0,120.0,120.0,120.0,120.0,120.0,120.0,120.0,120.0,10.002668616423172,10.00192866792593,10.002067236277696,47.91449650587791,95.08696817474201,101.51054799111496,102.44887930732737,102.88974096950466,103.2379561306365,100.15681353641797,64.9322484727066,54.9370536470414,50.71430735075867,55.567251844433514,72.02043197829744
120.0,120.0,120.0,120.0,120.0,120.0,120.0,120.0,120.0,120.0,10.00280774546279,10.001944405611265,10.002272201693838,43.455497641140155,94.10556277609619,100.18746389350395,103.10862374013493,103.3249382822417,103.27532849706596,100.11128268791006,64.56385911279648,54.9853877382158,50.73470131159527,55.644461331767644,72.03229739488586
120.0,120.0,120.0,120.0,120.0,120.0,120.0,120.0,120.0,120.0,10.00297017235373,10.001994538702577,10.002381584401892,39.36167127772079,94.69124840608956,99.43521092912202,102.19810473228053,103.79909509354543,103.51877425401354,100.158017314494,64.53072315796122,54.79281904812911,50.732795513772565,55.66245435624248,72.08298961408113
120.0,120.0,120.0,120.0,120.0,120.0,120.0,120.0,120.0,120.0,10.002091801345587,10.001391633100576,10.001444978788276,48.51669513000862,96.50559636704637,99.63193684805394,101.72148771852109,103.1401432375808,103.86099602214115,100.25802223939242,64.656552763611,54.79055591782988,50.627669952630995,55.65164050694994,72.09105947013327
120.0,120.0,120.0,120.0,120.0,120.0,120.0,120.0,120.0,120.0,10.002117765460744,10.001503887517591,10.001545415727822,53.56096660126598,97.68972979154836,100.77959571609559,101.80396500612702,102.87227618833444,103.37274540462825,100.49866208336876,64.69068809873967,54.92273774003371,50.63122645969786,55.59099379319297,72.07897505076004
120.0,120.0,120.0,120.0,120.0,120.0,120.0,120.0,120.0,120.0,10.00216335249926,10.001562525049842,10.001720063596478,57.031907007723824,95.87544839781208,101.70587180688347,102.52340749663824,102.91675942517192,103.2469445663551,100.15761645099525,64.90596075289069,54.92830809397592,50.7356399451254,55.5961805109985,72.03744474128733
120.0,120.0,120.0,120.0,120.0,120.0,120.0,120.0,120.0,120.0,10.00224504540609,10.001589494599598,10.001882988241565,53.33385240351247,94.97845186197671,100.48938683915325,103.2002700805107,103.35553245589956,103.27813642773626,100.10240586297333,64.53839178381689,54.97436663619656,50.752522582012254,55.668252064995684,72.04578183731284
120.0,120.0,120.0,120.0,120.0,120.0,120.0,120.0,120.0,120.0,10.002352411143233,10.001636069340199,10.001976750829035,48.86989914021543,95.50623241248867,99.76118886915451,102.34272973610665,103.84555604537356,103.5284526831926,100.14707421869122,64.48907798220047,54.77369464560288,50.745742286484116,55.68418178961223,72.09462194325812
120.0,120.0,120.0,120.0,120.0,120.0,120.0,120.0,120.0,120.0,10.001663180790452,10.001099987650973,10.001205567296918,57.21231400427948,97.19670990004064,99.91835968614762,101.8655032370279,103.21429174369064,103.88359517614342,100.25546380075278,64.61197878469608,54.754798321874176,50.63076565248543,55.670029179891856,72.10267358280419
120.0,120.0,120.0,120.0,120.0,120.0,120.0,120.0,120.0,120.0,10.00166862070191,10.001191887119518,10.001271774352798,63.44880807391831,98.33821020828499,101.01690026675337,101.92134902812569,102.93683538037156,103.40983994496976,100.50595373010846,64.65942969203113,54.880149357256194,50.61973349941125,55.602406935539044,72.08941636024821
120.0,120.0,120.0,120.0,120.0,120.0,120.0,120.0,120.0,120.0,10.001686264647667,10.00125141359419,10.001397144435632,68.34798547375696,96.7968813803434,101.93657218779379,102.62378062484798,102.96444559847569,103.27232554900988,100.17215576508363,64.88657911297565,54.890851332656375,50.71558159853799,55.59782776937799,72.04419124001446
120.0,120.0,120.0,120.0,120.0,120.0,120.0,120.0,120.0,120.0,10.001743662500742,10.001279515656654,10.0015251099006,65.74981268375981,96.00382617168529,100.84988600437184,103.30685671440008,103.39995305442605,103.29390436300785,100.10677098276788,64.5221739721212,54.9400035258689,50.73166717996494,55.66377020257054,72.0472393359477
120.0,120.0,120.0,120.0,120.0,120.0,120.0,120.0,120.0,120.0,10.001844698958545,10.001306475004583,10.001610870120139,60.89369849377949,96.47342834434599,100.15684561445491,102.51744677267351,103.89915761313901,103.54682596386178,100.14740980567403,64.45697726859241,54.73392059430125,50.72265920024977,55.67817430304949,72.09343913809262
120.0,120.0,120.0,120.0,120.0,120.0,120.0,120.0,120.0,120.0,10.001327058816814,10.000905544488548,10.001018823793736,68.51176458111114,98.03353681056602,100.27037246988056,102.04273409124912,103.30562896517232,103.91052326867882,100.26169683972878,64.57653037862106,54.69956027730736,50.59896848631285,55.66121804232957,72.10157778995179
120.0,120.0,120.0,120.0,120.0,120.0,120.0,120.0,120.0,120.0,10.00135656824696,10.000984034556984,10.001075257884501,75.7639827296315,99.14968877436917,101.31440335356241,102.06535693542958,103.01699369114084,103.45800706053129,100.51899190335708,64.63631415960249,54.819536326774596,50.57362599627808,55.586287741805734,72.08710045019363
120.0,120.0,120.0,120.0,120.0,120.0,120.0,120.0,120.0,120.0,10.001410888213771,10.001040791014432,10.00118195341508,81.79378471137244,97.83336788545333,102.24675474908074,102.74847672650628,103.02061506675665,103.30470519064907,100.19673838737235,64.87299305284762,54.83701264452727,50.66179109985513,55.571208379207164,72.03749554117326
120.0,120.0,120.0,120.0,120.0,120.0,120.0,120.0,120.0,120.0,10.001509857440992,10.001080643771743,10.001292846964322,79.85738966147134,97.19915693653242,101.25616853490902,103.45669321990023,103.45260745623374,103.30995081177608,100.116126079788,64.51652613769821,54.89004081438985,50.678649660950306,55.63088376860154,72.03433804744363
120.0,120.0,120.0,120.0,120.0,120.0,120.0,120.0,120.0,120.0,10.001655838871981,10.001133068764235,10.00137125577865,74.99540176145176,97.70784329863915,100.64249571209015,102.70714222592174,103.977653245091,103.56631736806663,100.1459304319876,64.4278692062404,54.68225774523889,50.66882932187247,55.64432398163624,72.07746368959451
120.0,120.0,120.0,120.0,120.0,120.0,120.0,120.0,120.0,120.0,10.006628385351197,10.003529592086856,10.004700351107607,88.35547552332363,99.1964547872897,100.80021103093094,102.26830734873157,103.39713014627641,103.95227653832697,100.26725191752604,64.53238110391652,54.62877987659066,50.53916251570694,55.6252770876622,72.08578983443064
120.0,120.0,120.0,120.0,120.0,120.0,120.0,120.0,120.0,120.0,10.008111743724497,10.004207760166071,10.00712744775761,90.62439646250918,100.17516515309276,101.85413702714683,102.32798443559376,103.12361556526817,103.4991915118122,100.54222576850796,64.6050189889137,54.735964734585046,50.49831800342917,55.54453423835495,72.07036005781076
120.0,120.0,120.0,120.0,120.0,120.0,120.0,120.0,120.0,120.0,10.009164559251031,10.005549553061151,10.005206032965967,92.48179016201593,98.16570106061936,102.72514213128345,103.04887856339568,103.15863228632499,103.35155423904808,100.21221066110151,64.86485096920579,54.760233014511506,50.57509153767716,55.518379699011234,72.01713140560376
120.0,120.0,120.0,120.0,120.0,120.0,120.0,120.0,120.0,120.0,10.009797842292066,10.006677637482657,10.011225407595791,93.78956846224177,99.12228269768372,100.95107665820237,103.73587870822941,103.63420284491538,103.38428767526189,100.13214721568944,64.49042066361272,54.82467208810695,50.593194711837235,55.56987802013285,72.00719255586294
120.0,120.0,120.0,120.0,120.0,120.0,120.0,120.0,120.0,120.0,10.010149608311314,10.007536539952449,10.026825533460828,94.27336689321,100.01680718328991,101.69065876908915,102.27072081436658,104.1571824679792,103.68155663742655,100.18880714609783,64.39154596340724,54.60061299071905,50.587044049189224,55.583094561978115,72.04611909252563
120.0,120.0,120.0,120.0,120.0,120.0,120.0,120.0,120.0,120.0,10.007922140422613,10.004870394114752,19.3040179190147,94.62078321468356,100.29499379348454,102.30625676950734,102.95554973642788,102.96085937926635,104.07441753064866,100.3485863899401,64.53343039284584,54.530689986813215,50.44436425979936,55.56490018855797,72.05541425147791
120.0,120.0,120.0,120.0,120.0,120.0,120.0,120.0,120.0,120.0,10.008155422808157,10.005504892689451,22.23242844938133,94.9192905043576,100.68419872317337,102.40449458154086,103.37701408430449,103.62776367966222,103.10619988743228,100.63717505589902,64.66419776984988,54.65376257232227,50.38761697830381,55.474893600344714,72.04100014069708
120.0,120.0,120.0,120.0,120.0,120.0,120.0,120.0,120.0,120.0,10.0079144939104,10.006464292142612,23.28253819374671,92.63581109328592,100.99350556030218,102.81597620189946,103.33296793629543,103.9066574271013,103.74641329733309,99.88294069894732,64.95435974205961,54.70916457048567,50.46675589194345,55.43725204336259,71.9820385957841
120.0,120.0,120.0,120.0,120.0,120.0,120.0,120.0,120.0,120.0,10.007787740380344,10.00711832610737,17.712800955558567,91.55370045554307,99.5260950154994,103.12648924172454,103.76415740865335,103.75567962622677,103.92494305001564,100.4328743859235,64.04559825490342,54.789648336469945,50.496034292603916,55.48772090441614,71.96546162540837
120.0,120.0,120.0,120.0,120.0,120.0,120.0,120.0,120.0,120.0,10.008078151865856,10.007291003057937,15.250957350154627,92.11496133900404,98.6651993315601,102.10991822218645,104.0601517400322,104.20679144248432,103.69987942966885,100.62689086169796,64.67433075209301,54.285126760248225,50.49144747524502,55.503981742118135,72.00435652534404
120.0,120.0,120.0,120.0,120.0,120.0,120.0,120.0,120.0,120.0,10.006755684736776,10.00431675084129,28.558072579192118,94.45267854842801,98.75530999045871,101.52379789357201,103.31373542437863,104.47441989541909,104.16426270998913,100.3152606053731,65.1149831808684,54.57214083224237,50.211388655489756,55.48150985661882,72.01502118190517
120.0,120.0,120.0,120.0,120.0,120.0,120.0,120.0,120.0,120.0,10.007230895527684,10.004945567791053,30.26325985720402,95.96355518699693,100.08170273087181,101.47800458848303,102.95179496419966,103.90319509404958,104.40457444827395,100.76713883765362,64.57031248111522,54.910785899035965,50.320667771092054,55.31918559617154,71.99626610326487
120.0,120.0,120.0,120.0,120.0,120.0,120.0,120.0,120.0,120.0,10.00705837217305,10.005809255401356,30.142805205690124,92.7497209828404,101.11147159817266,102.2510562642207,102.86725100386982,103.72211954438099,103.95153390253827,101.07786519242316,65.1041849744625,54.549689201219884,50.52328433431837,55.36937555157316,71.89496034325745
120.0,120.0,120.0,120.0,120.0,120.0,120.0,120.0,120.0,120.0,10.006842574459135,10.006310902180465,22.320958135771477,91.52342171136121,99.15305467646252,102.93787773125784,103.3064847474938,103.63317787709636,103.91148386124014,100.71098219029051,65.78134050082495,54.73635411217942,50.308658411338364,55.48556853328022,71.93938082118208
120.0,120.0,120.0,120.0,120.0,120.0,120.0,120.0,120.0,120.0,10.006955362029734,10.006395896084051,19.492862627551226,92.72353658748271,98.2542206801597,101.61000373614222,103.76273079492215,103.85723486263845,103.83865178209822,100.75903506347021,65.40501654971838,55.21491957306541,50.319233067260726,55.34830212972471,72.00815031183227
120.0,120.0,120.0,120.0,120.0,120.0,120.0,120.0,120.0,120.0,10.005653595928736,10.003748688157419,33.36950623529889,95.66200193194817,98.78931127460514,101.05786822426718,102.79616720394733,104.16004952010684,103.91950204912536,100.77455698155785,65.52175217098014,55.08019879798748,50.563688639053616,55.315688518648805,71.91281219971647
120.0,120.0,120.0,120.0,120.0,120.0,120.0,120.0,120.0,120.0,10.006070773490192,10.004207354648656,36.016418806069765,97.12987632493696,100.56837259048189,101.33804975954097,102.49309851534316,103.42586177566727,104.12258547536183,100.7525095537765,65.77201144539848,55.15898575976181,50.49488083325975,55.431754114483255,71.89252237836097
120.0,120.0,120.0,120.0,120.0,120.0,120.0,120.0,120.0,120.0,10.00595707055245,10.00488646542552,37.03944947280392,93.71327719995364,101.68909398493867,102.42832101532474,102.65017965318522,103.29112158446537,103.55614832773773,100.8826424921281,65.73458410113588,55.46136493554154,50.499702712176884,55.36591417930463,71.95190961394867
120.0,120.0,120.0,120.0,120.0,120.0,120.0,120.0,120.0,120.0,10.00575820639396,10.005333840528522,29.660487238108423,92.23980238337812,99.65088862058472,103.23719647458097,103.30646549751202,103.37704409351886,103.52405659857212,100.46975432443116,65.84143580445273,55.531322088809716,50.701327159639,55.32781361820522,71.88879815087878
120.0,120.0,120.0,120.0,120.0,120.0,120.0,120.0,120.0,120.0,10.005789212543768,10.005458699583173,25.981716828926704,93.2656924707768,98.58336485073042,101.90721008026604,103.88657722073205,103.74525648525105,103.56423745192089,100.46830988929243,65.40235976753915,55.585197528630495,50.78754854861579,55.429597492692494,71.8540555104873
120.0,120.0,120.0,120.0,120.0,120.0,120.0,120.0,120.0,120.0,10.004595260402294,10.003180555326779,39.348734803158465,96.05202055265025,98.98988492489381,101.25927013253656,102.96603809473143,104.16173637007915,103.73857318793962,100.49114792746784,65.42045502360574,55.41436723051231,50.81386987525413,55.47158303428784,71.90552057412906
120.0,120.0,120.0,120.0,120.0,120.0,120.0,120.0,120.0,120.0,10.005023086960007,10.003484520283942,43.591136234323315,97.55149091882282,100.6902364860456,101.45610776626084,102.62183828940292,103.50097282136797,104.03825035605365,100.50987264258009,65.49489617017159,55.49056688707965,50.75524822497971,55.464740913578375,71.91366052263723
120.0,120.0,120.0,120.0,120.0,120.0,120.0,120.0,120.0,120.0,10.004994012772416,10.003999209874848,46.077513510155995,94.57953465079575,101.82536487297178,102.4988356532559,102.73264494927477,103.3631985794974,103.55499062729345,100.71343443034537,65.37673787304823,55.62260604402301,50.84084464078678,55.428469953137004,71.8932452794391
120.0,120.0,120.0,120.0,120.0,120.0,120.0,120.0,120.0,120.0,10.004786521170189,10.00442624421661,39.49253275577366,93.20803672571309,99.97836834936615,103.31039920525183,103.36136304211796,103.43249363639092,103.54413365205653,100.37750346573172,65.5225332375762,55.53996535875011,50.97993354928978,55.48604661786117,71.86031179775631
120.0,120.0,120.0,120.0,120.0,120.0,120.0,120.0,120.0,120.0,10.004693712128471,10.00464195264077,34.63092246614547,94.06357451738317,98.9359641528649,102.07121399910622,103.93890018838871,103.78959397738754,103.59065878692766,100.41037450636108,65.1583378693124,55.54720239822289,50.96987307014581,55.58592484343406,71.89603267327072
120.0,120.0,120.0,120.0,120.0,120.0,120.0,120.0,120.0,120.0,10.00360487337776,10.0026810865065,46.79415602294517,96.58490764645829,99.24029926605967,101.41447173060145,103.06174129123136,104.20321661290576,103.7681025443347,100.45987012455272,65.2116019199493,55.364347832601354,50.959678373518,55.59443974461083,71.9564939227084
120.0,120.0,120.0,120.0,120.0,120.0,120.0,120.0,120.0,120.0,10.003907240912156,10.002892823346533,52.34663963154559,98.06736306621114,100.82958794723866,101.54644779107723,102.69477450014526,103.56223292891298,104.06793275328346,100.5002200079224,65.33176687189982,55.4094106949776,50.879818964348814,55.588950909857985,71.95676041720816
120.0,120.0,120.0,120.0,120.0,120.0,120.0,120.0,120.0,120.0,10.003921819146804,10.00326636151269,56.08352154306615,95.58199013071194,101.97947358807856,102.54081763712111,102.76330672568115,103.39756569002425,103.593919549573,100.71281851227307,65.26822075521089,55.53206094470811,50.92233958040722,55.55620037045046,71.9498027980711
120.0,120.0,120.0,120.0,120.0,120.0,120.0,120.0,120.0,120.0,10.003815792233885,10.00357931684425,50.380267622349535,94.39553740216091,100.3612749640571,103.3725936350856,103.37115824434979,103.43940016134529,103.55792907224294,100.38600984116201,65.44358344955836,55.467319177867154,51.02826213665988,55.59371975161673,71.92852893308374
120.0,120.0,120.0,120.0,120.0,120.0,120.0,120.0,120.0,120.0,10.003785067924007,10.00372930485866,44.94389871853972,95.13989045175364,99.41322545298479,102.2540214257767,103.96618088497668,103.78836031818221,103.58745957120544,100.40257394851447,65.09794453296597,55.48442257290431,51.00771885463868,55.67322915422618,71.95842247692603
120.0,120.0,120.0,120.0,120.0,120.0,120.0,120.0,120.0,120.0,10.002797450032341,10.002174822194194,56.51174762156278,97.40252545218951,99.669450853457,101.64118987585822,103.15533708391249,104.21445353949184,103.7629685790016,100.44443607249072,65.14002785121583,55.30247275840958,50.9870424071184,55.67285097059282,72.01120524357349
120.0,120.0,120.0,120.0,120.0,120.0,120.0,120.0,120.0,120.0,10.003019093728883,10.002317289296425,63.972838295225905,98.75591555630606,101.15700896665092,101.75279301627809,102.80631820812272,103.60922499393281,104.07041679107446,100.4878878906201,65.26055528001031,55.33656478935767,50.89109124998916,55.65660369026537,72.0090367650596
120.0,120.0,120.0,120.0,120.0,120.0,120.0,120.0,120.0,120.0,10.003031961652647,10.002597454127711,69.50221448140677,96.56474239657159,102.25269741650746,102.71410821847905,102.86973724281788,103.44913325397141,103.61420075894522,100.70436677470666,65.21156476139495,55.459100930828,50.91444265642422,55.607555706420364,71.99672724753933
120.0,120.0,120.0,120.0,120.0,120.0,120.0,120.0,120.0,120.0,10.002946711028036,10.002853547820376,64.59762589430467,95.53305046048712,100.72454341118804,103.52669963213647,103.47532298324359,103.49473327009034,103.57635842728631,100.3843232282136,65.39319833180414,55.40578124723745,51.010961973310046,55.62733670898587,71.96573136600733
120.0,120.0,120.0,120.0,120.0,120.0,120.0,120.0,120.0,120.0,10.00291467381658,10.00298203148523,57.903760058131,96.26698756561305,99.80962179306665,102.42666335598224,104.06726572672815,103.85502089999132,103.6145970857675,100.3971240554872,65.04747602461056,55.42641401123409,50.99078923968713,55.69581835546102,71.98488463002796
120.0,120.0,120.0,120.0,120.0,120.0,120.0,120.0,120.0,120.0,10.00210368473166,10.001798653088482,68.45763099095235,98.41160393446302,100.05446783433793,101.79646269521393,103.24815385249775,104.28521538817897,103.80671234990974,100.45099413989476,65.07964595697423,55.23753682211114,50.966901576911944,55.691064182373296,72.03148562962657
120.0,120.0,120.0,120.0,120.0,120.0,120.0,120.0,120.0,120.0,10.002244964647549,10.001926827503532,77.24681355258434,99.73251615997904,101.53609225623424,101.89395973863785,102.86448326038929,103.66254680133706,104.12118154992541,100.51459887890174,65.21893137337044,55.25853685671552,50.85984558755167,55.668774687610686,72.02718610067888
120.0,120.0,120.0,120.0,120.0,120.0,120.0,120.0,120.0,120.0,10.002314014981138,10.002162354806806,84.06466843519894,97.8238250798131,102.66863663785601,102.88403341296085,102.91437314892339,103.46526189134026,103.64616453788437,100.74045169676198,65.20639053335725,55.38752645691785,50.86827000072266,55.60888619328912,72.01127269961549
120.0,120.0,120.0,120.0,120.0,120.0,120.0,120.0,120.0,120.0,10.002391313557483,10.00238101782206,80.12000957682592,97.0210589492805,101.25438050959181,103.75127196455408,103.55443463871484,103.49955400947188,103.57500411212825,100.40471283081483,65.40867639745755,55.355515329780005,50.96116068227443,55.61597431878688,71.97347254684983
120.0,120.0,120.0,120.0,120.0,120.0,120.0,120.0,120.0,120.0,10.00257322328803,10.002530521163417,74.52027533248004,97.81069414542536,100.46854322447513,102.69640005852598,104.19873518220874,103.88993353371619,103.60452735097293,100.3907960960861,65.04615253032861,55.388540052598,50.94711811365656,55.67848040861604,71.98490040090678
120.0,120.0,120.0,120.0,120.0,120.0,120.0,120.0,120.0,120.0,10.012284451790167,12.514321151319898,89.43635127971797,99.76369778410786,100.79302192202732,102.1388179276958,103.39400726633569,104.36330413739725,103.81957611905031,100.43841923635885,65.0458141958814,55.18998584504291,50.92461478507911,55.67333165363024,72.02824145021472
120.0,120.0,120.0,120.0,120.0,120.0,120.0,120.0,120.0,120.0,10.014062765382306,12.941773122029334,91.21046635722635,100.69912999472217,102.2229166795201,102.30975599190783,103.05595180019687,103.74010648504138,104.16674149625736,100.51762762366432,65.17891401019264,55.193537133842476,50.80710428485245,55.64735807514314,72.02362344848927
120.0,120.0,120.0,120.0,120.0,120.0,120.0,120.0,120.0,120.0,10.018097634714175,10.01703254809269,92.57372044572863,98.41995164904262,103.09370811866951,103.30650429979958,103.1708472758457,103.57565790446887,103.6840455863849,100.76588920136344,65.18398962461939,55.32195588866949,50.80282209060376,55.57707490189156,72.0045348156031
120.0,120.0,120.0,120.0,120.0,120.0,120.0,120.0,120.0,120.0,10.017704373810622,10.472985620401124,93.5856070214364,99.12541773732666,101.1086919027961,103.99957709177106,103.83870095380095,103.66713958566154,103.63939959888764,100.41964891518758,65.40857547844486,55.30076476168738,50.89484423305406,55.573913302881486,71.95929668647518
120.0,120.0,120.0,120.0,120.0,120.0,120.0,120.0,120.0,120.0,10.01691303106443,12.415278373089182,94.9498891306145,99.78630571038778,101.71926665401617,102.38232598440784,104.36542840044152,104.09025748137235,103.71916911079192,100.42853666569835,65.02597076094365,55.341389331082446,50.88662649616135,55.63465600150653,71.9642594370487
120.0,120.0,120.0,120.0,120.0,120.0,120.0,120.0,120.0,120.0,10.010153753141152,27.08237351364182,95.67999127201728,100.550732037886,102.15345068137297,103.01557116890996,103.06427958825334,104.48408946395914,103.96548586040757,100.52511110021634,65.05105483155224,55.1244823138172,50.86516240142637,55.632117357438325,72.00726444169561
120.0,120.0,120.0,120.0,120.0,120.0,120.0,120.0,120.0,120.0,10.013468558192825,30.914132635829606,95.4463187939892,101.17401145287982,102.54840674825117,103.29005996762577,103.73066124217047,103.44425363894071,104.25989844856211,100.63632762355365,65.26071536593045,55.134115001707855,50.73280311056827,55.60496012268631,72.00486608934867
120.0,120.0,120.0,120.0,120.0,120.0,120.0,120.0,120.0,120.0,10.017866044721291,30.265587909011604,91.64466931506577,101.19865257542584,103.09734608090612,103.43843297532355,103.88661645922181,104.1233620395526,103.43821485215851,100.85456527558264,65.32280382486285,55.30580398583323,50.72458607744429,55.523910179153425,71.98493459497857
120.0,120.0,120.0,120.0,120.0,120.0,120.0,120.0,120.0,120.0,10.019471791305861,17.799143533452018,90.50083171575642,98.6174091772175,103.22711852856415,103.94570080210325,103.86493055366697,104.18899362392327,104.09712476846371,100.2386219927331,65.53065155116683,55.31916259487442,50.8341516400682,55.51541339914111,71.93264094748017
120.0,120.0,120.0,120.0,120.0,120.0,120.0,120.0,120.0,120.0,10.018151910522427,13.35390153305279,92.33855192774308,97.46372135413353,101.40454878426122,104.11261705655885,104.35412925519029,104.05367847823041,104.10181458369624,100.81790600968775,64.82128775123587,55.35637274436794,50.8385535704897,55.582402460864344,71.93432417111096
120.0,120.0,120.0,120.0,120.0,120.0,120.0,120.0,120.0,120.0,10.009664284558076,32.84127065236369,96.45535363922521,98.28134238981903,100.54330763880381,102.77397741461553,104.52069358100039,104.5389738593677,103.89569037043458,100.85974659499857,65.55132093862817,54.9797970589883,50.80961987103169,55.58145000635099,71.98040876095482
120.0,120.0,120.0,120.0,120.0,120.0,120.0,120.0,120.0,120.0,10.011599470287239,34.74791882205172,98.57845827878648,100.86401799725915,100.92266213021948,102.19207051330879,103.51083842119012,104.6820735482347,104.37950063689091,100.56882821961587,65.79252480720689,55.36546963794062,50.602414738181544,55.54350578979638,71.97644849839901
120.0,120.0,120.0,120.0,120.0,120.0,120.0,120.0,120.0,120.0,10.014039551826249,36.430084043903534,93.99096108055478,102.48885659109943,102.5394628311081,102.35291065791837,103.16482317824412,103.90631094321252,104.49683612864258,101.04658662928394,65.25772432727868,55.607167215444015,50.780391329352575,55.42205092499227,71.94686352991357
120.0,120.0,120.0,120.0,120.0,120.0,120.0,120.0,120.0,120.0,10.014850619524667,25.885795765933292,91.85560165170807,99.80095782353413,103.70684615116227,103.34565262834413,103.20482056010877,103.75186248326858,103.88851118607235,101.22534726623287,65.8779773013359,55.24793549795788,50.94057975619628,55.511152958906386,71.87034299957799
120.0,120.0,120.0,120.0,120.0,120.0,120.0,120.0,120.0,120.0,10.014204704362314,21.708397778194943,93.1470912149641,98.22889752633068,101.97003617774229,104.16675051014339,103.77827013279814,103.72109338335859,103.88172118578954,100.723530647475,66.3628452730636,55.528051180887026,50.726564638595256,55.601457483398676,71.93387201155103
120.0,120.0,120.0,120.0,120.0,120.0,120.0,120.0,120.0,120.0,10.007704715779456,41.57734246501045,96.99018818741125,98.73472385756988,100.99919962586638,102.96862773512072,104.34659035941107,104.0092899918772,103.81560051646409,100.80368854851348,65.7587120848936,55.92182642550786,50.80970153374128,55.46252432550789,71.98105739921021
120.0,120.0,120.0,120.0,120.0,120.0,120.0,120.0,120.0,120.0,10.009123638807052,46.37191968469233,99.00844658474655,101.1326938825818,101.25047810909905,102.43906256099599,103.48266260765838,104.39945462184996,103.90847480715142,100.781020720872,65.91287802471012,55.644985493221036,51.034563013947896,55.47693269586335,71.88340041251064
120.0,120.0,120.0,120.0,120.0,120.0,120.0,120.0,120.0,120.0,10.011120483704573,49.92674844958904,95.06094274834585,102.64174401947608,102.74995751436118,102.58987099096817,103.25677941293502,103.75609622747054,104.17824152122257,100.70963621239234,66.06980812987749,55.757453776618036,50.900675304442004,55.59010001059469,71.8909476178416
120.0,120.0,120.0,120.0,120.0,120.0,120.0,120.0,120.0,120.0,10.012081710514211,39.482495961472715,93.306848444359,100.12487060010585,103.81940002202406,103.51567398579847,103.35819094534278,103.72560010842,103.69088297750284,100.88236002929408,65.84337721637813,56.014577541278385,50.94613598651213,55.4953227856397,71.94600814732915
120.0,120.0,120.0,120.0,120.0,120.0,120.0,120.0,120.0,120.0,10.011720457403388,32.30792670113813,94.56690905362242,98.67864185389661,102.10250000515836,104.26734158507799,103.90348764217109,103.79651817089781,103.7692971162825,100.5374900428274,65.93234741279909,55.9145126508941,51.15627152171566,55.49631046298824,71.86796257665314
120.0,120.0,120.0,120.0,120.0,120.0,120.0,120.0,120.0,120.0,10.00626980586541,50.61581666204777,98.05188646049635,99.18617515923913,101.14707291174386,103.03827039447351,104.43302842823935,104.08620337771521,103.81867862923099,100.6357813004891,65.56432992929787,55.89156012276609,51.151973184828954,55.62539350423211,71.86497144513089
120.0,120.0,120.0,120.0,120.0,120.0,120.0,120.0,120.0,120.0,10.00703915191762,58.432102405469905,99.9473220687373,101.52385712187318,101.39981113234262,102.47742954564451,103.52815820500362,104.46421699834795,103.93875883556443,100.68560608758158,65.70141739484727,55.72549797650823,51.121247295851845,55.63072834557606,71.93859100224677
120.0,120.0,120.0,120.0,120.0,120.0,120.0,120.0,120.0,120.0,10.008284794513148,65.15488874565322,96.6325440522057,103.05384706456712,102.92857896708007,102.62555887930732,103.25428800271865,103.78812226099669,104.21487985645383,100.67422769707973,65.82357199944263,55.83309228068832,51.05701632885919,55.60245335650185,71.93023838710633
120.0,120.0,120.0,120.0,120.0,120.0,120.0,120.0,120.0,120.0,10.009068275655848,57.204220385054576,95.12019911653785,100.80166027671599,104.05880145297708,103.60135157581526,103.35020700408585,103.70864147673761,103.70793989558837,100.87352002105355,65.68048338999442,55.963126131039274,51.14327362095478,55.575236164885645,71.90621441067066
120.0,120.0,120.0,120.0,120.0,120.0,120.0,120.0,120.0,120.0,10.00906556113305,48.9525344461221,96.22844218423991,99.43631039720384,102.46773932431947,104.41814468111548,103.94318401480822,103.7735353561911,103.74554622199506,100.52039478305656,65.84197267727055,55.847775750190216,51.257775609558784,55.63736610949113,71.88765716262961
120.0,120.0,120.0,120.0,120.0,120.0,120.0,120.0,120.0,120.0,10.00498501314555,64.57681826409778,99.28228546304138,99.8399783919675,101.51868407667251,103.25270862984726,104.52911912353052,104.10187479337408,103.7907879487509,100.5919376422473,65.47104078413605,55.85941479514506,51.20805445129631,55.71966414520428,71.9314315917293
120.0,120.0,120.0,120.0,120.0,120.0,120.0,120.0,120.0,120.0,10.005345573885418,74.56089367299376,100.92245204396784,102.00072079577647,101.69905021317899,102.67134310902935,103.65604267381264,104.5235951019952,103.9399653748453,100.64443817677974,65.57512175381603,55.67806823820904,51.18506443811474,55.69980306573969,71.98289213485974
120.0,120.0,120.0,120.0,120.0,120.0,120.0,120.0,120.0,120.0,10.005983723722895,82.84001363954116,98.38207878551974,103.41752487336673,103.1649047724479,102.77324466740019,103.35609456207693,103.86179990652033,104.24764793593555,100.65597017929028,65.71053266528494,55.748830636625414,51.09968458145847,55.681836891270564,71.96652315386036
120.0,120.0,120.0,120.0,120.0,120.0,120.0,120.0,120.0,120.0,10.006471979793265,77.65403254227351,97.49882372985003,101.5034767539415,104.24710080207285,103.73473178340964,103.42655570211126,103.75953841989742,103.74571354649206,100.87651059643822,65.60221568676228,55.881024921378064,51.14782341551115,55.64266033334511,71.95333588483776
120.0,120.0,120.0,120.0,120.0,120.0,120.0,120.0,120.0,120.0,10.006876039657662,73.24123658257382,98.68520947994428,100.54749396746966,102.81086723879756,104.53129693084672,104.02523047756779,103.81429642866199,103.76687022237554,100.52513889414656,65.78442114904603,55.78421094352426,51.25237121032795,55.678525333758344,71.92935761405326
120.0,120.0,120.0,120.0,120.0,120.0,120.0,120.0,120.0,120.0,18.373652450570475,90.62684054011538,101.11388808860181,101.11800010701035,102.1141687999852,103.43556589113498,104.60246282562397,104.1554417989429,103.81246423648868,100.58894818741749,65.41009590597922,55.79712419600236,51.206700968494076,55.75249189383807,71.95911691216291
120.0,120.0,120.0,120.0,120.0,120.0,120.0,120.0,120.0,120.0,20.6031277066037,95.05194442407279,101.92312543727093,102.96536065092668,102.44947554617477,103.0133290647826,103.75671705749339,104.57290453669889,103.97596834553211,100.65085320244154,65.50928831055197,55.60023235796032,51.17443849780791,55.73320179496264,72.00813091603848
120.0,120.0,120.0,120.0,120.0,120.0,120.0,120.0,120.0,120.0,10.032668571252733,96.03054626518806,99.74888944061556,103.74571279675321,103.76712572454464,103.24451548704582,103.56017018852353,103.91725265469302,104.28115204767724,100.67801750601022,65.67003107942644,55.66143445847246,51.06736438464964,55.70573147603925,71.9937466235951
120.0,120.0,120.0,120.0,120.0,120.0,120.0,120.0,120.0,120.0,10.417744010972031,97.11344015208313,99.84116963728124,101.70604622478132,104.3913813902797,104.14060563591424,103.73508493995635,103.88435213570628,103.7756033762562,100.89757772745428,65.59238138912322,55.80894904016023,51.09948976236936,55.64834129027584,71.97505542412546
120.0,120.0,120.0,120.0,120.0,120.0,120.0,120.0,120.0,120.0,14.816484209554288,99.70489516569427,100.55899638279199,101.7174171851773,102.67631589149362,104.60943388641508,104.30955760896832,104.02203579883654,103.84504194144253,100.53954574813797,65.77809733188911,55.732131602388364,51.20537952186659,55.66994869444376,71.93979744006093
120.0,120.0,120.0,120.0,120.0,120.0,120.0,120.0,120.0,120.0,37.6063752012348,100.90561983905779,102.45580749214734,102.21438582453422,102.79313766697616,103.21267150417641,104.65344848446267,104.35883304041748,103.95606532179117,100.6399944772612,65.39300439388931,55.74678426971195,51.165352475513195,55.74040955962597,71.96117073999577
120.0,120.0,120.0,120.0,120.0,120.0,120.0,120.0,120.0,120.0,45.70870817972389,100.64204214949237,103.53254546930528,103.51470512023992,103.13198504380034,103.45747994889611,103.53558029749419,104.61202663829063,104.12459507627625,100.75837761744054,65.53688602953383,55.54088635730386,51.12826568742898,55.71996241981671,72.00861047295095
120.0,120.0,120.0,120.0,120.0,120.0,120.0,120.0,120.0,120.0,52.30837702073699,97.4791806770172,103.56572100859874,104.40838358733708,103.97240375691378,103.67607129039939,103.88170110742907,103.73039393908108,104.316452859588,100.79973988745027,65.77942281985338,55.62254604423415,51.010083360052434,55.6849016064045,71.99336124424194
120.0,120.0,120.0,120.0,120.0,120.0,120.0,120.0,120.0,120.0,40.23703977616925,97.38163572441847,100.72517767445602,104.5997734094186,104.70632502927019,104.1679671417142,104.00426723611308,104.13641070790226,103.6326527180506,100.94680330019855,65.73833598260907,55.81429928061493,51.04596941503425,55.61659466441752,71.96918719394758
120.0,120.0,120.0,120.0,120.0,120.0,120.0,120.0,120.0,120.0,31.41121288284762,99.59093207231666,99.81052904764073,102.31986177585492,104.97435960498579,104.7785754132289,104.2403969082366,104.18358662454116,104.05456196514672,100.45241158023066,65.8615273463029,55.75975335682771,51.16765546119908,55.63556803860915,71.92652228153314
120.0,120.0,120.0,120.0,120.0,120.0,120.0,120.0,120.0,120.0,48.042057391821224,102.88114164645843,101.0159614961641,101.36532682190374,103.19473049747836,105.071824440123,104.76227714612622,104.24025370135736,104.04958247472042,100.8296380279046,65.32266599857634,55.75178014386957,51.130940220673025,55.70883434256333,71.9456721784514
120.0,120.0,120.0,120.0,120.0,120.0,120.0,120.0,120.0,120.0,60.97982935265677,104.22812028523099,103.8241961113787,102.02815356779803,102.41445009365154,103.69906998008345,105.04512870751269,104.70063585743934,103.98720251899529,100.83822363380435,65.81106551796564,55.484249726894745,51.077818563248925,55.68223112455584,71.99299670611914
120.0,120.0,120.0,120.0,120.0,120.0,120.0,120.0,120.0,120.0,76.60521749889247,102.43703533074422,105.298376647666,104.16585483926785,102.77253867628365,103.1446138129663,103.99418166437076,104.9508350734582,104.40345128455495,100.66371794169248,65.9357316236736,55.76244202139653,50.935594261572476,55.63128639829278,71.97067129271967
120.0,120.0,120.0,120.0,120.0,120.0,120.0,120.0,120.0,120.0,85.32322098780149,101.82483679715142,103.78648540069831,105.45161518217272,104.29205879845333,103.32318813935832,103.65593437230353,104.14807804730818,104.61579342703348,101.04351531524333,65.54139619297673,55.91027011688858,51.07722190063328,55.549399282034464,71.93407293927837
120.0,120.0,120.0,120.0,120.0,120.0,120.0,120.0,120.0,120.0,93.83859957693846,102.65740985427735,102.87127417692587,104.27791102654648,105.3171199043685,104.3356700336405,103.72639496392728,103.99480498848104,103.99912642473569,101.28061043213637,65.99449457742946,55.62159451430092,51.18706897340638,55.625821602857066,71.88369479926324
120.0,120.0,120.0,120.0,120.0,120.0,120.0,120.0,120.0,120.0,104.68567438983447,104.29664139710026,103.0401916670974,103.50545435086111,104.42479253078407,105.10925127136782,104.34789557614445,104.00008563612116,103.98954935133709,100.80002147906251,66.46856532443734,55.79728534078546,51.01471646505358,55.692306317752895,71.93901631048034
120.0,120.0,120.0,120.0,120.0,120.0,120.0,120.0,120.0,120.0,106.78182129628664,105.13779778686984,104.12780726072572,103.41708368616955,103.90239857943521,104.4320145869321,104.90970107678771,104.3336001405459,103.96157847787063,100.87083698375014,65.91350962890148,56.120204279797946,51.05203234011091,55.58518954323609,71.97607596597136
120.0,120.0,120.0,120.0,120.0,120.0,120.0,120.0,120.0,120.0,107.81330755378704,105.81528289996014,104.72353649929804,104.07408731158445,103.74621227913326,104.15502241332045,104.39363785131022,104.73363862151535,104.09076613698033,100.88108704422167,66.05121071604322,55.85235438044144,51.2174718624292,55.58438196463517,71.90338662727449
120.0,120.0,120.0,120.0,120.0,120.0,120.0,120.0,120.0,120.0,108.07496779013681,107.28079358648648,105.11055447729211,104.41772483476116,104.07993958332679,104.00601189015292,104.31244057898915,104.3359683589047,104.37529681741545,100.84308377834037,66.23365831250119,55.94491560210441,51.075510427525295,55.664327952537896,71.90374368590885
120.0,120.0,120.0,120.0,120.0,120.0,120.0,120.0,120.0,120.0,108.2216470431464,107.69268780383214,106.75353834080754,104.62339854823345,104.22912634945449,104.11165713332528,104.19477982120542,104.38998830700085,104.06903142103916,101.0333750903172,66.04974771283767,56.19053997962753,51.10494315437574,55.567336823173534,71.94313961836117
120.0,120.0,120.0,120.0,120.0,120.0,120.0,120.0,120.0,120.0,108.39712907285565,107.93029425653754,107.24896056819243,106.26828709338429,104.31266568341542,104.133514948397,104.14964154584051,104.30611573986259,104.19925586290947,100.83012575912028,66.16676652172391,56.09466895691153,51.29367805723297,55.562396384484394,71.86894722552498
120.0,120.0,120.0,120.0,120.0,120.0,120.0,120.0,120.0,120.0,108.44322752467664,108.2538535915581,107.566828274233,106.77354658791968,105.84317305518688,104.13580242347984,104.10212624479853,104.16928520987545,104.1447536403812,100.97813790565428,65.97347228833428,56.0735918337742,51.27479810581685,55.677350706527804,71.86594863801156
120.0,120.0,120.0,120.0,120.0,120.0,120.0,120.0,120.0,120.0,108.47771485315985,108.33766256184047,108.05692902178356,107.15942913038265,106.30576841873629,105.48711900355828,104.05397170834024,104.0964977312096,103.9602163504879,100.96954757661163,66.20052959323121,55.98271324289648,51.22925696076016,55.67050293153586,71.93407237782078
120.0,120.0,120.0,120.0,120.0,120.0,120.0,120.0,120.0,120.0,108.51516926516413,108.40451326967181,108.18361154088093,107.81071721449706,106.73635757193838,105.87271207878425,105.1979185833651,104.01904106373513,103.88791256820082,100.75186530978587,66.28455730494302,56.13077745093531,51.18116480629114,55.6284710063602,71.92018567009788
120.0,120.0,120.0,120.0,120.0,120.0,120.0,120.0,120.0,120.0,108.5242001374749,108.47904902444878,108.29531184980898,107.97968122558291,107.52434768558759,106.32301600858807,105.49110858534951,104.95360187921425,103.796851798151,100.67623040664625,65.9365120835217,56.239772244086936,51.26495706000895,55.59934261433258,71.88834400498843
120.0,120.0,120.0,120.0,120.0,120.0,120.0,120.0,120.0,120.0,108.53368314138378,108.49661952191924,108.42231829660984,108.14729229948519,107.72964904169548,107.21023880111835,105.93841598877232,105.15460013399753,104.53570219995527,100.58785636075537,65.7697483442017,56.04202677954387,51.34614623212509,55.64501557006484,71.86728114539893
120.0,120.0,120.0,120.0,120.0,120.0,120.0,120.0,120.0,120.0,108.54222644664179,108.51559011653964,108.45116715084035,108.33960954124028,107.9599715707864,107.4406913338637,106.88081279737946,105.58074242020423,104.65903523581474,101.1380116799251,65.64164073918116,55.918799287279136,51.25105288411283,55.6915323227549,71.89596380124053
120.0,120.0,120.0,120.0,120.0,120.0,120.0,120.0,120.0,120.0,108.54414900788865,108.5330087825491,108.48599040937619,108.3834645892486,108.22767569978446,107.73676375063073,107.1232035178981,106.53522484305583,105.05256359578809,101.23233326463891,66.25290299383899,55.85941400478731,51.18278922822173,55.637677068313394,71.92046122976903
120.0,120.0,120.0,120.0,120.0,120.0,120.0,120.0,120.0,120.0,108.54667059666765,108.53677259832624,108.51729618838172,108.44139364835881,108.28951000634511,108.08447950918301,107.48261272254493,106.77636850949884,105.98616960966675,101.58423530889524,66.38112520550293,56.14307039027452,51.175699665333894,55.60215214205343,71.88255044651976
120.0,120.0,120.0,120.0,120.0,120.0,120.0,120.0,120.0,120.0,108.5486570226099,108.54217847095434,108.52399834836717,108.492444447124,108.37849818314237,108.16647193057712,107.90906634034087,107.19207947083578,106.22494551122493,102.55189823301149,66.82563012321928,56.167431931335855,51.313238504267055,55.6169304168786,71.86537580584947
120.0,120.0,120.0,120.0,120.0,120.0,120.0,120.0,120.0,120.0,108.54924363856472,108.5463867503532,108.5345372060625,108.50362855570299,108.45562048759352,108.29450124914385,108.01237277574364,107.69081847328383,106.68817083187714,102.90029650459181,68.42358600428723,56.32233956567341,51.29269437211514,55.69720283391173,71.8838389441087
120.0,120.0,120.0,120.0,120.0,120.0,120.0,120.0,120.0,120.0,108.549956928516,108.5472755310639,108.5420866822514,108.5220493696014,108.47288078362577,108.40360705401015,108.18640897107245,107.81611209188553,107.2590166525207,103.45534451614762,69.34584490555963,57.2679768921715,51.2873985082886,55.67159344003951,71.93761710397523
120.0,120.0,120.0,120.0,120.0,120.0,120.0,120.0,120.0,120.0,108.55043452034714,108.54881538572391,108.54375214503374,108.5348826891418,108.5031205287809,108.42914843466994,108.33293299408591,108.04184300618401,107.41824569357577,104.24120883598451,70.49535138614473,57.98340723191035,51.70828662270304,55.62482796049542,71.91159180577215
120.0,120.0,120.0,120.0,120.0,120.0,120.0,120.0,120.0,120.0,108.55054816009341,108.54978323059976,108.54679912930922,108.53783386383319,108.52348102073734,108.47579593016344,108.36916208931666,108.23070889486122,107.70369287275292,104.58813826187884,72.34829230138645,58.80794160776516,52.05265239565838,55.79391095088287,71.86801802199108
120.0,120.0,120.0,120.0,120.0,120.0,120.0,120.0,120.0,120.0,108.55074687692297,108.55001487128975,108.54860033685364,108.54341632071099,108.52845299861134,108.5062823675789,108.43738260733602,108.28099853595063,107.95053566894609,105.03347416650963,73.63399444788158,60.28795451978441,52.41319594062139,55.89959655295008,71.94288165590115
120.0,120.0,120.0,120.0,120.0,120.0,120.0,120.0,120.0,120.0,108.55094650238925,108.5505249186039,108.54911533501924,108.54659345557789,108.53806030467717,108.5143204132265,108.48091417235803,108.37651989173695,108.02891888114812,105.49211967236587,74.97824812030092,61.642782441775665,53.19797445682797,55.96430288580736,71.94336691640775
120.0,120.0,120.0,120.0,120.0,120.0,120.0,120.0,120.0,120.0,108.55098047996972,108.55075412481442,108.54999526341462,108.54744701043461,108.5431758326791,108.52979189651614,108.49333337742688,108.43687168915297,108.16332157985939,105.73161747988274,76.518322509793,63.06300210196972,54.0390960124715,56.254812808950525,71.89863390655344
120.0,120.0,120.0,120.0,120.0,120.0,120.0,120.0,120.0,120.0,108.55104216980433,108.55082219312952,108.55041911044351,108.54908863919043,108.54470160580041,108.5377381478445,108.5171269803819,108.45605768556715,108.2541495308779,106.00594680972337,77.67241322135813,64.79916377046122,54.95986031440992,56.582515495919914,71.97145131396354
120.0,120.0,120.0,120.0,120.0,120.0,120.0,120.0,120.0,120.0,108.55106646590842,108.55095334745617,108.55055509848773,108.54983100508014,108.54759000005345,108.54035639460184,108.52898500943509,108.49139301760799,108.29042381484825,106.24248848908873,78.79186359199643,66.41998929411702,56.1860862874825,56.93989597432598,72.03147188850484
120.0,120.0,120.0,120.0,120.0,120.0,120.0,120.0,120.0,120.0,108.55107013233444,108.55100400607797,108.55081233585129,108.55009472297753,108.54882698281601,108.54517746720192,108.53333392029623,108.50904618605124,108.34631048007884,106.38853346847168,79.87357509209544,68.03071842537659,57.504746649652866,57.496539983872275,72.08755261522988
120.0,120.0,120.0,120.0,120.0,120.0,120.0,120.0,120.0,120.0,108.55115011340916,108.55107663417519,108.55095179571349,108.55060754154393,108.54934574620836,108.54717181741874,108.54104278872693,108.51644316386354,108.37845949808242,106.54113127653713,80.72534355098941,69.69286379933367,58.918395763130775,58.15578406489047,72.24916354815922
120.0,120.0,120.0,120.0,120.0,120.0,120.0,120.0,120.0,120.0,108.55115416347039,108.55111378251088,108.55099846228076,108.55078231285853,108.55019799539203,108.54805768364128,108.544111652649,108.52852685203978,108.39545341089148,106.6623319670961,81.51616449638107,71.21500191294167,60.49830624754408,58.91466001088416,72.45377701499658
120.0,120.0,120.0,120.0,120.0,120.0,120.0,120.0,120.0,120.0,108.55115661368805,108.55112356059722,108.55107090281824,108.5508714092585,108.55049057154694,108.54950188160555,108.54566031335293,108.53354426541172,108.41773414640156,106.74849115071612,82.22151235371444,72.66059786804804,62.12028649362314,59.84588281020511,72.71225512454707
120.0,120.0,120.0,120.0,120.0,120.0,120.0,120.0,120.0,120.0,108.5511550406901,108.55113320873053,108.55109116350869,108.55100660911761,108.5506577058776,108.54997810368633,108.5480284568741,108.53643304121523,108.42980058835866,106.83179134456287,82.79770641172084,74.03120380892466,63.77770540509915,60.89243739785563,73.07818367310698
120.0,120.0,120.0,120.0,120.0,120.0,120.0,120.0,120.0,120.0,108.55114656429825,108.55113773088645,108.55111038251262,108.55104439048476,108.55089938557046,108.55028359164302,108.5488046238071,108.54040646421649,108.43802240571031,106.89691624794014,83.31698999619981,75.2609015557813,65.46850776099657,62.048776506517804,73.52109878166121
120.0,120.0,120.0,120.0,120.0,120.0,120.0,120.0,120.0,120.0,108.55119934393558,108.55118079726373,108.55116181111532,108.551106964199,108.55098640926226,108.5507148749336,108.54937126921891,108.54189535338554,108.44712244201301,106.94788285294318,83.76544676208967,76.38876487670746,67.12120734122456,63.325535139464655,74.0495904194307
120.0,120.0,120.0,120.0,120.0,120.0,120.0,120.0,120.0,120.0,108.5511950581854,108.55118201365711,108.55116709848312,108.55114401044845,108.55105140035215,108.55082937386598,108.55007561859075,108.5430501321273,108.45228206313084,106.99444339565146,84.1409659064909,77.41149426326307,68.72763875807777,64.6761295402808,74.67883709723213
120.0,120.0,120.0,120.0,120.0,120.0,120.0,120.0,120.0,120.0,108.5511912388438,108.55117896614934,108.55117168684889,108.55115370205105,108.55111759013411,108.55094182875526,108.55027668661822,108.54435656824768,108.45644793640656,107.03150931505628,84.47263467661834,78.31552631950429,70.27085911678664,66.08370963705516,75.38546304420952
120.0,120.0,120.0,120.0,120.0,120.0,120.0,120.0,120.0,120.0,108.55118282619107,108.55117868432073,108.55117158387766,108.55116409789483,108.55113446607521,108.5510571700014,108.55048219750877,108.54485195553373,108.46046246816353,107.06211883145511,84.75632063442951,79.12451128273537,71.71719842544445,67.52882258698297,76.16616995203044
120.0,120.0,120.0,120.0,120.0,120.0,120.0,120.0,120.0,120.0,108.55117085168963,108.5511717144884,108.55117406997007,108.55116916833553,108.5511547122279,108.55108634488145,108.55068596480842,108.54533481186488,108.46301876531362,107.08913284314222,84.99729128208254,79.8403688964312,73.06482999202932,68.97183043269219,77.01171330581604
120.0,120.0,120.0,120.0,120.0,120.0,120.0,120.0,120.0,120.0,108.55121705343466,108.55120686217171,108.55120249318912,108.55119931948082,108.55118692270064,108.551137382347,108.55075396652443,108.54579142519944,108.46525542259464,107.1112096022874,85.20740357771956,80.46643843853558,74.30562089750235,70.39201431322141,77.89698290599775
120.0,120.0,120.0,120.0,120.0,120.0,120.0,120.0,120.0,120.0,108.55120984296813,108.55120363334052,108.55120124179057,108.55120100831788,108.55119776351302,108.55116768750439,108.55082960347686,108.54599516755252,108.46722710388755,107.12990826829217,85.38691946694408,81.01720510898869,75.43089679099337,71.7666333429218,78.80776030997795
120.0,120.0,120.0,120.0,120.0,120.0,120.0,120.0,120.0,120.0,108.55120397009904,108.55119634236041,108.55119900990898,108.55120136023577,108.55120247096879,108.55118179285041,108.5508884162907,108.54620872518849,108.46864835010786,107.14611531441241,85.54043888265448,81.497612548028,76.44600201015261,73.07072025767009,79.7250064636309
120.0,120.0,120.0,120.0,120.0,120.0,120.0,120.0,120.0,120.0,108.55119388344133,108.5511934983259,108.55119234847547,108.55120049350755,108.55120546355155,108.551192355645,108.55091395255683,108.54638175082805,108.46990846640429,107.15964442116035,85.6732228397558,81.91433746009423,77.35304029276077,74.2921568177466,80.62656422394062
120.0,120.0,120.0,120.0,120.0,120.0,120.0,120.0,120.0,120.0,108.5511804748153,108.55118436454542,108.55119170436056,108.55119497610798,108.55120621953795,108.55119975481131,108.55093919054295,108.54648618950488,108.470978770307,107.17121507322115,85.78675374246872,82.27658096438284,78.15585900105866,75.4200271977743,81.4982356497947
120.0,120.0,120.0,120.0,120.0,120.0,120.0,120.0,120.0,120.0,108.55122410865427,108.55121627391746,108.55121590709551,108.55122012366814,108.55121999896146,108.55121538375053,108.550966396198,108.54659147713917,108.47182992210203,107.18116420483672,85.88403581462734,82.58962888552982,78.86330311908605,76.44670130596556,82.32565859717293
120.0,120.0,120.0,120.0,120.0,120.0,120.0,120.0,120.0,120.0,108.55121595371948,108.55121172388651,108.5512120681998,108.55121734065315,108.55122577245567,108.55121662750997,108.55097756968976,108.54667132309572,108.47256987746995,107.18958126944155,85.96773130679922,82.8593777338929,79.48240770690626,77.37199500005639,83.0971546209638
120.0,120.0,120.0,120.0,120.0,120.0,120.0,120.0,120.0,120.0,108.55120919889795,108.55120328790899,108.55120828913437,108.5512140180815,108.55122332259602,108.55122342467205,108.55098522012325,108.54672943172633,108.47319617606168,107.19679157523518,86.03930273544296,83.09185095874,80.02095146463232,78.1971849837102,83.80700405843065
120.0,120.0,120.0,120.0,120.0,120.0,120.0,120.0,120.0,120.0,108.5511984716609,108.55119934377397,108.55120018040165,108.5512113230732,108.55122084873173,108.55122181566654,108.55099634833192,108.54677913459642,108.4737154195783,107.20297065340358,86.10058026763201,83.29143343461088,80.48782259220471,78.92607232964991,84.45119138868574
120.0,120.0,120.0,120.0,120.0,120.0,120.0,120.0,120.0,120.0,108.55118452275185,108.55118947612095,108.55119819092766,108.55120385967113,108.55121937263962,108.55122064077746,108.55099826540203,108.54682462296736,108.47416156228674,107.20823168705002,86.15309988741159,83.46246166670483,80.89066388509039,79.56544905023429,85.02865799607338
120.0,120.0,120.0,120.0,120.0,120.0,120.0,120.0,120.0,120.0,108.55122706129242,108.55122016526705,108.55122104039282,108.55122686753893,108.55122992095966,108.55123286541465,108.55100938028545,108.54686135887624,108.47454906767138,107.21273490874327,86.19796804214963,83.60893019025049,81.23693548240323,80.1223861229833,85.54148734767334
120.0,120.0,120.0,120.0,120.0,120.0,120.0,120.0,120.0,120.0,108.55121852741232,108.55121504364216,108.55121641129993,108.55122313348213,108.55123354171855,108.55122962999695,108.55101413840826,108.54689034811936,108.47486880283775,107.21658921540092,86.23630201032321,83.73405245176222,81.53385802311794,80.60460658093461,85.99274339954513
120.0,120.0,120.0,120.0,120.0,120.0,120.0,120.0,120.0,120.0,108.55121141318472,108.55120617915682,108.5512119617024,108.55121883710252,108.55122998611073,108.55123341071258,108.5510128837426,108.54691627748754,108.47514459355686,107.2198720254657,86.2690606279642,83.84079266372252,81.78769861912157,81.02030206428766,86.38675734086281
120.0,120.0,120.0,120.0,120.0,120.0,120.0,120.0,120.0,120.0,108.55120041100987,108.55120180124553,108.55120337305428,108.55121535313808,108.55122624477418,108.55123034890443,108.5510182073724,108.54693286850502,108.47538138628872,107.22267785150316,86.29698825857542,83.93178598513728,82.00419360665195,81.37711095884265,86.72875580910619
120.0,120.0,120.0,120.0,120.0,120.0,120.0,120.0,120.0,120.0,108.55118623913671,108.55119161825539,108.55120087960809,108.55120735445269,108.55122382475878,108.55122733411325,108.55101688299025,108.5469532909044,108.47557784969581,107.22507539913579,86.32079607143355,84.00922043844828,82.18854592856819,81.68229262776352,87.02394450366255
120.0,120.0,120.0,120.0,120.0,120.0,120.0,120.0,120.0,120.0,108.55122831580312,108.5512218068597,108.55122315125672,108.55122958117474,108.55123359272716,108.55123817452312,108.55102407268647,108.54697111853378,108.47575554877487,107.22711628449771,86.34108746957651,84.07505479820803,82.34523391066332,81.94264525519377,87.27757346496385
120.0,120.0,120.0,120.0,120.0,120.0,120.0,120.0,120.0,120.0,108.55121962014148,108.55121644903764,108.55121822651,108.5512254427976,108.5512365253355,108.55123416803607,108.55102626577761,108.54698235003686,108.47589973528234,107.22886002806534,86.35834444719045,84.13099025780241,82.47822145513938,82.16420135356782,87.49474038128284
120.0,120.0,120.0,120.0,120.0,120.0,120.0,120.0,120.0,120.0,108.55121235490255,108.55120740164107,108.55121350549607,108.55122081867809,108.55123251193544,108.5512370497681,108.55102322170542,108.54699427672747,108.47602274651454,107.23034196862767,86.37302995661872,84.17845384880204,82.59098571950577,82.35237260814847,87.68008953283328
120.0,120.0,120.0,120.0,120.0,120.0,120.0,120.0,120.0,120.0,108.55120123643454,108.55120284424945,108.55120471264753,108.55121702467282,108.55122840565542,108.55123341350054,108.55102666303226,108.54699945529114,108.476130197779,107.2316027969265,86.38550805221924,84.2187110985034,82.6864908941491,82.51196375290988,87.83788436470066
120.0,120.0,120.0,120.0,120.0,120.0,120.0,120.0,120.0,120.0,108.5511869698883,108.55119252850928,108.55120201642963,108.55120880058335,108.55122562873358,108.55122994590587,108.55102403405607,108.54700959259414,108.47621679247841,107.23267838750033,86.39610299054365,84.2528298231035,82.7673204226037,82.64712788017711,87.97196600492364
120.0,120.0,120.0,120.0,120.0,120.0,120.0,120.0,120.0,120.0,108.55122884738401,108.55122250192694,108.5512240431805,108.55123071857332,108.55123507282491,108.55124026939023,108.55103010968062,108.54701903924835,108.47629966651203,107.23359036573761,86.40510356494158,84.28172614079561,82.83568594743534,82.76149064010463,88.08569582302295
120.0,120.0,120.0,120.0,120.0,120.0,120.0,120.0,120.0,120.0,108.55122008181726,108.5512170445199,108.5512189927487,108.55122641242339,108.55123776170866,108.55123595696325,108.55103129691881,108.54702320421106,108.47636329949005,107.23436825232996,86.41272986849697,84.3061933547419,82.89347226632411,82.85817799866463,88.18203791591945
120.0,120.0,120.0,120.0,120.0,120.0,120.0,120.0,120.0,120.0,108.55121275226065,108.55120791872635,108.5512141590104,108.55122165016253,108.5512335608652,108.55123854734401,108.55102751430486,108.5470289445213,108.47641755046563,107.23502554982976,86.41920263018606,84.3268914182826,82.94230092885375,82.93986391137011,88.2635665274217
120.0,120.0,120.0,120.0,120.0,120.0,120.0,120.0,120.0,120.0,108.55120158357424,108.55120328479461,108.55120527917192,108.5512177306092,108.55122930346212,108.55123467690456,108.55103029260769,108.54702900302313,108.47646602201034,107.23558300135339,86.42468370955157,84.34440289635417,82.98353890098392,83.00884526960137,88.33249642588144
120.0,120.0,120.0,120.0,120.0,120.0,120.0,120.0,120.0,120.0,108.55118727379194,108.55119291178335,108.55120249656366,108.55120941096449,108.55122638768236,108.55123102552773,108.5510271033127,108.54703472859374,108.47650244518705,107.23605849097453,86.42932443433337,84.35920754982958,83.01836136666321,83.06707072054387,88.39073905816149
120.0,120.0,120.0,120.0,120.0,120.0,120.0,120.0,120.0,120.0,108.55122907757703,108.55122280069094,108.55122442487338,108.55123120210524,108.55123569793233,108.5512411548248,108.551032707758,108.54704038424222,108.47654245678457,107.23645928148994,86.43326064799527,84.37172025557794,83.04775688521131,83.11620585317186,88.43992237219388
120.0,120.0,120.0,120.0,120.0,120.0,120.0,120.0,120.0,120.0,108.55122028364084,108.55121730158054,108.55121932133127,108.55122682638608,108.55123828489947,108.55123671254138,108.55103349348211,108.54704136722259,108.47656951308778,107.23680198263804,86.43658309285385,84.38229848500191,83.07256447801294,83.1576581768072,88.48144056388476
120.0,120.0,120.0,120.0,120.0,120.0,120.0,120.0,120.0,120.0,108.55121292699876,108.55120814306497,108.55121444025443,108.5512220057361,108.55123400764558,108.55123918191592,108.55102938356534,108.54704437056287,108.47659264441216,107.23708897400924,86.43940118681124,84.39122946333686,83.09350277655791,83.19262166829546,88.51647596237909
120.0,120.0,120.0,120.0,120.0,120.0,120.0,120.0,120.0,120.0,108.55120173810963,108.55120347733657,108.55120552362395,108.5512180334354,108.55122968625408,108.55123521718339,108.5510318752595,108.54704210913435,108.47661458785697,107.23733165734494,86.44178054526233,84.3987778483237,83.11116554354828,83.22211257955334,88.54603280072973
120.0,120.0,120.0,120.0,120.0,120.0,120.0,120.0,120.0,120.0,108.55118741396977,108.55119308146789,108.55120270534508,108.55120967324827,108.55122671226755,108.55123148703677,108.5510284481092,108.54704585380848,108.47662844471415,107.23753971752511,86.44379057690277,84.40515063253501,83.12607021069559,83.24697962791107,88.57096649010572
120.0,120.0,120.0,120.0,120.0,120.0,120.0,120.0,120.0,120.0,108.55122917380942,108.55122292651481,108.55122458647003,108.55123140707876,108.55123596228647,108.55124153192199,108.55103384163498,108.54704981802698,108.476649259752,107.23771345214328,86.44549683436921,84.4105303856805,83.13864386270201,83.26795112304845,88.59199325123339
120.0,120.0,120.0,120.0,120.0,120.0,120.0,120.0,120.0,120.0,108.55122036715962,108.55121740941182,108.55121945984969,108.55122700171295,108.5512385066903,108.55123703440256,108.5510344518277,108.54704937030067,108.47666000626215,107.23786350077906,86.44692994759629,84.41507685480589,83.14924825393683,83.28563449872155,88.60972673532785
120.0,120.0,120.0,120.0,120.0,120.0,120.0,120.0,120.0,120.0,108.5512129980979,108.55120823695505,108.55121455857905,108.5512221557662,108.55123419700817,108.55123945258214,108.55103019870437,108.54705115236483,108.4766692879674,107.23798711789183,86.44814805955481,84.41890887968157,83.15819740512441,83.30054344387253,88.62468043028099
120.0,120.0,120.0,120.0,120.0,120.0,120.0,120.0,120.0,120.0,108.55120180011966,108.55120355638972,108.55120562663784,108.55121816115101,108.55122984800047,108.55123544765237,108.55103256441325,108.54704785879049,108.47667947167587,107.23809133011676,86.44917304405247,84.42214807893417,83.16574181768247,83.3131177061303,88.6372884424786
120.0,120.0,120.0,120.0,120.0,120.0,120.0,120.0,120.0,120.0,108.55118746770121,108.55119315018408,108.55120279166191,108.55120978424618,108.55122684951343,108.551231683471,108.55102903299557,108.54705072259176,108.476683358071,107.23818207757124,86.45003704616857,84.42488003957857,83.17210824117433,83.32371728003997,88.64792193987988
120.0,120.0,120.0,120.0,120.0,120.0,120.0,120.0,120.0,120.0,108.55122921641691,108.5512229816079,108.55122465644224,108.55123149510514,108.55123607680821,108.55124169426117,108.5510343350261,108.5470539387979,108.47669571396146,107.23825647600084,86.45077389239758,84.42718433419452,83.17747789238634,83.33265693390462,88.65688588269082
120.0,120.0,120.0,120.0,120.0,120.0,120.0,120.0,120.0,120.0,108.55122040459811,108.55121745677972,108.55121952031752,108.55122707754651,108.55123860185793,108.55123717393802,108.55103486887997,108.54705285914015,108.47669929517642,107.23832243846572,86.45138726274926,84.42913339392143,83.1820045960181,83.34019464893073,88.6644455078503
120.0,120.0,120.0,120.0,120.0,120.0,120.0,120.0,120.0,120.0,108.55121303147156,108.55120827842988,108.55121461022259,108.551222221087,108.5512342788503,108.55123956901576,108.5510305538017,108.54705410358528,108.47670250839698,107.23837490739905,86.4519123761667,84.43077212136122,83.18582663218622,83.34654887617516,88.6708195668154
120.0,120.0,120.0,120.0,120.0,120.0,120.0,120.0,120.0,120.0,108.5512018295163,108.55120359280691,108.55120567172351,108.55121821660559,108.55122991827939,108.55123554740912,108.55103286341698,108.5470503571356,108.47670755203173,107.23841893942334,86.45235165845573,84.4321595236235,83.18904607721275,83.35191009340663,88.67619294707389
120.0,120.0,120.0,120.0,120.0,120.0,120.0,120.0,120.0,120.0,108.5511874943509,108.55119318210158,108.55120283083559,108.5512098325353,108.5512269088755,108.55123176878529,108.55102928710504,108.54705283396557,108.47670709080475,107.23845879594447,86.45272075742999,84.43332820610752,83.19176433910543,83.35642797179185,88.6807262821975
120.0,120.0,120.0,120.0,120.0,120.0,120.0,120.0,120.0,120.0,108.55122923388848,108.55122300454968,108.55122468570805,108.55123153244126,108.55123612484684,108.5512417632735,108.55103454859358,108.54705572321112,108.4767157642836,107.23849017417639,86.45303950016037,84.43431293694285,83.19405681129874,83.36023984884905,88.6845468061179
120.0,120.0,120.0,120.0,120.0,120.0,120.0,120.0,120.0,120.0,108.55122041966065,108.55121747640696,108.55121954559665,108.55122710924947,108.55123864228374,108.55123723297243,108.55103504848053,108.5470543678002,108.47671623384146,107.23851977541997,86.45329971876512,84.43514825240914,83.19598801689884,83.36345404551486,88.68776977268455
120.0,120.0,120.0,120.0,120.0,120.0,120.0,120.0,120.0,120.0,108.55121304428431,108.55120829544461,108.55121463178313,108.55122224847753,108.55123431310282,108.55123961871837,108.55103070641944,108.54705537743217,108.47671681582537,107.23854152118498,86.45352658378097,84.43584703201083,83.19762087027435,83.3661628272916,88.69048739347652
120.0,120.0,120.0,120.0,120.0,120.0,120.0,120.0,120.0,120.0,108.55120184059005,108.55120360709245,108.55120569043497,108.55121823988564,108.55122994783842,108.55123558942114,108.55103299218408,108.54705143424178,108.4767196336987,107.23855959785541,86.45371402499744,84.43644121683943,83.19899386003696,83.36845027405876,88.69277784535068
120.0,120.0,120.0,120.0,120.0,120.0,120.0,120.0,120.0,120.0,108.55118750370374,108.55119319440385,108.5512028464707,108.55120985271722,108.55122693391137,108.55123180490111,108.55102939583887,108.54705374357148,108.47671729337407,107.23857752914441,86.45387049546318,84.43694054968712,83.2001547496095,83.37037635175741,88.69471177390639
120.0,120.0,120.0,120.0,120.0,120.0,120.0,120.0,120.0,120.0,108.55122924173669,108.55122301466487,108.55122469852661,108.55123154857128,108.55123614581656,108.55124179315045,108.55103464054662,108.54705649089028,108.4767243776595,107.23859039253854,86.45400973305526,84.43736048627794,83.20113367798751,83.37200277849415,88.69634053675352
120.0,120.0,120.0,120.0,120.0,120.0,120.0,120.0,120.0,120.0,108.5512204265908,108.55121748512215,108.55121955669927,108.55122712313904,108.55123865974218,108.55123725860874,108.55103512600303,108.54705501665774,108.4767235049848,107.23860435867499,86.45411843089707,84.43771925023215,83.20195699498542,83.37337412333592,88.69771542405547
120.0,120.0,120.0,120.0,120.0,120.0,120.0,120.0,120.0,120.0,108.55121305048574,108.55120830307662,108.55121464127436,108.5512222604686,108.55123432809805,108.5512396401684,108.55103077226323,108.54705592508466,108.47672295412706,107.23861290340237,86.45421740397398,84.4380159546036,83.20265541440303,83.37452890890168,88.69887472010025
120.0,120.0,120.0,120.0,120.0,120.0,120.0,120.0,120.0,120.0,108.55120184611407,108.5512036138415,108.5512056987022,108.55121825006835,108.55122996074054,108.55123560775873,108.55103304764084,108.54705189693662,108.47672481443149,107.23861983659808,86.45429690576736,84.43827091078688,83.20324026919775,83.37550590847138,88.69985114133367
120.0,120.0,120.0,120.0,120.0,120.0,120.0,120.0,120.0,120.0,108.55118750881667,108.5511932003801,108.55120285371578,108.5512098615541,108.55122694480946,108.55123182060073,108.55102944284951,108.54705413407548,108.47672166610215,107.2386283604423,86.45436228596317,84.4384840462198,83.2037364146845,83.37632689477161,88.70067701007042
120.0,120.0,120.0,120.0,120.0,120.0,120.0,120.0,120.0,120.0,108.55122924505112,108.55122301893046,108.55122470394036,108.55123155544618,108.55123615457482,108.55124180582847,108.55103468001423,108.54705682034728,108.47672806766946,107.23863328377053,86.45442465344418,84.43866253590076,83.20415466855829,83.37702138543361,88.70137137755272
120.0,120.0,120.0,120.0,120.0,120.0,120.0,120.0,120.0,120.0,108.55122042953857,108.55121748882303,108.55121956137408,108.55122712898368,108.55123866717932,108.5512372694071,108.55103515915434,108.54705529483665,108.47672661892939,107.23864054855594,86.45446848672545,84.43881760813078,83.20450508885942,83.37760680117823,88.70195829809482
120.0,120.0,120.0,120.0,120.0,120.0,120.0,120.0,120.0,120.0,108.5512130529713,108.55120830635583,108.55121464531886,108.55122226551377,108.55123433439755,108.5512396493192,108.55103080035603,108.54705615969023,108.47672558187136,107.23864343777832,86.45451272832054,84.43894247645069,83.20480464362689,83.37809877945799,88.70245309413528
120.0,120.0,120.0,120.0,120.0,120.0,120.0,120.0,120.0,120.0,108.55120184833498,108.5512036165772,108.55120570226414,108.5512182544162,108.55122996617057,108.551235615482,108.55103307137638,108.5470520950392,108.4767270315328,107.23864559851192,86.45454605006981,84.43905247361982,83.20505307482108,83.37851679466647,88.70286912643621
120.0,120.0,120.0,120.0,120.0,120.0,120.0,120.0,120.0,120.0,108.55118751091193,108.55119320283154,108.5512028566798,108.55120986535785,108.55122694946773,108.55123182723058,108.55102946285903,108.5470543012583,108.47672353690506,107.23865009496664,86.45457246743983,84.43914332408912,83.20526546292909,83.37886634870125,88.70322239569795
120.0,120.0,120.0,120.0,120.0,120.0,120.0,120.0,120.0,120.0,108.55122924644387,108.55122302072529,108.55122470627988,108.55123155836323,108.55123615839233,108.55124181128882,108.55103469686034,108.5470569612671,108.47672964603375,107.23865162020721,86.45460196198458,84.43921865803664,83.20544437886859,83.37916324174495,88.70351819298807
120.0,120.0,120.0,120.0,120.0,120.0,120.0,120.0,120.0,120.0,108.551220430839,108.55121749038447,108.55121956335609,108.55122713151985,108.55123867033556,108.55123727408038,108.55103517337704,108.54705541382522,108.47672795051612,107.23865601777011,86.45461806175842,84.43928671223301,83.20559292676577,83.37941332511977,88.70376897219612
120.0,120.0,120.0,120.0,120.0,120.0,120.0,120.0,120.0,120.0,108.55121305392348,108.55120830777331,108.55121464703032,108.55122226766558,108.55123433713796,108.55123965320799,108.5510308124124,108.54705626008258,108.4767267053783,107.23865648776865,86.45463890596183,84.4393381765755,83.20572220947216,83.37962248199665,88.70398027221083
120.0,120.0,120.0,120.0,120.0,120.0,120.0,120.0,120.0,120.0,108.55120184926697,108.55120361765438,108.55120570378713,108.55121825625929,108.5512299684959,108.55123561883907,108.5510330815062,108.54705217978464,108.47672797936426,107.23865660758288,86.4546524888158,84.43938625426571,83.20582702178254,83.37980196162479,88.70415720560767
120.0,120.0,120.0,120.0,120.0,120.0,120.0,120.0,120.0,120.0,108.55118751197129,108.55119320389751,108.55120285787376,108.55120986697699,108.5512269514446,108.55123183007504,108.55102947147715,108.54705437272571,108.47672433655462,107.23865938206745,86.45466225457828,84.43942487317838,83.20591827170084,83.37995032904661,88.70430881807067
120.0,120.0,120.0,120.0,120.0,120.0,120.0,120.0,120.0,120.0,108.55122924703177,108.5512230214797,108.55122470728998,108.55123155959805,108.55123616002868,108.55124181360793,108.55103470407961,108.54705702158243,108.47673032057948,107.23865945457727,86.45467770170055,84.43945614845833,83.20599501081219,83.38007753503082,88.70443453511385
120.0,120.0,120.0,120.0,120.0,120.0,120.0,120.0,120.0,120.0,108.55122043137064,108.55121749103189,108.55121956417976,108.55122713262257,108.55123867167408,108.55123727608914,108.5510351794463,108.54705546470298,108.47672851961194,107.23866262657269,86.4546819512816,84.4394870378909,83.20605737538585,83.3801844977795,88.70454186485566
120.0,120.0,120.0,120.0,120.0,120.0,120.0,120.0,120.0,120.0,108.55121305435364,108.55120830837345,108.55121464773653,108.55122226855599,108.55123433833135,108.55123965486153,108.55103081758513,108.54705630298365,108.47672718545108,107.23866206271292,86.45469279904174,84.43950715285848,83.20611396444012,83.38027294051388,88.70463217519533
120.0,120.0,120.0,120.0,120.0,120.0,120.0,120.0,120.0,120.0,108.55120184965229,108.55120361813015,108.55120570444565,108.55121825702146,108.55122996945857,108.55123562029662,108.55103308582925,108.54705221602782,108.47672838432312,107.23866131031323,86.45469794931712,84.43952878688376,83.20615746113725,83.38035060379005,88.70470706149707
120.0,120.0,120.0,120.0,120.0,120.0,120.0,120.0,120.0,120.0,108.55118751232813,108.55119320432554,108.55120285839018,108.55120986768556,108.5512269522667,108.55123183126074,108.55102947518246,108.54705440325935,108.47672467821316,107.2386633490042,86.45470060164448,84.43954510017912,83.20619699271181,83.38041309359852,88.70477260298138
120.0,120.0,120.0,120.0,120.0,120.0,120.0,120.0,120.0,120.0,108.55122924730496,108.55122302183435,108.55122470772477,108.55123156012465,108.55123616076148,108.55124181459313,108.55103470714504,108.54705704737839,108.47673060873684,107.23866280087617,86.45471004824913,84.4395575603054,83.20623010837001,83.38046786545151,88.70482572343566
120.0,120.0,120.0,120.0,120.0,120.0,120.0,120.0,120.0,120.0,108.55122043160843,108.55121749132923,108.55121956456559,108.55122713309349,108.55123867224009,108.55123727698006,108.55103518203607,108.54705548642472,108.47672876273253,107.23866544924084,86.45470923627165,84.43957257898747,83.20625567723087,83.38051373266201,88.70487182140037
120.0,120.0,120.0,120.0,120.0,120.0,120.0,120.0,120.0,120.0,108.55121305460133,108.55120830864008,108.55121464805566,108.55122226897038,108.5512343388395,108.55123965555762,108.55103081982588,108.54705632130963,108.47672739050039,107.23866444374595,86.45471581427579,84.43957930693902,83.206281229738,83.3805506432562,88.70491048524092
120.0,120.0,120.0,120.0,120.0,120.0,120.0,120.0,120.0,120.0,108.55120184985223,108.55120361838928,108.55120570473696,108.55121825736012,108.55122996990279,108.55123562091741,108.55103308766218,108.54705223153844,108.47672855728992,107.2386633187458,86.45471736300564,84.4395896488131,83.20629854763138,83.3805848407815,88.70494180958204
120.0,120.0,120.0,120.0,120.0,120.0,120.0,120.0,120.0,120.0,108.5511875124913,108.5511932045325,108.55120285865915,108.55120986799777,108.55122695262614,108.55123183179846,108.55102947676413,108.54705441628542,108.47672482416291,107.23866504315004,86.45471697726603,84.43959643720784,83.2063159976612,83.38061066844617,88.70497060807887
120.0,120.0,120.0,120.0,120.0,120.0,120.0,120.0,120.0,120.0,108.55122924734552,108.5512230219438,108.55122470785135,108.55123156031901,108.55123616103836,108.55124181498788,108.55103470846113,108.54705705838077,108.47673073177803,107.23866422995043,86.45472386119319,84.43960086301574,83.20633048788088,83.38063451662067,88.70499273695295
120.0,120.0,120.0,120.0,120.0,120.0,120.0,120.0,120.0,120.0,108.55122043154257,108.55121749138056,108.55121956469306,108.5512271332417,108.55123867245756,108.55123727732868,108.55103518311566,108.54705549571104,108.47672886655242,107.23866665462783,86.454720887653,84.43960910471779,83.20634034640386,83.38065430044968,88.70501269432636
120.0,120.0,120.0,120.0,120.0,120.0,120.0,120.0,120.0,120.0,108.55121305465526,108.55120830862437,108.55121464812018,108.55122226911377,108.55123433900988,108.55123965583752,108.55103082075641,108.54705632910996,108.4767274780799,107.23866546053132,86.45472564217737,84.43961011635817,83.20635264740113,83.38066921024753,88.7050293092719
120.0,120.0,120.0,120.0,120.0,120.0,120.0,120.0,120.0,120.0,108.55120184980593,108.55120361845319,108.55120570476379,108.55121825743976,108.5512299700624,108.55123562114152,108.55103308843425,108.54705223814226,108.47672863113009,107.23866417642313,86.45472565291627,84.43961563640063,83.20635878784657,83.3806848504967,88.70504203586819
120.0,120.0,120.0,120.0,120.0,120.0,120.0,120.0,120.0,120.0,108.5511875121689,108.55119320446194,108.55120285873052,108.55120986805953,108.55122695272367,108.55123183200186,108.55102947740339,108.54705442184361,108.47672488647562,107.23866576656869,86.45472396985777,84.43961835767702,83.20636680973219,83.38069502545927,88.70505514754295
120.0,120.0,120.0,120.0,120.0,120.0,120.0,120.0,120.0,120.0,108.55122924738835,108.55122302201258,108.55122470790202,108.55123156042832,108.5512361611769,108.5512418151703,108.55103470903862,108.54705706307091,108.47673078433792,107.23866484019375,86.4547297593783,84.4396193528887,83.20637334746843,83.3807056707761,88.70506404491009
120.0,120.0,120.0,120.0,120.0,120.0,120.0,120.0,120.0,120.0,108.55122043156072,108.55121749143913,108.55121956477731,108.55122713329311,108.55123867257818,108.55123727749843,108.55103518359,108.54705549969158,108.47672891087689,107.23866716936423,86.45472586283026,84.43962470078554,83.20637649816065,83.38071431823033,88.70507284169744
120.0,120.0,120.0,120.0,120.0,120.0,120.0,120.0,120.0,120.0,108.5512130547022,108.55120830863412,108.55121464818816,108.55122226920959,108.5512343390666,108.55123965598396,108.55103082117294,108.5470563324533,108.4767275154924,107.2386658946982,86.45472983873681,84.43962327161725,83.20638314107875,83.38071983466314,88.7050800429039
120.0,120.0,120.0,120.0,120.0,120.0,120.0,120.0,120.0,120.0,108.55120184984078,108.55120361850518,108.55120570477075,108.55121825751317,108.55122997016765,108.5512356212199,108.55103308878898,108.54705224097849,108.47672866267234,107.23866454266914,86.45472919266962,84.43962673281193,83.20638450906665,83.38072755166316,88.70508482915704
120.0,120.0,120.0,120.0,120.0,120.0,120.0,120.0,120.0,120.0,108.55118751219165,108.55119320449668,108.55120285878833,108.55120986806726,108.55122695280068,108.55123183212656,108.55102947765965,108.54705442423979,108.47672491309669,107.23866607548318,86.45472695568338,84.43962771740769,83.20638850540767,83.38073104352351,88.7050912432145
120.0,120.0,120.0,120.0,120.0,120.0,120.0,120.0,120.0,120.0,108.03595827813506,108.04822055278103,108.06096499702409,108.07254210668046,108.08516772580472,108.10203327524377,108.12482689069837,108.15305162655028,108.1277173394577,106.96492745289943,86.2391161646856,84.2257291757259,82.97191796345754,83.06823456049857,87.99081090088352
120.0,120.0,120.0,120.0,120.0,120.0,120.0,120.0,120.0,120.0,108.02554945660033,108.04317852235337,108.05555640480854,108.0690288879076,108.08305096385392,108.10009769123694,108.1235224728353,108.15213795025767,108.12694004092272,106.96450445339592,86.23886400029565,84.22559788715799,82.97189838510323,83.06843915598394,87.99199543105735
120.0,120.0,120.0,120.0,120.0,120.0,120.0,120.0,120.0,120.0,107.98614928432738,108.03508128827544,108.05179895926548,108.06509619746976,108.08074262773759,108.09926345053125,108.12327202367265,108.15295055883719,108.12875581157353,106.96721615675155,86.24458703419334,84.22399967164058,82.96741807452479,83.05588176383665,87.94075989884008
120.0,120.0,120.0,120.0,120.0,120.0,120.0,120.0,120.0,120.0,107.9745095725993,107.9819378911964,108.04524139693659,108.06233739831839,108.07789608714958,108.09772644179233,108.12316850600779,108.153594819986,108.13048518664515,106.96880611529423,86.25624172041098,84.2325359680328,82.96527661835243,83.04906342975934,87.93473664427553
120.0,120.0,120.0,120.0,120.0,120.0,120.0,120.0,120.0,120.0,107.95593382279128,107.97382238822954,107.9877835803373,108.05692036057727,108.07598546969027,108.09580906245203,108.12228788311293,108.15407449690056,108.13174961673043,106.97030380186263,86.26113723486185,84.246078046984,82.97246899066349,83.04131225595343,87.92818251989303
120.0,120.0,120.0,120.0,120.0,120.0,120.0,120.0,120.0,120.0,108.51518068436437,108.5068891550164,108.50786249400116,108.5039739455686,108.55572589024307,108.55638455241494,108.5567244763234,108.55414807978782,108.48609537708008,107.24861899372776,86.48287283931573,84.46694743281532,83.2194302556864,83.35745736679982,88.63459501780486
120.0,120.0,120.0,120.0,120.0,120.0,120.0,120.0,120.0,120.0,108.5148159192758,108.49721221214895,108.5028351922931,108.51149013929845,108.50909554723457,108.55758418895408,108.55863499329242,108.55597169523492,108.48775195239003,107.25082719987151,86.48996090337027,84.47274915164202,83.22460661483427,83.36565994152886,88.6377218145527
120.0,120.0,120.0,120.0,120.0,120.0,120.0,120.0,120.0,120.0,108.54761919390066,108.49546923399572,108.48775734399112,108.50313998012501,108.51701670817941,108.51476930658282,108.55832615816242,108.55595728797387,108.48711712606857,107.24950344288357,86.48972951469028,84.48265320015548,83.23479359951983,83.38125568032518,88.69482356505402
120.0,120.0,120.0,120.0,120.0,120.0,120.0,120.0,120.0,120.0,108.5444646108613,108.54457804673805,108.4860947297613,108.48386943257239,108.50592479807636,108.52330898433628,108.52047948860925,108.55503757062348,108.48641708701486,107.24979115523139,86.48277082461351,84.48054108801095,83.24573606867162,83.39301758153309,88.70241536741918
120.0,120.0,120.0,120.0,120.0,120.0,120.0,120.0,120.0,120.0,108.54543290172744,108.5375325911677,108.54066783093457,108.48311465516592,108.48366677658068,108.50997543634163,108.52941128071326,108.52231366908512,108.48523044435579,107.24996615010488,86.4840010323795,84.47256135599311,83.24522063134908,83.40885367320874,88.71274041095113
120.0,120.0,120.0,120.0,120.0,120.0,120.0,120.0,120.0,120.0,108.55063365825085,108.54055117977086,108.52945951704712,108.53636043754949,108.48423365131855,108.48592326897615,108.51436700897453,108.53131381904556,108.45743939062646,107.24893738966993,86.48526107346171,84.47395543343171,83.23936657469511,83.41116272510155,88.7246559847165
120.0,120.0,120.0,120.0,120.0,120.0,120.0,120.0,120.0,120.0,108.54955168230133,108.54995570443103,108.5352115125666,108.52119146691027,108.53207196214689,108.4878781522062,108.48958103350257,108.51508157168263,108.46617987763504,107.22558655502957,86.48278696257309,84.47522775848589,83.24221354348144,83.40877140034895,88.72570391771947
120.0,120.0,120.0,120.0,120.0,120.0,120.0,120.0,120.0,120.0,108.55008296557631,108.54761091511223,108.54881702572612,108.53007964137527,108.51357025869396,108.52818980243212,108.49283485537865,108.49049591199747,108.44933126470663,107.23291760523759,86.44367805199913,84.47238582456035,83.24388381717678,83.41339959633561,88.724471935291
120.0,120.0,120.0,120.0,120.0,120.0,120.0,120.0,120.0,120.0,108.55107931128143,108.54901053157512,108.5447750589744,108.54712829310967,108.52558792040006,108.50713701720314,108.52475965779493,108.4948175217825,108.42558927762519,107.21621992779967,86.45411419021718,84.44473033163739,83.24125584779607,83.41551212891181,88.7286861842784
120.0,120.0,120.0,120.0,120.0,120.0,120.0,120.0,120.0,120.0,108.55074917312183,108.5508999434201,108.54758054374838,108.54111187804493,108.54488057510453,108.52198006029589,108.50200360460117,108.51834180753896,108.43056576635877,107.19110434585335,86.42297506272257,84.45224181124367,83.22308161601913,83.41350554826693,88.7300832364954
120.0,120.0,120.0,120.0,120.0,120.0,120.0,120.0,120.0,120.0,108.55099750091527,108.55026087422075,108.55059419283157,108.54587914599733,108.53682051650152,108.54214380516248,108.51917052674976,108.49471835825246,108.44628004504825,107.19532202044257,86.36851511057678,84.42773120829429,83.2295735186767,83.40238514281036,88.7286252218284
120.0,120.0,120.0,120.0,120.0,120.0,120.0,120.0,120.0,120.0,108.55118850093002,108.55076202588101,108.54940192584608,108.55001284637902,108.54394876678096,108.53210948331676,108.5388171764211,108.51355417877896,108.4223905907072,107.20374593267259,86.37217151909202,84.37992028714017,83.21159803502874,83.40865223493896,88.72182822387452
120.0,120.0,120.0,120.0,120.0,120.0,120.0,120.0,120.0,120.0,108.55109610201313,108.55112569861834,108.55042639236804,108.54815507096009,108.54911560849756,108.5419085925375,108.52708149491995,108.5315006085069,108.44209375457169,107.17795879836807,86.37706659625846,84.38023366785707,83.17354196229252,83.39612363237204,88.72815805546055
120.0,120.0,120.0,120.0,120.0,120.0,120.0,120.0,120.0,120.0,108.55115413400489,108.55094632268336,108.55101538967034,108.54997702626727,108.54649023910218,108.54783612881401,108.53965516780757,108.51843166626044,108.45749292069938,107.196447429941,86.31960960679716,84.37551662552676,83.17324822402288,83.36820126226985,88.71903203355045
120.0,120.0,120.0,120.0,120.0,120.0,120.0,120.0,120.0,120.0,108.55117728975854,108.55109974982156,108.55070279014609,108.55081803685894,108.54940912206405,108.54440704272041,108.54594518234562,108.5336804486181,108.44342154451684,107.2105206582275,86.34816480555739,84.31994539996843,83.16386873044787,83.36943764879804,88.70092318728244
120.0,120.0,120.0,120.0,120.0,120.0,120.0,120.0,120.0,120.0,108.55119801272048,108.55119650350763,108.55105925086094,108.55035076132907,108.55050485527653,108.548726850111,108.54176048945872,108.53987233085545,108.46095035078658,107.19416461352128,86.37461447614743,84.33638887942777,83.11355449878405,83.35919310914123,88.7050139092731
120.0,120.0,120.0,120.0,120.0,120.0,120.0,120.0,120.0,120.0,108.55121069471855,108.55114925319651,108.55115725962635,108.55095600642828,108.54980620804342,108.54998105614119,108.54770861204035,108.53502477628152,108.46674079638773,107.21322907745018,86.33643891051041,84.35410716055128,83.12101040356126,83.31696516426376,88.69615128582562
120.0,120.0,120.0,120.0,120.0,120.0,120.0,120.0,120.0,120.0,108.55120944465752,108.55118955680229,108.55108021339129,108.55109038445484,108.55081654820238,108.54905920323364,108.5490184635021,108.54278156741219,108.46130704886522,107.22085401037914,86.37236068102733,84.31433222410868,83.12952237362369,83.32028151382887,88.66532797665258
120.0,120.0,120.0,120.0,120.0,120.0,120.0,120.0,120.0,120.0,108.55119347197993,108.55119454697837,108.55117218765116,108.55097521809684,108.55097513604866,108.55062236163577,108.54789266985365,108.54399731689713,108.47091706575556,107.21387383015899,86.39382136737201,84.34074643565786,83.08949915026443,83.32188765575938,88.67031889800566
120.0,120.0,120.0,120.0,120.0,120.0,120.0,120.0,120.0,120.0,108.55118545115316,108.55117524991354,108.55118183179322,108.55115343684595,108.55081815722045,108.55077636275956,108.55016180939934,108.54271556524186,108.47205407949248,107.22585532876062,86.37654552198268,84.36132433537405,83.10593824440649,83.28404072511378,88.66835065755964
120.0,120.0,120.0,120.0,120.0,120.0,120.0,120.0,120.0,120.0,108.55122791287846,108.5512193028555,108.55118932625416,108.5511869147364,108.55114555176843,108.55059505264627,108.55027229519962,108.54583921926019,108.47062253093237,107.22871611094207,86.40296457601782,84.34236900572986,83.12151886436995,83.29350781444694,88.63817556665683
120.0,120.0,120.0,120.0,120.0,120.0,120.0,120.0,120.0,120.0,108.55121816904389,108.55121434226446,108.55121295726717,108.55116225491615,108.55115105673949,108.55109691033529,108.55006288599269,108.54583596218761,108.47474083268584,107.22664564639723,86.4151216166145,84.36542784719586,83.10071996161486,83.30281068545388,88.64677212959704
120.0,120.0,120.0,120.0,120.0,120.0,120.0,120.0,120.0,120.0,108.5512125725788,108.55120361419131,108.55120756078028,108.55121090865907,108.55112281695631,108.55107941911244,108.55081806770166,108.54563874578346,108.47469012556364,107.23253431898091,86.4098743345643,84.3804855563862,83.11819395219761,83.28088681918135,88.65035657254207
120.0,120.0,120.0,120.0,120.0,120.0,120.0,120.0,120.0,120.0,108.55120132205563,108.55120282260962,108.55119653884199,108.55120332977181,108.55121092913987,108.55105432861716,108.55075680238441,108.54671852555347,108.47450960093421,107.23347674145879,86.42492383921663,84.374880213957,83.13257146213732,83.29318371033756,88.6316618397963
120.0,120.0,120.0,120.0,120.0,120.0,120.0,120.0,120.0,120.0,108.55118685783404,108.55119208431985,108.55120150889547,108.55119301770294,108.55119755200919,108.55120046738166,108.55074766965159,108.54659282896107,108.47602696754835,107.2331753307245,86.43107387889245,84.39020262683412,83.12608212175428,83.30428281634227,88.6417841415981
120.0,120.0,120.0,120.0,120.0,120.0,120.0,120.0,120.0,120.0,108.55122909737831,108.55122178203666,108.55122233824994,108.55122923945278,108.55120687618604,108.55118737151373,108.55098285119992,108.54662336415284,108.47588104575648,107.23569968657195,86.43059955708263,84.39959080865357,83.13983355603429,83.29650860653298,88.64780500305983
120.0,120.0,120.0,120.0,120.0,120.0,120.0,120.0,120.0,120.0,108.55122022084463,108.5512172791079,108.55121721249452,108.55122223979687,108.55123458297223,108.5511887830213,108.55093924871323,108.54696025196328,108.47595076668904,107.23604605271191,86.43810108533836,84.39973994330734,83.15052930665965,83.30789989849178,88.64052512773321
120.0,120.0,120.0,120.0,120.0,120.0,120.0,120.0,120.0,120.0,108.55121285179011,108.55120790657868,108.55121432143534,108.55121798981082,108.55122474411229,108.55123236591135,108.55095321477958,108.54688888813962,108.47645813109436,107.23617547390913,86.44119939457084,84.40863545961244,83.15099112510016,83.31766608425718,88.64969122572734
120.0,120.0,120.0,120.0,120.0,120.0,120.0,120.0,120.0,120.0,108.55120177545582,108.55120326657592,108.55120490380354,108.55121770562106,108.5512225201996,108.55121774287963,108.55101954099891,108.54692455265409,108.47638104412673,107.23718151527777,86.4419789368805,84.41417303258197,83.16034561290485,83.31771744879084,88.65590202953332
120.0,120.0,120.0,120.0,120.0,120.0,120.0,120.0,120.0,120.0,108.55118741383718,108.55119311405765,108.55120223770487,108.5512082786378,108.5512259470095,108.5512193589245,108.5509973962275,108.5470238153227,108.47644848164235,107.23734647942327,86.44549841859687,84.41589861344906,83.16759734815062,83.32659998310515,88.65534198604823
120.0,120.0,120.0,120.0,120.0,120.0,120.0,120.0,120.0,120.0,108.55122917355264,108.55122287100323,108.55122459543821,108.55123048073693,108.5512331029323,108.55123988187508,108.55101413330289,108.54699800541898,108.47661409823343,107.23750234277149,86.4471170710583,84.42077160286108,83.17023055359911,83.33409601256638,88.66248241267701
120.0,120.0,120.0,120.0,120.0,120.0,120.0,120.0,120.0,120.0,108.55122039196331,108.55121738007297,108.55121929043163,108.55122695761956,108.55123681954551,108.55123158127991,108.55103109812552,108.54701813197589,108.47658545350286,107.23789799200381,86.44793201706939,84.4239946809072,83.17616813774727,83.33699607802191,88.66775606491628
120.0,120.0,120.0,120.0,120.0,120.0,120.0,120.0,120.0,120.0,108.55121300969115,108.5512082623277,108.55121447235257,108.5512217546557,108.55123402508723,108.55123654267064,108.55102040734968,108.54704486087265,108.4766231308334,107.2379909296556,86.4495724024569,84.42567771677614,83.1808673854498,83.34329624541577,88.66983243169555
120.0,120.0,120.0,120.0,120.0,120.0,120.0,120.0,120.0,120.0,108.55120181381128,108.55120355367775,108.55120564762278,108.55121797253906,108.55122900687914,108.55123499555309,108.55102773458987,108.54703157362795,108.47667306846856,107.2380949978297,86.45044560285157,84.42831802399768,83.1835335259838,83.34861786705663,88.67492986577494
120.0,120.0,120.0,120.0,120.0,120.0,120.0,120.0,120.0,120.0,108.55118748556333,108.55119315837076,108.551202756298,108.55120978899036,108.55122648665991,108.55123005460291,108.55102802409894,108.54704302476108,108.47666342852438,107.23825400712765,86.4510285418776,84.43019350596117,83.18719388771395,83.35181382955645,88.67893052351413
120.0,120.0,120.0,120.0,120.0,120.0,120.0,120.0,120.0,120.0,108.55122922443653,108.55122299604753,108.55122464927614,108.5512313892446,108.55123603618887,108.55124104355362,108.55103138625797,108.5470521651596,108.47668730111556,107.23831021048028,86.45181538983383,84.43143333029037,83.19016188262087,83.35604500214393,88.68143196981423
120.0,120.0,120.0,120.0,120.0,120.0,120.0,120.0,120.0,120.0,108.55122041267144,108.55121746160638,108.55121953387652,108.55122704929023,108.55123836839164,108.55123703756962,108.55103376522571,108.54704812061382,108.47670066885753,107.23837342669405,86.45229766807593,84.43288409817353,83.19221610785799,83.35963467003454,88.68488480409117
120.0,120.0,120.0,120.0,120.0,120.0,120.0,120.0,120.0,120.0,108.5512130399944,108.55120828653146,108.55121460659139,108.55122222942,108.55123421353659,108.55123910584183,108.551030236416,108.54705247440732,108.47669953172252,107.23843938082145,86.45266978868091,84.43397929479825,83.19444880035414,83.36221505925089,88.68770194350837
120.0,120.0,120.0,120.0,120.0,120.0,120.0,120.0,120.0,120.0,108.55120183545232,108.5512036019689,108.55120567846669,108.55121819474749,108.55122991188108,108.55123541980002,108.55103202421282,108.54704995665641,108.47670845130604,107.2384723212382,86.45306042922797,84.43479917705221,83.19629216909578,83.3649620465118,88.68978530421793
120.0,120.0,120.0,120.0,120.0,120.0,120.0,120.0,120.0,120.0,108.5511874988446,108.55119318744072,108.55120283992345,108.55120983575269,108.55122685144899,108.55123172927283,108.55102906675609,108.54705163661306,108.47670991835318,107.23850743559737,86.45333366465479,84.43561162078056,83.19770466414981,83.3672987822426,88.69204581946298
120.0,120.0,120.0,120.0,120.0,120.0,120.0,120.0,120.0,120.0,108.55122923919755,108.55122301089415,108.55122468927478,108.55123153952604,108.55123612081233,108.55124164154078,108.5510344555657,108.54705553846183,108.47671713608825,107.23853776376545,86.45355940012841,84.4362566329733,83.19905998665939,83.369129869059,88.69393110560327
120.0,120.0,120.0,120.0,120.0,120.0,120.0,120.0,120.0,120.0,108.55122042415283,108.55121748219503,108.55121955215498,108.55122710817358,108.55123864438877,108.55123721679534,108.55103483012007,108.54705437186045,108.47671862883416,107.23856025032767,86.4537615544457,84.43677150319058,83.20019370629576,83.37087223302801,88.6954335630369
120.0,120.0,120.0,120.0,120.0,120.0,120.0,120.0,120.0,120.0,108.55121304856058,108.5512082999613,108.55121463773442,108.55122225478918,108.55123430263647,108.5512396099229,108.55103067952358,108.54705518107261,108.47671931390649,107.23857738978812,86.45392319490738,84.43723482986054,83.2011094455906,83.37235652077815,88.696877517348
120.0,120.0,120.0,120.0,120.0,120.0,120.0,120.0,120.0,120.0,108.55120184450321,108.55120361168383,108.5512056945913,108.55121824539349,108.55122995317241,108.55123556220298,108.55103297239317,108.5470515343945,108.47672154873014,107.23859185913356,86.45405186467099,84.43761903492891,83.20192901137405,83.37357018466074,88.69809597433598
120.0,120.0,120.0,120.0,120.0,120.0,120.0,120.0,120.0,120.0,108.55118750752337,108.55119319856907,108.55120285131464,108.55120985579553,108.55122693779359,108.55123180855757,108.55102934963672,108.54705384027876,108.4767193281743,107.23860513301737,86.45416319497598,84.43793088982248,83.20262342345691,83.37465696900756,88.69910180495238
120.0,120.0,120.0,120.0,120.0,120.0,120.0,120.0,120.0,120.0,108.55122924332942,108.55122301665496,108.55122470160568,108.55123155266125,108.55123614579715,108.55124179315331,108.5510346486968,108.54705653492879,108.47672620039171,107.23861441264756,86.45425982200203,84.43820175210799,83.2031961000224,83.37558534692971,88.70000785453831
120.0,120.0,120.0,120.0,120.0,120.0,120.0,120.0,120.0,120.0,108.55122042831046,108.55121748710583,108.55121955886544,108.55122712619756,108.5512386639404,108.55123725477922,108.5510351273622,108.54705513439102,108.47672502943031,107.23862524611698,86.4543313042549,84.43843179248024,83.20369205999006,83.37635741130102,88.70077807450615
120.0,120.0,120.0,120.0,120.0,120.0,120.0,120.0,120.0,120.0,108.55121305035225,108.55120830487184,108.55121464359169,108.55122226260629,108.55123433076058,108.55123964464727,108.55103076865558,108.54705601933708,108.47672437614327,107.23863075927882,86.45439955857142,84.43861678582176,83.20411563379203,83.37702811053559,88.70142202798975
120.0,120.0,120.0,120.0,120.0,120.0,120.0,120.0,120.0,120.0,108.55120184661779,108.55120361410248,108.55120570055642,108.55121825265417,108.55122996251643,108.55123560973334,108.55103305817698,108.54705197296309,108.47672603827367,107.23863519449445,86.45445194946085,84.43877957831383,83.20446527112844,83.37760185524424,88.70198348145256
120.0,120.0,120.0,120.0,120.0,120.0,120.0,120.0,120.0,120.0,108.55118751045035,108.55119320142704,108.55120285434013,108.55120986342163,108.55122694760183,108.55123182183635,108.55102944859638,108.54705422154653,108.47672271055663,107.23864151871396,86.45449399643753,84.43891428700144,83.20476734933423,83.37808059314139,88.70246276563921
120.0,120.0,120.0,120.0,120.0,120.0,120.0,120.0,120.0,120.0,108.55122924564355,108.55122301979532,108.55122470549587,108.55123155698476,108.55123615662642,108.5512418091423,108.55103468485461,108.54705689083538,108.47672899193486,107.23864450032929,86.45453664544569,84.43902568365957,83.20502278193776,83.378493122941,88.70286415179714
120.0,120.0,120.0,120.0,120.0,120.0,120.0,120.0,120.0,120.0,108.55122042986561,108.55121748943341,108.55121956227703,108.55122713079503,108.55123866873656,108.55123727145924,108.5510351669864,108.54705535576258,108.47672740505007,107.23865012583033,86.45456354168512,84.43912452021681,83.20523507785673,83.37884308259171,88.70321027858918
120.0,120.0,120.0,120.0,120.0,120.0,120.0,120.0,120.0,120.0,108.55121305348189,108.55120830692333,108.5512146459977,108.55122226646262,108.55123433640028,108.55123965101522,108.55103080572474,108.54705621765086,108.47672625414553,107.23865158627527,86.45459332026111,84.43920182387077,83.20541929533366,83.37913631351876,88.70350381952667
120.0,120.0,120.0,120.0,120.0,120.0,120.0,120.0,120.0,120.0,108.55120184845958,108.55120361713384,108.55120570304169,108.551218255188,108.5512299671512,108.5512356178368,108.55103307617715,108.54705214262515,108.47672761232388,107.23865252442332,86.4546143482091,84.43927141994031,83.20557088768801,83.37938877256333,88.70375033512394
120.0,120.0,120.0,120.0,120.0,120.0,120.0,120.0,120.0,120.0,108.55118751029413,108.55119320294139,108.55120285726248,108.55120986631322,108.55122695034127,108.5512318283805,108.55102946821306,108.54705434252794,108.47672402902789,107.23865598193473,86.45463031934318,84.43932820317532,83.20570145932629,83.37959972435499,88.70396263597924
120.0,120.0,120.0,120.0,120.0,120.0,120.0,120.0,120.0,120.0,108.55122924399855,108.55122301915549,108.55122470516861,108.55123155785112,108.55123615876374,108.55124181190341,108.55103470003304,108.54705699789962,108.47673006551763,107.23865661120085,86.4546509345653,84.43937478576899,83.20581166448557,83.37977987565198,88.70414040737904
120.0,120.0,120.0,120.0,120.0,120.0,120.0,120.0,120.0,120.0,108.55122042730332,108.55121748824394,108.55121956212044,108.5512271306633,108.55123866999564,108.55123727480904,108.55103517627482,108.54705544374848,108.47672830896437,107.23866024982786,86.45465948799742,84.43941850507657,83.20590245545297,83.37993213767692,88.70429188894612
120.0,120.0,120.0,120.0,120.0,120.0,120.0,120.0,120.0,120.0,108.5512130501636,108.55120830477377,108.55121464520757,108.55122226674987,108.55123433655149,108.55123965315173,108.55103081518239,108.54705628596271,108.4767270081717,107.23866007504844,86.45467394656134,84.43944941292864,83.20598302253069,83.38005921918653,88.70442007895267
120.0,120.0,120.0,120.0,120.0,120.0,120.0,120.0,120.0,120.0,108.55120184476965,108.5512036143958,108.55120570131382,108.551218254753,108.55122996788512,108.55123561862574,108.55103308315836,108.54705220219034,108.47672823686075,107.23865964271033,86.45468211752713,84.43948015237109,83.20604681793888,83.38016960547478,88.70452729658273
120.0,120.0,120.0,120.0,120.0,120.0,120.0,120.0,120.0,120.0,108.55118750486741,108.55119319963254,108.55120285511133,108.55120986500056,108.55122695025004,108.55123182984151,108.55102947286095,108.5470543910063,108.47672455530868,107.23866195134607,86.4546872907733,84.43950412216644,83.20610355286483,83.38025990011586,88.7046202567671
120.0,120.0,120.0,120.0,120.0,120.0,120.0,120.0,120.0,120.0,108.55122924663235,108.55122302131461,108.55122470707143,108.55123155980323,108.55123616048334,108.55124181422967,108.55103470623077,108.54705703788811,108.47673050549133,107.23866162885578,86.45469885887167,84.43952302017892,83.20615119618498,83.38033829809328,88.70469671309725
120.0,120.0,120.0,120.0,120.0,120.0,120.0,120.0,120.0,120.0,108.55122043025975,108.55121749064003,108.55121956409596,108.55122713253043,108.55123867203321,108.55123727671639,108.55103518107684,108.54705547881841,108.47672867660403,107.23866446402178,86.4546998266011,84.43954347126743,83.20618903631963,83.38040416685882,88.70476265336437
120.0,120.0,120.0,120.0,120.0,120.0,120.0,120.0,120.0,120.0,108.55121305455927,108.55120830727171,108.55121464737888,108.55122226854444,108.55123433834544,108.55123965539006,108.55103081911211,108.54705631469386,108.47672731857043,107.2386636164183,86.45470789378038,84.43955477432904,83.20622497180406,83.38045801560986,88.70481812806912
120.0,120.0,120.0,120.0,120.0,120.0,120.0,120.0,120.0,120.0,108.55120184921161,108.55120361832199,108.55120570344003,108.55121825672546,108.55122996952052,108.5512356204476,108.55103308714297,108.54705222614696,108.47672849660478,107.23866262365553,86.45471069736409,84.43956896492112,83.20625105892685,83.38050656852332,88.70486370263157
120.0,120.0,120.0,120.0,120.0,120.0,120.0,120.0,120.0,120.0,108.55118751027526,108.55119320362991,108.55120285855979,108.55120986681631,108.55122695205539,108.55123183143978,108.55102947599964,108.54705441185943,108.47672477341837,107.23866445809657,86.45471136651277,84.43957900088344,83.20627590962008,83.38054453981883,88.70490458527397
120.0,120.0,120.0,120.0,120.0,120.0,120.0,120.0,120.0,120.0,108.55122924738089,108.55122302185316,108.55122470754695,108.55123156035614,108.55123616025448,108.55124181472748,108.55103470802312,108.54705705442989,108.47673068930818,107.23866373804708,86.45471913492456,84.43958616396515,83.20629665484677,83.38057865412624,88.7049369409245
120.0,120.0,120.0,120.0,120.0,120.0,120.0,120.0,120.0,120.0,108.5512204316389,108.55121749149232,108.55121956459683,108.55122713282375,108.55123867250312,108.55123727658777,108.55103518264974,108.54705549253435,108.47672883053785,107.23866624083401,86.45471690726524,84.4395967096814,83.2063117952201,83.38060712402543,88.70496554917933
120.0,120.0,120.0,120.0,120.0,120.0,120.0,120.0,120.0,120.0,108.5512130546131,108.55120830855061,108.55121464826328,108.55122226899309,108.55123433851631,108.55123965586864,108.55103081988219,108.54705632634135,108.4767274479599,107.23866511182193,86.45472228953832,84.43959966540548,83.20632855209035,83.38062937599588,88.70498948664695
120.0,120.0,120.0,120.0,120.0,120.0,120.0,120.0,120.0,120.0,108.55120184995765,108.55120361842272,108.55120570455976,108.55121825758408,108.55122996991052,108.55123562059134,108.5510330882972,108.54705223537205,108.47672860569139,107.23866388297972,86.45472282719602,84.43960682466295,83.20633845602048,83.38065121748868,88.70500840445193
120.0,120.0,120.0,120.0,120.0,120.0,120.0,120.0,120.0,120.0,108.55118751280523,108.55119320467455,108.55120285871764,108.55120986775478,108.5512269528497,108.55123183180979,108.55102947669431,108.54705442005697,108.47672486465714,107.23866551936734,86.45472158895669,84.43961092623017,83.20634965505188,83.38066663363517,88.70502674724652
120.0,120.0,120.0,120.0,120.0,120.0,120.0,120.0,120.0,120.0,108.55122924741072,108.55122302193128,108.5512247079389,108.55123156041546,108.55123616072801,108.55124181519233,108.55103470866902,108.54705706095487,108.47673076644583,107.23866463152488,86.45472775280707,84.43961308626236,83.20635887253268,83.38068170647556,88.70504006719445
120.0,120.0,120.0,120.0,120.0,120.0,120.0,120.0,120.0,120.0,108.55122043168181,108.55121749144776,108.55121956464674,108.55122713332712,108.55123867256412,108.55123727700276,108.5510351834958,108.54705549814109,108.47672889523031,107.23866699398395,86.45472417063615,84.43961941625732,83.2063642857202,83.38069409136469,88.70505260058589
120.0,120.0,120.0,120.0,120.0,120.0,120.0,120.0,120.0,120.0,108.55121305464499,108.55120830874637,108.5512146481933,108.55122226903453,108.5512343390868,108.55123965596344,108.55103082056547,108.54705633135958,108.47672750251998,107.2386657463829,86.45472841297719,84.43961881420718,83.20637283802648,83.38070276455053,88.70506295677751
120.0,120.0,120.0,120.0,120.0,120.0,120.0,120.0,120.0,120.0,108.55120184988125,108.55120361844293,108.55120570486643,108.55121825752086,108.5512299699518,108.5512356212144,108.55103308869813,108.54705223952391,108.47672865194575,107.23866441778995,86.45472798982459,84.4396229741171,83.20637581621583,83.38071314687703,88.70507040837991
120.0,120.0,120.0,120.0,120.0,120.0,120.0,120.0,120.0,120.0,108.55118751244001,108.55119320457008,108.5512028587181,108.55120986814185,108.55122695281396,108.55123183186932,108.551029477571,108.54705442345106,108.47672490352772,107.23866597044776,86.45472594155233,84.4396245468143,83.20638117218124,83.38071888780435,88.7050790730873
120.0,120.0,120.0,120.0,120.0,120.0,120.0,120.0,120.0,120.0,108.55122924750623,108.55122302205791,108.55122470802881,108.55123156046425,108.55123616124726,108.55124181527393,108.55103470897672,108.54705706435543,108.47673079917482,107.23866501169402,86.45473142330623,84.43962457359089,83.20638546079371,83.38072579515305,88.70508422064643
120.0,120.0,120.0,120.0,120.0,120.0,120.0,120.0,120.0,120.0,108.5512204318993,108.55121749156343,108.55121956482127,108.55122713341311,108.5512386725913,108.55123727755803,108.55103518378385,108.54705550055661,108.47672892330479,107.23866731447303,86.45472726555339,84.43962910504852,83.20638671481046,83.38073129010803,88.70508985645561
120.0,120.0,120.0,120.0,120.0,120.0,120.0,120.0,120.0,120.0,108.55121305464972,108.55120830889447,108.55121464831092,108.55122226925273,108.55123433918068,108.55123965597797,108.55103082127923,108.54705633346245,108.47672752575214,107.23866601706457,86.4547310227465,84.43962698588166,83.20639175857447,83.38073414817968,88.7050943919123
120.0,120.0,120.0,120.0,120.0,120.0,120.0,120.0,120.0,120.0,108.55120185003533,108.55120361846853,108.55120570496507,108.55121825762625,108.5512299702085,108.55123562133409,108.5510330888159,108.54705224174079,108.47672867163372,107.23866464563069,86.45473019150556,84.43962986629127,83.20639177681184,83.38073962382968,88.70509693039605
120.0,120.0,120.0,120.0,120.0,120.0,120.0,120.0,120.0,120.0,108.55118751300394,108.55119320478025,108.5512028587704,108.5512098682095,108.55122695289755,108.55123183216482,108.55102947781961,108.54705442481796,108.4767249205395,107.23866616267199,86.45472779762571,84.4396303606269,83.20639463565638,83.38074122472759,88.7051014493003
120.0,120.0,120.0,120.0,120.0,120.0,120.0,120.0,120.0,120.0,108.55122924752452,108.55122302205149,108.55122470808334,108.55123156052021,108.55123616124084,108.55124181527644,108.55103470935089,108.5470570656808,108.4767308129972,107.2386651742029,86.45473298875426,84.43962947676386,83.20639681827772,83.38074463883797,88.70510309858709
120.0,120.0,120.0,120.0,120.0,120.0,120.0,120.0,120.0,120.0,108.55122043193592,108.55121749156783,108.55121956479746,108.55122713347507,108.55123867266347,108.55123727757358,108.55103518384473,108.54705550185172,108.47672893518661,107.23866745101148,86.4547285866885,84.43963324073587,83.20639629491953,83.38074718694017,88.70510578251128
120.0,120.0,120.0,120.0,120.0,120.0,120.0,120.0,120.0,120.0,108.55121305465192,108.55120830895308,108.55121464831274,108.55122226921974,108.55123433924035,108.55123965607292,108.5510308213823,108.54705633426761,108.47672753593905,107.23866613243857,86.45473213603839,84.43963047495089,83.20639983974061,83.38074755825988,88.70510782763967
120.0,120.0,120.0,120.0,120.0,120.0,120.0,120.0,120.0,120.0,108.55120185003837,108.55120361846633,108.55120570503549,108.55121825763293,108.55122997017341,108.55123562138867,108.5510330889823,108.5470522425142,108.47672867991241,107.23866474313867,86.45473113082718,84.43963280846295,83.20639859412444,83.38075093624522,88.70510826457645
120.0,120.0,120.0,120.0,120.0,120.0,120.0,120.0,120.0,120.0,108.5511875129991,108.55119320478498,108.55120285876205,108.55120986828427,108.55122695291371,108.55123183213708,108.55102947790645,108.54705442554119,108.47672492765672,107.23866624455626,86.45472859041377,84.43963284252598,83.20640038564599,83.3807507679543,88.70511101072034
120.0,120.0,120.0,120.0,120.0,120.0,120.0,120.0,120.0,120.0,108.55122924740732,108.55122302202695,108.5512247080083,108.55123156044114,108.55123616127966,108.5512418152825,108.55103470935096,108.54705706619526,108.47673081905216,107.2386652434165,86.45473365667019,84.43963157074812,83.2064016686941,83.38075268862221,88.7051111647088
120.0,120.0,120.0,120.0,120.0,120.0,120.0,120.0,120.0,120.0,108.55122043158813,108.55121749143325,108.55121956477443,108.55122713342554,108.551238672588,108.5512372776122,108.55103518389933,108.54705550225545,108.47672894018088,107.23866750947217,86.45472915032141,84.43963500631907,83.2064003868517,83.38075397745725,88.70511258643637
120.0,120.0,120.0,120.0,120.0,120.0,120.0,120.0,120.0,120.0,108.55121305471233,108.55120830870612,108.55121464817279,108.55122226919839,108.55123433921332,108.55123965600612,108.55103082144399,108.54705633466226,108.47672754015227,107.23866618158877,86.45473261171418,84.43963196441392,83.2064032908113,83.38075328678123,88.70511356728963
120.0,120.0,120.0,120.0,120.0,120.0,120.0,120.0,120.0,120.0,108.55120184982583,108.5512036185109,108.55120570487263,108.55121825749788,108.55122997015403,108.5512356213825,108.55103308894765,108.54705224284466,108.47672868351725,107.23866478462071,86.45473153165156,84.43963406513468,83.20640150532421,83.38075576801408,88.7051131065587
120.0,120.0,120.0,120.0,120.0,120.0,120.0,120.0,120.0,120.0,108.55118751210075,108.55119320447575,108.55120285878643,108.55120986818848,108.55122695279142,108.55123183212181,108.55102947793571,108.54705442574881,108.47672493067643,107.23866627960835,86.45472892855994,84.43963390213197,83.20640284161898,83.38075484385092,88.70511509477281
120.0,120.0,120.0,120.0,120.0,120.0,120.0,120.0,120.0,120.0,108.55122924327004,108.55122301762793,108.5512247056652,108.55123155888663,108.5512361599668,108.55124181427713,108.55103470874857,108.54705706601737,108.4767308212645,107.23866527276718,86.45473394197347,84.4396324645138,83.20640373995279,83.38075612703992,88.70511460989928
120.0,120.0,120.0,120.0,120.0,120.0,120.0,120.0,120.0,120.0,108.55122042941912,108.55121748820794,108.55121956115244,108.55122713117149,108.55123867122552,108.55123727655165,108.55103518307354,108.54705550193087,108.47672894202248,107.23866753413134,86.45472939079362,84.4396357603951,83.2064021340196,83.38075687753361,88.7051154927746
120.0,120.0,120.0,120.0,120.0,120.0,120.0,120.0,120.0,120.0,108.55121304300052,108.5512083056614,108.55121464566544,108.55122226631164,108.55123433715512,108.55123965483365,108.5510308206296,108.54705633415092,108.47672754156308,107.23866620240138,86.45473281444534,84.43963260029443,83.2064047647736,83.38075573310816,88.70511601860828
120.0,120.0,120.0,120.0,120.0,120.0,120.0,120.0,120.0,120.0,108.551201843526,108.55120360857259,108.55120570131,108.5512182555158,108.5512299679309,108.55123561959584,108.55103308797503,108.54705224235745,108.47672868453984,107.23866480206938,86.45473170279924,84.4396346014236,83.2064027484564,83.38075783173969,88.70511517438155
120.0,120.0,120.0,120.0,120.0,120.0,120.0,120.0,120.0,120.0,108.55118751252033,108.55119320051196,108.55120285064262,108.55120986443086,108.5512269511811,108.55123183047395,108.55102947647343,108.54705442506845,108.47672493152463,107.23866629421526,86.4547290728357,84.43963435465612,83.20640389016181,83.38075658448345,88.70511683917104
120.0,120.0,120.0,120.0,120.0,120.0,120.0,120.0,120.0,120.0,108.5512292452473,108.55122301935225,108.55122470788358,108.55123155935136,108.55123616050248,108.55124181538271,108.55103470948225,108.54705706637645,108.47673082264035,107.23866528563123,86.45473406389783,84.43963284634766,83.2064046246947,83.38075759534038,88.70511608126367
120.0,120.0,120.0,120.0,120.0,120.0,120.0,120.0,120.0,120.0,108.55122042945084,108.55121748903571,108.5512195617845,108.55122713396771,108.55123867179698,108.55123727692329,108.55103518412106,108.54705550273427,108.4767289431903,107.23866754502124,86.45472949396257,84.43963608248393,83.20640288029965,83.3807581162531,88.70511673391883
120.0,120.0,120.0,120.0,120.0,120.0,120.0,120.0,120.0,120.0,108.55121305159803,108.55120830686084,108.55121464584126,108.55122226613899,108.55123434012279,108.55123965548019,108.55103082087399,108.5470563351335,108.47672754300747,107.23866621158727,86.45473290150774,84.43963287226416,83.20640539427016,83.38075677796525,88.70511706567729
120.0,120.0,120.0,120.0,120.0,120.0,120.0,120.0,120.0,120.0,108.55120184677483,108.55120361559358,108.5512057033525,108.55121825542494,108.55122996718687,108.55123562247243,108.55103308867065,108.54705224255504,108.4767286859612,107.23866481023835,86.45473177619375,84.4396348308666,83.20640327968385,83.3807587130899,88.70511605756889
120.0,120.0,120.0,120.0,120.0,120.0,120.0,120.0,120.0,120.0,108.55118750827486,108.5511932016556,108.55120285601677,108.55120986699848,108.55122695108695,108.55123182935145,108.55102947910181,108.54705442581866,108.47672493214775,107.2386663012515,86.45472913547847,84.43963454815785,83.20640433828424,83.3807573281101,88.70511758415894
120.0,120.0,120.0,120.0,120.0,120.0,120.0,120.0,120.0,120.0,108.55122924727723,108.5512230218821,108.55122470776269,108.55123155971621,108.55123616182055,108.55124181494446,108.5510347075801,108.54705706820722,108.47673082350408,107.2386652909019,86.45473411686062,84.43963301010264,83.20640500262704,83.38075822258828,88.70511670979609
120.0,120.0,120.0,120.0,120.0,120.0,120.0,120.0,120.0,120.0,108.55122043155421,108.55121749127798,108.55121956467906,108.55122713319902,108.55123867169294,108.55123727825229,108.55103518385903,108.54705550091356,108.47672894514402,107.23866755000057,86.45472953765635,84.43963622076882,83.2064031995392,83.38075864531581,88.70511726407813
120.0,120.0,120.0,120.0,120.0,120.0,120.0,120.0,120.0,120.0,108.55121305467196,108.55120830844363,108.55121464796478,108.55122226915073,108.55123433903076,108.55123965494386,108.5510308221496,108.54705633509462,108.47672754159287,107.23866621682946,86.45473293938977,84.43963298818477,83.20640566366545,83.38075722457873,88.7051175128562
120.0,120.0,120.0,120.0,120.0,120.0,120.0,120.0,120.0,120.0,108.55120184994612,108.55120361848338,108.551205704479,108.55121825721339,108.55122997014853,108.55123562127771,108.5510330877613,108.54705224374658,108.47672868635613,107.23866481190264,86.45473180998368,84.43963492953515,83.20640350641125,83.38075908987946,88.7051164350189
120.0,120.0,120.0,120.0,120.0,120.0,120.0,120.0,120.0,120.0,108.5511875127078,108.55119320462254,108.55120285877545,108.55120986773538,108.55122695241212,108.55123183214798,108.55102947795136,108.54705442462424,108.47672493341695,107.23866630416978,86.45472915910001,84.43963463278604,83.20640453027684,83.38075764558319,88.70511790254852
120.0,120.0,120.0,120.0,120.0,120.0,120.0,120.0,120.0,120.0,108.5512292475075,108.5512230219903,108.55122470792614,108.55123156050628,108.55123616082949,108.55124181474072,108.55103470943772,108.54705706673042,108.47673082194974,107.23866529401808,86.45473413922149,84.43963307774558,83.20640516554528,83.38075849096643,88.70511697809444
120.0,120.0,120.0,120.0,120.0,120.0,120.0,120.0,120.0,120.0,108.55122043184481,108.55121749155614,108.55121956470857,108.55122713325869,108.55123867264405,108.55123727722787,108.55103518328448,108.5470555026163,108.47672894409219,107.23866755006034,86.45472955826283,84.4396362797924,83.20640333428535,83.38075887237758,88.70511749087926
120.0,120.0,120.0,120.0,120.0,120.0,120.0,120.0,120.0,120.0,108.55121305467473,108.55120830886223,108.5512146483031,108.55122226910431,108.55123433896408,108.55123965604588,108.5510308211651,108.54705633419327,108.47672754323291,107.23866621739008,86.4547329514247,84.43963303955535,83.20640577890481,83.38075741419452,88.70511770456616
120.0,120.0,120.0,120.0,120.0,120.0,120.0,120.0,120.0,120.0,108.55120185000445,108.55120361847989,108.55120570493871,108.55121825762235,108.5512299700383,108.551235621056,108.55103308897714,108.54705224286448,108.47672868527341,107.23866481463786,86.45473182116878,84.43963496820749,83.20640360494674,83.38075925114045,88.70511659533591
120.0,120.0,120.0,120.0,120.0,120.0,120.0,120.0,120.0,120.0,108.55118751281009,108.55119320472868,108.55120285876416,108.55120986817384,108.55122695289886,108.5512318319952,108.55102947755036,108.54705442590902,108.47672493274234,107.23866630384715,86.454729172822,84.43963466633383,83.20640460957898,83.38075778264064,88.70511803897581
120.0,120.0,120.0,120.0,120.0,120.0,120.0,120.0,120.0,120.0,108.55122924752855,108.55122302206804,108.5512247080839,108.55123156049652,108.55123616119997,108.55124181530428,108.55103470927,108.54705706614132,108.4767308233187,107.23866529414667,86.45473414539057,84.43963310953983,83.20640523329843,83.38075860356608,88.70511709377095
120.0,120.0,120.0,120.0,120.0,120.0,120.0,120.0,120.0,120.0,108.55122043193099,108.55121749157755,108.55121956481841,108.55122713347319,108.55123867262877,108.55123727749812,108.55103518392185,108.5470555024672,108.47672894337022,107.2386675522016,86.45472956404744,84.43963630178135,83.20640339418001,83.38075896823614,88.7051175861891
120.0,120.0,120.0,120.0,120.0,120.0,120.0,120.0,120.0,120.0,108.55121305466025,108.55120830894204,108.55121464832307,108.55122226923896,108.55123433923829,108.55123965603254,108.55103082130931,108.54705633489445,108.47672754316189,107.23866621708255,86.45473296072947,84.43963305844157,83.20640582527395,83.38075749712648,88.70511778597177
120.0,120.0,120.0,120.0,120.0,120.0,120.0,120.0,120.0,120.0,108.55120185004328,108.55120361847683,108.55120570502173,108.55121825764051,108.55122997018508,108.55123562138911,108.55103308897654,108.54705224286819,108.47672868606344,107.23866481495128,86.45473182457903,84.43963498813898,83.20640364427221,83.3807593176109,88.70511666535737
120.0,120.0,120.0,120.0,120.0,120.0,120.0,120.0,120.0,120.0,108.5511875130016,108.55119320478941,108.55120285877472,108.55120986826996,108.55122695291678,108.55123183213794,108.5510294779378,108.54705442593594,108.47672493263092,107.23866630519042,86.45472917645307,84.43963467912819,83.2064046461244,83.3807578389711,88.70511809525829
120.0,120.0,120.0,120.0,120.0,120.0,120.0,120.0,120.0,120.0,108.5512292474884,108.55122302207712,108.55122470806225,108.55123156049152,108.55123616128982,108.5512418152995,108.55103470937432,108.54705706656662,108.47673082339561,107.23866529424002,86.45473415125456,84.43963312066512,83.20640526059955,83.38075865377405,88.70511714181194
120.0,120.0,120.0,120.0,120.0,120.0,120.0,120.0,120.0,120.0,108.55122043174129,108.5512174915151,108.55121956481938,108.55122713346917,108.55123867263367,108.55123727762202,108.5510351839324,108.54705550253833,108.4767289438648,107.23866755253397,86.4547295665775,84.43963631402961,83.20640341727822,83.38075900752095,88.70511762858658
120.0,120.0,120.0,120.0,120.0,120.0,120.0,120.0,120.0,120.0,108.55121305478136,108.55120830882746,108.55121464825183,108.55122226923805,108.55123433924716,108.55123965604588,108.55103082147068,108.5470563349288,108.47672754320672,107.23866621794618,86.45473296321862,84.43963306642983,83.20640584740084,83.3807575302906,88.70511781917463
120.0,120.0,120.0,120.0,120.0,120.0,120.0,120.0,120.0,120.0,108.55120184995774,108.55120361857283,108.5512057049659,108.55121825757114,108.55122997018849,108.55123562140845,108.55103308899456,108.54705224306886,108.47672868614059,107.23866481517713,86.45473182830634,84.43963499500386,83.20640366076985,83.38075934784541,88.70511669369415
120.0,120.0,120.0,120.0,120.0,120.0,120.0,120.0,120.0,120.0,108.55118751244426,108.55119320462772,108.55120285884337,108.55120986825783,108.5512269528567,108.55123183215184,108.55102947796769,108.54705442595423,108.47672493288759,107.23866630545234,86.45472917841765,84.43963468669462,83.20640465999023,83.3807578624853,88.70511812077632
120.0,120.0,120.0,120.0,120.0,120.0,120.0,120.0,120.0,120.0,108.5512292474922,108.55122302211194,108.55122470801236,108.55123156050773,108.5512361613396,108.5512418152967,108.55103470942478,108.54705706661942,108.47673082343002,107.2386652947522,86.45473415297438,84.43963312589756,83.20640527403363,83.38075867352423,88.70511716160956
120.0,120.0,120.0,120.0,120.0,120.0,120.0,120.0,120.0,120.0,108.55122043170807,108.55121749153709,108.55121956487739,108.55122713340448,108.55123867265132,108.55123727767793,108.55103518393237,108.54705550260881,108.4767289439417,107.23866755271459,86.45472956887849,84.43963631840005,83.20640342752958,83.38075902573668,88.70511764542671
120.0,120.0,120.0,120.0,120.0,120.0,120.0,120.0,120.0,120.0,108.5512130547986,108.55120830877311,108.5512146482803,108.55122226931034,108.55123433917863,108.55123965606455,108.55103082153065,108.54705633493123,108.47672754331055,107.23866621814682,86.45473296458448,84.43963307109642,83.20640585592584,83.38075754462895,88.70511783451649
120.0,120.0,120.0,120.0,120.0,120.0,120.0,120.0,120.0,120.0,108.55120184997864,108.55120361860136,108.55120570490115,108.55121825759876,108.55122997026928,108.55123562134284,108.55103308901501,108.54705224313334,108.47672868615297,107.23866481543811,86.45473182948419,84.43963499839961,83.20640366897052,83.38075935981506,88.70511670570501
120.0,120.0,120.0,120.0,120.0,120.0,120.0,120.0,120.0,120.0,108.55118751243032,108.55119320463524,108.55120285887959,108.55120986818898,108.55122695287932,108.55123183223736,108.55102947790881,108.54705442597856,108.47672493296355,107.23866630556554,86.45472917975017,84.4396346895156,83.2064046664196,83.38075787352737,88.70511813092945
120.0,120.0,120.0,120.0,120.0,120.0,120.0,120.0,120.0,120.0,108.55122924745956,108.55122302206927,108.55122470798926,108.55123156052831,108.55123616125555,108.55124181530235,108.55103470950505,108.54705706656421,108.47673082346428,107.23866529490542,86.45473415384414,84.43963312871625,83.206405279369,83.38075868237847,88.70511717088532
120.0,120.0,120.0,120.0,120.0,120.0,120.0,120.0,120.0,120.0,108.55122043168409,108.5512174915161,108.55121956483435,108.55122713337866,108.551238672684,108.5512372775989,108.55103518393246,108.54705550269178,108.47672894390251,107.23866755284016,86.45472956968597,84.4396363205436,83.20640343252263,83.38075903311933,88.70511765281678
120.0,120.0,120.0,120.0,120.0,120.0,120.0,120.0,120.0,120.0,108.55121305472069,108.55120830874566,108.55121464826917,108.55122226926758,108.5512343391503,108.55123965610836,108.5510308214591,108.54705633492725,108.47672754339952,107.23866621817817,86.45473296533571,84.43963307292677,83.20640585993797,83.38075755134764,88.7051178407452
120.0,120.0,120.0,120.0,120.0,120.0,120.0,120.0,120.0,120.0,108.55120184991641,108.5512036185284,108.55120570486986,108.55121825759636,108.55122997022755,108.55123562131203,108.55103308906857,108.54705224307112,108.47672868615128,107.23866481557661,86.45473182995863,84.43963500008019,83.2064036723429,83.38075936530251,88.70511671134003
120.0,120.0,120.0,120.0,120.0,120.0,120.0,120.0,120.0,120.0,108.55118751241761,108.55119320459671,108.55120285881675,108.55120986815476,108.55122695288493,108.55123183219763,108.5510294778756,108.5470544260405,108.47672493291468,107.23866630561534,86.45472918034021,84.4396346907983,83.20640466944845,83.38075787813725,88.70511813550667
120.0,120.0,120.0,120.0,120.0,120.0,120.0,120.0,120.0,120.0,108.55122924744956,108.55122302205729,108.55122470799311,108.55123156051839,108.55123616124342,108.55124181532928,108.55103470947954,108.5470570665373,108.47673082354058,107.23866529490198,86.45473415425406,84.43963312993293,83.20640528182227,83.38075868647165,88.70511717475979
120.0,120.0,120.0,120.0,120.0,120.0,120.0,120.0,120.0,120.0,108.55122043167239,108.55121749150241,108.55121956481958,108.55122713338851,108.55123867267484,108.55123727758324,108.55103518396497,108.54705550266836,108.47672894387524,107.23866755295214,86.45472956992262,84.43963632153373,83.20640343468247,83.38075903649292,88.70511765624657
120.0,120.0,120.0,120.0,120.0,120.0,120.0,120.0,120.0,120.0,108.55121305471391,108.55120830873672,108.55121464825429,108.55122226925081,108.5512343391644,108.55123965610014,108.55103082143941,108.54705633496481,108.47672754338096,107.23866621818061,86.45473296575992,84.4396330736651,83.20640586176717,83.38075755425882,88.70511784356711
120.0,120.0,120.0,120.0,120.0,120.0,120.0,120.0,120.0,120.0,108.5512018499055,108.55120361852111,108.55120570486389,108.55121825758206,108.55122997020919,108.55123562132925,108.55103308906163,108.54705224304735,108.47672868619496,107.23866481557705,86.45473183015456,84.43963500088925,83.2064036738113,83.38075936779266,88.70511671378075
120.0,120.0,120.0,120.0,120.0,120.0,120.0,120.0,120.0,120.0,108.55118751239192,108.55119320458391,108.55120285880841,108.55120986815169,108.55122695287244,108.55123183217783,108.55102947789526,108.54705442603547,108.47672493288881,107.2386663056847,86.45472918047305,84.43963469136281,83.20640467083595,83.38075788018433,88.70511813759019
120.0,120.0,120.0,120.0,120.0,120.0,120.0,120.0,120.0,120.0,108.55122924752979,108.55122302208196,108.55122470805011,108.55123156055834,108.55123616127273,108.55124181534083,108.5510347094749,108.54705706657037,108.47673082354582,107.23866529489523,86.45473415452693,84.43963313036545,83.20640528291551,83.38075868831847,88.70511717648128
120.0,120.0,120.0,120.0,120.0,120.0,120.0,120.0,120.0,120.0,108.55122043191663,108.55121749159552,108.55121956484875,108.55122713343015,108.5512386727067,108.55123727761199,108.55103518397588,108.54705550265884,108.47672894390875,107.23866755296531,86.45472957001569,84.4396363220477,83.20640343556124,83.38075903800089,88.70511765779408
120.0,120.0,120.0,120.0,120.0,120.0,120.0,120.0,120.0,120.0,108.55121305466307,108.55120830890867,108.5512146483505,108.55122226928358,108.55123433919411,108.55123965612279,108.55103082146641,108.5470563349755,108.4767275433677,107.23866621822746,86.4547329658527,84.43963307398505,83.20640586263991,83.3807575554968,88.70511784482737
120.0,120.0,120.0,120.0,120.0,120.0,120.0,120.0,120.0,120.0,108.55120185005119,108.55120361848442,108.5512057049767,108.55121825767303,108.55122997024426,108.55123562135046,108.551033089075,108.54705224307175,108.47672868620603,107.23866481556892,86.45473183032306,84.43963500115463,83.20640367445934,83.38075936894965,88.70511671482753
120.0,120.0,120.0,120.0,120.0,120.0,120.0,120.0,120.0,120.0,108.55118751302734,108.55119320479974,108.5512028587892,108.55120986821863,108.55122695295191,108.55123183221322,108.55102947791086,108.54705442604026,108.47672493291088,107.23866630569945,86.45472918051334,84.43963469167936,83.206404671369,83.38075788109174,88.70511813856069
120.0,120.0,120.0,120.0,120.0,120.0,120.0,120.0,120.0,120.0,108.55122924742011,108.55122302202338,108.55122470801726,108.55123156047887,108.55123616121075,108.55124181531649,108.55103470945411,108.54705706654946,108.47673082352034,107.23866529490844,86.45473415458123,84.43963313053833,83.20640528344964,83.38075868906844,88.70511717723795
120.0,120.0,120.0,120.0,120.0,120.0,120.0,120.0,120.0,120.0,108.55122043160867,108.55121749144777,108.55121956476414,108.55122713343181,108.55123867263448,108.55123727754828,108.55103518395332,108.54705550264251,108.47672894389218,107.23866755294495,86.45472957009972,84.43963632220579,83.20640343593736,83.38075903871135,88.70511765843061
120.0,120.0,120.0,120.0,120.0,120.0,120.0,120.0,120.0,120.0,108.55121305471744,108.55120830872335,108.55121464818994,108.55122226918199,108.55123433921601,108.55123965606174,108.551030821406,108.5470563349546,108.47672754335616,107.23866621821833,86.4547329658549,84.43963307416391,83.2064058629605,83.38075755603501,88.70511784542317
120.0,120.0,120.0,120.0,120.0,120.0,120.0,120.0,120.0,120.0,108.55120184984112,108.55120361851469,108.55120570488602,108.55121825751841,108.55122997013275,108.55123562138225,108.55103308902646,108.5470522430178,108.47672868618696,107.2386648155667,86.4547318303404,84.43963500124201,83.20640367477712,83.38075936940447,88.70511671527804
120.0,120.0,120.0,120.0,120.0,120.0,120.0,120.0,120.0,120.0,108.55118751214107,108.55119320449481,108.55120285878863,108.55120986819749,108.55122695281591,108.55123183209822,108.55102947794542,108.54705442600383,108.47672493286525,107.23866630568456,86.45472918055013,84.43963469176248,83.20640467158239,83.38075788152018,88.70511813894827
120.0,120.0,120.0,120.0,120.0,120.0,120.0,120.0,120.0,120.0,108.55122924745737,108.55122302207769,108.55122470798344,108.551231560499,108.55123616133972,108.55124181530753,108.55103470939913,108.5470570666164,108.47673082351967,107.23866529488853,86.45473415459065,84.43963313064025,83.20640528363779,83.3807586893857,88.7051171775998
120.0,120.0,120.0,120.0,120.0,120.0,120.0,120.0,120.0,120.0,108.5512204317019,108.55121749151958,108.55121956485573,108.55122713337308,108.55123867264426,108.55123727767987,108.55103518395097,108.54705550258667,108.47672894394958,107.23866755294723,86.45472957007591,84.43963632226172,83.20640343612493,83.38075903898343,88.70511765869813
120.0,120.0,120.0,120.0,120.0,120.0,120.0,120.0,120.0,120.0,108.55121305470085,108.55120830874245,108.55121464827282,108.55122226929912,108.5512343391488,108.55123965605772,108.5510308215323,108.54705633495855,108.47672754330101,107.23866621826687,86.4547329658716,84.43963307418619,83.20640586308934,83.38075755629148,88.70511784565744
120.0,120.0,120.0,120.0,120.0,120.0,120.0,120.0,120.0,120.0,108.55120184992984,108.55120361851543,108.55120570485373,108.55121825759608,108.55122997026626,108.55123562131753,108.55103308900821,108.54705224313389,108.47672868619624,107.23866481551411,86.45473183042854,84.43963500129345,83.20640367486682,83.3807593695935,88.70511671549501
120.0,120.0,120.0,120.0,120.0,120.0,120.0,120.0,120.0,120.0,108.55118751251284,108.55119320462173,108.55120285881195,108.5512098681323,108.55122695287798,108.55123183224028,108.55102947788998,108.54705442597276,108.47672493296858,107.23866630569485,86.45472918045826,84.43963469185415,83.20640467168681,83.38075788166665,88.70511813910822
120.0,120.0,120.0,120.0,120.0,120.0,120.0,120.0,120.0,120.0,108.55122924742098,108.55122302203371,108.5512247079753,108.55123156051147,108.55123616120558,108.5512418153,108.5510347095143,108.54705706655656,108.47673082346618,107.23866529497539,86.45473415460297,84.43963313058674,83.20640528375206,83.38075868953308,88.70511717772793
120.0,120.0,120.0,120.0,120.0,120.0,120.0,120.0,120.0,120.0,108.55122043160445,108.55121749146868,108.5512195647902,108.55122713337467,108.55123867267334,108.55123727755186,108.55103518393032,108.54705550270216,108.47672894390651,107.23866755289141,86.45472957024724,84.43963632228945,83.20640343612422,83.38075903912072,88.70511765882546
120.0,120.0,120.0,120.0,120.0,120.0,120.0,120.0,120.0,120.0,108.55121305470733,108.5512083086906,108.55121464822027,108.55122226921794,108.55123433915149,108.55123965610395,108.55103082141696,108.54705633492534,108.47672754341355,107.23866621823566,86.45473296577077,84.43963307433862,83.20640586314639,83.38075755633533,88.70511784576921
120.0,120.0,120.0,120.0,120.0,120.0,120.0,120.0,120.0,120.0,108.55120184985343,108.55120361851233,108.55120570483466,108.55121825755133,108.55122997017503,108.55123562131516,108.55103308906988,108.54705224303537,108.47672868615247,107.23866481562848,86.45473183038007,84.4396350012195,83.20640367501119,83.38075936967743,88.70511671553675
120.0,120.0,120.0,120.0,120.0,120.0,120.0,120.0,120.0,120.0,108.55118751221184,108.55119320451634,108.55120285879555,108.55120986813463,108.55122695284732,108.55123183214467,108.55102947787869,108.5470544260468,108.47672493288857,107.23866630564687,86.45472918069527,84.43963469182853,83.20640467164637,83.38075788180471,88.70511813918525
120.0,120.0,120.0,120.0,120.0,120.0,120.0,120.0,120.0,120.0,108.55122924717074,108.55122302180848,108.55122470781671,108.55123156039623,108.5512361611725,108.55124181526104,108.55103470939855,108.54705706651824,108.47673082353913,107.2386652949016,86.45473415451742,84.43963313079678,83.20640528375296,83.38075868952014,88.70511717783278
120.0,120.0,120.0,120.0,120.0,120.0,120.0,120.0,120.0,120.0,108.55122043139244,108.55121749126903,108.55121956461474,108.55122713322424,108.55123867256385,108.55123727752668,108.55103518391245,108.54705550259708,108.4767289438614,107.23866755297973,86.45472957012164,84.43963632222636,83.20640343631148,83.3807590391466,88.70511765881336
120.0,120.0,120.0,120.0,120.0,120.0,120.0,120.0,120.0,120.0,108.55121305411923,108.55120830844876,108.55121464805873,108.55122226908671,108.55123433901849,108.55123965600045,108.5510308213954,108.54705633492814,108.47672754332206,107.23866621819028,86.45473296598205,84.43963307424434,83.20640586310638,83.38075755649953,88.70511784580161
120.0,120.0,120.0,120.0,120.0,120.0,120.0,120.0,120.0,120.0,108.55120184946678,108.55120361801228,108.55120570458176,108.55121825741695,108.55122997008151,108.55123562120559,108.55103308897368,108.54705224301412,108.47672868617423,107.23866481554434,86.45473183031855,84.439635001422,83.20640367495119,83.38075936965326,88.70511671566082
120.0,120.0,120.0,120.0,120.0,120.0,120.0,120.0,120.0,120.0,108.55118751202038,108.5511932042294,108.5512028583859,108.55120986788654,108.55122695273188,108.55123183208181,108.55102947779588,108.54705442595991,108.47672493286578,107.23866630569049,86.454729180543,84.43963469178915,83.20640467183459,83.38075788177494,88.70511813915634
120.0,120.0,120.0,120.0,120.0,120.0,120.0,120.0,120.0,120.0,108.5512292474911,108.55122302201868,108.551224708056,108.55123156054573,108.55123616124958,108.55124181535679,108.55103470950621,108.54705706656799,108.47673082353039,107.23866529492116,86.45473415467686,84.43963313068345,83.20640528374238,83.38075868969473,88.7051171778275
120.0,120.0,120.0,120.0,120.0,120.0,120.0,120.0,120.0,120.0,108.55122043185523,108.55121749154273,108.55121956476886,108.55122713345868,108.55123867270866,108.55123727759347,108.55103518399217,108.54705550269281,108.47672894391395,107.238667552958,86.45472957014607,84.43963632238473,83.20640343622577,83.38075903914397,88.70511765895185
120.0,120.0,120.0,120.0,120.0,120.0,120.0,120.0,120.0,120.0,108.55121305466594,108.55120830884964,108.55121464829494,108.55122226919593,108.55123433923369,108.55123965613558,108.55103082145224,108.54705633498942,108.47672754340186,107.23866621824496,86.45473296589955,84.43963307427137,83.20640586325852,83.38075755644158,88.70511784578844
120.0,120.0,120.0,120.0,120.0,120.0,120.0,120.0,120.0,120.0,108.55120185002282,108.55120361847925,108.55120570492468,108.55121825762276,108.5512299701553,108.55123562139379,108.55103308909587,108.54705224306211,108.47672868621704,107.23866481560974,86.45473183041604,84.43963500133897,83.20640367498093,83.38075936979509,88.70511671562812
120.0,120.0,120.0,120.0,120.0,120.0,120.0,120.0,120.0,120.0,108.55118751291864,108.55119320475583,108.55120285877382,108.55120986817542,108.55122695291199,108.55123183212756,108.5510294779534,108.54705442606695,108.47672493290635,107.238666305713,86.45472918064273,84.43963469188552,83.206404671761,83.38075788180203,88.70511813927416
120.0,120.0,120.0,120.0,120.0,120.0,120.0,120.0,120.0,120.0,108.55122924742956,108.55122302203785,108.55122470800252,108.55123156045896,108.55123616119026,108.5512418153031,108.55103470938253,108.54705706659317,108.47673082355466,107.23866529491576,86.45473415464538,84.43963313075504,83.20640528382661,83.38075868963018,88.70511717783269
120.0,120.0,120.0,120.0,120.0,120.0,120.0,120.0,120.0,120.0,108.55122043159675,108.55121749145519,108.55121956477564,108.55122713341223,108.55123867260704,108.55123727753143,108.55103518395057,108.54705550257862,108.47672894393095,107.23866755298766,86.45472957015268,84.43963632234443,83.20640343628821,83.38075903922612,88.7051176589059
120.0,120.0,120.0,120.0,120.0,120.0,120.0,120.0,120.0,120.0,108.5512130547705,108.55120830871422,108.55121464819386,108.55122226918938,108.5512343391943,108.55123965602756,108.55103082139213,108.54705633496188,108.47672754330118,107.23866621825812,86.45473296597613,84.43963307428797,83.20640586321589,83.38075755649244,88.70511784585872
120.0,120.0,120.0,120.0,120.0,120.0,120.0,120.0,120.0,120.0,108.55120184985655,108.5512036185594,108.55120570487885,108.55121825751802,108.55122997013575,108.55123562136062,108.55103308898703,108.54705224300616,108.4767286862032,107.23866481552453,86.4547318304439,84.43963500141571,83.20640367500482,83.38075936975453,88.70511671565724
120.0,120.0,120.0,120.0,120.0,120.0,120.0,120.0,120.0,120.0,108.55118751210384,108.55119320449643,108.55120285882491,108.5512098681912,108.55122695281085,108.55123183209685,108.55102947792587,108.54705442596097,108.47672493285553,107.23866630571082,86.45472918050689,84.43963469190453,83.20640467183344,83.38075788183083,88.7051181392394
120.0,120.0,120.0,120.0,120.0,120.0,120.0,120.0,120.0,120.0,108.55122924752021,108.5512230221014,108.55122470802036,108.55123156053665,108.55123616134087,108.55124181530694,108.55103470940006,108.54705706660403,108.47673082347782,107.23866529488829,86.45473415467164,84.43963313066592,83.20640528384106,83.38075868969524,88.7051171778618
120.0,120.0,120.0,120.0,120.0,120.0,120.0,120.0,120.0,120.0,108.55122043188501,108.55121749159477,108.55121956488429,108.55122713339443,108.55123867267642,108.55123727767906,108.55103518394328,108.54705550258272,108.47672894394113,107.23866755290321,86.45472957010698,84.43963632238321,83.20640343623185,83.38075903923234,88.70511765895212
120.0,120.0,120.0,120.0,120.0,120.0,120.0,120.0,120.0,120.0,108.55121305466594,108.55120830887014,108.55121464835153,108.55122226933028,108.55123433915827,108.55123965608328,108.55103082152935,108.54705633494446,108.47672754329281,107.2386662182623,86.4547329657907,84.43963307426435,83.20640586326455,83.38075755645964,88.70511784585736
120.0,120.0,120.0,120.0,120.0,120.0,120.0,120.0,120.0,120.0,108.55120185004107,108.55120361849143,108.55120570493597,108.5512182576712,108.55122997029802,108.55123562131803,108.5510330890267,108.54705224312889,108.47672868617641,107.23866481550384,86.4547318304288,84.43963500125847,83.20640367499932,83.38075936980701,88.70511671563771
120.0,120.0,120.0,120.0,120.0,120.0,120.0,120.0,120.0,120.0,108.55118751299115,108.55119320478555,108.5512028588015,108.55120986817893,108.5512269529443,108.55123183227069,108.55102947788372,108.54705442598421,108.4767249329617,107.23866630566609,86.45472918044332,84.43963469188762,83.20640467171343,83.3807578818355,88.70511813928677
120.0,120.0,120.0,120.0,120.0,120.0,120.0,120.0,120.0,120.0,108.5512292475265,108.55122302205504,108.55122470808914,108.55123156055734,108.55123616121104,108.55124181532861,108.55103470953307,108.54705706654248,108.47673082346736,107.23866529496163,86.45473415452824,84.43963313060152,83.20640528383106,83.38075868960885,88.70511717786373
120.0,120.0,120.0,120.0,120.0,120.0,120.0,120.0,120.0,120.0,108.55122043191452,108.55121749157092,108.55121956479815,108.5512271334821,108.55123867271121,108.55123727754972,108.55103518395272,108.54705550271578,108.47672894388771,107.23866755288651,86.45472957021057,84.439636322234,83.20640343618133,83.38075903923699,88.70511765889466
120.0,120.0,120.0,120.0,120.0,120.0,120.0,120.0,120.0,120.0,108.55121305466871,108.55120830893992,108.55121464831853,108.55122226921756,108.55123433924793,108.5512396561346,108.55103082140874,108.54705633494156,108.47672754342227,107.23866621820883,86.45473296574892,84.4396330743164,83.20640586312835,83.38075755642564,88.70511784587416
120.0,120.0,120.0,120.0,120.0,120.0,120.0,120.0,120.0,120.0,108.55120185003044,108.55120361848095,108.55120570502885,108.55121825764297,108.55122997016905,108.55123562139882,108.551033089094,108.54705224302191,108.47672868616255,107.23866481562888,86.4547318303065,84.43963500120638,83.20640367501814,83.38075936969543,88.70511671561404
120.0,120.0,120.0,120.0,120.0,120.0,120.0,120.0,120.0,120.0,108.5511875129301,108.55119320476882,108.55120285877389,108.5512098682822,108.55122695292938,108.5512318321339,108.5510294779492,108.54705442606516,108.47672493287016,107.2386663056494,86.45472918067102,84.43963469176191,83.20640467165514,83.38075788184153,88.70511813920848
120.0,120.0,120.0,120.0,120.0,120.0,120.0,120.0,120.0,120.0,108.55122924750263,108.55122302206773,108.55122470807657,108.55123156049866,108.55123616131382,108.55124181533306,108.55103470939504,108.54705706658866,108.47673082355834,107.23866529487766,86.45473415450367,84.43963313076887,83.20640528370782,83.38075868955201,88.7051171778746
120.0,120.0,120.0,120.0,120.0,120.0,120.0,120.0,120.0,120.0,108.55122043184912,108.5512174915434,108.55121956482046,108.55122713347761,108.55123867263865,108.55123727764462,108.55103518397578,108.54705550258338,108.47672894391584,107.23866755298874,86.45472957004436,84.43963632220758,83.2064034362918,83.38075903912573,88.70511765884544
120.0,120.0,120.0,120.0,120.0,120.0,120.0,120.0,120.0,120.0,108.55121305468313,108.5512083088914,108.55121464828665,108.55122226924769,108.55123433925375,108.55123965605017,108.55103082149131,108.54705633498257,108.47672754329923,107.23866621822793,86.45473296596329,84.43963307416819,83.20640586309234,83.38075755649538,88.7051178457928
120.0,120.0,120.0,120.0,120.0,120.0,120.0,120.0,120.0,120.0,108.55120184999225,108.55120361849423,108.55120570499618,108.5512182576063,108.55122997020445,108.55123562141645,108.55103308900077,108.5470522430892,108.47672868621935,107.23866481550967,86.4547318303493,84.43963500139205,83.2064036748855,83.38075936964962,88.70511671566692
120.0,120.0,120.0,120.0,120.0,120.0,120.0,120.0,120.0,120.0,108.55118751276984,108.5511932047122,108.55120285878583,108.55120986826418,108.55122695288792,108.55123183217175,108.55102947797943,108.54705442596672,108.4767249329214,107.23866630572024,86.45472918043575,84.43963469179707,83.20640467180293,83.38075788172539,88.70511813915832
120.0,120.0,120.0,120.0,120.0,120.0,120.0,120.0,120.0,120.0,108.55122924752773,108.55122302207901,108.55122470807972,108.55123156052808,108.55123616133248,108.55124181530877,108.55103470944566,108.54705706663952,108.47673082346371,107.23866529492581,86.4547341546603,84.43963313056742,83.20640528372937,83.3807586896652,88.70511717779036
120.0,120.0,120.0,120.0,120.0,120.0,120.0,120.0,120.0,120.0,108.55122043192345,108.551217491579,108.55121956483897,108.55122713347002,108.55123867266926,108.55123727767057,108.55103518394299,108.54705550262871,108.47672894397685,107.2386675528856,86.45472957014483,84.4396363223519,83.20640343612196,83.38075903912879,88.70511765893528
120.0,120.0,120.0,120.0,120.0,120.0,120.0,120.0,120.0,120.0,108.5512130546625,108.55120830893448,108.5512146483265,108.55122226927176,108.55123433923849,108.5512396560801,108.55103082152452,108.54705633494223,108.4767275433374,107.23866621829606,86.45473296574106,84.43963307425845,83.20640586321828,83.3807575563546,88.70511784577704
120.0,120.0,120.0,120.0,120.0,120.0,120.0,120.0,120.0,120.0,108.5512018500407,108.55120361848073,108.55120570501501,108.55121825764586,108.55122997023308,108.55123562139569,108.55103308902841,108.54705224312973,108.47672868617256,107.23866481554951,86.45473183048142,84.43963500119013,83.2064036749596,83.38075936975729,88.70511671556312
120.0,120.0,120.0,120.0,120.0,120.0,120.0,120.0,120.0,120.0,108.55118751298872,108.55119320478549,108.55120285878124,108.55120986826496,108.5512269529239,108.55123183220424,108.55102947795471,108.54705442599074,108.47672493296888,107.23866630566161,86.45472918053366,84.43963469191037,83.20640467162767,83.38075788177821,88.70511813925175
120.0,120.0,120.0,120.0,120.0,120.0,120.0,120.0,120.0,120.0,108.5512292474588,108.5512230220465,108.55122470804467,108.55123156049042,108.55123616127905,108.55124181530228,108.5510347094577,108.54705706659719,108.4767308234735,107.23866529497298,86.45473415451617,84.43963313066347,83.20640528382344,83.38075868951672,88.705117177814
120.0,120.0,120.0,120.0,120.0,120.0,120.0,120.0,120.0,120.0,108.5512204317202,108.55121749149207,108.55121956479391,108.55122713345241,108.55123867263954,108.55123727761674,108.55103518393726,108.5470555026476,108.47672894393511,107.23866755290227,86.4547295702444,84.43963632221207,83.20640343620903,83.3807590392106,88.70511765882125
120.0,120.0,120.0,120.0,120.0,120.0,120.0,120.0,120.0,120.0,108.55121305470398,108.55120830880188,108.55121464823443,108.55122226921767,108.55123433923193,108.5512396560602,108.5510308214729,108.54705633493667,108.47672754336318,107.23866621825127,86.45473296580353,84.43963307434385,83.2064058630901,83.38075755642484,88.70511784585254
120.0,120.0,120.0,120.0,120.0,120.0,120.0,120.0,120.0,120.0,108.55120184991148,108.55120361850742,108.5512057049381,108.55121825755866,108.55122997017325,108.55123562139512,108.55103308901889,108.54705224308205,108.47672868616728,107.23866481558267,86.45473183038838,84.43963500126301,83.20640367503016,83.38075936964358,88.70511671560396
120.0,120.0,120.0,120.0,120.0,120.0,120.0,120.0,120.0,120.0,108.551187512431,108.55119320459538,108.55120285878947,108.55120986822968,108.55122695284871,108.55123183214195,108.55102947795652,108.54705442599119,108.4767249329258,107.2386663056628,86.4547291806099,84.43963469182324,83.20640467170045,83.38075788183849,88.70511813916048
120.0,120.0,120.0,120.0,120.0,120.0,120.0,120.0,120.0,120.0,108.55122924743753,108.55122302206047,108.55122470798912,108.55123156048508,108.5512361613211,108.55124181529567,108.55103470942376,108.54705706661414,108.47673082349485,107.23866529493942,86.4547341545506,84.4396331307343,83.20640528374653,83.38075868958099,88.70511717787083
120.0,120.0,120.0,120.0,120.0,120.0,120.0,120.0,120.0,120.0,108.55122043165292,108.55121749148776,108.5512195648286,108.55122713338793,108.55123867263309,108.5512372776617,108.55103518393643,108.5470555026142,108.47672894394876,107.23866755292865,86.45472957017502,84.43963632225913,83.20640343626935,83.38075903914161,88.7051176588615
120.0,120.0,120.0,120.0,120.0,120.0,120.0,120.0,120.0,120.0,108.55121305470581,108.55120830872258,108.55121464823694,108.5512222692659,108.55123433916746,108.55123965605077,108.55103082151673,108.54705633494157,108.47672754333084,107.23866621826524,86.45473296586178,84.43963307428338,83.20640586314208,83.38075755647668,88.70511784579597
120.0,120.0,120.0,120.0,120.0,120.0,120.0,120.0,120.0,120.0,108.55120184988753,108.55120361851483,108.55120570485494,108.5512182575617,108.55122997022991,108.55123562133629,108.55103308900594,108.54705224312228,108.47672868617752,107.23866481554955,86.45473183042664,84.43963500131791,83.20640367497984,83.38075936969194,88.70511671565033
120.0,120.0,120.0,120.0,120.0,120.0,120.0,120.0,120.0,120.0,108.5511875123459,108.5511932045628,108.551202858804,108.55120986814785,108.55122695284868,108.55123183220323,108.55102947790647,108.54705442597502,108.47672493296136,107.23866630567773,86.45472918054385,84.43963469186616,83.20640467175043,83.38075788179631,88.70511813919153
120.0,120.0,120.0,120.0,120.0,120.0,120.0,120.0,120.0,120.0,108.55122924750822,108.5512230220791,108.55122470802851,108.55123156055099,108.55123616127565,108.55124181531548,108.55103470950412,108.54705706658595,108.47673082348366,107.23866529497799,86.45473415458848,84.43963313068005,83.20640528379197,83.38075868962682,88.7051171778375
120.0,120.0,120.0,120.0,120.0,120.0,120.0,120.0,120.0,120.0,108.55122043183887,108.55121749157006,108.5512195648456,108.55122713341133,108.55123867270291,108.55123727761882,108.55103518394634,108.54705550269057,108.47672894392866,107.23866755291286,86.45472957025052,84.43963632229632,83.20640343622618,83.38075903918318,88.70511765890191
120.0,120.0,120.0,120.0,120.0,120.0,120.0,120.0,120.0,120.0,108.55121305468997,108.55120830885222,108.55121464832392,108.55122226928046,108.55123433917717,108.55123965612248,108.55103082147778,108.54705633494186,108.4767275434015,107.23866621825161,86.45473296582291,84.43963307435155,83.20640586317808,83.38075755644277,88.70511784582335
120.0,120.0,120.0,120.0,120.0,120.0,120.0,120.0,120.0,120.0,108.55120185001331,108.55120361850608,108.55120570493787,108.55121825764775,108.55122997024175,108.55123562133434,108.55103308907776,108.54705224308815,108.47672868616931,107.23866481561633,86.45473183040465,84.43963500128224,83.20640367503991,83.38075936972665,88.70511671562377
120.0,120.0,120.0,120.0,120.0,120.0,120.0,120.0,120.0,120.0,108.55118751282791,108.55119320473658,108.5512028588045,108.55120986819355,108.55122695292968,108.55123183221225,108.55102947789463,108.54705442604545,108.47672493293241,107.23866630566424,86.4547291806693,84.43963469185645,83.20640467171967,83.38075788184668,88.70511813922327
120.0,120.0,120.0,120.0,120.0,120.0,120.0,120.0,120.0,120.0,108.55122924744366,108.55122302203007,108.55122470801965,108.55123156050198,108.55123616121851,108.55124181532152,108.5510347094694,108.54705706654059,108.4767308235338,107.2386652949396,86.45473415455066,84.43963313078449,83.20640528378954,83.38075868959902,88.70511717787055
120.0,120.0,120.0,120.0,120.0,120.0,120.0,120.0,120.0,120.0,108.55122043169743,108.55121749148609,108.55121956478065,108.5512271334229,108.55123867265667,108.551237277557,108.5510351839576,108.54705550265945,108.47672894388114,107.23866755296798,86.45472957018204,84.4396363222658,83.20640343631453,83.38075903918848,88.70511765887728
120.0,120.0,120.0,120.0,120.0,120.0,120.0,120.0,120.0,120.0,108.55121305467097,108.55120830877198,108.55121464823452,108.55122226920527,108.55123433920073,108.551239656082,108.55103082141423,108.5470563349581,108.47672754337505,107.23866621820618,86.45473296594359,84.43963307429853,83.20640586315369,83.38075755651509,88.70511784583266
120.0,120.0,120.0,120.0,120.0,120.0,120.0,120.0,120.0,120.0,108.55120184988905,108.55120361848007,108.55120570490395,108.55121825756282,108.55122997016038,108.55123562136407,108.55103308904454,108.54705224302461,108.47672868619014,107.23866481558963,86.45473183033185,84.43963500139259,83.20640367500253,83.38075936970557,88.70511671567644
120.0,120.0,120.0,120.0,120.0,120.0,120.0,120.0,120.0,120.0,108.55118751241454,108.55119320457821,108.5512028587681,108.5512098681932,108.55122695285581,108.55123183212798,108.55102947792668,108.54705442602001,108.47672493287016,107.23866630569296,86.45472918061151,84.43963469180474,83.20640467181711,83.3807578818229,88.7051181392008
120.0,120.0,120.0,120.0,120.0,120.0,120.0,120.0,120.0,120.0,108.55122924730559,108.55122302201285,108.55122470789252,108.55123156041454,108.55123616125472,108.5512418152834,108.55103470939069,108.54705706657406,108.47673082351838,107.23866529488178,86.45473415462754,84.43963313073138,83.20640528375523,83.38075868968252,88.70511717785816
120.0,120.0,120.0,120.0,120.0,120.0,120.0,120.0,120.0,120.0,108.55122043125431,108.55121749133467,108.5512195647721,108.55122713331653,108.55123867257436,108.5512372775971,108.55103518393032,108.54705550258367,108.47672894391384,107.23866755295239,86.45472957008108,84.43963632234218,83.20640343627147,83.3807590391639,88.70511765894204
120.0,120.0,120.0,120.0,120.0,120.0,120.0,120.0,120.0,120.0,108.55121305478339,108.55120830843828,108.55121464807868,108.55122226920209,108.55123433911581,108.55123965600497,108.5510308214558,108.54705633494123,108.47672754330269,107.23866621824133,86.45473296590659,84.4396330742211,83.20640586322632,83.38075755648387,88.70511784580776
120.0,120.0,120.0,120.0,120.0,120.0,120.0,120.0,120.0,120.0,108.55120184965465,108.55120361857048,108.55120570466481,108.55121825741183,108.55122997016106,108.5512356212993,108.55103308897273,108.54705224306635,108.47672868618248,107.23866481552018,86.45473183041298,84.43963500135274,83.20640367494761,83.38075936977224,88.70511671565879
120.0,120.0,120.0,120.0,120.0,120.0,120.0,120.0,120.0,120.0,108.55118751131702,108.55119320421504,108.55120285883176,108.55120986803114,108.5512269527172,108.55123183213271,108.55102947788014,108.54705442595308,108.47672493291152,107.23866630568844,86.45472918048915,84.43963469187597,83.2064046717818,83.38075788178405,88.70511813925457
120.0,120.0,120.0,120.0,120.0,120.0,120.0,120.0,120.0,120.0,108.55122924686263,108.55122302175482,108.55122470755127,108.5512315602805,108.5512361611206,108.55124181517594,108.55103470939058,108.54705706652929,108.47673082345035,107.23866529492547,86.45473415461689,84.43963313062994,83.20640528381654,83.38075868965554,88.70511717782448
120.0,120.0,120.0,120.0,120.0,120.0,120.0,120.0,120.0,120.0,108.55122043059242,108.55121749096452,108.55121956457431,108.55122713298162,108.55123867247488,108.55123727749398,108.55103518383267,108.54705550259573,108.47672894388802,107.23866755288908,86.45472957019015,84.43963632232385,83.20640343619279,83.3807590392176,88.70511765892815
120.0,120.0,120.0,120.0,120.0,120.0,120.0,120.0,120.0,120.0,108.55121305430416,108.55120830783946,108.55121464776828,108.55122226905296,108.55123433880335,108.55123965593609,108.55103082138125,108.54705633485379,108.47672754332483,107.23866621822982,86.45473296580623,84.43963307431453,83.20640586320643,83.38075755642372,88.70511784584949
120.0,120.0,120.0,120.0,120.0,120.0,120.0,120.0,120.0,120.0,108.5512018488825,108.55120361813668,108.55120570413553,108.55121825715258,108.5512299700532,108.55123562101774,108.55103308893075,108.54705224301837,108.47672868610552,107.23866481555805,86.45473183041747,84.43963500126667,83.20640367502416,83.38075936975619,88.70511671560942
120.0,120.0,120.0,120.0,120.0,120.0,120.0,120.0,120.0,120.0,108.55118751012532,108.5511932034604,108.55120285845075,108.55120986757058,108.55122695250354,108.55123183206166,108.55102947763326,108.5470544259342,108.47672493288772,107.23866630562424,86.45472918061421,84.43963469187696,83.2064046717098,83.3807578818455,88.70511813924885
120.0,120.0,120.0,120.0,120.0,120.0,120.0,120.0,120.0,120.0,108.55122924525253,108.55122301974754,108.55122470666277,108.5512315597623,108.55123616048343,108.55124181483893,108.55103470925748,108.54705706625117,108.47673082340226,107.23866529489423,86.45473415452362,84.43963313073692,83.20640528380805,83.38075868959092,88.70511717786466
120.0,120.0,120.0,120.0,120.0,120.0,120.0,120.0,120.0,120.0,108.5512204304849,108.55121748981121,108.55121956294954,108.55122713208652,108.5512386720438,108.55123727697192,108.55103518355862,108.54705550250868,108.47672894365947,107.23866755288358,86.45472957021843,84.43963632225356,83.20640343628686,83.38075903921019,88.7051176588707
120.0,120.0,120.0,120.0,120.0,120.0,120.0,120.0,120.0,120.0,108.55121304861365,108.55120830701468,108.55121464695308,108.55122226778366,108.55123433795872,108.55123965558344,108.55103082096159,108.5470563346439,108.47672754328347,107.23866621805442,86.45473296592687,84.43963307434507,83.20640586315342,83.38075755650073,88.70511784584706
120.0,120.0,120.0,120.0,120.0,120.0,120.0,120.0,120.0,120.0,108.55120184661992,108.55120361334778,108.55120570282618,108.55121825656177,108.5512299690989,108.5512356202669,108.55103308865375,108.54705224268727,108.47672868595681,107.23866481556428,86.4547318302315,84.43963500139711,83.20640367505284,83.38075936971228,88.70511671566105
120.0,120.0,120.0,120.0,120.0,120.0,120.0,120.0,120.0,120.0,108.55118751275002,108.5511932025331,108.55120285458031,108.5512098659889,108.55122695204825,108.55123183137289,108.55102947700432,108.54705442573423,108.47672493263266,107.23866630555118,86.4547291807731,84.43963469176099,83.20640467183425,83.38075788186995,88.70511813920395
120.0,120.0,120.0,120.0,120.0,120.0,120.0,120.0,120.0,120.0,108.55122892068279,108.55122277752412,108.55122453388749,108.55123142637153,108.55123606213586,108.55124174498526,108.55103465980888,108.54705703216469,108.47673080107086,107.23866528147852,86.45473414677159,84.43963312602844,83.20640528079332,83.38075868779318,88.70511717617838
120.0,120.0,120.0,120.0,120.0,120.0,120.0,120.0,120.0,120.0,108.55122009261797,108.55121720250204,108.55121934721411,108.55122697914072,108.55123855649224,108.55123719286645,108.55103512506875,108.54705546237479,108.4767289169918,107.23866753716653,86.45472956078864,84.43963631662348,83.20640343292236,83.38075903690941,88.70511765691604
120.0,120.0,120.0,120.0,120.0,120.0,120.0,120.0,120.0,120.0,108.55121256984674,108.55120800351142,108.55121439774899,108.55122207990894,108.55123420622856,108.55123955860827,108.5510307518417,108.5470562879925,108.4767275125472,107.2386661997198,86.45473295582455,84.43963306786422,83.20640585943752,83.38075755410343,88.70511784346806
120.0,120.0,120.0,120.0,120.0,120.0,120.0,120.0,120.0,120.0,108.55120129150151,108.55120317556187,108.55120543492941,108.5512180443393,108.55122980917908,108.55123551006785,108.55103301011864,108.54705218839385,108.47672865083257,107.23866479490773,86.4547318196212,84.43963499509724,83.20640367107725,83.38075936727734,88.70511671322755
120.0,120.0,120.0,120.0,120.0,120.0,120.0,120.0,120.0,120.0,108.55118697100544,108.55119271001135,108.55120246335692,108.55120963360453,108.5512267749519,108.55123169890717,108.55102938808075,108.54705436490717,108.47672489237243,107.23866628258621,86.45472917076627,84.43963468599596,83.20640466853821,83.38075787948733,88.70511813671158
120.0,120.0,120.0,120.0,120.0,120.0,120.0,120.0,120.0,120.0,108.55122919152741,108.55122296859214,108.5512246875317,108.55123153017888,108.55123617755947,108.55124183004096,108.55103471738242,108.54705707522797,108.47673083026824,107.23866529974893,86.45473416453532,84.43963313785903,83.2064052884177,83.38075869261161,88.70511717938376
120.0,120.0,120.0,120.0,120.0,120.0,120.0,120.0,120.0,120.0,108.55122037902598,108.55121742358381,108.5512195192875,108.55122712904316,108.55123865130109,108.5512373000282,108.55103520407184,108.54705551442416,108.47672895528382,107.23866756217744,86.45472958561601,84.43963633410972,83.20640344425297,83.38075904415025,88.70511766175615
120.0,120.0,120.0,120.0,120.0,120.0,120.0,120.0,120.0,120.0,108.55121300270706,108.5512082407399,108.55121457659011,108.55122223108069,108.55123434595819,108.55123964154647,108.5510308463647,108.54705635739421,108.47672755694282,107.23866623144924,86.4547329900132,84.43963309088396,83.20640587496449,83.38075756401747,88.70511785010758
120.0,120.0,120.0,120.0,120.0,120.0,120.0,120.0,120.0,120.0,108.55120180954971,108.5512035715174,108.55120563279569,108.55121818779534,108.55122993915893,108.55123563620944,108.55103308018029,108.54705226855575,108.4767287093407,107.23866483113798,86.45473186244273,84.43963502514924,83.20640369070819,83.38075938016891,88.70511672159682
120.0,120.0,120.0,120.0,120.0,120.0,120.0,120.0,120.0,120.0,108.55118747939183,108.55119316458298,108.55120281638568,108.55120979935272,108.55122688855427,108.55123180792982,108.55102949878474,108.54705442207877,108.4767249581405,107.23866633063521,86.45472921839283,84.43963472230655,83.20640469322097,83.38075789527373,88.70511814699542
120.0,120.0,120.0,120.0,120.0,120.0,120.0,120.0,120.0,120.0,108.55122890000123,108.55122273303601,108.5512244131383,108.5512313667497,108.55123598903967,108.55124166964866,108.55103462852267,108.54705704989708,108.47673079613018,107.23866530552479,86.45473420139845,84.43963316040404,83.2064053067886,83.38075870497468,88.70511718530751
120.0,120.0,120.0,120.0,120.0,120.0,120.0,120.0,120.0,120.0,108.55121975687065,108.55121715036985,108.55121929828904,108.55122687343189,108.55123849713104,108.55123713023902,108.55103506264103,108.5470554391324,108.476728939323,107.23866754068736,86.4547296227458,84.4396363668363,83.20640346326053,83.38075905803606,88.70511766870794
120.0,120.0,120.0,120.0,120.0,120.0,120.0,120.0,120.0,120.0,108.55121264794778,108.5512077288526,108.55121432154911,108.55122202937615,108.55123411383946,108.55123950198357,108.55103070109176,108.54705623833131,108.47672749723685,107.23866622930613,86.45473298660488,84.4396331259301,83.20640590247166,83.38075757869235,88.70511785755576
120.0,120.0,120.0,120.0,120.0,120.0,120.0,120.0,120.0,120.0,108.55120128607379,108.5512032501251,108.55120521466934,108.55121795241068,108.55122975855643,108.55123542973037,108.55103295838745,108.5470521499942,108.47672861332485,107.23866479206806,86.45473190007995,84.43963503346785,83.20640372130786,83.38075940148275,88.70511672939355
120.0,120.0,120.0,120.0,120.0,120.0,120.0,120.0,120.0,120.0,108.5511862223069,108.55119260059374,108.55120253438577,108.55120946126046,108.55122667557306,108.5512316494868,108.55102931878163,108.54705431964922,108.47672486625727,107.23866625826642,86.45472920125277,84.43963476519848,83.20640470753129,83.38075791937116,88.70511815935869
120.00000000000003,120.00000000000003,120.00000000000003,120.00000000000003,120.00000000000003,120.00000000000003,120.00000000000003,120.00000000000003,120.00000000000003,120.00000000000003,108.55122915695172,108.55122296332156,108.55122457875783,108.55123154751585,108.55123614690648,108.55124178185575,108.55103468336463,108.5470570290593,108.47673080231684,107.2386652934875,86.4547341537867,84.43963318340275,83.20640535565575,83.38075871173174,88.70511705631887
120.00000000000003,120.00000000000003,120.00000000000003,120.00000000000003,120.00000000000003,120.00000000000003,120.00000000000003,120.00000000000003,120.00000000000003,120.00000000000003,108.55122031035003,108.55121742872782,108.55121952381762,108.55122699122064,108.55123867941903,108.55123727259573,108.55103515500032,108.54705548594266,108.47672891545226,107.23866754301483,86.45472960664237,84.43963634533253,83.20640349201526,83.38075908946755,88.70511753402056
120.00000000000003,120.00000000000003,120.00000000000003,120.00000000000003,120.00000000000003,120.00000000000003,120.00000000000003,120.00000000000003,120.00000000000003,120.00000000000003,108.55121299957534,108.55120814368291,108.5512146020072,108.55122224376676,108.55123419649857,108.55123967280647,108.55103082174887,108.54705631057743,108.47672753516973,107.23866619904341,86.45473297831039,84.439633131512,83.20640589793494,83.38075759576596,88.70511771823058
120.00000000000003,120.00000000000003,120.00000000000003,120.00000000000003,120.00000000000003,120.00000000000003,120.00000000000003,120.00000000000003,120.00000000000003,120.00000000000003,108.55120177629954,108.55120356586826,108.55120551799213,108.55121822125854,108.55122995890326,108.55123548629666,108.55103311073825,108.54705224714611,108.4767286670422,107.2386648169956,86.45473181632259,84.43963503453601,83.20640374097786,83.38075939549094,88.70511657772875
120.00000000000003,120.00000000000003,120.00000000000003,120.00000000000003,120.00000000000003,120.00000000000003,120.00000000000003,120.00000000000003,120.00000000000003,120.00000000000003,108.55118744218309,108.5511931275999,108.55120281302679,108.55120967370556,108.55122692278667,108.55123183395968,108.5510293555676,108.54705445052377,108.47672494048155,107.23866629446447,86.45472920673524,84.43963469614653,83.2064047174472,83.38075793354592,88.70511799151383
120.0,120.0,120.0,120.0,120.0,120.0,120.0,120.0,120.0,120.0,108.55122924068469,108.55122299087127,108.55122468701373,108.5512315713979,108.5512359994927,108.55124182608883,108.55103475038399,108.54705697991696,108.47673086617425,107.23866531570417,86.45473416118192,84.43963317414699,83.20640531070558,83.38075874252796,88.70511721028038
120.0,120.0,120.0,120.0,120.0,120.0,120.0,120.0,120.0,120.0,108.55122042225378,108.5512174836478,108.55121952092601,108.55122710767536,108.55123869213656,108.55123712134646,108.55103519295113,108.54705554983265,108.4767288692174,107.2386675944347,86.45472961042064,84.43963634303871,83.20640348972357,83.38075906992444,88.70511767626675
120.0,120.0,120.0,120.0,120.0,120.0,120.0,120.0,120.0,120.0,108.55121305103796,108.55120829628763,108.55121464173247,108.55122221301038,108.55123430785801,108.5512396847323,108.55103067416074,108.54705634130293,108.47672759439591,107.23866615661045,86.45473305150942,84.4396331125353,83.2064058971747,83.38075761051682,88.7051178688878
120.0,120.0,120.0,120.0,120.0,120.0,120.0,120.0,120.0,120.0,108.55120184420336,108.55120361123019,108.55120568902804,108.55121825427517,108.55122990326622,108.5512355841324,108.55103312663861,108.54705210708443,108.47672869008322,107.23866486705516,86.45473173849467,84.43963507829176,83.20640371452596,83.38075940711794,88.70511675739176
120.0,120.0,120.0,120.0,120.0,120.0,120.0,120.0,120.0,120.0,108.55118750406669,108.55119319840055,108.55120284708016,108.55120984811917,108.55122695415713,108.5512317569989,108.55102943494337,108.54705447170915,108.47672480966641,107.23866631435246,86.454729280198,84.43963463827602,83.20640474105588,83.38075792028187,88.70511816723864
120.0,120.0,120.0,120.0,120.0,120.0,120.0,120.0,120.0,120.0,108.55122860893432,108.55122258701753,108.55122434942378,108.55123127617139,108.5512359452903,108.55124168481052,108.55103453076705,108.54705695083068,108.47673083125156,107.23866515457128,86.45473417849827,84.43963320846989,83.20640525442205,83.3807587464119,88.70511720363847
120.0,120.0,120.0,120.0,120.0,120.0,120.0,120.0,120.0,120.0,108.55121963622983,108.55121691191748,108.55121916769055,108.55122682122393,108.55123841893493,108.55123708178735,108.5510350816928,108.54705534018971,108.47672883900839,107.23866757581186,86.45472934670826,84.4396363620841,83.20640350742727,83.38075902974474,88.70511769867461
120.0,120.0,120.0,120.0,120.0,120.0,120.0,120.0,120.0,120.0,108.55121232635017,108.55120763218669,108.55121413309449,108.55122191422129,108.55123407427642,108.55123943514009,108.55103064723176,108.54705626175034,108.47672739949877,107.23866613323614,86.45473304871385,84.43963290910662,83.20640591174572,83.38075762033331,88.70511783725381
120.0,120.0,120.0,120.0,120.0,120.0,120.0,120.0,120.0,120.0,108.55120070150521,108.55120292287403,108.55120513772196,108.55121780902039,108.5512296587032,108.55123540276195,108.5510329014083,108.54705209037233,108.47672864075035,107.23866468244276,86.45473173721933,84.43963507995562,83.20640356426817,83.38075941827454,88.70511676592211
120.0,120.0,120.0,120.0,120.0,120.0,120.0,120.0,120.0,120.0,108.5511860972961,108.55119213421473,108.55120221369903,108.55120939927683,108.55122657111636,108.5512315644576,108.5510293039519,108.54705427105242,108.47672480115311,107.23866628668995,86.45472895642047,84.43963464141252,83.20640474981799,83.38075781148258,88.70511817005283
120.0,120.0,120.0,120.0,120.0,120.0,120.0,120.0,120.0,120.0,108.55122912664544,108.55122295381302,108.55122460924116,108.55123151264239,108.55123620310519,108.55124182196765,108.5510347070147,108.54705708455506,108.47673079896806,107.23866524708933,86.45473422121081,84.43963296213632,83.20640528202293,83.3807587747775,88.70511713459214
120.0,120.0,120.0,120.0,120.0,120.0,120.0,120.0,120.0,120.0,108.55122028681265,108.55121736002145,108.55121953425869,108.55122704777658,108.55123864238622,108.55123733439389,108.55103519906346,108.54705550208786,108.4767289694862,107.2386675195036,86.45472948830636,84.43963638424407,83.20640330668665,83.38075905517621,88.70511773439652
120.0,120.0,120.0,120.0,120.0,120.0,120.0,120.0,120.0,120.0,108.55121297974328,108.55120812687967,108.5512145136947,108.55122226514543,108.5512342684552,108.55123963671697,108.55103088427279,108.54705635369305,108.4767275404898,107.23866624785232,86.45473287275051,84.43963301474213,83.20640592424769,83.38075746397837,88.70511785503368
120.0,120.0,120.0,120.0,120.0,120.0,120.0,120.0,120.0,120.0,108.55120175140588,108.55120355270935,108.55120551187622,108.55121812572857,108.55122998553037,108.5512355666055,108.55103307677503,108.54705230711586,108.47672870550984,107.23866480822852,86.45473189280176,84.43963489893508,83.20640363863335,83.38075943229418,88.70511665105833
120.0,120.0,120.0,120.0,120.0,120.0,120.0,120.0,120.0,120.0,108.5511873965828,108.55119310033456,108.55120280447225,108.55120968061856,108.55122682780883,108.55123186208994,108.5510294392575,108.54705441846586,108.47672499581401,107.2386663197438,86.45472916547921,84.439634740784,83.20640457593679,83.38075786247141,88.70511819560271
