0,1,2,3,4,5,6,7,8,9,10,11,12,13,14,15,16,17,18,19,20,21,22,23,24
120.0,120.0,120.0,120.0,120.0,120.0,120.0,120.0,120.0,120.0,97.9718747397775,96.28649463980447,97.55741554285213,104.60504156692497,104.9231753134364,105.10207926210587,105.23400447182635,105.29505869823302,105.23083448629187,103.34177881296897,75.84248882428834,72.47560778675935,71.85889189138469,73.07403449783402,82.23049236026333
120.0,120.0,120.0,120.0,120.0,120.0,120.0,120.0,120.0,120.0,97.9718747397775,96.28649463980447,97.55741554285213,104.60504156692497,104.9231753134364,105.10207926210587,105.23400447182635,105.29505869823302,105.23083448629187,103.34177881296897,75.84248882428834,72.47560778675935,71.85889189138469,73.07403449783402,82.23049236026333
120.0,120.0,120.0,120.0,120.0,120.0,120.0,120.0,120.0,120.0,97.9718747397775,96.28649463980447,97.55741554285213,104.60504156692497,104.9231753134364,105.10207926210587,105.23400447182635,105.29505869823302,105.23083448629187,103.34177881296897,75.84248882428834,72.47560778675935,71.85889189138469,73.07403449783402,82.23049236026333
120.0,120.0,120.0,120.0,120.0,120.0,120.0,120.0,120.0,120.0,97.9718747397775,96.28649463980447,97.55741554285213,104.60504156692497,104.9231753134364,105.10207926210587,105.23400447182635,105.29505869823302,105.23083448629187,103.34177881296897,75.84248882428834,72.47560778675935,71.85889189138469,73.07403449783402,82.23049236026333
120.0,120.0,120.0,120.0,120.0,120.0,120.0,120.0,120.0,120.0,97.9718747397775,96.28649463980447,97.55741554285213,104.60504156692497,104.9231753134364,105.10207926210587,105.23400447182635,105.29505869823302,105.23083448629187,103.34177881296897,75.84248882428834,72.47560778675935,71.85889189138469,73.07403449783402,82.23049236026333
120.0,120.0,120.0,120.0,120.0,120.0,120.0,120.0,120.0,120.0,97.9718747397775,96.28649463980447,97.55741554285213,104.60504156692497,104.9231753134364,105.10207926210587,105.23400447182635,105.29505869823302,105.23083448629187,103.34177881296897,75.84248882428834,72.47560778675935,71.85889189138469,73.07403449783402,82.23049236026333
120.0,120.0,120.0,120.0,120.0,120.0,120.0,120.0,120.0,120.0,97.9718747397775,96.28649463980447,97.55741554285213,104.60504156692497,104.9231753134364,105.10207926210587,105.23400447182635,105.29505869823302,105.23083448629187,103.34177881296897,75.84248882428834,72.47560778675935,71.85889189138469,73.07403449783402,82.23049236026333
120.0,120.0,120.0,120.0,120.0,120.0,120.0,120.0,120.0,120.0,97.9718747397775,96.28649463980447,97.55741554285213,104.60504156692497,104.9231753134364,105.10207926210587,105.23400447182635,105.29505869823302,105.23083448629187,103.34177881296897,75.84248882428834,72.47560778675935,71.85889189138469,73.07403449783402,82.23049236026333
120.0,120.0,120.0,120.0,120.0,120.0,120.0,120.0,120.0,120.0,97.9718747397775,96.28649463980447,97.55741554285213,104.60504156692497,104.9231753134364,105.10207926210587,105.23400447182635,105.29505869823302,105.23083448629187,103.34177881296897,75.84248882428834,72.47560778675935,71.85889189138469,73.07403449783402,82.23049236026333
120.0,120.0,120.0,120.0,120.0,120.0,120.0,120.0,120.0,120.0,97.9718747397775,96.28649463980447,97.55741554285213,104.60504156692497,104.9231753134364,105.10207926210587,105.23400447182635,105.29505869823302,105.23083448629187,103.34177881296897,75.84248882428834,72.47560778675935,71.85889189138469,73.07403449783402,82.23049236026333
120.0,120.0,120.0,120.0,120.0,120.0,120.0,120.0,120.0,120.0,97.9718747397775,96.28649463980447,97.55741554285213,104.60504156692497,104.9231753134364,105.10207926210587,105.23400447182635,105.29505869823302,105.23083448629187,103.34177881296897,75.84248882428834,72.47560778675935,71.85889189138469,73.07403449783402,82.23049236026333
120.0,120.0,120.0,120.0,120.0,120.0,120.0,120.0,120.0,120.0,97.9718747397775,96.28649463980447,97.55741554285213,104.60504156692497,104.9231753134364,105.10207926210587,105.23400447182635,105.29505869823302,105.23083448629187,103.34177881296897,75.84248882428834,72.47560778675935,71.85889189138469,73.07403449783402,82.23049236026333
120.0,120.0,120.0,120.0,120.0,120.0,120.0,120.0,120.0,120.0,97.9718747397775,96.28649463980447,97.55741554285213,104.60504156692497,104.9231753134364,105.10207926210587,105.23400447182635,105.29505869823302,105.23083448629187,103.34177881296897,75.84248882428834,72.47560778675935,71.85889189138469,73.07403449783402,82.23049236026333
120.0,120.0,120.0,120.0,120.0,120.0,120.0,120.0,120.0,120.0,97.9718747397775,96.28649463980447,97.55741554285213,104.60504156692497,104.9231753134364,105.10207926210587,105.23400447182635,105.29505869823302,105.23083448629187,103.34177881296897,75.84248882428834,72.47560778675935,71.85889189138469,73.07403449783402,82.23049236026333
120.0,120.0,120.0,120.0,120.0,120.0,120.0,120.0,120.0,120.0,97.9718747397775,96.28649463980447,97.55741554285213,104.60504156692497,104.9231753134364,105.10207926210587,105.23400447182635,105.29505869823302,105.23083448629187,103.34177881296897,75.84248882428834,72.47560778675935,71.85889189138469,73.07403449783402,82.23049236026333
120.0,120.0,120.0,120.0,120.0,120.0,120.0,120.0,120.0,120.0,97.9718747397775,96.28649463980447,97.55741554285213,104.60504156692497,104.9231753134364,105.10207926210587,105.23400447182635,105.29505869823302,105.23083448629187,103.34177881296897,75.84248882428834,72.47560778675935,71.85889189138469,73.07403449783402,82.23049236026333
120.0,120.0,120.0,120.0,120.0,120.0,120.0,120.0,120.0,120.0,97.9718747397775,96.28649463980447,97.55741554285213,104.60504156692497,104.9231753134364,105.10207926210587,105.23400447182635,105.29505869823302,105.23083448629187,103.34177881296897,75.84248882428834,72.47560778675935,71.85889189138469,73.07403449783402,82.23049236026333
120.0,120.0,120.0,120.0,120.0,120.0,120.0,120.0,120.0,120.0,97.9718747397775,96.28649463980447,97.55741554285213,104.60504156692497,104.9231753134364,105.10207926210587,105.23400447182635,105.29505869823302,105.23083448629187,103.34177881296897,75.84248882428834,72.47560778675935,71.85889189138469,73.07403449783402,82.23049236026333
120.0,120.0,120.0,120.0,120.0,120.0,120.0,120.0,120.0,120.0,106.14214150214627,104.75339701862318,105.085911216072,105.10326145596768,105.15058122590465,105.28283170925724,105.29729117966144,105.33149148324141,105.1668677228126,102.92865581973142,74.39708331624983,68.97750534221176,65.99989084363771,67.4767133494616,78.09223369949375
120.0,120.0,120.0,120.0,120.0,120.0,120.0,120.0,120.0,120.0,106.14214150214627,104.75339701862318,105.085911216072,105.10326145596768,105.15058122590465,105.28283170925724,105.29729117966144,105.33149148324141,105.1668677228126,102.92865581973142,74.39708331624983,68.97750534221176,65.99989084363771,67.4767133494616,78.09223369949375
120.0,120.0,120.0,120.0,120.0,120.0,120.0,120.0,120.0,120.0,106.14214150214627,104.75339701862318,105.085911216072,105.10326145596768,105.15058122590465,105.28283170925724,105.29729117966144,105.33149148324141,105.1668677228126,102.92865581973142,74.39708331624983,68.97750534221176,65.99989084363771,67.4767133494616,78.09223369949375
120.0,120.0,120.0,120.0,120.0,120.0,120.0,120.0,120.0,120.0,106.14214150214627,104.75339701862318,105.085911216072,105.10326145596768,105.15058122590465,105.28283170925724,105.29729117966144,105.33149148324141,105.1668677228126,102.92865581973142,74.39708331624983,68.97750534221176,65.99989084363771,67.4767133494616,78.09223369949375
120.0,120.0,120.0,120.0,120.0,120.0,120.0,120.0,120.0,120.0,106.14214150214627,104.75339701862318,105.085911216072,105.10326145596768,105.15058122590465,105.28283170925724,105.29729117966144,105.33149148324141,105.1668677228126,102.92865581973142,74.39708331624983,68.97750534221176,65.99989084363771,67.4767133494616,78.09223369949375
120.0,120.0,120.0,120.0,120.0,120.0,120.0,120.0,120.0,120.0,106.14214150214627,104.75339701862318,105.085911216072,105.10326145596768,105.15058122590465,105.28283170925724,105.29729117966144,105.33149148324141,105.1668677228126,102.92865581973142,74.39708331624983,68.97750534221176,65.99989084363771,67.4767133494616,78.09223369949375
120.0,120.0,120.0,120.0,120.0,120.0,120.0,120.0,120.0,120.0,106.14214150214627,104.75339701862318,105.085911216072,105.10326145596768,105.15058122590465,105.28283170925724,105.29729117966144,105.33149148324141,105.1668677228126,102.92865581973142,74.39708331624983,68.97750534221176,65.99989084363771,67.4767133494616,78.09223369949375
120.0,120.0,120.0,120.0,120.0,120.0,120.0,120.0,120.0,120.0,106.14214150214627,104.75339701862318,105.085911216072,105.10326145596768,105.15058122590465,105.28283170925724,105.29729117966144,105.33149148324141,105.1668677228126,102.92865581973142,74.39708331624983,68.97750534221176,65.99989084363771,67.4767133494616,78.09223369949375
120.0,120.0,120.0,120.0,120.0,120.0,120.0,120.0,120.0,120.0,106.14214150214627,104.75339701862318,105.085911216072,105.10326145596768,105.15058122590465,105.28283170925724,105.29729117966144,105.33149148324141,105.1668677228126,102.92865581973142,74.39708331624983,68.97750534221176,65.99989084363771,67.4767133494616,78.09223369949375
120.0,120.0,120.0,120.0,120.0,120.0,120.0,120.0,120.0,120.0,106.14214150214627,104.75339701862318,105.085911216072,105.10326145596768,105.15058122590465,105.28283170925724,105.29729117966144,105.33149148324141,105.1668677228126,102.92865581973142,74.39708331624983,68.97750534221176,65.99989084363771,67.4767133494616,78.09223369949375
120.0,120.0,120.0,120.0,120.0,120.0,120.0,120.0,120.0,120.0,106.14214150214627,104.75339701862318,105.085911216072,105.10326145596768,105.15058122590465,105.28283170925724,105.29729117966144,105.33149148324141,105.1668677228126,102.92865581973142,74.39708331624983,68.97750534221176,65.99989084363771,67.4767133494616,78.09223369949375
120.0,120.0,120.0,120.0,120.0,120.0,120.0,120.0,120.0,120.0,106.14214150214627,104.75339701862318,105.085911216072,105.10326145596768,105.15058122590465,105.28283170925724,105.29729117966144,105.33149148324141,105.1668677228126,102.92865581973142,74.39708331624983,68.97750534221176,65.99989084363771,67.4767133494616,78.09223369949375
120.0,120.0,120.0,120.0,120.0,120.0,120.0,120.0,120.0,120.0,106.14214150214627,104.75339701862318,105.085911216072,105.10326145596768,105.15058122590465,105.28283170925724,105.29729117966144,105.33149148324141,105.1668677228126,102.92865581973142,74.39708331624983,68.97750534221176,65.99989084363771,67.4767133494616,78.09223369949375
120.0,120.0,120.0,120.0,120.0,120.0,120.0,120.0,120.0,120.0,106.14214150214627,104.75339701862318,105.085911216072,105.10326145596768,105.15058122590465,105.28283170925724,105.29729117966144,105.33149148324141,105.1668677228126,102.92865581973142,74.39708331624983,68.97750534221176,65.99989084363771,67.4767133494616,78.09223369949375
120.0,120.0,120.0,120.0,120.0,120.0,120.0,120.0,120.0,120.0,106.14214150214627,104.75339701862318,105.085911216072,105.10326145596768,105.15058122590465,105.28283170925724,105.29729117966144,105.33149148324141,105.1668677228126,102.92865581973142,74.39708331624983,68.97750534221176,65.99989084363771,67.4767133494616,78.09223369949375
120.0,120.0,120.0,120.0,120.0,120.0,120.0,120.0,120.0,120.0,106.14214150214627,104.75339701862318,105.085911216072,105.10326145596768,105.15058122590465,105.28283170925724,105.29729117966144,105.33149148324141,105.1668677228126,102.92865581973142,74.39708331624983,68.97750534221176,65.99989084363771,67.4767133494616,78.09223369949375
120.0,120.0,120.0,120.0,120.0,120.0,120.0,120.0,120.0,120.0,106.14214150214627,104.75339701862318,105.085911216072,105.10326145596768,105.15058122590465,105.28283170925724,105.29729117966144,105.33149148324141,105.1668677228126,102.92865581973142,74.39708331624983,68.97750534221176,65.99989084363771,67.4767133494616,78.09223369949375
120.0,120.0,120.0,120.0,120.0,120.0,120.0,120.0,120.0,120.0,106.14214150214627,104.75339701862318,105.085911216072,105.10326145596768,105.15058122590465,105.28283170925724,105.29729117966144,105.33149148324141,105.1668677228126,102.92865581973142,74.39708331624983,68.97750534221176,65.99989084363771,67.4767133494616,78.09223369949375
120.0,120.0,120.0,120.0,120.0,120.0,120.0,120.0,120.0,120.0,105.70832379236676,114.27821979215446,114.46264697950689,114.66578602262922,114.85904350307105,115.03892259699661,115.19518814269028,115.32155370216496,115.38514235342072,114.83419906892291,105.23423263468942,103.4336609163767,101.89802221916455,101.71350085715308,105.36133179192306
120.0,120.0,120.0,120.0,120.0,120.0,120.0,120.0,120.0,120.0,105.70832379236676,114.27821979215446,114.46264697950689,114.66578602262922,114.85904350307105,115.03892259699661,115.19518814269028,115.32155370216496,115.38514235342072,114.83419906892291,105.23423263468942,103.4336609163767,101.89802221916455,101.71350085715308,105.36133179192306
120.0,120.0,120.0,120.0,120.0,120.0,120.0,120.0,120.0,120.0,105.70832379236676,114.27821979215446,114.46264697950689,114.66578602262922,114.85904350307105,115.03892259699661,115.19518814269028,115.32155370216496,115.38514235342072,114.83419906892291,105.23423263468942,103.4336609163767,101.89802221916455,101.71350085715308,105.36133179192306
120.0,120.0,120.0,120.0,120.0,120.0,120.0,120.0,120.0,120.0,105.70832379236676,114.27821979215446,114.46264697950689,114.66578602262922,114.85904350307105,115.03892259699661,115.19518814269028,115.32155370216496,115.38514235342072,114.83419906892291,105.23423263468942,103.4336609163767,101.89802221916455,101.71350085715308,105.36133179192306
120.0,120.0,120.0,120.0,120.0,120.0,120.0,120.0,120.0,120.0,105.70832379236676,114.27821979215446,114.46264697950689,114.66578602262922,114.85904350307105,115.03892259699661,115.19518814269028,115.32155370216496,115.38514235342072,114.83419906892291,105.23423263468942,103.4336609163767,101.89802221916455,101.71350085715308,105.36133179192306
120.0,120.0,120.0,120.0,120.0,120.0,120.0,120.0,120.0,120.0,105.70832379236676,114.27821979215446,114.46264697950689,114.66578602262922,114.85904350307105,115.03892259699661,115.19518814269028,115.32155370216496,115.38514235342072,114.83419906892291,105.23423263468942,103.4336609163767,101.89802221916455,101.71350085715308,105.36133179192306
120.0,120.0,120.0,120.0,120.0,120.0,120.0,120.0,120.0,120.0,105.70832379236676,114.27821979215446,114.46264697950689,114.66578602262922,114.85904350307105,115.03892259699661,115.19518814269028,115.32155370216496,115.38514235342072,114.83419906892291,105.23423263468942,103.4336609163767,101.89802221916455,101.71350085715308,105.36133179192306
120.0,120.0,120.0,120.0,120.0,120.0,120.0,120.0,120.0,120.0,105.70832379236676,114.27821979215446,114.46264697950689,114.66578602262922,114.85904350307105,115.03892259699661,115.19518814269028,115.32155370216496,115.38514235342072,114.83419906892291,105.23423263468942,103.4336609163767,101.89802221916455,101.71350085715308,105.36133179192306
120.0,120.0,120.0,120.0,120.0,120.0,120.0,120.0,120.0,120.0,105.70832379236676,114.27821979215446,114.46264697950689,114.66578602262922,114.85904350307105,115.03892259699661,115.19518814269028,115.32155370216496,115.38514235342072,114.83419906892291,105.23423263468942,103.4336609163767,101.89802221916455,101.71350085715308,105.36133179192306
120.0,120.0,120.0,120.0,120.0,120.0,120.0,120.0,120.0,120.0,105.70832379236676,114.27821979215446,114.46264697950689,114.66578602262922,114.85904350307105,115.03892259699661,115.19518814269028,115.32155370216496,115.38514235342072,114.83419906892291,105.23423263468942,103.4336609163767,101.89802221916455,101.71350085715308,105.36133179192306
120.0,120.0,120.0,120.0,120.0,120.0,120.0,120.0,120.0,120.0,105.70832379236676,114.27821979215446,114.46264697950689,114.66578602262922,114.85904350307105,115.03892259699661,115.19518814269028,115.32155370216496,115.38514235342072,114.83419906892291,105.23423263468942,103.4336609163767,101.89802221916455,101.71350085715308,105.36133179192306
120.0,120.0,120.0,120.0,120.0,120.0,120.0,120.0,120.0,120.0,105.70832379236676,114.27821979215446,114.46264697950689,114.66578602262922,114.85904350307105,115.03892259699661,115.19518814269028,115.32155370216496,115.38514235342072,114.83419906892291,105.23423263468942,103.4336609163767,101.89802221916455,101.71350085715308,105.36133179192306
120.0,120.0,120.0,120.0,120.0,120.0,120.0,120.0,120.0,120.0,105.70832379236676,114.27821979215446,114.46264697950689,114.66578602262922,114.85904350307105,115.03892259699661,115.19518814269028,115.32155370216496,115.38514235342072,114.83419906892291,105.23423263468942,103.4336609163767,101.89802221916455,101.71350085715308,105.36133179192306
120.0,120.0,120.0,120.0,120.0,120.0,120.0,120.0,120.0,120.0,105.70832379236676,114.27821979215446,114.46264697950689,114.66578602262922,114.85904350307105,115.03892259699661,115.19518814269028,115.32155370216496,115.38514235342072,114.83419906892291,105.23423263468942,103.4336609163767,101.89802221916455,101.71350085715308,105.36133179192306
120.0,120.0,120.0,120.0,120.0,120.0,120.0,120.0,120.0,120.0,105.70832379236676,114.27821979215446,114.46264697950689,114.66578602262922,114.85904350307105,115.03892259699661,115.19518814269028,115.32155370216496,115.38514235342072,114.83419906892291,105.23423263468942,103.4336609163767,101.89802221916455,101.71350085715308,105.36133179192306
120.0,120.0,120.0,120.0,120.0,120.0,120.0,120.0,120.0,120.0,105.70832379236676,114.27821979215446,114.46264697950689,114.66578602262922,114.85904350307105,115.03892259699661,115.19518814269028,115.32155370216496,115.38514235342072,114.83419906892291,105.23423263468942,103.4336609163767,101.89802221916455,101.71350085715308,105.36133179192306
120.0,120.0,120.0,120.0,120.0,120.0,120.0,120.0,120.0,120.0,105.70832379236676,114.27821979215446,114.46264697950689,114.66578602262922,114.85904350307105,115.03892259699661,115.19518814269028,115.32155370216496,115.38514235342072,114.83419906892291,105.23423263468942,103.4336609163767,101.89802221916455,101.71350085715308,105.36133179192306
120.0,120.0,120.0,120.0,120.0,120.0,120.0,120.0,120.0,120.0,105.70832379236676,114.27821979215446,114.46264697950689,114.66578602262922,114.85904350307105,115.03892259699661,115.19518814269028,115.32155370216496,115.38514235342072,114.83419906892291,105.23423263468942,103.4336609163767,101.89802221916455,101.71350085715308,105.36133179192306
120.0,120.0,120.0,120.0,120.0,120.0,120.0,120.0,120.0,120.0,113.5932742025084,113.51242361656224,113.45896614432516,113.45172360388246,113.48076909937677,113.52770580280928,113.5944600365028,113.67417133929098,113.692951053043,112.71604136757101,99.58226585244485,98.69096207417536,99.13739266060394,100.84235150059904,105.3937605849787
120.0,120.0,120.0,120.0,120.0,120.0,120.0,120.0,120.0,120.0,113.5932742025084,113.51242361656224,113.45896614432516,113.45172360388246,113.48076909937677,113.52770580280928,113.5944600365028,113.67417133929098,113.692951053043,112.71604136757101,99.58226585244485,98.69096207417536,99.13739266060394,100.84235150059904,105.3937605849787
120.0,120.0,120.0,120.0,120.0,120.0,120.0,120.0,120.0,120.0,113.5932742025084,113.51242361656224,113.45896614432516,113.45172360388246,113.48076909937677,113.52770580280928,113.5944600365028,113.67417133929098,113.692951053043,112.71604136757101,99.58226585244485,98.69096207417536,99.13739266060394,100.84235150059904,105.3937605849787
120.0,120.0,120.0,120.0,120.0,120.0,120.0,120.0,120.0,120.0,113.5932742025084,113.51242361656224,113.45896614432516,113.45172360388246,113.48076909937677,113.52770580280928,113.5944600365028,113.67417133929098,113.692951053043,112.71604136757101,99.58226585244485,98.69096207417536,99.13739266060394,100.84235150059904,105.3937605849787
120.0,120.0,120.0,120.0,120.0,120.0,120.0,120.0,120.0,120.0,113.5932742025084,113.51242361656224,113.45896614432516,113.45172360388246,113.48076909937677,113.52770580280928,113.5944600365028,113.67417133929098,113.692951053043,112.71604136757101,99.58226585244485,98.69096207417536,99.13739266060394,100.84235150059904,105.3937605849787
120.0,120.0,120.0,120.0,120.0,120.0,120.0,120.0,120.0,120.0,113.5932742025084,113.51242361656224,113.45896614432516,113.45172360388246,113.48076909937677,113.52770580280928,113.5944600365028,113.67417133929098,113.692951053043,112.71604136757101,99.58226585244485,98.69096207417536,99.13739266060394,100.84235150059904,105.3937605849787
120.0,120.0,120.0,120.0,120.0,120.0,120.0,120.0,120.0,120.0,113.5932742025084,113.51242361656224,113.45896614432516,113.45172360388246,113.48076909937677,113.52770580280928,113.5944600365028,113.67417133929098,113.692951053043,112.71604136757101,99.58226585244485,98.69096207417536,99.13739266060394,100.84235150059904,105.3937605849787
120.0,120.0,120.0,120.0,120.0,120.0,120.0,120.0,120.0,120.0,113.5932742025084,113.51242361656224,113.45896614432516,113.45172360388246,113.48076909937677,113.52770580280928,113.5944600365028,113.67417133929098,113.692951053043,112.71604136757101,99.58226585244485,98.69096207417536,99.13739266060394,100.84235150059904,105.3937605849787
120.0,120.0,120.0,120.0,120.0,120.0,120.0,120.0,120.0,120.0,113.5932742025084,113.51242361656224,113.45896614432516,113.45172360388246,113.48076909937677,113.52770580280928,113.5944600365028,113.67417133929098,113.692951053043,112.71604136757101,99.58226585244485,98.69096207417536,99.13739266060394,100.84235150059904,105.3937605849787
120.0,120.0,120.0,120.0,120.0,120.0,120.0,120.0,120.0,120.0,113.5932742025084,113.51242361656224,113.45896614432516,113.45172360388246,113.48076909937677,113.52770580280928,113.5944600365028,113.67417133929098,113.692951053043,112.71604136757101,99.58226585244485,98.69096207417536,99.13739266060394,100.84235150059904,105.3937605849787
120.0,120.0,120.0,120.0,120.0,120.0,120.0,120.0,120.0,120.0,113.5932742025084,113.51242361656224,113.45896614432516,113.45172360388246,113.48076909937677,113.52770580280928,113.5944600365028,113.67417133929098,113.692951053043,112.71604136757101,99.58226585244485,98.69096207417536,99.13739266060394,100.84235150059904,105.3937605849787
120.0,120.0,120.0,120.0,120.0,120.0,120.0,120.0,120.0,120.0,113.5932742025084,113.51242361656224,113.45896614432516,113.45172360388246,113.48076909937677,113.52770580280928,113.5944600365028,113.67417133929098,113.692951053043,112.71604136757101,99.58226585244485,98.69096207417536,99.13739266060394,100.84235150059904,105.3937605849787
120.0,120.0,120.0,120.0,120.0,120.0,120.0,120.0,120.0,120.0,113.5932742025084,113.51242361656224,113.45896614432516,113.45172360388246,113.48076909937677,113.52770580280928,113.5944600365028,113.67417133929098,113.692951053043,112.71604136757101,99.58226585244485,98.69096207417536,99.13739266060394,100.84235150059904,105.3937605849787
120.0,120.0,120.0,120.0,120.0,120.0,120.0,120.0,120.0,120.0,113.5932742025084,113.51242361656224,113.45896614432516,113.45172360388246,113.48076909937677,113.52770580280928,113.5944600365028,113.67417133929098,113.692951053043,112.71604136757101,99.58226585244485,98.69096207417536,99.13739266060394,100.84235150059904,105.3937605849787
120.0,120.0,120.0,120.0,120.0,120.0,120.0,120.0,120.0,120.0,113.5932742025084,113.51242361656224,113.45896614432516,113.45172360388246,113.48076909937677,113.52770580280928,113.5944600365028,113.67417133929098,113.692951053043,112.71604136757101,99.58226585244485,98.69096207417536,99.13739266060394,100.84235150059904,105.3937605849787
120.0,120.0,120.0,120.0,120.0,120.0,120.0,120.0,120.0,120.0,113.5932742025084,113.51242361656224,113.45896614432516,113.45172360388246,113.48076909937677,113.52770580280928,113.5944600365028,113.67417133929098,113.692951053043,112.71604136757101,99.58226585244485,98.69096207417536,99.13739266060394,100.84235150059904,105.3937605849787
120.0,120.0,120.0,120.0,120.0,120.0,120.0,120.0,120.0,120.0,113.5932742025084,113.51242361656224,113.45896614432516,113.45172360388246,113.48076909937677,113.52770580280928,113.5944600365028,113.67417133929098,113.692951053043,112.71604136757101,99.58226585244485,98.69096207417536,99.13739266060394,100.84235150059904,105.3937605849787
120.0,120.0,120.0,120.0,120.0,120.0,120.0,120.0,120.0,120.0,113.5932742025084,113.51242361656224,113.45896614432516,113.45172360388246,113.48076909937677,113.52770580280928,113.5944600365028,113.67417133929098,113.692951053043,112.71604136757101,99.58226585244485,98.69096207417536,99.13739266060394,100.84235150059904,105.3937605849787
120.0,120.0,120.0,120.0,120.0,120.0,120.0,120.0,120.0,120.0,0.001290313411518186,92.45528162509459,98.63862253686864,100.9029116147793,102.58047995227376,103.93060053162785,104.55363856827347,105.45684670914905,104.73504905220908,103.33124613143687,68.12123823791077,89.80412002508201,90.31780844010585,94.7414775600284,102.59847484826761
120.0,120.0,120.0,120.0,120.0,120.0,120.0,120.0,120.0,120.0,0.001290313411518186,92.45528162509459,98.63862253686864,100.9029116147793,102.58047995227376,103.93060053162785,104.55363856827347,105.45684670914905,104.73504905220908,103.33124613143687,68.12123823791077,89.80412002508201,90.31780844010585,94.7414775600284,102.59847484826761
120.0,120.0,120.0,120.0,120.0,120.0,120.0,120.0,120.0,120.0,0.001290313411518186,92.45528162509459,98.63862253686864,100.9029116147793,102.58047995227376,103.93060053162785,104.55363856827347,105.45684670914905,104.73504905220908,103.33124613143687,68.12123823791077,89.80412002508201,90.31780844010585,94.7414775600284,102.59847484826761
120.0,120.0,120.0,120.0,120.0,120.0,120.0,120.0,120.0,120.0,0.001290313411518186,92.45528162509459,98.63862253686864,100.9029116147793,102.58047995227376,103.93060053162785,104.55363856827347,105.45684670914905,104.73504905220908,103.33124613143687,68.12123823791077,89.80412002508201,90.31780844010585,94.7414775600284,102.59847484826761
120.0,120.0,120.0,120.0,120.0,120.0,120.0,120.0,120.0,120.0,0.001290313411518186,92.45528162509459,98.63862253686864,100.9029116147793,102.58047995227376,103.93060053162785,104.55363856827347,105.45684670914905,104.73504905220908,103.33124613143687,68.12123823791077,89.80412002508201,90.31780844010585,94.7414775600284,102.59847484826761
120.0,120.0,120.0,120.0,120.0,120.0,120.0,120.0,120.0,120.0,0.001290313411518186,92.45528162509459,98.63862253686864,100.9029116147793,102.58047995227376,103.93060053162785,104.55363856827347,105.45684670914905,104.73504905220908,103.33124613143687,68.12123823791077,89.80412002508201,90.31780844010585,94.7414775600284,102.59847484826761
120.0,120.0,120.0,120.0,120.0,120.0,120.0,120.0,120.0,120.0,0.001290313411518186,92.45528162509459,98.63862253686864,100.9029116147793,102.58047995227376,103.93060053162785,104.55363856827347,105.45684670914905,104.73504905220908,103.33124613143687,68.12123823791077,89.80412002508201,90.31780844010585,94.7414775600284,102.59847484826761
120.0,120.0,120.0,120.0,120.0,120.0,120.0,120.0,120.0,120.0,0.001290313411518186,92.45528162509459,98.63862253686864,100.9029116147793,102.58047995227376,103.93060053162785,104.55363856827347,105.45684670914905,104.73504905220908,103.33124613143687,68.12123823791077,89.80412002508201,90.31780844010585,94.7414775600284,102.59847484826761
120.0,120.0,120.0,120.0,120.0,120.0,120.0,120.0,120.0,120.0,0.001290313411518186,92.45528162509459,98.63862253686864,100.9029116147793,102.58047995227376,103.93060053162785,104.55363856827347,105.45684670914905,104.73504905220908,103.33124613143687,68.12123823791077,89.80412002508201,90.31780844010585,94.7414775600284,102.59847484826761
120.0,120.0,120.0,120.0,120.0,120.0,120.0,120.0,120.0,120.0,0.001290313411518186,92.45528162509459,98.63862253686864,100.9029116147793,102.58047995227376,103.93060053162785,104.55363856827347,105.45684670914905,104.73504905220908,103.33124613143687,68.12123823791077,89.80412002508201,90.31780844010585,94.7414775600284,102.59847484826761
120.0,120.0,120.0,120.0,120.0,120.0,120.0,120.0,120.0,120.0,0.001290313411518186,92.45528162509459,98.63862253686864,100.9029116147793,102.58047995227376,103.93060053162785,104.55363856827347,105.45684670914905,104.73504905220908,103.33124613143687,68.12123823791077,89.80412002508201,90.31780844010585,94.7414775600284,102.59847484826761
120.0,120.0,120.0,120.0,120.0,120.0,120.0,120.0,120.0,120.0,0.001290313411518186,92.45528162509459,98.63862253686864,100.9029116147793,102.58047995227376,103.93060053162785,104.55363856827347,105.45684670914905,104.73504905220908,103.33124613143687,68.12123823791077,89.80412002508201,90.31780844010585,94.7414775600284,102.59847484826761
120.0,120.0,120.0,120.0,120.0,120.0,120.0,120.0,120.0,120.0,0.0012903134115181858,92.45528162509459,98.63862253686864,100.9029116147793,102.58047995227376,103.93060053162785,104.55363856827347,105.45684670914905,104.73504905220908,103.33124613143687,68.12123823791077,89.80412002508201,90.31780844010585,94.7414775600284,102.59847484826761
120.0,120.0,120.0,120.0,120.0,120.0,120.0,120.0,120.0,120.0,0.0012903134115181858,92.45528162509459,98.63862253686864,100.9029116147793,102.58047995227376,103.93060053162785,104.55363856827347,105.45684670914905,104.73504905220908,103.33124613143687,68.12123823791077,89.80412002508201,90.31780844010585,94.7414775600284,102.59847484826761
120.0,120.0,120.0,120.0,120.0,120.0,120.0,120.0,120.0,120.0,0.0012903134115181858,92.45528162509459,98.63862253686864,100.9029116147793,102.58047995227376,103.93060053162785,104.55363856827347,105.45684670914905,104.73504905220908,103.33124613143687,68.12123823791077,89.80412002508201,90.31780844010585,94.7414775600284,102.59847484826761
120.0,120.0,120.0,120.0,120.0,120.0,120.0,120.0,120.0,120.0,0.0012903134115181858,92.45528162509459,98.63862253686864,100.9029116147793,102.58047995227376,103.93060053162785,104.55363856827347,105.45684670914905,104.73504905220908,103.33124613143687,68.12123823791077,89.80412002508201,90.31780844010585,94.7414775600284,102.59847484826761
120.0,120.0,120.0,120.0,120.0,120.0,120.0,120.0,120.0,120.0,0.0012903134115181858,92.45528162509459,98.63862253686864,100.9029116147793,102.58047995227376,103.93060053162785,104.55363856827347,105.45684670914905,104.73504905220908,103.33124613143687,68.12123823791077,89.80412002508201,90.31780844010585,94.7414775600284,102.59847484826761
120.0,120.0,120.0,120.0,120.0,120.0,120.0,120.0,120.0,120.0,0.0012903134115181858,92.45528162509459,98.63862253686864,100.9029116147793,102.58047995227376,103.93060053162785,104.55363856827347,105.45684670914905,104.73504905220908,103.33124613143687,68.12123823791077,89.80412002508201,90.31780844010585,94.7414775600284,102.59847484826761
120.0,120.0,120.0,120.0,120.0,120.0,120.0,120.0,120.0,120.0,0.0006644710939037681,109.9439072326283,111.9042846760842,112.8146440500585,113.32140064203608,113.6485217504437,103.70023277696137,104.11086538662995,104.72496331108617,102.18267913200691,67.94970069547844,97.67159934634897,95.25359184838001,97.71108218695798,104.10597819044848
120.0,120.0,120.0,120.0,120.0,120.0,120.0,120.0,120.0,120.0,0.0006644710939037681,109.9439072326283,111.9042846760842,112.8146440500585,113.32140064203608,113.6485217504437,103.70023277696137,104.11086538662995,104.72496331108617,102.18267913200691,67.94970069547844,97.67159934634897,95.25359184838001,97.71108218695798,104.10597819044848
120.0,120.0,120.0,120.0,120.0,120.0,120.0,120.0,120.0,120.0,0.0006644710939037681,109.9439072326283,111.9042846760842,112.8146440500585,113.32140064203608,113.6485217504437,103.70023277696137,104.11086538662995,104.72496331108617,102.18267913200691,67.94970069547844,97.67159934634897,95.25359184838001,97.71108218695798,104.10597819044848
120.0,120.0,120.0,120.0,120.0,120.0,120.0,120.0,120.0,120.0,0.0006644710939037684,109.9439072326283,111.9042846760842,112.8146440500585,113.32140064203608,113.6485217504437,103.70023277696137,104.11086538662995,104.72496331108617,102.18267913200691,67.94970069547844,97.67159934634897,95.25359184838001,97.71108218695798,104.10597819044848
120.0,120.0,120.0,120.0,120.0,120.0,120.0,120.0,120.0,120.0,0.0006644710939037684,109.9439072326283,111.9042846760842,112.8146440500585,113.32140064203608,113.6485217504437,103.70023277696137,104.11086538662995,104.72496331108617,102.18267913200691,67.94970069547844,97.67159934634897,95.25359184838001,97.71108218695798,104.10597819044848
120.0,120.0,120.0,120.0,120.0,120.0,120.0,120.0,120.0,120.0,0.0006644710939037684,109.9439072326283,111.9042846760842,112.8146440500585,113.32140064203608,113.6485217504437,103.70023277696137,104.11086538662995,104.72496331108617,102.18267913200691,67.94970069547844,97.67159934634897,95.25359184838001,97.71108218695798,104.10597819044848
120.0,120.0,120.0,120.0,120.0,120.0,120.0,120.0,120.0,120.0,0.0006644710939037684,109.9439072326283,111.9042846760842,112.8146440500585,113.32140064203608,113.6485217504437,103.70023277696137,104.11086538662995,104.72496331108617,102.18267913200691,67.94970069547844,97.67159934634897,95.25359184838001,97.71108218695798,104.10597819044848
120.0,120.0,120.0,120.0,120.0,120.0,120.0,120.0,120.0,120.0,0.0006644710939037684,109.9439072326283,111.9042846760842,112.8146440500585,113.32140064203608,113.6485217504437,103.70023277696137,104.11086538662995,104.72496331108617,102.18267913200691,67.94970069547844,97.67159934634897,95.25359184838001,97.71108218695798,104.10597819044848
120.0,120.0,120.0,120.0,120.0,120.0,120.0,120.0,120.0,120.0,0.0006644710939037684,109.9439072326283,111.9042846760842,112.8146440500585,113.32140064203608,113.6485217504437,103.70023277696137,104.11086538662995,104.72496331108617,102.18267913200691,67.94970069547844,97.67159934634897,95.25359184838001,97.71108218695798,104.10597819044848
120.0,120.0,120.0,120.0,120.0,120.0,120.0,120.0,120.0,120.0,0.0006644710939037684,109.9439072326283,111.9042846760842,112.8146440500585,113.32140064203608,113.6485217504437,103.70023277696137,104.11086538662995,104.72496331108617,102.18267913200691,67.94970069547844,97.67159934634897,95.25359184838001,97.71108218695798,104.10597819044848
120.0,120.0,120.0,120.0,120.0,120.0,120.0,120.0,120.0,120.0,0.0006644710939037684,109.9439072326283,111.9042846760842,112.8146440500585,113.32140064203608,113.6485217504437,103.70023277696137,104.11086538662995,104.72496331108617,102.18267913200691,67.94970069547844,97.67159934634897,95.25359184838001,97.71108218695798,104.10597819044848
120.0,120.0,120.0,120.0,120.0,120.0,120.0,120.0,120.0,120.0,0.0006644710939037684,109.9439072326283,111.9042846760842,112.8146440500585,113.32140064203608,113.6485217504437,103.70023277696137,104.11086538662995,104.72496331108617,102.18267913200691,67.94970069547844,97.67159934634897,95.25359184838001,97.71108218695798,104.10597819044848
120.0,120.0,120.0,120.0,120.0,120.0,120.0,120.0,120.0,120.0,0.0006644710939037684,109.9439072326283,111.9042846760842,112.8146440500585,113.32140064203608,113.6485217504437,103.70023277696137,104.11086538662995,104.72496331108617,102.18267913200691,67.94970069547844,97.67159934634897,95.25359184838001,97.71108218695798,104.10597819044848
120.0,120.0,120.0,120.0,120.0,120.0,120.0,120.0,120.0,120.0,0.0006644710939037684,109.9439072326283,111.9042846760842,112.8146440500585,113.32140064203608,113.6485217504437,103.70023277696137,104.11086538662995,104.72496331108617,102.18267913200691,67.94970069547844,97.67159934634897,95.25359184838001,97.71108218695798,104.10597819044848
120.0,120.0,120.0,120.0,120.0,120.0,120.0,120.0,120.0,120.0,0.0006644710939037684,109.9439072326283,111.9042846760842,112.8146440500585,113.32140064203608,113.6485217504437,103.70023277696137,104.11086538662995,104.72496331108617,102.18267913200691,67.94970069547844,97.67159934634897,95.25359184838001,97.71108218695798,104.10597819044848
120.0,120.0,120.0,120.0,120.0,120.0,120.0,120.0,120.0,120.0,0.0006644710939037684,109.9439072326283,111.9042846760842,112.8146440500585,113.32140064203608,113.6485217504437,103.70023277696137,104.11086538662995,104.72496331108617,102.18267913200691,67.94970069547844,97.67159934634897,95.25359184838001,97.71108218695798,104.10597819044848
120.0,120.0,120.0,120.0,120.0,120.0,120.0,120.0,120.0,120.0,0.0006644710939037684,109.9439072326283,111.9042846760842,112.8146440500585,113.32140064203608,113.6485217504437,103.70023277696137,104.11086538662995,104.72496331108617,102.18267913200691,67.94970069547844,97.67159934634897,95.25359184838001,97.71108218695798,104.10597819044848
120.0,120.0,120.0,120.0,120.0,120.0,120.0,120.0,120.0,120.0,0.0006644710939037684,109.9439072326283,111.9042846760842,112.8146440500585,113.32140064203608,113.6485217504437,103.70023277696137,104.11086538662995,104.72496331108617,102.18267913200691,67.94970069547844,97.67159934634897,95.25359184838001,97.71108218695798,104.10597819044848
120.0,120.0,120.0,120.0,120.0,120.0,120.0,120.0,120.0,120.0,19.032177513812602,0.023424677577277085,75.98279542910171,98.22236527804999,102.1021565631703,103.96920509305167,105.30732877323418,105.68835442438353,106.72850553222372,104.86412637454373,96.36246516351731,89.27991693260985,88.23649137401708,92.66781167476381,101.5364162057969
120.0,120.0,120.0,120.0,120.0,120.0,120.0,120.0,120.0,120.0,19.032177513812602,0.023424677577277085,75.98279542910171,98.22236527804999,102.1021565631703,103.96920509305167,105.30732877323418,105.68835442438353,106.72850553222372,104.86412637454373,96.36246516351731,89.27991693260985,88.23649137401708,92.66781167476381,101.5364162057969
120.0,120.0,120.0,120.0,120.0,120.0,120.0,120.0,120.0,120.0,19.032177513812602,0.023424677577277085,75.98279542910171,98.22236527804999,102.1021565631703,103.96920509305167,105.30732877323418,105.68835442438353,106.72850553222372,104.86412637454373,96.36246516351731,89.27991693260985,88.23649137401708,92.66781167476381,101.5364162057969
120.0,120.0,120.0,120.0,120.0,120.0,120.0,120.0,120.0,120.0,19.032177513812602,0.023424677577277085,75.98279542910171,98.22236527804999,102.1021565631703,103.96920509305167,105.30732877323418,105.68835442438353,106.72850553222372,104.86412637454373,96.36246516351731,89.27991693260985,88.23649137401708,92.66781167476381,101.5364162057969
120.0,120.0,120.0,120.0,120.0,120.0,120.0,120.0,120.0,120.0,19.032177513812602,0.023424677577277085,75.98279542910171,98.22236527804999,102.1021565631703,103.96920509305167,105.30732877323418,105.68835442438353,106.72850553222372,104.86412637454373,96.36246516351731,89.27991693260985,88.23649137401708,92.66781167476381,101.5364162057969
120.0,120.0,120.0,120.0,120.0,120.0,120.0,120.0,120.0,120.0,19.032177513812602,0.023424677577277085,75.98279542910171,98.22236527804999,102.1021565631703,103.96920509305167,105.30732877323418,105.68835442438353,106.72850553222372,104.86412637454373,96.36246516351731,89.27991693260985,88.23649137401708,92.66781167476381,101.5364162057969
120.0,120.0,120.0,120.0,120.0,120.0,120.0,120.0,120.0,120.0,19.032177513812602,0.023424677577277085,75.98279542910171,98.22236527804999,102.1021565631703,103.96920509305167,105.30732877323418,105.68835442438353,106.72850553222372,104.86412637454373,96.36246516351731,89.27991693260985,88.23649137401708,92.66781167476381,101.5364162057969
120.0,120.0,120.0,120.0,120.0,120.0,120.0,120.0,120.0,120.0,19.032177513812602,0.023424677577277085,75.98279542910171,98.22236527804999,102.1021565631703,103.96920509305167,105.30732877323418,105.68835442438353,106.72850553222372,104.86412637454373,96.36246516351731,89.27991693260985,88.23649137401708,92.66781167476381,101.5364162057969
120.0,120.0,120.0,120.0,120.0,120.0,120.0,120.0,120.0,120.0,19.032177513812602,0.023424677577277085,75.98279542910171,98.22236527804999,102.1021565631703,103.96920509305167,105.30732877323418,105.68835442438353,106.72850553222372,104.86412637454373,96.36246516351731,89.27991693260985,88.23649137401708,92.66781167476381,101.5364162057969
120.0,120.0,120.0,120.0,120.0,120.0,120.0,120.0,120.0,120.0,19.032177513812602,0.023424677577277085,75.98279542910171,98.22236527804999,102.1021565631703,103.96920509305167,105.30732877323418,105.68835442438353,106.72850553222372,104.86412637454373,96.36246516351731,89.27991693260985,88.23649137401708,92.66781167476381,101.5364162057969
120.0,120.0,120.0,120.0,120.0,120.0,120.0,120.0,120.0,120.0,19.032177513812602,0.023424677577277085,75.98279542910171,98.22236527804999,102.1021565631703,103.96920509305167,105.30732877323418,105.68835442438353,106.72850553222372,104.86412637454373,96.36246516351731,89.27991693260985,88.23649137401708,92.66781167476381,101.5364162057969
120.0,120.0,120.0,120.0,120.0,120.0,120.0,120.0,120.0,120.0,19.032177513812602,0.023424677577277085,75.98279542910171,98.22236527804999,102.1021565631703,103.96920509305167,105.30732877323418,105.68835442438353,106.72850553222372,104.86412637454373,96.36246516351731,89.27991693260985,88.23649137401708,92.66781167476381,101.5364162057969
120.0,120.0,120.0,120.0,120.0,120.0,120.0,120.0,120.0,120.0,19.032177513812602,0.023424677577277085,75.98279542910171,98.22236527804999,102.1021565631703,103.96920509305167,105.30732877323418,105.68835442438353,106.72850553222372,104.86412637454373,96.36246516351731,89.27991693260985,88.23649137401708,92.66781167476381,101.5364162057969
120.0,120.0,120.0,120.0,120.0,120.0,120.0,120.0,120.0,120.0,19.032177513812602,0.023424677577277085,75.98279542910171,98.22236527804999,102.1021565631703,103.96920509305167,105.30732877323418,105.68835442438353,106.72850553222372,104.86412637454373,96.36246516351731,89.27991693260985,88.23649137401708,92.66781167476381,101.5364162057969
120.0,120.0,120.0,120.0,120.0,120.0,120.0,120.0,120.0,120.0,19.032177513812602,0.023424677577277085,75.98279542910171,98.22236527804999,102.1021565631703,103.96920509305167,105.30732877323418,105.68835442438353,106.72850553222372,104.86412637454373,96.36246516351731,89.27991693260985,88.23649137401708,92.66781167476381,101.5364162057969
120.0,120.0,120.0,120.0,120.0,120.0,120.0,120.0,120.0,120.0,19.032177513812602,0.023424677577277085,75.98279542910171,98.22236527804999,102.1021565631703,103.96920509305167,105.30732877323418,105.68835442438353,106.72850553222372,104.86412637454373,96.36246516351731,89.27991693260985,88.23649137401708,92.66781167476381,101.5364162057969
120.0,120.0,120.0,120.0,120.0,120.0,120.0,120.0,120.0,120.0,19.032177513812602,0.023424677577277085,75.98279542910171,98.22236527804999,102.1021565631703,103.96920509305167,105.30732877323418,105.68835442438353,106.72850553222372,104.86412637454373,96.36246516351731,89.27991693260985,88.23649137401708,92.66781167476381,101.5364162057969
120.0,120.0,120.0,120.0,120.0,120.0,120.0,120.0,120.0,120.0,19.032177513812602,0.023424677577277085,75.98279542910171,98.22236527804999,102.1021565631703,103.96920509305167,105.30732877323418,105.68835442438353,106.72850553222372,104.86412637454373,96.36246516351731,89.27991693260985,88.23649137401708,92.66781167476381,101.5364162057969
120.0,120.0,120.0,120.0,120.0,120.0,120.0,120.0,120.0,120.0,0.2089763378275678,10.921223069423892,89.91828153231302,98.77903766684791,101.20922026504735,102.85215246620113,104.14617790088577,105.01024476355924,105.55935345885192,103.49643523854357,101.2667456134392,96.27464894797887,92.33422075166108,93.65755788818659,101.43774225865877
120.0,120.0,120.0,120.0,120.0,120.0,120.0,120.0,120.0,120.0,0.2089763378275678,10.921223069423892,89.91828153231302,98.77903766684791,101.20922026504735,102.85215246620113,104.14617790088577,105.01024476355924,105.55935345885192,103.49643523854357,101.2667456134392,96.27464894797887,92.33422075166108,93.65755788818659,101.43774225865877
120.0,120.0,120.0,120.0,120.0,120.0,120.0,120.0,120.0,120.0,0.2089763378275678,10.921223069423892,89.91828153231302,98.77903766684791,101.20922026504735,102.85215246620113,104.14617790088577,105.01024476355924,105.55935345885192,103.49643523854357,101.2667456134392,96.27464894797887,92.33422075166108,93.65755788818659,101.43774225865877
120.0,120.0,120.0,120.0,120.0,120.0,120.0,120.0,120.0,120.0,0.2089763378275678,10.921223069423892,89.91828153231302,98.77903766684791,101.20922026504735,102.85215246620113,104.14617790088577,105.01024476355924,105.55935345885192,103.49643523854357,101.2667456134392,96.27464894797887,92.33422075166108,93.65755788818659,101.43774225865877
120.0,120.0,120.0,120.0,120.0,120.0,120.0,120.0,120.0,120.0,0.2089763378275678,10.921223069423892,89.91828153231302,98.77903766684791,101.20922026504735,102.85215246620113,104.14617790088577,105.01024476355924,105.55935345885192,103.49643523854357,101.2667456134392,96.27464894797887,92.33422075166108,93.65755788818659,101.43774225865877
120.0,120.0,120.0,120.0,120.0,120.0,120.0,120.0,120.0,120.0,0.2089763378275678,10.921223069423892,89.91828153231302,98.77903766684791,101.20922026504735,102.85215246620113,104.14617790088577,105.01024476355924,105.55935345885192,103.49643523854357,101.2667456134392,96.27464894797887,92.33422075166108,93.65755788818659,101.43774225865877
120.0,120.0,120.0,120.0,120.0,120.0,120.0,120.0,120.0,120.0,0.2089763378275678,10.921223069423892,89.91828153231302,98.77903766684791,101.20922026504735,102.85215246620113,104.14617790088577,105.01024476355924,105.55935345885192,103.49643523854357,101.2667456134392,96.27464894797887,92.33422075166108,93.65755788818659,101.43774225865877
120.0,120.0,120.0,120.0,120.0,120.0,120.0,120.0,120.0,120.0,0.2089763378275678,10.921223069423892,89.91828153231302,98.77903766684791,101.20922026504735,102.85215246620113,104.14617790088577,105.01024476355924,105.55935345885192,103.49643523854357,101.2667456134392,96.27464894797887,92.33422075166108,93.65755788818659,101.43774225865877
120.0,120.0,120.0,120.0,120.0,120.0,120.0,120.0,120.0,120.0,0.2089763378275678,10.921223069423892,89.91828153231302,98.77903766684791,101.20922026504735,102.85215246620113,104.14617790088577,105.01024476355924,105.55935345885192,103.49643523854357,101.2667456134392,96.27464894797887,92.33422075166108,93.65755788818659,101.43774225865877
120.0,120.0,120.0,120.0,120.0,120.0,120.0,120.0,120.0,120.0,0.2089763378275678,10.921223069423892,89.91828153231302,98.77903766684791,101.20922026504735,102.85215246620113,104.14617790088577,105.01024476355924,105.55935345885192,103.49643523854357,101.2667456134392,96.27464894797887,92.33422075166108,93.65755788818659,101.43774225865877
120.0,120.0,120.0,120.0,120.0,120.0,120.0,120.0,120.0,120.0,0.2089763378275678,10.921223069423892,89.91828153231302,98.77903766684791,101.20922026504735,102.85215246620113,104.14617790088577,105.01024476355924,105.55935345885192,103.49643523854357,101.2667456134392,96.27464894797887,92.33422075166108,93.65755788818659,101.43774225865877
120.0,120.0,120.0,120.0,120.0,120.0,120.0,120.0,120.0,120.0,0.2089763378275678,10.921223069423892,89.91828153231302,98.77903766684791,101.20922026504735,102.85215246620113,104.14617790088577,105.01024476355924,105.55935345885192,103.49643523854357,101.2667456134392,96.27464894797887,92.33422075166108,93.65755788818659,101.43774225865877
120.0,120.0,120.0,120.0,120.0,120.0,120.0,120.0,120.0,120.0,0.2089763378275678,10.921223069423892,89.91828153231302,98.77903766684791,101.20922026504735,102.85215246620113,104.14617790088577,105.01024476355924,105.55935345885192,103.49643523854357,101.2667456134392,96.27464894797887,92.33422075166108,93.65755788818659,101.43774225865877
120.0,120.0,120.0,120.0,120.0,120.0,120.0,120.0,120.0,120.0,0.2089763378275678,10.921223069423892,89.91828153231302,98.77903766684791,101.20922026504735,102.85215246620113,104.14617790088577,105.01024476355924,105.55935345885192,103.49643523854357,101.2667456134392,96.27464894797887,92.33422075166108,93.65755788818659,101.43774225865877
120.0,120.0,120.0,120.0,120.0,120.0,120.0,120.0,120.0,120.0,0.2089763378275678,10.921223069423892,89.91828153231302,98.77903766684791,101.20922026504735,102.85215246620113,104.14617790088577,105.01024476355924,105.55935345885192,103.49643523854357,101.2667456134392,96.27464894797887,92.33422075166108,93.65755788818659,101.43774225865877
120.0,120.0,120.0,120.0,120.0,120.0,120.0,120.0,120.0,120.0,0.2089763378275678,10.921223069423892,89.91828153231302,98.77903766684791,101.20922026504735,102.85215246620113,104.14617790088577,105.01024476355924,105.55935345885192,103.49643523854357,101.2667456134392,96.27464894797887,92.33422075166108,93.65755788818659,101.43774225865877
120.0,120.0,120.0,120.0,120.0,120.0,120.0,120.0,120.0,120.0,0.2089763378275678,10.921223069423892,89.91828153231302,98.77903766684791,101.20922026504735,102.85215246620113,104.14617790088577,105.01024476355924,105.55935345885192,103.49643523854357,101.2667456134392,96.27464894797887,92.33422075166108,93.65755788818659,101.43774225865877
120.0,120.0,120.0,120.0,120.0,120.0,120.0,120.0,120.0,120.0,0.2089763378275678,10.921223069423892,89.91828153231302,98.77903766684791,101.20922026504735,102.85215246620113,104.14617790088577,105.01024476355924,105.55935345885192,103.49643523854357,101.2667456134392,96.27464894797887,92.33422075166108,93.65755788818659,101.43774225865877
120.0,120.0,120.0,120.0,120.0,120.0,120.0,120.0,120.0,120.0,0.12094983005983177,0.02865718634394242,73.47621394490398,98.55069080243875,101.66252366679733,103.25295777857806,104.04588987324635,114.5029608636735,114.43995563189229,113.19880534022334,67.21654916769494,94.3587288881487,54.720539526577845,57.79528938303858,72.87872084091298
120.0,120.0,120.0,120.0,120.0,120.0,120.0,120.0,120.0,120.0,0.12094983005983177,0.02865718634394242,73.47621394490398,98.55069080243875,101.66252366679733,103.25295777857806,104.04588987324635,114.5029608636735,114.43995563189229,113.19880534022334,67.21654916769494,94.3587288881487,54.720539526577845,57.79528938303858,72.87872084091298
120.0,120.0,120.0,120.0,120.0,120.0,120.0,120.0,120.0,120.0,0.12094983005983177,0.02865718634394242,73.47621394490398,98.55069080243875,101.66252366679733,103.25295777857806,104.04588987324635,114.5029608636735,114.43995563189229,113.19880534022334,67.21654916769494,94.3587288881487,54.720539526577845,57.79528938303858,72.87872084091298
120.0,120.0,120.0,120.0,120.0,120.0,120.0,120.0,120.0,120.0,0.12094983005983177,0.02865718634394242,73.47621394490398,98.55069080243875,101.66252366679733,103.25295777857806,104.04588987324635,114.5029608636735,114.43995563189229,113.19880534022334,67.21654916769494,94.3587288881487,54.720539526577845,57.79528938303858,72.87872084091298
120.0,120.0,120.0,120.0,120.0,120.0,120.0,120.0,120.0,120.0,0.12094983005983177,0.02865718634394242,73.47621394490398,98.55069080243875,101.66252366679733,103.25295777857806,104.04588987324635,114.5029608636735,114.43995563189229,113.19880534022334,67.21654916769494,94.3587288881487,54.720539526577845,57.79528938303858,72.87872084091298
120.0,120.0,120.0,120.0,120.0,120.0,120.0,120.0,120.0,120.0,0.12094983005983177,0.02865718634394242,73.47621394490398,98.55069080243875,101.66252366679733,103.25295777857806,104.04588987324635,114.5029608636735,114.43995563189229,113.19880534022334,67.21654916769494,94.3587288881487,54.720539526577845,57.79528938303858,72.87872084091298
120.0,120.0,120.0,120.0,120.0,120.0,120.0,120.0,120.0,120.0,0.12094983005983177,0.02865718634394242,73.47621394490398,98.55069080243875,101.66252366679733,103.25295777857806,104.04588987324635,114.5029608636735,114.43995563189229,113.19880534022334,67.21654916769494,94.3587288881487,54.720539526577845,57.79528938303858,72.87872084091298
120.0,120.0,120.0,120.0,120.0,120.0,120.0,120.0,120.0,120.0,0.12094983005983177,0.02865718634394242,73.47621394490398,98.55069080243875,101.66252366679733,103.25295777857806,104.04588987324635,114.5029608636735,114.43995563189229,113.19880534022334,67.21654916769494,94.3587288881487,54.720539526577845,57.79528938303858,72.87872084091298
120.0,120.0,120.0,120.0,120.0,120.0,120.0,120.0,120.0,120.0,0.12094983005983177,0.02865718634394242,73.47621394490398,98.55069080243875,101.66252366679733,103.25295777857806,104.04588987324635,114.5029608636735,114.43995563189229,113.19880534022334,67.21654916769494,94.3587288881487,54.720539526577845,57.79528938303858,72.87872084091298
120.0,120.0,120.0,120.0,120.0,120.0,120.0,120.0,120.0,120.0,0.12094983005983177,0.02865718634394242,73.47621394490398,98.55069080243875,101.66252366679733,103.25295777857806,104.04588987324635,114.5029608636735,114.43995563189229,113.19880534022334,67.21654916769494,94.3587288881487,54.720539526577845,57.79528938303858,72.87872084091298
120.0,120.0,120.0,120.0,120.0,120.0,120.0,120.0,120.0,120.0,0.12094983005983177,0.02865718634394242,73.47621394490398,98.55069080243875,101.66252366679733,103.25295777857806,104.04588987324635,114.5029608636735,114.43995563189229,113.19880534022334,67.21654916769494,94.3587288881487,54.720539526577845,57.79528938303858,72.87872084091298
120.0,120.0,120.0,120.0,120.0,120.0,120.0,120.0,120.0,120.0,0.12094983005983177,0.028657186343942424,73.47621394490398,98.55069080243875,101.66252366679733,103.25295777857806,104.04588987324635,114.5029608636735,114.43995563189229,113.19880534022334,67.21654916769494,94.3587288881487,54.720539526577845,57.79528938303858,72.87872084091298
120.0,120.0,120.0,120.0,120.0,120.0,120.0,120.0,120.0,120.0,0.12094983005983177,0.028657186343942424,73.47621394490398,98.55069080243875,101.66252366679733,103.25295777857806,104.04588987324635,114.5029608636735,114.43995563189229,113.19880534022334,67.21654916769494,94.3587288881487,54.720539526577845,57.79528938303858,72.87872084091298
120.0,120.0,120.0,120.0,120.0,120.0,120.0,120.0,120.0,120.0,0.12094983005983177,0.028657186343942424,73.47621394490398,98.55069080243875,101.66252366679733,103.25295777857806,104.04588987324635,114.5029608636735,114.43995563189229,113.19880534022334,67.21654916769494,94.3587288881487,54.720539526577845,57.79528938303858,72.87872084091298
120.0,120.0,120.0,120.0,120.0,120.0,120.0,120.0,120.0,120.0,0.12094983005983177,0.028657186343942424,73.47621394490398,98.55069080243875,101.66252366679733,103.25295777857806,104.04588987324635,114.5029608636735,114.43995563189229,113.19880534022334,67.21654916769494,94.3587288881487,54.720539526577845,57.79528938303858,72.87872084091298
120.0,120.0,120.0,120.0,120.0,120.0,120.0,120.0,120.0,120.0,0.12094983005983177,0.028657186343942424,73.47621394490398,98.55069080243875,101.66252366679733,103.25295777857806,104.04588987324635,114.5029608636735,114.43995563189229,113.19880534022334,67.21654916769494,94.3587288881487,54.720539526577845,57.79528938303858,72.87872084091298
120.0,120.0,120.0,120.0,120.0,120.0,120.0,120.0,120.0,120.0,0.12094983005983177,0.028657186343942424,73.47621394490398,98.55069080243875,101.66252366679733,103.25295777857806,104.04588987324635,114.5029608636735,114.43995563189229,113.19880534022334,67.21654916769494,94.3587288881487,54.720539526577845,57.79528938303858,72.87872084091298
120.0,120.0,120.0,120.0,120.0,120.0,120.0,120.0,120.0,120.0,0.12094983005983177,0.028657186343942424,73.47621394490398,98.55069080243875,101.66252366679733,103.25295777857806,104.04588987324635,114.5029608636735,114.43995563189229,113.19880534022334,67.21654916769494,94.3587288881487,54.720539526577845,57.79528938303858,72.87872084091298
120.0,120.0,120.0,120.0,120.0,120.0,120.0,120.0,120.0,120.0,0.0017188967495085476,0.001787420065156642,65.92804772868101,111.58839529693275,113.09601029771105,113.77257073852246,114.1401617839603,114.35887849000027,114.42620756269585,113.41739921938373,67.39049145400614,95.33257630848075,92.81031447198157,94.67066223040133,72.81334757775815
120.0,120.0,120.0,120.0,120.0,120.0,120.0,120.0,120.0,120.0,0.0017188967495085476,0.001787420065156642,65.92804772868101,111.58839529693275,113.09601029771105,113.77257073852246,114.1401617839603,114.35887849000027,114.42620756269585,113.41739921938373,67.39049145400614,95.33257630848075,92.81031447198157,94.67066223040133,72.81334757775815
120.0,120.0,120.0,120.0,120.0,120.0,120.0,120.0,120.0,120.0,0.0017188967495085476,0.0017874200651566419,65.92804772868101,111.58839529693275,113.09601029771105,113.77257073852246,114.1401617839603,114.35887849000027,114.42620756269585,113.41739921938373,67.39049145400614,95.33257630848075,92.81031447198157,94.67066223040133,72.81334757775815
120.0,120.0,120.0,120.0,120.0,120.0,120.0,120.0,120.0,120.0,0.0017188967495085476,0.0017874200651566423,65.92804772868101,111.58839529693275,113.09601029771105,113.77257073852246,114.1401617839603,114.35887849000027,114.42620756269585,113.41739921938373,67.39049145400614,95.33257630848075,92.81031447198157,94.67066223040133,72.81334757775815
120.0,120.0,120.0,120.0,120.0,120.0,120.0,120.0,120.0,120.0,0.0017188967495085474,0.0017874200651566423,65.92804772868101,111.58839529693275,113.09601029771105,113.77257073852246,114.1401617839603,114.35887849000027,114.42620756269585,113.41739921938373,67.39049145400614,95.33257630848075,92.81031447198157,94.67066223040133,72.81334757775815
120.0,120.0,120.0,120.0,120.0,120.0,120.0,120.0,120.0,120.0,0.0017188967495085476,0.001787420065156642,65.92804772868101,111.58839529693275,113.09601029771105,113.77257073852246,114.1401617839603,114.35887849000027,114.42620756269585,113.41739921938373,67.39049145400614,95.33257630848075,92.81031447198157,94.67066223040133,72.81334757775815
120.0,120.0,120.0,120.0,120.0,120.0,120.0,120.0,120.0,120.0,0.0017188967495085474,0.001787420065156642,65.92804772868101,111.58839529693275,113.09601029771105,113.77257073852246,114.1401617839603,114.35887849000027,114.42620756269585,113.41739921938373,67.39049145400614,95.33257630848075,92.81031447198157,94.67066223040133,72.81334757775815
120.0,120.0,120.0,120.0,120.0,120.0,120.0,120.0,120.0,120.0,0.0017188967495085474,0.0017874200651566419,65.92804772868101,111.58839529693275,113.09601029771105,113.77257073852246,114.1401617839603,114.35887849000027,114.42620756269585,113.41739921938373,67.39049145400614,95.33257630848075,92.81031447198157,94.67066223040133,72.81334757775815
120.0,120.0,120.0,120.0,120.0,120.0,120.0,120.0,120.0,120.0,0.0017188967495085472,0.0017874200651566419,65.92804772868101,111.58839529693275,113.09601029771105,113.77257073852246,114.1401617839603,114.35887849000027,114.42620756269585,113.41739921938373,67.39049145400614,95.33257630848075,92.81031447198157,94.67066223040133,72.81334757775815
120.0,120.0,120.0,120.0,120.0,120.0,120.0,120.0,120.0,120.0,0.0017188967495085472,0.0017874200651566417,65.92804772868101,111.58839529693275,113.09601029771105,113.77257073852246,114.1401617839603,114.35887849000027,114.42620756269585,113.41739921938373,67.39049145400614,95.33257630848075,92.81031447198157,94.67066223040133,72.81334757775815
120.0,120.0,120.0,120.0,120.0,120.0,120.0,120.0,120.0,120.0,0.001718896749508547,0.0017874200651566417,65.92804772868101,111.58839529693275,113.09601029771105,113.77257073852246,114.1401617839603,114.35887849000027,114.42620756269585,113.41739921938373,67.39049145400614,95.33257630848075,92.81031447198157,94.67066223040133,72.81334757775815
120.0,120.0,120.0,120.0,120.0,120.0,120.0,120.0,120.0,120.0,0.001718896749508547,0.0017874200651566414,65.92804772868101,111.58839529693275,113.09601029771105,113.77257073852246,114.1401617839603,114.35887849000027,114.42620756269585,113.41739921938373,67.39049145400614,95.33257630848075,92.81031447198157,94.67066223040133,72.81334757775815
120.0,120.0,120.0,120.0,120.0,120.0,120.0,120.0,120.0,120.0,0.001718896749508547,0.0017874200651566414,65.92804772868101,111.58839529693275,113.09601029771105,113.77257073852246,114.1401617839603,114.35887849000027,114.42620756269585,113.41739921938373,67.39049145400614,95.33257630848075,92.81031447198157,94.67066223040133,72.81334757775815
120.0,120.0,120.0,120.0,120.0,120.0,120.0,120.0,120.0,120.0,0.0017188967495085467,0.0017874200651566414,65.92804772868101,111.58839529693275,113.09601029771105,113.77257073852246,114.1401617839603,114.35887849000027,114.42620756269585,113.41739921938373,67.39049145400614,95.33257630848075,92.81031447198157,94.67066223040133,72.81334757775815
120.0,120.0,120.0,120.0,120.0,120.0,120.0,120.0,120.0,120.0,0.0017188967495085467,0.0017874200651566412,65.92804772868101,111.58839529693275,113.09601029771105,113.77257073852246,114.1401617839603,114.35887849000027,114.42620756269585,113.41739921938373,67.39049145400614,95.33257630848075,92.81031447198157,94.67066223040133,72.81334757775815
120.0,120.0,120.0,120.0,120.0,120.0,120.0,120.0,120.0,120.0,0.0017188967495085467,0.0017874200651566412,65.92804772868101,111.58839529693275,113.09601029771105,113.77257073852246,114.1401617839603,114.35887849000027,114.42620756269585,113.41739921938373,67.39049145400614,95.33257630848075,92.81031447198157,94.67066223040133,72.81334757775815
120.0,120.0,120.0,120.0,120.0,120.0,120.0,120.0,120.0,120.0,0.0017188967495085467,0.0017874200651566412,65.92804772868101,111.58839529693275,113.09601029771105,113.77257073852246,114.1401617839603,114.35887849000027,114.42620756269585,113.41739921938373,67.39049145400614,95.33257630848075,92.81031447198157,94.67066223040133,72.81334757775815
120.0,120.0,120.0,120.0,120.0,120.0,120.0,120.0,120.0,120.0,0.0017188967495085467,0.0017874200651566412,65.92804772868101,111.58839529693275,113.09601029771105,113.77257073852246,114.1401617839603,114.35887849000027,114.42620756269585,113.41739921938373,67.39049145400614,95.33257630848075,92.81031447198157,94.67066223040133,72.81334757775815
120.0,120.0,120.0,120.0,120.0,120.0,120.0,120.0,120.0,120.0,99.51860052779472,83.18316469363778,0.00045204508680140546,39.95631978847339,85.68165449942643,93.28710013431984,95.10802790983149,95.68376827021258,103.15073906169823,114.28559357303608,102.20183962668591,97.72765416540018,94.39088550553295,95.45694056037262,72.82806847110088
120.0,120.0,120.0,120.0,120.0,120.0,120.0,120.0,120.0,120.0,99.51860052779472,83.18316469363778,0.00045204508680140546,39.95631978847339,85.68165449942643,93.28710013431984,95.10802790983149,95.68376827021258,103.15073906169823,114.28559357303608,102.20183962668591,97.72765416540018,94.39088550553295,95.45694056037262,72.82806847110088
120.0,120.0,120.0,120.0,120.0,120.0,120.0,120.0,120.0,120.0,99.51860052779472,83.18316469363778,0.00045204508680140546,39.95631978847339,85.68165449942643,93.28710013431984,95.10802790983149,95.68376827021258,103.15073906169823,114.28559357303608,102.20183962668591,97.72765416540018,94.39088550553295,95.45694056037262,72.82806847110088
120.0,120.0,120.0,120.0,120.0,120.0,120.0,120.0,120.0,120.0,99.51860052779472,83.18316469363778,0.00045204508680140546,39.95631978847339,85.68165449942643,93.28710013431984,95.10802790983149,95.68376827021258,103.15073906169823,114.28559357303608,102.20183962668591,97.72765416540018,94.39088550553295,95.45694056037262,72.82806847110088
120.0,120.0,120.0,120.0,120.0,120.0,120.0,120.0,120.0,120.0,99.51860052779472,83.18316469363778,0.0004520450868014054,39.95631978847339,85.68165449942643,93.28710013431984,95.10802790983149,95.68376827021258,103.15073906169823,114.28559357303608,102.20183962668591,97.72765416540018,94.39088550553295,95.45694056037262,72.82806847110088
120.0,120.0,120.0,120.0,120.0,120.0,120.0,120.0,120.0,120.0,99.51860052779472,83.18316469363778,0.0004520450868014054,39.95631978847339,85.68165449942643,93.28710013431984,95.10802790983149,95.68376827021258,103.15073906169823,114.28559357303608,102.20183962668591,97.72765416540018,94.39088550553295,95.45694056037262,72.82806847110088
120.0,120.0,120.0,120.0,120.0,120.0,120.0,120.0,120.0,120.0,99.51860052779472,83.18316469363778,0.00045204508680140535,39.95631978847339,85.68165449942643,93.28710013431984,95.10802790983149,95.68376827021258,103.15073906169823,114.28559357303608,102.20183962668591,97.72765416540018,94.39088550553295,95.45694056037262,72.82806847110088
120.0,120.0,120.0,120.0,120.0,120.0,120.0,120.0,120.0,120.0,99.51860052779472,83.18316469363778,0.0004520450868014053,39.95631978847339,85.68165449942643,93.28710013431984,95.10802790983149,95.68376827021258,103.15073906169823,114.28559357303608,102.20183962668591,97.72765416540018,94.39088550553295,95.45694056037262,72.82806847110088
120.0,120.0,120.0,120.0,120.0,120.0,120.0,120.0,120.0,120.0,99.51860052779472,83.18316469363778,0.0004520450868014053,39.95631978847339,85.68165449942643,93.28710013431984,95.10802790983149,95.68376827021258,103.15073906169823,114.28559357303608,102.20183962668591,97.72765416540018,94.39088550553295,95.45694056037262,72.82806847110088
120.0,120.0,120.0,120.0,120.0,120.0,120.0,120.0,120.0,120.0,99.51860052779472,83.18316469363778,0.00045204508680140524,39.95631978847339,85.68165449942643,93.28710013431984,95.10802790983149,95.68376827021258,103.15073906169823,114.28559357303608,102.20183962668591,97.72765416540018,94.39088550553295,95.45694056037262,72.82806847110088
120.0,120.0,120.0,120.0,120.0,120.0,120.0,120.0,120.0,120.0,99.51860052779472,83.18316469363778,0.0004520450868014052,39.95631978847339,85.68165449942643,93.28710013431984,95.10802790983149,95.68376827021258,103.15073906169823,114.28559357303608,102.20183962668591,97.72765416540018,94.39088550553295,95.45694056037262,72.82806847110088
120.0,120.0,120.0,120.0,120.0,120.0,120.0,120.0,120.0,120.0,99.51860052779472,83.18316469363778,0.0004520450868014052,39.95631978847339,85.68165449942643,93.28710013431984,95.10802790983149,95.68376827021258,103.15073906169823,114.28559357303608,102.20183962668591,97.72765416540018,94.39088550553295,95.45694056037262,72.82806847110088
120.0,120.0,120.0,120.0,120.0,120.0,120.0,120.0,120.0,120.0,99.51860052779472,83.18316469363778,0.00045204508680140513,39.95631978847339,85.68165449942643,93.28710013431984,95.10802790983149,95.68376827021258,103.15073906169823,114.28559357303608,102.20183962668591,97.72765416540018,94.39088550553295,95.45694056037262,72.82806847110088
120.0,120.0,120.0,120.0,120.0,120.0,120.0,120.0,120.0,120.0,99.51860052779472,83.18316469363778,0.00045204508680140513,39.95631978847339,85.68165449942643,93.28710013431984,95.10802790983149,95.68376827021258,103.15073906169823,114.28559357303608,102.20183962668591,97.72765416540018,94.39088550553295,95.45694056037262,72.82806847110088
120.0,120.0,120.0,120.0,120.0,120.0,120.0,120.0,120.0,120.0,99.51860052779472,83.18316469363778,0.00045204508680140513,39.95631978847339,85.68165449942643,93.28710013431984,95.10802790983149,95.68376827021258,103.15073906169823,114.28559357303608,102.20183962668591,97.72765416540018,94.39088550553295,95.45694056037262,72.82806847110088
120.0,120.0,120.0,120.0,120.0,120.0,120.0,120.0,120.0,120.0,99.51860052779472,83.18316469363778,0.0004520450868014051,39.95631978847339,85.68165449942643,93.28710013431984,95.10802790983149,95.68376827021258,103.15073906169823,114.28559357303608,102.20183962668591,97.72765416540018,94.39088550553295,95.45694056037262,72.82806847110088
120.0,120.0,120.0,120.0,120.0,120.0,120.0,120.0,120.0,120.0,99.51860052779472,83.18316469363778,0.0004520450868014051,39.95631978847339,85.68165449942643,93.28710013431984,95.10802790983149,95.68376827021258,103.15073906169823,114.28559357303608,102.20183962668591,97.72765416540018,94.39088550553295,95.45694056037262,72.82806847110088
120.0,120.0,120.0,120.0,120.0,120.0,120.0,120.0,120.0,120.0,99.51860052779472,83.18316469363778,0.0004520450868014051,39.95631978847339,85.68165449942643,93.28710013431984,95.10802790983149,95.68376827021258,103.15073906169823,114.28559357303608,102.20183962668591,97.72765416540018,94.39088550553295,95.45694056037262,72.82806847110088
120.0,120.0,120.0,120.0,120.0,120.0,120.0,120.0,120.0,120.0,90.56300536713549,25.132250183872568,0.0004415290942916668,0.00027376736941861783,109.60636058544088,112.08699768062566,112.77827811373606,112.9414881655034,112.72689296419935,110.48281960346144,92.41964720837818,92.35793312512092,94.07577903322672,97.0129291133521,74.00657506933462
120.0,120.0,120.0,120.0,120.0,120.0,120.0,120.0,120.0,120.0,90.56300536713549,25.132250183872568,0.00044152909429166683,0.00027376736941861783,109.60636058544088,112.08699768062566,112.77827811373606,112.9414881655034,112.72689296419935,110.48281960346144,92.41964720837818,92.35793312512092,94.07577903322672,97.0129291133521,74.00657506933462
120.0,120.0,120.0,120.0,120.0,120.0,120.0,120.0,120.0,120.0,90.56300536713549,25.132250183872568,0.00044152909429166683,0.0002737673694186178,109.60636058544088,112.08699768062566,112.77827811373606,112.9414881655034,112.72689296419935,110.48281960346144,92.41964720837818,92.35793312512092,94.07577903322672,97.0129291133521,74.00657506933462
120.0,120.0,120.0,120.0,120.0,120.0,120.0,120.0,120.0,120.0,90.56300536713549,25.132250183872568,0.0004415290942916667,0.00027376736941861767,109.60636058544088,112.08699768062566,112.77827811373606,112.9414881655034,112.72689296419935,110.48281960346144,92.41964720837818,92.35793312512092,94.07577903322672,97.0129291133521,74.00657506933462
120.0,120.0,120.0,120.0,120.0,120.0,120.0,120.0,120.0,120.0,90.56300536713549,25.132250183872568,0.0004415290942916666,0.00027376736941861756,109.60636058544088,112.08699768062566,112.77827811373606,112.9414881655034,112.72689296419935,110.48281960346144,92.41964720837818,92.35793312512092,94.07577903322672,97.0129291133521,74.00657506933462
120.0,120.0,120.0,120.0,120.0,120.0,120.0,120.0,120.0,120.0,90.56300536713549,25.132250183872568,0.00044152909429166635,0.00027376736941861745,109.60636058544088,112.08699768062566,112.77827811373606,112.9414881655034,112.72689296419935,110.48281960346144,92.41964720837818,92.35793312512092,94.07577903322672,97.0129291133521,74.00657506933462
120.0,120.0,120.0,120.0,120.0,120.0,120.0,120.0,120.0,120.0,90.56300536713549,25.132250183872568,0.00044152909429166613,0.00027376736941861734,109.60636058544088,112.08699768062566,112.77827811373606,112.9414881655034,112.72689296419935,110.48281960346144,92.41964720837818,92.35793312512092,94.07577903322672,97.0129291133521,74.00657506933462
120.0,120.0,120.0,120.0,120.0,120.0,120.0,120.0,120.0,120.0,90.56300536713549,25.132250183872568,0.00044152909429166586,0.00027376736941861723,109.60636058544088,112.08699768062566,112.77827811373606,112.9414881655034,112.72689296419935,110.48281960346144,92.41964720837818,92.35793312512092,94.07577903322672,97.0129291133521,74.00657506933462
120.0,120.0,120.0,120.0,120.0,120.0,120.0,120.0,120.0,120.0,90.56300536713549,25.132250183872568,0.00044152909429166564,0.0002737673694186171,109.60636058544088,112.08699768062566,112.77827811373606,112.9414881655034,112.72689296419935,110.48281960346144,92.41964720837818,92.35793312512092,94.07577903322672,97.0129291133521,74.00657506933462
120.0,120.0,120.0,120.0,120.0,120.0,120.0,120.0,120.0,120.0,90.56300536713549,25.132250183872568,0.0004415290942916654,0.000273767369418617,109.60636058544088,112.08699768062566,112.77827811373606,112.9414881655034,112.72689296419935,110.48281960346144,92.41964720837818,92.35793312512092,94.07577903322672,97.0129291133521,74.00657506933462
120.0,120.0,120.0,120.0,120.0,120.0,120.0,120.0,120.0,120.0,90.56300536713549,25.132250183872568,0.0004415290942916652,0.00027376736941861696,109.60636058544088,112.08699768062566,112.77827811373606,112.9414881655034,112.72689296419935,110.48281960346144,92.41964720837818,92.35793312512092,94.07577903322672,97.0129291133521,74.00657506933462
120.0,120.0,120.0,120.0,120.0,120.0,120.0,120.0,120.0,120.0,90.56300536713549,25.132250183872568,0.0004415290942916651,0.00027376736941861685,109.60636058544088,112.08699768062566,112.77827811373606,112.9414881655034,112.72689296419935,110.48281960346144,92.41964720837818,92.35793312512092,94.07577903322672,97.0129291133521,74.00657506933462
120.0,120.0,120.0,120.0,120.0,120.0,120.0,120.0,120.0,120.0,90.56300536713549,25.132250183872568,0.00044152909429166494,0.0002737673694186168,109.60636058544088,112.08699768062566,112.77827811373606,112.9414881655034,112.72689296419935,110.48281960346144,92.41964720837818,92.35793312512092,94.07577903322672,97.0129291133521,74.00657506933462
120.0,120.0,120.0,120.0,120.0,120.0,120.0,120.0,120.0,120.0,90.56300536713549,25.132250183872568,0.00044152909429166483,0.00027376736941861675,109.60636058544088,112.08699768062566,112.77827811373606,112.9414881655034,112.72689296419935,110.48281960346144,92.41964720837818,92.35793312512092,94.07577903322672,97.0129291133521,74.00657506933462
120.0,120.0,120.0,120.0,120.0,120.0,120.0,120.0,120.0,120.0,90.56300536713549,25.132250183872568,0.0004415290942916647,0.0002737673694186167,109.60636058544088,112.08699768062566,112.77827811373606,112.9414881655034,112.72689296419935,110.48281960346144,92.41964720837818,92.35793312512092,94.07577903322672,97.0129291133521,74.00657506933462
120.0,120.0,120.0,120.0,120.0,120.0,120.0,120.0,120.0,120.0,90.56300536713549,25.132250183872568,0.00044152909429166467,0.00027376736941861664,109.60636058544088,112.08699768062566,112.77827811373606,112.9414881655034,112.72689296419935,110.48281960346144,92.41964720837818,92.35793312512092,94.07577903322672,97.0129291133521,74.00657506933462
120.0,120.0,120.0,120.0,120.0,120.0,120.0,120.0,120.0,120.0,90.56300536713549,25.132250183872568,0.00044152909429166467,0.0002737673694186166,109.60636058544088,112.08699768062566,112.77827811373606,112.9414881655034,112.72689296419935,110.48281960346144,92.41964720837818,92.35793312512092,94.07577903322672,97.0129291133521,74.00657506933462
120.0,120.0,120.0,120.0,120.0,120.0,120.0,120.0,120.0,120.0,90.56300536713549,25.132250183872568,0.00044152909429166467,0.0002737673694186166,109.60636058544088,112.08699768062566,112.77827811373606,112.9414881655034,112.72689296419935,110.48281960346144,92.41964720837818,92.35793312512092,94.07577903322672,97.0129291133521,74.00657506933462
120.0,120.0,120.0,120.0,120.0,120.0,120.0,120.0,120.0,120.0,28.270561066522507,92.48454256950245,0.0065163927084629005,0.5736878558117818,89.73927416536063,21.92230474613399,96.39250398358082,101.53803532070827,103.08756005220945,96.34147572619081,96.04436689806101,88.12402261396034,87.48694483767325,92.94136857645015,71.6225835770043
120.0,120.0,120.0,120.0,120.0,120.0,120.0,120.0,120.0,120.0,28.270561066522507,92.48454256950245,0.0065163927084629005,0.5736878558117818,89.73927416536063,21.92230474613399,96.39250398358082,101.53803532070827,103.08756005220945,96.34147572619081,96.04436689806101,88.12402261396034,87.48694483767325,92.94136857645015,71.6225835770043
120.0,120.0,120.0,120.0,120.0,120.0,120.0,120.0,120.0,120.0,28.270561066522507,92.48454256950245,0.0065163927084629,0.5736878558117818,89.73927416536063,21.92230474613399,96.39250398358082,101.53803532070827,103.08756005220945,96.34147572619081,96.04436689806101,88.12402261396034,87.48694483767325,92.94136857645015,71.6225835770043
120.0,120.0,120.0,120.0,120.0,120.0,120.0,120.0,120.0,120.0,28.270561066522507,92.48454256950245,0.0065163927084629,0.5736878558117818,89.73927416536063,21.92230474613399,96.39250398358082,101.53803532070827,103.08756005220945,96.34147572619081,96.04436689806101,88.12402261396034,87.48694483767325,92.94136857645015,71.6225835770043
120.0,120.0,120.0,120.0,120.0,120.0,120.0,120.0,120.0,120.0,28.270561066522507,92.48454256950245,0.0065163927084629,0.5736878558117818,89.73927416536063,21.92230474613399,96.39250398358082,101.53803532070827,103.08756005220945,96.34147572619081,96.04436689806101,88.12402261396034,87.48694483767325,92.94136857645015,71.6225835770043
120.0,120.0,120.0,120.0,120.0,120.0,120.0,120.0,120.0,120.0,28.270561066522507,92.48454256950245,0.006516392708462899,0.5736878558117818,89.73927416536063,21.92230474613399,96.39250398358082,101.53803532070827,103.08756005220945,96.34147572619081,96.04436689806101,88.12402261396034,87.48694483767325,92.94136857645015,71.6225835770043
120.0,120.0,120.0,120.0,120.0,120.0,120.0,120.0,120.0,120.0,28.270561066522507,92.48454256950245,0.006516392708462899,0.5736878558117818,89.73927416536063,21.92230474613399,96.39250398358082,101.53803532070827,103.08756005220945,96.34147572619081,96.04436689806101,88.12402261396034,87.48694483767325,92.94136857645015,71.6225835770043
120.0,120.0,120.0,120.0,120.0,120.0,120.0,120.0,120.0,120.0,28.270561066522507,92.48454256950245,0.006516392708462899,0.5736878558117818,89.73927416536063,21.92230474613399,96.39250398358082,101.53803532070827,103.08756005220945,96.34147572619081,96.04436689806101,88.12402261396034,87.48694483767325,92.94136857645015,71.6225835770043
120.0,120.0,120.0,120.0,120.0,120.0,120.0,120.0,120.0,120.0,28.270561066522507,92.48454256950245,0.0065163927084629,0.5736878558117818,89.73927416536063,21.92230474613399,96.39250398358082,101.53803532070827,103.08756005220945,96.34147572619081,96.04436689806101,88.12402261396034,87.48694483767325,92.94136857645015,71.6225835770043
120.0,120.0,120.0,120.0,120.0,120.0,120.0,120.0,120.0,120.0,28.270561066522507,92.48454256950245,0.0065163927084629,0.5736878558117818,89.73927416536063,21.92230474613399,96.39250398358082,101.53803532070827,103.08756005220945,96.34147572619081,96.04436689806101,88.12402261396034,87.48694483767325,92.94136857645015,71.6225835770043
120.0,120.0,120.0,120.0,120.0,120.0,120.0,120.0,120.0,120.0,28.270561066522507,92.48454256950245,0.0065163927084629,0.5736878558117818,89.73927416536063,21.92230474613399,96.39250398358082,101.53803532070827,103.08756005220945,96.34147572619081,96.04436689806101,88.12402261396034,87.48694483767325,92.94136857645015,71.6225835770043
120.0,120.0,120.0,120.0,120.0,120.0,120.0,120.0,120.0,120.0,28.270561066522507,92.48454256950245,0.0065163927084629,0.5736878558117818,89.73927416536063,21.92230474613399,96.39250398358082,101.53803532070827,103.08756005220945,96.34147572619081,96.04436689806101,88.12402261396034,87.48694483767325,92.94136857645015,71.6225835770043
120.0,120.0,120.0,120.0,120.0,120.0,120.0,120.0,120.0,120.0,28.270561066522507,92.48454256950245,0.0065163927084629,0.5736878558117818,89.73927416536063,21.92230474613399,96.39250398358082,101.53803532070827,103.08756005220945,96.34147572619081,96.04436689806101,88.12402261396034,87.48694483767325,92.94136857645015,71.6225835770043
120.0,120.0,120.0,120.0,120.0,120.0,120.0,120.0,120.0,120.0,28.270561066522507,92.48454256950245,0.0065163927084629005,0.5736878558117818,89.73927416536063,21.92230474613399,96.39250398358082,101.53803532070827,103.08756005220945,96.34147572619081,96.04436689806101,88.12402261396034,87.48694483767325,92.94136857645015,71.6225835770043
120.0,120.0,120.0,120.0,120.0,120.0,120.0,120.0,120.0,120.0,28.270561066522507,92.48454256950245,0.0065163927084629,0.5736878558117818,89.73927416536063,21.92230474613399,96.39250398358082,101.53803532070827,103.08756005220945,96.34147572619081,96.04436689806101,88.12402261396034,87.48694483767325,92.94136857645015,71.6225835770043
120.0,120.0,120.0,120.0,120.0,120.0,120.0,120.0,120.0,120.0,28.270561066522507,92.48454256950245,0.0065163927084629,0.5736878558117818,89.73927416536063,21.92230474613399,96.39250398358082,101.53803532070827,103.08756005220945,96.34147572619081,96.04436689806101,88.12402261396034,87.48694483767325,92.94136857645015,71.6225835770043
120.0,120.0,120.0,120.0,120.0,120.0,120.0,120.0,120.0,120.0,28.270561066522507,92.48454256950245,0.0065163927084629,0.5736878558117818,89.73927416536063,21.92230474613399,96.39250398358082,101.53803532070827,103.08756005220945,96.34147572619081,96.04436689806101,88.12402261396034,87.48694483767325,92.94136857645015,71.6225835770043
120.0,120.0,120.0,120.0,120.0,120.0,120.0,120.0,120.0,120.0,28.270561066522507,92.48454256950245,0.0065163927084629,0.5736878558117818,89.73927416536063,21.92230474613399,96.39250398358082,101.53803532070827,103.08756005220945,96.34147572619081,96.04436689806101,88.12402261396034,87.48694483767325,92.94136857645015,71.6225835770043
120.0,120.0,120.0,120.0,120.0,120.0,120.0,120.0,120.0,120.0,0.0013464835328615447,61.44842748786113,0.00042904968981375926,0.0003429066754569316,93.04191859407409,98.78216485919391,105.5729300561154,106.04813333665619,113.76534854805875,111.93764436579883,94.81690411321044,90.79306175196686,89.98616087872028,93.5290545578749,101.79055888749707
120.0,120.0,120.0,120.0,120.0,120.0,120.0,120.0,120.0,120.0,0.001346483532861545,61.44842748786113,0.00042904968981375937,0.0003429066754569316,93.04191859407409,98.78216485919391,105.5729300561154,106.04813333665619,113.76534854805875,111.93764436579883,94.81690411321044,90.79306175196686,89.98616087872028,93.5290545578749,101.79055888749707
120.0,120.0,120.0,120.0,120.0,120.0,120.0,120.0,120.0,120.0,0.0013464835328615451,61.44842748786113,0.0004290496898137595,0.0003429066754569317,93.04191859407409,98.78216485919391,105.5729300561154,106.04813333665619,113.76534854805875,111.93764436579883,94.81690411321044,90.79306175196686,89.98616087872028,93.5290545578749,101.79055888749707
120.0,120.0,120.0,120.0,120.0,120.0,120.0,120.0,120.0,120.0,0.0013464835328615454,61.44842748786113,0.0004290496898137596,0.00034290667545693184,93.04191859407409,98.78216485919391,105.5729300561154,106.04813333665619,113.76534854805875,111.93764436579883,94.81690411321044,90.79306175196686,89.98616087872028,93.5290545578749,101.79055888749707
120.0,120.0,120.0,120.0,120.0,120.0,120.0,120.0,120.0,120.0,0.0013464835328615458,61.44842748786113,0.00042904968981375964,0.000342906675456932,93.04191859407409,98.78216485919391,105.5729300561154,106.04813333665619,113.76534854805875,111.93764436579883,94.81690411321044,90.79306175196686,89.98616087872028,93.5290545578749,101.79055888749707
120.0,120.0,120.0,120.0,120.0,120.0,120.0,120.0,120.0,120.0,0.0013464835328615462,61.44842748786113,0.00042904968981375964,0.00034290667545693217,93.04191859407409,98.78216485919391,105.5729300561154,106.04813333665619,113.76534854805875,111.93764436579883,94.81690411321044,90.79306175196686,89.98616087872028,93.5290545578749,101.79055888749707
120.0,120.0,120.0,120.0,120.0,120.0,120.0,120.0,120.0,120.0,0.0013464835328615469,61.44842748786113,0.0004290496898137598,0.00034290667545693217,93.04191859407409,98.78216485919391,105.5729300561154,106.04813333665619,113.76534854805875,111.93764436579883,94.81690411321044,90.79306175196686,89.98616087872028,93.5290545578749,101.79055888749707
120.0,120.0,120.0,120.0,120.0,120.0,120.0,120.0,120.0,120.0,0.0013464835328615475,61.44842748786113,0.00042904968981376013,0.0003429066754569323,93.04191859407409,98.78216485919391,105.5729300561154,106.04813333665619,113.76534854805875,111.93764436579883,94.81690411321044,90.79306175196686,89.98616087872028,93.5290545578749,101.79055888749707
120.0,120.0,120.0,120.0,120.0,120.0,120.0,120.0,120.0,120.0,0.0013464835328615482,61.44842748786113,0.00042904968981376056,0.00034290667545693244,93.04191859407409,98.78216485919391,105.5729300561154,106.04813333665619,113.76534854805875,111.93764436579883,94.81690411321044,90.79306175196686,89.98616087872028,93.5290545578749,101.79055888749707
120.0,120.0,120.0,120.0,120.0,120.0,120.0,120.0,120.0,120.0,0.0013464835328615488,61.44842748786113,0.0004290496898137612,0.0003429066754569327,93.04191859407409,98.78216485919391,105.5729300561154,106.04813333665619,113.76534854805875,111.93764436579883,94.81690411321044,90.79306175196686,89.98616087872028,93.5290545578749,101.79055888749707
120.0,120.0,120.0,120.0,120.0,120.0,120.0,120.0,120.0,120.0,0.0013464835328615495,61.44842748786113,0.00042904968981376186,0.0003429066754569331,93.04191859407409,98.78216485919391,105.5729300561154,106.04813333665619,113.76534854805875,111.93764436579883,94.81690411321044,90.79306175196686,89.98616087872028,93.5290545578749,101.79055888749707
120.0,120.0,120.0,120.0,120.0,120.0,120.0,120.0,120.0,120.0,0.00134648353286155,61.44842748786113,0.0004290496898137626,0.0003429066754569336,93.04191859407409,98.78216485919391,105.5729300561154,106.04813333665619,113.76534854805875,111.93764436579883,94.81690411321044,90.79306175196686,89.98616087872028,93.5290545578749,101.79055888749707
120.0,120.0,120.0,120.0,120.0,120.0,120.0,120.0,120.0,120.0,0.0013464835328615506,61.44842748786113,0.0004290496898137634,0.00034290667545693406,93.04191859407409,98.78216485919391,105.5729300561154,106.04813333665619,113.76534854805875,111.93764436579883,94.81690411321044,90.79306175196686,89.98616087872028,93.5290545578749,101.79055888749707
120.0,120.0,120.0,120.0,120.0,120.0,120.0,120.0,120.0,120.0,0.001346483532861551,61.44842748786113,0.00042904968981376414,0.0003429066754569346,93.04191859407409,98.78216485919391,105.5729300561154,106.04813333665619,113.76534854805875,111.93764436579883,94.81690411321044,90.79306175196686,89.98616087872028,93.5290545578749,101.79055888749707
120.0,120.0,120.0,120.0,120.0,120.0,120.0,120.0,120.0,120.0,0.0013464835328615512,61.44842748786113,0.00042904968981376484,0.0003429066754569351,93.04191859407409,98.78216485919391,105.5729300561154,106.04813333665619,113.76534854805875,111.93764436579883,94.81690411321044,90.79306175196686,89.98616087872028,93.5290545578749,101.79055888749707
120.0,120.0,120.0,120.0,120.0,120.0,120.0,120.0,120.0,120.0,0.0013464835328615514,61.44842748786113,0.0004290496898137654,0.0003429066754569356,93.04191859407409,98.78216485919391,105.5729300561154,106.04813333665619,113.76534854805875,111.93764436579883,94.81690411321044,90.79306175196686,89.98616087872028,93.5290545578749,101.79055888749707
120.0,120.0,120.0,120.0,120.0,120.0,120.0,120.0,120.0,120.0,0.0013464835328615516,61.44842748786113,0.0004290496898137657,0.0003429066754569359,93.04191859407409,98.78216485919391,105.5729300561154,106.04813333665619,113.76534854805875,111.93764436579883,94.81690411321044,90.79306175196686,89.98616087872028,93.5290545578749,101.79055888749707
120.0,120.0,120.0,120.0,120.0,120.0,120.0,120.0,120.0,120.0,0.0013464835328615516,61.44842748786113,0.00042904968981376593,0.00034290667545693607,93.04191859407409,98.78216485919391,105.5729300561154,106.04813333665619,113.76534854805875,111.93764436579883,94.81690411321044,90.79306175196686,89.98616087872028,93.5290545578749,101.79055888749707
120.0,120.0,120.0,120.0,120.0,120.0,120.0,120.0,120.0,120.0,0.0013077665756838967,104.73143672811776,0.0003133117845637919,87.16564752916786,94.3517656129358,103.45318189027554,105.75507682085566,105.4642330748448,107.19481676682362,95.45344515322667,97.81854989113874,92.00740349595577,91.13527395693583,95.56194357840756,103.32576757257591
120.0,120.0,120.0,120.0,120.0,120.0,120.0,120.0,120.0,120.0,0.0013077665756838967,104.73143672811776,0.0003133117845637919,87.16564752916786,94.3517656129358,103.45318189027554,105.75507682085566,105.4642330748448,107.19481676682362,95.45344515322667,97.81854989113874,92.00740349595577,91.13527395693583,95.56194357840756,103.32576757257591
120.0,120.0,120.0,120.0,120.0,120.0,120.0,120.0,120.0,120.0,0.0013077665756838967,104.73143672811776,0.0003133117845637919,87.16564752916786,94.3517656129358,103.45318189027554,105.75507682085566,105.4642330748448,107.19481676682362,95.45344515322667,97.81854989113874,92.00740349595577,91.13527395693583,95.56194357840756,103.32576757257591
120.0,120.0,120.0,120.0,120.0,120.0,120.0,120.0,120.0,120.0,0.0013077665756838967,104.73143672811776,0.0003133117845637919,87.16564752916786,94.3517656129358,103.45318189027554,105.75507682085566,105.4642330748448,107.19481676682362,95.45344515322667,97.81854989113874,92.00740349595577,91.13527395693583,95.56194357840756,103.32576757257591
120.0,120.0,120.0,120.0,120.0,120.0,120.0,120.0,120.0,120.0,0.0013077665756838967,104.73143672811776,0.0003133117845637919,87.16564752916786,94.3517656129358,103.45318189027554,105.75507682085566,105.4642330748448,107.19481676682362,95.45344515322667,97.81854989113874,92.00740349595577,91.13527395693583,95.56194357840756,103.32576757257591
120.0,120.0,120.0,120.0,120.0,120.0,120.0,120.0,120.0,120.0,0.0013077665756838967,104.73143672811776,0.0003133117845637919,87.16564752916786,94.3517656129358,103.45318189027554,105.75507682085566,105.4642330748448,107.19481676682362,95.45344515322667,97.81854989113874,92.00740349595577,91.13527395693583,95.56194357840756,103.32576757257591
120.0,120.0,120.0,120.0,120.0,120.0,120.0,120.0,120.0,120.0,0.0013077665756838967,104.73143672811776,0.0003133117845637919,87.16564752916786,94.3517656129358,103.45318189027554,105.75507682085566,105.4642330748448,107.19481676682362,95.45344515322667,97.81854989113874,92.00740349595577,91.13527395693583,95.56194357840756,103.32576757257591
120.0,120.0,120.0,120.0,120.0,120.0,120.0,120.0,120.0,120.0,0.0013077665756838967,104.73143672811776,0.0003133117845637919,87.16564752916786,94.3517656129358,103.45318189027554,105.75507682085566,105.4642330748448,107.19481676682362,95.45344515322667,97.81854989113874,92.00740349595577,91.13527395693583,95.56194357840756,103.32576757257591
120.0,120.0,120.0,120.0,120.0,120.0,120.0,120.0,120.0,120.0,0.0013077665756838967,104.73143672811776,0.0003133117845637919,87.16564752916786,94.3517656129358,103.45318189027554,105.75507682085566,105.4642330748448,107.19481676682362,95.45344515322667,97.81854989113874,92.00740349595577,91.13527395693583,95.56194357840756,103.32576757257591
120.0,120.0,120.0,120.0,120.0,120.0,120.0,120.0,120.0,120.0,0.0013077665756838967,104.73143672811776,0.0003133117845637919,87.16564752916786,94.3517656129358,103.45318189027554,105.75507682085566,105.4642330748448,107.19481676682362,95.45344515322667,97.81854989113874,92.00740349595577,91.13527395693583,95.56194357840756,103.32576757257591
120.0,120.0,120.0,120.0,120.0,120.0,120.0,120.0,120.0,120.0,0.0013077665756838967,104.73143672811776,0.0003133117845637919,87.16564752916786,94.3517656129358,103.45318189027554,105.75507682085566,105.4642330748448,107.19481676682362,95.45344515322667,97.81854989113874,92.00740349595577,91.13527395693583,95.56194357840756,103.32576757257591
120.0,120.0,120.0,120.0,120.0,120.0,120.0,120.0,120.0,120.0,0.0013077665756838967,104.73143672811776,0.0003133117845637919,87.16564752916786,94.3517656129358,103.45318189027554,105.75507682085566,105.4642330748448,107.19481676682362,95.45344515322667,97.81854989113874,92.00740349595577,91.13527395693583,95.56194357840756,103.32576757257591
120.0,120.0,120.0,120.0,120.0,120.0,120.0,120.0,120.0,120.0,0.0013077665756838967,104.73143672811776,0.0003133117845637919,87.16564752916786,94.3517656129358,103.45318189027554,105.75507682085566,105.4642330748448,107.19481676682362,95.45344515322667,97.81854989113874,92.00740349595577,91.13527395693583,95.56194357840756,103.32576757257591
120.0,120.0,120.0,120.0,120.0,120.0,120.0,120.0,120.0,120.0,0.0013077665756838967,104.73143672811776,0.0003133117845637919,87.16564752916786,94.3517656129358,103.45318189027554,105.75507682085566,105.4642330748448,107.19481676682362,95.45344515322667,97.81854989113874,92.00740349595577,91.13527395693583,95.56194357840756,103.32576757257591
120.0,120.0,120.0,120.0,120.0,120.0,120.0,120.0,120.0,120.0,0.0013077665756838967,104.73143672811776,0.0003133117845637919,87.16564752916786,94.3517656129358,103.45318189027554,105.75507682085566,105.4642330748448,107.19481676682362,95.45344515322667,97.81854989113874,92.00740349595577,91.13527395693583,95.56194357840756,103.32576757257591
120.0,120.0,120.0,120.0,120.0,120.0,120.0,120.0,120.0,120.0,0.0013077665756838967,104.73143672811776,0.0003133117845637919,87.16564752916786,94.3517656129358,103.45318189027554,105.75507682085566,105.4642330748448,107.19481676682362,95.45344515322667,97.81854989113874,92.00740349595577,91.13527395693583,95.56194357840756,103.32576757257591
120.0,120.0,120.0,120.0,120.0,120.0,120.0,120.0,120.0,120.0,0.0013077665756838967,104.73143672811776,0.0003133117845637919,87.16564752916786,94.3517656129358,103.45318189027554,105.75507682085566,105.4642330748448,107.19481676682362,95.45344515322667,97.81854989113874,92.00740349595577,91.13527395693583,95.56194357840756,103.32576757257591
120.0,120.0,120.0,120.0,120.0,120.0,120.0,120.0,120.0,120.0,0.0013077665756838967,104.73143672811776,0.0003133117845637919,87.16564752916786,94.3517656129358,103.45318189027554,105.75507682085566,105.4642330748448,107.19481676682362,95.45344515322667,97.81854989113874,92.00740349595577,91.13527395693583,95.56194357840756,103.32576757257591
120.0,120.0,120.0,120.0,120.0,120.0,120.0,120.0,120.0,120.0,0.0012227412383410462,108.61784020097986,0.00020775640680448674,79.46205546544729,90.92646829885102,100.63634794202333,100.52717412968347,104.09271457391398,113.61500492049177,109.46920762413089,81.51311622614452,78.98374943850219,84.1761944621784,92.0051958395339,101.83042058717614
120.0,120.0,120.0,120.0,120.0,120.0,120.0,120.0,120.0,120.0,0.0012227412383410462,108.61784020097986,0.0002077564068044868,79.46205546544729,90.92646829885102,100.63634794202333,100.52717412968347,104.09271457391398,113.61500492049177,109.46920762413089,81.51311622614452,78.98374943850219,84.1761944621784,92.0051958395339,101.83042058717614
120.0,120.0,120.0,120.0,120.0,120.0,120.0,120.0,120.0,120.0,0.0012227412383410462,108.61784020097986,0.00020775640680448682,79.46205546544729,90.92646829885102,100.63634794202333,100.52717412968347,104.09271457391398,113.61500492049177,109.46920762413089,81.51311622614452,78.98374943850219,84.1761944621784,92.0051958395339,101.83042058717614
120.0,120.0,120.0,120.0,120.0,120.0,120.0,120.0,120.0,120.0,0.0012227412383410457,108.61784020097986,0.00020775640680448435,79.46205546544729,90.92646829885102,100.63634794202333,100.52717412968347,104.09271457391398,113.61500492049177,109.46920762413089,81.51311622614452,78.98374943850219,84.1761944621784,92.0051958395339,101.83042058717614
120.0,120.0,120.0,120.0,120.0,120.0,120.0,120.0,120.0,120.0,0.0012227412383410457,108.61784020097986,0.00020775640680448443,79.46205546544729,90.92646829885102,100.63634794202333,100.52717412968347,104.09271457391398,113.61500492049177,109.46920762413089,81.51311622614452,78.98374943850219,84.1761944621784,92.0051958395339,101.83042058717614
120.0,120.0,120.0,120.0,120.0,120.0,120.0,120.0,120.0,120.0,0.0012227412383410457,108.61784020097986,0.00020775640680448457,79.46205546544729,90.92646829885102,100.63634794202333,100.52717412968347,104.09271457391398,113.61500492049177,109.46920762413089,81.51311622614452,78.98374943850219,84.1761944621784,92.0051958395339,101.83042058717614
120.0,120.0,120.0,120.0,120.0,120.0,120.0,120.0,120.0,120.0,0.0012227412383410457,108.61784020097986,0.00020775640680448473,79.46205546544729,90.92646829885102,100.63634794202333,100.52717412968347,104.09271457391398,113.61500492049177,109.46920762413089,81.51311622614452,78.98374943850219,84.1761944621784,92.0051958395339,101.83042058717614
120.0,120.0,120.0,120.0,120.0,120.0,120.0,120.0,120.0,120.0,0.0012227412383410455,108.61784020097986,0.0002077564068044857,79.46205546544729,90.92646829885102,100.63634794202333,100.52717412968347,104.09271457391398,113.61500492049177,109.46920762413089,81.51311622614452,78.98374943850219,84.1761944621784,92.0051958395339,101.83042058717614
120.0,120.0,120.0,120.0,120.0,120.0,120.0,120.0,120.0,120.0,0.0012227412383410455,108.61784020097986,0.00020775640680448592,79.46205546544729,90.92646829885102,100.63634794202333,100.52717412968347,104.09271457391398,113.61500492049177,109.46920762413089,81.51311622614452,78.98374943850219,84.1761944621784,92.0051958395339,101.83042058717614
120.0,120.0,120.0,120.0,120.0,120.0,120.0,120.0,120.0,120.0,0.0012227412383410455,108.61784020097986,0.00020775640680448617,79.46205546544729,90.92646829885102,100.63634794202333,100.52717412968347,104.09271457391398,113.61500492049177,109.46920762413089,81.51311622614452,78.98374943850219,84.1761944621784,92.0051958395339,101.83042058717614
120.0,120.0,120.0,120.0,120.0,120.0,120.0,120.0,120.0,120.0,0.0012227412383410455,108.61784020097986,0.00020775640680448644,79.46205546544729,90.92646829885102,100.63634794202333,100.52717412968347,104.09271457391398,113.61500492049177,109.46920762413089,81.51311622614452,78.98374943850219,84.1761944621784,92.0051958395339,101.83042058717614
120.0,120.0,120.0,120.0,120.0,120.0,120.0,120.0,120.0,120.0,0.0012227412383410455,108.61784020097986,0.00020775640680448717,79.46205546544729,90.92646829885102,100.63634794202333,100.52717412968347,104.09271457391398,113.61500492049177,109.46920762413089,81.51311622614452,78.98374943850219,84.1761944621784,92.0051958395339,101.83042058717614
120.0,120.0,120.0,120.0,120.0,120.0,120.0,120.0,120.0,120.0,0.0012227412383410455,108.61784020097986,0.00020775640680448747,79.46205546544729,90.92646829885102,100.63634794202333,100.52717412968347,104.09271457391398,113.61500492049177,109.46920762413089,81.51311622614452,78.98374943850219,84.1761944621784,92.0051958395339,101.83042058717614
120.0,120.0,120.0,120.0,120.0,120.0,120.0,120.0,120.0,120.0,0.0012227412383410455,108.61784020097986,0.0002077564068044878,79.46205546544729,90.92646829885102,100.63634794202333,100.52717412968347,104.09271457391398,113.61500492049177,109.46920762413089,81.51311622614452,78.98374943850219,84.1761944621784,92.0051958395339,101.83042058717614
120.0,120.0,120.0,120.0,120.0,120.0,120.0,120.0,120.0,120.0,0.0012227412383410457,108.61784020097986,0.00020775640680448815,79.46205546544729,90.92646829885102,100.63634794202333,100.52717412968347,104.09271457391398,113.61500492049177,109.46920762413089,81.51311622614452,78.98374943850219,84.1761944621784,92.0051958395339,101.83042058717614
120.0,120.0,120.0,120.0,120.0,120.0,120.0,120.0,120.0,120.0,0.0012227412383410462,108.61784020097986,0.00020775640680448847,79.46205546544729,90.92646829885102,100.63634794202333,100.52717412968347,104.09271457391398,113.61500492049177,109.46920762413089,81.51311622614452,78.98374943850219,84.1761944621784,92.0051958395339,101.83042058717614
120.0,120.0,120.0,120.0,120.0,120.0,120.0,120.0,120.0,120.0,0.0012227412383410464,108.61784020097986,0.0002077564068044887,79.46205546544729,90.92646829885102,100.63634794202333,100.52717412968347,104.09271457391398,113.61500492049177,109.46920762413089,81.51311622614452,78.98374943850219,84.1761944621784,92.0051958395339,101.83042058717614
120.0,120.0,120.0,120.0,120.0,120.0,120.0,120.0,120.0,120.0,0.0012227412383410466,108.61784020097986,0.00020775640680448874,79.46205546544729,90.92646829885102,100.63634794202333,100.52717412968347,104.09271457391398,113.61500492049177,109.46920762413089,81.51311622614452,78.98374943850219,84.1761944621784,92.0051958395339,101.83042058717614
120.0,120.0,120.0,120.0,120.0,120.0,120.0,120.0,120.0,120.0,9.002805526959207,11.124792270266271,95.77662721698712,101.53946503156834,103.50501519840464,105.86766887050881,104.41739831253487,107.76732435352203,114.503749546187,109.86853057049986,77.7464761244188,75.49807536517027,83.06528095335226,92.40657626140796,102.38861019863572
120.0,120.0,120.0,120.0,120.0,120.0,120.0,120.0,120.0,120.0,9.002805526959207,11.124792270266271,95.77662721698712,101.53946503156834,103.50501519840464,105.86766887050881,104.41739831253487,107.76732435352203,114.503749546187,109.86853057049986,77.7464761244188,75.49807536517027,83.06528095335226,92.40657626140796,102.38861019863572
120.0,120.0,120.0,120.0,120.0,120.0,120.0,120.0,120.0,120.0,9.002805526959207,11.124792270266271,95.77662721698712,101.53946503156834,103.50501519840464,105.86766887050881,104.41739831253487,107.76732435352203,114.503749546187,109.86853057049986,77.7464761244188,75.49807536517027,83.06528095335226,92.40657626140796,102.38861019863572
120.0,120.0,120.0,120.0,120.0,120.0,120.0,120.0,120.0,120.0,9.002805526959207,11.124792270266271,95.77662721698712,101.53946503156834,103.50501519840464,105.86766887050881,104.41739831253487,107.76732435352203,114.503749546187,109.86853057049986,77.7464761244188,75.49807536517027,83.06528095335226,92.40657626140796,102.38861019863572
120.0,120.0,120.0,120.0,120.0,120.0,120.0,120.0,120.0,120.0,9.002805526959207,11.124792270266271,95.77662721698712,101.53946503156834,103.50501519840464,105.86766887050881,104.41739831253487,107.76732435352203,114.503749546187,109.86853057049986,77.7464761244188,75.49807536517027,83.06528095335226,92.40657626140796,102.38861019863572
120.0,120.0,120.0,120.0,120.0,120.0,120.0,120.0,120.0,120.0,9.002805526959207,11.124792270266271,95.77662721698712,101.53946503156834,103.50501519840464,105.86766887050881,104.41739831253487,107.76732435352203,114.503749546187,109.86853057049986,77.7464761244188,75.49807536517027,83.06528095335226,92.40657626140796,102.38861019863572
120.0,120.0,120.0,120.0,120.0,120.0,120.0,120.0,120.0,120.0,9.002805526959206,11.124792270266271,95.77662721698712,101.53946503156834,103.50501519840464,105.86766887050881,104.41739831253487,107.76732435352203,114.503749546187,109.86853057049986,77.7464761244188,75.49807536517027,83.06528095335226,92.40657626140796,102.38861019863572
120.0,120.0,120.0,120.0,120.0,120.0,120.0,120.0,120.0,120.0,9.002805526959206,11.124792270266271,95.77662721698712,101.53946503156834,103.50501519840464,105.86766887050881,104.41739831253487,107.76732435352203,114.503749546187,109.86853057049986,77.7464761244188,75.49807536517027,83.06528095335226,92.40657626140796,102.38861019863572
120.0,120.0,120.0,120.0,120.0,120.0,120.0,120.0,120.0,120.0,9.002805526959206,11.124792270266271,95.77662721698712,101.53946503156834,103.50501519840464,105.86766887050881,104.41739831253487,107.76732435352203,114.503749546187,109.86853057049986,77.7464761244188,75.49807536517027,83.06528095335226,92.40657626140796,102.38861019863572
120.0,120.0,120.0,120.0,120.0,120.0,120.0,120.0,120.0,120.0,9.002805526959206,11.124792270266271,95.77662721698712,101.53946503156834,103.50501519840464,105.86766887050881,104.41739831253487,107.76732435352203,114.503749546187,109.86853057049986,77.7464761244188,75.49807536517027,83.06528095335226,92.40657626140796,102.38861019863572
120.0,120.0,120.0,120.0,120.0,120.0,120.0,120.0,120.0,120.0,9.002805526959206,11.124792270266271,95.77662721698712,101.53946503156834,103.50501519840464,105.86766887050881,104.41739831253487,107.76732435352203,114.503749546187,109.86853057049986,77.7464761244188,75.49807536517027,83.06528095335226,92.40657626140796,102.38861019863572
120.0,120.0,120.0,120.0,120.0,120.0,120.0,120.0,120.0,120.0,9.002805526959206,11.124792270266271,95.77662721698712,101.53946503156834,103.50501519840464,105.86766887050881,104.41739831253487,107.76732435352203,114.503749546187,109.86853057049986,77.7464761244188,75.49807536517027,83.06528095335226,92.40657626140796,102.38861019863572
120.0,120.0,120.0,120.0,120.0,120.0,120.0,120.0,120.0,120.0,9.002805526959206,11.124792270266271,95.77662721698712,101.53946503156834,103.50501519840464,105.86766887050881,104.41739831253487,107.76732435352203,114.503749546187,109.86853057049986,77.7464761244188,75.49807536517027,83.06528095335226,92.40657626140796,102.38861019863572
120.0,120.0,120.0,120.0,120.0,120.0,120.0,120.0,120.0,120.0,9.002805526959206,11.124792270266271,95.77662721698712,101.53946503156834,103.50501519840464,105.86766887050881,104.41739831253487,107.76732435352203,114.503749546187,109.86853057049986,77.7464761244188,75.49807536517027,83.06528095335226,92.40657626140796,102.38861019863572
120.0,120.0,120.0,120.0,120.0,120.0,120.0,120.0,120.0,120.0,9.002805526959206,11.124792270266271,95.77662721698712,101.53946503156834,103.50501519840464,105.86766887050881,104.41739831253487,107.76732435352203,114.503749546187,109.86853057049986,77.7464761244188,75.49807536517027,83.06528095335226,92.40657626140796,102.38861019863572
120.0,120.0,120.0,120.0,120.0,120.0,120.0,120.0,120.0,120.0,9.002805526959206,11.124792270266271,95.77662721698712,101.53946503156834,103.50501519840464,105.86766887050881,104.41739831253487,107.76732435352203,114.503749546187,109.86853057049986,77.7464761244188,75.49807536517027,83.06528095335226,92.40657626140796,102.38861019863572
120.0,120.0,120.0,120.0,120.0,120.0,120.0,120.0,120.0,120.0,9.002805526959206,11.124792270266271,95.77662721698712,101.53946503156834,103.50501519840464,105.86766887050881,104.41739831253487,107.76732435352203,114.503749546187,109.86853057049986,77.7464761244188,75.49807536517027,83.06528095335226,92.40657626140796,102.38861019863572
120.0,120.0,120.0,120.0,120.0,120.0,120.0,120.0,120.0,120.0,9.002805526959206,11.124792270266271,95.77662721698712,101.53946503156834,103.50501519840464,105.86766887050881,104.41739831253487,107.76732435352203,114.503749546187,109.86853057049986,77.7464761244188,75.49807536517027,83.06528095335226,92.40657626140796,102.38861019863572
120.0,120.0,120.0,120.0,120.0,120.0,120.0,120.0,120.0,120.0,68.04640123587109,61.62141851947357,23.344127943515037,0.06114839564549412,79.87453836238178,103.06388687290183,105.81563879728996,107.1795070526866,119.46630908446919,94.40078551537633,96.12837520324192,85.43438661277466,89.80449598949116,98.59432911332841,108.88072388891106
120.0,120.0,120.0,120.0,120.0,120.0,120.0,120.0,120.0,120.0,68.04640123587109,61.62141851947357,23.344127943515037,0.06114839564549412,79.87453836238178,103.06388687290183,105.81563879728996,107.1795070526866,119.46630908446919,94.40078551537633,96.12837520324192,85.43438661277466,89.80449598949116,98.59432911332841,108.88072388891106
120.0,120.0,120.0,120.0,120.0,120.0,120.0,120.0,120.0,120.0,68.04640123587109,61.62141851947357,23.344127943515037,0.06114839564549412,79.87453836238178,103.06388687290183,105.81563879728996,107.1795070526866,119.46630908446919,94.40078551537633,96.12837520324192,85.43438661277466,89.80449598949116,98.59432911332841,108.88072388891106
120.0,120.0,120.0,120.0,120.0,120.0,120.0,120.0,120.0,120.0,68.04640123587109,61.62141851947357,23.344127943515037,0.06114839564549412,79.87453836238178,103.06388687290183,105.81563879728996,107.1795070526866,119.46630908446919,94.40078551537633,96.12837520324192,85.43438661277466,89.80449598949116,98.59432911332841,108.88072388891106
120.0,120.0,120.0,120.0,120.0,120.0,120.0,120.0,120.0,120.0,68.04640123587109,61.62141851947357,23.344127943515037,0.06114839564549412,79.87453836238178,103.06388687290183,105.81563879728996,107.1795070526866,119.46630908446919,94.40078551537633,96.12837520324192,85.43438661277466,89.80449598949116,98.59432911332841,108.88072388891106
120.0,120.0,120.0,120.0,120.0,120.0,120.0,120.0,120.0,120.0,68.04640123587109,61.62141851947357,23.344127943515037,0.06114839564549412,79.87453836238178,103.06388687290183,105.81563879728996,107.1795070526866,119.46630908446919,94.40078551537633,96.12837520324192,85.43438661277466,89.80449598949116,98.59432911332841,108.88072388891106
120.0,120.0,120.0,120.0,120.0,120.0,120.0,120.0,120.0,120.0,68.04640123587109,61.62141851947357,23.344127943515037,0.061148395645493785,79.87453836238178,103.06388687290183,105.81563879728996,107.1795070526866,119.46630908446919,94.40078551537633,96.12837520324192,85.43438661277466,89.80449598949116,98.59432911332841,108.88072388891106
120.0,120.0,120.0,120.0,120.0,120.0,120.0,120.0,120.0,120.0,68.04640123587109,61.62141851947357,23.344127943515037,0.061148395645493785,79.87453836238178,103.06388687290183,105.81563879728996,107.1795070526866,119.46630908446919,94.40078551537633,96.12837520324192,85.43438661277466,89.80449598949116,98.59432911332841,108.88072388891106
120.0,120.0,120.0,120.0,120.0,120.0,120.0,120.0,120.0,120.0,68.04640123587109,61.62141851947357,23.344127943515037,0.061148395645493785,79.87453836238178,103.06388687290183,105.81563879728996,107.1795070526866,119.46630908446919,94.40078551537633,96.12837520324192,85.43438661277466,89.80449598949116,98.59432911332841,108.88072388891106
120.0,120.0,120.0,120.0,120.0,120.0,120.0,120.0,120.0,120.0,68.04640123587109,61.62141851947357,23.344127943515037,0.061148395645493785,79.87453836238178,103.06388687290183,105.81563879728996,107.1795070526866,119.46630908446919,94.40078551537633,96.12837520324192,85.43438661277466,89.80449598949116,98.59432911332841,108.88072388891106
120.0,120.0,120.0,120.0,120.0,120.0,120.0,120.0,120.0,120.0,68.04640123587109,61.62141851947357,23.344127943515037,0.061148395645493785,79.87453836238178,103.06388687290183,105.81563879728996,107.1795070526866,119.46630908446919,94.40078551537633,96.12837520324192,85.43438661277466,89.80449598949116,98.59432911332841,108.88072388891106
120.0,120.0,120.0,120.0,120.0,120.0,120.0,120.0,120.0,120.0,68.04640123587109,61.62141851947357,23.344127943515037,0.061148395645493785,79.87453836238178,103.06388687290183,105.81563879728996,107.1795070526866,119.46630908446919,94.40078551537633,96.12837520324192,85.43438661277466,89.80449598949116,98.59432911332841,108.88072388891106
120.0,120.0,120.0,120.0,120.0,120.0,120.0,120.0,120.0,120.0,68.04640123587109,61.62141851947357,23.344127943515037,0.06114839564549379,79.87453836238178,103.06388687290183,105.81563879728996,107.1795070526866,119.46630908446919,94.40078551537633,96.12837520324192,85.43438661277466,89.80449598949116,98.59432911332841,108.88072388891106
120.0,120.0,120.0,120.0,120.0,120.0,120.0,120.0,120.0,120.0,68.04640123587109,61.62141851947357,23.344127943515037,0.06114839564549379,79.87453836238178,103.06388687290183,105.81563879728996,107.1795070526866,119.46630908446919,94.40078551537633,96.12837520324192,85.43438661277466,89.80449598949116,98.59432911332841,108.88072388891106
120.0,120.0,120.0,120.0,120.0,120.0,120.0,120.0,120.0,120.0,68.04640123587109,61.62141851947357,23.344127943515037,0.06114839564549379,79.87453836238178,103.06388687290183,105.81563879728996,107.1795070526866,119.46630908446919,94.40078551537633,96.12837520324192,85.43438661277466,89.80449598949116,98.59432911332841,108.88072388891106
120.0,120.0,120.0,120.0,120.0,120.0,120.0,120.0,120.0,120.0,68.04640123587109,61.62141851947357,23.344127943515037,0.06114839564549379,79.87453836238178,103.06388687290183,105.81563879728996,107.1795070526866,119.46630908446919,94.40078551537633,96.12837520324192,85.43438661277466,89.80449598949116,98.59432911332841,108.88072388891106
120.0,120.0,120.0,120.0,120.0,120.0,120.0,120.0,120.0,120.0,68.04640123587109,61.62141851947357,23.344127943515037,0.06114839564549379,79.87453836238178,103.06388687290183,105.81563879728996,107.1795070526866,119.46630908446919,94.40078551537633,96.12837520324192,85.43438661277466,89.80449598949116,98.59432911332841,108.88072388891106
120.0,120.0,120.0,120.0,120.0,120.0,120.0,120.0,120.0,120.0,68.04640123587109,61.62141851947357,23.344127943515037,0.06114839564549379,79.87453836238178,103.06388687290183,105.81563879728996,107.1795070526866,119.46630908446919,94.40078551537633,96.12837520324192,85.43438661277466,89.80449598949116,98.59432911332841,108.88072388891106
120.0,120.0,120.0,120.0,120.0,120.0,120.0,120.0,120.0,120.0,107.25489404179851,115.70935400697952,114.7864315447767,113.588895132766,112.50087843005142,111.77562238948092,112.19968889965524,107.06371514775016,87.61398645043609,89.83039964512514,68.05812047312028,94.98041614359975,93.23133796474664,58.51140874730431,102.57422226612972
120.0,120.0,120.0,120.0,120.0,120.0,120.0,120.0,120.0,120.0,107.25489404179851,115.70935400697952,114.7864315447767,113.588895132766,112.50087843005142,111.77562238948092,112.19968889965524,107.06371514775016,87.61398645043609,89.83039964512514,68.05812047312028,94.98041614359975,93.23133796474664,58.51140874730431,102.57422226612972
120.0,120.0,120.0,120.0,120.0,120.0,120.0,120.0,120.0,120.0,107.25489404179851,115.70935400697952,114.7864315447767,113.588895132766,112.50087843005142,111.77562238948092,112.19968889965524,107.06371514775016,87.61398645043609,89.83039964512514,68.05812047312028,94.98041614359975,93.23133796474664,58.51140874730431,102.57422226612972
120.0,120.0,120.0,120.0,120.0,120.0,120.0,120.0,120.0,120.0,107.25489404179851,115.70935400697952,114.7864315447767,113.588895132766,112.50087843005142,111.77562238948092,112.19968889965524,107.06371514775016,87.61398645043609,89.83039964512514,68.05812047312028,94.98041614359975,93.23133796474664,58.51140874730431,102.57422226612972
120.0,120.0,120.0,120.0,120.0,120.0,120.0,120.0,120.0,120.0,107.25489404179851,115.70935400697952,114.7864315447767,113.588895132766,112.50087843005142,111.77562238948092,112.19968889965524,107.06371514775016,87.61398645043609,89.83039964512514,68.05812047312028,94.98041614359975,93.23133796474664,58.51140874730431,102.57422226612972
120.0,120.0,120.0,120.0,120.0,120.0,120.0,120.0,120.0,120.0,107.25489404179851,115.70935400697952,114.7864315447767,113.588895132766,112.50087843005142,111.77562238948092,112.19968889965524,107.06371514775016,87.61398645043609,89.83039964512514,68.05812047312028,94.98041614359975,93.23133796474664,58.51140874730431,102.57422226612972
120.0,120.0,120.0,120.0,120.0,120.0,120.0,120.0,120.0,120.0,107.25489404179851,115.70935400697952,114.7864315447767,113.588895132766,112.50087843005142,111.77562238948092,112.19968889965524,107.06371514775016,87.61398645043609,89.83039964512514,68.05812047312028,94.98041614359975,93.23133796474664,58.51140874730431,102.57422226612972
120.0,120.0,120.0,120.0,120.0,120.0,120.0,120.0,120.0,120.0,107.25489404179851,115.70935400697952,114.7864315447767,113.588895132766,112.50087843005142,111.77562238948092,112.19968889965524,107.06371514775016,87.61398645043609,89.83039964512514,68.05812047312028,94.98041614359975,93.23133796474664,58.51140874730431,102.57422226612972
120.0,120.0,120.0,120.0,120.0,120.0,120.0,120.0,120.0,120.0,107.25489404179851,115.70935400697952,114.7864315447767,113.588895132766,112.50087843005142,111.77562238948092,112.19968889965524,107.06371514775016,87.61398645043609,89.83039964512514,68.05812047312028,94.98041614359975,93.23133796474664,58.51140874730431,102.57422226612972
120.0,120.0,120.0,120.0,120.0,120.0,120.0,120.0,120.0,120.0,107.25489404179851,115.70935400697952,114.7864315447767,113.588895132766,112.50087843005142,111.77562238948092,112.19968889965524,107.06371514775016,87.61398645043609,89.83039964512514,68.05812047312028,94.98041614359975,93.23133796474664,58.51140874730431,102.57422226612972
120.0,120.0,120.0,120.0,120.0,120.0,120.0,120.0,120.0,120.0,107.25489404179851,115.70935400697952,114.7864315447767,113.588895132766,112.50087843005142,111.77562238948092,112.19968889965524,107.06371514775016,87.61398645043609,89.83039964512514,68.05812047312028,94.98041614359975,93.23133796474664,58.51140874730431,102.57422226612972
120.0,120.0,120.0,120.0,120.0,120.0,120.0,120.0,120.0,120.0,107.25489404179851,115.70935400697952,114.7864315447767,113.588895132766,112.50087843005142,111.77562238948092,112.19968889965524,107.06371514775016,87.61398645043609,89.83039964512514,68.05812047312028,94.98041614359975,93.23133796474664,58.51140874730431,102.57422226612972
120.0,120.0,120.0,120.0,120.0,120.0,120.0,120.0,120.0,120.0,107.25489404179851,115.70935400697952,114.7864315447767,113.588895132766,112.50087843005142,111.77562238948092,112.19968889965524,107.06371514775016,87.61398645043609,89.83039964512514,68.05812047312028,94.98041614359975,93.23133796474664,58.51140874730431,102.57422226612972
120.0,120.0,120.0,120.0,120.0,120.0,120.0,120.0,120.0,120.0,107.25489404179851,115.70935400697952,114.7864315447767,113.588895132766,112.50087843005142,111.77562238948092,112.19968889965524,107.06371514775016,87.61398645043609,89.83039964512514,68.05812047312028,94.98041614359975,93.23133796474664,58.51140874730431,102.57422226612972
120.0,120.0,120.0,120.0,120.0,120.0,120.0,120.0,120.0,120.0,107.25489404179851,115.70935400697952,114.7864315447767,113.588895132766,112.50087843005142,111.77562238948092,112.19968889965524,107.06371514775016,87.61398645043609,89.83039964512514,68.05812047312028,94.98041614359975,93.23133796474664,58.51140874730431,102.57422226612972
120.0,120.0,120.0,120.0,120.0,120.0,120.0,120.0,120.0,120.0,107.25489404179851,115.70935400697952,114.7864315447767,113.588895132766,112.50087843005142,111.77562238948092,112.19968889965524,107.06371514775016,87.61398645043609,89.83039964512514,68.05812047312028,94.98041614359975,93.23133796474664,58.51140874730431,102.57422226612972
120.0,120.0,120.0,120.0,120.0,120.0,120.0,120.0,120.0,120.0,107.25489404179851,115.70935400697952,114.7864315447767,113.588895132766,112.50087843005142,111.77562238948092,112.19968889965524,107.06371514775016,87.61398645043609,89.83039964512514,68.05812047312028,94.98041614359975,93.23133796474664,58.51140874730431,102.57422226612972
120.0,120.0,120.0,120.0,120.0,120.0,120.0,120.0,120.0,120.0,107.25489404179851,115.70935400697952,114.7864315447767,113.588895132766,112.50087843005142,111.77562238948092,112.19968889965524,107.06371514775016,87.61398645043609,89.83039964512514,68.05812047312028,94.98041614359975,93.23133796474664,58.51140874730431,102.57422226612972
120.0,120.0,120.0,120.0,120.0,120.0,120.0,120.0,120.0,120.0,0.0008717457076749983,116.15339554779084,116.93527146296718,117.12589805830405,117.16090236852082,117.12854528528578,106.89702448486729,107.15725241115587,88.59182509660661,108.41035075070153,74.44302574686982,77.70415219017507,86.269111500897,94.2748000069791,103.02075192532473
120.0,120.0,120.0,120.0,120.0,120.0,120.0,120.0,120.0,120.0,0.0008717457076749983,116.15339554779084,116.93527146296718,117.12589805830405,117.16090236852082,117.12854528528578,106.89702448486729,107.15725241115587,88.59182509660661,108.41035075070153,74.44302574686982,77.70415219017507,86.269111500897,94.2748000069791,103.02075192532473
120.0,120.0,120.0,120.0,120.0,120.0,120.0,120.0,120.0,120.0,0.0008717457076749983,116.15339554779084,116.93527146296718,117.12589805830405,117.16090236852082,117.12854528528578,106.89702448486729,107.15725241115587,88.59182509660661,108.41035075070153,74.44302574686982,77.70415219017507,86.269111500897,94.2748000069791,103.02075192532473
120.0,120.0,120.0,120.0,120.0,120.0,120.0,120.0,120.0,120.0,0.0008717457076749983,116.15339554779084,116.93527146296718,117.12589805830405,117.16090236852082,117.12854528528578,106.89702448486729,107.15725241115587,88.59182509660661,108.41035075070153,74.44302574686982,77.70415219017507,86.269111500897,94.2748000069791,103.02075192532473
120.0,120.0,120.0,120.0,120.0,120.0,120.0,120.0,120.0,120.0,0.0008717457076749983,116.15339554779084,116.93527146296718,117.12589805830405,117.16090236852082,117.12854528528578,106.89702448486729,107.15725241115587,88.59182509660661,108.41035075070153,74.44302574686982,77.70415219017507,86.269111500897,94.2748000069791,103.02075192532473
120.0,120.0,120.0,120.0,120.0,120.0,120.0,120.0,120.0,120.0,0.0008717457076749983,116.15339554779084,116.93527146296718,117.12589805830405,117.16090236852082,117.12854528528578,106.89702448486729,107.15725241115587,88.59182509660661,108.41035075070153,74.44302574686982,77.70415219017507,86.269111500897,94.2748000069791,103.02075192532473
120.0,120.0,120.0,120.0,120.0,120.0,120.0,120.0,120.0,120.0,0.0008717457076749983,116.15339554779084,116.93527146296718,117.12589805830405,117.16090236852082,117.12854528528578,106.89702448486729,107.15725241115587,88.59182509660661,108.41035075070153,74.44302574686982,77.70415219017507,86.269111500897,94.2748000069791,103.02075192532473
120.0,120.0,120.0,120.0,120.0,120.0,120.0,120.0,120.0,120.0,0.0008717457076749983,116.15339554779084,116.93527146296718,117.12589805830405,117.16090236852082,117.12854528528578,106.89702448486729,107.15725241115587,88.59182509660661,108.41035075070153,74.44302574686982,77.70415219017507,86.269111500897,94.2748000069791,103.02075192532473
120.0,120.0,120.0,120.0,120.0,120.0,120.0,120.0,120.0,120.0,0.0008717457076749983,116.15339554779084,116.93527146296718,117.12589805830405,117.16090236852082,117.12854528528578,106.89702448486729,107.15725241115587,88.59182509660661,108.41035075070153,74.44302574686982,77.70415219017507,86.269111500897,94.2748000069791,103.02075192532473
120.0,120.0,120.0,120.0,120.0,120.0,120.0,120.0,120.0,120.0,0.0008717457076749983,116.15339554779084,116.93527146296718,117.12589805830405,117.16090236852082,117.12854528528578,106.89702448486729,107.15725241115587,88.59182509660661,108.41035075070153,74.44302574686982,77.70415219017507,86.269111500897,94.2748000069791,103.02075192532473
120.0,120.0,120.0,120.0,120.0,120.0,120.0,120.0,120.0,120.0,0.0008717457076749984,116.15339554779084,116.93527146296718,117.12589805830405,117.16090236852082,117.12854528528578,106.89702448486729,107.15725241115587,88.59182509660661,108.41035075070153,74.44302574686982,77.70415219017507,86.269111500897,94.2748000069791,103.02075192532473
120.0,120.0,120.0,120.0,120.0,120.0,120.0,120.0,120.0,120.0,0.0008717457076749984,116.15339554779084,116.93527146296718,117.12589805830405,117.16090236852082,117.12854528528578,106.89702448486729,107.15725241115587,88.59182509660661,108.41035075070153,74.44302574686982,77.70415219017507,86.269111500897,94.2748000069791,103.02075192532473
120.0,120.0,120.0,120.0,120.0,120.0,120.0,120.0,120.0,120.0,0.0008717457076749984,116.15339554779084,116.93527146296718,117.12589805830405,117.16090236852082,117.12854528528578,106.89702448486729,107.15725241115587,88.59182509660661,108.41035075070153,74.44302574686982,77.70415219017507,86.269111500897,94.2748000069791,103.02075192532473
120.0,120.0,120.0,120.0,120.0,120.0,120.0,120.0,120.0,120.0,0.0008717457076749984,116.15339554779084,116.93527146296718,117.12589805830405,117.16090236852082,117.12854528528578,106.89702448486729,107.15725241115587,88.59182509660661,108.41035075070153,74.44302574686982,77.70415219017507,86.269111500897,94.2748000069791,103.02075192532473
120.0,120.0,120.0,120.0,120.0,120.0,120.0,120.0,120.0,120.0,0.0008717457076749984,116.15339554779084,116.93527146296718,117.12589805830405,117.16090236852082,117.12854528528578,106.89702448486729,107.15725241115587,88.59182509660661,108.41035075070153,74.44302574686982,77.70415219017507,86.269111500897,94.2748000069791,103.02075192532473
120.0,120.0,120.0,120.0,120.0,120.0,120.0,120.0,120.0,120.0,0.0008717457076749983,116.15339554779084,116.93527146296718,117.12589805830405,117.16090236852082,117.12854528528578,106.89702448486729,107.15725241115587,88.59182509660661,108.41035075070153,74.44302574686982,77.70415219017507,86.269111500897,94.2748000069791,103.02075192532473
120.0,120.0,120.0,120.0,120.0,120.0,120.0,120.0,120.0,120.0,0.0008717457076749983,116.15339554779084,116.93527146296718,117.12589805830405,117.16090236852082,117.12854528528578,106.89702448486729,107.15725241115587,88.59182509660661,108.41035075070153,74.44302574686982,77.70415219017507,86.269111500897,94.2748000069791,103.02075192532473
120.0,120.0,120.0,120.0,120.0,120.0,120.0,120.0,120.0,120.0,0.0008717457076749983,116.15339554779084,116.93527146296718,117.12589805830405,117.16090236852082,117.12854528528578,106.89702448486729,107.15725241115587,88.59182509660661,108.41035075070153,74.44302574686982,77.70415219017507,86.269111500897,94.2748000069791,103.02075192532473
120.0,120.0,120.0,120.0,120.0,120.0,120.0,120.0,120.0,120.0,116.04370349740266,115.77084920011067,115.51405069054897,115.3084635489366,115.27460232641496,115.34267462657225,115.47069836762184,109.05847788125178,100.0058267484195,95.74037822568316,90.93566663526704,83.19419297292282,86.11876727712428,93.45673511236296,102.66583023486388
120.0,120.0,120.0,120.0,120.0,120.0,120.0,120.0,120.0,120.0,116.04370349740266,115.77084920011067,115.51405069054897,115.3084635489366,115.27460232641496,115.34267462657225,115.47069836762184,109.05847788125178,100.0058267484195,95.74037822568316,90.93566663526704,83.19419297292282,86.11876727712428,93.45673511236296,102.66583023486388
120.0,120.0,120.0,120.0,120.0,120.0,120.0,120.0,120.0,120.0,116.04370349740266,115.77084920011067,115.51405069054897,115.3084635489366,115.27460232641496,115.34267462657225,115.47069836762184,109.05847788125178,100.0058267484195,95.74037822568316,90.93566663526704,83.19419297292282,86.11876727712428,93.45673511236296,102.66583023486388
120.0,120.0,120.0,120.0,120.0,120.0,120.0,120.0,120.0,120.0,116.04370349740266,115.77084920011067,115.51405069054897,115.3084635489366,115.27460232641496,115.34267462657225,115.47069836762184,109.05847788125178,100.0058267484195,95.74037822568316,90.93566663526704,83.19419297292282,86.11876727712428,93.45673511236296,102.66583023486388
120.0,120.0,120.0,120.0,120.0,120.0,120.0,120.0,120.0,120.0,116.04370349740266,115.77084920011067,115.51405069054897,115.3084635489366,115.27460232641496,115.34267462657225,115.47069836762184,109.05847788125178,100.0058267484195,95.74037822568316,90.93566663526704,83.19419297292282,86.11876727712428,93.45673511236296,102.66583023486388
120.0,120.0,120.0,120.0,120.0,120.0,120.0,120.0,120.0,120.0,116.04370349740266,115.77084920011067,115.51405069054897,115.3084635489366,115.27460232641496,115.34267462657225,115.47069836762184,109.05847788125178,100.0058267484195,95.74037822568316,90.93566663526704,83.19419297292282,86.11876727712428,93.45673511236296,102.66583023486388
120.0,120.0,120.0,120.0,120.0,120.0,120.0,120.0,120.0,120.0,116.04370349740266,115.77084920011067,115.51405069054897,115.3084635489366,115.27460232641496,115.34267462657225,115.47069836762184,109.05847788125178,100.0058267484195,95.74037822568316,90.93566663526704,83.19419297292282,86.11876727712428,93.45673511236296,102.66583023486388
120.0,120.0,120.0,120.0,120.0,120.0,120.0,120.0,120.0,120.0,116.04370349740266,115.77084920011067,115.51405069054897,115.3084635489366,115.27460232641496,115.34267462657225,115.47069836762184,109.05847788125178,100.0058267484195,95.74037822568316,90.93566663526704,83.19419297292282,86.11876727712428,93.45673511236296,102.66583023486388
120.0,120.0,120.0,120.0,120.0,120.0,120.0,120.0,120.0,120.0,116.04370349740266,115.77084920011067,115.51405069054897,115.3084635489366,115.27460232641496,115.34267462657225,115.47069836762184,109.05847788125178,100.0058267484195,95.74037822568316,90.93566663526704,83.19419297292282,86.11876727712428,93.45673511236296,102.66583023486388
120.0,120.0,120.0,120.0,120.0,120.0,120.0,120.0,120.0,120.0,116.04370349740266,115.77084920011067,115.51405069054897,115.3084635489366,115.27460232641496,115.34267462657225,115.47069836762184,109.05847788125178,100.0058267484195,95.74037822568316,90.93566663526704,83.19419297292282,86.11876727712428,93.45673511236296,102.66583023486388
120.0,120.0,120.0,120.0,120.0,120.0,120.0,120.0,120.0,120.0,116.04370349740266,115.77084920011067,115.51405069054897,115.3084635489366,115.27460232641496,115.34267462657225,115.47069836762184,109.05847788125178,100.0058267484195,95.74037822568316,90.93566663526704,83.19419297292282,86.11876727712428,93.45673511236296,102.66583023486388
120.0,120.0,120.0,120.0,120.0,120.0,120.0,120.0,120.0,120.0,116.04370349740266,115.77084920011067,115.51405069054897,115.3084635489366,115.27460232641496,115.34267462657225,115.47069836762184,109.05847788125178,100.0058267484195,95.74037822568316,90.93566663526704,83.19419297292282,86.11876727712428,93.45673511236296,102.66583023486388
120.0,120.0,120.0,120.0,120.0,120.0,120.0,120.0,120.0,120.0,116.04370349740266,115.77084920011067,115.51405069054897,115.3084635489366,115.27460232641496,115.34267462657225,115.47069836762184,109.05847788125178,100.0058267484195,95.74037822568316,90.93566663526704,83.19419297292282,86.11876727712428,93.45673511236296,102.66583023486388
120.0,120.0,120.0,120.0,120.0,120.0,120.0,120.0,120.0,120.0,116.04370349740266,115.77084920011067,115.51405069054897,115.3084635489366,115.27460232641496,115.34267462657225,115.47069836762184,109.05847788125178,100.0058267484195,95.74037822568316,90.93566663526704,83.19419297292282,86.11876727712428,93.45673511236296,102.66583023486388
120.0,120.0,120.0,120.0,120.0,120.0,120.0,120.0,120.0,120.0,116.04370349740266,115.77084920011067,115.51405069054897,115.3084635489366,115.27460232641496,115.34267462657225,115.47069836762184,109.05847788125178,100.0058267484195,95.74037822568316,90.93566663526704,83.19419297292282,86.11876727712428,93.45673511236296,102.66583023486388
120.0,120.0,120.0,120.0,120.0,120.0,120.0,120.0,120.0,120.0,116.04370349740266,115.77084920011067,115.51405069054897,115.3084635489366,115.27460232641496,115.34267462657225,115.47069836762184,109.05847788125178,100.0058267484195,95.74037822568316,90.93566663526704,83.19419297292282,86.11876727712428,93.45673511236296,102.66583023486388
120.0,120.0,120.0,120.0,120.0,120.0,120.0,120.0,120.0,120.0,116.04370349740266,115.77084920011067,115.51405069054897,115.3084635489366,115.27460232641496,115.34267462657225,115.47069836762184,109.05847788125178,100.0058267484195,95.74037822568316,90.93566663526704,83.19419297292282,86.11876727712428,93.45673511236296,102.66583023486388
120.0,120.0,120.0,120.0,120.0,120.0,120.0,120.0,120.0,120.0,116.04370349740266,115.77084920011067,115.51405069054897,115.3084635489366,115.27460232641496,115.34267462657225,115.47069836762184,109.05847788125178,100.0058267484195,95.74037822568316,90.93566663526704,83.19419297292282,86.11876727712428,93.45673511236296,102.66583023486388
120.0,120.0,120.0,120.0,120.0,120.0,120.0,120.0,120.0,120.0,108.55108459490638,108.55033530038425,108.54912816713929,108.55258529101447,116.0772663123114,116.05303288018008,116.01087092548896,107.5784605469567,103.54848398802054,97.86732538699603,72.85226757708261,87.24875593571186,85.49332077686934,91.33900319599469,101.2991178864377
120.0,120.0,120.0,120.0,120.0,120.0,120.0,120.0,120.0,120.0,108.55108459490638,108.55033530038425,108.54912816713929,108.55258529101447,116.0772663123114,116.05303288018008,116.01087092548896,107.5784605469567,103.54848398802054,97.86732538699603,72.85226757708261,87.24875593571186,85.49332077686934,91.33900319599469,101.2991178864377
120.0,120.0,120.0,120.0,120.0,120.0,120.0,120.0,120.0,120.0,108.55108459490638,108.55033530038425,108.54912816713929,108.55258529101447,116.0772663123114,116.05303288018008,116.01087092548896,107.5784605469567,103.54848398802054,97.86732538699603,72.85226757708261,87.24875593571186,85.49332077686934,91.33900319599469,101.2991178864377
120.0,120.0,120.0,120.0,120.0,120.0,120.0,120.0,120.0,120.0,108.55108459490638,108.55033530038425,108.54912816713929,108.55258529101447,116.0772663123114,116.05303288018008,116.01087092548896,107.5784605469567,103.54848398802054,97.86732538699603,72.85226757708261,87.24875593571186,85.49332077686934,91.33900319599469,101.2991178864377
120.0,120.0,120.0,120.0,120.0,120.0,120.0,120.0,120.0,120.0,108.55108459490638,108.55033530038425,108.54912816713929,108.55258529101447,116.0772663123114,116.05303288018008,116.01087092548896,107.5784605469567,103.54848398802054,97.86732538699603,72.85226757708261,87.24875593571186,85.49332077686934,91.33900319599469,101.2991178864377
120.0,120.0,120.0,120.0,120.0,120.0,120.0,120.0,120.0,120.0,108.55108459490638,108.55033530038425,108.54912816713929,108.55258529101447,116.0772663123114,116.05303288018008,116.01087092548896,107.5784605469567,103.54848398802054,97.86732538699603,72.85226757708261,87.24875593571186,85.49332077686934,91.33900319599469,101.2991178864377
120.0,120.0,120.0,120.0,120.0,120.0,120.0,120.0,120.0,120.0,108.55108459490638,108.55033530038425,108.54912816713929,108.55258529101447,116.0772663123114,116.05303288018008,116.01087092548896,107.5784605469567,103.54848398802054,97.86732538699603,72.85226757708261,87.24875593571186,85.49332077686934,91.33900319599469,101.2991178864377
120.0,120.0,120.0,120.0,120.0,120.0,120.0,120.0,120.0,120.0,108.55108459490638,108.55033530038425,108.54912816713929,108.55258529101447,116.0772663123114,116.05303288018008,116.01087092548896,107.5784605469567,103.54848398802054,97.86732538699603,72.85226757708261,87.24875593571186,85.49332077686934,91.33900319599469,101.2991178864377
120.0,120.0,120.0,120.0,120.0,120.0,120.0,120.0,120.0,120.0,108.55108459490638,108.55033530038425,108.54912816713929,108.55258529101447,116.0772663123114,116.05303288018008,116.01087092548896,107.5784605469567,103.54848398802054,97.86732538699603,72.85226757708261,87.24875593571186,85.49332077686934,91.33900319599469,101.2991178864377
120.0,120.0,120.0,120.0,120.0,120.0,120.0,120.0,120.0,120.0,108.55108459490638,108.55033530038425,108.54912816713929,108.55258529101447,116.0772663123114,116.05303288018008,116.01087092548896,107.5784605469567,103.54848398802054,97.86732538699603,72.85226757708261,87.24875593571186,85.49332077686934,91.33900319599469,101.2991178864377
120.0,120.0,120.0,120.0,120.0,120.0,120.0,120.0,120.0,120.0,108.55108459490638,108.55033530038425,108.54912816713929,108.55258529101447,116.0772663123114,116.05303288018008,116.01087092548896,107.5784605469567,103.54848398802054,97.86732538699603,72.85226757708261,87.24875593571186,85.49332077686934,91.33900319599469,101.2991178864377
120.0,120.0,120.0,120.0,120.0,120.0,120.0,120.0,120.0,120.0,108.55108459490638,108.55033530038425,108.54912816713929,108.55258529101447,116.0772663123114,116.05303288018008,116.01087092548896,107.5784605469567,103.54848398802054,97.86732538699603,72.85226757708261,87.24875593571186,85.49332077686934,91.33900319599469,101.2991178864377
120.0,120.0,120.0,120.0,120.0,120.0,120.0,120.0,120.0,120.0,108.55108459490638,108.55033530038425,108.54912816713929,108.55258529101447,116.0772663123114,116.05303288018008,116.01087092548896,107.5784605469567,103.54848398802054,97.86732538699603,72.85226757708261,87.24875593571186,85.49332077686934,91.33900319599469,101.2991178864377
120.0,120.0,120.0,120.0,120.0,120.0,120.0,120.0,120.0,120.0,108.55108459490638,108.55033530038425,108.54912816713929,108.55258529101447,116.0772663123114,116.05303288018008,116.01087092548896,107.5784605469567,103.54848398802054,97.86732538699603,72.85226757708261,87.24875593571186,85.49332077686934,91.33900319599469,101.2991178864377
120.0,120.0,120.0,120.0,120.0,120.0,120.0,120.0,120.0,120.0,108.55108459490638,108.55033530038425,108.54912816713929,108.55258529101447,116.0772663123114,116.05303288018008,116.01087092548896,107.5784605469567,103.54848398802054,97.86732538699603,72.85226757708261,87.24875593571186,85.49332077686934,91.33900319599469,101.2991178864377
120.0,120.0,120.0,120.0,120.0,120.0,120.0,120.0,120.0,120.0,108.55108459490638,108.55033530038425,108.54912816713929,108.55258529101447,116.0772663123114,116.05303288018008,116.01087092548896,107.5784605469567,103.54848398802054,97.86732538699603,72.85226757708261,87.24875593571186,85.49332077686934,91.33900319599469,101.2991178864377
120.0,120.0,120.0,120.0,120.0,120.0,120.0,120.0,120.0,120.0,108.55108459490638,108.55033530038425,108.54912816713929,108.55258529101447,116.0772663123114,116.05303288018008,116.01087092548896,107.5784605469567,103.54848398802054,97.86732538699603,72.85226757708261,87.24875593571186,85.49332077686934,91.33900319599469,101.2991178864377
120.0,120.0,120.0,120.0,120.0,120.0,120.0,120.0,120.0,120.0,108.55108459490638,108.55033530038425,108.54912816713929,108.55258529101447,116.0772663123114,116.05303288018008,116.01087092548896,107.5784605469567,103.54848398802054,97.86732538699603,72.85226757708261,87.24875593571186,85.49332077686934,91.33900319599469,101.2991178864377
120.0,120.0,120.0,120.0,120.0,120.0,120.0,120.0,120.0,120.0,51.47942145292436,105.59181242860325,71.50163547457055,78.50840646999455,116.13928733097684,116.48416890385916,116.63950192552379,111.14825183387636,107.99742017257648,108.75614146416184,91.66085073600298,82.27224108892977,77.44694691333105,95.93914685266262,101.85773004082834
120.0,120.0,120.0,120.0,120.0,120.0,120.0,120.0,120.0,120.0,51.47942145292436,105.59181242860325,71.50163547457055,78.50840646999455,116.13928733097684,116.48416890385916,116.63950192552379,111.14825183387636,107.99742017257648,108.75614146416184,91.66085073600298,82.27224108892977,77.44694691333105,95.93914685266262,101.85773004082834
120.0,120.0,120.0,120.0,120.0,120.0,120.0,120.0,120.0,120.0,51.47942145292436,105.59181242860325,71.50163547457055,78.50840646999455,116.13928733097684,116.48416890385916,116.63950192552379,111.14825183387636,107.99742017257648,108.75614146416184,91.66085073600298,82.27224108892977,77.44694691333105,95.93914685266262,101.85773004082834
120.0,120.0,120.0,120.0,120.0,120.0,120.0,120.0,120.0,120.0,51.47942145292436,105.59181242860325,71.50163547457055,78.50840646999455,116.13928733097684,116.48416890385916,116.63950192552379,111.14825183387636,107.99742017257648,108.75614146416184,91.66085073600298,82.27224108892977,77.44694691333105,95.93914685266262,101.85773004082834
120.0,120.0,120.0,120.0,120.0,120.0,120.0,120.0,120.0,120.0,51.47942145292436,105.59181242860325,71.50163547457055,78.50840646999455,116.13928733097684,116.48416890385916,116.63950192552379,111.14825183387636,107.99742017257648,108.75614146416184,91.66085073600298,82.27224108892977,77.44694691333105,95.93914685266262,101.85773004082834
120.0,120.0,120.0,120.0,120.0,120.0,120.0,120.0,120.0,120.0,51.47942145292436,105.59181242860325,71.50163547457055,78.50840646999455,116.13928733097684,116.48416890385916,116.63950192552379,111.14825183387636,107.99742017257648,108.75614146416184,91.66085073600298,82.27224108892977,77.44694691333105,95.93914685266262,101.85773004082834
120.0,120.0,120.0,120.0,120.0,120.0,120.0,120.0,120.0,120.0,51.47942145292436,105.59181242860325,71.50163547457055,78.50840646999455,116.13928733097684,116.48416890385916,116.63950192552379,111.14825183387636,107.99742017257648,108.75614146416184,91.66085073600298,82.27224108892977,77.44694691333105,95.93914685266262,101.85773004082834
120.0,120.0,120.0,120.0,120.0,120.0,120.0,120.0,120.0,120.0,51.47942145292436,105.59181242860325,71.50163547457055,78.50840646999455,116.13928733097684,116.48416890385916,116.63950192552379,111.14825183387636,107.99742017257648,108.75614146416184,91.66085073600298,82.27224108892977,77.44694691333105,95.93914685266262,101.85773004082834
120.0,120.0,120.0,120.0,120.0,120.0,120.0,120.0,120.0,120.0,51.47942145292436,105.59181242860325,71.50163547457055,78.50840646999455,116.13928733097684,116.48416890385916,116.63950192552379,111.14825183387636,107.99742017257648,108.75614146416184,91.66085073600298,82.27224108892977,77.44694691333105,95.93914685266262,101.85773004082834
120.0,120.0,120.0,120.0,120.0,120.0,120.0,120.0,120.0,120.0,51.47942145292436,105.59181242860325,71.50163547457055,78.50840646999455,116.13928733097684,116.48416890385916,116.63950192552379,111.14825183387636,107.99742017257648,108.75614146416184,91.66085073600298,82.27224108892977,77.44694691333105,95.93914685266262,101.85773004082834
120.0,120.0,120.0,120.0,120.0,120.0,120.0,120.0,120.0,120.0,51.47942145292436,105.59181242860325,71.50163547457055,78.50840646999455,116.13928733097684,116.48416890385916,116.63950192552379,111.14825183387636,107.99742017257648,108.75614146416184,91.66085073600298,82.27224108892977,77.44694691333105,95.93914685266262,101.85773004082834
120.0,120.0,120.0,120.0,120.0,120.0,120.0,120.0,120.0,120.0,51.47942145292436,105.59181242860325,71.50163547457055,78.50840646999455,116.13928733097684,116.48416890385916,116.63950192552379,111.14825183387636,107.99742017257648,108.75614146416184,91.66085073600298,82.27224108892977,77.44694691333105,95.93914685266262,101.85773004082834
120.0,120.0,120.0,120.0,120.0,120.0,120.0,120.0,120.0,120.0,51.47942145292436,105.59181242860325,71.50163547457055,78.50840646999455,116.13928733097684,116.48416890385916,116.63950192552379,111.14825183387636,107.99742017257648,108.75614146416184,91.66085073600298,82.27224108892977,77.44694691333105,95.93914685266262,101.85773004082834
120.0,120.0,120.0,120.0,120.0,120.0,120.0,120.0,120.0,120.0,51.47942145292436,105.59181242860325,71.50163547457055,78.50840646999455,116.13928733097684,116.48416890385916,116.63950192552379,111.14825183387636,107.99742017257648,108.75614146416184,91.66085073600298,82.27224108892977,77.44694691333105,95.93914685266262,101.85773004082834
120.0,120.0,120.0,120.0,120.0,120.0,120.0,120.0,120.0,120.0,51.47942145292436,105.59181242860325,71.50163547457055,78.50840646999455,116.13928733097684,116.48416890385916,116.63950192552379,111.14825183387636,107.99742017257648,108.75614146416184,91.66085073600298,82.27224108892977,77.44694691333105,95.93914685266262,101.85773004082834
120.0,120.0,120.0,120.0,120.0,120.0,120.0,120.0,120.0,120.0,51.47942145292436,105.59181242860325,71.50163547457055,78.50840646999455,116.13928733097684,116.48416890385916,116.63950192552379,111.14825183387636,107.99742017257648,108.75614146416184,91.66085073600298,82.27224108892977,77.44694691333105,95.93914685266262,101.85773004082834
120.0,120.0,120.0,120.0,120.0,120.0,120.0,120.0,120.0,120.0,51.47942145292436,105.59181242860325,71.50163547457055,78.50840646999455,116.13928733097684,116.48416890385916,116.63950192552379,111.14825183387636,107.99742017257648,108.75614146416184,91.66085073600298,82.27224108892977,77.44694691333105,95.93914685266262,101.85773004082834
120.0,120.0,120.0,120.0,120.0,120.0,120.0,120.0,120.0,120.0,51.47942145292436,105.59181242860325,71.50163547457055,78.50840646999455,116.13928733097684,116.48416890385916,116.63950192552379,111.14825183387636,107.99742017257648,108.75614146416184,91.66085073600298,82.27224108892977,77.44694691333105,95.93914685266262,101.85773004082834
120.0,120.0,120.0,120.0,120.0,120.0,120.0,120.0,120.0,120.0,56.869334086655314,105.07705634104356,29.024909552487653,59.101032719622964,115.34471986702923,116.06801645527287,116.37681249597311,116.52820009325713,108.51750553828118,108.72446377061604,91.92535903128284,89.29442064612994,87.81265545441137,89.42506474315513,94.66747180016706
120.0,120.0,120.0,120.0,120.0,120.0,120.0,120.0,120.0,120.0,56.869334086655314,105.07705634104356,29.024909552487653,59.101032719622964,115.34471986702923,116.06801645527287,116.37681249597311,116.52820009325713,108.51750553828118,108.72446377061604,91.92535903128284,89.29442064612994,87.81265545441137,89.42506474315513,94.66747180016706
120.0,120.0,120.0,120.0,120.0,120.0,120.0,120.0,120.0,120.0,56.869334086655314,105.07705634104356,29.024909552487653,59.101032719622964,115.34471986702923,116.06801645527287,116.37681249597311,116.52820009325713,108.51750553828118,108.72446377061604,91.92535903128284,89.29442064612994,87.81265545441137,89.42506474315513,94.66747180016706
120.0,120.0,120.0,120.0,120.0,120.0,120.0,120.0,120.0,120.0,56.869334086655314,105.07705634104356,29.024909552487653,59.101032719622964,115.34471986702923,116.06801645527287,116.37681249597311,116.52820009325713,108.51750553828118,108.72446377061604,91.92535903128284,89.29442064612994,87.81265545441137,89.42506474315513,94.66747180016706
120.0,120.0,120.0,120.0,120.0,120.0,120.0,120.0,120.0,120.0,56.869334086655314,105.07705634104356,29.024909552487653,59.101032719622964,115.34471986702923,116.06801645527287,116.37681249597311,116.52820009325713,108.51750553828118,108.72446377061604,91.92535903128284,89.29442064612994,87.81265545441137,89.42506474315513,94.66747180016706
120.0,120.0,120.0,120.0,120.0,120.0,120.0,120.0,120.0,120.0,56.869334086655314,105.07705634104356,29.024909552487653,59.101032719622964,115.34471986702923,116.06801645527287,116.37681249597311,116.52820009325713,108.51750553828118,108.72446377061604,91.92535903128284,89.29442064612994,87.81265545441137,89.42506474315513,94.66747180016706
120.0,120.0,120.0,120.0,120.0,120.0,120.0,120.0,120.0,120.0,56.869334086655314,105.07705634104356,29.024909552487653,59.101032719622964,115.34471986702923,116.06801645527287,116.37681249597311,116.52820009325713,108.51750553828118,108.72446377061604,91.92535903128284,89.29442064612994,87.81265545441137,89.42506474315513,94.66747180016706
120.0,120.0,120.0,120.0,120.0,120.0,120.0,120.0,120.0,120.0,56.869334086655314,105.07705634104356,29.024909552487653,59.101032719622964,115.34471986702923,116.06801645527287,116.37681249597311,116.52820009325713,108.51750553828118,108.72446377061604,91.92535903128284,89.29442064612994,87.81265545441137,89.42506474315513,94.66747180016706
120.0,120.0,120.0,120.0,120.0,120.0,120.0,120.0,120.0,120.0,56.869334086655314,105.07705634104356,29.024909552487653,59.101032719622964,115.34471986702923,116.06801645527287,116.37681249597311,116.52820009325713,108.51750553828118,108.72446377061604,91.92535903128284,89.29442064612994,87.81265545441137,89.42506474315513,94.66747180016706
120.0,120.0,120.0,120.0,120.0,120.0,120.0,120.0,120.0,120.0,56.869334086655314,105.07705634104356,29.024909552487653,59.101032719622964,115.34471986702923,116.06801645527287,116.37681249597311,116.52820009325713,108.51750553828118,108.72446377061604,91.92535903128284,89.29442064612994,87.81265545441137,89.42506474315513,94.66747180016706
120.0,120.0,120.0,120.0,120.0,120.0,120.0,120.0,120.0,120.0,56.869334086655314,105.07705634104356,29.024909552487653,59.101032719622964,115.34471986702923,116.06801645527287,116.37681249597311,116.52820009325713,108.51750553828118,108.72446377061604,91.92535903128284,89.29442064612994,87.81265545441137,89.42506474315513,94.66747180016706
120.0,120.0,120.0,120.0,120.0,120.0,120.0,120.0,120.0,120.0,56.869334086655314,105.07705634104356,29.024909552487653,59.101032719622964,115.34471986702923,116.06801645527287,116.37681249597311,116.52820009325713,108.51750553828118,108.72446377061604,91.92535903128284,89.29442064612994,87.81265545441137,89.42506474315513,94.66747180016706
120.0,120.0,120.0,120.0,120.0,120.0,120.0,120.0,120.0,120.0,56.869334086655314,105.07705634104356,29.024909552487653,59.101032719622964,115.34471986702923,116.06801645527287,116.37681249597311,116.52820009325713,108.51750553828118,108.72446377061604,91.92535903128284,89.29442064612994,87.81265545441137,89.42506474315513,94.66747180016706
120.0,120.0,120.0,120.0,120.0,120.0,120.0,120.0,120.0,120.0,56.869334086655314,105.07705634104356,29.024909552487653,59.101032719622964,115.34471986702923,116.06801645527287,116.37681249597311,116.52820009325713,108.51750553828118,108.72446377061604,91.92535903128284,89.29442064612994,87.81265545441137,89.42506474315513,94.66747180016706
120.0,120.0,120.0,120.0,120.0,120.0,120.0,120.0,120.0,120.0,56.869334086655314,105.07705634104356,29.024909552487653,59.101032719622964,115.34471986702923,116.06801645527287,116.37681249597311,116.52820009325713,108.51750553828118,108.72446377061604,91.92535903128284,89.29442064612994,87.81265545441137,89.42506474315513,94.66747180016706
120.0,120.0,120.0,120.0,120.0,120.0,120.0,120.0,120.0,120.0,56.869334086655314,105.07705634104356,29.024909552487653,59.101032719622964,115.34471986702923,116.06801645527287,116.37681249597311,116.52820009325713,108.51750553828118,108.72446377061604,91.92535903128284,89.29442064612994,87.81265545441137,89.42506474315513,94.66747180016706
120.0,120.0,120.0,120.0,120.0,120.0,120.0,120.0,120.0,120.0,56.869334086655314,105.07705634104356,29.024909552487653,59.101032719622964,115.34471986702923,116.06801645527287,116.37681249597311,116.52820009325713,108.51750553828118,108.72446377061604,91.92535903128284,89.29442064612994,87.81265545441137,89.42506474315513,94.66747180016706
120.0,120.0,120.0,120.0,120.0,120.0,120.0,120.0,120.0,120.0,56.869334086655314,105.07705634104356,29.024909552487653,59.101032719622964,115.34471986702923,116.06801645527287,116.37681249597311,116.52820009325713,108.51750553828118,108.72446377061604,91.92535903128284,89.29442064612994,87.81265545441137,89.42506474315513,94.66747180016706
120.0,120.0,120.0,120.0,120.0,120.0,120.0,120.0,120.0,120.0,115.91143688670815,115.77199132622235,115.40212742843345,115.10670643172726,114.95059386517349,114.89129953565907,114.9073680140755,114.9821260399866,103.20615427588714,97.12501130102216,88.11572146276536,86.60368588773208,107.4634080765252,108.34638505545374,110.36050157716765
120.0,120.0,120.0,120.0,120.0,120.0,120.0,120.0,120.0,120.0,115.91143688670815,115.77199132622235,115.40212742843345,115.10670643172726,114.95059386517349,114.89129953565907,114.9073680140755,114.9821260399866,103.20615427588714,97.12501130102216,88.11572146276536,86.60368588773208,107.4634080765252,108.34638505545374,110.36050157716765
120.0,120.0,120.0,120.0,120.0,120.0,120.0,120.0,120.0,120.0,115.91143688670815,115.77199132622235,115.40212742843345,115.10670643172726,114.95059386517349,114.89129953565907,114.9073680140755,114.9821260399866,103.20615427588714,97.12501130102216,88.11572146276536,86.60368588773208,107.4634080765252,108.34638505545374,110.36050157716765
120.0,120.0,120.0,120.0,120.0,120.0,120.0,120.0,120.0,120.0,115.91143688670815,115.77199132622235,115.40212742843345,115.10670643172726,114.95059386517349,114.89129953565907,114.9073680140755,114.9821260399866,103.20615427588714,97.12501130102216,88.11572146276536,86.60368588773208,107.4634080765252,108.34638505545374,110.36050157716765
120.0,120.0,120.0,120.0,120.0,120.0,120.0,120.0,120.0,120.0,115.91143688670815,115.77199132622235,115.40212742843345,115.10670643172726,114.95059386517349,114.89129953565907,114.9073680140755,114.9821260399866,103.20615427588714,97.12501130102216,88.11572146276536,86.60368588773208,107.4634080765252,108.34638505545374,110.36050157716765
120.0,120.0,120.0,120.0,120.0,120.0,120.0,120.0,120.0,120.0,115.91143688670815,115.77199132622235,115.40212742843345,115.10670643172726,114.95059386517349,114.89129953565907,114.9073680140755,114.9821260399866,103.20615427588714,97.12501130102216,88.11572146276536,86.60368588773208,107.4634080765252,108.34638505545374,110.36050157716765
120.0,120.0,120.0,120.0,120.0,120.0,120.0,120.0,120.0,120.0,115.91143688670815,115.77199132622235,115.40212742843345,115.10670643172726,114.95059386517349,114.89129953565907,114.9073680140755,114.9821260399866,103.20615427588714,97.12501130102216,88.11572146276536,86.60368588773208,107.4634080765252,108.34638505545374,110.36050157716765
120.0,120.0,120.0,120.0,120.0,120.0,120.0,120.0,120.0,120.0,115.91143688670815,115.77199132622235,115.40212742843345,115.10670643172726,114.95059386517349,114.89129953565907,114.9073680140755,114.9821260399866,103.20615427588714,97.12501130102216,88.11572146276536,86.60368588773208,107.4634080765252,108.34638505545374,110.36050157716765
120.0,120.0,120.0,120.0,120.0,120.0,120.0,120.0,120.0,120.0,115.91143688670815,115.77199132622235,115.40212742843345,115.10670643172726,114.95059386517349,114.89129953565907,114.9073680140755,114.9821260399866,103.20615427588714,97.12501130102216,88.11572146276536,86.60368588773208,107.4634080765252,108.34638505545374,110.36050157716765
120.0,120.0,120.0,120.0,120.0,120.0,120.0,120.0,120.0,120.0,115.91143688670815,115.77199132622235,115.40212742843345,115.10670643172726,114.95059386517349,114.89129953565907,114.9073680140755,114.9821260399866,103.20615427588714,97.12501130102216,88.11572146276536,86.60368588773208,107.4634080765252,108.34638505545374,110.36050157716765
120.0,120.0,120.0,120.0,120.0,120.0,120.0,120.0,120.0,120.0,115.91143688670815,115.77199132622235,115.40212742843345,115.10670643172726,114.95059386517349,114.89129953565907,114.9073680140755,114.9821260399866,103.20615427588714,97.12501130102216,88.11572146276536,86.60368588773208,107.4634080765252,108.34638505545374,110.36050157716765
120.0,120.0,120.0,120.0,120.0,120.0,120.0,120.0,120.0,120.0,115.91143688670815,115.77199132622235,115.40212742843345,115.10670643172726,114.95059386517349,114.89129953565907,114.9073680140755,114.9821260399866,103.20615427588714,97.12501130102216,88.11572146276536,86.60368588773208,107.4634080765252,108.34638505545374,110.36050157716765
120.0,120.0,120.0,120.0,120.0,120.0,120.0,120.0,120.0,120.0,115.91143688670815,115.77199132622235,115.40212742843345,115.10670643172726,114.95059386517349,114.89129953565907,114.9073680140755,114.9821260399866,103.20615427588714,97.12501130102216,88.11572146276536,86.60368588773208,107.4634080765252,108.34638505545374,110.36050157716765
120.0,120.0,120.0,120.0,120.0,120.0,120.0,120.0,120.0,120.0,115.91143688670815,115.77199132622235,115.40212742843345,115.10670643172726,114.95059386517349,114.89129953565907,114.9073680140755,114.9821260399866,103.20615427588714,97.12501130102216,88.11572146276536,86.60368588773208,107.4634080765252,108.34638505545374,110.36050157716765
120.0,120.0,120.0,120.0,120.0,120.0,120.0,120.0,120.0,120.0,115.91143688670815,115.77199132622235,115.40212742843345,115.10670643172726,114.95059386517349,114.89129953565907,114.9073680140755,114.9821260399866,103.20615427588714,97.12501130102216,88.11572146276536,86.60368588773208,107.4634080765252,108.34638505545374,110.36050157716765
120.0,120.0,120.0,120.0,120.0,120.0,120.0,120.0,120.0,120.0,115.91143688670815,115.77199132622235,115.40212742843345,115.10670643172726,114.95059386517349,114.89129953565907,114.9073680140755,114.9821260399866,103.20615427588714,97.12501130102216,88.11572146276536,86.60368588773208,107.4634080765252,108.34638505545374,110.36050157716765
120.0,120.0,120.0,120.0,120.0,120.0,120.0,120.0,120.0,120.0,115.91143688670815,115.77199132622235,115.40212742843345,115.10670643172726,114.95059386517349,114.89129953565907,114.9073680140755,114.9821260399866,103.20615427588714,97.12501130102216,88.11572146276536,86.60368588773208,107.4634080765252,108.34638505545374,110.36050157716765
120.0,120.0,120.0,120.0,120.0,120.0,120.0,120.0,120.0,120.0,115.91143688670815,115.77199132622235,115.40212742843345,115.10670643172726,114.95059386517349,114.89129953565907,114.9073680140755,114.9821260399866,103.20615427588714,97.12501130102216,88.11572146276536,86.60368588773208,107.4634080765252,108.34638505545374,110.36050157716765
120.0,120.0,120.0,120.0,120.0,120.0,120.0,120.0,120.0,120.0,116.09143590763826,116.09218398822969,116.0925149162949,116.09193527047186,116.08951624055948,116.08216921217007,116.06599779743456,116.03014705003886,106.0579352398548,101.84292603791566,104.77270904735533,101.91045815446557,100.01631171513877,100.58019888893499,105.13872145528758
120.0,120.0,120.0,120.0,120.0,120.0,120.0,120.0,120.0,120.0,116.09143590763826,116.09218398822969,116.0925149162949,116.09193527047186,116.08951624055948,116.08216921217007,116.06599779743456,116.03014705003886,106.0579352398548,101.84292603791566,104.77270904735533,101.91045815446557,100.01631171513877,100.58019888893499,105.13872145528758
120.0,120.0,120.0,120.0,120.0,120.0,120.0,120.0,120.0,120.0,116.09143590763826,116.09218398822969,116.0925149162949,116.09193527047186,116.08951624055948,116.08216921217007,116.06599779743456,116.03014705003886,106.0579352398548,101.84292603791566,104.77270904735533,101.91045815446557,100.01631171513877,100.58019888893499,105.13872145528758
120.0,120.0,120.0,120.0,120.0,120.0,120.0,120.0,120.0,120.0,116.09143590763826,116.09218398822969,116.0925149162949,116.09193527047186,116.08951624055948,116.08216921217007,116.06599779743456,116.03014705003886,106.0579352398548,101.84292603791566,104.77270904735533,101.91045815446557,100.01631171513877,100.58019888893499,105.13872145528758
120.0,120.0,120.0,120.0,120.0,120.0,120.0,120.0,120.0,120.0,116.09143590763826,116.09218398822969,116.0925149162949,116.09193527047186,116.08951624055948,116.08216921217007,116.06599779743456,116.03014705003886,106.0579352398548,101.84292603791566,104.77270904735533,101.91045815446557,100.01631171513877,100.58019888893499,105.13872145528758
120.0,120.0,120.0,120.0,120.0,120.0,120.0,120.0,120.0,120.0,116.09143590763826,116.09218398822969,116.0925149162949,116.09193527047186,116.08951624055948,116.08216921217007,116.06599779743456,116.03014705003886,106.0579352398548,101.84292603791566,104.77270904735533,101.91045815446557,100.01631171513877,100.58019888893499,105.13872145528758
120.0,120.0,120.0,120.0,120.0,120.0,120.0,120.0,120.0,120.0,116.09143590763826,116.09218398822969,116.0925149162949,116.09193527047186,116.08951624055948,116.08216921217007,116.06599779743456,116.03014705003886,106.0579352398548,101.84292603791566,104.77270904735533,101.91045815446557,100.01631171513877,100.58019888893499,105.13872145528758
120.0,120.0,120.0,120.0,120.0,120.0,120.0,120.0,120.0,120.0,116.09143590763826,116.09218398822969,116.0925149162949,116.09193527047186,116.08951624055948,116.08216921217007,116.06599779743456,116.03014705003886,106.0579352398548,101.84292603791566,104.77270904735533,101.91045815446557,100.01631171513877,100.58019888893499,105.13872145528758
120.0,120.0,120.0,120.0,120.0,120.0,120.0,120.0,120.0,120.0,116.09143590763826,116.09218398822969,116.0925149162949,116.09193527047186,116.08951624055948,116.08216921217007,116.06599779743456,116.03014705003886,106.0579352398548,101.84292603791566,104.77270904735533,101.91045815446557,100.01631171513877,100.58019888893499,105.13872145528758
120.0,120.0,120.0,120.0,120.0,120.0,120.0,120.0,120.0,120.0,116.09143590763826,116.09218398822969,116.0925149162949,116.09193527047186,116.08951624055948,116.08216921217007,116.06599779743456,116.03014705003886,106.0579352398548,101.84292603791566,104.77270904735533,101.91045815446557,100.01631171513877,100.58019888893499,105.13872145528758
120.0,120.0,120.0,120.0,120.0,120.0,120.0,120.0,120.0,120.0,116.09143590763826,116.09218398822969,116.0925149162949,116.09193527047186,116.08951624055948,116.08216921217007,116.06599779743456,116.03014705003886,106.0579352398548,101.84292603791566,104.77270904735533,101.91045815446557,100.01631171513877,100.58019888893499,105.13872145528758
120.0,120.0,120.0,120.0,120.0,120.0,120.0,120.0,120.0,120.0,116.09143590763826,116.09218398822969,116.0925149162949,116.09193527047186,116.08951624055948,116.08216921217007,116.06599779743456,116.03014705003886,106.0579352398548,101.84292603791566,104.77270904735533,101.91045815446557,100.01631171513877,100.58019888893499,105.13872145528758
120.0,120.0,120.0,120.0,120.0,120.0,120.0,120.0,120.0,120.0,116.09143590763826,116.09218398822969,116.0925149162949,116.09193527047186,116.08951624055948,116.08216921217007,116.06599779743456,116.03014705003886,106.0579352398548,101.84292603791566,104.77270904735533,101.91045815446557,100.01631171513877,100.58019888893499,105.13872145528758
120.0,120.0,120.0,120.0,120.0,120.0,120.0,120.0,120.0,120.0,116.09143590763826,116.09218398822969,116.0925149162949,116.09193527047186,116.08951624055948,116.08216921217007,116.06599779743456,116.03014705003886,106.0579352398548,101.84292603791566,104.77270904735533,101.91045815446557,100.01631171513877,100.58019888893499,105.13872145528758
120.0,120.0,120.0,120.0,120.0,120.0,120.0,120.0,120.0,120.0,116.09143590763826,116.09218398822969,116.0925149162949,116.09193527047186,116.08951624055948,116.08216921217007,116.06599779743456,116.03014705003886,106.0579352398548,101.84292603791566,104.77270904735533,101.91045815446557,100.01631171513877,100.58019888893499,105.13872145528758
120.0,120.0,120.0,120.0,120.0,120.0,120.0,120.0,120.0,120.0,116.09143590763826,116.09218398822969,116.0925149162949,116.09193527047186,116.08951624055948,116.08216921217007,116.06599779743456,116.03014705003886,106.0579352398548,101.84292603791566,104.77270904735533,101.91045815446557,100.01631171513877,100.58019888893499,105.13872145528758
120.0,120.0,120.0,120.0,120.0,120.0,120.0,120.0,120.0,120.0,116.09143590763826,116.09218398822969,116.0925149162949,116.09193527047186,116.08951624055948,116.08216921217007,116.06599779743456,116.03014705003886,106.0579352398548,101.84292603791566,104.77270904735533,101.91045815446557,100.01631171513877,100.58019888893499,105.13872145528758
120.0,120.0,120.0,120.0,120.0,120.0,120.0,120.0,120.0,120.0,116.09143590763826,116.09218398822969,116.0925149162949,116.09193527047186,116.08951624055948,116.08216921217007,116.06599779743456,116.03014705003886,106.0579352398548,101.84292603791566,104.77270904735533,101.91045815446557,100.01631171513877,100.58019888893499,105.13872145528758
120.0,120.0,120.0,120.0,120.0,120.0,120.0,120.0,120.0,120.0,108.55115134360425,108.55115526021056,108.55118294129372,108.55121120596573,116.09817938448944,116.09231026678471,116.088542320507,116.08286881131046,108.28909011139096,106.53546774975901,83.90582488771612,100.7277508593131,97.82703408994423,98.1393247087716,103.78595217352867
120.0,120.0,120.0,120.0,120.0,120.0,120.0,120.0,120.0,120.0,108.55115134360425,108.55115526021056,108.55118294129372,108.55121120596573,116.09817938448944,116.09231026678471,116.088542320507,116.08286881131046,108.28909011139096,106.53546774975901,83.90582488771612,100.7277508593131,97.82703408994423,98.1393247087716,103.78595217352867
120.0,120.0,120.0,120.0,120.0,120.0,120.0,120.0,120.0,120.0,108.55115134360425,108.55115526021056,108.55118294129372,108.55121120596573,116.09817938448944,116.09231026678471,116.088542320507,116.08286881131046,108.28909011139096,106.53546774975901,83.90582488771612,100.7277508593131,97.82703408994423,98.1393247087716,103.78595217352867
120.0,120.0,120.0,120.0,120.0,120.0,120.0,120.0,120.0,120.0,108.55115134360425,108.55115526021056,108.55118294129372,108.55121120596573,116.09817938448944,116.09231026678471,116.088542320507,116.08286881131046,108.28909011139096,106.53546774975901,83.90582488771612,100.7277508593131,97.82703408994423,98.1393247087716,103.78595217352867
120.0,120.0,120.0,120.0,120.0,120.0,120.0,120.0,120.0,120.0,108.55115134360425,108.55115526021056,108.55118294129372,108.55121120596573,116.09817938448944,116.09231026678471,116.088542320507,116.08286881131046,108.28909011139096,106.53546774975901,83.90582488771612,100.7277508593131,97.82703408994423,98.1393247087716,103.78595217352867
120.0,120.0,120.0,120.0,120.0,120.0,120.0,120.0,120.0,120.0,108.55115134360425,108.55115526021056,108.55118294129372,108.55121120596573,116.09817938448944,116.09231026678471,116.088542320507,116.08286881131046,108.28909011139096,106.53546774975901,83.90582488771612,100.7277508593131,97.82703408994423,98.1393247087716,103.78595217352867
120.0,120.0,120.0,120.0,120.0,120.0,120.0,120.0,120.0,120.0,108.55115134360425,108.55115526021056,108.55118294129372,108.55121120596573,116.09817938448944,116.09231026678471,116.088542320507,116.08286881131046,108.28909011139096,106.53546774975901,83.90582488771612,100.7277508593131,97.82703408994423,98.1393247087716,103.78595217352867
120.0,120.0,120.0,120.0,120.0,120.0,120.0,120.0,120.0,120.0,108.55115134360425,108.55115526021056,108.55118294129372,108.55121120596573,116.09817938448944,116.09231026678471,116.088542320507,116.08286881131046,108.28909011139096,106.53546774975901,83.90582488771612,100.7277508593131,97.82703408994423,98.1393247087716,103.78595217352867
120.0,120.0,120.0,120.0,120.0,120.0,120.0,120.0,120.0,120.0,108.55115134360425,108.55115526021056,108.55118294129372,108.55121120596573,116.09817938448944,116.09231026678471,116.088542320507,116.08286881131046,108.28909011139096,106.53546774975901,83.90582488771612,100.7277508593131,97.82703408994423,98.1393247087716,103.78595217352867
120.0,120.0,120.0,120.0,120.0,120.0,120.0,120.0,120.0,120.0,108.55115134360425,108.55115526021056,108.55118294129372,108.55121120596573,116.09817938448944,116.09231026678471,116.088542320507,116.08286881131046,108.28909011139096,106.53546774975901,83.90582488771612,100.7277508593131,97.82703408994423,98.1393247087716,103.78595217352867
120.0,120.0,120.0,120.0,120.0,120.0,120.0,120.0,120.0,120.0,108.55115134360425,108.55115526021056,108.55118294129372,108.55121120596573,116.09817938448944,116.09231026678471,116.088542320507,116.08286881131046,108.28909011139096,106.53546774975901,83.90582488771612,100.7277508593131,97.82703408994423,98.1393247087716,103.78595217352867
120.0,120.0,120.0,120.0,120.0,120.0,120.0,120.0,120.0,120.0,108.55115134360425,108.55115526021056,108.55118294129372,108.55121120596573,116.09817938448944,116.09231026678471,116.088542320507,116.08286881131046,108.28909011139096,106.53546774975901,83.90582488771612,100.7277508593131,97.82703408994423,98.1393247087716,103.78595217352867
120.0,120.0,120.0,120.0,120.0,120.0,120.0,120.0,120.0,120.0,108.55115134360425,108.55115526021056,108.55118294129372,108.55121120596573,116.09817938448944,116.09231026678471,116.088542320507,116.08286881131046,108.28909011139096,106.53546774975901,83.90582488771612,100.7277508593131,97.82703408994423,98.1393247087716,103.78595217352867
120.0,120.0,120.0,120.0,120.0,120.0,120.0,120.0,120.0,120.0,108.55115134360425,108.55115526021056,108.55118294129372,108.55121120596573,116.09817938448944,116.09231026678471,116.088542320507,116.08286881131046,108.28909011139096,106.53546774975901,83.90582488771612,100.7277508593131,97.82703408994423,98.1393247087716,103.78595217352867
120.0,120.0,120.0,120.0,120.0,120.0,120.0,120.0,120.0,120.0,108.55115134360425,108.55115526021056,108.55118294129372,108.55121120596573,116.09817938448944,116.09231026678471,116.088542320507,116.08286881131046,108.28909011139096,106.53546774975901,83.90582488771612,100.7277508593131,97.82703408994423,98.1393247087716,103.78595217352867
120.0,120.0,120.0,120.0,120.0,120.0,120.0,120.0,120.0,120.0,108.55115134360425,108.55115526021056,108.55118294129372,108.55121120596573,116.09817938448944,116.09231026678471,116.088542320507,116.08286881131046,108.28909011139096,106.53546774975901,83.90582488771612,100.7277508593131,97.82703408994423,98.1393247087716,103.78595217352867
120.0,120.0,120.0,120.0,120.0,120.0,120.0,120.0,120.0,120.0,108.55115134360425,108.55115526021056,108.55118294129372,108.55121120596573,116.09817938448944,116.09231026678471,116.088542320507,116.08286881131046,108.28909011139096,106.53546774975901,83.90582488771612,100.7277508593131,97.82703408994423,98.1393247087716,103.78595217352867
120.0,120.0,120.0,120.0,120.0,120.0,120.0,120.0,120.0,120.0,108.55115134360425,108.55115526021056,108.55118294129372,108.55121120596573,116.09817938448944,116.09231026678471,116.088542320507,116.08286881131046,108.28909011139096,106.53546774975901,83.90582488771612,100.7277508593131,97.82703408994423,98.1393247087716,103.78595217352867
120.0,120.0,120.0,120.0,120.0,120.0,120.0,120.0,120.0,120.0,108.55104811865527,108.55110301424781,108.5511654803139,108.55119247614023,116.0954913094934,116.09320418559028,116.09173568483487,116.08952866597339,108.4602749458349,107.13387358963521,85.76253262827393,106.89864220568711,106.35306021623077,106.39373063281641,108.57291510023136
120.0,120.0,120.0,120.0,120.0,120.0,120.0,120.0,120.0,120.0,108.55104811865527,108.55110301424781,108.5511654803139,108.55119247614023,116.0954913094934,116.09320418559028,116.09173568483487,116.08952866597339,108.4602749458349,107.13387358963521,85.76253262827393,106.89864220568711,106.35306021623077,106.39373063281641,108.57291510023136
120.0,120.0,120.0,120.0,120.0,120.0,120.0,120.0,120.0,120.0,108.55104811865527,108.55110301424781,108.5511654803139,108.55119247614023,116.0954913094934,116.09320418559028,116.09173568483487,116.08952866597339,108.4602749458349,107.13387358963521,85.76253262827393,106.89864220568711,106.35306021623077,106.39373063281641,108.57291510023136
120.0,120.0,120.0,120.0,120.0,120.0,120.0,120.0,120.0,120.0,108.55104811865527,108.55110301424781,108.5511654803139,108.55119247614023,116.0954913094934,116.09320418559028,116.09173568483487,116.08952866597339,108.4602749458349,107.13387358963521,85.76253262827393,106.89864220568711,106.35306021623077,106.39373063281641,108.57291510023136
120.0,120.0,120.0,120.0,120.0,120.0,120.0,120.0,120.0,120.0,108.55104811865527,108.55110301424781,108.5511654803139,108.55119247614023,116.0954913094934,116.09320418559028,116.09173568483487,116.08952866597339,108.4602749458349,107.13387358963521,85.76253262827393,106.89864220568711,106.35306021623077,106.39373063281641,108.57291510023136
120.0,120.0,120.0,120.0,120.0,120.0,120.0,120.0,120.0,120.0,108.55104811865527,108.55110301424781,108.5511654803139,108.55119247614023,116.0954913094934,116.09320418559028,116.09173568483487,116.08952866597339,108.4602749458349,107.13387358963521,85.76253262827393,106.89864220568711,106.35306021623077,106.39373063281641,108.57291510023136
120.0,120.0,120.0,120.0,120.0,120.0,120.0,120.0,120.0,120.0,108.55104811865527,108.55110301424781,108.5511654803139,108.55119247614023,116.0954913094934,116.09320418559028,116.09173568483487,116.08952866597339,108.4602749458349,107.13387358963521,85.76253262827393,106.89864220568711,106.35306021623077,106.39373063281641,108.57291510023136
120.0,120.0,120.0,120.0,120.0,120.0,120.0,120.0,120.0,120.0,108.55104811865527,108.55110301424781,108.5511654803139,108.55119247614023,116.0954913094934,116.09320418559028,116.09173568483487,116.08952866597339,108.4602749458349,107.13387358963521,85.76253262827393,106.89864220568711,106.35306021623077,106.39373063281641,108.57291510023136
120.0,120.0,120.0,120.0,120.0,120.0,120.0,120.0,120.0,120.0,108.55104811865527,108.55110301424781,108.5511654803139,108.55119247614023,116.0954913094934,116.09320418559028,116.09173568483487,116.08952866597339,108.4602749458349,107.13387358963521,85.76253262827393,106.89864220568711,106.35306021623077,106.39373063281641,108.57291510023136
120.0,120.0,120.0,120.0,120.0,120.0,120.0,120.0,120.0,120.0,108.55104811865527,108.55110301424781,108.5511654803139,108.55119247614023,116.0954913094934,116.09320418559028,116.09173568483487,116.08952866597339,108.4602749458349,107.13387358963521,85.76253262827393,106.89864220568711,106.35306021623077,106.39373063281641,108.57291510023136
120.0,120.0,120.0,120.0,120.0,120.0,120.0,120.0,120.0,120.0,108.55104811865527,108.55110301424781,108.5511654803139,108.55119247614023,116.0954913094934,116.09320418559028,116.09173568483487,116.08952866597339,108.4602749458349,107.13387358963521,85.76253262827393,106.89864220568711,106.35306021623077,106.39373063281641,108.57291510023136
120.0,120.0,120.0,120.0,120.0,120.0,120.0,120.0,120.0,120.0,108.55104811865527,108.55110301424781,108.5511654803139,108.55119247614023,116.0954913094934,116.09320418559028,116.09173568483487,116.08952866597339,108.4602749458349,107.13387358963521,85.76253262827393,106.89864220568711,106.35306021623077,106.39373063281641,108.57291510023136
120.0,120.0,120.0,120.0,120.0,120.0,120.0,120.0,120.0,120.0,108.55104811865527,108.55110301424781,108.5511654803139,108.55119247614023,116.0954913094934,116.09320418559028,116.09173568483487,116.08952866597339,108.4602749458349,107.13387358963521,85.76253262827393,106.89864220568711,106.35306021623077,106.39373063281641,108.57291510023136
120.0,120.0,120.0,120.0,120.0,120.0,120.0,120.0,120.0,120.0,108.55104811865527,108.55110301424781,108.5511654803139,108.55119247614023,116.0954913094934,116.09320418559028,116.09173568483487,116.08952866597339,108.4602749458349,107.13387358963521,85.76253262827393,106.89864220568711,106.35306021623077,106.39373063281641,108.57291510023136
120.0,120.0,120.0,120.0,120.0,120.0,120.0,120.0,120.0,120.0,108.55104811865527,108.55110301424781,108.5511654803139,108.55119247614023,116.0954913094934,116.09320418559028,116.09173568483487,116.08952866597339,108.4602749458349,107.13387358963521,85.76253262827393,106.89864220568711,106.35306021623077,106.39373063281641,108.57291510023136
120.0,120.0,120.0,120.0,120.0,120.0,120.0,120.0,120.0,120.0,108.55104811865527,108.55110301424781,108.5511654803139,108.55119247614023,116.0954913094934,116.09320418559028,116.09173568483487,116.08952866597339,108.4602749458349,107.13387358963521,85.76253262827393,106.89864220568711,106.35306021623077,106.39373063281641,108.57291510023136
120.0,120.0,120.0,120.0,120.0,120.0,120.0,120.0,120.0,120.0,108.55104811865527,108.55110301424781,108.5511654803139,108.55119247614023,116.0954913094934,116.09320418559028,116.09173568483487,116.08952866597339,108.4602749458349,107.13387358963521,85.76253262827393,106.89864220568711,106.35306021623077,106.39373063281641,108.57291510023136
120.0,120.0,120.0,120.0,120.0,120.0,120.0,120.0,120.0,120.0,108.55104811865527,108.55110301424781,108.5511654803139,108.55119247614023,116.0954913094934,116.09320418559028,116.09173568483487,116.08952866597339,108.4602749458349,107.13387358963521,85.76253262827393,106.89864220568711,106.35306021623077,106.39373063281641,108.57291510023136
120.0,120.0,120.0,120.0,120.0,120.0,120.0,120.0,120.0,120.0,116.09044333308711,116.09164712847398,116.09278419604186,116.09339659136636,116.09368500460783,116.09381101775065,116.09375836893526,116.09252142046478,108.47504061768925,107.2199946430921,86.28641471803839,84.21056155281946,106.50618978724656,106.57681959286982,108.72124397950232
120.0,120.0,120.0,120.0,120.0,120.0,120.0,120.0,120.0,120.0,116.09044333308711,116.09164712847398,116.09278419604186,116.09339659136636,116.09368500460783,116.09381101775065,116.09375836893526,116.09252142046478,108.47504061768925,107.2199946430921,86.28641471803839,84.21056155281946,106.50618978724656,106.57681959286982,108.72124397950232
120.0,120.0,120.0,120.0,120.0,120.0,120.0,120.0,120.0,120.0,116.09044333308711,116.09164712847398,116.09278419604186,116.09339659136636,116.09368500460783,116.09381101775065,116.09375836893526,116.09252142046478,108.47504061768925,107.2199946430921,86.28641471803839,84.21056155281946,106.50618978724656,106.57681959286982,108.72124397950232
120.0,120.0,120.0,120.0,120.0,120.0,120.0,120.0,120.0,120.0,116.09044333308711,116.09164712847398,116.09278419604186,116.09339659136636,116.09368500460783,116.09381101775065,116.09375836893526,116.09252142046478,108.47504061768925,107.2199946430921,86.28641471803839,84.21056155281946,106.50618978724656,106.57681959286982,108.72124397950232
120.0,120.0,120.0,120.0,120.0,120.0,120.0,120.0,120.0,120.0,116.09044333308711,116.09164712847398,116.09278419604186,116.09339659136636,116.09368500460783,116.09381101775065,116.09375836893526,116.09252142046478,108.47504061768925,107.2199946430921,86.28641471803839,84.21056155281946,106.50618978724656,106.57681959286982,108.72124397950232
120.0,120.0,120.0,120.0,120.0,120.0,120.0,120.0,120.0,120.0,116.09044333308711,116.09164712847398,116.09278419604186,116.09339659136636,116.09368500460783,116.09381101775065,116.09375836893526,116.09252142046478,108.47504061768925,107.2199946430921,86.28641471803839,84.21056155281946,106.50618978724656,106.57681959286982,108.72124397950232
120.0,120.0,120.0,120.0,120.0,120.0,120.0,120.0,120.0,120.0,116.09044333308711,116.09164712847398,116.09278419604186,116.09339659136636,116.09368500460783,116.09381101775065,116.09375836893526,116.09252142046478,108.47504061768925,107.2199946430921,86.28641471803839,84.21056155281946,106.50618978724656,106.57681959286982,108.72124397950232
120.0,120.0,120.0,120.0,120.0,120.0,120.0,120.0,120.0,120.0,116.09044333308711,116.09164712847398,116.09278419604186,116.09339659136636,116.09368500460783,116.09381101775065,116.09375836893526,116.09252142046478,108.47504061768925,107.2199946430921,86.28641471803839,84.21056155281946,106.50618978724656,106.57681959286982,108.72124397950232
120.0,120.0,120.0,120.0,120.0,120.0,120.0,120.0,120.0,120.0,116.09044333308711,116.09164712847398,116.09278419604186,116.09339659136636,116.09368500460783,116.09381101775065,116.09375836893526,116.09252142046478,108.47504061768925,107.2199946430921,86.28641471803839,84.21056155281946,106.50618978724656,106.57681959286982,108.72124397950232
120.0,120.0,120.0,120.0,120.0,120.0,120.0,120.0,120.0,120.0,116.09044333308711,116.09164712847398,116.09278419604186,116.09339659136636,116.09368500460783,116.09381101775065,116.09375836893526,116.09252142046478,108.47504061768925,107.2199946430921,86.28641471803839,84.21056155281946,106.50618978724656,106.57681959286982,108.72124397950232
120.0,120.0,120.0,120.0,120.0,120.0,120.0,120.0,120.0,120.0,116.09044333308711,116.09164712847398,116.09278419604186,116.09339659136636,116.09368500460783,116.09381101775065,116.09375836893526,116.09252142046478,108.47504061768925,107.2199946430921,86.28641471803839,84.21056155281946,106.50618978724656,106.57681959286982,108.72124397950232
120.0,120.0,120.0,120.0,120.0,120.0,120.0,120.0,120.0,120.0,116.09044333308711,116.09164712847398,116.09278419604186,116.09339659136636,116.09368500460783,116.09381101775065,116.09375836893526,116.09252142046478,108.47504061768925,107.2199946430921,86.28641471803839,84.21056155281946,106.50618978724656,106.57681959286982,108.72124397950232
120.0,120.0,120.0,120.0,120.0,120.0,120.0,120.0,120.0,120.0,116.09044333308711,116.09164712847398,116.09278419604186,116.09339659136636,116.09368500460783,116.09381101775065,116.09375836893526,116.09252142046478,108.47504061768925,107.2199946430921,86.28641471803839,84.21056155281946,106.50618978724656,106.57681959286982,108.72124397950232
120.0,120.0,120.0,120.0,120.0,120.0,120.0,120.0,120.0,120.0,116.09044333308711,116.09164712847398,116.09278419604186,116.09339659136636,116.09368500460783,116.09381101775065,116.09375836893526,116.09252142046478,108.47504061768925,107.2199946430921,86.28641471803839,84.21056155281946,106.50618978724656,106.57681959286982,108.72124397950232
120.0,120.0,120.0,120.0,120.0,120.0,120.0,120.0,120.0,120.0,116.09044333308711,116.09164712847398,116.09278419604186,116.09339659136636,116.09368500460783,116.09381101775065,116.09375836893526,116.09252142046478,108.47504061768925,107.2199946430921,86.28641471803839,84.21056155281946,106.50618978724656,106.57681959286982,108.72124397950232
120.0,120.0,120.0,120.0,120.0,120.0,120.0,120.0,120.0,120.0,116.09044333308711,116.09164712847398,116.09278419604186,116.09339659136636,116.09368500460783,116.09381101775065,116.09375836893526,116.09252142046478,108.47504061768925,107.2199946430921,86.28641471803839,84.21056155281946,106.50618978724656,106.57681959286982,108.72124397950232
120.0,120.0,120.0,120.0,120.0,120.0,120.0,120.0,120.0,120.0,116.09044333308711,116.09164712847398,116.09278419604186,116.09339659136636,116.09368500460783,116.09381101775065,116.09375836893526,116.09252142046478,108.47504061768925,107.2199946430921,86.28641471803839,84.21056155281946,106.50618978724656,106.57681959286982,108.72124397950232
120.0,120.0,120.0,120.0,120.0,120.0,120.0,120.0,120.0,120.0,116.09044333308711,116.09164712847398,116.09278419604186,116.09339659136636,116.09368500460783,116.09381101775065,116.09375836893526,116.09252142046478,108.47504061768925,107.2199946430921,86.28641471803839,84.21056155281946,106.50618978724656,106.57681959286982,108.72124397950232
120.0,120.0,120.0,120.0,120.0,120.0,120.0,120.0,120.0,120.0,116.09267604716278,116.09311435480329,116.09343858712332,116.09370191581077,116.09377265943073,116.09382812193348,116.09376336888081,116.09240420793112,108.47655930867266,107.23469253191963,86.40970295071612,84.3627925537376,106.53515757849065,106.60674796638068,108.74418255682522
120.0,120.0,120.0,120.0,120.0,120.0,120.0,120.0,120.0,120.0,116.09267604716278,116.09311435480329,116.09343858712332,116.09370191581077,116.09377265943073,116.09382812193348,116.09376336888081,116.09240420793112,108.47655930867266,107.23469253191963,86.40970295071612,84.3627925537376,106.53515757849065,106.60674796638068,108.74418255682522
120.0,120.0,120.0,120.0,120.0,120.0,120.0,120.0,120.0,120.0,116.09267604716278,116.09311435480329,116.09343858712332,116.09370191581077,116.09377265943073,116.09382812193348,116.09376336888081,116.09240420793112,108.47655930867266,107.23469253191963,86.40970295071612,84.3627925537376,106.53515757849065,106.60674796638068,108.74418255682522
120.0,120.0,120.0,120.0,120.0,120.0,120.0,120.0,120.0,120.0,116.09267604716278,116.09311435480329,116.09343858712332,116.09370191581077,116.09377265943073,116.09382812193348,116.09376336888081,116.09240420793112,108.47655930867266,107.23469253191963,86.40970295071612,84.3627925537376,106.53515757849065,106.60674796638068,108.74418255682522
120.0,120.0,120.0,120.0,120.0,120.0,120.0,120.0,120.0,120.0,116.09267604716278,116.09311435480329,116.09343858712332,116.09370191581077,116.09377265943073,116.09382812193348,116.09376336888081,116.09240420793112,108.47655930867266,107.23469253191963,86.40970295071612,84.3627925537376,106.53515757849065,106.60674796638068,108.74418255682522
120.0,120.0,120.0,120.0,120.0,120.0,120.0,120.0,120.0,120.0,116.09267604716278,116.09311435480329,116.09343858712332,116.09370191581077,116.09377265943073,116.09382812193348,116.09376336888081,116.09240420793112,108.47655930867266,107.23469253191963,86.40970295071612,84.3627925537376,106.53515757849065,106.60674796638068,108.74418255682522
120.0,120.0,120.0,120.0,120.0,120.0,120.0,120.0,120.0,120.0,116.09267604716278,116.09311435480329,116.09343858712332,116.09370191581077,116.09377265943073,116.09382812193348,116.09376336888081,116.09240420793112,108.47655930867266,107.23469253191963,86.40970295071612,84.3627925537376,106.53515757849065,106.60674796638068,108.74418255682522
120.0,120.0,120.0,120.0,120.0,120.0,120.0,120.0,120.0,120.0,116.09267604716278,116.09311435480329,116.09343858712332,116.09370191581077,116.09377265943073,116.09382812193348,116.09376336888081,116.09240420793112,108.47655930867266,107.23469253191963,86.40970295071612,84.3627925537376,106.53515757849065,106.60674796638068,108.74418255682522
120.0,120.0,120.0,120.0,120.0,120.0,120.0,120.0,120.0,120.0,116.09267604716278,116.09311435480329,116.09343858712332,116.09370191581077,116.09377265943073,116.09382812193348,116.09376336888081,116.09240420793112,108.47655930867266,107.23469253191963,86.40970295071612,84.3627925537376,106.53515757849065,106.60674796638068,108.74418255682522
120.0,120.0,120.0,120.0,120.0,120.0,120.0,120.0,120.0,120.0,116.09267604716278,116.09311435480329,116.09343858712332,116.09370191581077,116.09377265943073,116.09382812193348,116.09376336888081,116.09240420793112,108.47655930867266,107.23469253191963,86.40970295071612,84.3627925537376,106.53515757849065,106.60674796638068,108.74418255682522
120.0,120.0,120.0,120.0,120.0,120.0,120.0,120.0,120.0,120.0,116.09267604716278,116.09311435480329,116.09343858712332,116.09370191581077,116.09377265943073,116.09382812193348,116.09376336888081,116.09240420793112,108.47655930867266,107.23469253191963,86.40970295071612,84.3627925537376,106.53515757849065,106.60674796638068,108.74418255682522
120.0,120.0,120.0,120.0,120.0,120.0,120.0,120.0,120.0,120.0,116.09267604716278,116.09311435480329,116.09343858712332,116.09370191581077,116.09377265943073,116.09382812193348,116.09376336888081,116.09240420793112,108.47655930867266,107.23469253191963,86.40970295071612,84.3627925537376,106.53515757849065,106.60674796638068,108.74418255682522
120.0,120.0,120.0,120.0,120.0,120.0,120.0,120.0,120.0,120.0,116.09267604716278,116.09311435480329,116.09343858712332,116.09370191581077,116.09377265943073,116.09382812193348,116.09376336888081,116.09240420793112,108.47655930867266,107.23469253191963,86.40970295071612,84.3627925537376,106.53515757849065,106.60674796638068,108.74418255682522
120.0,120.0,120.0,120.0,120.0,120.0,120.0,120.0,120.0,120.0,116.09267604716278,116.09311435480329,116.09343858712332,116.09370191581077,116.09377265943073,116.09382812193348,116.09376336888081,116.09240420793112,108.47655930867266,107.23469253191963,86.40970295071612,84.3627925537376,106.53515757849065,106.60674796638068,108.74418255682522
120.0,120.0,120.0,120.0,120.0,120.0,120.0,120.0,120.0,120.0,116.09267604716278,116.09311435480329,116.09343858712332,116.09370191581077,116.09377265943073,116.09382812193348,116.09376336888081,116.09240420793112,108.47655930867266,107.23469253191963,86.40970295071612,84.3627925537376,106.53515757849065,106.60674796638068,108.74418255682522
120.0,120.0,120.0,120.0,120.0,120.0,120.0,120.0,120.0,120.0,116.09267604716278,116.09311435480329,116.09343858712332,116.09370191581077,116.09377265943073,116.09382812193348,116.09376336888081,116.09240420793112,108.47655930867266,107.23469253191963,86.40970295071612,84.3627925537376,106.53515757849065,106.60674796638068,108.74418255682522
120.0,120.0,120.0,120.0,120.0,120.0,120.0,120.0,120.0,120.0,116.09267604716278,116.09311435480329,116.09343858712332,116.09370191581077,116.09377265943073,116.09382812193348,116.09376336888081,116.09240420793112,108.47655930867266,107.23469253191963,86.40970295071612,84.3627925537376,106.53515757849065,106.60674796638068,108.74418255682522
120.0,120.0,120.0,120.0,120.0,120.0,120.0,120.0,120.0,120.0,116.09267604716278,116.09311435480329,116.09343858712332,116.09370191581077,116.09377265943073,116.09382812193348,116.09376336888081,116.09240420793112,108.47655930867266,107.23469253191963,86.40970295071612,84.3627925537376,106.53515757849065,106.60674796638068,108.74418255682522
120.0,120.0,120.0,120.0,120.0,120.0,120.0,120.0,120.0,120.0,108.5503005748007,108.55092301138836,108.55160543504921,108.55158618341493,108.5516569519255,116.09327117734834,116.09292735051774,116.09135904859053,108.47709442135215,107.23715898564222,86.40829962984776,84.3627353950518,83.18019242135581,83.3582635321497,88.6995831898664
120.0,120.0,120.0,120.0,120.0,120.0,120.0,120.0,120.0,120.0,108.5503005748007,108.55092301138836,108.55160543504921,108.55158618341493,108.5516569519255,116.09327117734834,116.09292735051774,116.09135904859053,108.47709442135215,107.23715898564222,86.40829962984776,84.3627353950518,83.18019242135581,83.3582635321497,88.6995831898664
120.0,120.0,120.0,120.0,120.0,120.0,120.0,120.0,120.0,120.0,108.5503005748007,108.55092301138836,108.55160543504921,108.55158618341493,108.5516569519255,116.09327117734834,116.09292735051774,116.09135904859053,108.47709442135215,107.23715898564222,86.40829962984776,84.3627353950518,83.18019242135581,83.3582635321497,88.6995831898664
120.0,120.0,120.0,120.0,120.0,120.0,120.0,120.0,120.0,120.0,108.5503005748007,108.55092301138836,108.55160543504921,108.55158618341493,108.5516569519255,116.09327117734834,116.09292735051774,116.09135904859053,108.47709442135215,107.23715898564222,86.40829962984776,84.3627353950518,83.18019242135581,83.3582635321497,88.6995831898664
120.0,120.0,120.0,120.0,120.0,120.0,120.0,120.0,120.0,120.0,108.5503005748007,108.55092301138836,108.55160543504921,108.55158618341493,108.5516569519255,116.09327117734834,116.09292735051774,116.09135904859053,108.47709442135215,107.23715898564222,86.40829962984776,84.3627353950518,83.18019242135581,83.3582635321497,88.6995831898664
120.0,120.0,120.0,120.0,120.0,120.0,120.0,120.0,120.0,120.0,108.5503005748007,108.55092301138836,108.55160543504921,108.55158618341493,108.5516569519255,116.09327117734834,116.09292735051774,116.09135904859053,108.47709442135215,107.23715898564222,86.40829962984776,84.3627353950518,83.18019242135581,83.3582635321497,88.6995831898664
120.0,120.0,120.0,120.0,120.0,120.0,120.0,120.0,120.0,120.0,108.5503005748007,108.55092301138836,108.55160543504921,108.55158618341493,108.5516569519255,116.09327117734834,116.09292735051774,116.09135904859053,108.47709442135215,107.23715898564222,86.40829962984776,84.3627353950518,83.18019242135581,83.3582635321497,88.6995831898664
120.0,120.0,120.0,120.0,120.0,120.0,120.0,120.0,120.0,120.0,108.5503005748007,108.55092301138836,108.55160543504921,108.55158618341493,108.5516569519255,116.09327117734834,116.09292735051774,116.09135904859053,108.47709442135215,107.23715898564222,86.40829962984776,84.3627353950518,83.18019242135581,83.3582635321497,88.6995831898664
120.0,120.0,120.0,120.0,120.0,120.0,120.0,120.0,120.0,120.0,108.5503005748007,108.55092301138836,108.55160543504921,108.55158618341493,108.5516569519255,116.09327117734834,116.09292735051774,116.09135904859053,108.47709442135215,107.23715898564222,86.40829962984776,84.3627353950518,83.18019242135581,83.3582635321497,88.6995831898664
120.0,120.0,120.0,120.0,120.0,120.0,120.0,120.0,120.0,120.0,108.5503005748007,108.55092301138836,108.55160543504921,108.55158618341493,108.5516569519255,116.09327117734834,116.09292735051774,116.09135904859053,108.47709442135215,107.23715898564222,86.40829962984776,84.3627353950518,83.18019242135581,83.3582635321497,88.6995831898664
120.0,120.0,120.0,120.0,120.0,120.0,120.0,120.0,120.0,120.0,108.5503005748007,108.55092301138836,108.55160543504921,108.55158618341493,108.5516569519255,116.09327117734834,116.09292735051774,116.09135904859053,108.47709442135215,107.23715898564222,86.40829962984776,84.3627353950518,83.18019242135581,83.3582635321497,88.6995831898664
120.0,120.0,120.0,120.0,120.0,120.0,120.0,120.0,120.0,120.0,108.5503005748007,108.55092301138836,108.55160543504921,108.55158618341493,108.5516569519255,116.09327117734834,116.09292735051774,116.09135904859053,108.47709442135215,107.23715898564222,86.40829962984776,84.3627353950518,83.18019242135581,83.3582635321497,88.6995831898664
120.0,120.0,120.0,120.0,120.0,120.0,120.0,120.0,120.0,120.0,108.5503005748007,108.55092301138836,108.55160543504921,108.55158618341493,108.5516569519255,116.09327117734834,116.09292735051774,116.09135904859053,108.47709442135215,107.23715898564222,86.40829962984776,84.3627353950518,83.18019242135581,83.3582635321497,88.6995831898664
120.0,120.0,120.0,120.0,120.0,120.0,120.0,120.0,120.0,120.0,108.5503005748007,108.55092301138836,108.55160543504921,108.55158618341493,108.5516569519255,116.09327117734834,116.09292735051774,116.09135904859053,108.47709442135215,107.23715898564222,86.40829962984776,84.3627353950518,83.18019242135581,83.3582635321497,88.6995831898664
120.0,120.0,120.0,120.0,120.0,120.0,120.0,120.0,120.0,120.0,108.5503005748007,108.55092301138836,108.55160543504921,108.55158618341493,108.5516569519255,116.09327117734834,116.09292735051774,116.09135904859053,108.47709442135215,107.23715898564222,86.40829962984776,84.3627353950518,83.18019242135581,83.3582635321497,88.6995831898664
120.0,120.0,120.0,120.0,120.0,120.0,120.0,120.0,120.0,120.0,108.5503005748007,108.55092301138836,108.55160543504921,108.55158618341493,108.5516569519255,116.09327117734834,116.09292735051774,116.09135904859053,108.47709442135215,107.23715898564222,86.40829962984776,84.3627353950518,83.18019242135581,83.3582635321497,88.6995831898664
120.0,120.0,120.0,120.0,120.0,120.0,120.0,120.0,120.0,120.0,108.5503005748007,108.55092301138836,108.55160543504921,108.55158618341493,108.5516569519255,116.09327117734834,116.09292735051774,116.09135904859053,108.47709442135215,107.23715898564222,86.40829962984776,84.3627353950518,83.18019242135581,83.3582635321497,88.6995831898664
120.0,120.0,120.0,120.0,120.0,120.0,120.0,120.0,120.0,120.0,108.5503005748007,108.55092301138836,108.55160543504921,108.55158618341493,108.5516569519255,116.09327117734834,116.09292735051774,116.09135904859053,108.47709442135215,107.23715898564222,86.40829962984776,84.3627353950518,83.18019242135581,83.3582635321497,88.6995831898664
120.0,120.0,120.0,120.0,120.0,120.0,120.0,120.0,120.0,120.0,108.54081996165931,108.54574383098833,108.5507724919695,108.55068302547424,108.55087938194204,116.08610607968328,116.079680773514,116.07482186366911,108.4771562414351,107.23683237062241,86.40459485587621,84.36161295437631,83.17958980759394,83.35785738103193,88.69999077512081
120.0,120.0,120.0,120.0,120.0,120.0,120.0,120.0,120.0,120.0,108.54081996165931,108.54574383098833,108.5507724919695,108.55068302547424,108.55087938194204,116.08610607968328,116.079680773514,116.07482186366911,108.4771562414351,107.23683237062241,86.40459485587621,84.36161295437631,83.17958980759394,83.35785738103193,88.69999077512081
120.0,120.0,120.0,120.0,120.0,120.0,120.0,120.0,120.0,120.0,108.54081996165931,108.54574383098833,108.5507724919695,108.55068302547424,108.55087938194204,116.08610607968328,116.079680773514,116.07482186366911,108.4771562414351,107.23683237062241,86.40459485587621,84.36161295437631,83.17958980759394,83.35785738103193,88.69999077512081
120.0,120.0,120.0,120.0,120.0,120.0,120.0,120.0,120.0,120.0,108.54081996165931,108.54574383098833,108.5507724919695,108.55068302547424,108.55087938194204,116.08610607968328,116.079680773514,116.07482186366911,108.4771562414351,107.23683237062241,86.40459485587621,84.36161295437631,83.17958980759394,83.35785738103193,88.69999077512081
120.0,120.0,120.0,120.0,120.0,120.0,120.0,120.0,120.0,120.0,108.54081996165931,108.54574383098833,108.5507724919695,108.55068302547424,108.55087938194204,116.08610607968328,116.079680773514,116.07482186366911,108.4771562414351,107.23683237062241,86.40459485587621,84.36161295437631,83.17958980759394,83.35785738103193,88.69999077512081
120.0,120.0,120.0,120.0,120.0,120.0,120.0,120.0,120.0,120.0,108.54081996165931,108.54574383098833,108.5507724919695,108.55068302547424,108.55087938194204,116.08610607968328,116.079680773514,116.07482186366911,108.4771562414351,107.23683237062241,86.40459485587621,84.36161295437631,83.17958980759394,83.35785738103193,88.69999077512081
120.0,120.0,120.0,120.0,120.0,120.0,120.0,120.0,120.0,120.0,108.54081996165931,108.54574383098833,108.5507724919695,108.55068302547424,108.55087938194204,116.08610607968328,116.079680773514,116.07482186366911,108.4771562414351,107.23683237062241,86.40459485587621,84.36161295437631,83.17958980759394,83.35785738103193,88.69999077512081
120.0,120.0,120.0,120.0,120.0,120.0,120.0,120.0,120.0,120.0,108.54081996165931,108.54574383098833,108.5507724919695,108.55068302547424,108.55087938194204,116.08610607968328,116.079680773514,116.07482186366911,108.4771562414351,107.23683237062241,86.40459485587621,84.36161295437631,83.17958980759394,83.35785738103193,88.69999077512081
120.0,120.0,120.0,120.0,120.0,120.0,120.0,120.0,120.0,120.0,108.54081996165931,108.54574383098833,108.5507724919695,108.55068302547424,108.55087938194204,116.08610607968328,116.079680773514,116.07482186366911,108.4771562414351,107.23683237062241,86.40459485587621,84.36161295437631,83.17958980759394,83.35785738103193,88.69999077512081
120.0,120.0,120.0,120.0,120.0,120.0,120.0,120.0,120.0,120.0,108.54081996165931,108.54574383098833,108.5507724919695,108.55068302547424,108.55087938194204,116.08610607968328,116.079680773514,116.07482186366911,108.4771562414351,107.23683237062241,86.40459485587621,84.36161295437631,83.17958980759394,83.35785738103193,88.69999077512081
120.0,120.0,120.0,120.0,120.0,120.0,120.0,120.0,120.0,120.0,108.54081996165931,108.54574383098833,108.5507724919695,108.55068302547424,108.55087938194204,116.08610607968328,116.079680773514,116.07482186366911,108.4771562414351,107.23683237062241,86.40459485587621,84.36161295437631,83.17958980759394,83.35785738103193,88.69999077512081
120.0,120.0,120.0,120.0,120.0,120.0,120.0,120.0,120.0,120.0,108.54081996165931,108.54574383098833,108.5507724919695,108.55068302547424,108.55087938194204,116.08610607968328,116.079680773514,116.07482186366911,108.4771562414351,107.23683237062241,86.40459485587621,84.36161295437631,83.17958980759394,83.35785738103193,88.69999077512081
120.0,120.0,120.0,120.0,120.0,120.0,120.0,120.0,120.0,120.0,108.54081996165931,108.54574383098833,108.5507724919695,108.55068302547424,108.55087938194204,116.08610607968328,116.079680773514,116.07482186366911,108.4771562414351,107.23683237062241,86.40459485587621,84.36161295437631,83.17958980759394,83.35785738103193,88.69999077512081
120.0,120.0,120.0,120.0,120.0,120.0,120.0,120.0,120.0,120.0,108.54081996165931,108.54574383098833,108.5507724919695,108.55068302547424,108.55087938194204,116.08610607968328,116.079680773514,116.07482186366911,108.4771562414351,107.23683237062241,86.40459485587621,84.36161295437631,83.17958980759394,83.35785738103193,88.69999077512081
120.0,120.0,120.0,120.0,120.0,120.0,120.0,120.0,120.0,120.0,108.54081996165931,108.54574383098833,108.5507724919695,108.55068302547424,108.55087938194204,116.08610607968328,116.079680773514,116.07482186366911,108.4771562414351,107.23683237062241,86.40459485587621,84.36161295437631,83.17958980759394,83.35785738103193,88.69999077512082
120.0,120.0,120.0,120.0,120.0,120.0,120.0,120.0,120.0,120.0,108.54081996165931,108.54574383098833,108.5507724919695,108.55068302547424,108.55087938194204,116.08610607968328,116.079680773514,116.07482186366911,108.4771562414351,107.23683237062241,86.40459485587621,84.36161295437631,83.17958980759394,83.35785738103193,88.69999077512082
120.0,120.0,120.0,120.0,120.0,120.0,120.0,120.0,120.0,120.0,108.54081996165931,108.54574383098833,108.5507724919695,108.55068302547424,108.55087938194204,116.08610607968328,116.079680773514,116.07482186366911,108.4771562414351,107.23683237062241,86.40459485587621,84.36161295437631,83.17958980759394,83.35785738103193,88.69999077512082
120.0,120.0,120.0,120.0,120.0,120.0,120.0,120.0,120.0,120.0,108.54081996165931,108.54574383098833,108.5507724919695,108.55068302547424,108.55087938194204,116.08610607968328,116.079680773514,116.07482186366911,108.4771562414351,107.23683237062241,86.40459485587621,84.36161295437631,83.17958980759394,83.35785738103193,88.69999077512082
120.0,120.0,120.0,120.0,120.0,120.0,120.0,120.0,120.0,120.0,116.09312786385286,116.09331194718585,116.09352805704029,116.09366403005437,116.09372741708285,116.09374952374571,116.09367548685175,116.09227366844817,116.0676414978176,115.63281507831402,107.86261796161612,107.05039708026779,106.54727794386058,106.61826798698269,108.75223847693881
120.0,120.0,120.0,120.0,120.0,120.0,120.0,120.0,120.0,120.0,116.09312786385286,116.09331194718585,116.09352805704029,116.09366403005437,116.09372741708285,116.09374952374571,116.09367548685175,116.09227366844817,116.0676414978176,115.63281507831402,107.86261796161612,107.05039708026779,106.54727794386058,106.61826798698269,108.75223847693881
120.0,120.0,120.0,120.0,120.0,120.0,120.0,120.0,120.0,120.0,116.09312786385286,116.09331194718585,116.09352805704029,116.09366403005437,116.09372741708285,116.09374952374571,116.09367548685175,116.09227366844817,116.0676414978176,115.63281507831402,107.86261796161612,107.05039708026779,106.54727794386058,106.61826798698269,108.75223847693881
120.0,120.0,120.0,120.0,120.0,120.0,120.0,120.0,120.0,120.0,116.09312786385286,116.09331194718585,116.09352805704029,116.09366403005437,116.09372741708285,116.09374952374571,116.09367548685175,116.09227366844817,116.0676414978176,115.63281507831402,107.86261796161612,107.05039708026779,106.54727794386058,106.61826798698269,108.75223847693881
120.0,120.0,120.0,120.0,120.0,120.0,120.0,120.0,120.0,120.0,116.09312786385286,116.09331194718585,116.09352805704029,116.09366403005437,116.09372741708285,116.09374952374571,116.09367548685175,116.09227366844817,116.0676414978176,115.63281507831402,107.86261796161612,107.05039708026779,106.54727794386058,106.61826798698269,108.75223847693881
120.0,120.0,120.0,120.0,120.0,120.0,120.0,120.0,120.0,120.0,116.09312786385286,116.09331194718585,116.09352805704029,116.09366403005437,116.09372741708285,116.09374952374571,116.09367548685175,116.09227366844817,116.0676414978176,115.63281507831402,107.86261796161612,107.05039708026779,106.54727794386058,106.61826798698269,108.75223847693881
120.0,120.0,120.0,120.0,120.0,120.0,120.0,120.0,120.0,120.0,116.09312786385286,116.09331194718585,116.09352805704029,116.09366403005437,116.09372741708285,116.09374952374571,116.09367548685175,116.09227366844817,116.0676414978176,115.63281507831402,107.86261796161612,107.05039708026779,106.54727794386058,106.61826798698269,108.75223847693881
120.0,120.0,120.0,120.0,120.0,120.0,120.0,120.0,120.0,120.0,116.09312786385286,116.09331194718585,116.09352805704029,116.09366403005437,116.09372741708285,116.09374952374571,116.09367548685175,116.09227366844817,116.0676414978176,115.63281507831402,107.86261796161612,107.05039708026779,106.54727794386058,106.61826798698269,108.75223847693881
120.0,120.0,120.0,120.0,120.0,120.0,120.0,120.0,120.0,120.0,116.09312786385286,116.09331194718585,116.09352805704029,116.09366403005437,116.09372741708285,116.09374952374571,116.09367548685175,116.09227366844817,116.0676414978176,115.63281507831402,107.86261796161612,107.05039708026779,106.54727794386058,106.61826798698269,108.75223847693881
120.0,120.0,120.0,120.0,120.0,120.0,120.0,120.0,120.0,120.0,116.09312786385286,116.09331194718585,116.09352805704029,116.09366403005437,116.09372741708285,116.09374952374571,116.09367548685175,116.09227366844817,116.0676414978176,115.63281507831402,107.86261796161612,107.05039708026779,106.54727794386058,106.61826798698269,108.75223847693881
120.0,120.0,120.0,120.0,120.0,120.0,120.0,120.0,120.0,120.0,116.09312786385286,116.09331194718585,116.09352805704029,116.09366403005437,116.09372741708285,116.09374952374571,116.09367548685175,116.09227366844817,116.0676414978176,115.63281507831402,107.86261796161612,107.05039708026779,106.54727794386058,106.61826798698269,108.75223847693881
120.0,120.0,120.0,120.0,120.0,120.0,120.0,120.0,120.0,120.0,116.09312786385286,116.09331194718585,116.09352805704029,116.09366403005437,116.09372741708285,116.09374952374571,116.09367548685175,116.09227366844817,116.0676414978176,115.63281507831402,107.86261796161612,107.05039708026779,106.54727794386058,106.61826798698269,108.75223847693881
120.0,120.0,120.0,120.0,120.0,120.0,120.0,120.0,120.0,120.0,116.09312786385286,116.09331194718585,116.09352805704029,116.09366403005437,116.09372741708285,116.09374952374571,116.09367548685175,116.09227366844817,116.0676414978176,115.63281507831402,107.86261796161612,107.05039708026779,106.54727794386058,106.61826798698269,108.75223847693881
120.0,120.0,120.0,120.0,120.0,120.0,120.0,120.0,120.0,120.0,116.09312786385286,116.09331194718585,116.09352805704029,116.09366403005437,116.09372741708285,116.09374952374571,116.09367548685175,116.09227366844817,116.0676414978176,115.63281507831402,107.86261796161612,107.05039708026779,106.54727794386058,106.61826798698269,108.75223847693881
120.0,120.0,120.0,120.0,120.0,120.0,120.0,120.0,120.0,120.0,116.09312786385286,116.09331194718585,116.09352805704029,116.09366403005437,116.09372741708285,116.09374952374571,116.09367548685175,116.09227366844817,116.0676414978176,115.63281507831402,107.86261796161612,107.05039708026779,106.54727794386058,106.61826798698269,108.75223847693881
120.0,120.0,120.0,120.0,120.0,120.0,120.0,120.0,120.0,120.0,116.09312786385286,116.09331194718585,116.09352805704029,116.09366403005437,116.09372741708285,116.09374952374571,116.09367548685175,116.09227366844817,116.0676414978176,115.63281507831402,107.86261796161612,107.05039708026779,106.54727794386058,106.61826798698269,108.75223847693881
120.0,120.0,120.0,120.0,120.0,120.0,120.0,120.0,120.0,120.0,116.09312786385286,116.09331194718585,116.09352805704029,116.09366403005437,116.09372741708285,116.09374952374571,116.09367548685175,116.09227366844817,116.0676414978176,115.63281507831402,107.86261796161612,107.05039708026779,106.54727794386058,106.61826798698269,108.75223847693881
120.0,120.0,120.0,120.0,120.0,120.0,120.0,120.0,120.0,120.0,116.09312786385286,116.09331194718585,116.09352805704029,116.09366403005437,116.09372741708285,116.09374952374571,116.09367548685175,116.09227366844817,116.0676414978176,115.63281507831402,107.86261796161612,107.05039708026779,106.54727794386058,106.61826798698269,108.75223847693881
120.0,120.0,120.0,120.0,120.0,120.0,120.0,120.0,120.0,120.0,116.12330323179545,116.1101972634183,116.10152030724551,116.095499758535,116.09089924010401,116.08685658891247,116.0835099333243,116.07864594314486,116.05073928081367,115.60603712645748,107.73188586231744,106.87785741806618,106.35058865808296,106.43036900833228,108.6282281271412
120.0,120.0,120.0,120.0,120.0,120.0,120.0,120.0,120.0,120.0,116.12330323179545,116.1101972634183,116.10152030724551,116.095499758535,116.09089924010401,116.08685658891247,116.0835099333243,116.07864594314486,116.05073928081367,115.60603712645748,107.73188586231744,106.87785741806618,106.35058865808296,106.43036900833228,108.6282281271412
120.0,120.0,120.0,120.0,120.0,120.0,120.0,120.0,120.0,120.0,116.12330323179545,116.1101972634183,116.10152030724551,116.095499758535,116.09089924010401,116.08685658891247,116.0835099333243,116.07864594314486,116.05073928081367,115.60603712645748,107.73188586231744,106.87785741806618,106.35058865808296,106.43036900833228,108.6282281271412
120.0,120.0,120.0,120.0,120.0,120.0,120.0,120.0,120.0,120.0,116.12330323179545,116.1101972634183,116.10152030724551,116.095499758535,116.09089924010401,116.08685658891247,116.0835099333243,116.07864594314486,116.05073928081367,115.60603712645748,107.73188586231744,106.87785741806618,106.35058865808296,106.43036900833228,108.6282281271412
120.0,120.0,120.0,120.0,120.0,120.0,120.0,120.0,120.0,120.0,116.12330323179545,116.1101972634183,116.10152030724551,116.095499758535,116.09089924010401,116.08685658891247,116.0835099333243,116.07864594314486,116.05073928081367,115.60603712645748,107.73188586231744,106.87785741806618,106.35058865808296,106.43036900833228,108.6282281271412
120.0,120.0,120.0,120.0,120.0,120.0,120.0,120.0,120.0,120.0,116.12330323179545,116.1101972634183,116.10152030724551,116.095499758535,116.09089924010401,116.08685658891247,116.0835099333243,116.07864594314486,116.05073928081367,115.60603712645748,107.73188586231744,106.87785741806618,106.35058865808296,106.43036900833228,108.6282281271412
120.0,120.0,120.0,120.0,120.0,120.0,120.0,120.0,120.0,120.0,116.12330323179545,116.1101972634183,116.10152030724551,116.095499758535,116.09089924010401,116.08685658891247,116.0835099333243,116.07864594314486,116.05073928081367,115.60603712645748,107.73188586231744,106.87785741806618,106.35058865808296,106.43036900833228,108.6282281271412
120.0,120.0,120.0,120.0,120.0,120.0,120.0,120.0,120.0,120.0,116.12330323179545,116.1101972634183,116.10152030724551,116.095499758535,116.09089924010401,116.08685658891247,116.0835099333243,116.07864594314486,116.05073928081367,115.60603712645748,107.73188586231744,106.87785741806618,106.35058865808296,106.43036900833228,108.6282281271412
120.0,120.0,120.0,120.0,120.0,120.0,120.0,120.0,120.0,120.0,116.12330323179545,116.1101972634183,116.10152030724551,116.095499758535,116.09089924010401,116.08685658891247,116.0835099333243,116.07864594314486,116.05073928081367,115.60603712645748,107.73188586231744,106.87785741806618,106.35058865808296,106.43036900833228,108.6282281271412
120.0,120.0,120.0,120.0,120.0,120.0,120.0,120.0,120.0,120.0,116.12330323179545,116.1101972634183,116.10152030724551,116.095499758535,116.09089924010401,116.08685658891247,116.0835099333243,116.07864594314486,116.05073928081367,115.60603712645748,107.73188586231744,106.87785741806618,106.35058865808296,106.43036900833228,108.6282281271412
120.0,120.0,120.0,120.0,120.0,120.0,120.0,120.0,120.0,120.0,116.12330323179545,116.1101972634183,116.10152030724551,116.095499758535,116.09089924010401,116.08685658891247,116.0835099333243,116.07864594314486,116.05073928081367,115.60603712645748,107.73188586231744,106.87785741806618,106.35058865808296,106.43036900833228,108.6282281271412
120.0,120.0,120.0,120.0,120.0,120.0,120.0,120.0,120.0,120.0,116.12330323179545,116.1101972634183,116.10152030724551,116.095499758535,116.09089924010401,116.08685658891247,116.0835099333243,116.07864594314486,116.05073928081367,115.60603712645748,107.73188586231744,106.87785741806618,106.35058865808296,106.43036900833228,108.6282281271412
120.0,120.0,120.0,120.0,120.0,120.0,120.0,120.0,120.0,120.0,116.12330323179545,116.1101972634183,116.10152030724551,116.095499758535,116.09089924010401,116.08685658891247,116.0835099333243,116.07864594314486,116.05073928081367,115.60603712645748,107.73188586231744,106.87785741806618,106.35058865808296,106.43036900833228,108.6282281271412
120.0,120.0,120.0,120.0,120.0,120.0,120.0,120.0,120.0,120.0,116.12330323179545,116.1101972634183,116.10152030724551,116.095499758535,116.09089924010401,116.08685658891247,116.0835099333243,116.07864594314486,116.05073928081367,115.60603712645748,107.73188586231744,106.87785741806618,106.35058865808296,106.43036900833228,108.6282281271412
120.0,120.0,120.0,120.0,120.0,120.0,120.0,120.0,120.0,120.0,116.12330323179545,116.1101972634183,116.10152030724551,116.095499758535,116.09089924010401,116.08685658891247,116.0835099333243,116.07864594314486,116.05073928081367,115.60603712645748,107.73188586231744,106.87785741806618,106.35058865808296,106.43036900833228,108.6282281271412
120.0,120.0,120.0,120.0,120.0,120.0,120.0,120.0,120.0,120.0,116.12330323179545,116.1101972634183,116.10152030724551,116.095499758535,116.09089924010401,116.08685658891247,116.0835099333243,116.07864594314486,116.05073928081367,115.60603712645748,107.73188586231744,106.87785741806618,106.35058865808296,106.43036900833228,108.6282281271412
120.0,120.0,120.0,120.0,120.0,120.0,120.0,120.0,120.0,120.0,116.12330323179545,116.1101972634183,116.10152030724551,116.095499758535,116.09089924010401,116.08685658891247,116.0835099333243,116.07864594314486,116.05073928081367,115.60603712645748,107.73188586231744,106.87785741806618,106.35058865808296,106.43036900833228,108.6282281271412
120.0,120.0,120.0,120.0,120.0,120.0,120.0,120.0,120.0,120.0,116.12330323179545,116.1101972634183,116.10152030724551,116.095499758535,116.09089924010401,116.08685658891247,116.0835099333243,116.07864594314486,116.05073928081367,115.60603712645748,107.73188586231744,106.87785741806618,106.35058865808296,106.43036900833228,108.6282281271412
120.0,120.0,120.0,120.0,120.0,120.0,120.0,120.0,120.0,120.0,108.55110608772438,108.55111395176682,108.55114968012671,108.55118247041736,108.55121729262,108.5512407801405,116.09390535673323,116.09090105788054,116.06537488688623,115.62968183869519,107.85668343776686,84.43980838099372,106.54722564059638,106.61879879379816,108.7525512933482
120.0,120.0,120.0,120.0,120.0,120.0,120.0,120.0,120.0,120.0,108.55110608772438,108.55111395176682,108.55114968012671,108.55118247041736,108.55121729262,108.5512407801405,116.09390535673323,116.09090105788054,116.06537488688623,115.62968183869519,107.85668343776686,84.43980838099372,106.54722564059638,106.61879879379816,108.7525512933482
120.0,120.0,120.0,120.0,120.0,120.0,120.0,120.0,120.0,120.0,108.55110608772438,108.55111395176682,108.55114968012671,108.55118247041736,108.55121729262,108.5512407801405,116.09390535673323,116.09090105788054,116.06537488688623,115.62968183869519,107.85668343776686,84.43980838099372,106.54722564059638,106.61879879379816,108.7525512933482
120.0,120.0,120.0,120.0,120.0,120.0,120.0,120.0,120.0,120.0,108.55110608772438,108.55111395176682,108.55114968012671,108.55118247041736,108.55121729262,108.5512407801405,116.09390535673323,116.09090105788054,116.06537488688623,115.62968183869519,107.85668343776686,84.43980838099372,106.54722564059638,106.61879879379816,108.7525512933482
120.0,120.0,120.0,120.0,120.0,120.0,120.0,120.0,120.0,120.0,108.55110608772438,108.55111395176682,108.55114968012671,108.55118247041736,108.55121729262,108.5512407801405,116.09390535673323,116.09090105788054,116.06537488688623,115.62968183869519,107.85668343776686,84.43980838099372,106.54722564059638,106.61879879379816,108.7525512933482
120.0,120.0,120.0,120.0,120.0,120.0,120.0,120.0,120.0,120.0,108.55110608772438,108.55111395176682,108.55114968012671,108.55118247041736,108.55121729262,108.5512407801405,116.09390535673323,116.09090105788054,116.06537488688623,115.62968183869519,107.85668343776686,84.43980838099372,106.54722564059638,106.61879879379816,108.7525512933482
120.0,120.0,120.0,120.0,120.0,120.0,120.0,120.0,120.0,120.0,108.55110608772438,108.55111395176682,108.55114968012671,108.55118247041736,108.55121729262,108.5512407801405,116.09390535673323,116.09090105788054,116.06537488688623,115.62968183869519,107.85668343776686,84.43980838099372,106.54722564059638,106.61879879379816,108.7525512933482
120.0,120.0,120.0,120.0,120.0,120.0,120.0,120.0,120.0,120.0,108.55110608772438,108.55111395176682,108.55114968012671,108.55118247041736,108.55121729262,108.5512407801405,116.09390535673323,116.09090105788054,116.06537488688623,115.62968183869519,107.85668343776686,84.43980838099372,106.54722564059638,106.61879879379816,108.7525512933482
120.0,120.0,120.0,120.0,120.0,120.0,120.0,120.0,120.0,120.0,108.55110608772438,108.55111395176682,108.55114968012671,108.55118247041736,108.55121729262,108.5512407801405,116.09390535673323,116.09090105788054,116.06537488688623,115.62968183869519,107.85668343776686,84.43980838099372,106.54722564059638,106.61879879379816,108.7525512933482
120.0,120.0,120.0,120.0,120.0,120.0,120.0,120.0,120.0,120.0,108.55110608772438,108.55111395176682,108.55114968012671,108.55118247041736,108.55121729262,108.5512407801405,116.09390535673323,116.09090105788054,116.06537488688623,115.62968183869519,107.85668343776686,84.43980838099372,106.54722564059638,106.61879879379816,108.7525512933482
120.0,120.0,120.0,120.0,120.0,120.0,120.0,120.0,120.0,120.0,108.55110608772438,108.55111395176682,108.55114968012671,108.55118247041736,108.55121729262,108.5512407801405,116.09390535673323,116.09090105788054,116.06537488688623,115.62968183869519,107.85668343776686,84.43980838099372,106.54722564059638,106.61879879379816,108.7525512933482
120.0,120.0,120.0,120.0,120.0,120.0,120.0,120.0,120.0,120.0,108.55110608772438,108.55111395176682,108.55114968012671,108.55118247041736,108.55121729262,108.5512407801405,116.09390535673323,116.09090105788054,116.06537488688623,115.62968183869519,107.85668343776686,84.43980838099372,106.54722564059638,106.61879879379816,108.7525512933482
120.0,120.0,120.0,120.0,120.0,120.0,120.0,120.0,120.0,120.0,108.55110608772438,108.55111395176682,108.55114968012671,108.55118247041736,108.55121729262,108.5512407801405,116.09390535673323,116.09090105788054,116.06537488688623,115.62968183869519,107.85668343776686,84.43980838099372,106.54722564059638,106.61879879379816,108.7525512933482
120.0,120.0,120.0,120.0,120.0,120.0,120.0,120.0,120.0,120.0,108.55110608772438,108.55111395176682,108.55114968012671,108.55118247041736,108.55121729262,108.5512407801405,116.09390535673323,116.09090105788054,116.06537488688623,115.62968183869519,107.85668343776686,84.43980838099372,106.54722564059638,106.61879879379816,108.7525512933482
120.0,120.0,120.0,120.0,120.0,120.0,120.0,120.0,120.0,120.0,108.55110608772438,108.55111395176682,108.55114968012671,108.55118247041736,108.55121729262,108.5512407801405,116.09390535673323,116.09090105788054,116.06537488688623,115.62968183869519,107.85668343776686,84.43980838099372,106.54722564059638,106.61879879379816,108.7525512933482
120.0,120.0,120.0,120.0,120.0,120.0,120.0,120.0,120.0,120.0,108.55110608772438,108.55111395176682,108.55114968012671,108.55118247041736,108.55121729262,108.5512407801405,116.09390535673323,116.09090105788054,116.06537488688623,115.62968183869519,107.85668343776686,84.43980838099372,106.54722564059638,106.61879879379816,108.7525512933482
120.0,120.0,120.0,120.0,120.0,120.0,120.0,120.0,120.0,120.0,108.55110608772438,108.55111395176682,108.55114968012671,108.55118247041736,108.55121729262,108.5512407801405,116.09390535673323,116.09090105788054,116.06537488688623,115.62968183869519,107.85668343776686,84.43980838099372,106.54722564059638,106.61879879379816,108.7525512933482
120.0,120.0,120.0,120.0,120.0,120.0,120.0,120.0,120.0,120.0,108.55110608772438,108.55111395176682,108.55114968012671,108.55118247041736,108.55121729262,108.5512407801405,116.09390535673323,116.09090105788054,116.06537488688623,115.62968183869519,107.85668343776686,84.43980838099372,106.54722564059638,106.61879879379816,108.7525512933482
120.0,120.0,120.0,120.0,120.0,120.0,120.0,120.0,120.0,120.0,108.55104802469548,108.55107507643233,108.55110540224716,108.55113595145586,108.55116721219818,108.5511907003252,116.09365719012143,116.0923002095991,116.06769161569653,115.63299850183711,107.8847590342134,84.43982528861629,106.59348816115836,106.66138728066447,108.76823125136231
120.0,120.0,120.0,120.0,120.0,120.0,120.0,120.0,120.0,120.0,108.55104802469548,108.55107507643233,108.55110540224716,108.55113595145586,108.55116721219818,108.5511907003252,116.09365719012143,116.0923002095991,116.06769161569653,115.63299850183711,107.8847590342134,84.43982528861629,106.59348816115836,106.66138728066447,108.76823125136231
120.0,120.0,120.0,120.0,120.0,120.0,120.0,120.0,120.0,120.0,108.55104802469548,108.55107507643233,108.55110540224716,108.55113595145586,108.55116721219818,108.5511907003252,116.09365719012143,116.0923002095991,116.06769161569653,115.63299850183711,107.8847590342134,84.43982528861629,106.59348816115836,106.66138728066447,108.76823125136231
120.0,120.0,120.0,120.0,120.0,120.0,120.0,120.0,120.0,120.0,108.55104802469548,108.55107507643233,108.55110540224716,108.55113595145586,108.55116721219818,108.5511907003252,116.09365719012143,116.0923002095991,116.06769161569653,115.63299850183711,107.8847590342134,84.43982528861629,106.59348816115836,106.66138728066447,108.76823125136231
120.0,120.0,120.0,120.0,120.0,120.0,120.0,120.0,120.0,120.0,108.55104802469548,108.55107507643233,108.55110540224716,108.55113595145586,108.55116721219818,108.5511907003252,116.09365719012143,116.0923002095991,116.06769161569653,115.63299850183711,107.8847590342134,84.43982528861629,106.59348816115836,106.66138728066447,108.76823125136231
120.0,120.0,120.0,120.0,120.0,120.0,120.0,120.0,120.0,120.0,108.55104802469548,108.55107507643233,108.55110540224716,108.55113595145586,108.55116721219818,108.5511907003252,116.09365719012143,116.0923002095991,116.06769161569653,115.63299850183711,107.8847590342134,84.43982528861629,106.59348816115836,106.66138728066447,108.76823125136231
120.0,120.0,120.0,120.0,120.0,120.0,120.0,120.0,120.0,120.0,108.55104802469548,108.55107507643233,108.55110540224716,108.55113595145586,108.55116721219818,108.5511907003252,116.09365719012143,116.0923002095991,116.06769161569653,115.63299850183711,107.8847590342134,84.43982528861629,106.59348816115836,106.66138728066447,108.76823125136231
120.0,120.0,120.0,120.0,120.0,120.0,120.0,120.0,120.0,120.0,108.55104802469548,108.55107507643233,108.55110540224716,108.55113595145586,108.55116721219818,108.5511907003252,116.09365719012143,116.0923002095991,116.06769161569653,115.63299850183711,107.8847590342134,84.43982528861629,106.59348816115836,106.66138728066447,108.76823125136231
120.0,120.0,120.0,120.0,120.0,120.0,120.0,120.0,120.0,120.0,108.55104802469548,108.55107507643233,108.55110540224716,108.55113595145586,108.55116721219818,108.5511907003252,116.09365719012143,116.0923002095991,116.06769161569653,115.63299850183711,107.8847590342134,84.43982528861629,106.59348816115836,106.66138728066447,108.76823125136231
120.0,120.0,120.0,120.0,120.0,120.0,120.0,120.0,120.0,120.0,108.55104802469548,108.55107507643233,108.55110540224716,108.55113595145586,108.55116721219818,108.5511907003252,116.09365719012143,116.0923002095991,116.06769161569653,115.63299850183711,107.8847590342134,84.43982528861629,106.59348816115836,106.66138728066447,108.76823125136231
120.0,120.0,120.0,120.0,120.0,120.0,120.0,120.0,120.0,120.0,108.55104802469548,108.55107507643233,108.55110540224716,108.55113595145586,108.55116721219818,108.5511907003252,116.09365719012143,116.0923002095991,116.06769161569653,115.63299850183711,107.8847590342134,84.43982528861629,106.59348816115836,106.66138728066447,108.76823125136231
120.0,120.0,120.0,120.0,120.0,120.0,120.0,120.0,120.0,120.0,108.55104802469548,108.55107507643233,108.55110540224716,108.55113595145586,108.55116721219818,108.5511907003252,116.09365719012143,116.0923002095991,116.06769161569653,115.63299850183711,107.8847590342134,84.43982528861629,106.59348816115836,106.66138728066447,108.76823125136231
120.0,120.0,120.0,120.0,120.0,120.0,120.0,120.0,120.0,120.0,108.55104802469548,108.55107507643233,108.55110540224716,108.55113595145586,108.55116721219818,108.5511907003252,116.09365719012143,116.0923002095991,116.06769161569653,115.63299850183711,107.8847590342134,84.43982528861629,106.59348816115836,106.66138728066447,108.76823125136231
120.0,120.0,120.0,120.0,120.0,120.0,120.0,120.0,120.0,120.0,108.55104802469548,108.55107507643233,108.55110540224716,108.55113595145586,108.55116721219818,108.5511907003252,116.09365719012143,116.0923002095991,116.06769161569653,115.63299850183711,107.8847590342134,84.43982528861629,106.59348816115836,106.66138728066447,108.76823125136231
120.0,120.0,120.0,120.0,120.0,120.0,120.0,120.0,120.0,120.0,108.55104802469548,108.55107507643233,108.55110540224716,108.55113595145586,108.55116721219818,108.5511907003252,116.09365719012143,116.0923002095991,116.06769161569653,115.63299850183711,107.8847590342134,84.43982528861629,106.59348816115836,106.66138728066447,108.76823125136231
120.0,120.0,120.0,120.0,120.0,120.0,120.0,120.0,120.0,120.0,108.55104802469548,108.55107507643233,108.55110540224716,108.55113595145586,108.55116721219818,108.5511907003252,116.09365719012143,116.0923002095991,116.06769161569653,115.63299850183711,107.8847590342134,84.43982528861629,106.59348816115836,106.66138728066447,108.76823125136231
120.0,120.0,120.0,120.0,120.0,120.0,120.0,120.0,120.0,120.0,108.55104802469548,108.55107507643233,108.55110540224716,108.55113595145586,108.55116721219818,108.5511907003252,116.09365719012143,116.0923002095991,116.06769161569653,115.63299850183711,107.8847590342134,84.43982528861629,106.59348816115836,106.66138728066447,108.76823125136231
120.0,120.0,120.0,120.0,120.0,120.0,120.0,120.0,120.0,120.0,108.55104802469548,108.55107507643233,108.55110540224716,108.55113595145586,108.55116721219818,108.5511907003252,116.09365719012143,116.0923002095991,116.06769161569653,115.63299850183711,107.8847590342134,84.43982528861629,106.59348816115836,106.66138728066447,108.76823125136231
120.0,120.0,120.0,120.0,120.0,120.0,120.0,120.0,120.0,120.0,108.55101040162909,108.55105052274071,108.55111209749893,108.55113768056725,108.55118647503453,108.55119457119436,108.55100247903512,108.54704047728615,116.06658919438978,115.62982671253027,107.85491279850942,107.04366481988916,106.54264839964536,106.61613053930874,108.75138139953906
120.0,120.0,120.0,120.0,120.0,120.0,120.0,120.0,120.0,120.0,108.55101040162909,108.55105052274071,108.55111209749893,108.55113768056725,108.55118647503453,108.55119457119436,108.55100247903512,108.54704047728615,116.06658919438978,115.62982671253027,107.85491279850942,107.04366481988916,106.54264839964536,106.61613053930874,108.75138139953906
120.0,120.0,120.0,120.0,120.0,120.0,120.0,120.0,120.0,120.0,108.55101040162909,108.55105052274071,108.55111209749893,108.55113768056725,108.55118647503453,108.55119457119436,108.55100247903512,108.54704047728615,116.06658919438978,115.62982671253027,107.85491279850942,107.04366481988916,106.54264839964536,106.61613053930874,108.75138139953906
120.0,120.0,120.0,120.0,120.0,120.0,120.0,120.0,120.0,120.0,108.55101040162909,108.55105052274071,108.55111209749893,108.55113768056725,108.55118647503453,108.55119457119436,108.55100247903512,108.54704047728615,116.06658919438978,115.62982671253027,107.85491279850942,107.04366481988916,106.54264839964536,106.61613053930874,108.75138139953906
120.0,120.0,120.0,120.0,120.0,120.0,120.0,120.0,120.0,120.0,108.55101040162909,108.55105052274071,108.55111209749893,108.55113768056725,108.55118647503453,108.55119457119436,108.55100247903512,108.54704047728615,116.06658919438978,115.62982671253027,107.85491279850942,107.04366481988916,106.54264839964536,106.61613053930874,108.75138139953906
120.0,120.0,120.0,120.0,120.0,120.0,120.0,120.0,120.0,120.0,108.55101040162909,108.55105052274071,108.55111209749893,108.55113768056725,108.55118647503453,108.55119457119436,108.55100247903512,108.54704047728615,116.06658919438978,115.62982671253027,107.85491279850942,107.04366481988916,106.54264839964536,106.61613053930874,108.75138139953906
120.0,120.0,120.0,120.0,120.0,120.0,120.0,120.0,120.0,120.0,108.55101040162909,108.55105052274071,108.55111209749893,108.55113768056725,108.55118647503453,108.55119457119436,108.55100247903512,108.54704047728615,116.06658919438978,115.62982671253027,107.85491279850942,107.04366481988916,106.54264839964536,106.61613053930874,108.75138139953906
120.0,120.0,120.0,120.0,120.0,120.0,120.0,120.0,120.0,120.0,108.55101040162909,108.55105052274071,108.55111209749893,108.55113768056725,108.55118647503453,108.55119457119436,108.55100247903512,108.54704047728615,116.06658919438978,115.62982671253027,107.85491279850942,107.04366481988916,106.54264839964536,106.61613053930874,108.75138139953906
120.0,120.0,120.0,120.0,120.0,120.0,120.0,120.0,120.0,120.0,108.55101040162909,108.55105052274071,108.55111209749893,108.55113768056725,108.55118647503453,108.55119457119436,108.55100247903512,108.54704047728615,116.06658919438978,115.62982671253027,107.85491279850942,107.04366481988916,106.54264839964536,106.61613053930874,108.75138139953906
120.0,120.0,120.0,120.0,120.0,120.0,120.0,120.0,120.0,120.0,108.55101040162909,108.55105052274071,108.55111209749893,108.55113768056725,108.55118647503453,108.55119457119436,108.55100247903512,108.54704047728615,116.06658919438978,115.62982671253027,107.85491279850942,107.04366481988916,106.54264839964536,106.61613053930874,108.75138139953906
120.0,120.0,120.0,120.0,120.0,120.0,120.0,120.0,120.0,120.0,108.55101040162909,108.55105052274071,108.55111209749893,108.55113768056725,108.55118647503453,108.55119457119436,108.55100247903512,108.54704047728615,116.06658919438978,115.62982671253027,107.85491279850942,107.04366481988916,106.54264839964536,106.61613053930874,108.75138139953906
120.0,120.0,120.0,120.0,120.0,120.0,120.0,120.0,120.0,120.0,108.55101040162909,108.55105052274071,108.55111209749893,108.55113768056725,108.55118647503453,108.55119457119436,108.55100247903512,108.54704047728615,116.06658919438978,115.62982671253027,107.85491279850942,107.04366481988916,106.54264839964536,106.61613053930874,108.75138139953906
120.0,120.0,120.0,120.0,120.0,120.0,120.0,120.0,120.0,120.0,108.55101040162909,108.55105052274071,108.55111209749893,108.55113768056725,108.55118647503453,108.55119457119436,108.55100247903512,108.54704047728615,116.06658919438978,115.62982671253027,107.85491279850942,107.04366481988916,106.54264839964536,106.61613053930874,108.75138139953906
120.0,120.0,120.0,120.0,120.0,120.0,120.0,120.0,120.0,120.0,108.55101040162909,108.55105052274071,108.55111209749893,108.55113768056725,108.55118647503453,108.55119457119436,108.55100247903512,108.54704047728615,116.06658919438978,115.62982671253027,107.85491279850942,107.04366481988916,106.54264839964536,106.61613053930874,108.75138139953906
120.0,120.0,120.0,120.0,120.0,120.0,120.0,120.0,120.0,120.0,108.55101040162909,108.55105052274071,108.55111209749893,108.55113768056725,108.55118647503453,108.55119457119436,108.55100247903512,108.54704047728615,116.06658919438978,115.62982671253027,107.85491279850942,107.04366481988916,106.54264839964536,106.61613053930874,108.75138139953906
120.0,120.0,120.0,120.0,120.0,120.0,120.0,120.0,120.0,120.0,108.55101040162909,108.55105052274071,108.55111209749893,108.55113768056725,108.55118647503453,108.55119457119436,108.55100247903512,108.54704047728615,116.06658919438978,115.62982671253027,107.85491279850942,107.04366481988916,106.54264839964536,106.61613053930874,108.75138139953906
120.0,120.0,120.0,120.0,120.0,120.0,120.0,120.0,120.0,120.0,108.55101040162909,108.55105052274071,108.55111209749893,108.55113768056725,108.55118647503453,108.55119457119436,108.55100247903512,108.54704047728615,116.06658919438978,115.62982671253027,107.85491279850942,107.04366481988916,106.54264839964536,106.61613053930874,108.75138139953906
120.0,120.0,120.0,120.0,120.0,120.0,120.0,120.0,120.0,120.0,108.55101040162909,108.55105052274071,108.55111209749893,108.55113768056725,108.55118647503453,108.55119457119436,108.55100247903512,108.54704047728615,116.06658919438978,115.62982671253027,107.85491279850942,107.04366481988916,106.54264839964536,106.61613053930874,108.75138139953906
120.0,120.0,120.0,120.0,120.0,120.0,120.0,120.0,120.0,120.0,108.55111691791679,108.55110415313924,108.5511139216593,108.55113756628285,108.55118295186236,108.55119158300346,108.55099603386755,108.54702997675984,116.06215547402556,115.61807997682088,107.82032991412132,107.0060804663324,106.50830048120245,106.58989890272971,108.73529593236596
120.0,120.0,120.0,120.0,120.0,120.0,120.0,120.0,120.0,120.0,108.55111691791679,108.55110415313924,108.5511139216593,108.55113756628285,108.55118295186236,108.55119158300346,108.55099603386755,108.54702997675984,116.06215547402556,115.61807997682088,107.82032991412132,107.0060804663324,106.50830048120245,106.58989890272971,108.73529593236596
120.0,120.0,120.0,120.0,120.0,120.0,120.0,120.0,120.0,120.0,108.55111691791679,108.55110415313924,108.5511139216593,108.55113756628285,108.55118295186236,108.55119158300346,108.55099603386755,108.54702997675984,116.06215547402556,115.61807997682088,107.82032991412132,107.0060804663324,106.50830048120245,106.58989890272971,108.73529593236596
120.0,120.0,120.0,120.0,120.0,120.0,120.0,120.0,120.0,120.0,108.55111691791679,108.55110415313924,108.5511139216593,108.55113756628285,108.55118295186236,108.55119158300346,108.55099603386755,108.54702997675984,116.06215547402556,115.61807997682088,107.82032991412132,107.0060804663324,106.50830048120245,106.58989890272971,108.73529593236596
120.0,120.0,120.0,120.0,120.0,120.0,120.0,120.0,120.0,120.0,108.55111691791679,108.55110415313924,108.5511139216593,108.55113756628285,108.55118295186236,108.55119158300346,108.55099603386755,108.54702997675984,116.06215547402556,115.61807997682088,107.82032991412132,107.0060804663324,106.50830048120245,106.58989890272971,108.73529593236596
120.0,120.0,120.0,120.0,120.0,120.0,120.0,120.0,120.0,120.0,108.55111691791679,108.55110415313924,108.5511139216593,108.55113756628285,108.55118295186236,108.55119158300346,108.55099603386755,108.54702997675984,116.06215547402556,115.61807997682088,107.82032991412132,107.0060804663324,106.50830048120245,106.58989890272971,108.73529593236596
120.0,120.0,120.0,120.0,120.0,120.0,120.0,120.0,120.0,120.0,108.55111691791679,108.55110415313924,108.5511139216593,108.55113756628285,108.55118295186236,108.55119158300346,108.55099603386755,108.54702997675984,116.06215547402556,115.61807997682088,107.82032991412132,107.0060804663324,106.50830048120245,106.58989890272971,108.73529593236596
120.0,120.0,120.0,120.0,120.0,120.0,120.0,120.0,120.0,120.0,108.55111691791679,108.55110415313924,108.5511139216593,108.55113756628285,108.55118295186236,108.55119158300346,108.55099603386755,108.54702997675984,116.06215547402556,115.61807997682088,107.82032991412132,107.0060804663324,106.50830048120245,106.58989890272971,108.73529593236596
120.0,120.0,120.0,120.0,120.0,120.0,120.0,120.0,120.0,120.0,108.55111691791679,108.55110415313924,108.5511139216593,108.55113756628285,108.55118295186236,108.55119158300346,108.55099603386755,108.54702997675984,116.06215547402556,115.61807997682088,107.82032991412132,107.0060804663324,106.50830048120245,106.58989890272971,108.73529593236596
120.0,120.0,120.0,120.0,120.0,120.0,120.0,120.0,120.0,120.0,108.55111691791679,108.55110415313924,108.5511139216593,108.55113756628285,108.55118295186236,108.55119158300346,108.55099603386755,108.54702997675984,116.06215547402556,115.61807997682088,107.82032991412132,107.0060804663324,106.50830048120245,106.58989890272971,108.73529593236596
120.0,120.0,120.0,120.0,120.0,120.0,120.0,120.0,120.0,120.0,108.55111691791679,108.55110415313924,108.5511139216593,108.55113756628285,108.55118295186236,108.55119158300346,108.55099603386755,108.54702997675984,116.06215547402556,115.61807997682088,107.82032991412132,107.0060804663324,106.50830048120245,106.58989890272971,108.73529593236596
120.0,120.0,120.0,120.0,120.0,120.0,120.0,120.0,120.0,120.0,108.55111691791679,108.55110415313924,108.5511139216593,108.55113756628285,108.55118295186236,108.55119158300346,108.55099603386755,108.54702997675984,116.06215547402556,115.61807997682088,107.82032991412132,107.0060804663324,106.50830048120245,106.58989890272971,108.73529593236596
120.0,120.0,120.0,120.0,120.0,120.0,120.0,120.0,120.0,120.0,108.55111691791679,108.55110415313924,108.5511139216593,108.55113756628285,108.55118295186236,108.55119158300346,108.55099603386755,108.54702997675984,116.06215547402556,115.61807997682088,107.82032991412132,107.0060804663324,106.50830048120245,106.58989890272971,108.73529593236596
120.0,120.0,120.0,120.0,120.0,120.0,120.0,120.0,120.0,120.0,108.55111691791679,108.55110415313924,108.5511139216593,108.55113756628285,108.55118295186236,108.55119158300346,108.55099603386755,108.54702997675984,116.06215547402556,115.61807997682088,107.82032991412132,107.0060804663324,106.50830048120245,106.58989890272971,108.73529593236596
120.0,120.0,120.0,120.0,120.0,120.0,120.0,120.0,120.0,120.0,108.5511169179168,108.55110415313924,108.5511139216593,108.55113756628285,108.55118295186236,108.55119158300346,108.55099603386755,108.54702997675984,116.06215547402556,115.61807997682088,107.82032991412132,107.0060804663324,106.50830048120245,106.58989890272971,108.73529593236596
120.0,120.0,120.0,120.0,120.0,120.0,120.0,120.0,120.0,120.0,108.5511169179168,108.55110415313924,108.5511139216593,108.55113756628285,108.55118295186236,108.55119158300346,108.55099603386755,108.54702997675984,116.06215547402556,115.61807997682088,107.82032991412132,107.0060804663324,106.50830048120245,106.58989890272971,108.73529593236596
120.0,120.0,120.0,120.0,120.0,120.0,120.0,120.0,120.0,120.0,108.5511169179168,108.55110415313924,108.5511139216593,108.55113756628285,108.55118295186236,108.55119158300346,108.55099603386755,108.54702997675984,116.06215547402556,115.61807997682088,107.82032991412132,107.0060804663324,106.50830048120245,106.58989890272971,108.73529593236596
120.0,120.0,120.0,120.0,120.0,120.0,120.0,120.0,120.0,120.0,108.5511169179168,108.55110415313924,108.5511139216593,108.55113756628285,108.55118295186236,108.55119158300346,108.55099603386755,108.54702997675984,116.06215547402556,115.61807997682088,107.82032991412132,107.0060804663324,106.50830048120245,106.58989890272971,108.73529593236596
120.0,120.0,120.0,120.0,120.0,120.0,120.0,120.0,120.0,120.0,108.55107346206307,108.55107335626913,108.5511048303136,108.55113472736832,108.55116808687913,108.55119054021684,108.55099876780511,108.54703429912561,108.47672162848897,107.23867215279779,86.45478126298947,107.03815021661671,106.53120591208781,106.60344538362811,108.74121782812774
120.0,120.0,120.0,120.0,120.0,120.0,120.0,120.0,120.0,120.0,108.55107346206307,108.55107335626913,108.5511048303136,108.55113472736832,108.55116808687913,108.55119054021684,108.55099876780511,108.54703429912561,108.47672162848897,107.23867215279779,86.45478126298947,107.03815021661671,106.53120591208781,106.60344538362811,108.74121782812774
120.0,120.0,120.0,120.0,120.0,120.0,120.0,120.0,120.0,120.0,108.55107346206307,108.55107335626913,108.5511048303136,108.55113472736832,108.55116808687913,108.55119054021684,108.55099876780511,108.54703429912561,108.47672162848897,107.23867215279779,86.45478126298947,107.03815021661671,106.53120591208781,106.60344538362811,108.74121782812774
120.0,120.0,120.0,120.0,120.0,120.0,120.0,120.0,120.0,120.0,108.55107346206307,108.55107335626913,108.5511048303136,108.55113472736832,108.55116808687913,108.55119054021684,108.55099876780511,108.54703429912561,108.47672162848897,107.23867215279779,86.45478126298947,107.03815021661671,106.53120591208781,106.60344538362811,108.74121782812774
120.0,120.0,120.0,120.0,120.0,120.0,120.0,120.0,120.0,120.0,108.55107346206307,108.55107335626913,108.5511048303136,108.55113472736832,108.55116808687913,108.55119054021684,108.55099876780511,108.54703429912561,108.47672162848897,107.23867215279779,86.45478126298947,107.03815021661671,106.53120591208781,106.60344538362811,108.74121782812774
120.0,120.0,120.0,120.0,120.0,120.0,120.0,120.0,120.0,120.0,108.55107346206307,108.55107335626913,108.5511048303136,108.55113472736832,108.55116808687913,108.55119054021684,108.55099876780511,108.54703429912561,108.47672162848897,107.23867215279779,86.45478126298947,107.03815021661671,106.53120591208781,106.60344538362811,108.74121782812774
120.0,120.0,120.0,120.0,120.0,120.0,120.0,120.0,120.0,120.0,108.55107346206307,108.55107335626913,108.5511048303136,108.55113472736832,108.55116808687913,108.55119054021684,108.55099876780511,108.54703429912561,108.47672162848897,107.23867215279779,86.45478126298947,107.03815021661671,106.53120591208781,106.60344538362811,108.74121782812774
120.0,120.0,120.0,120.0,120.0,120.0,120.0,120.0,120.0,120.0,108.55107346206307,108.55107335626913,108.5511048303136,108.55113472736832,108.55116808687913,108.55119054021684,108.55099876780511,108.54703429912561,108.47672162848897,107.23867215279779,86.45478126298947,107.03815021661671,106.53120591208781,106.60344538362811,108.74121782812774
120.0,120.0,120.0,120.0,120.0,120.0,120.0,120.0,120.0,120.0,108.55107346206307,108.55107335626913,108.5511048303136,108.55113472736832,108.55116808687913,108.55119054021684,108.55099876780511,108.54703429912561,108.47672162848897,107.23867215279779,86.45478126298947,107.03815021661671,106.53120591208781,106.60344538362811,108.74121782812774
120.0,120.0,120.0,120.0,120.0,120.0,120.0,120.0,120.0,120.0,108.55107346206307,108.55107335626913,108.5511048303136,108.55113472736832,108.55116808687913,108.55119054021684,108.55099876780511,108.54703429912561,108.47672162848897,107.23867215279779,86.45478126298947,107.03815021661671,106.53120591208781,106.60344538362811,108.74121782812774
120.0,120.0,120.0,120.0,120.0,120.0,120.0,120.0,120.0,120.0,108.55107346206307,108.55107335626913,108.5511048303136,108.55113472736832,108.55116808687913,108.55119054021684,108.55099876780511,108.54703429912561,108.47672162848897,107.23867215279779,86.45478126298947,107.03815021661671,106.53120591208781,106.60344538362811,108.74121782812774
120.0,120.0,120.0,120.0,120.0,120.0,120.0,120.0,120.0,120.0,108.55107346206307,108.55107335626913,108.5511048303136,108.55113472736832,108.55116808687913,108.55119054021684,108.55099876780511,108.54703429912561,108.47672162848897,107.23867215279779,86.45478126298947,107.03815021661671,106.53120591208781,106.60344538362811,108.74121782812774
120.0,120.0,120.0,120.0,120.0,120.0,120.0,120.0,120.0,120.0,108.55107346206307,108.55107335626913,108.5511048303136,108.55113472736832,108.55116808687913,108.55119054021684,108.55099876780511,108.54703429912561,108.47672162848897,107.23867215279779,86.45478126298947,107.03815021661671,106.53120591208781,106.60344538362811,108.74121782812774
120.0,120.0,120.0,120.0,120.0,120.0,120.0,120.0,120.0,120.0,108.55107346206307,108.55107335626913,108.5511048303136,108.55113472736832,108.55116808687913,108.55119054021684,108.55099876780511,108.54703429912561,108.47672162848897,107.23867215279779,86.45478126298947,107.03815021661671,106.53120591208781,106.60344538362811,108.74121782812774
120.0,120.0,120.0,120.0,120.0,120.0,120.0,120.0,120.0,120.0,108.55107346206307,108.55107335626913,108.5511048303136,108.55113472736832,108.55116808687913,108.55119054021684,108.55099876780511,108.54703429912561,108.47672162848897,107.23867215279779,86.45478126298947,107.03815021661671,106.53120591208781,106.60344538362811,108.74121782812774
120.0,120.0,120.0,120.0,120.0,120.0,120.0,120.0,120.0,120.0,108.55107346206307,108.55107335626913,108.5511048303136,108.55113472736832,108.55116808687913,108.55119054021684,108.55099876780511,108.54703429912561,108.47672162848897,107.23867215279779,86.45478126298947,107.03815021661671,106.53120591208781,106.60344538362811,108.74121782812774
120.0,120.0,120.0,120.0,120.0,120.0,120.0,120.0,120.0,120.0,108.55107346206307,108.55107335626913,108.5511048303136,108.55113472736832,108.55116808687913,108.55119054021684,108.55099876780511,108.54703429912561,108.47672162848897,107.23867215279779,86.45478126298947,107.03815021661671,106.53120591208781,106.60344538362811,108.74121782812774
120.0,120.0,120.0,120.0,120.0,120.0,120.0,120.0,120.0,120.0,108.55107346206307,108.55107335626913,108.5511048303136,108.55113472736832,108.55116808687913,108.55119054021684,108.55099876780511,108.54703429912561,108.47672162848897,107.23867215279779,86.45478126298947,107.03815021661671,106.53120591208781,106.60344538362811,108.74121782812774
120.0,120.0,120.0,120.0,120.0,120.0,120.0,120.0,120.0,120.0,108.5510730313316,108.55107818225044,108.55110937494374,108.55113864602797,108.55116951266291,108.55118945501735,108.55099799798043,108.54703098677057,108.47671229951501,107.23865682238073,86.45473830613984,107.05328119101509,106.55054295288687,106.62157213739489,108.75437955680607
120.0,120.0,120.0,120.0,120.0,120.0,120.0,120.0,120.0,120.0,108.5510730313316,108.55107818225044,108.55110937494374,108.55113864602797,108.55116951266291,108.55118945501735,108.55099799798043,108.54703098677057,108.47671229951501,107.23865682238073,86.45473830613984,107.05328119101509,106.55054295288687,106.62157213739489,108.75437955680607
120.0,120.0,120.0,120.0,120.0,120.0,120.0,120.0,120.0,120.0,108.5510730313316,108.55107818225044,108.55110937494374,108.55113864602797,108.55116951266291,108.55118945501735,108.55099799798043,108.54703098677057,108.47671229951501,107.23865682238073,86.45473830613984,107.05328119101509,106.55054295288687,106.62157213739489,108.75437955680607
120.0,120.0,120.0,120.0,120.0,120.0,120.0,120.0,120.0,120.0,108.5510730313316,108.55107818225044,108.55110937494374,108.55113864602797,108.55116951266291,108.55118945501735,108.55099799798043,108.54703098677057,108.47671229951501,107.23865682238073,86.45473830613984,107.05328119101509,106.55054295288687,106.62157213739489,108.75437955680607
120.0,120.0,120.0,120.0,120.0,120.0,120.0,120.0,120.0,120.0,108.5510730313316,108.55107818225044,108.55110937494374,108.55113864602797,108.55116951266291,108.55118945501735,108.55099799798043,108.54703098677057,108.47671229951501,107.23865682238073,86.45473830613984,107.05328119101509,106.55054295288687,106.62157213739489,108.75437955680607
120.0,120.0,120.0,120.0,120.0,120.0,120.0,120.0,120.0,120.0,108.5510730313316,108.55107818225044,108.55110937494374,108.55113864602797,108.55116951266291,108.55118945501735,108.55099799798043,108.54703098677057,108.47671229951501,107.23865682238073,86.45473830613984,107.05328119101509,106.55054295288687,106.62157213739489,108.75437955680607
120.0,120.0,120.0,120.0,120.0,120.0,120.0,120.0,120.0,120.0,108.5510730313316,108.55107818225044,108.55110937494374,108.55113864602797,108.55116951266291,108.55118945501735,108.55099799798043,108.54703098677057,108.47671229951501,107.23865682238073,86.45473830613984,107.05328119101509,106.55054295288687,106.62157213739489,108.75437955680607
120.0,120.0,120.0,120.0,120.0,120.0,120.0,120.0,120.0,120.0,108.5510730313316,108.55107818225044,108.55110937494374,108.55113864602797,108.55116951266291,108.55118945501735,108.55099799798043,108.54703098677057,108.47671229951501,107.23865682238073,86.45473830613984,107.05328119101509,106.55054295288687,106.62157213739489,108.75437955680607
120.0,120.0,120.0,120.0,120.0,120.0,120.0,120.0,120.0,120.0,108.5510730313316,108.55107818225044,108.55110937494374,108.55113864602797,108.55116951266291,108.55118945501735,108.55099799798043,108.54703098677057,108.47671229951501,107.23865682238073,86.45473830613984,107.05328119101509,106.55054295288687,106.62157213739489,108.75437955680607
120.0,120.0,120.0,120.0,120.0,120.0,120.0,120.0,120.0,120.0,108.5510730313316,108.55107818225044,108.55110937494374,108.55113864602797,108.55116951266291,108.55118945501735,108.55099799798043,108.54703098677057,108.47671229951501,107.23865682238073,86.45473830613984,107.05328119101509,106.55054295288687,106.62157213739489,108.75437955680607
120.0,120.0,120.0,120.0,120.0,120.0,120.0,120.0,120.0,120.0,108.5510730313316,108.55107818225044,108.55110937494374,108.55113864602797,108.55116951266291,108.55118945501735,108.55099799798043,108.54703098677057,108.47671229951501,107.23865682238073,86.45473830613984,107.05328119101509,106.55054295288687,106.62157213739489,108.75437955680607
120.0,120.0,120.0,120.0,120.0,120.0,120.0,120.0,120.0,120.0,108.5510730313316,108.55107818225044,108.55110937494374,108.55113864602797,108.55116951266291,108.55118945501735,108.55099799798043,108.54703098677057,108.47671229951501,107.23865682238073,86.45473830613984,107.05328119101509,106.55054295288687,106.62157213739489,108.75437955680607
120.0,120.0,120.0,120.0,120.0,120.0,120.0,120.0,120.0,120.0,108.5510730313316,108.55107818225044,108.55110937494374,108.55113864602797,108.55116951266291,108.55118945501735,108.55099799798043,108.54703098677057,108.47671229951501,107.23865682238073,86.45473830613984,107.05328119101509,106.55054295288687,106.62157213739489,108.75437955680607
120.0,120.0,120.0,120.0,120.0,120.0,120.0,120.0,120.0,120.0,108.5510730313316,108.55107818225044,108.55110937494374,108.55113864602797,108.55116951266291,108.55118945501735,108.55099799798043,108.54703098677057,108.47671229951501,107.23865682238073,86.45473830613984,107.05328119101509,106.55054295288687,106.62157213739489,108.75437955680607
120.0,120.0,120.0,120.0,120.0,120.0,120.0,120.0,120.0,120.0,108.5510730313316,108.55107818225044,108.55110937494374,108.55113864602797,108.55116951266291,108.55118945501735,108.55099799798043,108.54703098677057,108.47671229951501,107.23865682238073,86.45473830613984,107.05328119101509,106.55054295288687,106.62157213739489,108.75437955680607
120.0,120.0,120.0,120.0,120.0,120.0,120.0,120.0,120.0,120.0,108.5510730313316,108.55107818225044,108.55110937494374,108.55113864602797,108.55116951266291,108.55118945501735,108.55099799798043,108.54703098677057,108.47671229951501,107.23865682238073,86.45473830613984,107.05328119101509,106.55054295288687,106.62157213739489,108.75437955680607
120.0,120.0,120.0,120.0,120.0,120.0,120.0,120.0,120.0,120.0,108.5510730313316,108.55107818225044,108.55110937494374,108.55113864602797,108.55116951266291,108.55118945501735,108.55099799798043,108.54703098677057,108.47671229951501,107.23865682238073,86.45473830613984,107.05328119101509,106.55054295288687,106.62157213739489,108.75437955680607
120.0,120.0,120.0,120.0,120.0,120.0,120.0,120.0,120.0,120.0,108.5510730313316,108.55107818225044,108.55110937494374,108.55113864602797,108.55116951266291,108.55118945501735,108.55099799798043,108.54703098677057,108.47671229951501,107.23865682238073,86.45473830613984,107.05328119101509,106.55054295288687,106.62157213739489,108.75437955680607
